timestamp,wind_dir,wind_speed,wave_height,pressure,air_temp,water_temp
2026-08-10 16:30:00,220.0,6.0,,1022.1,28.7,28.9
2026-08-10 16:20:00,230.0,6.0,0.7,1022.1,28.7,28.9
2026-08-10 16:10:00,230.0,6.0,0.7,1022.2,28.7,28.8
2026-08-10 16:00:00,230.0,5.0,,1022.3,28.7,28.8
2026-08-10 15:50:00,230.0,5.0,0.7,1022.4,28.7,28.8
2026-08-10 15:40:00,230.0,5.0,0.7,1022.4,28.7,28.8
2026-08-10 15:30:00,240.0,5.0,,1022.3,28.7,28.8
2026-08-10 15:20:00,230.0,5.0,0.6,1022.4,28.7,28.8
2026-08-10 15:10:00,230.0,5.0,0.6,1022.4,28.8,
2026-08-10 15:00:00,240.0,5.0,,1022.4,28.8,28.7
2026-08-10 14:50:00,240.0,5.0,0.6,1022.3,28.8,28.7
2026-08-10 14:40:00,230.0,6.0,,1022.3,28.8,28.7
2026-08-10 14:30:00,240.0,5.0,,1022.3,28.7,28.7
2026-08-10 14:20:00,250.0,5.0,0.6,1022.3,28.8,28.7
2026-08-10 14:10:00,240.0,6.0,0.6,1022.1,28.7,28.7
2026-08-10 14:00:00,240.0,6.0,,1022.1,28.7,28.7
2026-08-10 13:50:00,250.0,6.0,0.6,1022.1,28.6,28.7
2026-08-10 13:40:00,250.0,5.0,,1022.0,28.6,28.8
2026-08-10 13:30:00,250.0,6.0,,1021.8,28.6,28.7
2026-08-10 13:20:00,250.0,6.0,0.6,1021.7,28.6,28.7
2026-08-10 13:10:00,250.0,5.0,0.6,1021.6,28.5,28.7
2026-08-10 13:00:00,250.0,5.0,,1021.5,28.6,28.7
2026-08-10 12:50:00,240.0,5.0,0.6,1021.4,28.5,28.7
2026-08-10 12:40:00,240.0,5.0,0.6,1021.3,28.5,28.8
2026-08-10 12:30:00,240.0,6.0,,1021.3,28.5,28.8
2026-08-10 12:20:00,240.0,5.0,0.6,1021.2,28.5,28.8
2026-08-10 12:10:00,250.0,5.0,0.6,1021.0,28.5,28.7
2026-08-10 12:00:00,250.0,5.0,,1020.9,28.5,28.7
2026-08-10 11:50:00,250.0,5.0,0.6,1020.8,28.5,28.7
2026-08-10 11:40:00,250.0,5.0,,1020.8,28.5,28.7
2026-08-10 11:30:00,240.0,6.0,,1020.7,28.5,28.7
2026-08-10 11:20:00,240.0,5.0,0.6,1020.6,28.5,
2026-08-10 11:10:00,240.0,5.0,,1020.5,28.5,28.7
2026-08-10 11:00:00,240.0,6.0,,1020.5,28.5,28.7
2026-08-10 10:50:00,240.0,5.0,0.6,1020.4,28.5,28.7
2026-08-10 10:40:00,240.0,6.0,0.6,1020.3,28.5,28.7
2026-08-10 10:30:00,240.0,5.0,,1020.2,28.5,28.7
2026-08-10 10:20:00,240.0,6.0,0.6,1020.0,28.5,28.7
2026-08-10 10:10:00,240.0,5.0,0.6,1019.9,28.6,28.7
2026-08-10 10:00:00,240.0,5.0,,1019.9,28.6,28.7
2026-08-10 09:50:00,240.0,5.0,0.6,1019.9,28.5,28.7
2026-08-10 09:40:00,230.0,5.0,,1019.9,28.6,28.7
2026-08-10 09:30:00,230.0,6.0,,1019.8,28.6,28.7
2026-08-10 09:20:00,230.0,6.0,0.7,1019.8,28.6,28.7
2026-08-10 09:10:00,220.0,6.0,0.7,1019.7,28.5,28.7
2026-08-10 09:00:00,220.0,6.0,,1019.6,28.5,28.7
2026-08-10 08:50:00,220.0,6.0,0.6,1019.5,28.6,28.7
2026-08-10 08:40:00,220.0,6.0,,1019.5,28.6,28.7
2026-08-10 08:30:00,220.0,6.0,,1019.5,28.5,28.7
2026-08-10 08:20:00,220.0,6.0,0.7,1019.4,28.5,28.7
2026-08-10 08:10:00,220.0,6.0,,1019.5,28.5,28.7
2026-08-10 08:00:00,220.0,6.0,,1019.4,28.5,28.7
2026-08-10 07:50:00,220.0,5.0,0.7,1019.5,28.5,28.7
2026-08-10 07:40:00,220.0,6.0,,1019.6,28.5,28.7
2026-08-10 07:30:00,220.0,6.0,,1019.7,28.6,28.7
2026-08-10 07:20:00,220.0,6.0,0.7,1019.6,28.5,28.7
2026-08-10 07:10:00,220.0,6.0,0.7,1019.7,28.5,28.7
2026-08-10 07:00:00,220.0,6.0,,1019.8,28.5,28.8
2026-08-10 06:50:00,220.0,6.0,0.7,1019.9,28.5,28.8
2026-08-10 06:40:00,210.0,6.0,,1019.9,28.5,28.8
2026-08-10 06:30:00,210.0,6.0,,1019.9,28.5,28.8
2026-08-10 06:20:00,210.0,6.0,0.7,1019.9,28.5,28.8
2026-08-10 06:10:00,210.0,6.0,,1020.1,28.5,28.8
2026-08-10 06:00:00,210.0,6.0,,1020.2,28.5,28.8
2026-08-10 05:50:00,210.0,6.0,0.7,1020.3,28.5,28.8
2026-08-10 05:40:00,210.0,6.0,0.7,1020.3,28.5,28.8
2026-08-10 05:30:00,210.0,6.0,,1020.4,28.6,28.8
2026-08-10 05:20:00,200.0,6.0,0.7,1020.3,28.5,28.8
2026-08-10 05:10:00,210.0,6.0,0.7,1020.5,28.5,28.8
2026-08-10 05:00:00,210.0,6.0,,1020.6,28.6,28.8
2026-08-10 04:50:00,210.0,6.0,0.7,1020.7,28.5,28.8
2026-08-10 04:40:00,200.0,6.0,,1020.8,28.6,28.8
2026-08-10 04:30:00,200.0,6.0,,1020.9,28.6,28.8
2026-08-10 04:20:00,210.0,6.0,0.7,1020.8,28.6,28.8
2026-08-10 04:10:00,210.0,6.0,0.7,1020.8,28.6,28.8
2026-08-10 04:00:00,200.0,6.0,,1020.9,28.6,28.8
2026-08-10 03:50:00,210.0,6.0,0.6,1020.9,28.5,28.8
2026-08-10 03:40:00,200.0,5.0,0.6,1021.0,28.6,
2026-08-10 03:30:00,200.0,5.0,,1021.1,28.6,28.8
2026-08-10 03:20:00,200.0,6.0,0.7,1021.2,28.5,28.8
2026-08-10 03:10:00,200.0,6.0,0.7,1021.0,28.5,28.8
2026-08-10 03:00:00,190.0,6.0,,1021.1,28.5,28.8
2026-08-10 02:50:00,190.0,5.0,0.6,1020.9,28.5,28.8
2026-08-10 02:40:00,180.0,6.0,,1020.8,28.4,28.8
2026-08-10 02:30:00,180.0,5.0,,1020.8,28.5,28.9
2026-08-10 02:20:00,180.0,5.0,0.6,1020.8,28.4,28.9
2026-08-10 02:10:00,180.0,5.0,0.6,1020.8,28.4,28.9
2026-08-10 02:00:00,180.0,5.0,,1020.8,28.4,28.9
2026-08-10 01:50:00,190.0,6.0,0.6,1020.6,28.3,28.9
2026-08-10 01:40:00,180.0,5.0,0.6,1020.7,28.4,28.9
2026-08-10 01:30:00,190.0,5.0,,1020.7,28.4,28.9
2026-08-10 01:20:00,180.0,5.0,0.7,1020.5,28.5,29.0
2026-08-10 01:10:00,170.0,5.0,0.7,1020.4,28.4,29.0
2026-08-10 01:00:00,180.0,5.0,,1020.4,28.5,
2026-08-10 00:50:00,170.0,5.0,0.6,1020.3,,29.1
2026-08-10 00:40:00,180.0,5.0,0.6,1020.3,28.4,29.1
2026-08-10 00:30:00,180.0,5.0,,1020.1,28.4,29.1
2026-08-10 00:20:00,180.0,4.0,0.6,1019.9,28.4,29.1
2026-08-10 00:10:00,170.0,4.0,,1019.8,28.4,29.2
2026-08-10 00:00:00,170.0,4.0,,1019.7,28.3,29.1
2026-08-09 23:50:00,170.0,4.0,0.7,1019.6,28.3,29.1
2026-08-09 23:40:00,170.0,5.0,,1019.6,28.2,29.1
2026-08-09 23:10:00,170.0,5.0,0.6,1019.3,28.3,29.2
2026-08-09 23:00:00,170.0,5.0,,1019.4,28.3,29.2
2026-08-09 22:50:00,170.0,5.0,0.6,1019.5,28.3,29.2
2026-08-09 22:40:00,170.0,5.0,,1019.6,28.1,29.2
2026-08-09 22:30:00,170.0,4.0,,1019.7,28.2,29.2
2026-08-09 22:20:00,180.0,4.0,0.7,1019.7,28.2,29.2
2026-08-09 22:10:00,180.0,4.0,,1019.7,28.3,29.2
2026-08-09 22:00:00,190.0,4.0,,1019.8,28.2,29.2
2026-08-09 21:50:00,200.0,4.0,0.7,1019.6,28.3,29.2
2026-08-09 21:40:00,200.0,4.0,,1019.5,28.3,29.2
2026-08-09 21:30:00,200.0,4.0,,1019.5,28.3,29.2
2026-08-09 21:20:00,210.0,3.0,0.6,1019.5,28.3,29.1
2026-08-09 21:10:00,220.0,3.0,0.6,1019.5,28.3,29.1
2026-08-09 21:00:00,210.0,4.0,,1019.3,28.2,29.0
2026-08-09 20:50:00,210.0,4.0,0.7,1019.2,28.1,29.1
2026-08-09 20:40:00,200.0,4.0,,1019.2,28.1,29.0
2026-08-09 20:30:00,190.0,4.0,,1019.2,28.2,29.1
2026-08-09 20:20:00,200.0,4.0,0.6,1019.2,28.2,29.0
2026-08-09 20:10:00,200.0,4.0,,1019.5,28.1,29.0
2026-08-09 20:00:00,200.0,4.0,,1019.7,28.1,29.0
2026-08-09 19:50:00,190.0,4.0,0.7,1019.8,28.2,29.1
2026-08-09 19:40:00,190.0,4.0,0.7,1020.0,28.1,29.2
2026-08-09 19:30:00,200.0,4.0,,1020.1,28.2,29.2
2026-08-09 19:20:00,200.0,4.0,0.7,1020.4,28.3,29.2
2026-08-09 19:10:00,200.0,3.0,0.7,1020.6,,29.1
2026-08-09 19:00:00,190.0,3.0,,1020.7,28.2,29.1
2026-08-09 18:50:00,190.0,3.0,0.7,1020.8,28.1,
2026-08-09 18:40:00,190.0,2.0,,1021.0,28.0,29.1
2026-08-09 18:30:00,200.0,2.0,,1021.1,28.0,29.0
2026-08-09 18:20:00,200.0,2.0,0.7,1021.0,28.0,29.0
2026-08-09 18:10:00,200.0,2.0,,1021.0,27.9,29.0
2026-08-09 18:00:00,200.0,2.0,,1021.2,27.7,
2026-08-09 17:50:00,180.0,1.0,0.7,1021.3,27.8,28.9
2026-08-09 17:40:00,170.0,1.0,,1021.3,27.7,29.0
2026-08-09 17:30:00,200.0,1.0,,1021.4,27.5,29.0
2026-08-09 17:20:00,220.0,2.0,0.7,1021.5,27.3,29.0
2026-08-09 17:10:00,220.0,3.0,,1021.4,27.1,29.0
2026-08-09 17:00:00,220.0,4.0,,1021.6,27.0,29.0
2026-08-09 16:50:00,220.0,4.0,0.7,1021.7,27.7,28.8
2026-08-09 16:40:00,200.0,3.0,,1021.6,27.7,28.9
2026-08-09 16:30:00,180.0,3.0,,1021.6,27.8,28.8
2026-08-09 16:20:00,170.0,4.0,0.7,1021.8,27.8,28.8
2026-08-09 16:10:00,170.0,3.0,,1021.9,28.0,28.8
2026-08-09 16:00:00,170.0,2.0,,1021.8,28.3,28.8
2026-08-09 15:50:00,170.0,1.0,0.8,1021.8,28.6,28.7
2026-08-09 15:40:00,170.0,1.0,,1021.8,28.3,28.8
2026-08-09 15:30:00,230.0,1.0,,1022.0,28.0,28.8
2026-08-09 15:20:00,260.0,1.0,0.8,1021.6,27.8,28.7
2026-08-09 15:10:00,250.0,1.0,,1021.4,27.9,28.7
2026-08-09 15:00:00,220.0,1.0,,1021.4,27.9,28.8
2026-08-09 14:50:00,210.0,2.0,0.8,1021.5,27.8,28.7
2026-08-09 14:40:00,210.0,2.0,,1021.6,27.9,28.7
2026-08-09 14:30:00,200.0,3.0,,1021.5,27.9,28.7
2026-08-09 14:20:00,210.0,2.0,0.9,1021.5,28.0,28.7
2026-08-09 14:10:00,250.0,2.0,,1021.3,28.1,28.6
2026-08-09 14:00:00,230.0,2.0,,1021.1,27.9,28.6
2026-08-09 13:50:00,220.0,3.0,0.9,1021.3,27.9,28.6
2026-08-09 13:40:00,230.0,2.0,0.9,1021.3,28.1,28.6
2026-08-09 13:30:00,240.0,2.0,,1021.3,28.3,28.6
2026-08-09 13:20:00,240.0,2.0,0.9,1021.4,28.4,28.6
2026-08-09 13:10:00,240.0,1.0,0.9,1021.3,28.4,28.6
2026-08-09 13:00:00,250.0,2.0,,1021.2,28.3,28.6
2026-08-09 12:50:00,240.0,2.0,0.8,1021.0,28.5,
2026-08-09 12:40:00,260.0,2.0,0.8,1021.0,28.3,28.6
2026-08-09 12:30:00,250.0,2.0,,1020.9,28.3,28.6
2026-08-09 12:20:00,270.0,2.0,0.8,1021.1,28.1,28.6
2026-08-09 12:10:00,250.0,2.0,,1021.0,28.0,28.6
2026-08-09 12:00:00,260.0,2.0,,1020.9,27.9,28.6
2026-08-09 11:50:00,260.0,2.0,0.9,1020.6,27.9,28.6
2026-08-09 11:40:00,260.0,2.0,,1020.6,27.9,28.6
2026-08-09 11:30:00,250.0,2.0,,1020.6,28.0,28.6
2026-08-09 11:20:00,250.0,2.0,0.9,1020.5,27.9,28.6
2026-08-09 11:10:00,240.0,2.0,,1020.3,27.9,28.6
2026-08-09 11:00:00,240.0,3.0,,1020.3,27.9,28.6
2026-08-09 10:50:00,230.0,3.0,0.9,1020.2,27.9,28.6
2026-08-09 10:40:00,220.0,4.0,,1020.1,27.9,
2026-08-09 10:30:00,220.0,4.0,,1019.9,27.9,28.6
2026-08-09 10:20:00,220.0,4.0,0.9,1019.7,27.9,28.6
2026-08-09 10:10:00,210.0,4.0,0.9,1019.6,27.8,28.6
2026-08-09 10:00:00,210.0,4.0,,1019.5,27.8,28.6
2026-08-09 09:50:00,210.0,4.0,1.0,1019.5,27.8,28.6
2026-08-09 09:40:00,210.0,4.0,,1019.5,27.8,28.6
2026-08-09 09:30:00,210.0,4.0,,1019.4,27.7,28.6
2026-08-09 09:20:00,200.0,4.0,0.9,1019.4,27.7,28.6
2026-08-09 09:10:00,210.0,4.0,0.9,1019.4,27.7,28.6
2026-08-09 09:00:00,210.0,5.0,,1019.4,27.6,28.6
2026-08-09 08:50:00,200.0,5.0,0.9,1019.3,27.6,28.6
2026-08-09 08:40:00,200.0,5.0,0.9,1019.1,27.6,28.6
2026-08-09 08:30:00,210.0,5.0,,1019.2,27.7,28.6
2026-08-09 08:20:00,210.0,5.0,0.9,1019.1,27.6,28.6
2026-08-09 08:10:00,210.0,5.0,,1019.1,27.7,28.6
2026-08-09 08:00:00,210.0,5.0,,1019.1,27.7,28.6
2026-08-09 07:50:00,210.0,5.0,1.0,1019.0,27.6,28.6
2026-08-09 07:40:00,200.0,5.0,,1019.1,27.6,28.6
2026-08-09 07:30:00,210.0,4.0,,1019.2,27.6,28.6
2026-08-09 07:20:00,200.0,4.0,1.0,1019.4,27.5,28.6
2026-08-09 07:10:00,200.0,5.0,1.0,1019.4,27.5,28.6
2026-08-09 07:00:00,200.0,6.0,,1019.4,27.5,28.6
2026-08-09 06:50:00,200.0,6.0,1.0,1019.4,,28.6
2026-08-09 06:40:00,200.0,5.0,,1019.4,27.6,
2026-08-09 06:30:00,210.0,5.0,,1019.5,27.5,
2026-08-09 06:20:00,210.0,5.0,0.9,1019.4,27.6,28.6
2026-08-09 06:10:00,210.0,4.0,,1019.6,27.6,28.6
2026-08-09 06:00:00,200.0,4.0,,1019.6,27.4,
2026-08-09 05:50:00,190.0,3.0,1.0,1019.8,27.4,28.7
2026-08-09 05:40:00,190.0,3.0,,1019.9,27.5,28.6
2026-08-09 05:30:00,200.0,4.0,,1020.1,27.5,28.7
2026-08-09 05:20:00,210.0,4.0,1.0,1020.1,27.3,28.7
2026-08-09 05:10:00,220.0,4.0,,1020.1,27.4,28.6
2026-08-09 05:00:00,220.0,4.0,,1020.3,27.4,28.6
2026-08-09 04:50:00,220.0,4.0,1.0,1020.6,27.4,28.7
2026-08-09 04:40:00,210.0,4.0,,1020.7,27.4,28.7
2026-08-09 04:30:00,220.0,4.0,,1020.7,27.4,28.7
2026-08-09 04:20:00,220.0,4.0,1.1,1020.8,27.5,28.7
2026-08-09 04:10:00,210.0,4.0,1.1,1021.0,27.5,28.7
2026-08-09 04:00:00,210.0,4.0,,1021.0,27.4,28.7
2026-08-09 03:50:00,210.0,4.0,1.1,1021.1,27.4,28.7
2026-08-09 03:40:00,220.0,4.0,,1021.1,27.4,28.7
2026-08-09 03:30:00,220.0,4.0,,1021.1,27.4,28.7
2026-08-09 03:20:00,210.0,4.0,1.1,1021.2,27.5,28.7
2026-08-09 03:10:00,210.0,3.0,,1021.1,27.5,28.7
2026-08-09 03:00:00,210.0,3.0,,1021.2,27.4,28.7
2026-08-09 02:50:00,200.0,2.0,1.1,1021.2,27.5,28.7
2026-08-09 02:40:00,190.0,2.0,,1021.1,27.4,28.7
2026-08-09 02:30:00,210.0,1.0,,1021.1,27.4,28.7
2026-08-09 02:20:00,220.0,2.0,1.1,1020.9,27.4,28.7
2026-08-09 02:10:00,240.0,2.0,,1020.8,27.3,28.7
2026-08-09 02:00:00,260.0,1.0,,1020.7,27.3,28.7
2026-08-09 01:50:00,260.0,1.0,1.2,1020.4,27.2,28.7
2026-08-09 01:40:00,250.0,1.0,,1020.1,27.2,28.7
2026-08-09 01:30:00,240.0,1.0,,1020.1,27.2,28.7
2026-08-09 01:20:00,160.0,1.0,1.2,1019.8,27.2,28.7
2026-08-09 01:10:00,130.0,1.0,1.2,1019.6,27.2,28.7
2026-08-09 01:00:00,160.0,1.0,,1019.6,27.2,28.7
2026-08-09 00:50:00,180.0,2.0,1.2,1019.6,27.1,28.7
2026-08-09 00:40:00,180.0,3.0,,1019.5,27.2,
2026-08-09 00:30:00,180.0,3.0,,1019.4,27.1,28.7
2026-08-09 00:20:00,180.0,3.0,1.3,1019.5,27.1,28.7
2026-08-09 00:10:00,180.0,4.0,,1019.4,27.2,28.7
2026-08-09 00:00:00,180.0,4.0,,1019.5,27.2,28.7
2026-08-08 23:50:00,170.0,4.0,1.2,1019.5,27.1,28.7
2026-08-08 23:40:00,170.0,4.0,1.2,1019.5,27.1,28.7
2026-08-08 23:20:00,180.0,3.0,1.1,1019.4,27.0,28.7
2026-08-08 23:10:00,180.0,3.0,,1019.5,26.9,28.6
2026-08-08 23:00:00,190.0,3.0,,1019.5,26.9,28.6
2026-08-08 22:50:00,200.0,3.0,1.2,1019.4,26.8,
2026-08-08 22:40:00,190.0,4.0,1.2,1019.3,26.8,28.7
2026-08-08 22:30:00,190.0,4.0,,1019.2,26.7,28.7
2026-08-08 22:20:00,180.0,4.0,1.4,1019.2,26.6,28.7
2026-08-08 22:10:00,170.0,4.0,1.4,1019.3,26.5,28.7
2026-08-08 22:00:00,170.0,4.0,,1019.4,26.5,28.7
2026-08-08 21:50:00,170.0,4.0,1.2,1019.4,26.5,28.7
2026-08-08 21:40:00,180.0,5.0,,1019.5,26.4,28.7
2026-08-08 21:30:00,170.0,5.0,,1019.5,26.2,28.7
2026-08-08 21:20:00,180.0,6.0,1.3,1019.6,26.2,28.7
2026-08-08 21:10:00,170.0,6.0,1.3,1019.8,26.2,28.7
2026-08-08 21:00:00,180.0,7.0,,1019.8,26.2,28.7
2026-08-08 20:50:00,180.0,7.0,1.3,1019.9,26.3,28.7
2026-08-08 20:40:00,180.0,7.0,,1020.1,26.4,28.7
2026-08-08 20:30:00,180.0,7.0,,1020.2,26.4,28.7
2026-08-08 20:20:00,170.0,7.0,1.2,1020.4,,28.7
2026-08-08 20:10:00,170.0,7.0,1.2,1020.5,27.0,28.7
2026-08-08 20:00:00,160.0,6.0,,1020.7,27.1,28.7
2026-08-08 19:50:00,170.0,4.0,1.2,1020.8,27.0,28.7
2026-08-08 19:40:00,180.0,3.0,,1020.8,26.9,28.7
2026-08-08 19:30:00,180.0,2.0,,1020.8,26.8,28.7
2026-08-08 19:20:00,170.0,3.0,1.3,1020.8,26.8,28.7
2026-08-08 19:10:00,160.0,3.0,,1020.9,26.8,28.7
2026-08-08 19:00:00,170.0,3.0,,1021.0,26.8,
2026-08-08 18:50:00,180.0,2.0,1.3,1021.1,,28.7
2026-08-08 18:40:00,,,1.3,,,
2026-08-08 18:30:00,200.0,2.0,,1021.3,26.6,28.7
2026-08-08 18:20:00,190.0,3.0,1.4,1021.4,26.5,28.7
2026-08-08 18:10:00,190.0,3.0,,1021.3,26.4,28.7
2026-08-08 18:00:00,180.0,3.0,,1021.1,26.4,28.7
2026-08-08 17:50:00,180.0,3.0,1.2,1021.2,26.4,28.7
2026-08-08 17:40:00,190.0,3.0,,1021.3,26.3,28.7
2026-08-08 17:30:00,190.0,3.0,,1021.4,26.2,28.7
2026-08-08 17:20:00,180.0,3.0,1.4,1021.6,26.2,28.6
2026-08-08 17:10:00,180.0,4.0,1.4,1021.7,26.2,28.7
2026-08-08 17:00:00,170.0,4.0,,1021.9,26.1,28.7
2026-08-08 16:50:00,160.0,5.0,1.3,1022.0,26.1,28.6
2026-08-08 16:40:00,170.0,4.0,,1022.1,26.1,28.6
2026-08-08 16:30:00,170.0,4.0,,1022.0,26.0,28.6
2026-08-08 16:20:00,180.0,3.0,1.4,1022.0,26.1,28.6
2026-08-08 16:10:00,170.0,4.0,1.4,1022.1,26.1,28.6
2026-08-08 16:00:00,150.0,4.0,,1022.1,26.0,28.6
2026-08-08 15:50:00,170.0,4.0,1.4,1022.2,25.9,28.6
2026-08-08 15:40:00,170.0,5.0,,1022.2,26.0,28.6
2026-08-08 15:30:00,190.0,5.0,,1022.2,25.9,28.6
2026-08-08 15:20:00,180.0,4.0,1.6,1022.3,25.7,28.6
2026-08-08 15:10:00,160.0,4.0,1.6,1022.4,25.7,28.6
2026-08-08 15:00:00,180.0,4.0,,1022.2,25.4,28.6
2026-08-08 14:50:00,190.0,4.0,1.5,1021.9,25.0,28.6
2026-08-08 14:40:00,160.0,3.0,,1022.1,24.7,28.6
2026-08-08 14:30:00,170.0,3.0,,1022.3,24.8,28.6
2026-08-08 14:20:00,190.0,6.0,1.4,1022.2,24.4,28.6
2026-08-08 14:10:00,180.0,6.0,,1022.1,24.7,28.6
2026-08-08 14:00:00,170.0,5.0,,1022.1,24.4,28.6
2026-08-08 13:50:00,170.0,6.0,1.7,1022.6,24.5,28.6
2026-08-08 13:40:00,180.0,8.0,,1022.6,25.0,28.7
2026-08-08 13:30:00,180.0,9.0,,1022.5,25.6,28.7
2026-08-08 13:20:00,170.0,7.0,1.5,1022.1,27.2,28.7
2026-08-08 13:10:00,110.0,4.0,1.5,1021.9,28.2,28.7
2026-08-08 13:00:00,100.0,4.0,,1021.7,28.2,28.7
2026-08-08 12:50:00,100.0,4.0,1.7,1021.7,28.2,
2026-08-08 12:40:00,100.0,4.0,,1021.7,28.2,28.7
2026-08-08 12:30:00,100.0,4.0,,1021.5,28.2,28.7
2026-08-08 12:20:00,100.0,4.0,1.6,1021.5,28.2,28.7
2026-08-08 12:10:00,110.0,4.0,1.6,1021.6,28.1,28.7
2026-08-08 12:00:00,100.0,4.0,,1021.4,28.1,28.7
2026-08-08 11:50:00,100.0,4.0,1.5,1021.2,28.1,28.7
2026-08-08 11:40:00,100.0,4.0,,1021.2,28.2,28.7
2026-08-08 11:30:00,110.0,4.0,,1020.9,28.3,28.8
2026-08-08 11:20:00,120.0,4.0,1.7,1020.8,28.3,28.8
2026-08-08 11:10:00,120.0,4.0,,1020.7,28.2,28.8
2026-08-08 11:00:00,130.0,4.0,,1020.9,28.3,28.8
2026-08-08 10:50:00,120.0,3.0,1.8,1020.8,28.1,28.8
2026-08-08 10:40:00,120.0,4.0,1.8,1020.7,28.1,28.8
2026-08-08 10:30:00,120.0,4.0,,1020.5,28.1,28.8
2026-08-08 10:20:00,130.0,4.0,1.7,1020.5,28.0,28.8
2026-08-08 10:10:00,130.0,4.0,,1020.4,27.9,28.9
2026-08-08 10:00:00,130.0,4.0,,1020.4,27.9,28.9
2026-08-08 09:50:00,140.0,4.0,1.7,1020.2,27.9,28.9
2026-08-08 09:40:00,140.0,5.0,,1020.2,27.9,28.9
2026-08-08 09:30:00,140.0,5.0,,1020.2,27.9,28.9
2026-08-08 09:20:00,140.0,5.0,1.7,1020.1,27.9,28.9
2026-08-08 09:10:00,150.0,6.0,1.7,1020.1,27.8,28.9
2026-08-08 09:00:00,150.0,7.0,,1020.1,27.8,28.9
2026-08-08 08:50:00,150.0,8.0,1.7,1020.1,28.1,28.9
2026-08-08 08:40:00,130.0,5.0,,1020.0,28.2,28.9
2026-08-08 08:30:00,120.0,5.0,,1020.1,28.2,28.9
2026-08-08 08:20:00,120.0,5.0,1.6,1020.1,28.1,28.9
2026-08-08 08:10:00,130.0,5.0,,1020.2,27.9,28.9
2026-08-08 08:00:00,120.0,6.0,,1020.2,27.8,28.9
2026-08-08 07:50:00,120.0,7.0,1.7,1020.2,27.7,28.9
2026-08-08 07:40:00,120.0,7.0,,1020.3,27.5,28.9
2026-08-08 07:30:00,120.0,7.0,,1020.4,27.7,29.0
2026-08-08 07:20:00,140.0,6.0,1.8,1020.6,27.4,29.0
2026-08-08 07:10:00,130.0,7.0,1.8,1020.5,27.7,29.0
2026-08-08 07:00:00,130.0,6.0,,1020.5,28.3,29.0
2026-08-08 06:50:00,120.0,6.0,1.7,1020.5,28.4,29.0
2026-08-08 06:40:00,120.0,6.0,1.7,1020.6,28.4,29.0
2026-08-08 06:30:00,120.0,6.0,,1020.7,28.4,29.0
2026-08-08 06:20:00,110.0,6.0,1.6,1020.9,28.4,29.0
2026-08-08 06:10:00,120.0,6.0,1.6,1021.2,28.4,29.0
2026-08-08 06:00:00,120.0,6.0,,1021.2,28.5,29.0
2026-08-08 05:50:00,100.0,5.0,1.6,1021.4,28.5,29.0
2026-08-08 05:40:00,110.0,5.0,,1021.6,28.5,29.0
2026-08-08 05:30:00,110.0,5.0,,1021.6,28.5,29.1
2026-08-08 05:20:00,110.0,5.0,1.6,1021.8,28.4,29.1
2026-08-08 05:10:00,110.0,5.0,1.6,1021.9,28.5,29.1
2026-08-08 05:00:00,120.0,5.0,,1021.9,28.5,29.1
2026-08-08 04:50:00,110.0,5.0,1.7,1021.8,28.5,29.1
2026-08-08 04:40:00,110.0,5.0,,1021.8,28.5,29.1
2026-08-08 04:30:00,110.0,5.0,,1021.7,28.5,29.1
2026-08-08 04:20:00,130.0,5.0,1.6,1021.7,28.5,29.2
2026-08-08 04:10:00,120.0,5.0,1.6,1021.8,28.5,29.2
2026-08-08 04:00:00,120.0,5.0,,1021.7,28.6,29.2
2026-08-08 03:50:00,120.0,5.0,1.7,1021.8,28.6,29.1
2026-08-08 03:40:00,130.0,4.0,1.7,1021.8,28.6,29.2
2026-08-08 03:30:00,130.0,4.0,,1021.8,28.7,29.2
2026-08-08 03:20:00,130.0,4.0,1.6,1022.0,28.7,29.2
2026-08-08 03:10:00,130.0,4.0,1.6,1022.0,28.7,29.2
2026-08-08 03:00:00,130.0,4.0,,1022.2,28.7,29.1
2026-08-08 02:50:00,130.0,4.0,1.9,1022.1,28.6,29.1
2026-08-08 02:40:00,130.0,5.0,,1022.0,28.4,29.1
2026-08-08 02:30:00,140.0,4.0,,1022.1,28.3,29.2
2026-08-08 02:20:00,150.0,3.0,1.7,1022.1,28.2,29.2
2026-08-08 02:10:00,160.0,3.0,,1022.1,28.2,29.2
2026-08-08 02:00:00,160.0,3.0,,1022.2,28.2,29.2
2026-08-08 01:50:00,160.0,4.0,1.7,1022.1,28.2,29.2
2026-08-08 01:40:00,160.0,4.0,,1022.1,28.2,29.2
2026-08-08 01:30:00,160.0,5.0,,1022.1,28.3,29.2
2026-08-08 01:20:00,170.0,5.0,1.6,1022.0,28.3,29.2
2026-08-08 01:10:00,170.0,5.0,,1021.8,28.2,29.2
2026-08-08 01:00:00,180.0,6.0,,1021.9,28.3,29.2
2026-08-08 00:50:00,160.0,6.0,1.6,1021.8,28.9,29.2
2026-08-08 00:40:00,120.0,5.0,1.6,1021.8,29.0,29.3
2026-08-08 00:30:00,120.0,5.0,,1021.8,29.0,29.3
2026-08-08 00:20:00,120.0,5.0,1.7,1021.8,29.0,29.3
2026-08-08 00:10:00,110.0,4.0,1.7,1021.7,28.6,29.3
2026-08-08 00:00:00,110.0,3.0,,1021.7,28.5,29.3
2026-08-07 23:50:00,110.0,3.0,1.8,1021.7,28.5,29.3
2026-08-07 23:40:00,100.0,3.0,1.8,1021.8,28.5,29.3
2026-08-07 23:30:00,100.0,3.0,,1021.8,28.5,29.4
2026-08-07 23:20:00,100.0,4.0,1.7,1022.0,28.5,29.4
2026-08-07 23:10:00,90.0,4.0,,1022.0,28.5,29.4
2026-08-07 23:00:00,100.0,4.0,,1022.1,28.4,29.3
2026-08-07 22:50:00,100.0,5.0,1.8,1022.3,28.7,29.4
2026-08-07 22:40:00,120.0,5.0,,1022.4,28.9,29.4
2026-08-07 22:30:00,120.0,6.0,,1022.3,28.7,29.4
2026-08-07 22:20:00,130.0,6.0,1.8,1022.5,28.4,29.5
2026-08-07 22:10:00,140.0,7.0,,1022.6,28.5,29.5
2026-08-07 22:00:00,150.0,7.0,,1022.7,28.4,29.5
2026-08-07 21:50:00,130.0,6.0,1.7,1022.6,28.9,29.6
2026-08-07 21:40:00,120.0,5.0,,1022.5,29.2,29.6
2026-08-07 21:30:00,110.0,5.0,,1022.3,29.2,29.5
2026-08-07 21:20:00,100.0,5.0,1.6,1022.3,29.2,29.5
2026-08-07 21:10:00,100.0,5.0,1.6,1022.4,29.2,29.6
2026-08-07 21:00:00,100.0,4.0,,1022.5,29.2,29.7
2026-08-07 20:50:00,100.0,4.0,1.5,1022.6,29.2,29.7
2026-08-07 20:40:00,100.0,4.0,,1022.5,29.1,29.6
2026-08-07 20:30:00,100.0,4.0,,1022.5,29.2,29.6
2026-08-07 20:20:00,90.0,4.0,1.5,1022.6,28.9,29.6
2026-08-07 20:10:00,90.0,4.0,1.5,1022.6,29.0,29.6
2026-08-07 20:00:00,90.0,3.0,,1022.7,29.0,29.6
2026-08-07 19:50:00,100.0,3.0,1.3,1022.6,29.0,29.5
2026-08-07 19:40:00,110.0,4.0,1.3,1022.8,29.1,29.6
2026-08-07 19:30:00,100.0,4.0,,1022.8,29.0,29.5
2026-08-07 19:20:00,100.0,4.0,1.0,1022.9,29.0,29.5
2026-08-07 19:10:00,110.0,3.0,1.0,1022.9,29.1,29.5
2026-08-07 19:00:00,110.0,3.0,,1022.9,29.0,
2026-08-07 18:50:00,110.0,4.0,1.0,1022.9,,29.5
2026-08-07 18:40:00,110.0,4.0,,1022.9,29.0,29.4
2026-08-07 18:30:00,110.0,3.0,,1022.9,29.0,29.4
2026-08-07 18:20:00,110.0,4.0,0.9,1022.9,29.0,29.4
2026-08-07 18:10:00,120.0,4.0,,1022.9,29.1,29.4
2026-08-07 18:00:00,120.0,4.0,,1023.1,29.1,29.3
2026-08-07 17:50:00,120.0,4.0,0.9,1023.2,29.0,29.3
2026-08-07 17:40:00,120.0,4.0,,1023.2,29.1,29.3
2026-08-07 17:30:00,120.0,5.0,,1023.4,29.0,29.3
2026-08-07 17:20:00,130.0,5.0,0.9,1023.5,29.1,29.3
2026-08-07 17:10:00,120.0,5.0,0.9,1023.4,29.1,29.2
2026-08-07 17:00:00,120.0,4.0,,1023.5,29.1,29.2
2026-08-07 16:50:00,120.0,4.0,0.8,1023.7,29.0,29.2
2026-08-07 16:40:00,130.0,5.0,,1023.8,28.9,29.2
2026-08-07 16:30:00,120.0,4.0,,1023.8,28.8,29.2
2026-08-07 16:20:00,120.0,4.0,0.8,1023.9,28.8,29.2
2026-08-07 16:10:00,120.0,5.0,0.8,1024.0,28.8,29.2
2026-08-07 16:00:00,120.0,5.0,,1024.0,28.9,29.2
2026-08-07 15:50:00,120.0,5.0,0.8,1024.1,28.9,29.1
2026-08-07 15:40:00,120.0,4.0,,1024.1,28.9,29.1
2026-08-07 15:30:00,120.0,5.0,,1024.2,28.9,29.1
2026-08-07 15:20:00,120.0,4.0,0.7,1024.3,28.9,29.0
2026-08-07 15:10:00,120.0,5.0,0.7,1024.2,28.8,29.0
2026-08-07 15:00:00,120.0,5.0,,1024.3,28.7,29.0
2026-08-07 14:50:00,120.0,5.0,0.8,1024.2,28.8,29.0
2026-08-07 14:40:00,120.0,4.0,0.8,1024.2,28.8,29.0
2026-08-07 14:30:00,120.0,4.0,,1024.2,28.9,29.0
2026-08-07 14:20:00,130.0,4.0,0.8,1024.0,28.9,29.0
2026-08-07 14:10:00,130.0,4.0,0.8,1024.0,28.7,28.9
2026-08-07 14:00:00,120.0,4.0,,1024.1,28.7,28.9
2026-08-07 13:50:00,120.0,5.0,0.8,1024.0,28.8,28.9
2026-08-07 13:40:00,130.0,4.0,,1024.0,28.8,28.9
2026-08-07 13:30:00,120.0,4.0,,1024.2,28.8,28.9
2026-08-07 13:20:00,120.0,4.0,0.8,1024.1,28.8,28.9
2026-08-07 13:10:00,120.0,4.0,0.8,1024.0,28.8,28.9
2026-08-07 13:00:00,120.0,4.0,,1024.0,28.8,28.9
2026-08-07 12:50:00,120.0,4.0,0.8,1024.0,28.9,28.9
2026-08-07 12:40:00,,,0.8,,,
2026-08-07 12:30:00,130.0,4.0,,1024.0,28.8,28.9
2026-08-07 12:20:00,130.0,5.0,0.8,1023.8,28.7,28.9
2026-08-07 12:10:00,120.0,4.0,0.8,1023.8,28.8,28.9
2026-08-07 12:00:00,120.0,4.0,,1023.8,28.8,28.9
2026-08-07 11:50:00,120.0,4.0,0.7,1023.7,28.7,28.9
2026-08-07 11:40:00,120.0,4.0,,1023.6,28.6,28.9
2026-08-07 11:30:00,130.0,4.0,,1023.4,28.6,28.9
2026-08-07 11:20:00,130.0,4.0,0.7,1023.4,28.6,28.9
2026-08-07 11:10:00,130.0,4.0,0.7,1023.2,28.5,28.9
2026-08-07 11:00:00,140.0,4.0,,1023.1,28.6,28.9
2026-08-07 10:50:00,140.0,4.0,0.7,1023.1,28.6,28.9
2026-08-07 10:40:00,140.0,4.0,,1023.0,28.6,28.9
2026-08-07 10:30:00,140.0,4.0,,1022.9,28.6,28.9
2026-08-07 10:20:00,140.0,3.0,0.7,1022.8,28.5,28.9
2026-08-07 10:10:00,140.0,3.0,0.7,1022.6,28.6,28.9
2026-08-07 10:00:00,140.0,3.0,,1022.5,28.6,28.9
2026-08-07 09:50:00,150.0,3.0,0.7,1022.5,28.6,28.9
2026-08-07 09:40:00,150.0,3.0,0.7,1022.4,28.6,28.9
2026-08-07 09:30:00,150.0,3.0,,1022.3,28.5,29.0
2026-08-07 09:20:00,140.0,2.0,0.6,1022.5,28.4,29.0
2026-08-07 09:10:00,130.0,2.0,0.6,1022.4,28.4,29.0
2026-08-07 09:00:00,120.0,2.0,,1022.2,28.3,29.0
2026-08-07 08:50:00,120.0,2.0,0.6,1022.3,28.3,29.0
2026-08-07 08:40:00,130.0,3.0,,1022.3,28.3,29.0
2026-08-07 08:30:00,130.0,2.0,,1022.4,28.2,29.0
2026-08-07 08:20:00,130.0,2.0,0.6,1022.3,28.2,29.0
2026-08-07 08:10:00,120.0,2.0,0.6,1022.3,28.2,29.1
2026-08-07 08:00:00,110.0,2.0,,1022.3,28.1,29.1
2026-08-07 07:50:00,120.0,3.0,0.6,1022.2,28.1,29.1
2026-08-07 07:40:00,120.0,3.0,,1022.3,28.1,29.1
2026-08-07 07:30:00,120.0,3.0,,1022.3,28.1,29.1
2026-08-07 07:20:00,120.0,3.0,0.6,1022.4,28.2,29.1
2026-08-07 07:10:00,120.0,4.0,,1022.5,28.3,29.1
2026-08-07 07:00:00,130.0,3.0,,1022.8,28.3,29.1
2026-08-07 06:50:00,130.0,3.0,0.5,1022.8,28.2,29.0
2026-08-07 06:40:00,130.0,3.0,,1022.9,28.2,29.0
2026-08-07 06:30:00,120.0,3.0,,1023.0,28.2,29.0
2026-08-07 06:20:00,120.0,4.0,0.6,1023.0,28.2,29.0
2026-08-07 06:10:00,120.0,4.0,,1022.9,28.2,29.0
2026-08-07 06:00:00,120.0,3.0,,1023.0,28.2,29.0
2026-08-07 05:50:00,110.0,3.0,0.5,1023.1,28.1,29.0
2026-08-07 05:40:00,110.0,3.0,,1023.2,28.1,29.0
2026-08-07 05:30:00,110.0,4.0,,1023.1,28.0,29.0
2026-08-07 05:20:00,110.0,4.0,0.5,1023.1,28.0,29.0
2026-08-07 05:10:00,120.0,3.0,0.5,1023.2,28.0,29.0
2026-08-07 05:00:00,120.0,3.0,,1023.4,28.0,29.0
2026-08-07 04:50:00,130.0,3.0,0.5,1023.5,28.0,29.0
2026-08-07 04:40:00,140.0,3.0,0.5,1023.6,28.0,29.0
2026-08-07 04:30:00,150.0,3.0,,1023.8,28.0,29.0
2026-08-07 04:20:00,130.0,3.0,0.5,1023.8,28.0,29.0
2026-08-07 04:10:00,130.0,2.0,0.5,1023.8,27.9,29.0
2026-08-07 04:00:00,120.0,3.0,,1023.9,27.9,29.0
2026-08-07 03:50:00,120.0,4.0,0.5,1023.9,27.9,29.0
2026-08-07 03:40:00,120.0,3.0,,1023.8,27.9,28.9
2026-08-07 03:30:00,140.0,4.0,,1023.7,27.9,28.8
2026-08-07 03:20:00,140.0,3.0,0.5,1023.7,27.9,28.8
2026-08-07 03:10:00,130.0,3.0,,1023.7,27.7,28.8
2026-08-07 03:00:00,140.0,4.0,,1023.7,27.4,28.8
2026-08-07 02:50:00,120.0,3.0,0.6,1023.7,27.1,28.7
2026-08-07 02:40:00,90.0,4.0,0.6,1023.6,26.9,28.7
2026-08-07 02:30:00,100.0,4.0,,1023.5,26.9,28.6
2026-08-07 02:20:00,100.0,4.0,0.6,1023.3,26.7,28.6
2026-08-07 02:10:00,100.0,4.0,0.6,1023.6,26.8,28.6
2026-08-07 02:00:00,110.0,3.0,,1023.7,26.7,28.7
2026-08-07 01:50:00,100.0,6.0,0.6,1023.6,26.8,28.7
2026-08-07 01:40:00,90.0,6.0,,1023.5,26.6,28.7
2026-08-07 01:30:00,120.0,9.0,,1023.9,27.1,28.7
2026-08-07 01:20:00,110.0,8.0,0.6,1023.5,28.3,28.8
2026-08-07 01:10:00,110.0,4.0,,1023.1,28.5,28.8
2026-08-07 01:00:00,120.0,3.0,,1023.1,28.6,28.8
2026-08-07 00:50:00,130.0,3.0,0.6,1023.2,28.7,28.8
2026-08-07 00:40:00,140.0,3.0,,1023.5,28.7,28.8
2026-08-07 00:30:00,140.0,4.0,,1023.3,28.7,28.8
2026-08-07 00:20:00,150.0,4.0,0.6,1023.4,28.7,28.9
2026-08-07 00:10:00,150.0,4.0,,1023.3,28.7,28.9
2026-08-07 00:00:00,150.0,3.0,,1023.0,28.7,28.9
2026-08-06 23:50:00,150.0,3.0,0.6,1022.9,28.7,28.9
2026-08-06 23:40:00,170.0,3.0,,1022.6,28.6,28.9
2026-08-06 23:10:00,150.0,3.0,0.6,1022.9,28.8,28.9
2026-08-06 23:00:00,150.0,3.0,,1022.8,28.8,28.9
2026-08-06 22:50:00,140.0,4.0,0.7,1022.6,28.8,28.9
2026-08-06 22:40:00,140.0,4.0,,1022.4,28.9,28.9
2026-08-06 22:30:00,130.0,4.0,,1022.4,29.0,28.9
2026-08-06 22:20:00,130.0,4.0,0.7,1022.4,29.0,28.9
2026-08-06 22:10:00,130.0,5.0,0.7,1022.2,28.9,29.0
2026-08-06 22:00:00,130.0,5.0,,1022.2,28.8,29.0
2026-08-06 21:50:00,140.0,4.0,0.6,1022.1,28.8,29.0
2026-08-06 21:40:00,120.0,4.0,,1021.9,29.0,29.0
2026-08-06 21:30:00,100.0,3.0,,1021.8,28.8,29.0
2026-08-06 21:20:00,80.0,4.0,0.6,1021.7,28.7,29.0
2026-08-06 21:10:00,80.0,4.0,,1021.6,28.6,29.0
2026-08-06 21:00:00,80.0,4.0,,1021.7,28.5,29.1
2026-08-06 20:50:00,60.0,4.0,0.6,1021.7,28.5,29.0
2026-08-06 20:40:00,60.0,4.0,,1021.6,28.3,29.1
2026-08-06 20:30:00,70.0,4.0,,1021.8,28.2,29.0
2026-08-06 20:20:00,80.0,4.0,0.6,1021.9,28.2,29.1
2026-08-06 20:10:00,90.0,4.0,,1022.1,28.1,29.0
2026-08-06 20:00:00,70.0,3.0,,1022.2,28.0,28.9
2026-08-06 19:50:00,60.0,4.0,0.7,1022.3,28.1,28.9
2026-08-06 19:40:00,50.0,4.0,0.7,1022.4,28.0,28.8
2026-08-06 19:30:00,40.0,4.0,,1022.6,28.0,28.9
2026-08-06 19:20:00,40.0,3.0,0.7,1022.8,28.0,
2026-08-06 19:10:00,30.0,3.0,,1023.0,28.0,28.8
2026-08-06 19:00:00,30.0,3.0,0.7,1023.0,28.1,
2026-08-06 18:50:00,30.0,2.0,0.7,1023.2,28.0,28.8
2026-08-06 18:40:00,50.0,2.0,,1023.2,27.9,28.8
2026-08-06 18:30:00,60.0,2.0,,1023.3,27.8,28.8
2026-08-06 18:20:00,30.0,1.0,0.7,1023.2,27.7,28.8
2026-08-06 18:10:00,40.0,1.0,0.7,1023.0,27.7,28.8
2026-08-06 18:00:00,80.0,1.0,,1023.2,27.8,28.7
2026-08-06 17:50:00,,0.0,0.7,1023.2,27.8,28.7
2026-08-06 17:40:00,220.0,1.0,,1023.3,27.7,28.7
2026-08-06 17:30:00,,0.0,,1023.5,27.4,28.7
2026-08-06 17:20:00,230.0,1.0,0.7,1023.8,27.3,28.7
2026-08-06 17:10:00,230.0,2.0,0.7,1023.9,27.4,28.7
2026-08-06 17:00:00,230.0,2.0,,1023.9,27.4,28.7
2026-08-06 16:50:00,230.0,2.0,0.7,1023.9,27.2,28.6
2026-08-06 16:40:00,250.0,3.0,,1024.0,27.1,28.7
2026-08-06 16:30:00,250.0,3.0,,1024.2,27.2,28.7
2026-08-06 16:20:00,200.0,2.0,0.7,1024.1,27.2,28.7
2026-08-06 16:10:00,350.0,2.0,,1024.1,27.0,28.6
2026-08-06 16:00:00,300.0,2.0,,1024.1,27.3,28.6
2026-08-06 15:50:00,100.0,1.0,0.7,1024.0,27.0,28.6
2026-08-06 15:40:00,40.0,2.0,,1024.1,26.7,28.6
2026-08-06 15:30:00,50.0,3.0,,1024.2,26.6,28.6
2026-08-06 15:20:00,30.0,3.0,0.7,1024.2,26.4,28.6
2026-08-06 15:10:00,40.0,3.0,0.7,1023.9,26.2,28.6
2026-08-06 15:00:00,20.0,4.0,,1023.7,26.0,28.6
2026-08-06 14:50:00,310.0,3.0,0.7,1023.7,26.2,28.6
2026-08-06 14:40:00,240.0,4.0,,1023.8,26.4,28.6
2026-08-06 14:30:00,260.0,5.0,,1023.5,27.4,28.6
2026-08-06 14:20:00,230.0,1.0,0.7,1023.4,27.7,28.6
2026-08-06 14:10:00,250.0,2.0,,1023.5,28.5,28.6
2026-08-06 14:00:00,250.0,1.0,,1023.0,28.3,28.6
2026-08-06 13:50:00,280.0,2.0,0.7,1023.3,28.2,28.5
2026-08-06 13:40:00,290.0,2.0,,1023.3,27.9,28.5
2026-08-06 13:30:00,310.0,3.0,,1023.3,27.7,28.5
2026-08-06 13:20:00,310.0,4.0,0.8,1023.3,27.9,28.5
2026-08-06 13:10:00,240.0,2.0,0.8,1023.1,28.0,28.5
2026-08-06 13:00:00,280.0,3.0,,1023.0,27.8,28.5
2026-08-06 12:50:00,270.0,4.0,0.7,1023.3,27.8,28.5
2026-08-06 12:40:00,250.0,4.0,,1022.9,27.8,28.5
2026-08-06 12:30:00,180.0,4.0,,1022.9,28.7,28.5
2026-08-06 12:20:00,170.0,3.0,0.7,1022.8,28.8,28.5
2026-08-06 12:10:00,180.0,3.0,,1022.7,28.8,28.5
2026-08-06 12:00:00,180.0,3.0,,1022.3,28.7,28.5
2026-08-06 11:50:00,180.0,3.0,0.8,1022.4,28.6,28.5
2026-08-06 11:40:00,180.0,3.0,0.8,1022.5,28.6,28.5
2026-08-06 11:30:00,190.0,3.0,,1022.4,28.6,28.6
2026-08-06 11:20:00,190.0,2.0,0.7,1022.4,28.5,28.6
2026-08-06 11:10:00,180.0,2.0,0.7,1022.4,28.5,28.6
2026-08-06 11:00:00,180.0,2.0,,1022.3,28.5,28.6
2026-08-06 10:50:00,180.0,2.0,0.8,1022.2,28.5,28.6
2026-08-06 10:40:00,190.0,3.0,,1022.1,28.5,28.6
2026-08-06 10:30:00,190.0,3.0,,1022.0,28.5,28.6
2026-08-06 10:20:00,190.0,3.0,0.8,1022.0,28.5,28.6
2026-08-06 10:10:00,200.0,3.0,0.8,1021.9,28.6,28.6
2026-08-06 10:00:00,200.0,4.0,,1021.9,28.5,28.6
2026-08-06 09:50:00,190.0,3.0,0.7,1021.9,28.5,28.6
2026-08-06 09:40:00,200.0,3.0,0.7,1021.7,28.6,28.6
2026-08-06 09:30:00,200.0,4.0,,1021.5,28.5,28.6
2026-08-06 09:20:00,190.0,4.0,0.8,1021.2,28.5,28.7
2026-08-06 09:10:00,180.0,4.0,0.8,1021.3,28.5,28.7
2026-08-06 09:00:00,180.0,3.0,,1021.5,28.6,28.7
2026-08-06 08:50:00,180.0,4.0,0.7,1021.6,28.6,28.8
2026-08-06 08:40:00,180.0,3.0,,1021.7,28.6,
2026-08-06 08:30:00,180.0,3.0,,1021.5,28.5,28.9
2026-08-06 08:20:00,170.0,4.0,0.8,1021.3,28.4,28.9
2026-08-06 08:10:00,170.0,4.0,0.8,1021.4,28.5,28.9
2026-08-06 08:00:00,170.0,4.0,,1021.4,28.4,28.8
2026-08-06 07:50:00,170.0,3.0,0.7,1021.2,28.5,28.8
2026-08-06 07:40:00,170.0,4.0,,1021.2,28.4,28.8
2026-08-06 07:30:00,170.0,4.0,,1021.1,28.5,28.9
2026-08-06 07:20:00,170.0,4.0,0.7,1021.1,28.5,28.9
2026-08-06 07:10:00,170.0,3.0,,1021.1,28.5,28.9
2026-08-06 07:00:00,170.0,3.0,,1021.1,28.5,28.9
2026-08-06 06:50:00,170.0,3.0,0.7,1021.1,28.5,28.9
2026-08-06 06:40:00,160.0,4.0,,1021.1,28.6,28.9
2026-08-06 06:30:00,170.0,4.0,,1021.3,28.6,28.9
2026-08-06 06:20:00,170.0,4.0,0.7,1021.5,28.6,28.9
2026-08-06 06:10:00,170.0,5.0,0.7,1021.6,28.6,28.9
2026-08-06 06:00:00,170.0,4.0,,1021.6,28.5,28.9
2026-08-06 05:50:00,160.0,4.0,0.7,1021.6,28.6,
2026-08-06 05:40:00,170.0,4.0,,1021.6,28.6,
2026-08-06 05:30:00,170.0,4.0,,1021.8,28.6,28.9
2026-08-06 05:20:00,170.0,5.0,0.7,1021.9,28.6,28.9
2026-08-06 05:10:00,170.0,5.0,,1022.0,28.6,28.9
2026-08-06 05:00:00,170.0,5.0,,1021.9,28.7,28.9
2026-08-06 04:50:00,180.0,6.0,0.7,1022.0,28.6,28.9
2026-08-06 04:40:00,170.0,5.0,,1022.0,28.7,28.9
2026-08-06 04:30:00,180.0,6.0,,1022.0,28.6,28.9
2026-08-06 04:20:00,180.0,6.0,0.7,1022.1,28.7,28.9
2026-08-06 04:10:00,170.0,6.0,0.7,1022.0,28.7,28.9
2026-08-06 04:00:00,170.0,6.0,,1022.0,28.6,28.9
2026-08-06 03:50:00,170.0,6.0,0.7,1021.9,28.7,28.9
2026-08-06 03:40:00,180.0,6.0,,1022.0,28.7,28.9
2026-08-06 03:30:00,170.0,6.0,,1021.9,28.8,28.9
2026-08-06 03:20:00,170.0,6.0,0.7,1021.8,28.8,28.9
2026-08-06 03:10:00,170.0,6.0,0.7,1021.7,28.7,28.9
2026-08-06 03:00:00,160.0,6.0,,1021.6,28.7,28.9
2026-08-06 02:50:00,160.0,6.0,0.7,1021.7,28.7,28.9
2026-08-06 02:40:00,150.0,6.0,,1021.5,28.6,28.9
2026-08-06 02:30:00,150.0,6.0,,1021.5,28.6,29.0
2026-08-06 02:20:00,150.0,6.0,0.7,1021.4,28.6,29.0
2026-08-06 02:10:00,160.0,5.0,,1021.4,28.6,29.0
2026-08-06 02:00:00,150.0,5.0,,1021.3,28.6,29.0
2026-08-06 01:50:00,150.0,5.0,0.7,1021.3,28.5,29.0
2026-08-06 01:40:00,160.0,5.0,,1021.3,28.6,29.0
2026-08-06 01:30:00,160.0,5.0,,1021.1,28.5,29.0
2026-08-06 01:20:00,160.0,5.0,0.7,1021.0,28.5,29.1
2026-08-06 01:10:00,150.0,5.0,0.7,1020.7,28.7,29.1
2026-08-06 01:00:00,160.0,5.0,,1020.6,28.6,29.1
2026-08-06 00:50:00,160.0,5.0,0.7,1020.5,28.7,29.1
2026-08-06 00:40:00,160.0,5.0,,1020.4,28.8,29.1
2026-08-06 00:30:00,160.0,5.0,,1020.4,28.9,29.1
2026-08-06 00:20:00,160.0,6.0,0.7,1020.5,28.6,29.1
2026-08-06 00:10:00,170.0,5.0,,1020.5,28.7,
2026-08-06 00:00:00,170.0,5.0,,1020.5,28.7,29.1
2026-08-05 23:50:00,160.0,5.0,0.8,1020.4,28.8,29.1
2026-08-05 23:40:00,160.0,5.0,,1020.3,28.8,29.1
2026-08-05 23:30:00,160.0,6.0,,1020.3,28.8,29.2
2026-08-05 23:20:00,160.0,6.0,0.8,1020.1,28.8,29.2
2026-08-05 23:10:00,170.0,6.0,0.8,1020.1,28.9,29.2
2026-08-05 23:00:00,170.0,5.0,,1020.2,28.9,29.3
2026-08-05 22:50:00,160.0,5.0,0.8,1020.1,28.8,29.3
2026-08-05 22:40:00,160.0,4.0,,1020.1,28.6,29.3
2026-08-05 22:30:00,130.0,4.0,,1020.2,28.4,29.3
2026-08-05 22:20:00,120.0,4.0,0.8,1020.2,28.4,29.3
2026-08-05 22:10:00,130.0,4.0,,1020.1,28.3,29.3
2026-08-05 22:00:00,130.0,4.0,,1020.1,28.2,29.3
2026-08-05 21:50:00,130.0,4.0,0.8,1020.1,28.2,29.3
2026-08-05 21:40:00,130.0,4.0,,1020.2,28.0,29.3
2026-08-05 21:30:00,120.0,4.0,,1020.3,27.9,29.3
2026-08-05 21:20:00,110.0,4.0,0.9,1020.4,27.8,29.2
2026-08-05 21:10:00,100.0,3.0,0.9,1020.5,27.6,29.2
2026-08-05 21:00:00,80.0,3.0,,1020.5,27.5,29.2
2026-08-05 20:50:00,70.0,4.0,0.9,1020.6,27.9,29.2
2026-08-05 20:40:00,70.0,3.0,,1020.7,27.7,29.2
2026-08-05 20:30:00,40.0,3.0,,1020.9,27.5,29.2
2026-08-05 20:20:00,30.0,4.0,0.9,1021.0,27.1,29.2
2026-08-05 20:10:00,360.0,4.0,0.9,1021.1,27.1,29.2
2026-08-05 20:00:00,330.0,4.0,,1021.1,27.9,29.2
2026-08-05 19:50:00,190.0,2.0,0.9,1021.4,28.7,29.2
2026-08-05 19:40:00,180.0,3.0,,1021.3,28.6,29.2
2026-08-05 19:30:00,170.0,3.0,,1021.4,28.8,29.2
2026-08-05 19:20:00,180.0,4.0,0.9,1021.5,28.8,29.2
2026-08-05 19:10:00,180.0,4.0,,1021.7,28.8,29.3
2026-08-05 19:00:00,180.0,4.0,,1021.7,28.8,
2026-08-05 18:50:00,170.0,4.0,0.9,1021.5,28.8,29.1
2026-08-05 18:40:00,170.0,4.0,,1021.3,28.8,
2026-08-05 18:30:00,170.0,4.0,,1021.4,28.8,29.1
2026-08-05 18:20:00,170.0,3.0,0.9,1021.6,28.8,29.1
2026-08-05 18:10:00,160.0,4.0,0.9,1021.6,28.7,29.1
2026-08-05 18:00:00,160.0,4.0,,1021.5,28.4,
2026-08-05 17:50:00,130.0,4.0,0.8,1021.6,28.5,29.0
2026-08-05 17:40:00,140.0,3.0,,1021.6,28.6,29.0
2026-08-05 17:30:00,150.0,3.0,,1021.6,28.5,29.0
2026-08-05 17:20:00,150.0,3.0,0.9,1021.7,28.5,28.9
2026-08-05 17:10:00,140.0,3.0,,1021.7,28.5,28.9
2026-08-05 17:00:00,150.0,3.0,,1021.8,,28.9
2026-08-05 16:50:00,150.0,3.0,0.8,1021.6,28.4,28.9
2026-08-05 16:40:00,160.0,3.0,0.8,1021.4,28.3,28.8
2026-08-05 16:30:00,150.0,3.0,,1021.3,28.3,28.8
2026-08-05 16:20:00,150.0,3.0,0.9,1021.3,28.2,28.8
2026-08-05 16:10:00,160.0,4.0,,1021.4,28.2,28.8
2026-08-05 16:00:00,160.0,4.0,,1021.4,28.2,28.8
2026-08-05 15:50:00,170.0,4.0,0.8,1021.5,28.4,28.7
2026-08-05 15:40:00,180.0,3.0,,1021.3,28.2,28.7
2026-08-05 15:30:00,170.0,3.0,,1021.3,28.1,28.7
2026-08-05 15:20:00,160.0,4.0,0.9,1021.3,,28.7
2026-08-05 15:10:00,150.0,5.0,,1021.2,28.1,28.7
2026-08-05 15:00:00,160.0,4.0,,1021.1,28.3,28.6
2026-08-05 14:50:00,170.0,5.0,0.9,1021.2,28.3,28.6
2026-08-05 14:40:00,170.0,5.0,,1021.2,28.2,28.6
2026-08-05 14:30:00,150.0,4.0,,1021.2,28.2,28.6
2026-08-05 14:20:00,150.0,4.0,1.0,1021.1,28.1,28.6
2026-08-05 14:10:00,150.0,4.0,,1021.0,28.0,28.6
2026-08-05 14:00:00,150.0,4.0,,1021.0,28.0,28.6
2026-08-05 13:50:00,140.0,4.0,1.0,1021.0,27.9,28.6
2026-08-05 13:40:00,140.0,4.0,,1021.1,28.0,28.6
2026-08-05 13:30:00,150.0,3.0,,1021.0,28.0,28.6
2026-08-05 13:20:00,170.0,3.0,1.0,1020.8,27.9,28.6
2026-08-05 13:10:00,180.0,3.0,,1020.6,27.8,28.6
2026-08-05 13:00:00,180.0,3.0,,1020.4,27.8,28.6
2026-08-05 12:50:00,190.0,3.0,1.0,1020.3,27.6,
2026-08-05 12:40:00,190.0,3.0,,1020.1,27.6,28.6
2026-08-05 12:30:00,190.0,3.0,,1020.2,27.3,28.6
2026-08-05 12:20:00,190.0,3.0,1.1,1020.2,27.0,28.6
2026-08-05 12:10:00,190.0,3.0,1.1,1020.3,26.7,28.6
2026-08-05 12:00:00,190.0,3.0,,1020.2,26.5,28.6
2026-08-05 11:50:00,190.0,3.0,1.2,1019.9,26.3,28.6
2026-08-05 11:40:00,190.0,4.0,1.2,1019.9,26.0,
2026-08-05 11:30:00,190.0,5.0,,1019.9,25.6,28.6
2026-08-05 11:20:00,170.0,6.0,1.3,1020.0,25.4,28.6
2026-08-05 11:10:00,180.0,11.0,1.3,1019.9,26.1,
2026-08-05 11:00:00,180.0,10.0,,1019.5,28.1,28.7
2026-08-05 10:50:00,200.0,6.0,1.2,1019.5,28.4,28.7
2026-08-05 10:40:00,210.0,6.0,,1019.2,28.4,28.7
2026-08-05 10:30:00,210.0,5.0,,1018.8,28.4,28.7
2026-08-05 10:20:00,210.0,5.0,1.2,1018.6,28.4,28.7
2026-08-05 10:10:00,210.0,6.0,1.2,1018.6,28.5,28.7
2026-08-05 10:00:00,200.0,7.0,,1018.6,28.5,28.7
2026-08-05 09:50:00,210.0,7.0,1.2,1018.7,28.5,28.7
2026-08-05 09:40:00,210.0,8.0,,1018.5,28.5,28.7
2026-08-05 09:30:00,220.0,7.0,,1018.5,28.6,28.7
2026-08-05 09:20:00,210.0,7.0,1.2,1018.5,28.5,28.7
2026-08-05 09:10:00,210.0,8.0,,1018.5,28.5,28.7
2026-08-05 09:00:00,210.0,8.0,,1018.2,28.4,28.7
2026-08-05 08:50:00,210.0,8.0,1.2,1018.1,28.4,28.7
2026-08-05 08:40:00,200.0,7.0,,1018.0,28.2,28.7
2026-08-05 08:30:00,190.0,5.0,,1018.2,27.9,28.7
2026-08-05 08:20:00,180.0,6.0,1.2,1018.3,27.9,28.7
2026-08-05 08:10:00,180.0,6.0,,1018.1,27.8,28.7
2026-08-05 08:00:00,180.0,7.0,,1018.0,28.2,28.7
2026-08-05 07:50:00,210.0,6.0,1.3,1018.2,28.1,28.7
2026-08-05 07:40:00,230.0,5.0,,1018.2,27.7,28.7
2026-08-05 07:30:00,240.0,4.0,,1018.1,26.9,28.7
2026-08-05 07:20:00,230.0,7.0,1.2,1018.1,27.8,
2026-08-05 07:10:00,180.0,7.0,,1017.9,28.7,28.7
2026-08-05 07:00:00,180.0,7.0,1.2,1017.7,28.6,
2026-08-05 06:50:00,170.0,7.0,1.2,1017.8,28.5,28.8
2026-08-05 06:40:00,170.0,8.0,,1017.8,28.4,28.8
2026-08-05 06:30:00,180.0,8.0,,1017.8,28.6,28.8
2026-08-05 06:20:00,170.0,8.0,1.2,1017.8,28.7,28.8
2026-08-05 06:10:00,180.0,8.0,,1017.7,28.7,28.8
2026-08-05 06:00:00,180.0,8.0,,1017.8,28.7,28.8
2026-08-05 05:50:00,180.0,8.0,1.3,1017.8,28.6,28.8
2026-08-05 05:40:00,180.0,8.0,,1018.0,28.6,28.8
2026-08-05 05:30:00,180.0,8.0,,1018.2,28.7,28.8
2026-08-05 05:20:00,180.0,9.0,1.2,1018.3,28.6,28.8
2026-08-05 05:10:00,180.0,8.0,,1018.4,28.6,28.8
2026-08-05 05:00:00,180.0,8.0,,1018.3,28.7,28.9
2026-08-05 04:50:00,180.0,9.0,1.1,1018.3,28.6,28.9
2026-08-05 04:40:00,180.0,8.0,,1018.3,28.7,28.9
2026-08-05 04:30:00,180.0,8.0,,1018.1,28.6,28.9
2026-08-05 04:20:00,180.0,8.0,1.2,1018.1,28.6,28.9
2026-08-05 04:10:00,170.0,8.0,1.2,1018.1,28.5,28.9
2026-08-05 04:00:00,180.0,8.0,,1018.0,28.5,28.9
2026-08-05 03:50:00,180.0,8.0,1.1,1018.1,28.5,28.9
2026-08-05 03:40:00,180.0,8.0,1.1,1018.2,28.6,28.9
2026-08-05 03:30:00,180.0,8.0,,1018.2,28.5,28.9
2026-08-05 03:20:00,180.0,8.0,1.1,1017.9,28.5,28.9
2026-08-05 03:10:00,190.0,8.0,,1018.0,28.4,28.9
2026-08-05 03:00:00,190.0,8.0,,1018.1,28.5,28.9
2026-08-05 02:50:00,180.0,8.0,1.1,1017.9,28.4,28.9
2026-08-05 02:40:00,180.0,8.0,1.1,1017.8,28.5,28.9
2026-08-05 02:30:00,180.0,9.0,,1017.6,28.5,28.9
2026-08-05 02:20:00,180.0,9.0,1.0,1017.7,28.6,28.9
2026-08-05 02:10:00,180.0,9.0,1.0,1017.4,28.6,28.9
2026-08-05 02:00:00,180.0,8.0,,1017.4,28.9,28.9
2026-08-05 01:50:00,180.0,8.0,1.0,1017.3,28.9,28.9
2026-08-05 01:40:00,180.0,8.0,1.0,1017.2,28.9,28.9
2026-08-05 01:30:00,180.0,8.0,,1017.1,28.9,28.9
2026-08-05 01:20:00,180.0,8.0,1.0,1017.2,29.0,28.9
2026-08-05 01:10:00,180.0,8.0,,1017.1,28.9,28.9
2026-08-05 01:00:00,180.0,8.0,,1017.1,28.9,28.9
2026-08-05 00:50:00,180.0,8.0,1.0,1016.8,28.8,28.9
2026-08-05 00:40:00,170.0,8.0,,1016.8,28.8,28.9
2026-08-05 00:30:00,170.0,8.0,,1016.8,28.8,
2026-08-05 00:20:00,170.0,8.0,0.9,1016.8,28.8,29.0
2026-08-05 00:10:00,170.0,8.0,0.9,1016.7,28.8,29.0
2026-08-05 00:00:00,170.0,8.0,,1016.7,28.8,29.0
2026-08-04 23:50:00,170.0,8.0,1.0,1016.8,28.7,
2026-08-04 23:40:00,170.0,7.0,,1016.9,28.7,29.0
2026-08-04 23:30:00,170.0,7.0,,1016.7,28.7,29.0
2026-08-04 23:20:00,170.0,8.0,0.9,1016.7,28.6,29.0
2026-08-04 23:10:00,170.0,7.0,0.9,1016.6,28.6,29.0
2026-08-04 23:00:00,170.0,7.0,,1016.6,28.6,29.0
2026-08-04 22:50:00,170.0,7.0,1.1,1016.5,28.5,29.0
2026-08-04 22:40:00,170.0,7.0,,1016.5,28.4,29.0
2026-08-04 22:30:00,170.0,7.0,,1016.6,28.4,29.0
2026-08-04 22:20:00,180.0,7.0,1.0,1016.8,28.5,29.0
2026-08-04 22:10:00,180.0,7.0,1.0,1016.8,28.5,29.0
2026-08-04 22:00:00,180.0,6.0,,1016.9,28.4,29.1
2026-08-04 21:50:00,170.0,5.0,1.0,1016.9,28.3,29.1
2026-08-04 21:40:00,170.0,5.0,,1016.9,28.3,29.1
2026-08-04 21:30:00,170.0,6.0,,1016.8,28.2,29.0
2026-08-04 21:20:00,160.0,6.0,1.0,1016.8,28.1,29.1
2026-08-04 21:10:00,160.0,6.0,1.0,1016.7,28.0,
2026-08-04 21:00:00,150.0,5.0,,1016.7,27.9,29.1
2026-08-04 20:50:00,150.0,5.0,1.0,1016.6,27.8,29.0
2026-08-04 20:40:00,150.0,5.0,,1016.5,27.7,29.0
2026-08-04 20:30:00,140.0,6.0,,1016.4,27.6,29.0
2026-08-04 20:20:00,140.0,6.0,1.0,1016.3,27.5,29.1
2026-08-04 20:10:00,150.0,5.0,1.0,1016.3,27.5,29.0
2026-08-04 20:00:00,150.0,5.0,,1016.3,27.5,29.0
2026-08-04 19:50:00,160.0,5.0,1.1,1016.3,27.7,29.1
2026-08-04 19:40:00,170.0,5.0,,1016.3,27.7,29.0
2026-08-04 19:30:00,160.0,5.0,,1016.3,27.7,29.0
2026-08-04 19:20:00,160.0,4.0,1.0,1016.3,27.7,29.1
2026-08-04 19:10:00,170.0,4.0,,1016.4,27.6,29.1
2026-08-04 19:00:00,160.0,3.0,,1016.5,27.7,
2026-08-04 18:50:00,170.0,3.0,1.0,1016.6,27.6,29.1
2026-08-04 18:40:00,160.0,3.0,,1016.5,27.6,29.0
2026-08-04 18:30:00,160.0,3.0,,1016.6,27.5,29.0
2026-08-04 18:20:00,170.0,3.0,1.0,1016.7,27.4,29.0
2026-08-04 18:10:00,170.0,2.0,,1016.7,27.4,28.9
2026-08-04 18:00:00,170.0,3.0,,1016.7,27.3,28.9
2026-08-04 17:50:00,170.0,3.0,1.1,1016.8,27.3,28.9
2026-08-04 17:40:00,160.0,2.0,,1016.8,27.2,28.9
2026-08-04 17:30:00,150.0,3.0,,1016.7,27.1,28.9
2026-08-04 17:20:00,160.0,3.0,1.1,1016.6,27.1,28.8
2026-08-04 17:10:00,150.0,3.0,1.1,1016.8,27.0,28.8
2026-08-04 17:00:00,150.0,3.0,,1016.8,27.0,28.8
2026-08-04 16:50:00,150.0,3.0,1.1,1016.8,26.9,28.8
2026-08-04 16:40:00,150.0,3.0,,1016.8,26.8,28.8
2026-08-04 16:30:00,160.0,3.0,,1016.9,27.1,28.8
2026-08-04 16:20:00,150.0,3.0,1.1,1017.0,27.1,28.8
2026-08-04 16:10:00,140.0,2.0,1.1,1017.0,26.9,28.8
2026-08-04 16:00:00,140.0,2.0,,1017.0,26.7,28.8
2026-08-04 15:50:00,120.0,2.0,1.1,1017.0,26.4,28.8
2026-08-04 15:40:00,110.0,3.0,,1017.1,26.3,28.8
2026-08-04 15:30:00,110.0,3.0,,1017.1,26.2,28.8
2026-08-04 15:20:00,110.0,5.0,1.1,1017.1,26.3,28.8
2026-08-04 15:10:00,90.0,4.0,1.1,1016.9,26.5,28.8
2026-08-04 15:00:00,90.0,3.0,,1016.9,26.6,28.8
2026-08-04 14:50:00,60.0,2.0,1.2,1016.7,26.4,28.8
2026-08-04 14:40:00,40.0,2.0,,1016.5,26.5,28.8
2026-08-04 14:30:00,30.0,3.0,,1016.5,26.6,28.8
2026-08-04 14:20:00,10.0,4.0,1.2,1016.4,26.6,28.9
2026-08-04 14:10:00,350.0,4.0,1.2,1016.2,26.7,28.9
2026-08-04 14:00:00,340.0,4.0,,1016.3,26.8,28.9
2026-08-04 13:50:00,270.0,4.0,1.2,1016.0,27.2,28.9
2026-08-04 13:40:00,150.0,4.0,,1015.8,27.1,28.9
2026-08-04 13:30:00,160.0,3.0,,1015.6,26.9,28.9
2026-08-04 13:20:00,160.0,3.0,1.2,1015.6,26.8,28.9
2026-08-04 13:10:00,170.0,3.0,1.2,1015.3,26.6,28.9
2026-08-04 13:00:00,160.0,4.0,,1015.2,26.7,
2026-08-04 12:50:00,160.0,4.0,1.3,1015.2,26.7,
2026-08-04 12:40:00,160.0,2.0,,1015.2,26.1,
2026-08-04 12:30:00,150.0,2.0,,1015.3,25.9,29.0
2026-08-04 12:20:00,140.0,4.0,1.3,1015.5,25.8,29.0
2026-08-04 12:10:00,170.0,3.0,1.3,1015.5,25.8,29.0
2026-08-04 12:00:00,220.0,5.0,,1015.3,26.4,28.9
2026-08-04 11:50:00,250.0,6.0,1.4,1015.0,26.8,29.0
2026-08-04 11:40:00,250.0,8.0,,1014.7,26.9,29.0
2026-08-04 11:30:00,270.0,5.0,,1014.8,26.4,29.0
2026-08-04 11:20:00,240.0,6.0,1.4,1014.7,26.8,29.0
2026-08-04 11:10:00,260.0,5.0,1.4,1014.5,27.1,29.0
2026-08-04 11:00:00,220.0,4.0,,1014.4,27.9,29.0
2026-08-04 10:50:00,210.0,4.0,1.4,1014.3,28.0,29.0
2026-08-04 10:40:00,250.0,3.0,,1014.4,27.6,29.0
2026-08-04 10:30:00,230.0,5.0,,1014.3,28.0,29.0
2026-08-04 10:20:00,210.0,6.0,1.5,1014.2,28.0,29.0
2026-08-04 10:10:00,210.0,6.0,1.5,1014.2,28.1,
2026-08-04 10:00:00,210.0,7.0,,1014.0,28.0,29.0
2026-08-04 09:50:00,210.0,8.0,1.5,1014.0,28.0,29.0
2026-08-04 09:40:00,200.0,7.0,,1013.9,28.0,29.0
2026-08-04 09:30:00,200.0,8.0,,1013.8,27.9,29.0
2026-08-04 09:20:00,200.0,9.0,1.5,1013.7,28.0,29.0
2026-08-04 09:10:00,200.0,8.0,1.5,1013.6,28.0,29.0
2026-08-04 09:00:00,200.0,8.0,,1013.5,28.1,29.1
2026-08-04 08:50:00,190.0,8.0,1.5,1013.4,28.0,29.1
2026-08-04 08:40:00,200.0,8.0,,1013.4,28.7,29.1
2026-08-04 08:30:00,210.0,8.0,,1013.3,28.6,29.1
2026-08-04 08:20:00,220.0,8.0,1.6,1013.5,28.6,29.1
2026-08-04 08:10:00,220.0,9.0,1.6,1013.5,28.5,29.1
2026-08-04 08:00:00,210.0,9.0,,1013.4,28.5,29.1
2026-08-04 07:50:00,210.0,9.0,1.6,1013.3,28.4,29.1
2026-08-04 07:40:00,210.0,9.0,,1013.4,28.5,29.1
2026-08-04 07:30:00,220.0,9.0,,1013.6,28.5,29.1
2026-08-04 07:20:00,220.0,9.0,1.5,1013.5,28.4,29.1
2026-08-04 07:10:00,220.0,9.0,1.5,1013.7,28.3,
2026-08-04 07:00:00,220.0,8.0,,1013.8,28.3,29.1
2026-08-04 06:50:00,210.0,8.0,1.5,1013.7,28.2,29.1
2026-08-04 06:40:00,220.0,8.0,,1013.6,28.2,29.1
2026-08-04 06:30:00,220.0,8.0,,1013.5,28.2,29.1
2026-08-04 06:20:00,210.0,8.0,1.4,1013.5,27.9,29.1
2026-08-04 06:10:00,210.0,8.0,1.4,1013.4,27.8,29.1
2026-08-04 06:00:00,210.0,8.0,,1013.6,27.8,29.1
2026-08-04 05:50:00,200.0,8.0,1.4,1013.7,27.7,29.1
2026-08-04 05:40:00,200.0,7.0,1.4,1013.6,27.8,29.1
2026-08-04 05:30:00,200.0,8.0,,1013.6,28.0,29.1
2026-08-04 05:20:00,190.0,8.0,1.3,1013.6,28.1,29.1
2026-08-04 05:10:00,190.0,8.0,,1013.6,28.1,29.1
2026-08-04 05:00:00,190.0,8.0,,1013.6,28.4,29.1
2026-08-04 04:50:00,200.0,8.0,1.4,1013.6,28.3,29.1
2026-08-04 04:40:00,190.0,9.0,,1013.5,28.2,29.1
2026-08-04 04:30:00,180.0,9.0,,1013.6,28.1,29.1
2026-08-04 04:20:00,180.0,8.0,1.3,1013.6,28.1,29.1
2026-08-04 04:10:00,180.0,8.0,1.3,1013.6,27.9,29.1
2026-08-04 04:00:00,180.0,8.0,,1013.5,27.8,29.1
2026-08-04 03:50:00,170.0,7.0,1.3,1013.6,27.6,29.1
2026-08-04 03:40:00,160.0,7.0,1.3,1013.7,27.5,29.1
2026-08-04 03:30:00,160.0,8.0,,1013.7,27.4,29.1
2026-08-04 03:20:00,150.0,9.0,1.3,1013.8,27.6,29.1
2026-08-04 03:10:00,160.0,8.0,1.3,1013.7,27.1,29.1
2026-08-04 03:00:00,160.0,8.0,,1013.7,26.8,29.1
2026-08-04 02:50:00,160.0,9.0,1.3,1013.8,26.9,29.1
2026-08-04 02:40:00,160.0,10.0,,1013.9,27.1,29.1
2026-08-04 02:30:00,160.0,10.0,,1014.0,27.4,29.1
2026-08-04 02:20:00,170.0,10.0,1.2,1013.9,27.6,29.1
2026-08-04 02:10:00,180.0,10.0,1.2,1013.8,28.2,29.1
2026-08-04 02:00:00,190.0,8.0,,1013.8,28.4,29.1
2026-08-04 01:50:00,190.0,8.0,1.3,1013.5,28.3,29.1
2026-08-04 01:40:00,190.0,8.0,,1013.5,28.2,29.1
2026-08-04 01:30:00,190.0,7.0,,1013.4,28.5,29.1
2026-08-04 01:20:00,200.0,7.0,1.3,1013.3,28.5,29.1
2026-08-04 01:10:00,200.0,7.0,1.3,1013.2,28.4,29.1
2026-08-04 01:00:00,200.0,7.0,,1013.2,28.2,29.1
2026-08-04 00:50:00,210.0,6.0,1.3,1013.0,27.9,29.1
2026-08-04 00:40:00,200.0,7.0,1.3,1013.0,28.5,29.1
2026-08-04 00:30:00,200.0,7.0,,1013.0,28.5,29.1
2026-08-04 00:20:00,200.0,8.0,1.3,1012.9,28.5,29.1
2026-08-04 00:10:00,200.0,8.0,1.3,1012.9,28.5,29.1
2026-08-04 00:00:00,200.0,7.0,,1012.8,28.5,29.1
2026-08-03 23:50:00,210.0,6.0,1.5,1012.7,28.5,29.1
2026-08-03 23:40:00,200.0,6.0,1.5,1012.5,28.5,29.2
2026-08-03 23:30:00,200.0,6.0,,1012.4,28.6,29.2
2026-08-03 23:20:00,190.0,6.0,1.4,1012.4,28.6,29.2
2026-08-03 23:10:00,200.0,7.0,,1012.4,28.7,29.2
2026-08-03 23:00:00,200.0,7.0,,1012.4,28.6,29.2
2026-08-03 22:50:00,190.0,6.0,1.4,1012.6,28.4,29.2
2026-08-03 22:40:00,160.0,4.0,1.4,1012.7,28.0,29.2
2026-08-03 22:30:00,180.0,6.0,,1012.8,27.8,29.2
2026-08-03 22:20:00,190.0,7.0,1.5,1012.8,28.5,29.2
2026-08-03 22:10:00,210.0,7.0,,1012.8,28.6,29.2
2026-08-03 22:00:00,210.0,7.0,,1012.8,28.6,29.2
2026-08-03 21:50:00,200.0,8.0,1.6,1012.7,28.6,29.2
2026-08-03 21:40:00,210.0,8.0,,1012.6,28.6,29.2
2026-08-03 21:30:00,210.0,8.0,,1012.5,28.6,29.2
2026-08-03 21:20:00,210.0,8.0,1.5,1012.3,28.6,29.2
2026-08-03 21:10:00,210.0,8.0,1.5,1012.4,28.6,29.2
2026-08-03 21:00:00,210.0,8.0,,1012.3,28.6,29.2
2026-08-03 20:50:00,200.0,8.0,1.5,1012.3,28.6,29.2
2026-08-03 20:40:00,210.0,8.0,,1012.2,28.6,29.2
2026-08-03 20:30:00,200.0,8.0,,1012.1,28.6,29.2
2026-08-03 20:20:00,200.0,8.0,1.5,1012.0,28.6,29.2
2026-08-03 20:10:00,200.0,8.0,1.5,1011.9,28.6,29.2
2026-08-03 20:00:00,190.0,8.0,,1012.1,28.2,29.2
2026-08-03 19:50:00,180.0,6.0,1.5,1012.4,27.8,29.2
2026-08-03 19:40:00,190.0,6.0,,1012.4,27.7,29.2
2026-08-03 19:30:00,190.0,6.0,,1012.5,27.7,29.2
2026-08-03 19:20:00,190.0,6.0,1.6,1012.5,27.6,29.1
2026-08-03 19:10:00,200.0,5.0,1.6,1012.7,27.5,29.1
2026-08-03 19:00:00,210.0,5.0,,1012.7,27.3,29.1
2026-08-03 18:50:00,220.0,5.0,1.6,1012.7,27.4,29.1
2026-08-03 18:40:00,220.0,5.0,,1012.8,27.3,29.1
2026-08-03 18:30:00,230.0,5.0,,1012.9,27.2,29.1
2026-08-03 18:20:00,230.0,5.0,1.6,1013.1,27.2,29.1
2026-08-03 18:10:00,240.0,6.0,1.6,1013.2,27.3,29.1
2026-08-03 18:00:00,240.0,7.0,,1013.3,27.1,29.1
2026-08-03 17:50:00,240.0,7.0,1.7,1013.3,27.2,29.1
2026-08-03 17:40:00,230.0,7.0,,1013.4,26.9,29.1
2026-08-03 17:30:00,240.0,7.0,,1013.6,26.7,29.1
2026-08-03 17:20:00,240.0,9.0,1.5,1013.8,26.8,29.1
2026-08-03 17:10:00,240.0,7.0,,1013.8,27.0,29.1
2026-08-03 17:00:00,240.0,7.0,,1013.5,27.3,29.1
2026-08-03 16:50:00,240.0,7.0,1.6,1013.5,27.3,29.1
2026-08-03 16:40:00,240.0,6.0,,1013.6,26.9,29.1
2026-08-03 16:30:00,240.0,6.0,,1013.5,26.8,29.1
2026-08-03 16:20:00,230.0,7.0,1.7,1013.4,26.9,29.1
2026-08-03 16:10:00,230.0,8.0,,1013.5,27.0,29.1
2026-08-03 16:00:00,240.0,8.0,,1013.5,26.6,29.1
2026-08-03 15:50:00,240.0,8.0,1.6,1013.5,26.4,29.1
2026-08-03 15:40:00,240.0,8.0,1.6,1013.3,26.4,29.1
2026-08-03 15:30:00,230.0,8.0,,1013.3,26.4,29.1
2026-08-03 15:20:00,240.0,7.0,1.8,1013.1,26.4,29.1
2026-08-03 15:10:00,240.0,7.0,1.8,1013.3,26.4,29.1
2026-08-03 15:00:00,240.0,8.0,,1013.4,26.4,29.1
2026-08-03 14:50:00,240.0,9.0,1.8,1013.3,26.5,29.1
2026-08-03 14:40:00,250.0,9.0,,1012.8,26.3,29.1
2026-08-03 14:30:00,260.0,10.0,,1012.5,25.9,29.1
2026-08-03 14:20:00,270.0,10.0,1.7,1012.2,25.8,29.1
2026-08-03 14:10:00,270.0,11.0,,1012.2,25.5,29.1
2026-08-03 14:00:00,270.0,11.0,,1012.3,25.9,29.1
2026-08-03 13:50:00,280.0,8.0,1.6,1012.5,26.2,29.1
2026-08-03 13:40:00,280.0,7.0,,1012.6,26.0,29.1
2026-08-03 13:30:00,250.0,8.0,,1012.7,26.1,29.1
2026-08-03 13:20:00,270.0,10.0,1.6,1012.8,25.8,29.1
2026-08-03 13:10:00,290.0,10.0,,1012.6,25.9,29.1
2026-08-03 13:00:00,260.0,6.0,,1012.6,25.9,29.2
2026-08-03 12:50:00,280.0,8.0,1.7,1012.4,25.1,29.1
2026-08-03 12:40:00,280.0,9.0,1.7,1012.3,24.7,29.1
2026-08-03 12:30:00,260.0,11.0,,1012.3,25.8,29.2
2026-08-03 12:20:00,260.0,9.0,1.8,1012.2,26.6,29.2
2026-08-03 12:10:00,240.0,10.0,,1011.9,28.1,29.2
2026-08-03 12:00:00,240.0,9.0,,1011.8,28.2,29.2
2026-08-03 11:50:00,230.0,9.0,1.6,1011.8,28.1,29.2
2026-08-03 11:40:00,230.0,8.0,1.6,1011.7,28.1,29.2
2026-08-03 11:30:00,230.0,8.0,,1011.6,28.0,29.2
2026-08-03 11:20:00,230.0,9.0,1.8,1011.6,27.9,29.2
2026-08-03 11:10:00,230.0,9.0,1.8,1011.6,28.0,29.2
2026-08-03 11:00:00,230.0,9.0,,1011.5,28.0,29.2
2026-08-03 10:50:00,230.0,9.0,1.8,1011.4,28.0,29.2
2026-08-03 10:40:00,230.0,9.0,,1011.4,28.2,29.2
2026-08-03 10:30:00,240.0,9.0,,1011.4,28.1,29.2
2026-08-03 10:20:00,240.0,9.0,1.8,1011.4,28.2,29.2
2026-08-03 10:10:00,230.0,9.0,,1011.6,28.2,29.2
2026-08-03 10:00:00,220.0,8.0,,1011.6,28.1,29.2
2026-08-03 09:50:00,200.0,8.0,1.9,1011.6,28.2,29.2
2026-08-03 09:40:00,200.0,8.0,,1011.7,28.2,29.2
2026-08-03 09:30:00,200.0,8.0,,1011.6,28.1,29.2
2026-08-03 09:20:00,210.0,8.0,2.0,1011.6,28.2,29.2
2026-08-03 09:10:00,210.0,8.0,2.0,1011.6,28.3,29.2
2026-08-03 09:00:00,210.0,8.0,,1011.6,28.3,29.2
2026-08-03 08:50:00,220.0,8.0,1.9,1011.5,28.3,29.2
2026-08-03 08:40:00,220.0,9.0,,1011.5,28.3,29.2
2026-08-03 08:30:00,220.0,9.0,,1011.2,28.3,29.2
2026-08-03 08:20:00,220.0,9.0,2.3,1011.2,28.3,29.2
2026-08-03 08:10:00,220.0,9.0,,1011.2,28.3,29.2
2026-08-03 08:00:00,230.0,9.0,,1011.3,28.4,29.2
2026-08-03 07:50:00,230.0,10.0,2.0,1011.1,28.4,29.2
2026-08-03 07:40:00,230.0,10.0,,1011.0,28.4,29.2
2026-08-03 07:30:00,220.0,11.0,,1010.8,28.4,29.2
2026-08-03 07:20:00,210.0,10.0,1.9,1010.6,27.8,29.2
2026-08-03 07:10:00,180.0,7.0,1.9,1010.8,26.8,29.2
2026-08-03 07:00:00,180.0,10.0,,1011.1,26.4,29.2
2026-08-03 06:50:00,180.0,11.0,2.0,1011.2,28.0,29.2
2026-08-03 06:40:00,180.0,10.0,,1011.2,28.1,29.2
2026-08-03 06:30:00,170.0,10.0,,1011.3,28.0,29.2
2026-08-03 06:20:00,180.0,10.0,1.7,1011.2,28.1,29.1
2026-08-03 06:10:00,180.0,10.0,,1011.3,28.0,
2026-08-03 06:00:00,190.0,10.0,,1011.4,28.4,29.1
2026-08-03 05:50:00,200.0,10.0,1.6,1011.3,28.4,29.1
2026-08-03 05:40:00,160.0,6.0,1.6,1011.6,27.3,29.1
2026-08-03 05:30:00,130.0,5.0,,1011.6,27.3,29.1
2026-08-03 05:20:00,150.0,5.0,1.4,1011.7,27.2,29.1
2026-08-03 05:10:00,160.0,4.0,1.4,1011.6,27.1,29.1
2026-08-03 05:00:00,180.0,4.0,,1011.6,26.9,29.1
2026-08-03 04:50:00,180.0,4.0,1.8,1011.7,26.6,29.1
2026-08-03 04:40:00,180.0,4.0,,1011.7,26.3,29.1
2026-08-03 04:30:00,170.0,4.0,,1011.8,26.2,29.0
2026-08-03 04:20:00,180.0,4.0,1.8,1012.0,26.1,29.1
2026-08-03 04:10:00,180.0,5.0,1.8,1012.1,26.2,29.1
2026-08-03 04:00:00,180.0,4.0,,1011.9,26.2,29.0
2026-08-03 03:50:00,190.0,5.0,1.9,1011.9,26.3,29.1
2026-08-03 03:40:00,190.0,6.0,,1012.0,26.4,29.1
2026-08-03 03:30:00,190.0,6.0,,1012.0,26.3,29.1
2026-08-03 03:20:00,200.0,6.0,2.0,1012.1,26.1,29.1
2026-08-03 03:10:00,230.0,6.0,2.0,1012.1,25.2,29.1
2026-08-03 03:00:00,240.0,7.0,,1012.1,25.3,29.1
2026-08-03 02:50:00,250.0,6.0,1.8,1012.0,25.5,29.1
2026-08-03 02:40:00,260.0,9.0,,1012.3,25.5,29.1
2026-08-03 02:30:00,270.0,7.0,,1012.0,25.4,29.1
2026-08-03 02:20:00,250.0,6.0,2.0,1012.2,25.4,29.2
2026-08-03 02:10:00,250.0,7.0,2.0,1012.3,26.1,29.2
2026-08-03 02:00:00,250.0,5.0,,1011.9,26.5,29.2
2026-08-03 01:50:00,220.0,8.0,2.0,1011.9,27.8,29.2
2026-08-03 01:40:00,190.0,11.0,,1011.2,28.4,29.2
2026-08-03 01:30:00,190.0,12.0,,1010.9,28.9,29.2
2026-08-03 01:20:00,190.0,12.0,1.7,1011.0,29.0,29.2
2026-08-03 01:10:00,190.0,11.0,1.7,1010.9,29.1,29.2
2026-08-03 01:00:00,190.0,11.0,,1010.6,29.1,29.2
2026-08-03 00:50:00,190.0,11.0,2.0,1010.6,29.0,29.2
2026-08-03 00:40:00,190.0,11.0,,1010.5,29.0,29.2
2026-08-03 00:30:00,190.0,11.0,,1010.6,28.9,29.2
2026-08-03 00:20:00,190.0,11.0,1.9,1010.7,29.0,29.2
2026-08-03 00:10:00,200.0,12.0,,1010.8,29.0,29.2
2026-08-03 00:00:00,190.0,11.0,,1011.0,29.0,29.3
2026-08-02 23:50:00,190.0,10.0,1.8,1010.8,29.0,29.3
2026-08-02 23:40:00,190.0,11.0,,1010.7,29.0,29.3
2026-08-02 23:20:00,190.0,11.0,1.8,1010.7,29.0,29.3
2026-08-02 23:10:00,190.0,11.0,1.8,1010.7,29.0,29.3
2026-08-02 23:00:00,190.0,11.0,,1010.7,29.0,29.3
2026-08-02 22:50:00,190.0,11.0,1.8,1010.6,29.0,29.3
2026-08-02 22:40:00,190.0,10.0,1.8,1010.8,29.0,29.3
2026-08-02 22:30:00,190.0,10.0,,1010.9,29.1,29.3
2026-08-02 22:20:00,190.0,11.0,1.8,1010.9,29.1,29.3
2026-08-02 22:10:00,190.0,11.0,1.8,1011.0,29.1,29.3
2026-08-02 22:00:00,190.0,11.0,,1011.0,29.1,29.3
2026-08-02 21:50:00,190.0,10.0,1.9,1011.1,29.1,29.3
2026-08-02 21:40:00,200.0,11.0,,1010.9,29.1,29.3
2026-08-02 21:30:00,200.0,11.0,,1010.8,29.0,29.3
2026-08-02 21:20:00,190.0,10.0,1.7,1010.9,29.0,29.3
2026-08-02 21:10:00,200.0,10.0,1.7,1010.9,29.0,29.3
2026-08-02 21:00:00,190.0,10.0,,1010.8,28.9,29.3
2026-08-02 20:50:00,190.0,9.0,1.8,1010.9,28.9,29.3
2026-08-02 20:40:00,190.0,10.0,,1011.0,28.8,29.3
2026-08-02 20:30:00,190.0,10.0,,1011.0,28.8,29.3
2026-08-02 20:20:00,200.0,10.0,1.7,1011.1,28.8,29.3
2026-08-02 20:10:00,200.0,11.0,,1011.0,28.8,29.3
2026-08-02 20:00:00,200.0,11.0,,1010.9,28.7,29.3
2026-08-02 19:50:00,200.0,11.0,1.9,1010.9,28.7,29.3
2026-08-02 19:40:00,200.0,10.0,,1011.0,28.8,29.3
2026-08-02 19:30:00,200.0,10.0,,1011.0,28.7,29.3
2026-08-02 19:20:00,200.0,10.0,1.7,1010.9,28.6,29.3
2026-08-02 19:10:00,200.0,9.0,1.7,1010.8,28.6,29.3
2026-08-02 19:00:00,190.0,10.0,,1011.0,28.6,29.3
2026-08-02 18:50:00,190.0,10.0,1.8,1011.1,28.6,29.3
2026-08-02 18:40:00,190.0,9.0,,1011.1,28.6,29.3
2026-08-02 18:30:00,190.0,9.0,,1011.1,28.4,29.3
2026-08-02 18:20:00,190.0,9.0,1.6,1011.2,28.3,29.3
2026-08-02 18:10:00,200.0,9.0,1.6,1011.4,28.3,29.3
2026-08-02 18:00:00,200.0,10.0,,1011.5,28.3,29.3
2026-08-02 17:50:00,200.0,9.0,1.5,1011.6,28.2,29.3
2026-08-02 17:40:00,190.0,9.0,,1011.8,28.1,29.3
2026-08-02 17:30:00,190.0,9.0,,1011.9,27.9,29.3
2026-08-02 17:20:00,180.0,10.0,1.4,1012.1,27.9,29.3
2026-08-02 17:10:00,180.0,10.0,1.4,1012.1,28.1,29.3
2026-08-02 17:00:00,190.0,10.0,,1012.2,28.4,29.3
2026-08-02 16:50:00,190.0,10.0,1.4,1012.1,28.6,29.3
2026-08-02 16:40:00,200.0,10.0,1.4,1012.1,28.7,29.3
2026-08-02 16:30:00,200.0,10.0,,1012.1,28.6,29.3
2026-08-02 16:20:00,190.0,9.0,1.4,1012.2,28.5,29.2
2026-08-02 16:10:00,200.0,9.0,,1012.3,28.6,29.3
2026-08-02 16:00:00,180.0,9.0,,1012.5,28.4,29.2
2026-08-02 15:50:00,180.0,8.0,1.4,1012.5,28.4,29.2
2026-08-02 15:40:00,180.0,8.0,1.4,1012.6,28.3,29.2
2026-08-02 15:30:00,190.0,7.0,,1012.6,28.2,29.2
2026-08-02 15:20:00,200.0,6.0,1.4,1012.7,28.1,29.2
2026-08-02 15:10:00,200.0,7.0,1.4,1012.8,27.9,29.2
2026-08-02 15:00:00,230.0,5.0,,1012.7,27.4,29.2
2026-08-02 14:50:00,240.0,5.0,1.5,1012.6,27.4,29.2
2026-08-02 14:40:00,250.0,5.0,,1012.6,27.3,29.2
2026-08-02 14:30:00,250.0,6.0,,1012.6,27.1,29.2
2026-08-02 14:20:00,260.0,7.0,1.6,1012.5,27.1,29.2
2026-08-02 14:10:00,250.0,7.0,,1012.5,27.5,29.2
2026-08-02 14:00:00,240.0,8.0,,1012.4,27.2,29.1
2026-08-02 13:50:00,230.0,8.0,1.5,1012.3,26.7,29.1
2026-08-02 13:40:00,230.0,8.0,,1012.3,26.4,29.1
2026-08-02 13:30:00,220.0,8.0,,1012.3,26.4,29.1
2026-08-02 13:20:00,220.0,9.0,1.5,1012.3,26.2,29.1
2026-08-02 13:10:00,210.0,8.0,1.5,1012.4,26.5,29.2
2026-08-02 13:00:00,200.0,9.0,,1012.3,27.2,29.2
2026-08-02 12:50:00,220.0,8.0,1.5,1012.2,27.3,29.2
2026-08-02 12:40:00,220.0,9.0,1.5,1012.1,27.2,29.2
2026-08-02 12:30:00,210.0,8.0,,1012.2,26.9,29.2
2026-08-02 12:20:00,220.0,8.0,1.5,1012.2,26.8,29.2
2026-08-02 12:10:00,220.0,8.0,1.5,1012.0,26.7,29.2
2026-08-02 12:00:00,220.0,9.0,,1011.9,26.1,29.2
2026-08-02 11:50:00,220.0,10.0,1.7,1011.8,25.7,29.2
2026-08-02 11:40:00,230.0,10.0,,1011.9,25.9,29.2
2026-08-02 11:30:00,230.0,12.0,,1011.9,26.5,29.2
2026-08-02 11:20:00,220.0,10.0,1.6,1011.9,,29.2
2026-08-02 11:10:00,220.0,10.0,,1011.7,27.7,29.2
2026-08-02 11:00:00,220.0,9.0,,1011.6,27.6,29.3
2026-08-02 10:50:00,230.0,9.0,1.6,1011.5,27.5,29.3
2026-08-02 10:40:00,230.0,10.0,,1011.4,27.6,29.3
2026-08-02 10:30:00,210.0,10.0,,1011.3,28.0,29.3
2026-08-02 10:20:00,210.0,9.0,1.6,1011.1,28.0,29.3
2026-08-02 10:10:00,220.0,9.0,,1011.0,28.0,29.3
2026-08-02 10:00:00,220.0,9.0,,1011.1,28.1,29.3
2026-08-02 09:50:00,220.0,9.0,1.7,1011.1,28.1,29.3
2026-08-02 09:40:00,210.0,9.0,,1011.1,28.1,29.3
2026-08-02 09:30:00,220.0,9.0,,1011.0,27.9,29.3
2026-08-02 09:20:00,210.0,9.0,1.6,1011.1,27.9,29.3
2026-08-02 09:10:00,,,1.6,,,
2026-08-02 09:00:00,210.0,9.0,,1010.9,28.1,29.3
2026-08-02 08:50:00,210.0,9.0,1.7,1011.1,28.1,29.3
2026-08-02 08:40:00,210.0,10.0,,1010.9,28.2,29.3
2026-08-02 08:30:00,200.0,10.0,,1010.8,28.2,29.3
2026-08-02 08:20:00,200.0,10.0,1.4,1010.7,28.2,29.3
2026-08-02 08:10:00,210.0,9.0,,1010.7,28.2,29.3
2026-08-02 08:00:00,200.0,9.0,,1010.9,28.2,29.3
2026-08-02 07:50:00,210.0,10.0,1.3,1010.9,28.2,29.3
2026-08-02 07:40:00,200.0,10.0,,1010.9,28.3,29.3
2026-08-02 07:30:00,200.0,10.0,,1011.0,28.3,29.3
2026-08-02 07:20:00,200.0,10.0,1.3,1011.1,28.3,29.3
2026-08-02 07:10:00,200.0,10.0,1.3,1010.8,28.3,29.3
2026-08-02 07:00:00,210.0,11.0,,1010.9,28.3,29.3
2026-08-02 06:50:00,200.0,11.0,1.1,1010.8,28.3,29.3
2026-08-02 06:40:00,200.0,10.0,,1010.8,28.2,29.3
2026-08-02 06:30:00,200.0,10.0,,1010.9,28.1,29.3
2026-08-02 06:20:00,200.0,9.0,1.1,1011.0,28.4,29.3
2026-08-02 06:10:00,190.0,9.0,1.1,1011.0,28.4,29.3
2026-08-02 06:00:00,180.0,9.0,,1011.0,28.4,29.3
2026-08-02 05:50:00,180.0,9.0,1.1,1011.1,28.3,29.3
2026-08-02 05:40:00,180.0,10.0,1.1,1011.1,28.3,29.3
2026-08-02 05:30:00,180.0,9.0,,1011.1,28.2,29.3
2026-08-02 05:20:00,180.0,9.0,1.1,1011.1,28.2,29.3
2026-08-02 05:10:00,180.0,9.0,1.1,1011.1,28.3,29.3
2026-08-02 05:00:00,180.0,8.0,,1011.2,28.3,29.3
2026-08-02 04:50:00,180.0,8.0,1.0,1011.2,28.4,29.3
2026-08-02 04:40:00,180.0,8.0,,1011.4,28.5,29.3
2026-08-02 04:30:00,180.0,8.0,,1011.4,28.5,29.3
2026-08-02 04:20:00,180.0,6.0,1.0,1011.4,28.4,29.3
2026-08-02 04:10:00,190.0,6.0,,1011.2,28.5,29.3
2026-08-02 04:00:00,200.0,6.0,,1011.2,28.5,29.3
2026-08-02 03:50:00,200.0,7.0,1.0,1011.1,28.5,29.3
2026-08-02 03:40:00,200.0,7.0,1.0,1011.2,28.6,29.3
2026-08-02 03:30:00,200.0,7.0,,1011.2,28.6,29.3
2026-08-02 03:20:00,200.0,7.0,1.0,1011.3,28.6,29.3
2026-08-02 03:10:00,200.0,7.0,,1011.3,28.6,29.3
2026-08-02 03:00:00,210.0,7.0,,1011.3,28.5,
2026-08-02 02:50:00,210.0,7.0,1.0,1011.4,28.5,29.3
2026-08-02 02:40:00,210.0,7.0,,1011.4,28.4,29.3
2026-08-02 02:30:00,210.0,8.0,,1011.3,28.4,29.3
2026-08-02 02:20:00,200.0,7.0,1.0,1011.4,28.4,29.3
2026-08-02 02:10:00,200.0,7.0,1.0,1011.4,28.3,29.3
2026-08-02 02:00:00,190.0,8.0,,1011.5,28.3,29.3
2026-08-02 01:50:00,190.0,8.0,1.0,1011.5,28.3,29.3
2026-08-02 01:40:00,190.0,8.0,,1011.6,28.4,29.3
2026-08-02 01:30:00,200.0,6.0,,1011.4,28.2,29.3
2026-08-02 01:20:00,190.0,6.0,1.0,1011.2,28.1,29.3
2026-08-02 01:10:00,190.0,7.0,1.0,1011.4,28.1,29.3
2026-08-02 01:00:00,190.0,7.0,,1011.4,28.0,29.3
2026-08-02 00:50:00,190.0,8.0,0.9,1011.5,28.1,29.3
2026-08-02 00:40:00,190.0,8.0,,1011.5,28.1,29.3
2026-08-02 00:30:00,190.0,8.0,,1011.6,28.0,29.3
2026-08-02 00:20:00,190.0,8.0,0.9,1011.5,28.3,29.3
2026-08-02 00:10:00,190.0,8.0,0.9,1011.6,28.3,29.4
2026-08-02 00:00:00,180.0,8.0,,1011.5,28.2,29.4
2026-08-01 23:50:00,180.0,7.0,0.9,1011.6,28.2,29.4
2026-08-01 23:40:00,180.0,8.0,0.9,1011.5,28.1,29.4
2026-08-01 23:30:00,180.0,8.0,,1011.2,28.1,29.4
2026-08-01 23:20:00,180.0,8.0,0.9,1011.1,28.4,29.4
2026-08-01 23:10:00,200.0,8.0,,1011.0,28.6,29.4
2026-08-01 23:00:00,190.0,10.0,,1010.9,28.7,29.4
2026-08-01 22:50:00,170.0,8.0,0.9,1010.8,29.1,29.4
2026-08-01 22:40:00,170.0,8.0,,1010.8,29.1,29.4
2026-08-01 22:30:00,170.0,8.0,,1010.7,29.2,29.4
2026-08-01 22:20:00,170.0,8.0,0.9,1010.8,29.3,29.5
2026-08-01 22:10:00,170.0,7.0,,1010.9,29.2,29.5
2026-08-01 22:00:00,170.0,7.0,,1010.8,29.2,29.5
2026-08-01 21:50:00,170.0,7.0,0.9,1011.0,29.1,29.5
2026-08-01 21:40:00,160.0,8.0,,1011.1,29.1,29.5
2026-08-01 21:30:00,170.0,7.0,,1011.2,29.1,29.5
2026-08-01 21:20:00,160.0,8.0,0.9,1011.1,29.2,29.5
2026-08-01 21:10:00,160.0,8.0,,1011.2,29.1,29.5
2026-08-01 21:00:00,160.0,7.0,,1011.3,29.1,29.5
2026-08-01 20:50:00,160.0,8.0,0.9,1011.3,29.1,29.5
2026-08-01 20:40:00,160.0,8.0,0.9,1011.5,29.1,29.5
2026-08-01 20:30:00,160.0,8.0,,1011.8,29.1,29.5
2026-08-01 20:20:00,150.0,8.0,0.9,1011.9,29.2,29.5
2026-08-01 20:10:00,150.0,8.0,,1012.0,29.1,29.5
2026-08-01 20:00:00,150.0,7.0,,1012.1,29.1,29.5
2026-08-01 19:50:00,150.0,8.0,0.8,1012.1,29.0,29.5
2026-08-01 19:40:00,150.0,7.0,,1012.2,29.1,29.5
2026-08-01 19:30:00,150.0,7.0,,1012.2,29.0,29.5
2026-08-01 19:20:00,150.0,7.0,0.8,1012.2,29.0,29.5
2026-08-01 19:10:00,150.0,7.0,,1012.4,29.0,29.5
2026-08-01 19:00:00,150.0,7.0,,1012.5,28.9,29.5
2026-08-01 18:50:00,150.0,7.0,0.8,1012.5,29.0,29.5
2026-08-01 18:40:00,140.0,6.0,,1012.5,29.0,29.5
2026-08-01 18:30:00,140.0,7.0,,1012.6,29.0,29.4
2026-08-01 18:20:00,140.0,7.0,0.8,1012.7,29.0,29.5
2026-08-01 18:10:00,130.0,6.0,,1012.8,28.9,29.4
2026-08-01 18:00:00,130.0,7.0,,1012.8,28.9,29.4
2026-08-01 17:50:00,130.0,7.0,0.8,1013.0,28.9,
2026-08-01 17:40:00,130.0,7.0,,1013.0,28.8,29.4
2026-08-01 17:30:00,140.0,8.0,,1013.2,28.7,29.4
2026-08-01 17:20:00,140.0,8.0,0.7,1013.2,28.8,29.4
2026-08-01 17:10:00,130.0,7.0,,1013.3,28.8,29.4
2026-08-01 17:00:00,130.0,8.0,,1013.4,28.8,29.4
2026-08-01 16:50:00,130.0,7.0,0.7,1013.4,28.8,29.4
2026-08-01 16:40:00,130.0,7.0,,1013.5,28.7,29.4
2026-08-01 16:30:00,130.0,6.0,,1013.5,28.7,29.4
2026-08-01 16:20:00,140.0,6.0,0.6,1013.7,28.9,29.4
2026-08-01 16:10:00,130.0,6.0,0.6,1013.7,28.9,29.4
2026-08-01 16:00:00,130.0,6.0,,1013.8,28.8,29.4
2026-08-01 15:50:00,130.0,6.0,0.7,1013.8,28.8,29.3
2026-08-01 15:40:00,130.0,6.0,,1013.7,28.9,29.3
2026-08-01 15:30:00,120.0,6.0,,1013.5,28.8,29.3
2026-08-01 15:20:00,120.0,6.0,0.6,1013.5,28.8,29.3
2026-08-01 15:10:00,130.0,6.0,,1013.6,28.8,29.3
2026-08-01 15:00:00,120.0,6.0,,1013.6,28.8,29.3
2026-08-01 14:50:00,130.0,5.0,0.6,1013.7,28.8,29.3
2026-08-01 14:40:00,130.0,5.0,,1013.7,28.7,29.3
2026-08-01 14:30:00,130.0,5.0,,1013.7,28.7,29.3
2026-08-01 14:20:00,130.0,5.0,0.7,1013.7,28.7,29.3
2026-08-01 14:10:00,130.0,5.0,,1013.6,28.7,29.3
2026-08-01 14:00:00,130.0,5.0,,1013.7,28.8,29.2
2026-08-01 13:50:00,130.0,5.0,0.7,1013.8,28.8,29.2
2026-08-01 13:40:00,140.0,5.0,,1013.9,28.8,29.2
2026-08-01 13:30:00,140.0,5.0,,1014.0,28.8,29.2
2026-08-01 13:20:00,140.0,5.0,0.7,1014.0,28.8,29.2
2026-08-01 13:10:00,140.0,5.0,,1014.0,28.8,29.2
2026-08-01 13:00:00,130.0,5.0,,1014.1,28.8,29.2
2026-08-01 12:50:00,130.0,5.0,0.7,1014.1,28.8,29.2
2026-08-01 12:40:00,140.0,5.0,,1014.0,28.7,29.2
2026-08-01 12:30:00,130.0,5.0,,1014.0,28.7,29.2
2026-08-01 12:20:00,140.0,5.0,0.7,1014.0,28.7,29.2
2026-08-01 12:10:00,150.0,4.0,,1014.1,28.7,29.2
2026-08-01 12:00:00,150.0,4.0,,1014.1,28.7,29.2
2026-08-01 11:50:00,140.0,4.0,0.7,1014.2,28.6,
2026-08-01 11:40:00,130.0,4.0,,1014.0,28.6,29.2
2026-08-01 11:30:00,140.0,5.0,,1014.1,28.6,29.2
2026-08-01 11:20:00,140.0,5.0,0.7,1014.0,28.6,29.2
2026-08-01 11:10:00,150.0,5.0,0.7,1014.0,28.6,29.2
2026-08-01 11:00:00,150.0,5.0,,1013.9,28.6,29.2
2026-08-01 10:50:00,150.0,5.0,0.8,1013.9,28.5,29.2
2026-08-01 10:40:00,150.0,5.0,0.8,1013.8,28.6,29.2
2026-08-01 10:30:00,150.0,5.0,,1013.7,28.5,29.2
2026-08-01 10:20:00,150.0,6.0,0.8,1013.5,28.5,29.2
2026-08-01 10:10:00,150.0,6.0,0.8,1013.4,28.5,29.2
2026-08-01 10:00:00,160.0,6.0,,1013.4,28.5,29.2
2026-08-01 09:50:00,150.0,7.0,0.8,1013.3,28.5,29.2
2026-08-01 09:40:00,160.0,7.0,,1013.4,28.5,29.2
2026-08-01 09:30:00,160.0,7.0,,1013.4,28.5,29.3
2026-08-01 09:20:00,160.0,6.0,0.9,1013.5,28.5,29.3
2026-08-01 09:10:00,160.0,7.0,0.9,1013.4,28.6,29.3
2026-08-01 09:00:00,160.0,7.0,,1013.4,28.6,29.3
2026-08-01 08:50:00,150.0,6.0,0.9,1013.3,28.6,29.3
2026-08-01 08:40:00,150.0,7.0,,1013.2,28.6,29.3
2026-08-01 08:30:00,150.0,7.0,,1013.2,28.6,29.3
2026-08-01 08:20:00,150.0,6.0,1.0,1013.1,28.7,29.3
2026-08-01 08:10:00,150.0,7.0,,1013.2,28.7,29.3
2026-08-01 08:00:00,160.0,7.0,,1013.3,28.8,29.3
2026-08-01 07:50:00,150.0,7.0,0.9,1013.6,28.8,29.3
2026-08-01 07:40:00,160.0,7.0,,1013.7,28.9,29.3
2026-08-01 07:30:00,150.0,7.0,,1013.7,28.9,29.3
2026-08-01 07:20:00,150.0,7.0,1.0,1013.9,29.0,29.3
2026-08-01 07:10:00,140.0,7.0,,1013.9,29.0,29.3
2026-08-01 07:00:00,150.0,7.0,,1014.1,29.1,29.3
2026-08-01 06:50:00,150.0,7.0,1.0,1014.2,29.1,29.3
2026-08-01 06:40:00,140.0,7.0,,1014.3,29.1,29.3
2026-08-01 06:30:00,150.0,8.0,,1014.3,29.1,29.3
2026-08-01 06:20:00,150.0,7.0,1.0,1014.4,29.1,29.3
2026-08-01 06:10:00,150.0,8.0,,1014.5,29.1,29.3
2026-08-01 06:00:00,150.0,7.0,,1014.6,29.1,29.3
2026-08-01 05:50:00,150.0,8.0,0.9,1014.7,29.1,29.3
2026-08-01 05:40:00,150.0,8.0,,1014.7,29.0,29.3
2026-08-01 05:30:00,150.0,8.0,,1014.7,29.0,29.3
2026-08-01 05:20:00,150.0,8.0,1.0,1014.9,29.1,29.3
2026-08-01 05:10:00,150.0,8.0,,1015.0,29.0,29.3
2026-08-01 05:00:00,150.0,8.0,,1015.2,29.1,29.3
2026-08-01 04:50:00,150.0,8.0,0.9,1015.3,29.1,29.3
2026-08-01 04:40:00,150.0,8.0,,1015.3,29.2,29.3
2026-08-01 04:30:00,150.0,8.0,,1015.4,29.1,29.3
2026-08-01 04:20:00,150.0,8.0,0.8,1015.5,29.1,29.3
2026-08-01 04:10:00,150.0,8.0,0.8,1015.4,29.2,29.3
2026-08-01 04:00:00,150.0,8.0,,1015.6,29.2,29.3
2026-08-01 03:50:00,150.0,7.0,0.9,1015.5,29.2,29.3
2026-08-01 03:40:00,150.0,8.0,,1015.5,29.2,29.3
2026-08-01 03:30:00,150.0,8.0,,1015.5,29.2,29.3
2026-08-01 03:20:00,150.0,8.0,0.8,1015.4,29.2,29.3
2026-08-01 03:10:00,140.0,8.0,,1015.4,29.1,29.3
2026-08-01 03:00:00,140.0,8.0,,1015.4,29.1,29.3
2026-08-01 02:50:00,130.0,8.0,0.7,1015.5,29.2,29.3
2026-08-01 02:40:00,140.0,8.0,,1015.4,29.2,29.3
2026-08-01 02:30:00,130.0,7.0,,1015.3,29.2,29.3
2026-08-01 02:20:00,130.0,7.0,0.7,1015.1,29.2,29.4
2026-08-01 02:10:00,130.0,7.0,,1015.1,29.1,29.4
2026-08-01 02:00:00,130.0,7.0,,1014.9,29.1,29.4
2026-08-01 01:50:00,130.0,7.0,0.7,1014.7,29.1,29.4
2026-08-01 01:40:00,130.0,7.0,,1014.6,29.2,29.4
2026-08-01 01:30:00,120.0,7.0,,1014.5,29.2,29.4
2026-08-01 01:20:00,130.0,7.0,0.7,1014.4,29.2,29.4
2026-08-01 01:10:00,130.0,6.0,0.7,1014.5,29.2,29.5
2026-08-01 01:00:00,130.0,6.0,,1014.4,29.1,29.4
2026-08-01 00:50:00,130.0,6.0,0.6,1014.4,29.1,29.5
2026-08-01 00:40:00,130.0,6.0,,1014.2,29.1,29.5
2026-08-01 00:30:00,130.0,6.0,,1014.2,29.1,
2026-08-01 00:20:00,140.0,6.0,0.6,1014.2,29.0,29.5
2026-08-01 00:10:00,130.0,6.0,0.6,1014.3,29.1,29.5
2026-08-01 00:00:00,140.0,6.0,,1014.3,29.1,29.6
2026-07-31 23:50:00,140.0,6.0,0.6,1014.3,29.1,29.6
2026-07-31 23:40:00,140.0,6.0,0.6,1014.4,29.2,29.6
2026-07-31 23:00:00,130.0,5.0,0.6,1014.3,29.2,29.6
2026-07-31 22:50:00,130.0,5.0,0.6,1014.3,29.2,29.6
2026-07-31 22:40:00,130.0,5.0,,1014.3,29.2,29.7
2026-07-31 22:30:00,130.0,5.0,,1014.4,29.2,29.7
2026-07-31 22:20:00,120.0,5.0,0.5,1014.5,29.1,29.7
2026-07-31 22:10:00,130.0,5.0,,1014.6,29.2,29.6
2026-07-31 22:00:00,140.0,5.0,,1014.8,29.2,29.6
2026-07-31 21:50:00,140.0,5.0,0.6,1015.0,29.1,29.7
2026-07-31 21:40:00,140.0,5.0,,1015.1,29.2,29.6
2026-07-31 21:30:00,140.0,5.0,,1015.1,29.2,29.7
2026-07-31 21:20:00,140.0,5.0,0.6,1015.2,29.1,29.7
2026-07-31 21:10:00,140.0,5.0,0.6,1015.1,29.1,29.6
2026-07-31 21:00:00,140.0,5.0,,1015.2,29.0,29.7
2026-07-31 20:50:00,140.0,5.0,0.6,1015.2,29.0,29.7
2026-07-31 20:40:00,140.0,5.0,,1015.2,29.0,29.6
2026-07-31 20:30:00,150.0,5.0,,1015.3,29.0,29.6
2026-07-31 20:20:00,130.0,5.0,0.6,1015.3,29.0,29.7
2026-07-31 20:10:00,140.0,5.0,,1015.3,29.0,29.7
2026-07-31 20:00:00,130.0,5.0,,1015.3,28.9,29.7
2026-07-31 19:50:00,130.0,5.0,0.6,1015.4,28.9,29.8
2026-07-31 19:40:00,140.0,4.0,0.6,1015.4,28.8,29.8
2026-07-31 19:30:00,130.0,4.0,,1015.6,28.8,29.8
2026-07-31 19:20:00,130.0,4.0,0.6,1015.7,28.8,29.7
2026-07-31 19:10:00,130.0,4.0,0.6,1016.0,28.8,29.7
2026-07-31 19:00:00,130.0,4.0,,1016.0,28.7,29.7
2026-07-31 18:50:00,120.0,3.0,0.7,1015.9,28.7,
2026-07-31 18:40:00,110.0,4.0,0.7,1016.1,28.7,29.7
2026-07-31 18:30:00,110.0,4.0,,1016.2,28.7,29.7
2026-07-31 18:20:00,90.0,4.0,0.6,1016.1,28.7,29.7
2026-07-31 18:10:00,90.0,4.0,0.6,1016.1,28.7,29.7
2026-07-31 18:00:00,100.0,4.0,,1016.2,28.7,29.7
2026-07-31 17:50:00,110.0,4.0,0.6,1016.2,28.5,29.6
2026-07-31 17:40:00,100.0,3.0,,1016.2,28.5,29.6
2026-07-31 17:30:00,90.0,3.0,,1016.2,28.5,29.6
2026-07-31 17:20:00,90.0,3.0,0.6,1016.3,28.5,29.5
2026-07-31 17:10:00,100.0,3.0,0.6,1016.4,28.5,29.6
2026-07-31 17:00:00,90.0,3.0,,1016.4,28.4,29.6
2026-07-31 16:50:00,100.0,3.0,0.6,1016.4,28.4,29.5
2026-07-31 16:40:00,90.0,3.0,,1016.3,28.3,29.4
2026-07-31 16:30:00,90.0,3.0,,1016.3,28.3,29.4
2026-07-31 16:20:00,90.0,3.0,0.6,1016.3,28.3,29.4
2026-07-31 16:10:00,90.0,3.0,0.6,1016.4,28.3,29.4
2026-07-31 16:00:00,100.0,3.0,,1016.4,28.3,29.4
2026-07-31 15:50:00,100.0,3.0,0.5,1016.4,28.2,29.3
2026-07-31 15:40:00,100.0,3.0,,1016.5,28.3,29.3
2026-07-31 15:30:00,110.0,2.0,,1016.5,28.3,29.3
2026-07-31 15:20:00,100.0,2.0,0.5,1016.5,28.3,29.3
2026-07-31 15:10:00,90.0,2.0,0.5,1016.4,28.3,29.3
2026-07-31 15:00:00,100.0,2.0,,1016.3,28.4,29.2
2026-07-31 14:50:00,100.0,3.0,0.5,1016.3,28.3,29.2
2026-07-31 14:40:00,90.0,3.0,0.5,1016.1,28.3,29.2
2026-07-31 14:30:00,100.0,3.0,,1016.2,28.3,29.2
2026-07-31 14:20:00,90.0,2.0,0.5,1015.9,28.4,29.2
2026-07-31 14:10:00,80.0,2.0,0.5,1015.8,28.5,29.2
2026-07-31 14:00:00,80.0,2.0,,1015.9,28.5,29.2
2026-07-31 13:50:00,80.0,2.0,0.5,1015.8,28.4,29.2
2026-07-31 13:40:00,80.0,2.0,0.5,1015.8,28.5,29.2
2026-07-31 13:30:00,80.0,1.0,,1015.8,28.6,29.2
2026-07-31 13:20:00,90.0,1.0,0.5,1015.7,28.6,29.1
2026-07-31 13:10:00,100.0,1.0,,1015.7,28.5,29.1
2026-07-31 13:00:00,120.0,1.0,,1015.6,28.6,29.1
2026-07-31 12:50:00,120.0,1.0,0.5,1015.6,28.6,29.1
2026-07-31 12:40:00,120.0,1.0,,1015.5,28.5,29.1
2026-07-31 12:30:00,120.0,1.0,,1015.4,28.4,29.1
2026-07-31 12:20:00,130.0,2.0,0.5,1015.5,28.4,
2026-07-31 12:10:00,140.0,2.0,0.5,1015.4,28.4,29.1
2026-07-31 12:00:00,140.0,2.0,,1015.4,28.3,29.1
2026-07-31 11:50:00,140.0,2.0,0.5,1015.5,28.2,29.1
2026-07-31 11:40:00,140.0,2.0,,1015.5,28.1,29.1
2026-07-31 11:30:00,140.0,2.0,,1015.5,28.1,29.1
2026-07-31 11:20:00,140.0,2.0,0.5,1015.4,28.1,29.1
2026-07-31 11:10:00,130.0,1.0,0.5,1015.5,28.0,29.1
2026-07-31 11:00:00,130.0,2.0,,1015.4,28.0,29.1
2026-07-31 10:50:00,140.0,1.0,0.5,1015.3,27.9,29.1
2026-07-31 10:40:00,130.0,1.0,,1015.3,27.9,29.1
2026-07-31 10:30:00,130.0,2.0,,1015.2,27.9,29.1
2026-07-31 10:20:00,130.0,2.0,0.5,1015.0,27.9,29.1
2026-07-31 10:10:00,120.0,2.0,0.5,1014.8,27.9,29.1
2026-07-31 10:00:00,120.0,2.0,,1014.8,28.0,29.1
2026-07-31 09:50:00,110.0,2.0,0.5,1014.8,28.0,29.1
2026-07-31 09:40:00,120.0,2.0,,1014.8,28.0,29.1
2026-07-31 09:30:00,110.0,2.0,,1014.9,28.1,29.1
2026-07-31 09:20:00,110.0,2.0,0.6,1014.9,28.1,
2026-07-31 09:10:00,100.0,2.0,0.6,1014.8,28.2,29.2
2026-07-31 09:00:00,120.0,2.0,,1014.8,28.2,29.2
2026-07-31 08:50:00,130.0,2.0,0.6,1014.8,28.2,29.1
2026-07-31 08:40:00,120.0,1.0,,1014.8,28.2,29.2
2026-07-31 08:30:00,120.0,1.0,,1014.9,28.3,29.2
2026-07-31 08:20:00,130.0,2.0,0.6,1014.9,28.3,29.2
2026-07-31 08:10:00,120.0,2.0,0.6,1014.8,28.3,29.2
2026-07-31 08:00:00,130.0,2.0,,1014.8,28.4,29.2
2026-07-31 07:50:00,150.0,2.0,0.7,1014.9,28.3,29.2
2026-07-31 07:40:00,140.0,2.0,,1015.0,28.4,29.2
2026-07-31 07:30:00,130.0,2.0,,1014.9,28.4,29.2
2026-07-31 07:20:00,130.0,2.0,0.7,1014.8,28.4,29.2
2026-07-31 07:10:00,130.0,2.0,0.7,1014.8,28.5,29.2
2026-07-31 07:00:00,140.0,2.0,,1014.9,28.5,29.2
2026-07-31 06:50:00,140.0,2.0,0.6,1014.8,28.5,29.2
2026-07-31 06:40:00,150.0,2.0,,1014.9,28.6,29.2
2026-07-31 06:30:00,150.0,2.0,,1014.7,28.5,29.2
2026-07-31 06:20:00,150.0,2.0,0.7,1014.7,28.5,29.2
2026-07-31 06:10:00,160.0,2.0,0.7,1014.9,28.5,29.2
2026-07-31 06:00:00,160.0,2.0,,1015.0,28.6,29.2
2026-07-31 05:50:00,150.0,2.0,0.6,1015.0,28.5,29.2
2026-07-31 05:40:00,150.0,2.0,,1014.9,28.6,29.2
2026-07-31 05:30:00,160.0,2.0,,1015.0,28.6,29.2
2026-07-31 05:20:00,160.0,2.0,0.7,1015.2,28.6,29.2
2026-07-31 05:10:00,140.0,2.0,,1015.2,28.5,29.2
2026-07-31 05:00:00,160.0,3.0,,1015.2,28.5,29.2
2026-07-31 04:50:00,150.0,2.0,0.7,1015.3,28.6,29.2
2026-07-31 04:40:00,130.0,2.0,,1015.2,28.5,
2026-07-31 04:30:00,170.0,3.0,,1015.2,28.5,29.2
2026-07-31 04:20:00,130.0,3.0,0.7,1015.2,28.7,29.2
2026-07-31 04:10:00,100.0,3.0,,1015.2,28.7,29.2
2026-07-31 04:00:00,120.0,2.0,,1015.1,28.7,29.2
2026-07-31 03:50:00,120.0,2.0,0.6,1015.0,28.7,29.3
2026-07-31 03:40:00,130.0,2.0,,1015.0,28.6,29.3
2026-07-31 03:30:00,130.0,3.0,,1014.9,28.6,29.3
2026-07-31 03:20:00,140.0,3.0,0.6,1014.9,28.5,29.3
2026-07-31 03:10:00,120.0,3.0,,1014.9,28.6,29.3
2026-07-31 03:00:00,120.0,3.0,,1014.9,28.6,29.3
2026-07-31 02:50:00,120.0,3.0,0.6,1014.7,28.5,29.2
2026-07-31 02:40:00,120.0,2.0,,1014.7,28.5,29.2
2026-07-31 02:30:00,110.0,3.0,,1014.7,28.5,29.2
2026-07-31 02:20:00,100.0,3.0,0.6,1014.6,28.4,29.2
2026-07-31 02:10:00,110.0,3.0,0.6,1014.4,28.4,29.2
2026-07-31 02:00:00,100.0,2.0,,1014.4,28.4,29.2
2026-07-31 01:50:00,100.0,3.0,0.7,1014.3,28.4,29.2
2026-07-31 01:40:00,100.0,3.0,0.7,1014.1,28.4,29.2
2026-07-31 01:30:00,100.0,2.0,,1013.9,28.4,29.2
2026-07-31 01:20:00,90.0,3.0,0.7,1013.8,28.4,29.2
2026-07-31 01:10:00,100.0,3.0,0.7,1013.8,28.4,29.3
2026-07-31 01:00:00,100.0,3.0,,1013.6,28.3,29.3
2026-07-31 00:50:00,100.0,4.0,0.7,1013.4,28.3,29.3
2026-07-31 00:40:00,100.0,4.0,,1013.1,28.3,29.4
2026-07-31 00:30:00,100.0,4.0,,1013.0,28.4,29.4
2026-07-31 00:20:00,90.0,4.0,0.7,1012.8,28.5,29.3
2026-07-31 00:10:00,90.0,4.0,0.7,1012.8,28.6,29.4
2026-07-31 00:00:00,90.0,3.0,,1012.8,28.6,29.4
2026-07-30 23:50:00,90.0,4.0,0.7,1012.5,28.6,29.4
2026-07-30 23:40:00,90.0,4.0,,1012.4,28.7,29.4
2026-07-30 23:20:00,80.0,4.0,0.8,1012.1,28.8,29.4
2026-07-30 23:10:00,90.0,4.0,0.8,1012.0,28.9,29.4
2026-07-30 23:00:00,90.0,3.0,,1012.0,28.9,29.4
2026-07-30 22:50:00,80.0,3.0,0.8,1012.0,28.9,29.4
2026-07-30 22:40:00,80.0,3.0,,1011.9,28.9,29.4
2026-07-30 22:30:00,90.0,3.0,,1012.0,28.9,29.4
2026-07-30 22:20:00,80.0,3.0,0.8,1012.0,28.8,29.4
2026-07-30 22:10:00,70.0,3.0,,1012.0,28.9,29.4
2026-07-30 22:00:00,80.0,2.0,,1012.0,28.9,29.4
2026-07-30 21:50:00,80.0,2.0,0.9,1012.0,28.9,29.4
2026-07-30 21:40:00,80.0,2.0,0.9,1012.0,28.9,29.4
2026-07-30 21:30:00,60.0,2.0,,1012.0,28.8,29.4
2026-07-30 21:20:00,60.0,2.0,0.9,1012.0,28.7,29.4
2026-07-30 21:10:00,90.0,2.0,0.9,1012.0,28.7,29.4
2026-07-30 21:00:00,70.0,2.0,,1011.9,28.6,29.4
2026-07-30 20:50:00,50.0,1.0,1.0,1012.0,28.4,29.4
2026-07-30 20:40:00,40.0,2.0,,1011.9,28.4,29.4
2026-07-30 20:30:00,20.0,2.0,,1011.9,28.3,29.4
2026-07-30 20:20:00,20.0,3.0,1.0,1011.9,28.2,29.4
2026-07-30 20:10:00,10.0,3.0,1.0,1011.9,28.0,29.4
2026-07-30 20:00:00,10.0,4.0,,1011.9,27.9,29.4
2026-07-30 19:50:00,10.0,4.0,1.0,1012.0,27.8,29.4
2026-07-30 19:40:00,20.0,4.0,,1012.0,27.8,29.4
2026-07-30 19:30:00,10.0,4.0,,1012.0,27.7,29.3
2026-07-30 19:20:00,10.0,4.0,1.1,1012.2,27.6,29.3
2026-07-30 19:10:00,10.0,5.0,,1012.2,27.6,29.3
2026-07-30 19:00:00,10.0,5.0,,1012.3,27.6,29.3
2026-07-30 18:50:00,10.0,5.0,1.1,1012.4,27.5,29.3
2026-07-30 18:40:00,10.0,5.0,,1012.5,27.5,29.3
2026-07-30 18:30:00,10.0,5.0,,1012.7,27.4,
2026-07-30 18:20:00,10.0,5.0,1.2,1012.7,27.5,29.3
2026-07-30 18:10:00,10.0,5.0,1.2,1012.8,27.4,29.3
2026-07-30 18:00:00,10.0,5.0,,1012.8,27.5,29.2
2026-07-30 17:50:00,10.0,5.0,1.3,1012.8,27.6,29.2
2026-07-30 17:40:00,10.0,5.0,,1012.7,27.5,29.2
2026-07-30 17:30:00,360.0,5.0,,1012.8,27.5,29.2
2026-07-30 17:20:00,360.0,5.0,1.4,1012.9,27.5,29.2
2026-07-30 17:10:00,360.0,6.0,1.4,1012.8,27.5,29.2
2026-07-30 17:00:00,10.0,6.0,,1012.7,27.5,29.2
2026-07-30 16:50:00,360.0,6.0,1.3,1012.8,27.6,29.2
2026-07-30 16:40:00,360.0,6.0,,1012.8,27.7,29.1
2026-07-30 16:30:00,10.0,6.0,,1012.9,27.7,29.2
2026-07-30 16:20:00,10.0,6.0,1.2,1012.9,27.8,29.2
2026-07-30 16:10:00,10.0,5.0,1.2,1012.9,27.7,29.1
2026-07-30 16:00:00,10.0,5.0,,1013.0,27.7,29.1
2026-07-30 15:50:00,20.0,5.0,1.3,1013.0,27.7,29.1
2026-07-30 15:40:00,20.0,6.0,,1012.9,27.7,29.1
2026-07-30 15:30:00,10.0,6.0,,1012.8,27.8,29.1
2026-07-30 15:20:00,10.0,6.0,1.2,1012.7,27.9,29.1
2026-07-30 15:10:00,20.0,5.0,1.2,1012.7,28.0,29.1
2026-07-30 15:00:00,20.0,6.0,,1012.6,28.1,29.1
2026-07-30 14:50:00,20.0,6.0,1.3,1012.4,28.1,29.1
2026-07-30 14:40:00,20.0,6.0,1.3,1012.3,28.1,29.0
2026-07-30 14:30:00,20.0,6.0,,1012.3,28.1,29.0
2026-07-30 14:20:00,30.0,7.0,1.3,1012.2,28.1,29.1
2026-07-30 14:10:00,30.0,7.0,,1011.9,28.1,29.1
2026-07-30 14:00:00,30.0,7.0,,1011.9,28.1,29.1
2026-07-30 13:50:00,30.0,7.0,1.2,1011.7,28.1,29.1
2026-07-30 13:40:00,30.0,7.0,,1011.7,28.1,29.1
2026-07-30 13:30:00,20.0,7.0,,1011.7,28.1,29.0
2026-07-30 13:20:00,20.0,7.0,1.2,1011.6,28.1,29.0
2026-07-30 13:10:00,20.0,7.0,1.2,1011.4,28.1,29.0
2026-07-30 13:00:00,20.0,7.0,,1011.5,28.1,29.0
2026-07-30 12:50:00,20.0,8.0,1.2,1011.3,28.1,29.0
2026-07-30 12:40:00,20.0,8.0,,1011.3,28.2,29.1
2026-07-30 12:30:00,20.0,8.0,,1011.2,28.2,29.0
2026-07-30 12:20:00,20.0,8.0,1.2,1011.1,28.2,29.1
2026-07-30 12:10:00,20.0,8.0,1.2,1011.0,28.3,29.0
2026-07-30 12:00:00,20.0,8.0,,1010.9,28.3,29.1
2026-07-30 11:50:00,20.0,8.0,1.1,1010.8,28.3,29.1
2026-07-30 11:40:00,20.0,8.0,,1010.7,28.4,29.0
2026-07-30 11:30:00,20.0,8.0,,1010.4,28.4,29.1
2026-07-30 11:20:00,20.0,8.0,1.1,1010.4,28.4,29.1
2026-07-30 11:10:00,20.0,8.0,1.1,1010.3,28.4,29.1
2026-07-30 11:00:00,20.0,8.0,,1010.2,28.3,29.1
2026-07-30 10:50:00,10.0,8.0,1.1,1009.9,28.3,29.1
2026-07-30 10:40:00,10.0,8.0,,1009.8,28.4,29.1
2026-07-30 10:30:00,20.0,8.0,,1009.8,28.4,29.1
2026-07-30 10:20:00,20.0,7.0,1.0,1009.6,28.5,29.1
2026-07-30 10:10:00,10.0,7.0,,1009.5,28.5,29.1
2026-07-30 10:00:00,10.0,6.0,,1009.4,28.5,29.1
2026-07-30 09:50:00,340.0,5.0,0.9,1009.3,28.6,29.1
2026-07-30 09:40:00,330.0,5.0,,1009.1,28.5,29.1
2026-07-30 09:30:00,330.0,4.0,,1009.0,28.6,29.1
2026-07-30 09:20:00,320.0,4.0,0.9,1008.9,28.6,29.1
2026-07-30 09:10:00,330.0,4.0,0.9,1008.9,28.6,29.1
2026-07-30 09:00:00,330.0,3.0,,1008.8,28.6,29.1
2026-07-30 08:50:00,340.0,3.0,0.8,1008.7,28.5,29.1
2026-07-30 08:40:00,340.0,3.0,,1008.7,28.5,29.1
2026-07-30 08:30:00,360.0,2.0,,1008.7,28.4,29.1
2026-07-30 08:20:00,350.0,3.0,0.9,1008.7,28.3,29.2
2026-07-30 08:10:00,350.0,2.0,0.9,1008.5,28.0,29.2
2026-07-30 08:00:00,20.0,2.0,,1008.5,28.0,29.2
2026-07-30 07:50:00,50.0,2.0,0.8,1008.5,27.9,29.2
2026-07-30 07:40:00,60.0,2.0,,1008.7,27.8,29.2
2026-07-30 07:30:00,50.0,2.0,,1008.7,27.5,29.2
2026-07-30 07:20:00,50.0,3.0,0.8,1008.6,27.1,29.2
2026-07-30 07:10:00,60.0,4.0,0.8,1008.7,26.8,29.2
2026-07-30 07:00:00,40.0,3.0,,1008.6,26.7,29.2
2026-07-30 06:50:00,50.0,5.0,0.8,1008.7,26.7,29.2
2026-07-30 06:40:00,60.0,4.0,,1008.8,26.4,29.2
2026-07-30 06:30:00,50.0,7.0,,1009.0,26.4,29.2
2026-07-30 06:20:00,50.0,8.0,0.8,1009.2,24.8,29.2
2026-07-30 06:10:00,50.0,7.0,0.8,1009.0,23.5,29.2
2026-07-30 06:00:00,350.0,12.0,,1009.9,23.9,29.2
2026-07-30 05:50:00,300.0,,1.0,1011.3,27.5,
2026-07-30 05:40:00,230.0,6.0,1.0,1009.0,29.6,29.3
2026-07-30 05:30:00,230.0,5.0,,1008.9,29.4,29.3
2026-07-30 05:20:00,220.0,4.0,0.9,1008.9,29.3,29.3
2026-07-30 05:10:00,210.0,4.0,0.9,1009.3,29.4,29.3
2026-07-30 05:00:00,210.0,4.0,,1009.2,29.3,29.3
2026-07-30 04:50:00,210.0,4.0,0.9,1009.5,29.4,29.3
2026-07-30 04:40:00,210.0,4.0,,1009.5,29.4,29.3
2026-07-30 04:30:00,200.0,4.0,,1009.6,29.4,29.3
2026-07-30 04:20:00,210.0,3.0,0.9,1009.7,29.4,29.3
2026-07-30 04:10:00,220.0,2.0,0.9,1009.4,29.5,29.3
2026-07-30 04:00:00,210.0,3.0,,1009.4,29.5,29.3
2026-07-30 03:50:00,210.0,3.0,0.9,1009.4,29.6,29.3
2026-07-30 03:40:00,230.0,2.0,,1009.4,29.6,29.3
2026-07-30 03:30:00,250.0,2.0,,1009.3,29.6,29.3
2026-07-30 03:20:00,240.0,2.0,1.0,1009.3,29.5,29.3
2026-07-30 03:10:00,240.0,3.0,1.0,1009.3,29.6,29.3
2026-07-30 03:00:00,250.0,3.0,,1009.3,29.5,29.3
2026-07-30 02:50:00,260.0,3.0,1.0,1009.3,29.3,29.3
2026-07-30 02:40:00,260.0,3.0,,1009.3,29.4,29.3
2026-07-30 02:30:00,260.0,3.0,,1009.2,29.5,29.3
2026-07-30 02:20:00,260.0,4.0,0.9,1009.0,29.5,29.3
2026-07-30 02:10:00,260.0,3.0,0.9,1008.8,29.5,29.3
2026-07-30 02:00:00,240.0,4.0,,1008.9,29.5,29.3
2026-07-30 01:50:00,230.0,4.0,1.0,1008.7,29.5,29.3
2026-07-30 01:40:00,240.0,4.0,,1008.6,29.6,29.3
2026-07-30 01:30:00,240.0,5.0,,1008.4,29.6,29.3
2026-07-30 01:20:00,240.0,5.0,1.1,1008.2,29.5,29.3
2026-07-30 01:10:00,230.0,5.0,1.1,1008.1,29.3,29.3
2026-07-30 01:00:00,230.0,5.0,,1008.0,29.4,29.3
2026-07-30 00:50:00,220.0,6.0,1.0,1008.0,29.5,29.3
2026-07-30 00:40:00,220.0,6.0,,1008.0,29.5,29.4
2026-07-30 00:30:00,230.0,6.0,,1007.8,29.5,29.4
2026-07-30 00:20:00,230.0,6.0,1.0,1007.7,29.5,29.4
2026-07-30 00:10:00,230.0,5.0,1.0,1007.8,29.6,29.4
2026-07-30 00:00:00,220.0,6.0,,1007.6,29.7,29.4
2026-07-29 23:50:00,220.0,6.0,1.0,1007.7,29.7,29.5
2026-07-29 23:40:00,230.0,6.0,,1007.6,29.7,29.5
2026-07-29 23:10:00,230.0,6.0,1.1,1007.5,29.7,29.5
2026-07-29 23:00:00,230.0,7.0,,1007.5,29.6,29.5
2026-07-29 22:50:00,230.0,6.0,1.0,1007.4,29.7,29.6
2026-07-29 22:40:00,220.0,6.0,,1007.3,29.8,29.6
2026-07-29 22:30:00,230.0,5.0,,1007.0,29.8,29.7
2026-07-29 22:20:00,230.0,5.0,1.0,1007.1,29.9,29.7
2026-07-29 22:10:00,230.0,5.0,,1007.2,29.8,29.7
2026-07-29 22:00:00,220.0,5.0,,1007.0,29.8,29.7
2026-07-29 21:50:00,220.0,5.0,1.0,1007.1,29.8,29.7
2026-07-29 21:40:00,220.0,5.0,,1007.0,29.7,29.7
2026-07-29 21:30:00,220.0,5.0,,1007.1,29.6,29.7
2026-07-29 21:20:00,220.0,4.0,1.0,1007.1,29.7,29.8
2026-07-29 21:10:00,220.0,4.0,1.0,1007.1,29.6,29.7
2026-07-29 21:00:00,220.0,4.0,,1007.2,29.6,29.8
2026-07-29 20:50:00,220.0,4.0,1.1,1007.4,29.6,29.7
2026-07-29 20:40:00,220.0,4.0,,1007.3,29.6,29.8
2026-07-29 20:30:00,220.0,4.0,,1007.4,29.5,29.7
2026-07-29 20:20:00,220.0,4.0,1.1,1007.5,29.5,29.8
2026-07-29 20:10:00,220.0,4.0,1.1,1007.5,29.5,29.7
2026-07-29 20:00:00,230.0,3.0,,1007.6,29.5,29.6
2026-07-29 19:50:00,240.0,3.0,1.1,1007.8,29.5,29.5
2026-07-29 19:40:00,250.0,3.0,,1007.8,29.4,
2026-07-29 19:30:00,250.0,3.0,,1007.8,29.3,29.5
2026-07-29 19:20:00,260.0,3.0,1.0,1007.9,29.3,29.5
2026-07-29 19:10:00,260.0,2.0,1.0,1007.9,29.3,29.6
2026-07-29 19:00:00,270.0,3.0,,1007.9,29.3,29.6
2026-07-29 18:50:00,260.0,3.0,1.0,1007.9,29.2,29.4
2026-07-29 18:40:00,270.0,2.0,,1008.0,29.2,29.4
2026-07-29 18:30:00,280.0,2.0,,1008.1,29.2,29.4
2026-07-29 18:20:00,280.0,2.0,1.1,1008.1,29.2,29.4
2026-07-29 18:10:00,280.0,2.0,1.1,1008.2,29.2,29.4
2026-07-29 18:00:00,290.0,2.0,,1008.2,29.3,29.3
2026-07-29 17:50:00,290.0,2.0,1.1,1008.3,29.3,29.3
2026-07-29 17:40:00,280.0,2.0,,1008.4,29.3,29.3
2026-07-29 17:30:00,290.0,2.0,,1008.3,29.3,29.3
2026-07-29 17:20:00,300.0,2.0,1.1,1008.4,29.3,29.3
2026-07-29 17:10:00,310.0,3.0,1.1,1008.3,29.2,29.2
2026-07-29 17:00:00,310.0,3.0,,1008.4,29.0,29.2
2026-07-29 16:50:00,290.0,4.0,1.0,1008.4,29.1,29.2
2026-07-29 16:40:00,300.0,4.0,,1008.5,29.1,29.2
2026-07-29 16:30:00,300.0,4.0,,1008.4,29.1,29.2
2026-07-29 16:20:00,290.0,4.0,1.2,1008.4,29.1,29.1
2026-07-29 16:10:00,290.0,4.0,,1008.5,29.1,29.1
2026-07-29 16:00:00,290.0,5.0,,1008.4,29.1,29.1
2026-07-29 15:50:00,290.0,5.0,1.2,1008.5,29.2,29.0
2026-07-29 15:40:00,290.0,5.0,,1008.5,29.2,29.0
2026-07-29 15:30:00,290.0,5.0,,1008.4,29.1,29.0
2026-07-29 15:20:00,290.0,6.0,1.3,1008.4,29.1,29.0
2026-07-29 15:10:00,280.0,6.0,1.3,1008.3,29.1,29.0
2026-07-29 15:00:00,280.0,6.0,,1008.4,29.2,29.0
2026-07-29 14:50:00,280.0,6.0,1.2,1008.3,29.1,29.0
2026-07-29 14:40:00,280.0,7.0,,1008.1,29.2,29.0
2026-07-29 14:30:00,290.0,7.0,,1008.0,29.2,28.9
2026-07-29 14:20:00,280.0,7.0,1.3,1007.9,29.2,28.9
2026-07-29 14:10:00,280.0,7.0,,1007.8,29.3,28.9
2026-07-29 14:00:00,280.0,8.0,,1007.8,29.3,28.9
2026-07-29 13:50:00,280.0,8.0,1.4,1007.8,29.3,28.9
2026-07-29 13:40:00,280.0,8.0,,1007.8,29.3,28.9
2026-07-29 13:30:00,280.0,8.0,,1007.6,29.5,28.9
2026-07-29 13:20:00,280.0,8.0,1.3,1007.4,29.5,28.9
2026-07-29 13:10:00,280.0,8.0,1.3,1007.4,29.7,28.9
2026-07-29 13:00:00,280.0,8.0,,1007.2,29.7,28.9
2026-07-29 12:50:00,280.0,8.0,1.3,1007.2,29.7,28.9
2026-07-29 12:40:00,280.0,9.0,,1007.1,29.8,28.9
2026-07-29 12:30:00,270.0,9.0,,1006.9,29.9,28.9
2026-07-29 12:20:00,270.0,9.0,1.3,1006.8,29.9,
2026-07-29 12:10:00,270.0,9.0,1.3,1006.6,29.9,28.9
2026-07-29 12:00:00,270.0,9.0,,1006.4,29.9,28.9
2026-07-29 11:50:00,270.0,8.0,1.4,1006.2,29.8,28.9
2026-07-29 11:40:00,260.0,9.0,1.4,1006.2,29.8,28.9
2026-07-29 11:30:00,260.0,9.0,,1006.1,29.8,28.9
2026-07-29 11:20:00,260.0,9.0,1.4,1006.1,29.7,28.9
2026-07-29 11:10:00,250.0,8.0,1.4,1006.0,29.7,
2026-07-29 11:00:00,250.0,8.0,,1005.9,29.8,28.9
2026-07-29 10:50:00,250.0,9.0,1.3,1005.7,29.8,28.9
2026-07-29 10:40:00,250.0,9.0,,1005.8,29.8,28.9
2026-07-29 10:30:00,250.0,8.0,,1005.7,29.7,28.9
2026-07-29 10:20:00,250.0,8.0,1.4,1005.6,29.8,28.9
2026-07-29 10:10:00,240.0,8.0,1.4,1005.4,29.8,28.9
2026-07-29 10:00:00,240.0,8.0,,1005.5,29.8,28.9
2026-07-29 09:50:00,250.0,8.0,1.4,1005.4,29.8,28.9
2026-07-29 09:40:00,240.0,8.0,,1005.4,29.8,28.9
2026-07-29 09:30:00,240.0,8.0,,1005.4,29.8,28.9
2026-07-29 09:20:00,240.0,8.0,1.4,1005.5,29.7,28.9
2026-07-29 09:10:00,240.0,8.0,1.4,1005.4,29.7,28.9
2026-07-29 09:00:00,240.0,8.0,,1005.3,29.6,28.9
2026-07-29 08:50:00,240.0,8.0,1.5,1005.5,29.6,28.9
2026-07-29 08:40:00,,,1.5,,,
2026-07-29 08:30:00,230.0,9.0,,1005.5,29.5,29.0
2026-07-29 08:20:00,230.0,9.0,1.5,1005.5,29.5,
2026-07-29 08:10:00,230.0,9.0,,1005.5,29.5,
2026-07-29 08:00:00,230.0,9.0,,1005.6,29.4,29.0
2026-07-29 07:50:00,230.0,9.0,1.5,1005.6,29.4,29.0
2026-07-29 07:40:00,230.0,8.0,,1005.6,29.5,29.0
2026-07-29 07:30:00,230.0,9.0,,1005.7,29.5,29.0
2026-07-29 07:20:00,230.0,9.0,1.5,1005.8,29.6,29.0
2026-07-29 07:10:00,230.0,9.0,1.5,1005.9,29.6,29.0
2026-07-29 07:00:00,230.0,9.0,,1006.1,29.6,29.0
2026-07-29 06:50:00,230.0,8.0,1.6,1005.9,29.7,29.0
2026-07-29 06:40:00,230.0,9.0,1.6,1006.0,29.8,29.0
2026-07-29 06:30:00,230.0,9.0,,1005.9,29.7,29.0
2026-07-29 06:20:00,230.0,9.0,1.6,1006.1,29.7,29.0
2026-07-29 06:10:00,230.0,9.0,1.6,1006.0,29.7,29.0
2026-07-29 06:00:00,230.0,9.0,,1006.3,29.7,29.0
2026-07-29 05:50:00,230.0,10.0,1.6,1006.3,29.7,29.0
2026-07-29 05:40:00,230.0,9.0,1.6,1006.2,29.7,29.0
2026-07-29 05:30:00,230.0,10.0,,1006.3,29.7,29.0
2026-07-29 05:20:00,230.0,10.0,1.6,1006.5,29.7,29.0
2026-07-29 05:10:00,230.0,10.0,1.6,1006.2,29.6,29.0
2026-07-29 05:00:00,220.0,10.0,,1006.1,29.6,29.0
2026-07-29 04:50:00,220.0,10.0,1.5,1005.9,29.6,29.0
2026-07-29 04:40:00,220.0,10.0,,1006.2,29.6,29.0
2026-07-29 04:30:00,220.0,11.0,,1006.3,29.7,29.0
2026-07-29 04:20:00,220.0,10.0,1.4,1006.3,29.7,29.0
2026-07-29 04:10:00,220.0,10.0,1.4,1006.3,29.7,29.1
2026-07-29 04:00:00,220.0,10.0,,1006.4,29.7,29.1
2026-07-29 03:50:00,220.0,10.0,1.4,1006.5,29.6,29.1
2026-07-29 03:40:00,220.0,10.0,,1006.6,29.5,29.1
2026-07-29 03:30:00,220.0,10.0,,1006.8,29.4,29.1
2026-07-29 03:20:00,220.0,10.0,1.3,1007.0,29.4,29.1
2026-07-29 03:10:00,210.0,10.0,1.3,1007.1,29.3,29.1
2026-07-29 03:00:00,210.0,10.0,,1007.2,29.3,29.1
2026-07-29 02:50:00,220.0,10.0,1.3,1007.4,29.2,29.1
2026-07-29 02:40:00,210.0,9.0,,1007.5,29.3,29.1
2026-07-29 02:30:00,210.0,10.0,,1007.4,29.3,29.1
2026-07-29 02:20:00,210.0,10.0,1.3,1007.4,29.2,29.1
2026-07-29 02:10:00,210.0,10.0,1.3,1007.4,29.2,29.1
2026-07-29 02:00:00,200.0,10.0,,1007.4,29.2,29.1
2026-07-29 01:50:00,200.0,10.0,1.2,1007.4,29.2,29.1
2026-07-29 01:40:00,200.0,9.0,,1007.4,29.2,29.1
2026-07-29 01:30:00,200.0,10.0,,1007.4,29.1,29.1
2026-07-29 01:20:00,200.0,9.0,1.1,1007.4,29.1,29.1
2026-07-29 01:10:00,200.0,9.0,1.1,1007.5,29.1,29.1
2026-07-29 01:00:00,200.0,8.0,,1007.5,29.1,29.1
2026-07-29 00:50:00,200.0,9.0,1.1,1007.4,29.0,29.1
2026-07-29 00:40:00,200.0,8.0,,1007.4,29.0,29.1
2026-07-29 00:30:00,200.0,9.0,,1007.2,29.1,29.1
2026-07-29 00:20:00,200.0,9.0,1.0,1007.3,29.0,29.1
2026-07-29 00:10:00,200.0,9.0,,1007.3,29.1,29.1
2026-07-29 00:00:00,200.0,9.0,,1007.3,29.1,29.1
2026-07-28 23:50:00,200.0,9.0,0.9,1007.5,29.1,29.1
2026-07-28 23:40:00,200.0,9.0,,1007.5,29.2,29.2
2026-07-28 23:10:00,200.0,9.0,0.8,1007.5,29.3,29.2
2026-07-28 23:00:00,200.0,9.0,,1007.5,29.3,29.2
2026-07-28 22:50:00,200.0,9.0,0.8,1007.4,29.3,29.2
2026-07-28 22:40:00,200.0,9.0,,1007.4,29.4,29.2
2026-07-28 22:30:00,200.0,8.0,,1007.5,29.4,29.2
2026-07-28 22:20:00,200.0,8.0,0.6,1007.4,29.5,29.2
2026-07-28 22:10:00,210.0,8.0,0.6,1007.5,29.5,29.3
2026-07-28 22:00:00,200.0,8.0,,1007.7,29.5,29.3
2026-07-28 21:50:00,210.0,8.0,0.7,1007.9,29.5,29.3
2026-07-28 21:40:00,210.0,8.0,,1008.0,29.5,29.3
2026-07-28 21:30:00,210.0,7.0,,1008.0,29.6,29.3
2026-07-28 21:20:00,200.0,7.0,0.6,1007.7,29.6,29.3
2026-07-28 21:10:00,200.0,7.0,0.6,1007.8,29.5,29.3
2026-07-28 21:00:00,210.0,7.0,,1007.8,29.5,29.3
2026-07-28 20:50:00,210.0,7.0,0.6,1008.0,29.5,29.3
2026-07-28 20:40:00,210.0,6.0,,1008.2,29.5,29.4
2026-07-28 20:30:00,210.0,7.0,,1008.1,29.5,29.4
2026-07-28 20:20:00,200.0,6.0,0.5,1008.3,29.5,29.3
2026-07-28 20:10:00,200.0,6.0,0.5,1008.3,29.5,29.4
2026-07-28 20:00:00,210.0,6.0,,1008.5,29.5,29.3
2026-07-28 19:50:00,210.0,6.0,0.5,1008.7,29.5,29.3
2026-07-28 19:40:00,220.0,6.0,,1008.8,29.5,29.3
2026-07-28 19:30:00,220.0,6.0,,1009.1,29.5,29.3
2026-07-28 19:20:00,220.0,6.0,0.5,1009.1,29.5,29.3
2026-07-28 19:10:00,220.0,6.0,0.5,1009.2,29.5,29.3
2026-07-28 19:00:00,220.0,6.0,,1009.5,29.5,29.3
2026-07-28 18:50:00,220.0,6.0,0.5,1009.7,29.5,29.3
2026-07-28 18:40:00,220.0,5.0,,1009.9,29.5,29.3
2026-07-28 18:30:00,220.0,6.0,,1009.8,29.5,29.3
2026-07-28 18:20:00,220.0,6.0,0.5,1009.9,29.4,29.3
2026-07-28 18:10:00,220.0,6.0,0.5,1010.2,29.4,29.3
2026-07-28 18:00:00,220.0,5.0,,1010.2,29.3,29.3
2026-07-28 17:50:00,220.0,5.0,0.5,1010.2,29.3,29.3
2026-07-28 17:40:00,220.0,5.0,,1010.2,29.3,29.2
2026-07-28 17:30:00,220.0,5.0,,1010.2,29.3,29.2
2026-07-28 17:20:00,210.0,5.0,0.5,1009.9,29.2,29.2
2026-07-28 17:10:00,200.0,6.0,0.5,1009.8,29.2,29.2
2026-07-28 17:00:00,200.0,6.0,,1009.7,29.1,29.2
2026-07-28 16:50:00,200.0,6.0,0.4,1009.7,29.1,29.2
2026-07-28 16:40:00,200.0,6.0,,1009.7,29.1,29.2
2026-07-28 16:30:00,210.0,5.0,,1009.9,29.1,29.2
2026-07-28 16:20:00,210.0,5.0,0.4,1010.0,29.1,29.1
2026-07-28 16:10:00,210.0,5.0,,1010.1,29.1,29.1
2026-07-28 16:00:00,210.0,5.0,,1010.1,29.0,29.1
2026-07-28 15:50:00,210.0,4.0,0.4,1010.2,29.1,29.1
2026-07-28 15:40:00,210.0,5.0,,1010.2,29.1,29.1
2026-07-28 15:30:00,220.0,5.0,,1010.3,29.1,29.1
2026-07-28 15:20:00,230.0,4.0,0.5,1010.3,29.1,29.0
2026-07-28 15:10:00,230.0,5.0,0.5,1010.1,29.0,29.0
2026-07-28 15:00:00,220.0,5.0,,1009.8,29.0,29.0
2026-07-28 14:50:00,220.0,5.0,0.4,1009.7,29.0,29.0
2026-07-28 14:40:00,220.0,5.0,,1009.6,28.9,29.0
2026-07-28 14:30:00,220.0,4.0,,1009.6,28.9,28.9
2026-07-28 14:20:00,230.0,4.0,0.4,1009.6,28.9,28.9
2026-07-28 14:10:00,230.0,4.0,0.4,1009.7,28.9,28.9
2026-07-28 14:00:00,240.0,4.0,,1009.7,28.9,28.9
2026-07-28 13:50:00,250.0,4.0,0.4,1009.9,28.9,28.9
2026-07-28 13:40:00,250.0,4.0,,1009.9,28.9,28.9
2026-07-28 13:30:00,250.0,4.0,,1009.8,28.9,28.9
2026-07-28 13:20:00,240.0,4.0,0.4,1009.9,28.9,28.9
2026-07-28 13:10:00,230.0,5.0,0.4,1009.8,28.9,28.8
2026-07-28 13:00:00,240.0,5.0,,1009.9,29.0,28.8
2026-07-28 12:50:00,240.0,5.0,0.4,1009.9,29.0,28.8
2026-07-28 12:40:00,240.0,5.0,,1009.9,29.0,28.8
2026-07-28 12:30:00,250.0,4.0,,1010.0,29.0,28.8
2026-07-28 12:20:00,250.0,4.0,0.4,1010.1,28.9,28.8
2026-07-28 12:10:00,240.0,4.0,0.4,1010.1,28.9,28.8
2026-07-28 12:00:00,240.0,4.0,,1010.1,28.8,28.8
2026-07-28 11:50:00,250.0,4.0,0.4,1010.1,28.8,28.8
2026-07-28 11:40:00,250.0,4.0,,1010.0,28.8,28.8
2026-07-28 11:30:00,250.0,4.0,,1010.0,28.8,28.8
2026-07-28 11:20:00,250.0,4.0,0.4,1009.9,28.7,28.8
2026-07-28 11:10:00,260.0,4.0,,1009.9,28.7,28.8
2026-07-28 11:00:00,260.0,4.0,,1009.8,28.8,28.8
2026-07-28 10:50:00,260.0,4.0,0.4,1009.8,28.7,28.8
2026-07-28 10:40:00,260.0,4.0,,1009.6,28.7,28.8
2026-07-28 10:30:00,260.0,4.0,,1009.6,28.6,28.8
2026-07-28 10:20:00,260.0,4.0,0.4,1009.6,28.6,28.8
2026-07-28 10:10:00,260.0,5.0,0.4,1009.4,28.5,28.8
2026-07-28 10:00:00,250.0,5.0,,1009.5,28.5,28.8
2026-07-28 09:50:00,240.0,5.0,0.4,1009.5,28.5,28.8
2026-07-28 09:40:00,230.0,4.0,,1009.3,28.4,28.8
2026-07-28 09:30:00,230.0,4.0,,1009.2,28.4,28.9
2026-07-28 09:20:00,220.0,4.0,0.4,1009.1,28.4,28.9
2026-07-28 09:10:00,230.0,4.0,0.4,1009.1,28.5,28.9
2026-07-28 09:00:00,220.0,4.0,,1009.2,28.5,28.9
2026-07-28 08:50:00,230.0,4.0,0.4,1009.2,28.5,28.9
2026-07-28 08:40:00,240.0,4.0,0.4,1009.3,28.4,28.9
2026-07-28 08:30:00,230.0,4.0,,1009.2,28.4,28.9
2026-07-28 08:20:00,230.0,4.0,0.4,1009.2,28.4,28.9
2026-07-28 08:10:00,240.0,4.0,,1009.3,28.4,28.9
2026-07-28 08:00:00,240.0,4.0,,1009.3,28.4,28.9
2026-07-28 07:50:00,240.0,4.0,0.4,1009.3,28.4,28.9
2026-07-28 07:40:00,240.0,4.0,,1009.5,28.4,28.9
2026-07-28 07:30:00,240.0,4.0,,1009.5,28.3,29.0
2026-07-28 07:20:00,230.0,4.0,0.4,1009.5,28.3,29.0
2026-07-28 07:10:00,240.0,4.0,0.4,1009.6,28.3,29.0
2026-07-28 07:00:00,230.0,4.0,,1009.9,28.3,29.0
2026-07-28 06:50:00,240.0,4.0,0.4,1009.9,28.3,29.0
2026-07-28 06:40:00,230.0,4.0,,1010.0,28.2,29.0
2026-07-28 06:30:00,230.0,4.0,,1010.0,28.2,29.0
2026-07-28 06:20:00,230.0,4.0,0.5,1010.1,28.2,29.0
2026-07-28 06:10:00,230.0,4.0,,1010.2,28.2,29.0
2026-07-28 06:00:00,220.0,4.0,,1010.2,28.2,29.0
2026-07-28 05:50:00,220.0,4.0,0.5,1010.2,28.2,29.0
2026-07-28 05:40:00,210.0,4.0,,1010.1,28.1,29.0
2026-07-28 05:30:00,200.0,4.0,,1010.1,28.1,29.0
2026-07-28 05:20:00,200.0,4.0,0.5,1010.1,28.1,29.0
2026-07-28 05:10:00,190.0,4.0,,1010.3,28.1,29.0
2026-07-28 05:00:00,190.0,3.0,,1010.2,28.1,29.0
2026-07-28 04:50:00,190.0,3.0,0.5,1010.3,28.1,29.1
2026-07-28 04:40:00,180.0,3.0,,1010.4,28.1,29.1
2026-07-28 04:30:00,170.0,3.0,,1010.7,28.1,29.1
2026-07-28 04:20:00,160.0,3.0,0.5,1010.6,28.1,29.1
2026-07-28 04:10:00,170.0,2.0,0.5,1010.6,28.1,29.1
2026-07-28 04:00:00,180.0,2.0,,1010.6,28.1,29.1
2026-07-28 03:50:00,160.0,2.0,0.5,1010.6,28.1,29.1
2026-07-28 03:40:00,150.0,2.0,0.5,1010.3,28.1,29.1
2026-07-28 03:30:00,170.0,1.0,,1010.3,28.1,29.1
2026-07-28 03:20:00,170.0,2.0,0.5,1010.5,28.1,29.1
2026-07-28 03:10:00,180.0,1.0,0.5,1010.6,28.1,29.1
2026-07-28 03:00:00,190.0,1.0,,1010.6,28.1,29.1
2026-07-28 02:50:00,,0.0,0.5,1010.6,28.1,29.1
2026-07-28 02:40:00,,0.0,,1010.7,28.1,29.1
2026-07-28 02:30:00,280.0,1.0,,1010.7,28.1,29.1
2026-07-28 02:20:00,260.0,1.0,0.5,1010.5,28.1,29.1
2026-07-28 02:10:00,240.0,1.0,0.5,1010.3,28.1,29.1
2026-07-28 02:00:00,210.0,2.0,,1010.1,28.1,29.2
2026-07-28 01:50:00,240.0,2.0,0.5,1010.1,28.1,29.2
2026-07-28 01:40:00,230.0,2.0,,1010.2,28.1,29.2
2026-07-28 01:30:00,230.0,2.0,,1010.1,28.1,29.2
2026-07-28 01:20:00,230.0,2.0,0.5,1010.3,28.1,29.2
2026-07-28 01:10:00,230.0,2.0,0.5,1010.3,28.0,29.2
2026-07-28 01:00:00,260.0,1.0,,1010.2,28.0,29.2
2026-07-28 00:50:00,,0.0,0.5,1010.4,28.0,29.2
2026-07-28 00:40:00,280.0,1.0,,1010.3,28.0,29.2
2026-07-28 00:30:00,260.0,2.0,,1010.4,28.0,29.2
2026-07-28 00:20:00,280.0,2.0,0.5,1010.3,28.0,29.2
2026-07-28 00:10:00,280.0,2.0,0.5,1010.1,,29.2
2026-07-28 00:00:00,290.0,3.0,,1010.3,28.1,29.3
2026-07-27 23:50:00,270.0,2.0,0.5,1010.0,,
2026-07-27 23:40:00,250.0,2.0,,1009.8,28.0,29.3
2026-07-27 23:20:00,220.0,2.0,0.5,1009.6,28.2,29.3
2026-07-27 23:10:00,230.0,1.0,,1009.4,28.2,29.3
2026-07-27 23:00:00,220.0,1.0,,1009.3,28.2,29.3
2026-07-27 22:50:00,220.0,1.0,0.5,1009.3,28.2,29.3
2026-07-27 22:40:00,200.0,1.0,,1009.4,28.2,29.3
2026-07-27 22:30:00,190.0,1.0,,1009.5,28.2,29.3
2026-07-27 22:20:00,210.0,1.0,0.5,1009.6,28.1,29.3
2026-07-27 22:10:00,230.0,1.0,,1009.5,28.2,29.3
2026-07-27 22:00:00,,0.0,,1009.5,28.2,29.3
2026-07-27 21:50:00,,0.0,0.5,1009.5,28.3,29.3
2026-07-27 21:40:00,,0.0,0.5,1009.7,28.3,29.3
2026-07-27 21:30:00,,0.0,,1009.6,28.2,29.4
2026-07-27 21:20:00,,0.0,0.6,1009.5,28.2,29.3
2026-07-27 21:10:00,30.0,1.0,0.6,1009.4,28.2,
2026-07-27 21:00:00,50.0,2.0,,1009.4,28.2,29.3
2026-07-27 20:50:00,60.0,1.0,0.6,1009.3,28.3,29.2
2026-07-27 20:40:00,30.0,1.0,0.6,1009.5,28.2,29.2
2026-07-27 20:30:00,30.0,1.0,,1009.6,28.2,29.2
2026-07-27 20:20:00,360.0,1.0,0.6,1009.7,28.2,29.2
2026-07-27 20:10:00,20.0,2.0,,1010.0,28.2,29.2
2026-07-27 20:00:00,20.0,2.0,,1010.0,28.3,29.3
2026-07-27 19:50:00,20.0,1.0,0.6,1010.2,28.3,29.2
2026-07-27 19:40:00,20.0,2.0,0.6,1010.3,28.3,29.3
2026-07-27 19:30:00,10.0,2.0,,1010.6,28.3,29.2
2026-07-27 19:20:00,350.0,1.0,0.7,1010.8,28.2,29.2
2026-07-27 19:10:00,10.0,2.0,,1010.8,28.2,29.2
2026-07-27 19:00:00,10.0,2.0,,1011.0,28.3,29.2
2026-07-27 18:50:00,10.0,2.0,0.7,1011.0,28.2,29.2
2026-07-27 18:40:00,360.0,2.0,,1011.1,28.3,29.2
2026-07-27 18:30:00,10.0,2.0,,1011.2,28.3,29.2
2026-07-27 18:20:00,10.0,2.0,0.8,1011.3,28.4,29.2
2026-07-27 18:10:00,10.0,2.0,0.8,1011.5,28.4,29.2
2026-07-27 18:00:00,20.0,2.0,,1011.7,28.4,29.2
2026-07-27 17:50:00,10.0,2.0,0.8,1011.9,28.4,29.2
2026-07-27 17:40:00,20.0,2.0,,1011.9,28.4,29.2
2026-07-27 17:30:00,30.0,2.0,,1012.1,28.4,29.2
2026-07-27 17:20:00,40.0,2.0,0.8,1012.0,28.4,29.2
2026-07-27 17:10:00,40.0,2.0,0.8,1012.2,28.4,29.2
2026-07-27 17:00:00,50.0,3.0,,1012.1,28.4,29.2
2026-07-27 16:50:00,50.0,3.0,0.8,1011.9,28.4,29.2
2026-07-27 16:40:00,50.0,3.0,,1012.0,28.4,29.2
2026-07-27 16:30:00,50.0,4.0,,1011.9,28.4,29.1
2026-07-27 16:20:00,50.0,4.0,0.8,1012.0,28.3,29.1
2026-07-27 16:10:00,60.0,4.0,0.8,1012.0,28.4,29.1
2026-07-27 16:00:00,70.0,4.0,,1012.0,28.4,29.1
2026-07-27 15:50:00,70.0,5.0,0.8,1011.8,28.3,29.1
2026-07-27 15:40:00,70.0,5.0,0.8,1011.7,28.2,29.1
2026-07-27 15:30:00,70.0,5.0,,1011.6,28.3,29.1
2026-07-27 15:20:00,70.0,5.0,0.8,1011.6,28.3,29.1
2026-07-27 15:10:00,60.0,5.0,0.8,1011.6,28.3,29.1
2026-07-27 15:00:00,60.0,5.0,,1011.5,28.3,29.1
2026-07-27 14:50:00,60.0,5.0,0.7,1011.5,28.4,29.1
2026-07-27 14:40:00,50.0,5.0,,1011.4,28.3,29.1
2026-07-27 14:30:00,50.0,5.0,,1011.3,28.3,29.1
2026-07-27 14:20:00,40.0,5.0,0.8,1011.4,28.4,29.1
2026-07-27 14:10:00,30.0,6.0,,1011.5,28.3,29.1
2026-07-27 14:00:00,30.0,6.0,,1011.4,28.3,29.1
2026-07-27 13:50:00,30.0,7.0,0.8,1011.3,28.3,29.1
2026-07-27 13:40:00,20.0,6.0,0.8,1011.0,28.3,29.1
2026-07-27 13:30:00,20.0,6.0,,1010.9,28.2,29.1
2026-07-27 13:20:00,20.0,6.0,0.8,1010.8,28.3,29.1
2026-07-27 13:10:00,10.0,6.0,0.8,1010.9,28.3,29.1
2026-07-27 13:00:00,10.0,6.0,,1010.8,28.2,29.1
2026-07-27 12:50:00,10.0,6.0,0.8,1010.5,28.1,29.2
2026-07-27 12:40:00,10.0,5.0,,1010.4,28.0,29.2
2026-07-27 12:30:00,360.0,5.0,,1010.2,28.0,29.2
2026-07-27 12:20:00,360.0,4.0,0.8,1010.2,27.9,29.2
2026-07-27 12:10:00,360.0,4.0,0.8,1010.2,27.9,29.2
2026-07-27 12:00:00,360.0,4.0,,1010.2,28.0,29.2
2026-07-27 11:50:00,360.0,4.0,0.8,1010.4,27.9,29.2
2026-07-27 11:40:00,360.0,4.0,,1010.3,27.9,29.2
2026-07-27 11:30:00,10.0,4.0,,1010.3,27.9,29.2
2026-07-27 11:20:00,20.0,3.0,0.8,1010.3,27.9,29.2
2026-07-27 11:10:00,20.0,4.0,,1010.2,27.8,29.2
2026-07-27 11:00:00,10.0,3.0,,1010.2,27.8,29.2
2026-07-27 10:50:00,30.0,3.0,0.8,1010.2,27.6,29.2
2026-07-27 10:40:00,30.0,2.0,,1010.2,27.6,29.2
2026-07-27 10:30:00,30.0,2.0,,1010.2,27.6,29.2
2026-07-27 10:20:00,30.0,2.0,0.7,1010.2,27.6,29.2
2026-07-27 10:10:00,50.0,2.0,0.7,1010.1,27.6,29.2
2026-07-27 10:00:00,70.0,1.0,,1010.0,27.5,29.2
2026-07-27 09:50:00,40.0,2.0,0.8,1010.0,27.5,29.2
2026-07-27 09:40:00,20.0,2.0,,1009.9,27.5,29.2
2026-07-27 09:30:00,20.0,3.0,,1010.0,27.6,29.2
2026-07-27 09:20:00,10.0,3.0,0.8,1009.9,27.6,29.2
2026-07-27 09:10:00,360.0,3.0,0.8,1009.9,27.6,
2026-07-27 09:00:00,360.0,4.0,,1010.2,27.7,29.2
2026-07-27 08:50:00,10.0,3.0,0.8,1010.2,27.8,29.2
2026-07-27 08:40:00,360.0,3.0,,1009.9,27.7,29.2
2026-07-27 08:30:00,10.0,3.0,,1009.8,27.7,29.2
2026-07-27 08:20:00,10.0,3.0,0.9,1010.1,27.7,29.2
2026-07-27 08:10:00,360.0,3.0,,1010.1,27.7,29.2
2026-07-27 08:00:00,10.0,3.0,,1010.0,27.8,29.2
2026-07-27 07:50:00,350.0,3.0,0.9,1010.2,27.7,29.2
2026-07-27 07:40:00,360.0,2.0,,1010.2,27.8,29.2
2026-07-27 07:30:00,350.0,1.0,,1010.2,27.7,29.2
2026-07-27 07:20:00,360.0,2.0,0.8,1010.3,27.8,29.2
2026-07-27 07:10:00,360.0,2.0,0.8,1010.3,27.8,29.2
2026-07-27 07:00:00,350.0,1.0,,1010.3,27.8,29.2
2026-07-27 06:50:00,340.0,1.0,0.9,1010.4,27.7,29.2
2026-07-27 06:40:00,350.0,2.0,0.9,1010.4,27.7,29.2
2026-07-27 06:30:00,300.0,2.0,,1010.6,27.8,29.2
2026-07-27 06:20:00,310.0,2.0,0.8,1010.6,,29.2
2026-07-27 06:10:00,330.0,2.0,,1010.6,27.6,29.2
2026-07-27 06:00:00,320.0,3.0,,1010.6,27.6,29.2
2026-07-27 05:50:00,300.0,3.0,0.9,1010.6,27.8,29.2
2026-07-27 05:40:00,280.0,4.0,,1010.9,27.8,29.2
2026-07-27 05:30:00,270.0,5.0,,1011.1,27.9,29.2
2026-07-27 05:20:00,260.0,4.0,0.8,1011.1,27.7,29.2
2026-07-27 05:10:00,270.0,5.0,0.8,1010.8,27.5,29.2
2026-07-27 05:00:00,290.0,4.0,,1010.8,27.5,29.2
2026-07-27 04:50:00,300.0,4.0,0.8,1011.0,27.5,29.2
2026-07-27 04:40:00,300.0,5.0,0.8,1011.1,27.6,
2026-07-27 04:30:00,300.0,6.0,,1011.2,27.6,29.2
2026-07-27 04:20:00,290.0,7.0,0.8,1011.0,27.7,29.2
2026-07-27 04:10:00,290.0,7.0,0.8,1011.1,27.8,29.2
2026-07-27 04:00:00,270.0,7.0,,1011.3,28.0,29.2
2026-07-27 03:50:00,260.0,8.0,0.7,1011.5,28.2,29.2
2026-07-27 03:40:00,250.0,8.0,,1011.8,28.8,29.2
2026-07-27 03:30:00,230.0,4.0,,1011.1,29.3,29.2
2026-07-27 03:20:00,220.0,4.0,0.7,1011.7,29.2,29.2
2026-07-27 03:10:00,230.0,4.0,,1011.8,29.1,29.2
2026-07-27 03:00:00,220.0,3.0,,1012.1,28.2,29.2
2026-07-27 02:50:00,300.0,1.0,0.7,1012.0,27.7,29.2
2026-07-27 02:40:00,300.0,1.0,,1011.8,27.8,29.2
2026-07-27 02:30:00,260.0,3.0,,1011.9,28.2,29.2
2026-07-27 02:20:00,230.0,3.0,0.8,1011.9,28.6,29.2
2026-07-27 02:10:00,200.0,3.0,,1011.7,28.5,29.2
2026-07-27 02:00:00,200.0,3.0,,1011.7,28.4,29.2
2026-07-27 01:50:00,180.0,4.0,0.8,1011.8,28.2,29.2
2026-07-27 01:40:00,170.0,5.0,,1011.9,28.3,29.2
2026-07-27 01:30:00,160.0,6.0,,1011.7,28.3,29.2
2026-07-27 01:20:00,150.0,6.0,0.8,1011.5,28.3,29.2
2026-07-27 01:10:00,150.0,6.0,,1011.3,28.2,29.2
2026-07-27 01:00:00,140.0,5.0,,1011.3,28.4,29.2
2026-07-27 00:50:00,130.0,4.0,0.8,1011.3,28.4,29.2
2026-07-27 00:40:00,130.0,4.0,,1011.4,28.2,29.2
2026-07-27 00:30:00,130.0,3.0,,1011.5,28.2,29.2
2026-07-27 00:20:00,130.0,3.0,0.8,1011.6,28.2,29.2
2026-07-27 00:10:00,130.0,4.0,0.8,1011.7,28.1,
2026-07-27 00:00:00,130.0,3.0,,1011.5,28.1,29.2
2026-07-26 23:50:00,130.0,3.0,0.7,1011.6,28.0,29.2
2026-07-26 23:40:00,120.0,3.0,0.7,1011.2,28.0,29.2
2026-07-26 23:30:00,130.0,3.0,,1011.1,28.0,29.2
2026-07-26 23:20:00,130.0,3.0,0.8,1011.0,28.0,29.2
2026-07-26 23:10:00,130.0,3.0,,1011.0,28.0,29.2
2026-07-26 23:00:00,100.0,3.0,,1011.0,27.8,29.2
2026-07-26 22:50:00,100.0,3.0,0.8,1010.9,27.6,29.2
2026-07-26 22:40:00,100.0,3.0,,1010.9,27.6,29.2
2026-07-26 22:30:00,110.0,3.0,,1010.9,27.7,29.2
2026-07-26 22:20:00,120.0,3.0,0.7,1010.9,,29.2
2026-07-26 22:10:00,130.0,2.0,0.7,1011.0,27.8,29.2
2026-07-26 22:00:00,140.0,2.0,,1011.2,27.6,29.2
2026-07-26 21:50:00,130.0,3.0,0.8,1011.2,27.5,29.2
2026-07-26 21:40:00,140.0,4.0,,1011.2,27.4,29.2
2026-07-26 21:30:00,140.0,5.0,,1011.2,27.6,29.2
2026-07-26 21:20:00,130.0,4.0,0.7,1011.3,27.6,29.2
2026-07-26 21:10:00,130.0,4.0,0.7,1011.4,27.7,29.2
2026-07-26 21:00:00,140.0,4.0,,1011.5,27.6,29.2
2026-07-26 20:50:00,140.0,4.0,0.8,1011.7,27.4,29.2
2026-07-26 20:40:00,120.0,3.0,,1011.7,27.2,29.2
2026-07-26 20:30:00,120.0,4.0,,1012.1,27.3,29.2
2026-07-26 20:20:00,140.0,3.0,0.8,1012.2,,29.2
2026-07-26 20:10:00,140.0,3.0,0.8,1012.1,27.4,29.2
2026-07-26 20:00:00,140.0,3.0,,1012.5,27.3,29.2
2026-07-26 19:50:00,120.0,3.0,0.7,1012.6,27.3,29.2
2026-07-26 19:40:00,130.0,4.0,,1012.7,27.3,29.2
2026-07-26 19:30:00,150.0,4.0,,1012.7,27.4,29.2
2026-07-26 19:20:00,130.0,4.0,0.8,1012.7,27.2,29.2
2026-07-26 19:10:00,130.0,4.0,,1013.1,27.1,29.2
2026-07-26 19:00:00,150.0,5.0,,1012.5,27.0,29.3
2026-07-26 18:50:00,140.0,5.0,0.8,1012.6,26.9,29.3
2026-07-26 18:40:00,150.0,4.0,0.8,1013.3,26.9,29.3
2026-07-26 18:30:00,130.0,5.0,,1013.2,27.0,29.3
2026-07-26 18:20:00,130.0,4.0,0.8,1013.1,26.7,29.3
2026-07-26 18:10:00,140.0,4.0,0.8,1013.6,26.4,29.3
2026-07-26 18:00:00,150.0,4.0,,1013.7,26.2,29.3
2026-07-26 17:50:00,150.0,5.0,0.8,1013.6,26.3,29.3
2026-07-26 17:40:00,150.0,5.0,,1014.0,26.5,29.3
2026-07-26 17:30:00,120.0,5.0,,1013.8,26.8,29.3
2026-07-26 17:20:00,140.0,5.0,0.8,1014.0,26.9,29.3
2026-07-26 17:10:00,150.0,8.0,0.8,1013.9,26.8,29.3
2026-07-26 17:00:00,130.0,8.0,,1013.9,27.5,29.3
2026-07-26 16:50:00,100.0,8.0,0.7,1013.8,27.7,29.3
2026-07-26 16:40:00,100.0,7.0,,1014.1,27.8,29.3
2026-07-26 16:30:00,110.0,7.0,,1013.8,27.7,29.3
2026-07-26 16:20:00,110.0,6.0,0.8,1014.0,27.7,29.3
2026-07-26 16:10:00,100.0,5.0,,1014.4,27.7,29.3
2026-07-26 16:00:00,90.0,5.0,,1014.3,27.7,29.3
2026-07-26 15:50:00,80.0,4.0,0.8,1014.4,27.6,29.3
2026-07-26 15:40:00,60.0,4.0,0.8,1014.3,27.7,29.3
2026-07-26 15:30:00,70.0,4.0,,1014.3,27.6,29.4
2026-07-26 15:20:00,80.0,4.0,0.8,1014.3,,29.4
2026-07-26 15:10:00,70.0,4.0,,1014.3,27.7,29.4
2026-07-26 15:00:00,70.0,4.0,,1014.3,27.6,29.4
2026-07-26 14:50:00,70.0,4.0,0.7,1014.5,27.6,29.3
2026-07-26 14:40:00,70.0,4.0,,1014.5,27.6,29.3
2026-07-26 14:30:00,70.0,4.0,,1014.4,27.6,29.3
2026-07-26 14:20:00,70.0,4.0,0.7,1014.3,27.7,29.3
2026-07-26 14:10:00,90.0,4.0,0.7,1014.2,27.7,
2026-07-26 14:00:00,90.0,4.0,,1014.1,27.6,29.3
2026-07-26 13:50:00,80.0,4.0,0.8,1014.1,27.6,29.3
2026-07-26 13:40:00,70.0,4.0,0.8,1014.0,27.5,29.2
2026-07-26 13:30:00,60.0,4.0,,1014.0,27.5,29.2
2026-07-26 13:20:00,60.0,3.0,0.8,1014.0,27.6,29.2
2026-07-26 13:10:00,70.0,3.0,0.8,1013.9,27.6,29.2
2026-07-26 13:00:00,80.0,3.0,,1013.8,27.5,29.2
2026-07-26 12:50:00,80.0,3.0,0.7,1013.9,27.6,29.2
2026-07-26 12:40:00,80.0,3.0,,1014.0,27.6,29.2
2026-07-26 12:30:00,80.0,3.0,,1014.0,27.9,29.2
2026-07-26 12:20:00,80.0,3.0,0.7,1014.0,28.0,29.2
2026-07-26 12:10:00,80.0,1.0,,1014.1,28.0,29.2
2026-07-26 12:00:00,30.0,1.0,,1014.2,28.0,29.2
2026-07-26 11:50:00,10.0,3.0,0.7,1014.0,28.0,29.2
2026-07-26 11:40:00,360.0,4.0,0.7,1013.8,27.9,29.2
2026-07-26 11:30:00,10.0,4.0,,1013.8,27.8,29.2
2026-07-26 11:20:00,10.0,3.0,0.8,1013.8,27.9,29.2
2026-07-26 11:10:00,350.0,3.0,0.8,1013.7,28.0,29.2
2026-07-26 11:00:00,340.0,3.0,,1013.7,28.0,29.2
2026-07-26 10:50:00,340.0,2.0,0.9,1013.9,27.9,29.2
2026-07-26 10:40:00,360.0,2.0,0.9,1013.8,27.9,29.2
2026-07-26 10:30:00,350.0,3.0,,1013.7,28.0,29.2
2026-07-26 10:20:00,350.0,3.0,0.8,1013.7,28.0,29.2
2026-07-26 10:10:00,340.0,4.0,0.8,1013.7,28.3,29.2
2026-07-26 10:00:00,300.0,4.0,,1013.6,28.3,29.2
2026-07-26 09:50:00,300.0,4.0,0.8,1013.6,28.3,29.2
2026-07-26 09:40:00,290.0,3.0,,1013.4,28.3,29.2
2026-07-26 09:30:00,310.0,3.0,,1013.5,28.3,29.2
2026-07-26 09:20:00,310.0,3.0,0.9,1013.5,28.3,29.2
2026-07-26 09:10:00,300.0,2.0,,1013.6,28.3,29.2
2026-07-26 09:00:00,300.0,2.0,,1013.5,28.3,29.2
2026-07-26 08:50:00,300.0,2.0,0.9,1013.6,28.3,29.2
2026-07-26 08:40:00,310.0,3.0,,1013.5,28.3,29.2
2026-07-26 08:30:00,300.0,2.0,,1013.4,28.3,29.2
2026-07-26 08:20:00,300.0,2.0,0.8,1013.5,28.3,29.2
2026-07-26 08:10:00,300.0,2.0,,1013.5,28.3,29.2
2026-07-26 08:00:00,310.0,2.0,,1013.6,28.3,29.2
2026-07-26 07:50:00,310.0,2.0,0.8,1013.6,28.3,29.2
2026-07-26 07:40:00,300.0,2.0,0.8,1013.7,28.2,29.2
2026-07-26 07:30:00,310.0,2.0,,1013.6,28.3,29.2
2026-07-26 07:20:00,310.0,3.0,0.7,1013.6,28.3,29.2
2026-07-26 07:10:00,320.0,3.0,0.7,1013.6,28.3,29.2
2026-07-26 07:00:00,310.0,3.0,,1013.6,28.3,29.3
2026-07-26 06:50:00,280.0,2.0,0.8,1013.7,28.3,29.2
2026-07-26 06:40:00,280.0,2.0,,1014.0,28.3,29.3
2026-07-26 06:30:00,270.0,3.0,,1014.1,28.3,29.3
2026-07-26 06:20:00,270.0,3.0,0.7,1014.2,28.3,29.3
2026-07-26 06:10:00,270.0,3.0,0.7,1014.2,28.3,29.3
2026-07-26 06:00:00,280.0,3.0,,1014.4,28.3,29.3
2026-07-26 05:50:00,270.0,3.0,0.7,1014.6,28.4,29.3
2026-07-26 05:40:00,280.0,3.0,0.7,1014.8,28.3,29.3
2026-07-26 05:30:00,290.0,3.0,,1014.7,28.3,29.3
2026-07-26 05:20:00,300.0,3.0,0.7,1014.5,28.3,
2026-07-26 05:10:00,290.0,3.0,0.7,1014.8,28.3,29.3
2026-07-26 05:00:00,290.0,3.0,,1015.1,28.4,29.3
2026-07-26 04:50:00,290.0,3.0,0.7,1015.3,28.4,29.3
2026-07-26 04:40:00,290.0,3.0,,1015.3,28.4,29.3
2026-07-26 04:30:00,300.0,3.0,,1015.2,28.4,
2026-07-26 04:20:00,300.0,3.0,0.7,1015.3,28.5,29.3
2026-07-26 04:10:00,290.0,4.0,,1015.5,28.4,29.3
2026-07-26 04:00:00,280.0,3.0,,1015.7,28.3,29.3
2026-07-26 03:50:00,290.0,3.0,0.7,1015.9,28.3,29.3
2026-07-26 03:40:00,290.0,4.0,0.7,1015.8,28.4,29.3
2026-07-26 03:30:00,290.0,4.0,,1015.7,28.4,29.3
2026-07-26 03:20:00,290.0,4.0,0.7,1015.7,28.4,29.3
2026-07-26 03:10:00,290.0,4.0,,1015.8,28.4,29.3
2026-07-26 03:00:00,280.0,4.0,,1015.9,28.4,29.3
2026-07-26 02:50:00,270.0,3.0,0.7,1015.9,28.5,29.3
2026-07-26 02:40:00,270.0,3.0,,1015.9,28.5,29.3
2026-07-26 02:30:00,280.0,2.0,,1015.7,28.5,29.3
2026-07-26 02:20:00,280.0,3.0,0.8,1015.6,28.5,29.3
2026-07-26 02:10:00,290.0,3.0,,1015.4,28.6,29.3
2026-07-26 02:00:00,290.0,3.0,,1015.3,28.5,29.3
2026-07-26 01:50:00,280.0,2.0,0.9,1015.3,28.5,29.3
2026-07-26 01:40:00,290.0,3.0,,1015.3,28.4,29.3
2026-07-26 01:30:00,290.0,3.0,,1015.3,28.5,29.3
2026-07-26 01:20:00,290.0,3.0,0.8,1015.3,28.6,29.3
2026-07-26 01:10:00,290.0,2.0,,1015.3,28.6,29.3
2026-07-26 01:00:00,280.0,3.0,,1015.3,28.6,29.3
2026-07-26 00:50:00,270.0,3.0,0.8,1015.5,28.5,29.3
2026-07-26 00:40:00,270.0,3.0,,1015.6,28.6,29.3
2026-07-26 00:30:00,260.0,3.0,,1015.6,28.5,29.3
2026-07-26 00:20:00,250.0,3.0,0.8,1015.5,28.4,29.3
2026-07-26 00:10:00,260.0,3.0,0.8,1015.4,28.4,29.3
2026-07-26 00:00:00,260.0,4.0,,1015.5,28.3,29.3
2026-07-25 23:50:00,260.0,4.0,0.8,1015.5,28.2,29.3
2026-07-25 23:40:00,250.0,4.0,,1015.5,28.1,29.3
2026-07-25 23:10:00,250.0,1.0,0.8,1015.3,27.6,29.3
2026-07-25 23:00:00,240.0,1.0,,1015.3,27.6,29.3
2026-07-25 22:50:00,270.0,1.0,0.9,1015.3,27.5,29.4
2026-07-25 22:40:00,,0.0,,1015.4,27.5,29.4
2026-07-25 22:30:00,250.0,1.0,,1015.3,27.5,29.4
2026-07-25 22:20:00,250.0,1.0,0.9,1015.2,27.3,29.4
2026-07-25 22:10:00,280.0,1.0,0.9,1015.5,27.2,29.4
2026-07-25 22:00:00,300.0,1.0,,1015.6,27.1,29.4
2026-07-25 21:50:00,300.0,2.0,0.9,1015.8,27.0,29.4
2026-07-25 21:40:00,320.0,2.0,,1016.1,26.9,29.4
2026-07-25 21:30:00,330.0,3.0,,1016.3,26.9,29.4
2026-07-25 21:20:00,330.0,3.0,1.0,1016.2,27.0,29.4
2026-07-25 21:10:00,330.0,4.0,1.0,1016.1,27.4,29.4
2026-07-25 21:00:00,320.0,4.0,,1016.1,27.9,29.4
2026-07-25 20:50:00,310.0,5.0,0.9,1016.5,28.1,29.4
2026-07-25 20:40:00,320.0,4.0,,1016.4,28.1,29.4
2026-07-25 20:30:00,310.0,5.0,,1016.5,28.7,29.4
2026-07-25 20:20:00,270.0,5.0,0.9,1016.4,29.0,29.4
2026-07-25 20:10:00,260.0,5.0,0.9,1016.6,29.1,29.4
2026-07-25 20:00:00,250.0,5.0,,1016.6,29.0,29.4
2026-07-25 19:50:00,240.0,5.0,1.0,1016.4,29.1,29.4
2026-07-25 19:40:00,240.0,6.0,,1016.5,29.2,29.4
2026-07-25 19:30:00,230.0,6.0,,1016.4,29.2,29.4
2026-07-25 19:20:00,230.0,6.0,0.9,1016.6,29.2,29.4
2026-07-25 19:10:00,220.0,6.0,0.9,1016.7,29.2,29.4
2026-07-25 19:00:00,230.0,6.0,,1016.8,29.2,29.4
2026-07-25 18:50:00,230.0,6.0,1.0,1017.0,29.2,29.4
2026-07-25 18:40:00,230.0,6.0,1.0,1016.7,29.3,29.4
2026-07-25 18:30:00,230.0,6.0,,1016.6,29.2,29.4
2026-07-25 18:20:00,230.0,6.0,1.0,1016.9,29.3,29.4
2026-07-25 18:10:00,240.0,6.0,1.0,1017.1,29.4,29.4
2026-07-25 18:00:00,240.0,6.0,,1017.3,29.4,29.4
2026-07-25 17:50:00,240.0,7.0,1.0,1017.5,29.3,29.4
2026-07-25 17:40:00,240.0,7.0,,1017.6,29.2,29.4
2026-07-25 17:30:00,240.0,7.0,,1017.7,29.2,29.4
2026-07-25 17:20:00,240.0,7.0,1.0,1017.7,29.2,29.4
2026-07-25 17:10:00,240.0,7.0,,1017.8,29.2,29.3
2026-07-25 17:00:00,230.0,7.0,,1017.9,29.2,29.3
2026-07-25 16:50:00,240.0,8.0,1.0,1018.0,29.2,29.3
2026-07-25 16:40:00,240.0,7.0,1.0,1018.1,29.2,29.3
2026-07-25 16:30:00,240.0,7.0,,1018.1,29.1,29.3
2026-07-25 16:20:00,240.0,7.0,1.0,1018.2,29.1,29.3
2026-07-25 16:10:00,230.0,7.0,1.0,1018.2,29.1,29.3
2026-07-25 16:00:00,230.0,8.0,,1018.2,29.1,29.3
2026-07-25 15:50:00,230.0,7.0,1.0,1018.3,29.1,29.3
2026-07-25 15:40:00,240.0,7.0,,1018.3,29.2,29.3
2026-07-25 15:30:00,230.0,7.0,,1018.2,29.2,29.3
2026-07-25 15:20:00,230.0,7.0,1.0,1018.3,29.2,29.3
2026-07-25 15:10:00,240.0,7.0,,1018.3,29.1,29.3
2026-07-25 15:00:00,240.0,7.0,,1018.3,29.1,29.2
2026-07-25 14:50:00,240.0,7.0,1.0,1018.3,29.2,29.2
2026-07-25 14:40:00,240.0,7.0,,1018.4,29.1,29.2
2026-07-25 14:30:00,240.0,8.0,,1018.4,29.1,29.2
2026-07-25 14:20:00,240.0,7.0,0.9,1018.5,29.1,29.2
2026-07-25 14:10:00,250.0,7.0,0.9,1018.5,29.1,29.2
2026-07-25 14:00:00,240.0,7.0,,1018.5,29.0,29.2
2026-07-25 13:50:00,240.0,7.0,1.0,1018.4,29.0,29.2
2026-07-25 13:40:00,240.0,7.0,,1018.5,28.9,29.2
2026-07-25 13:30:00,240.0,8.0,,1018.4,28.9,29.2
2026-07-25 13:20:00,230.0,7.0,1.0,1018.3,29.0,29.2
2026-07-25 13:10:00,230.0,7.0,1.0,1018.3,28.9,29.2
2026-07-25 13:00:00,230.0,7.0,,1018.2,28.9,29.2
2026-07-25 12:50:00,230.0,6.0,0.9,1018.2,28.9,29.2
2026-07-25 12:40:00,230.0,7.0,,1018.3,28.9,29.2
2026-07-25 12:30:00,230.0,7.0,,1018.3,28.9,29.2
2026-07-25 12:20:00,220.0,6.0,0.9,1018.3,28.9,29.2
2026-07-25 12:10:00,220.0,7.0,,1018.3,28.9,29.2
2026-07-25 12:00:00,220.0,6.0,,1018.4,28.9,29.2
2026-07-25 11:50:00,220.0,6.0,0.9,1018.3,28.9,29.2
2026-07-25 11:40:00,220.0,6.0,,1018.3,28.9,29.2
2026-07-25 11:30:00,220.0,6.0,,1018.2,28.9,29.2
2026-07-25 11:20:00,220.0,6.0,0.9,1018.2,28.9,29.2
2026-07-25 11:10:00,220.0,6.0,0.9,1018.1,29.0,29.2
2026-07-25 11:00:00,210.0,6.0,,1018.2,28.9,29.2
2026-07-25 10:50:00,210.0,6.0,0.8,1018.1,28.9,29.2
2026-07-25 10:40:00,210.0,6.0,,1018.1,28.9,29.2
2026-07-25 10:30:00,210.0,6.0,,1018.0,28.9,29.2
2026-07-25 10:20:00,200.0,6.0,0.8,1017.9,28.9,29.2
2026-07-25 10:10:00,200.0,5.0,,1017.8,29.0,29.2
2026-07-25 10:00:00,200.0,5.0,,1017.8,28.9,29.2
2026-07-25 09:50:00,200.0,5.0,0.9,1017.7,28.9,29.2
2026-07-25 09:40:00,210.0,4.0,,1017.7,29.0,29.2
2026-07-25 09:30:00,200.0,5.0,,1017.6,29.0,29.2
2026-07-25 09:20:00,190.0,5.0,0.8,1017.6,29.0,29.2
2026-07-25 09:10:00,200.0,5.0,0.8,1017.5,29.0,29.2
2026-07-25 09:00:00,200.0,5.0,,1017.6,29.0,29.2
2026-07-25 08:50:00,200.0,5.0,0.9,1017.7,29.0,29.2
2026-07-25 08:40:00,200.0,5.0,,1017.7,29.1,29.2
2026-07-25 08:30:00,190.0,5.0,,1017.5,29.0,29.2
2026-07-25 08:20:00,200.0,5.0,0.8,1017.5,29.0,29.2
2026-07-25 08:10:00,200.0,5.0,,1017.5,29.1,29.2
2026-07-25 08:00:00,190.0,5.0,,1017.5,29.1,29.2
2026-07-25 07:50:00,190.0,5.0,0.9,1017.4,29.1,29.3
2026-07-25 07:40:00,190.0,5.0,,1017.5,29.2,29.3
2026-07-25 07:30:00,190.0,5.0,,1017.5,29.2,29.3
2026-07-25 07:20:00,190.0,5.0,0.8,1017.6,29.1,29.3
2026-07-25 07:10:00,190.0,6.0,0.8,1017.7,29.2,29.3
2026-07-25 07:00:00,190.0,5.0,,1017.8,29.2,29.3
2026-07-25 06:50:00,190.0,5.0,0.9,1017.9,29.3,29.3
2026-07-25 06:40:00,190.0,5.0,,1018.1,29.3,29.3
2026-07-25 06:30:00,190.0,5.0,,1018.1,29.3,29.3
2026-07-25 06:20:00,190.0,5.0,1.0,1018.3,29.3,29.3
2026-07-25 06:10:00,190.0,5.0,1.0,1018.6,29.2,29.3
2026-07-25 06:00:00,200.0,5.0,,1018.6,28.7,29.3
2026-07-25 05:50:00,250.0,1.0,0.9,1018.8,27.8,29.3
2026-07-25 05:40:00,280.0,3.0,,1019.1,27.1,29.3
2026-07-25 05:30:00,280.0,5.0,,1019.2,27.0,29.3
2026-07-25 05:20:00,250.0,6.0,0.9,1019.5,28.7,29.3
2026-07-25 05:10:00,210.0,5.0,0.9,1019.5,29.2,29.3
2026-07-25 05:00:00,200.0,5.0,,1019.4,29.2,29.3
2026-07-25 04:50:00,200.0,5.0,0.9,1019.6,29.2,29.3
2026-07-25 04:40:00,200.0,5.0,,1019.6,29.2,29.3
2026-07-25 04:30:00,190.0,5.0,,1019.6,29.3,29.3
2026-07-25 04:20:00,200.0,4.0,0.9,1019.7,29.3,29.3
2026-07-25 04:10:00,200.0,4.0,0.9,1019.7,29.4,29.4
2026-07-25 04:00:00,200.0,4.0,,1019.6,29.4,29.4
2026-07-25 03:50:00,200.0,4.0,0.9,1019.6,29.4,29.4
2026-07-25 03:40:00,200.0,4.0,0.9,1019.5,29.3,29.4
2026-07-25 03:30:00,200.0,4.0,,1019.5,29.3,29.4
2026-07-25 03:20:00,200.0,4.0,0.9,1019.5,29.3,29.4
2026-07-25 03:10:00,190.0,3.0,,1019.4,29.2,29.4
2026-07-25 03:00:00,190.0,3.0,,1019.5,29.2,29.4
2026-07-25 02:50:00,200.0,3.0,0.9,1019.6,29.2,29.4
2026-07-25 02:40:00,200.0,3.0,0.9,1019.7,29.2,29.4
2026-07-25 02:30:00,190.0,2.0,,1019.8,29.2,29.4
2026-07-25 02:20:00,200.0,2.0,0.9,1019.9,29.2,29.4
2026-07-25 02:10:00,200.0,2.0,0.9,1019.9,29.2,29.4
2026-07-25 02:00:00,210.0,2.0,,1020.0,29.3,29.4
2026-07-25 01:50:00,200.0,3.0,0.9,1019.9,29.2,29.4
2026-07-25 01:40:00,190.0,3.0,,1019.8,29.2,29.4
2026-07-25 01:30:00,200.0,3.0,,1019.7,29.2,29.4
2026-07-25 01:20:00,200.0,3.0,0.9,1019.7,29.2,29.4
2026-07-25 01:10:00,200.0,3.0,0.9,1019.6,29.2,29.4
2026-07-25 01:00:00,200.0,3.0,,1019.5,29.2,29.4
2026-07-25 00:50:00,190.0,3.0,0.9,1019.3,29.2,29.4
2026-07-25 00:40:00,190.0,4.0,,1019.1,29.1,29.4
2026-07-25 00:30:00,200.0,3.0,,1019.0,29.1,29.4
2026-07-25 00:20:00,200.0,3.0,0.9,1018.9,29.1,29.4
2026-07-25 00:10:00,200.0,4.0,,1018.9,29.1,29.4
2026-07-25 00:00:00,180.0,4.0,,1018.7,29.1,29.4
2026-07-24 23:50:00,180.0,4.0,0.9,1018.4,29.0,29.4
2026-07-24 23:40:00,180.0,4.0,,1018.2,28.9,29.4
2026-07-24 23:20:00,180.0,4.0,0.9,1018.3,29.0,29.4
2026-07-24 23:10:00,180.0,4.0,,1018.4,29.0,29.4
2026-07-24 23:00:00,180.0,4.0,,1018.3,29.0,29.4
2026-07-24 22:50:00,180.0,4.0,0.9,1018.1,29.0,29.4
2026-07-24 22:40:00,180.0,4.0,,1018.1,29.0,29.4
2026-07-24 22:30:00,180.0,4.0,,1018.1,29.0,29.4
2026-07-24 22:20:00,180.0,4.0,1.0,1018.5,29.0,29.4
2026-07-24 22:10:00,190.0,4.0,1.0,1018.6,29.1,29.4
2026-07-24 22:00:00,190.0,4.0,,1018.5,29.2,29.4
2026-07-24 21:50:00,190.0,5.0,1.0,1018.2,29.1,29.4
2026-07-24 21:40:00,190.0,5.0,,1018.2,29.2,29.5
2026-07-24 21:30:00,200.0,4.0,,1018.4,29.2,29.5
2026-07-24 21:20:00,200.0,4.0,1.0,1018.5,29.3,29.5
2026-07-24 21:10:00,190.0,5.0,1.0,1018.4,29.3,29.5
2026-07-24 21:00:00,190.0,6.0,,1018.2,29.2,29.5
2026-07-24 20:50:00,190.0,5.0,1.0,1018.1,29.3,29.5
2026-07-24 20:40:00,190.0,5.0,,1018.5,29.3,29.6
2026-07-24 20:30:00,190.0,5.0,,1018.3,29.4,29.5
2026-07-24 20:20:00,200.0,5.0,1.0,1018.4,29.3,29.6
2026-07-24 20:10:00,200.0,5.0,,1018.5,29.3,29.6
2026-07-24 20:00:00,200.0,5.0,,1018.5,29.4,29.5
2026-07-24 19:50:00,210.0,5.0,0.9,1018.6,29.4,29.5
2026-07-24 19:40:00,210.0,5.0,0.9,1018.8,29.3,29.5
2026-07-24 19:30:00,220.0,5.0,,1018.9,29.3,29.5
2026-07-24 19:20:00,210.0,5.0,1.0,1018.9,,29.5
2026-07-24 19:10:00,220.0,4.0,,1019.0,29.2,
2026-07-24 19:00:00,220.0,5.0,,1019.0,29.2,
2026-07-24 18:50:00,220.0,5.0,1.1,1019.1,29.2,
2026-07-24 18:40:00,220.0,5.0,1.1,1019.1,29.1,29.5
2026-07-24 18:30:00,210.0,5.0,,1019.1,29.1,29.5
2026-07-24 18:20:00,210.0,5.0,1.0,1019.2,29.0,29.5
2026-07-24 18:10:00,220.0,4.0,1.0,1019.3,29.1,29.4
2026-07-24 18:00:00,220.0,4.0,,1019.4,29.1,29.4
2026-07-24 17:50:00,220.0,4.0,1.0,1019.5,29.1,29.4
2026-07-24 17:40:00,230.0,4.0,,1019.6,29.1,29.4
2026-07-24 17:30:00,230.0,4.0,,1019.6,29.1,29.4
2026-07-24 17:20:00,220.0,4.0,0.9,1019.7,29.1,29.3
2026-07-24 17:10:00,220.0,4.0,0.9,1019.6,29.2,29.3
2026-07-24 17:00:00,220.0,4.0,,1019.6,29.2,29.3
2026-07-24 16:50:00,220.0,4.0,1.0,1019.7,29.1,29.3
2026-07-24 16:40:00,220.0,4.0,,1019.7,29.1,29.3
2026-07-24 16:30:00,220.0,5.0,,1019.7,29.2,29.2
2026-07-24 16:20:00,220.0,5.0,1.0,1019.7,28.9,29.2
2026-07-24 16:10:00,220.0,5.0,1.0,1019.8,28.9,29.2
2026-07-24 16:00:00,230.0,5.0,,1019.8,29.0,29.2
2026-07-24 15:50:00,230.0,5.0,0.9,1019.9,28.9,29.2
2026-07-24 15:40:00,230.0,5.0,,1020.0,29.0,29.2
2026-07-24 15:30:00,230.0,5.0,,1020.1,29.0,29.2
2026-07-24 15:20:00,230.0,5.0,0.9,1020.3,28.9,29.1
2026-07-24 15:10:00,230.0,5.0,0.9,1020.2,28.9,29.1
2026-07-24 15:00:00,230.0,5.0,,1020.2,28.9,29.1
2026-07-24 14:50:00,230.0,5.0,1.0,1020.3,29.0,29.1
2026-07-24 14:40:00,240.0,5.0,,1020.2,29.1,29.1
2026-07-24 14:30:00,240.0,5.0,,1020.2,29.1,29.1
2026-07-24 14:20:00,230.0,5.0,0.9,1020.1,29.0,29.1
2026-07-24 14:10:00,230.0,5.0,0.9,1020.1,29.0,29.1
2026-07-24 14:00:00,240.0,5.0,,1020.0,28.9,29.1
2026-07-24 13:50:00,230.0,5.0,1.0,1020.0,29.0,29.1
2026-07-24 13:40:00,230.0,5.0,,1020.0,28.9,29.1
2026-07-24 13:30:00,230.0,5.0,,1020.0,29.0,29.1
2026-07-24 13:20:00,230.0,5.0,0.9,1019.9,28.9,29.1
2026-07-24 13:10:00,230.0,5.0,0.9,1019.9,28.9,29.1
2026-07-24 13:00:00,230.0,5.0,,1019.9,29.0,29.1
2026-07-24 12:50:00,230.0,5.0,0.9,1019.9,28.9,29.1
2026-07-24 12:40:00,230.0,5.0,,1019.8,,29.1
2026-07-24 12:30:00,220.0,5.0,,1019.8,28.9,29.1
2026-07-24 12:20:00,220.0,5.0,0.8,1019.8,28.9,29.1
2026-07-24 12:10:00,210.0,5.0,0.8,1019.8,28.8,29.1
2026-07-24 12:00:00,220.0,5.0,,1019.8,28.9,29.1
2026-07-24 11:50:00,220.0,5.0,0.9,1019.8,28.8,29.1
2026-07-24 11:40:00,210.0,5.0,0.9,1019.7,28.8,29.1
2026-07-24 11:30:00,220.0,5.0,,1019.7,28.9,29.1
2026-07-24 11:20:00,220.0,5.0,0.8,1019.7,28.8,29.1
2026-07-24 11:10:00,230.0,6.0,0.8,1019.6,28.9,29.1
2026-07-24 11:00:00,230.0,6.0,,1019.6,28.8,29.1
2026-07-24 10:50:00,230.0,5.0,0.8,1019.5,28.9,29.1
2026-07-24 10:40:00,230.0,5.0,,1019.4,28.9,29.1
2026-07-24 10:30:00,230.0,6.0,,1019.3,28.9,29.1
2026-07-24 10:20:00,220.0,6.0,0.8,1019.2,28.9,29.1
2026-07-24 10:10:00,220.0,6.0,0.8,1019.0,28.8,29.1
2026-07-24 10:00:00,220.0,5.0,,1019.1,28.9,29.1
2026-07-24 09:50:00,210.0,6.0,0.8,1019.0,28.9,29.1
2026-07-24 09:40:00,210.0,6.0,0.8,1019.0,28.8,29.1
2026-07-24 09:30:00,210.0,6.0,,1019.0,28.9,29.1
2026-07-24 09:20:00,210.0,6.0,0.8,1018.9,28.9,29.1
2026-07-24 09:10:00,210.0,6.0,0.8,1018.9,28.9,29.1
2026-07-24 09:00:00,210.0,6.0,,1018.8,28.9,29.1
2026-07-24 08:50:00,210.0,6.0,0.8,1018.9,28.9,29.1
2026-07-24 08:40:00,200.0,6.0,,1018.8,28.9,29.1
2026-07-24 08:30:00,200.0,6.0,,1018.8,28.9,29.1
2026-07-24 08:20:00,200.0,6.0,0.9,1018.8,28.9,29.1
2026-07-24 08:10:00,200.0,6.0,0.9,1018.8,28.9,29.1
2026-07-24 08:00:00,200.0,6.0,,1018.9,29.0,29.1
2026-07-24 07:50:00,200.0,6.0,0.8,1018.9,28.9,29.1
2026-07-24 07:40:00,200.0,6.0,,1018.8,28.9,29.1
2026-07-24 07:30:00,200.0,6.0,,1018.9,29.0,29.1
2026-07-24 07:20:00,200.0,6.0,0.9,1018.9,29.0,29.1
2026-07-24 07:10:00,200.0,6.0,0.9,1018.9,29.0,29.1
2026-07-24 07:00:00,200.0,7.0,,1018.9,29.0,
2026-07-24 06:50:00,200.0,7.0,0.9,1018.9,29.0,
2026-07-24 06:40:00,200.0,7.0,,1018.8,29.0,29.1
2026-07-24 06:30:00,200.0,7.0,,1018.8,29.0,29.1
2026-07-24 06:20:00,190.0,7.0,0.8,1018.9,29.0,
2026-07-24 06:10:00,190.0,7.0,0.8,1019.0,29.0,29.1
2026-07-24 06:00:00,190.0,6.0,,1018.9,29.1,
2026-07-24 05:50:00,190.0,7.0,0.9,1019.0,29.0,29.1
2026-07-24 05:40:00,190.0,7.0,,1019.1,29.0,29.1
2026-07-24 05:30:00,190.0,7.0,,1019.2,29.0,29.1
2026-07-24 05:20:00,190.0,7.0,0.9,1019.2,29.0,29.1
2026-07-24 05:10:00,190.0,7.0,0.9,1019.4,29.1,29.1
2026-07-24 05:00:00,190.0,7.0,,1019.4,29.1,29.1
2026-07-24 04:50:00,190.0,7.0,0.8,1019.6,29.1,29.1
2026-07-24 04:40:00,190.0,7.0,,1019.6,29.1,29.2
2026-07-24 04:30:00,180.0,8.0,,1019.6,29.2,29.2
2026-07-24 04:20:00,190.0,7.0,0.8,1019.7,29.2,29.2
2026-07-24 04:10:00,190.0,7.0,0.8,1019.7,29.2,29.2
2026-07-24 04:00:00,190.0,7.0,,1019.7,29.2,29.2
2026-07-24 03:50:00,190.0,7.0,0.8,1019.7,29.2,29.2
2026-07-24 03:40:00,190.0,7.0,,1019.6,29.2,29.2
2026-07-24 03:30:00,180.0,7.0,,1019.4,29.2,29.2
2026-07-24 03:20:00,180.0,7.0,0.9,1019.3,29.2,29.2
2026-07-24 03:10:00,180.0,7.0,0.9,1019.3,29.2,29.2
2026-07-24 03:00:00,180.0,7.0,,1019.4,29.2,29.2
2026-07-24 02:50:00,180.0,7.0,0.8,1019.3,29.2,29.2
2026-07-24 02:40:00,180.0,7.0,,1019.2,29.2,29.2
2026-07-24 02:30:00,180.0,7.0,,1019.3,29.2,29.2
2026-07-24 02:20:00,190.0,7.0,0.8,1019.2,29.3,29.2
2026-07-24 02:10:00,180.0,7.0,0.8,1019.2,29.2,29.2
2026-07-24 02:00:00,180.0,7.0,,1019.1,29.2,29.2
2026-07-24 01:50:00,180.0,7.0,0.8,1019.0,29.2,29.2
2026-07-24 01:40:00,180.0,7.0,0.8,1019.0,29.2,29.2
2026-07-24 01:30:00,180.0,7.0,,1019.0,29.2,29.2
2026-07-24 01:20:00,180.0,7.0,0.8,1018.9,29.1,29.2
2026-07-24 01:10:00,180.0,7.0,,1018.8,29.1,29.2
2026-07-24 01:00:00,180.0,7.0,,1018.8,29.1,29.2
2026-07-24 00:50:00,180.0,7.0,0.9,1018.6,29.1,29.2
2026-07-24 00:40:00,180.0,6.0,,1018.6,29.1,29.2
2026-07-24 00:30:00,180.0,7.0,,1018.5,29.0,29.2
2026-07-24 00:20:00,180.0,7.0,0.8,1018.5,29.0,29.2
2026-07-24 00:10:00,180.0,6.0,0.8,1018.5,29.0,29.3
2026-07-24 00:00:00,190.0,6.0,,1018.4,29.0,29.3
2026-07-23 23:50:00,190.0,6.0,0.8,1018.4,29.0,29.3
2026-07-23 23:40:00,180.0,6.0,,1018.2,29.1,29.3
2026-07-23 23:10:00,190.0,6.0,0.8,1018.0,29.0,29.3
2026-07-23 23:00:00,190.0,6.0,,1018.0,29.0,29.3
2026-07-23 22:50:00,190.0,6.0,0.8,1018.0,29.0,29.3
2026-07-23 22:40:00,190.0,7.0,,1017.8,29.0,29.3
2026-07-23 22:30:00,190.0,6.0,,1017.8,29.0,29.3
2026-07-23 22:20:00,190.0,6.0,0.9,1017.8,29.0,29.3
2026-07-23 22:10:00,190.0,6.0,0.9,1017.9,29.0,29.3
2026-07-23 22:00:00,190.0,6.0,,1017.9,29.0,29.3
2026-07-23 21:50:00,200.0,5.0,0.9,1018.1,29.0,29.3
2026-07-23 21:40:00,200.0,6.0,,1018.3,29.0,29.3
2026-07-23 21:30:00,200.0,6.0,,1018.2,29.0,29.3
2026-07-23 21:20:00,200.0,6.0,0.9,1018.2,29.1,29.3
2026-07-23 21:10:00,210.0,5.0,0.9,1018.2,29.1,29.3
2026-07-23 21:00:00,210.0,5.0,,1018.3,29.0,29.3
2026-07-23 20:50:00,220.0,5.0,0.9,1018.4,29.1,29.3
2026-07-23 20:40:00,220.0,5.0,,1018.3,29.1,29.3
2026-07-23 20:30:00,220.0,5.0,,1018.3,29.1,29.3
2026-07-23 20:20:00,230.0,5.0,0.8,1018.3,29.1,29.3
2026-07-23 20:10:00,220.0,6.0,0.8,1018.3,29.1,29.3
2026-07-23 20:00:00,220.0,6.0,,1018.4,29.2,29.3
2026-07-23 19:50:00,220.0,6.0,0.9,1018.4,29.1,29.3
2026-07-23 19:40:00,220.0,6.0,,1018.3,29.1,29.3
2026-07-23 19:30:00,220.0,6.0,,1018.5,29.1,29.3
2026-07-23 19:20:00,220.0,6.0,1.0,1018.5,29.1,29.3
2026-07-23 19:10:00,220.0,6.0,1.0,1018.5,29.1,29.3
2026-07-23 19:00:00,220.0,6.0,,1018.6,29.0,29.3
2026-07-23 18:50:00,220.0,6.0,1.0,1018.6,29.1,29.3
2026-07-23 18:40:00,220.0,6.0,,1018.8,29.0,29.3
2026-07-23 18:30:00,220.0,6.0,,1018.9,29.0,29.3
2026-07-23 18:20:00,210.0,6.0,0.9,1019.0,29.0,29.3
2026-07-23 18:10:00,220.0,6.0,0.9,1019.2,29.0,29.3
2026-07-23 18:00:00,220.0,6.0,,1019.3,29.0,29.3
2026-07-23 17:50:00,220.0,6.0,1.0,1019.4,29.0,29.3
2026-07-23 17:40:00,220.0,7.0,,1019.4,29.0,29.2
2026-07-23 17:30:00,230.0,6.0,,1019.5,29.0,29.3
2026-07-23 17:20:00,230.0,7.0,1.0,1019.5,29.0,29.3
2026-07-23 17:10:00,230.0,7.0,,1019.6,29.0,29.3
2026-07-23 17:00:00,230.0,7.0,,1019.6,29.1,29.3
2026-07-23 16:50:00,220.0,7.0,1.0,1019.5,29.1,29.3
2026-07-23 16:40:00,220.0,7.0,,1019.6,29.1,29.3
2026-07-23 16:30:00,230.0,7.0,,1019.7,29.2,29.3
2026-07-23 16:20:00,230.0,7.0,1.0,1019.7,29.1,29.3
2026-07-23 16:10:00,230.0,7.0,1.0,1019.7,29.0,29.3
2026-07-23 16:00:00,230.0,7.0,,1019.7,29.1,29.2
2026-07-23 15:50:00,230.0,7.0,1.1,1019.7,29.0,29.2
2026-07-23 15:40:00,230.0,7.0,,1019.7,29.0,29.2
2026-07-23 15:30:00,230.0,7.0,,1019.8,29.0,29.2
2026-07-23 15:20:00,230.0,7.0,1.0,1019.9,29.0,29.2
2026-07-23 15:10:00,230.0,7.0,1.0,1020.0,29.0,29.2
2026-07-23 15:00:00,230.0,7.0,,1020.0,29.0,29.2
2026-07-23 14:50:00,230.0,7.0,1.0,1019.9,29.0,29.2
2026-07-23 14:40:00,230.0,7.0,,1019.9,28.9,29.2
2026-07-23 14:30:00,230.0,6.0,,1019.9,28.8,29.2
2026-07-23 14:20:00,230.0,6.0,1.0,1019.8,28.9,29.1
2026-07-23 14:10:00,230.0,7.0,1.0,1019.8,28.9,29.1
2026-07-23 14:00:00,230.0,7.0,,1019.8,28.9,29.1
2026-07-23 13:50:00,230.0,6.0,1.1,1019.9,28.7,29.1
2026-07-23 13:40:00,230.0,7.0,1.1,1019.8,28.9,29.1
2026-07-23 13:30:00,230.0,7.0,,1019.8,29.0,29.1
2026-07-23 13:20:00,220.0,7.0,1.1,1019.8,29.1,29.1
2026-07-23 13:10:00,220.0,7.0,1.1,1019.7,29.1,29.1
2026-07-23 13:00:00,210.0,7.0,,1019.6,29.1,29.1
2026-07-23 12:50:00,220.0,7.0,1.1,1019.5,29.1,29.1
2026-07-23 12:40:00,220.0,7.0,1.1,1019.5,29.1,29.1
2026-07-23 12:30:00,220.0,7.0,,1019.5,29.1,29.1
2026-07-23 12:20:00,220.0,7.0,1.1,1019.2,29.1,29.1
2026-07-23 12:10:00,210.0,7.0,1.1,1019.2,29.1,29.1
2026-07-23 12:00:00,210.0,8.0,,1019.2,29.1,29.1
2026-07-23 11:50:00,210.0,8.0,1.2,1019.2,29.0,29.1
2026-07-23 11:40:00,210.0,7.0,,1019.1,29.1,29.1
2026-07-23 11:30:00,210.0,8.0,,1019.0,29.0,29.1
2026-07-23 11:20:00,210.0,8.0,1.1,1018.8,29.0,29.1
2026-07-23 11:10:00,210.0,7.0,1.1,1018.6,29.0,29.2
2026-07-23 11:00:00,210.0,8.0,,1018.6,29.0,29.2
2026-07-23 10:50:00,210.0,8.0,1.1,1018.5,29.0,29.2
2026-07-23 10:40:00,210.0,8.0,,1018.5,29.0,29.2
2026-07-23 10:30:00,210.0,8.0,,1018.5,29.0,29.2
2026-07-23 10:20:00,210.0,8.0,1.2,1018.3,29.0,29.2
2026-07-23 10:10:00,210.0,8.0,1.2,1018.2,29.0,29.2
2026-07-23 10:00:00,210.0,8.0,,1018.1,29.0,29.2
2026-07-23 09:50:00,210.0,8.0,1.1,1018.1,29.0,29.2
2026-07-23 09:40:00,210.0,8.0,,1017.9,29.0,29.2
2026-07-23 09:30:00,210.0,8.0,,1017.8,29.0,29.2
2026-07-23 09:20:00,200.0,8.0,1.1,1017.7,28.9,29.2
2026-07-23 09:10:00,200.0,9.0,1.1,1017.5,28.9,29.2
2026-07-23 09:00:00,200.0,9.0,,1017.6,28.9,29.2
2026-07-23 08:50:00,200.0,9.0,1.2,1017.4,28.9,29.2
2026-07-23 08:40:00,200.0,9.0,,1017.4,28.9,29.2
2026-07-23 08:30:00,200.0,9.0,,1017.3,28.9,29.2
2026-07-23 08:20:00,200.0,9.0,1.1,1017.3,28.9,29.2
2026-07-23 08:10:00,200.0,9.0,,1017.2,28.9,29.2
2026-07-23 08:00:00,200.0,9.0,,1017.2,28.8,29.2
2026-07-23 07:50:00,200.0,8.0,1.2,1017.3,28.9,29.2
2026-07-23 07:40:00,200.0,8.0,,1017.3,28.9,29.2
2026-07-23 07:30:00,200.0,8.0,,1017.3,28.9,29.2
2026-07-23 07:20:00,200.0,8.0,1.1,1017.2,28.9,29.2
2026-07-23 07:10:00,200.0,8.0,1.1,1017.2,28.9,29.3
2026-07-23 07:00:00,200.0,8.0,,1017.2,28.9,29.3
2026-07-23 06:50:00,200.0,8.0,1.1,1017.2,28.9,29.3
2026-07-23 06:40:00,200.0,8.0,,1017.2,29.0,29.3
2026-07-23 06:30:00,200.0,8.0,,1017.2,29.0,29.3
2026-07-23 06:20:00,200.0,8.0,1.1,1017.3,29.0,29.3
2026-07-23 06:10:00,190.0,8.0,1.1,1017.2,29.0,29.3
2026-07-23 06:00:00,190.0,8.0,,1017.2,29.0,29.3
2026-07-23 05:50:00,190.0,8.0,1.1,1017.2,29.0,29.3
2026-07-23 05:40:00,190.0,8.0,1.1,1017.3,29.1,29.3
2026-07-23 05:30:00,190.0,8.0,,1017.2,29.1,29.3
2026-07-23 05:20:00,190.0,8.0,1.1,1017.3,29.1,29.3
2026-07-23 05:10:00,190.0,8.0,,1017.4,29.2,29.3
2026-07-23 05:00:00,190.0,8.0,,1017.5,29.1,29.3
2026-07-23 04:50:00,190.0,8.0,1.1,1017.4,29.1,29.3
2026-07-23 04:40:00,190.0,8.0,,1017.5,29.1,29.3
2026-07-23 04:30:00,190.0,9.0,,1017.6,29.1,29.3
2026-07-23 04:20:00,190.0,8.0,1.1,1017.7,29.1,29.2
2026-07-23 04:10:00,190.0,8.0,1.1,1017.7,29.1,29.3
2026-07-23 04:00:00,190.0,8.0,,1017.7,29.1,29.3
2026-07-23 03:50:00,190.0,8.0,1.0,1017.6,29.2,29.3
2026-07-23 03:40:00,190.0,9.0,,1017.6,29.1,29.3
2026-07-23 03:30:00,190.0,9.0,,1017.6,29.1,29.3
2026-07-23 03:20:00,190.0,8.0,1.1,1017.7,29.1,29.3
2026-07-23 03:10:00,190.0,7.0,1.1,1017.7,29.1,29.3
2026-07-23 03:00:00,190.0,8.0,,1017.8,29.0,29.3
2026-07-23 02:50:00,190.0,8.0,1.1,1017.7,29.0,29.3
2026-07-23 02:40:00,190.0,8.0,,1017.7,29.0,29.3
2026-07-23 02:30:00,190.0,8.0,,1017.7,29.0,29.3
2026-07-23 02:20:00,190.0,8.0,1.1,1017.8,29.0,29.3
2026-07-23 02:10:00,190.0,7.0,,1017.8,29.0,29.3
2026-07-23 02:00:00,200.0,7.0,,1017.7,29.1,29.3
2026-07-23 01:50:00,200.0,7.0,1.1,1017.7,29.1,29.3
2026-07-23 01:40:00,200.0,7.0,1.1,1017.6,29.0,29.3
2026-07-23 01:30:00,200.0,7.0,,1017.6,29.0,29.3
2026-07-23 01:20:00,200.0,7.0,1.1,1017.6,29.0,29.3
2026-07-23 01:10:00,190.0,7.0,1.1,1017.5,29.0,29.3
2026-07-23 01:00:00,190.0,7.0,,1017.5,29.0,29.3
2026-07-23 00:50:00,200.0,7.0,1.1,1017.5,29.1,29.3
2026-07-23 00:40:00,200.0,7.0,1.1,1017.3,29.1,29.3
2026-07-23 00:30:00,200.0,7.0,,1017.2,29.1,29.3
2026-07-23 00:20:00,200.0,7.0,1.1,1017.2,29.1,29.3
2026-07-23 00:10:00,210.0,7.0,1.1,1017.2,29.1,
2026-07-23 00:00:00,200.0,7.0,,1017.1,29.2,29.3
2026-07-22 23:50:00,200.0,7.0,1.1,1017.1,29.2,29.4
2026-07-22 23:40:00,200.0,6.0,1.1,1017.1,29.2,29.4
2026-07-22 23:30:00,210.0,7.0,,1017.1,29.2,29.4
2026-07-22 23:20:00,210.0,7.0,1.1,1017.0,29.2,29.4
2026-07-22 23:10:00,200.0,7.0,1.1,1016.9,29.2,29.4
2026-07-22 23:00:00,200.0,7.0,,1016.8,29.2,29.4
2026-07-22 22:50:00,200.0,7.0,1.1,1016.7,29.3,29.4
2026-07-22 22:40:00,200.0,7.0,,1016.7,29.3,29.4
2026-07-22 22:30:00,200.0,8.0,,1016.6,29.3,29.4
2026-07-22 22:20:00,200.0,7.0,1.1,1016.6,29.3,29.4
2026-07-22 22:10:00,200.0,7.0,1.1,1016.5,29.4,29.4
2026-07-22 22:00:00,200.0,8.0,,1016.6,29.4,29.4
2026-07-22 21:50:00,200.0,7.0,1.2,1016.6,29.4,29.4
2026-07-22 21:40:00,200.0,7.0,1.2,1016.5,29.5,29.4
2026-07-22 21:30:00,210.0,7.0,,1016.5,29.5,29.4
2026-07-22 21:20:00,200.0,7.0,1.2,1016.5,29.5,29.4
2026-07-22 21:10:00,210.0,8.0,1.2,1016.6,29.5,29.4
2026-07-22 21:00:00,210.0,8.0,,1016.4,29.5,29.5
2026-07-22 20:50:00,210.0,8.0,1.3,1016.5,29.5,29.5
2026-07-22 20:40:00,210.0,8.0,,1016.5,29.5,29.5
2026-07-22 20:30:00,210.0,8.0,,1016.4,29.5,29.4
2026-07-22 20:20:00,210.0,8.0,1.3,1016.5,29.5,29.4
2026-07-22 20:10:00,210.0,8.0,1.3,1016.5,29.4,29.4
2026-07-22 20:00:00,210.0,7.0,,1016.6,29.5,29.5
2026-07-22 19:50:00,210.0,8.0,1.2,1016.7,29.5,29.4
2026-07-22 19:40:00,210.0,8.0,,1016.7,29.4,29.4
2026-07-22 19:30:00,210.0,8.0,,1016.7,29.4,29.5
2026-07-22 19:20:00,210.0,8.0,1.3,1016.7,29.4,29.4
2026-07-22 19:10:00,210.0,8.0,,1016.8,29.4,
2026-07-22 19:00:00,210.0,8.0,,1016.9,29.4,
2026-07-22 18:50:00,210.0,8.0,1.2,1016.8,29.4,
2026-07-22 18:40:00,,,1.2,,,
2026-07-22 18:30:00,210.0,8.0,,1016.8,29.4,29.5
2026-07-22 18:20:00,210.0,8.0,1.3,1017.0,29.4,29.4
2026-07-22 18:10:00,210.0,8.0,1.3,1017.1,29.4,29.5
2026-07-22 18:00:00,220.0,8.0,,1017.3,29.4,29.5
2026-07-22 17:50:00,220.0,7.0,1.4,1017.4,29.4,29.4
2026-07-22 17:40:00,210.0,7.0,,1017.4,29.3,29.4
2026-07-22 17:30:00,220.0,7.0,,1017.5,29.3,29.4
2026-07-22 17:20:00,220.0,8.0,1.3,1017.7,29.2,29.4
2026-07-22 17:10:00,220.0,8.0,,1017.8,29.3,29.4
2026-07-22 17:00:00,220.0,8.0,,1017.8,29.3,29.4
2026-07-22 16:50:00,220.0,8.0,1.4,1017.8,29.3,29.4
2026-07-22 16:40:00,220.0,8.0,,1017.9,29.4,29.4
2026-07-22 16:30:00,220.0,8.0,,1018.0,29.4,29.4
2026-07-22 16:20:00,230.0,8.0,1.4,1018.0,29.4,29.4
2026-07-22 16:10:00,220.0,8.0,,1018.2,29.4,29.4
2026-07-22 16:00:00,230.0,8.0,,1018.2,29.4,29.4
2026-07-22 15:50:00,230.0,8.0,1.4,1018.2,29.4,29.4
2026-07-22 15:40:00,230.0,8.0,,1018.1,29.4,29.4
2026-07-22 15:30:00,220.0,8.0,,1018.1,29.5,29.4
2026-07-22 15:20:00,220.0,9.0,1.5,1017.9,29.4,29.4
2026-07-22 15:10:00,210.0,8.0,1.5,1017.9,29.4,29.4
2026-07-22 15:00:00,210.0,8.0,,1017.8,29.5,29.4
2026-07-22 14:50:00,210.0,8.0,1.6,1017.7,29.4,29.3
2026-07-22 14:40:00,210.0,8.0,,1017.7,29.4,29.3
2026-07-22 14:30:00,210.0,8.0,,1017.6,29.5,29.3
2026-07-22 14:20:00,210.0,9.0,1.6,1017.5,29.4,29.3
2026-07-22 14:10:00,210.0,9.0,1.6,1017.4,29.4,29.3
2026-07-22 14:00:00,210.0,9.0,,1017.4,29.4,29.3
2026-07-22 13:50:00,210.0,9.0,1.6,1017.1,29.4,29.3
2026-07-22 13:40:00,200.0,9.0,,1017.1,29.3,29.3
2026-07-22 13:30:00,200.0,9.0,,1017.1,29.3,29.3
2026-07-22 13:20:00,200.0,9.0,1.6,1017.2,29.3,29.3
2026-07-22 13:10:00,210.0,9.0,1.6,1017.2,29.2,29.3
2026-07-22 13:00:00,210.0,9.0,,1017.2,29.2,29.3
2026-07-22 12:50:00,200.0,8.0,1.6,1017.2,29.2,29.3
2026-07-22 12:40:00,210.0,9.0,,1017.2,29.2,29.3
2026-07-22 12:30:00,210.0,9.0,,1017.0,29.2,29.3
2026-07-22 12:20:00,200.0,9.0,1.6,1016.9,29.2,29.3
2026-07-22 12:10:00,200.0,9.0,,1016.8,29.2,29.3
2026-07-22 12:00:00,200.0,9.0,,1016.6,29.2,29.3
2026-07-22 11:50:00,200.0,9.0,1.6,1016.5,29.2,29.3
2026-07-22 11:40:00,200.0,9.0,,1016.4,29.1,29.3
2026-07-22 11:30:00,200.0,9.0,,1016.3,29.1,29.3
2026-07-22 11:20:00,210.0,9.0,1.7,1016.1,29.1,29.3
2026-07-22 11:10:00,210.0,9.0,,1016.1,29.1,29.3
2026-07-22 11:00:00,200.0,9.0,,1016.0,29.1,29.3
2026-07-22 10:50:00,200.0,9.0,1.7,1015.9,29.1,29.3
2026-07-22 10:40:00,200.0,9.0,,1015.8,29.1,29.3
2026-07-22 10:30:00,200.0,9.0,,1015.8,29.1,29.3
2026-07-22 10:20:00,200.0,9.0,1.7,1015.7,29.1,29.3
2026-07-22 10:10:00,200.0,9.0,,1015.5,29.1,29.3
2026-07-22 10:00:00,200.0,9.0,,1015.4,29.1,29.3
2026-07-22 09:50:00,200.0,9.0,1.7,1015.4,29.1,29.3
2026-07-22 09:40:00,200.0,10.0,,1015.3,29.1,29.3
2026-07-22 09:30:00,200.0,10.0,,1015.2,29.1,29.3
2026-07-22 09:20:00,200.0,10.0,1.8,1015.3,29.1,29.3
2026-07-22 09:10:00,200.0,10.0,,1015.1,29.1,29.3
2026-07-22 09:00:00,210.0,10.0,,1015.3,29.1,29.4
2026-07-22 08:50:00,210.0,10.0,1.7,1015.3,29.1,29.3
2026-07-22 08:40:00,200.0,10.0,,1015.3,29.1,29.3
2026-07-22 08:30:00,200.0,10.0,,1015.4,29.1,29.3
2026-07-22 08:20:00,200.0,10.0,1.8,1015.2,29.1,29.3
2026-07-22 08:10:00,200.0,10.0,,1015.3,29.0,29.4
2026-07-22 08:00:00,200.0,10.0,,1014.9,29.0,29.4
2026-07-22 07:50:00,190.0,10.0,1.8,1014.8,29.0,29.4
2026-07-22 07:40:00,190.0,10.0,,1014.7,29.0,29.4
2026-07-22 07:30:00,190.0,11.0,,1014.7,29.1,29.4
2026-07-22 07:20:00,190.0,11.0,1.8,1014.8,29.0,29.4
2026-07-22 07:10:00,,,1.8,,,
2026-07-22 07:00:00,190.0,10.0,,1015.0,29.1,29.4
2026-07-22 06:50:00,190.0,11.0,1.7,1014.8,29.1,29.4
2026-07-22 06:40:00,190.0,11.0,,1014.9,29.1,29.4
2026-07-22 06:30:00,190.0,11.0,,1015.1,29.1,29.4
2026-07-22 06:20:00,190.0,11.0,1.8,1015.3,29.1,29.4
2026-07-22 06:10:00,190.0,11.0,,1015.2,29.1,29.4
2026-07-22 06:00:00,190.0,11.0,,1015.3,29.2,29.4
2026-07-22 05:50:00,190.0,11.0,1.7,1015.3,29.2,29.4
2026-07-22 05:40:00,190.0,11.0,,1015.4,29.2,29.4
2026-07-22 05:30:00,190.0,12.0,,1015.5,29.2,29.4
2026-07-22 05:20:00,190.0,11.0,1.6,1015.6,29.2,29.4
2026-07-22 05:10:00,190.0,11.0,,1015.7,29.2,29.4
2026-07-22 05:00:00,190.0,11.0,,1015.7,29.2,29.4
2026-07-22 04:50:00,190.0,11.0,1.6,1015.7,29.2,29.4
2026-07-22 04:40:00,190.0,11.0,,1015.5,29.3,29.4
2026-07-22 04:30:00,190.0,11.0,,1015.6,29.3,29.4
2026-07-22 04:20:00,190.0,11.0,1.7,1015.8,29.3,29.4
2026-07-22 04:10:00,190.0,11.0,1.7,1016.0,29.3,29.4
2026-07-22 04:00:00,190.0,10.0,,1016.0,29.3,29.4
2026-07-22 03:50:00,190.0,11.0,1.5,1016.2,29.4,29.4
2026-07-22 03:40:00,190.0,11.0,,1016.3,29.3,29.4
2026-07-22 03:30:00,190.0,10.0,,1016.4,29.4,29.4
2026-07-22 03:20:00,190.0,10.0,1.4,1016.6,29.4,29.4
2026-07-22 03:10:00,190.0,10.0,1.4,1016.7,29.4,29.4
2026-07-22 03:00:00,190.0,10.0,,1017.0,29.4,29.4
2026-07-22 02:50:00,190.0,10.0,1.5,1017.1,29.4,29.4
2026-07-22 02:40:00,180.0,11.0,,1016.8,29.4,29.4
2026-07-22 02:30:00,190.0,10.0,,1016.7,29.4,29.4
2026-07-22 02:20:00,190.0,10.0,1.4,1016.7,29.5,29.4
2026-07-22 02:10:00,190.0,9.0,1.4,1016.8,29.4,29.4
2026-07-22 02:00:00,180.0,10.0,,1016.6,29.4,29.4
2026-07-22 01:50:00,180.0,9.0,1.5,1016.3,29.4,29.4
2026-07-22 01:40:00,180.0,9.0,,1016.5,29.4,29.4
2026-07-22 01:30:00,180.0,9.0,,1016.2,29.4,29.4
2026-07-22 01:20:00,180.0,9.0,1.4,1016.3,29.4,29.4
2026-07-22 01:10:00,180.0,10.0,,1015.9,29.5,29.5
2026-07-22 01:00:00,180.0,9.0,,1015.9,29.5,
2026-07-22 00:50:00,,,1.4,1015.8,29.6,29.5
2026-07-22 00:40:00,190.0,10.0,,1015.8,29.6,29.5
2026-07-22 00:30:00,190.0,9.0,,1015.7,29.5,29.5
2026-07-22 00:20:00,190.0,9.0,1.4,1015.6,29.6,
2026-07-22 00:10:00,190.0,9.0,1.4,1015.6,29.6,29.5
2026-07-22 00:00:00,190.0,9.0,,1015.5,29.5,29.5
2026-07-21 23:50:00,190.0,9.0,1.4,1015.3,29.5,29.5
2026-07-21 23:40:00,200.0,9.0,,1015.3,29.6,29.5
2026-07-21 23:10:00,200.0,9.0,1.5,1015.0,29.6,29.5
2026-07-21 23:00:00,200.0,9.0,,1014.9,29.5,29.5
2026-07-21 22:50:00,200.0,10.0,1.4,1015.0,29.6,29.5
2026-07-21 22:40:00,200.0,9.0,1.4,1015.3,29.6,29.5
2026-07-21 22:30:00,200.0,10.0,,1015.3,29.6,29.5
2026-07-21 22:20:00,200.0,10.0,1.4,1015.0,29.5,29.5
2026-07-21 22:10:00,200.0,9.0,1.4,1015.2,29.5,29.5
2026-07-21 22:00:00,210.0,10.0,,1015.2,29.5,29.5
2026-07-21 21:50:00,210.0,10.0,1.5,1015.4,29.5,29.5
2026-07-21 21:40:00,210.0,10.0,,1015.4,29.5,29.5
2026-07-21 21:30:00,210.0,9.0,,1015.5,29.5,29.5
2026-07-21 21:20:00,200.0,9.0,1.4,1015.5,29.3,29.5
2026-07-21 21:10:00,200.0,9.0,,1015.5,29.3,29.5
2026-07-21 21:00:00,200.0,9.0,,1015.7,29.3,29.5
2026-07-21 20:50:00,210.0,9.0,1.3,1015.7,29.4,29.5
2026-07-21 20:40:00,200.0,9.0,,1015.8,29.3,29.5
2026-07-21 20:30:00,200.0,10.0,,1015.7,29.4,29.5
2026-07-21 20:20:00,210.0,9.0,1.3,1015.9,29.5,29.5
2026-07-21 20:10:00,200.0,9.0,1.3,1016.0,29.4,29.6
2026-07-21 20:00:00,200.0,9.0,,1016.0,29.4,29.6
2026-07-21 19:50:00,200.0,9.0,1.4,1015.9,29.4,29.6
2026-07-21 19:40:00,200.0,9.0,,1015.8,29.4,29.6
2026-07-21 19:30:00,200.0,9.0,,1016.0,29.4,29.6
2026-07-21 19:20:00,200.0,9.0,1.3,1016.0,,29.6
2026-07-21 19:10:00,200.0,8.0,,1016.2,29.3,29.6
2026-07-21 19:00:00,210.0,8.0,,1016.2,29.4,29.6
2026-07-21 18:50:00,210.0,8.0,1.4,1016.4,29.5,29.6
2026-07-21 18:40:00,210.0,9.0,,1016.4,29.4,29.6
2026-07-21 18:30:00,210.0,8.0,,1016.4,29.4,29.5
2026-07-21 18:20:00,210.0,8.0,1.3,1016.5,29.4,29.6
2026-07-21 18:10:00,220.0,8.0,1.3,1016.6,29.5,29.5
2026-07-21 18:00:00,220.0,8.0,,1016.7,29.4,29.5
2026-07-21 17:50:00,220.0,7.0,1.3,1016.6,29.4,29.5
2026-07-21 17:40:00,220.0,8.0,1.3,1016.9,29.5,29.5
2026-07-21 17:30:00,220.0,8.0,,1017.0,29.5,29.5
2026-07-21 17:20:00,220.0,8.0,1.2,1017.1,29.5,29.5
2026-07-21 17:10:00,220.0,8.0,1.2,1017.1,29.5,29.5
2026-07-21 17:00:00,220.0,8.0,,1017.1,29.6,29.5
2026-07-21 16:50:00,220.0,8.0,1.2,1017.1,29.6,29.5
2026-07-21 16:40:00,220.0,8.0,1.2,1017.0,29.6,29.5
2026-07-21 16:30:00,220.0,8.0,,1017.0,29.6,29.5
2026-07-21 16:20:00,220.0,8.0,1.2,1017.2,29.5,
2026-07-21 16:10:00,220.0,8.0,1.2,1017.1,29.5,29.5
2026-07-21 16:00:00,220.0,8.0,,1017.1,29.5,29.5
2026-07-21 15:50:00,210.0,8.0,1.2,1017.1,29.5,29.5
2026-07-21 15:40:00,210.0,8.0,,1017.1,29.5,29.4
2026-07-21 15:30:00,210.0,8.0,,1017.0,29.6,29.5
2026-07-21 15:20:00,210.0,8.0,1.2,1016.8,29.6,29.4
2026-07-21 15:10:00,200.0,9.0,1.2,1016.7,29.6,29.4
2026-07-21 15:00:00,200.0,9.0,,1016.7,29.6,29.4
2026-07-21 14:50:00,200.0,9.0,1.2,1016.8,29.7,29.4
2026-07-21 14:40:00,200.0,8.0,,1016.8,29.6,29.4
2026-07-21 14:30:00,200.0,9.0,,1016.7,29.6,29.4
2026-07-21 14:20:00,200.0,9.0,1.2,1016.6,29.6,29.4
2026-07-21 14:10:00,200.0,8.0,1.2,1016.5,29.5,29.4
2026-07-21 14:00:00,200.0,8.0,,1016.6,29.5,29.4
2026-07-21 13:50:00,200.0,7.0,1.1,1016.7,29.4,29.4
2026-07-21 13:40:00,200.0,7.0,,1016.8,29.4,29.4
2026-07-21 13:30:00,200.0,7.0,,1016.7,29.4,29.4
2026-07-21 13:20:00,200.0,8.0,1.3,1016.7,29.5,29.4
2026-07-21 13:10:00,200.0,8.0,1.3,1016.8,29.5,29.4
2026-07-21 13:00:00,200.0,8.0,,1016.9,29.5,29.4
2026-07-21 12:50:00,200.0,8.0,1.2,1016.7,29.5,29.4
2026-07-21 12:40:00,200.0,8.0,,1016.7,29.5,29.4
2026-07-21 12:30:00,200.0,8.0,,1016.7,29.5,29.4
2026-07-21 12:20:00,200.0,8.0,1.2,1016.5,,29.4
2026-07-21 12:10:00,200.0,8.0,,1016.4,29.5,29.3
2026-07-21 12:00:00,200.0,8.0,,1016.3,29.4,29.3
2026-07-21 11:50:00,200.0,8.0,1.3,1016.4,29.4,29.3
2026-07-21 11:40:00,200.0,8.0,,1016.2,29.4,29.3
2026-07-21 11:30:00,200.0,8.0,,1016.3,29.4,29.4
2026-07-21 11:20:00,200.0,9.0,1.2,1015.9,29.3,29.3
2026-07-21 11:10:00,200.0,9.0,1.2,1015.6,29.3,29.4
2026-07-21 11:00:00,190.0,9.0,,1015.6,29.3,29.3
2026-07-21 10:50:00,190.0,9.0,1.2,1015.5,29.3,29.4
2026-07-21 10:40:00,200.0,9.0,,1015.4,29.3,29.4
2026-07-21 10:30:00,200.0,9.0,,1015.3,29.4,29.4
2026-07-21 10:20:00,200.0,9.0,1.3,1015.4,29.3,29.4
2026-07-21 10:10:00,200.0,9.0,1.3,1015.4,29.3,29.4
2026-07-21 10:00:00,200.0,9.0,,1015.4,29.4,29.4
2026-07-21 09:50:00,200.0,9.0,1.2,1015.4,,29.4
2026-07-21 09:40:00,200.0,9.0,,1015.1,29.4,29.4
2026-07-21 09:30:00,200.0,9.0,,1015.0,29.4,29.4
2026-07-21 09:20:00,190.0,10.0,1.2,1014.8,,29.4
2026-07-21 09:10:00,190.0,10.0,,1014.8,29.3,29.4
2026-07-21 09:00:00,190.0,9.0,,1014.8,29.3,29.4
2026-07-21 08:50:00,190.0,10.0,1.1,1014.6,29.3,29.4
2026-07-21 08:40:00,190.0,10.0,1.1,1014.6,29.2,29.4
2026-07-21 08:30:00,190.0,10.0,,1014.6,29.2,29.4
2026-07-21 08:20:00,190.0,10.0,1.1,1014.5,29.2,29.4
2026-07-21 08:10:00,190.0,10.0,,1014.4,29.2,29.4
2026-07-21 08:00:00,200.0,10.0,1.1,1014.6,29.2,
2026-07-21 07:50:00,200.0,8.0,1.1,1014.8,29.2,29.4
2026-07-21 07:40:00,200.0,9.0,,1014.7,29.2,29.4
2026-07-21 07:30:00,190.0,9.0,,1014.7,29.2,29.4
2026-07-21 07:20:00,190.0,9.0,1.1,1014.9,,29.4
2026-07-21 07:10:00,190.0,9.0,,1015.1,29.2,29.4
2026-07-21 07:00:00,190.0,9.0,,1015.2,29.2,29.4
2026-07-21 06:50:00,190.0,8.0,1.0,1015.4,29.2,
2026-07-21 06:40:00,190.0,9.0,,1015.5,29.2,29.4
2026-07-21 06:30:00,190.0,9.0,,1015.4,29.3,29.5
2026-07-21 06:20:00,190.0,9.0,1.0,1015.4,29.2,29.4
2026-07-21 06:10:00,180.0,8.0,,1015.5,29.3,29.5
2026-07-21 06:00:00,180.0,8.0,,1015.5,29.3,29.5
2026-07-21 05:50:00,180.0,8.0,1.0,1015.7,29.3,29.5
2026-07-21 05:40:00,180.0,8.0,,1015.7,29.2,29.5
2026-07-21 05:30:00,180.0,8.0,,1015.7,29.3,29.5
2026-07-21 05:20:00,180.0,8.0,1.0,1015.8,29.3,29.5
2026-07-21 05:10:00,190.0,8.0,1.0,1015.8,29.3,29.5
2026-07-21 05:00:00,190.0,8.0,,1015.9,29.3,29.5
2026-07-21 04:50:00,190.0,8.0,1.0,1016.1,29.3,29.5
2026-07-21 04:40:00,190.0,8.0,,1016.2,29.3,29.5
2026-07-21 04:30:00,190.0,8.0,,1016.2,29.3,29.6
2026-07-21 04:20:00,190.0,8.0,0.9,1016.1,29.4,29.6
2026-07-21 04:10:00,190.0,8.0,0.9,1016.1,29.3,29.6
2026-07-21 04:00:00,190.0,8.0,,1016.2,29.4,29.6
2026-07-21 03:50:00,190.0,8.0,1.0,1016.3,29.4,29.6
2026-07-21 03:40:00,190.0,8.0,,1016.4,29.4,29.6
2026-07-21 03:30:00,190.0,8.0,,1016.5,29.4,29.6
2026-07-21 03:20:00,190.0,8.0,0.9,1016.1,29.4,29.6
2026-07-21 03:10:00,190.0,8.0,0.9,1016.1,29.3,29.6
2026-07-21 03:00:00,190.0,7.0,,1016.2,29.4,29.6
2026-07-21 02:50:00,190.0,8.0,0.9,1016.2,29.4,29.6
2026-07-21 02:40:00,190.0,8.0,,1016.2,29.4,29.6
2026-07-21 02:30:00,190.0,8.0,,1016.2,29.4,29.7
2026-07-21 02:20:00,190.0,8.0,0.8,1016.1,29.4,29.7
2026-07-21 02:10:00,180.0,7.0,0.8,1016.0,29.4,29.7
2026-07-21 02:00:00,190.0,7.0,,1016.1,29.4,29.7
2026-07-21 01:50:00,190.0,7.0,0.8,1016.1,29.4,29.7
2026-07-21 01:40:00,180.0,7.0,,1015.9,29.4,29.7
2026-07-21 01:30:00,190.0,7.0,,1015.7,29.4,29.7
2026-07-21 01:20:00,180.0,7.0,0.8,1015.4,29.4,29.7
2026-07-21 01:10:00,190.0,7.0,0.8,1015.2,29.4,
2026-07-21 01:00:00,190.0,7.0,,1015.3,29.4,29.7
2026-07-21 00:50:00,190.0,7.0,0.8,1015.5,29.4,29.7
2026-07-21 00:40:00,200.0,6.0,0.8,1015.5,29.4,29.7
2026-07-21 00:30:00,190.0,5.0,,1015.6,29.3,29.7
2026-07-21 00:20:00,190.0,4.0,0.9,1015.8,29.3,29.7
2026-07-21 00:10:00,200.0,4.0,,1015.8,29.3,29.7
2026-07-21 00:00:00,190.0,5.0,,1015.8,29.3,29.7
2026-07-20 23:50:00,200.0,5.0,0.9,1015.7,29.4,
2026-07-20 23:40:00,200.0,5.0,0.9,1015.5,29.4,29.7
2026-07-20 23:30:00,200.0,6.0,,1015.5,29.4,29.8
2026-07-20 23:20:00,200.0,6.0,0.9,1015.6,29.5,29.7
2026-07-20 23:10:00,200.0,7.0,0.9,1015.3,29.5,29.7
2026-07-20 23:00:00,200.0,7.0,,1015.3,29.5,29.7
2026-07-20 22:50:00,200.0,7.0,0.9,1015.1,29.5,29.7
2026-07-20 22:40:00,200.0,7.0,,1015.0,29.6,29.7
2026-07-20 22:30:00,200.0,7.0,,1014.9,29.6,29.8
2026-07-20 22:20:00,200.0,7.0,0.9,1014.8,29.5,29.8
2026-07-20 22:10:00,200.0,8.0,0.9,1014.8,29.5,29.8
2026-07-20 22:00:00,200.0,8.0,,1014.8,29.6,29.8
2026-07-20 21:50:00,210.0,7.0,0.9,1014.9,29.6,29.8
2026-07-20 21:40:00,200.0,7.0,0.9,1015.0,29.7,29.8
2026-07-20 21:30:00,200.0,7.0,,1015.0,29.7,29.8
2026-07-20 21:20:00,210.0,7.0,0.9,1015.0,29.7,29.8
2026-07-20 21:10:00,200.0,6.0,0.9,1015.0,29.7,29.8
2026-07-20 21:00:00,210.0,6.0,,1015.0,29.7,29.8
2026-07-20 20:50:00,200.0,6.0,0.8,1014.9,29.7,29.8
2026-07-20 20:40:00,210.0,6.0,,1015.0,29.7,29.8
2026-07-20 20:30:00,210.0,6.0,,1015.0,29.7,29.8
2026-07-20 20:20:00,210.0,6.0,0.8,1015.1,29.7,29.8
2026-07-20 20:10:00,200.0,7.0,0.8,1015.1,29.7,29.8
2026-07-20 20:00:00,210.0,7.0,,1015.2,29.6,29.8
2026-07-20 19:50:00,200.0,7.0,0.8,1015.4,29.6,
2026-07-20 19:40:00,200.0,7.0,,1015.4,29.5,29.8
2026-07-20 19:30:00,210.0,6.0,,1015.3,29.5,29.8
2026-07-20 19:20:00,210.0,6.0,0.8,1015.4,29.5,29.8
2026-07-20 19:10:00,210.0,6.0,0.8,1015.6,29.5,29.8
2026-07-20 19:00:00,210.0,5.0,,1015.6,29.4,29.8
2026-07-20 18:50:00,210.0,5.0,0.9,1015.6,29.3,29.7
2026-07-20 18:40:00,210.0,6.0,,1015.8,29.4,29.7
2026-07-20 18:30:00,210.0,5.0,,1015.8,29.5,29.7
2026-07-20 18:20:00,210.0,5.0,0.8,1015.9,29.5,
2026-07-20 18:10:00,210.0,6.0,,1016.0,29.5,29.6
2026-07-20 18:00:00,220.0,6.0,,1016.1,29.5,29.6
2026-07-20 17:50:00,220.0,6.0,0.8,1016.2,29.5,29.6
2026-07-20 17:40:00,210.0,6.0,,1016.2,29.5,29.6
2026-07-20 17:30:00,210.0,6.0,,1016.2,29.5,29.6
2026-07-20 17:20:00,210.0,6.0,0.9,1016.2,29.5,29.6
2026-07-20 17:10:00,210.0,6.0,0.9,1016.2,29.5,29.6
2026-07-20 17:00:00,210.0,6.0,,1016.3,29.5,29.5
2026-07-20 16:50:00,210.0,6.0,0.9,1016.3,29.4,29.5
2026-07-20 16:40:00,210.0,5.0,,1016.3,29.4,29.5
2026-07-20 16:30:00,210.0,5.0,,1016.3,29.4,29.5
2026-07-20 16:20:00,220.0,6.0,0.9,1016.4,29.4,29.5
2026-07-20 16:10:00,210.0,6.0,0.9,1016.3,29.4,29.5
2026-07-20 16:00:00,220.0,6.0,,1016.3,29.4,29.5
2026-07-20 15:50:00,220.0,6.0,0.9,1016.4,29.4,29.5
2026-07-20 15:40:00,220.0,6.0,,1016.3,29.4,29.5
2026-07-20 15:30:00,210.0,6.0,,1016.3,29.4,29.5
2026-07-20 15:20:00,210.0,6.0,0.9,1016.3,29.4,29.5
2026-07-20 15:10:00,210.0,6.0,0.9,1016.2,29.4,29.5
2026-07-20 15:00:00,210.0,6.0,,1016.2,29.4,29.5
2026-07-20 14:50:00,210.0,6.0,0.9,1016.3,29.4,29.5
2026-07-20 14:40:00,210.0,6.0,0.9,1016.0,29.3,29.5
2026-07-20 14:30:00,220.0,6.0,,1016.0,29.4,29.5
2026-07-20 14:20:00,220.0,7.0,0.9,1016.0,29.3,29.5
2026-07-20 14:10:00,220.0,7.0,0.9,1015.9,29.3,29.5
2026-07-20 14:00:00,220.0,7.0,,1015.8,29.3,29.5
2026-07-20 13:50:00,220.0,7.0,1.0,1015.8,29.3,29.4
2026-07-20 13:40:00,210.0,7.0,,1015.7,29.2,29.4
2026-07-20 13:30:00,210.0,7.0,,1015.6,29.2,29.4
2026-07-20 13:20:00,210.0,7.0,0.9,1015.5,29.3,29.4
2026-07-20 13:10:00,220.0,7.0,0.9,1015.6,29.3,29.4
2026-07-20 13:00:00,210.0,7.0,,1015.7,29.2,29.4
2026-07-20 12:50:00,210.0,7.0,0.9,1015.6,29.1,29.4
2026-07-20 12:40:00,210.0,7.0,,1015.5,29.2,29.4
2026-07-20 12:30:00,210.0,7.0,,1015.5,29.1,29.4
2026-07-20 12:20:00,210.0,7.0,0.9,1015.4,29.1,29.4
2026-07-20 12:10:00,210.0,7.0,,1015.3,29.1,29.4
2026-07-20 12:00:00,210.0,7.0,,1015.2,29.1,29.4
2026-07-20 11:50:00,210.0,7.0,1.0,1015.1,29.1,29.3
2026-07-20 11:40:00,210.0,7.0,,1015.1,29.1,29.4
2026-07-20 11:30:00,210.0,7.0,,1015.0,29.1,29.4
2026-07-20 11:20:00,210.0,7.0,1.0,1015.1,29.1,29.4
2026-07-20 11:10:00,210.0,7.0,1.0,1015.1,29.1,29.4
2026-07-20 11:00:00,210.0,7.0,,1015.1,29.1,29.4
2026-07-20 10:50:00,210.0,7.0,1.0,1015.2,29.0,29.4
2026-07-20 10:40:00,210.0,7.0,,1015.2,29.0,29.4
2026-07-20 10:30:00,220.0,7.0,,1015.2,29.0,29.4
2026-07-20 10:20:00,210.0,7.0,1.0,1015.3,29.0,29.4
2026-07-20 10:10:00,210.0,7.0,1.0,1015.3,29.1,29.4
2026-07-20 10:00:00,220.0,7.0,,1015.2,29.1,29.4
2026-07-20 09:50:00,210.0,7.0,1.0,1015.2,29.1,29.5
2026-07-20 09:40:00,210.0,7.0,,1015.1,29.1,29.5
2026-07-20 09:30:00,220.0,8.0,,1015.0,29.1,29.5
2026-07-20 09:20:00,210.0,7.0,0.9,1015.1,29.1,29.5
2026-07-20 09:10:00,210.0,7.0,0.9,1015.0,29.0,29.5
2026-07-20 09:00:00,210.0,7.0,,1014.9,29.0,29.5
2026-07-20 08:50:00,210.0,7.0,1.0,1014.9,29.1,29.5
2026-07-20 08:40:00,210.0,7.0,,1014.8,29.1,29.5
2026-07-20 08:30:00,210.0,7.0,,1014.8,29.1,29.4
2026-07-20 08:20:00,220.0,8.0,1.0,1014.8,29.1,29.4
2026-07-20 08:10:00,210.0,8.0,1.0,1014.8,29.1,29.4
2026-07-20 08:00:00,210.0,8.0,,1014.7,29.1,29.5
2026-07-20 07:50:00,210.0,8.0,1.0,1014.8,29.2,29.5
2026-07-20 07:40:00,210.0,8.0,,1014.7,29.1,29.5
2026-07-20 07:30:00,220.0,8.0,,1014.7,29.1,29.5
2026-07-20 07:20:00,210.0,8.0,0.9,1014.7,29.2,29.5
2026-07-20 07:10:00,,,0.9,,,
2026-07-20 07:00:00,220.0,8.0,,1014.7,29.2,
2026-07-20 06:50:00,210.0,8.0,1.0,1014.8,29.2,
2026-07-20 06:40:00,210.0,8.0,1.0,1015.0,29.1,29.5
2026-07-20 06:30:00,210.0,8.0,,1015.1,29.1,29.4
2026-07-20 06:20:00,210.0,8.0,1.0,1015.1,29.1,29.4
2026-07-20 06:10:00,210.0,8.0,1.0,1015.1,29.1,29.4
2026-07-20 06:00:00,210.0,8.0,,1015.1,29.1,29.4
2026-07-20 05:50:00,210.0,8.0,1.0,1015.2,29.1,29.4
2026-07-20 05:40:00,210.0,8.0,,1015.4,29.1,29.4
2026-07-20 05:30:00,210.0,9.0,,1015.5,29.1,29.4
2026-07-20 05:20:00,210.0,8.0,1.0,1015.4,29.2,29.4
2026-07-20 05:10:00,210.0,8.0,,1015.5,29.2,29.4
2026-07-20 05:00:00,200.0,8.0,,1015.4,29.1,29.4
2026-07-20 04:50:00,200.0,8.0,1.1,1015.4,29.2,29.4
2026-07-20 04:40:00,200.0,8.0,,1015.4,29.2,29.4
2026-07-20 04:30:00,200.0,8.0,,1015.5,29.2,29.5
2026-07-20 04:20:00,200.0,8.0,1.0,1015.4,29.2,29.5
2026-07-20 04:10:00,210.0,8.0,1.0,1015.4,29.2,29.5
2026-07-20 04:00:00,210.0,8.0,,1015.2,29.2,29.5
2026-07-20 03:50:00,210.0,8.0,1.0,1015.1,29.2,29.5
2026-07-20 03:40:00,200.0,8.0,1.0,1015.1,29.2,29.5
2026-07-20 03:30:00,200.0,8.0,,1015.1,29.3,29.5
2026-07-20 03:20:00,200.0,8.0,1.0,1015.0,29.2,29.5
2026-07-20 03:10:00,210.0,8.0,1.0,1015.1,29.2,29.5
2026-07-20 03:00:00,210.0,8.0,,1015.2,29.2,29.4
2026-07-20 02:50:00,200.0,8.0,1.1,1015.2,29.2,29.4
2026-07-20 02:40:00,200.0,9.0,,1015.2,29.3,29.4
2026-07-20 02:30:00,210.0,9.0,,1015.2,29.2,29.5
2026-07-20 02:20:00,200.0,8.0,1.1,1015.1,29.2,29.5
2026-07-20 02:10:00,210.0,9.0,1.1,1015.2,29.1,29.5
2026-07-20 02:00:00,210.0,9.0,,1015.2,29.1,29.5
2026-07-20 01:50:00,210.0,9.0,1.1,1015.0,29.1,29.5
2026-07-20 01:40:00,210.0,9.0,,1015.1,29.1,29.6
2026-07-20 01:30:00,210.0,10.0,,1014.9,29.1,29.5
2026-07-20 01:20:00,200.0,9.0,1.1,1014.8,29.1,29.5
2026-07-20 01:10:00,210.0,9.0,1.1,1014.8,29.1,29.5
2026-07-20 01:00:00,210.0,9.0,,1014.8,29.1,29.5
2026-07-20 00:50:00,210.0,9.0,1.0,1014.7,29.1,29.5
2026-07-20 00:40:00,210.0,9.0,1.0,1014.6,29.2,29.5
2026-07-20 00:30:00,210.0,9.0,,1014.5,29.2,29.5
2026-07-20 00:20:00,200.0,9.0,1.1,1014.5,29.1,29.5
2026-07-20 00:10:00,210.0,9.0,1.1,1014.5,29.2,29.5
2026-07-20 00:00:00,210.0,9.0,,1014.4,29.3,29.6
2026-07-19 23:50:00,210.0,9.0,1.0,1014.2,29.2,29.6
2026-07-19 23:40:00,210.0,9.0,,1014.0,29.2,29.6
2026-07-19 23:20:00,210.0,9.0,1.0,1014.0,29.2,29.6
2026-07-19 23:10:00,210.0,9.0,1.0,1014.0,29.3,29.6
2026-07-19 23:00:00,210.0,9.0,,1014.0,29.3,29.6
2026-07-19 22:50:00,210.0,9.0,1.0,1014.1,29.2,29.6
2026-07-19 22:40:00,210.0,8.0,1.0,1014.0,29.2,29.6
2026-07-19 22:30:00,210.0,8.0,,1014.1,29.3,29.6
2026-07-19 22:20:00,210.0,8.0,1.0,1014.1,29.2,29.5
2026-07-19 22:10:00,220.0,8.0,1.0,1014.1,29.3,29.5
2026-07-19 22:00:00,210.0,8.0,,1014.1,29.3,29.5
2026-07-19 21:50:00,220.0,8.0,1.0,1014.2,29.2,29.5
2026-07-19 21:40:00,220.0,8.0,,1014.1,29.2,29.5
2026-07-19 21:30:00,210.0,8.0,,1013.9,29.1,29.5
2026-07-19 21:20:00,210.0,8.0,1.0,1013.9,29.1,29.5
2026-07-19 21:10:00,210.0,8.0,,1014.0,29.1,29.5
2026-07-19 21:00:00,210.0,8.0,,1014.1,29.1,29.6
2026-07-19 20:50:00,210.0,8.0,1.0,1014.2,,29.5
2026-07-19 20:40:00,220.0,8.0,1.0,1014.2,29.1,29.5
2026-07-19 20:30:00,210.0,8.0,,1014.4,29.1,29.6
2026-07-19 20:20:00,220.0,8.0,1.0,1014.5,29.1,29.6
2026-07-19 20:10:00,220.0,8.0,1.0,1014.6,29.1,29.6
2026-07-19 20:00:00,220.0,7.0,,1014.7,29.1,29.6
2026-07-19 19:50:00,220.0,7.0,1.1,1014.9,29.2,29.6
2026-07-19 19:40:00,220.0,8.0,,1015.0,29.2,29.6
2026-07-19 19:30:00,220.0,8.0,,1015.1,29.2,29.6
2026-07-19 19:20:00,220.0,8.0,1.0,1015.2,29.1,29.6
2026-07-19 19:10:00,220.0,8.0,1.0,1015.3,29.2,29.6
2026-07-19 19:00:00,220.0,8.0,,1015.4,29.2,29.6
2026-07-19 18:50:00,220.0,8.0,1.0,1015.3,29.2,
2026-07-19 18:40:00,220.0,8.0,,1015.5,29.1,29.6
2026-07-19 18:30:00,220.0,8.0,,1015.7,29.1,29.6
2026-07-19 18:20:00,220.0,8.0,1.1,1015.9,29.1,29.6
2026-07-19 18:10:00,220.0,8.0,1.1,1016.0,29.1,29.6
2026-07-19 18:00:00,220.0,8.0,,1016.1,29.0,29.6
2026-07-19 17:50:00,230.0,8.0,1.0,1016.3,29.1,29.6
2026-07-19 17:40:00,230.0,8.0,,1016.3,29.0,29.6
2026-07-19 17:30:00,220.0,8.0,,1016.4,29.1,29.6
2026-07-19 17:20:00,230.0,8.0,1.0,1016.5,29.1,29.6
2026-07-19 17:10:00,230.0,7.0,1.0,1016.5,29.1,29.6
2026-07-19 17:00:00,230.0,7.0,,1016.6,29.0,29.6
2026-07-19 16:50:00,230.0,7.0,1.1,1016.7,29.1,29.6
2026-07-19 16:40:00,230.0,7.0,,1016.6,29.1,29.6
2026-07-19 16:30:00,230.0,7.0,,1016.6,29.0,29.6
2026-07-19 16:20:00,230.0,7.0,1.2,1016.6,29.1,29.6
2026-07-19 16:10:00,230.0,7.0,1.2,1016.6,29.1,29.6
2026-07-19 16:00:00,230.0,7.0,,1016.6,29.1,29.6
2026-07-19 15:50:00,230.0,7.0,1.3,1016.7,29.1,29.6
2026-07-19 15:40:00,230.0,7.0,,1016.7,29.0,29.6
2026-07-19 15:30:00,230.0,7.0,,1016.7,29.1,29.6
2026-07-19 15:20:00,230.0,7.0,1.2,1016.7,29.1,29.5
2026-07-19 15:10:00,230.0,7.0,1.2,1016.7,29.0,29.5
2026-07-19 15:00:00,230.0,7.0,,1016.6,29.0,29.5
2026-07-19 14:50:00,230.0,7.0,1.4,1016.6,29.0,29.5
2026-07-19 14:40:00,240.0,7.0,,1016.6,29.0,29.5
2026-07-19 14:30:00,230.0,8.0,,1016.5,29.1,29.5
2026-07-19 14:20:00,230.0,8.0,1.4,1016.5,29.1,29.5
2026-07-19 14:10:00,230.0,7.0,1.4,1016.4,29.1,29.5
2026-07-19 14:00:00,230.0,8.0,,1016.4,29.2,29.5
2026-07-19 13:50:00,230.0,8.0,1.5,1016.4,29.1,29.5
2026-07-19 13:40:00,230.0,8.0,,1016.3,29.1,29.4
2026-07-19 13:30:00,230.0,7.0,,1016.2,29.0,29.4
2026-07-19 13:20:00,230.0,7.0,1.5,1016.2,29.0,29.4
2026-07-19 13:10:00,230.0,7.0,1.5,1016.1,29.0,29.4
2026-07-19 13:00:00,230.0,7.0,,1016.1,29.1,29.4
2026-07-19 12:50:00,230.0,8.0,1.5,1016.1,29.0,29.4
2026-07-19 12:40:00,,,1.5,,,
2026-07-19 12:30:00,230.0,8.0,,1015.8,29.0,29.4
2026-07-19 12:20:00,230.0,9.0,1.7,1015.7,29.0,29.3
2026-07-19 12:10:00,230.0,9.0,1.7,1015.7,29.0,29.3
2026-07-19 12:00:00,230.0,9.0,,1015.6,29.0,29.3
2026-07-19 11:50:00,230.0,9.0,1.7,1015.7,29.1,29.3
2026-07-19 11:40:00,230.0,9.0,1.7,1015.6,29.0,29.3
2026-07-19 11:30:00,230.0,9.0,,1015.5,29.1,29.3
2026-07-19 11:20:00,230.0,9.0,1.8,1015.4,29.0,29.3
2026-07-19 11:10:00,220.0,9.0,1.8,1015.4,29.1,29.3
2026-07-19 11:00:00,230.0,9.0,,1015.3,29.1,29.3
2026-07-19 10:50:00,220.0,9.0,1.8,1015.3,29.0,29.3
2026-07-19 10:40:00,230.0,9.0,1.8,1015.3,29.1,29.3
2026-07-19 10:30:00,220.0,10.0,,1015.2,29.2,29.3
2026-07-19 10:20:00,220.0,10.0,1.8,1015.3,29.2,29.3
2026-07-19 10:10:00,220.0,10.0,1.8,1015.0,29.2,29.4
2026-07-19 10:00:00,220.0,9.0,,1015.0,29.2,29.4
2026-07-19 09:50:00,220.0,10.0,1.6,1014.8,29.2,29.4
2026-07-19 09:40:00,220.0,10.0,1.6,1014.8,29.2,29.4
2026-07-19 09:30:00,220.0,10.0,,1014.8,29.1,29.5
2026-07-19 09:20:00,210.0,10.0,1.9,1014.8,29.1,29.5
2026-07-19 09:10:00,220.0,10.0,1.9,1014.8,29.2,29.5
2026-07-19 09:00:00,220.0,10.0,,1014.8,29.1,29.5
2026-07-19 08:50:00,220.0,10.0,1.7,1014.9,29.1,29.5
2026-07-19 08:40:00,220.0,10.0,,1015.1,29.1,29.5
2026-07-19 08:30:00,220.0,10.0,,1015.1,29.1,29.6
2026-07-19 08:20:00,220.0,10.0,1.7,1015.1,29.1,29.6
2026-07-19 08:10:00,220.0,11.0,1.7,1015.2,29.2,29.6
2026-07-19 08:00:00,220.0,11.0,,1015.3,29.2,29.6
2026-07-19 07:50:00,220.0,10.0,1.8,1015.3,29.2,
2026-07-19 07:40:00,220.0,11.0,1.8,1015.3,29.2,29.7
2026-07-19 07:30:00,210.0,10.0,,1015.3,29.2,29.7
2026-07-19 07:20:00,210.0,11.0,1.8,1015.3,29.3,
2026-07-19 07:10:00,210.0,11.0,,1015.3,29.2,29.7
2026-07-19 07:00:00,210.0,10.0,,1015.6,29.3,29.7
2026-07-19 06:50:00,210.0,10.0,1.9,1015.5,29.3,29.7
2026-07-19 06:40:00,210.0,10.0,,1015.5,29.3,29.7
2026-07-19 06:30:00,210.0,10.0,,1015.5,29.3,29.7
2026-07-19 06:20:00,210.0,11.0,1.8,1015.5,29.3,29.7
2026-07-19 06:10:00,210.0,10.0,1.8,1015.6,29.3,29.7
2026-07-19 06:00:00,210.0,10.0,,1015.6,29.3,
2026-07-19 05:50:00,210.0,10.0,1.7,1015.7,29.3,29.7
2026-07-19 05:40:00,200.0,11.0,1.7,1015.7,29.3,29.7
2026-07-19 05:30:00,210.0,11.0,,1015.5,29.3,29.7
2026-07-19 05:20:00,210.0,11.0,1.7,1015.5,29.3,29.7
2026-07-19 05:10:00,210.0,11.0,1.7,1015.4,29.3,29.7
2026-07-19 05:00:00,200.0,11.0,,1015.4,29.3,29.7
2026-07-19 04:50:00,210.0,11.0,1.7,1015.3,29.3,29.7
2026-07-19 04:40:00,210.0,11.0,,1015.3,29.3,29.8
2026-07-19 04:30:00,210.0,11.0,,1015.3,29.3,29.8
2026-07-19 04:20:00,210.0,10.0,1.5,1015.5,29.4,29.8
2026-07-19 04:10:00,210.0,11.0,1.5,1015.5,29.3,29.8
2026-07-19 04:00:00,210.0,10.0,,1015.5,29.4,29.8
2026-07-19 03:50:00,200.0,11.0,1.4,1015.4,29.3,29.8
2026-07-19 03:40:00,200.0,11.0,,1015.4,29.4,29.8
2026-07-19 03:30:00,210.0,11.0,,1015.4,29.4,29.8
2026-07-19 03:20:00,210.0,11.0,1.4,1015.4,29.4,29.8
2026-07-19 03:10:00,200.0,11.0,1.4,1015.3,29.3,29.8
2026-07-19 03:00:00,200.0,10.0,,1015.3,29.3,29.8
2026-07-19 02:50:00,200.0,10.0,1.4,1015.3,29.4,29.8
2026-07-19 02:40:00,200.0,10.0,,1015.3,29.4,29.8
2026-07-19 02:30:00,200.0,10.0,,1015.3,29.4,29.8
2026-07-19 02:20:00,200.0,10.0,1.4,1015.5,29.3,29.8
2026-07-19 02:10:00,200.0,10.0,1.4,1015.5,29.3,29.8
2026-07-19 02:00:00,210.0,9.0,,1015.4,29.3,29.8
2026-07-19 01:50:00,210.0,10.0,1.4,1015.3,29.4,29.8
2026-07-19 01:40:00,210.0,10.0,,1015.4,29.4,29.8
2026-07-19 01:30:00,210.0,9.0,,1015.3,29.3,29.8
2026-07-19 01:20:00,200.0,10.0,1.3,1015.2,29.3,29.8
2026-07-19 01:10:00,200.0,10.0,1.3,1015.2,29.3,29.9
2026-07-19 01:00:00,200.0,10.0,,1015.0,29.2,29.9
2026-07-19 00:50:00,200.0,10.0,1.4,1014.9,29.2,29.9
2026-07-19 00:40:00,200.0,10.0,1.4,1014.8,29.2,29.9
2026-07-19 00:30:00,200.0,10.0,,1014.8,29.1,29.9
2026-07-19 00:20:00,200.0,9.0,1.4,1014.8,29.1,29.9
2026-07-19 00:10:00,200.0,9.0,1.4,1015.0,29.1,29.9
2026-07-19 00:00:00,200.0,10.0,,1015.0,29.1,29.9
2026-07-18 23:50:00,200.0,10.0,1.3,1015.1,29.1,29.9
2026-07-18 23:40:00,200.0,9.0,,1015.0,29.1,29.9
2026-07-18 23:20:00,200.0,9.0,1.2,1015.0,29.1,29.9
2026-07-18 23:10:00,200.0,9.0,1.2,1014.9,29.1,29.9
2026-07-18 23:00:00,200.0,9.0,,1015.0,29.2,29.9
2026-07-18 22:50:00,200.0,9.0,1.2,1014.9,29.1,29.9
2026-07-18 22:40:00,200.0,10.0,,1014.9,29.1,29.9
2026-07-18 22:30:00,200.0,10.0,,1015.0,29.2,29.9
2026-07-18 22:20:00,200.0,10.0,1.1,1014.9,29.1,29.9
2026-07-18 22:10:00,190.0,9.0,,1015.0,29.1,30.0
2026-07-18 22:00:00,190.0,9.0,,1015.0,29.1,30.0
2026-07-18 21:50:00,190.0,10.0,1.1,1015.0,29.1,30.0
2026-07-18 21:40:00,190.0,10.0,,1015.2,29.1,30.0
2026-07-18 21:30:00,200.0,9.0,,1015.6,29.1,30.0
2026-07-18 21:20:00,200.0,9.0,1.0,1015.8,29.1,30.0
2026-07-18 21:10:00,200.0,9.0,1.0,1015.9,29.2,30.0
2026-07-18 21:00:00,200.0,9.0,,1015.9,29.1,30.0
2026-07-18 20:50:00,200.0,9.0,1.0,1015.8,29.1,30.0
2026-07-18 20:40:00,200.0,8.0,,1016.0,29.2,30.0
2026-07-18 20:30:00,210.0,8.0,,1016.0,29.2,30.0
2026-07-18 20:20:00,210.0,8.0,1.0,1016.3,29.2,30.0
2026-07-18 20:10:00,210.0,9.0,1.0,1016.4,29.3,30.0
2026-07-18 20:00:00,210.0,8.0,,1016.5,29.2,30.0
2026-07-18 19:50:00,210.0,8.0,0.9,1016.6,29.2,29.9
2026-07-18 19:40:00,220.0,8.0,,1016.7,29.2,29.9
2026-07-18 19:30:00,220.0,8.0,,1016.9,29.2,29.9
2026-07-18 19:20:00,220.0,7.0,0.9,1016.9,29.2,30.0
2026-07-18 19:10:00,220.0,8.0,,1017.1,29.2,30.0
2026-07-18 19:00:00,230.0,7.0,,1017.1,29.2,30.0
2026-07-18 18:50:00,230.0,7.0,0.8,1017.2,29.2,30.0
2026-07-18 18:40:00,230.0,7.0,,1017.2,29.4,30.0
2026-07-18 18:30:00,230.0,8.0,,1017.2,29.4,29.9
2026-07-18 18:20:00,230.0,8.0,0.8,1017.2,29.5,30.0
2026-07-18 18:10:00,230.0,8.0,0.8,1017.4,29.4,29.9
2026-07-18 18:00:00,230.0,7.0,,1017.5,29.5,29.9
2026-07-18 17:50:00,230.0,8.0,0.8,1017.6,29.5,29.9
2026-07-18 17:40:00,230.0,7.0,,1017.7,29.5,29.9
2026-07-18 17:30:00,230.0,7.0,,1017.8,29.6,29.9
2026-07-18 17:20:00,220.0,7.0,0.8,1017.9,29.7,29.9
2026-07-18 17:10:00,220.0,7.0,0.8,1017.9,29.6,29.9
2026-07-18 17:00:00,220.0,7.0,,1017.9,29.6,29.9
2026-07-18 16:50:00,210.0,7.0,0.8,1017.9,29.6,29.9
2026-07-18 16:40:00,210.0,6.0,0.8,1017.9,29.6,29.8
2026-07-18 16:30:00,220.0,7.0,,1017.9,29.6,29.8
2026-07-18 16:20:00,210.0,7.0,0.8,1017.9,29.6,29.8
2026-07-18 16:10:00,210.0,7.0,0.8,1017.8,29.5,29.8
2026-07-18 16:00:00,210.0,7.0,,1017.8,29.5,29.8
2026-07-18 15:50:00,200.0,7.0,0.7,1017.9,29.5,29.8
2026-07-18 15:40:00,210.0,7.0,,1017.8,29.4,29.8
2026-07-18 15:30:00,200.0,7.0,,1017.8,29.4,29.7
2026-07-18 15:20:00,200.0,7.0,0.7,1017.8,29.4,29.7
2026-07-18 15:10:00,200.0,7.0,0.7,1017.8,29.4,29.7
2026-07-18 15:00:00,210.0,7.0,,1017.8,29.4,29.7
2026-07-18 14:50:00,210.0,7.0,0.7,1017.8,29.4,29.7
2026-07-18 14:40:00,200.0,7.0,0.7,1017.7,29.4,29.7
2026-07-18 14:30:00,200.0,8.0,,1017.7,29.4,29.7
2026-07-18 14:20:00,200.0,7.0,0.7,1017.7,29.4,
2026-07-18 14:10:00,210.0,6.0,,1017.6,29.4,29.7
2026-07-18 14:00:00,210.0,6.0,,1017.7,29.5,29.7
2026-07-18 13:50:00,210.0,6.0,0.6,1017.7,29.4,29.7
2026-07-18 13:40:00,210.0,6.0,,1017.8,29.4,29.7
2026-07-18 13:30:00,210.0,6.0,,1017.9,29.4,29.7
2026-07-18 13:20:00,220.0,6.0,0.7,1017.9,29.3,29.7
2026-07-18 13:10:00,220.0,6.0,0.7,1017.8,29.3,29.7
2026-07-18 13:00:00,220.0,6.0,,1017.8,29.2,29.6
2026-07-18 12:50:00,220.0,6.0,0.6,1017.6,29.2,29.6
2026-07-18 12:40:00,220.0,5.0,0.6,1017.6,29.2,29.6
2026-07-18 12:30:00,220.0,5.0,,1017.5,29.2,29.6
2026-07-18 12:20:00,210.0,6.0,0.6,1017.4,29.3,29.6
2026-07-18 12:10:00,210.0,6.0,0.6,1017.2,29.3,29.6
2026-07-18 12:00:00,200.0,6.0,,1017.1,29.2,29.6
2026-07-18 11:50:00,200.0,6.0,0.6,1017.0,29.3,29.6
2026-07-18 11:40:00,200.0,6.0,,1017.0,29.3,29.6
2026-07-18 11:30:00,200.0,6.0,,1016.9,29.2,29.6
2026-07-18 11:20:00,200.0,5.0,0.7,1016.7,29.2,29.6
2026-07-18 11:10:00,190.0,6.0,0.7,1016.8,29.2,29.6
2026-07-18 11:00:00,200.0,6.0,,1016.9,29.2,29.6
2026-07-18 10:50:00,190.0,6.0,0.6,1016.7,29.2,29.6
2026-07-18 10:40:00,190.0,6.0,,1016.7,29.1,29.6
2026-07-18 10:30:00,170.0,5.0,,1016.7,29.1,29.6
2026-07-18 10:20:00,170.0,5.0,0.7,1016.8,29.1,29.6
2026-07-18 10:10:00,160.0,4.0,0.7,1016.9,29.0,29.6
2026-07-18 10:00:00,160.0,3.0,,1017.0,28.9,29.6
2026-07-18 09:50:00,160.0,4.0,0.6,1017.0,28.9,29.6
2026-07-18 09:40:00,160.0,4.0,0.6,1016.9,29.0,29.6
2026-07-18 09:30:00,170.0,4.0,,1016.8,29.0,29.7
2026-07-18 09:20:00,170.0,4.0,0.7,1016.7,29.0,29.7
2026-07-18 09:10:00,180.0,4.0,0.7,1016.6,29.1,29.7
2026-07-18 09:00:00,190.0,4.0,,1016.6,29.1,29.7
2026-07-18 08:50:00,200.0,4.0,0.7,1016.8,29.1,29.7
2026-07-18 08:40:00,190.0,4.0,,1016.8,29.1,29.7
2026-07-18 08:30:00,210.0,4.0,,1016.7,29.2,29.7
2026-07-18 08:20:00,210.0,5.0,0.7,1017.0,29.3,29.7
2026-07-18 08:10:00,210.0,5.0,0.7,1017.0,29.3,29.7
2026-07-18 08:00:00,210.0,6.0,,1017.2,29.3,29.7
2026-07-18 07:50:00,210.0,5.0,0.7,1017.2,29.3,29.8
2026-07-18 07:40:00,,,0.7,,,
2026-07-18 07:30:00,190.0,4.0,,1017.1,29.2,29.8
2026-07-18 07:20:00,190.0,4.0,0.7,1017.1,,
2026-07-18 07:10:00,190.0,5.0,0.7,1016.9,29.0,29.8
2026-07-18 07:00:00,190.0,5.0,,1016.8,29.1,29.8
2026-07-18 06:50:00,190.0,4.0,0.6,1017.1,29.3,29.8
2026-07-18 06:40:00,190.0,4.0,,1017.1,29.4,29.9
2026-07-18 06:30:00,200.0,5.0,,1017.2,29.4,29.9
2026-07-18 06:20:00,200.0,5.0,0.6,1017.2,29.4,29.8
2026-07-18 06:10:00,210.0,5.0,0.6,1017.3,29.4,29.8
2026-07-18 06:00:00,220.0,5.0,,1017.6,29.4,29.8
2026-07-18 05:50:00,210.0,5.0,0.6,1017.9,29.4,29.8
2026-07-18 05:40:00,220.0,5.0,0.6,1017.7,29.4,29.7
2026-07-18 05:30:00,210.0,5.0,,1017.7,29.5,29.7
2026-07-18 05:20:00,220.0,6.0,0.6,1017.8,29.5,29.7
2026-07-18 05:10:00,,,0.6,,,
2026-07-18 05:00:00,220.0,6.0,,1018.0,29.5,29.7
2026-07-18 04:50:00,220.0,6.0,0.6,1018.0,29.5,29.7
2026-07-18 04:40:00,220.0,6.0,,1018.0,29.6,29.7
2026-07-18 04:30:00,220.0,6.0,,1018.2,29.5,29.6
2026-07-18 04:20:00,220.0,6.0,0.6,1018.5,29.6,29.6
2026-07-18 04:10:00,220.0,7.0,0.6,1018.5,29.6,29.6
2026-07-18 04:00:00,220.0,7.0,,1018.6,29.6,29.7
2026-07-18 03:50:00,210.0,7.0,0.6,1018.5,,29.7
2026-07-18 03:40:00,210.0,7.0,,1018.4,29.5,29.7
2026-07-18 03:30:00,210.0,7.0,,1018.4,29.5,29.7
2026-07-18 03:20:00,200.0,6.0,0.6,1018.3,29.5,
2026-07-18 03:10:00,200.0,6.0,0.6,1017.9,29.4,29.7
2026-07-18 03:00:00,200.0,6.0,,1017.8,29.5,29.6
2026-07-18 02:50:00,200.0,5.0,0.6,1017.7,29.4,29.6
2026-07-18 02:40:00,200.0,5.0,0.6,1017.6,29.4,29.6
2026-07-18 02:30:00,200.0,5.0,,1017.4,29.5,29.6
2026-07-18 02:20:00,200.0,5.0,0.6,1017.4,29.4,29.6
2026-07-18 02:10:00,200.0,5.0,,1017.3,29.4,29.6
2026-07-18 02:00:00,200.0,5.0,,1017.1,29.4,29.7
2026-07-18 01:50:00,200.0,5.0,0.6,1017.1,29.4,29.7
2026-07-18 01:40:00,190.0,6.0,,1016.9,29.4,29.7
2026-07-18 01:30:00,190.0,6.0,,1016.7,29.4,29.8
2026-07-18 01:20:00,200.0,6.0,0.6,1016.8,29.4,29.8
2026-07-18 01:10:00,200.0,6.0,0.6,1016.8,29.4,29.8
2026-07-18 01:00:00,190.0,6.0,,1016.7,29.5,29.8
2026-07-18 00:50:00,190.0,7.0,0.5,1016.9,29.5,29.8
2026-07-18 00:40:00,190.0,7.0,,1016.8,29.6,29.8
2026-07-18 00:30:00,190.0,7.0,,1016.9,29.7,
2026-07-18 00:20:00,190.0,6.0,0.5,1016.9,29.8,30.0
2026-07-18 00:10:00,190.0,7.0,0.5,1016.9,29.8,30.0
2026-07-18 00:00:00,190.0,7.0,,1016.9,29.8,30.1
2026-07-17 23:50:00,190.0,7.0,0.6,1017.0,29.9,30.1
2026-07-17 23:40:00,190.0,7.0,,1016.8,29.9,30.2
2026-07-17 23:20:00,180.0,7.0,0.5,1016.8,30.0,30.2
2026-07-17 23:10:00,180.0,7.0,,1016.6,30.0,30.2
2026-07-17 23:00:00,180.0,7.0,,1016.7,30.1,30.2
2026-07-17 22:50:00,180.0,6.0,0.5,1016.7,30.1,30.3
2026-07-17 22:40:00,180.0,6.0,,1016.6,30.1,30.3
2026-07-17 22:30:00,170.0,6.0,,1016.6,30.1,30.3
2026-07-17 22:20:00,170.0,6.0,0.5,1016.6,30.1,30.3
2026-07-17 22:10:00,170.0,5.0,0.5,1016.7,30.2,30.3
2026-07-17 22:00:00,170.0,5.0,,1016.8,30.2,30.3
2026-07-17 21:50:00,180.0,5.0,0.5,1016.8,30.1,30.3
2026-07-17 21:40:00,180.0,5.0,,1016.7,30.1,30.3
2026-07-17 21:30:00,180.0,5.0,,1016.7,30.2,30.3
2026-07-17 21:20:00,180.0,5.0,0.5,1016.8,30.2,
2026-07-17 21:10:00,180.0,5.0,0.5,1016.8,30.1,30.3
2026-07-17 21:00:00,180.0,5.0,,1016.9,30.1,30.4
2026-07-17 20:50:00,180.0,5.0,0.5,1016.8,30.0,30.4
2026-07-17 20:40:00,170.0,5.0,0.5,1017.0,29.9,30.4
2026-07-17 20:30:00,180.0,5.0,,1017.0,29.9,30.4
2026-07-17 20:20:00,180.0,5.0,0.4,1017.1,29.9,30.4
2026-07-17 20:10:00,180.0,5.0,0.4,1017.1,29.9,30.3
2026-07-17 20:00:00,170.0,5.0,,1017.3,29.9,30.3
2026-07-17 19:50:00,170.0,5.0,0.4,1017.3,29.9,30.3
2026-07-17 19:40:00,,,0.4,,,
2026-07-17 19:30:00,170.0,4.0,,1017.5,29.9,30.2
2026-07-17 19:20:00,170.0,4.0,0.4,1017.6,29.9,30.2
2026-07-17 19:10:00,170.0,4.0,0.4,1017.8,29.9,
2026-07-17 19:00:00,170.0,4.0,,1017.8,29.9,30.1
2026-07-17 18:50:00,170.0,4.0,0.4,1017.9,29.8,30.3
2026-07-17 18:40:00,170.0,4.0,,1017.9,29.8,30.2
2026-07-17 18:30:00,180.0,4.0,,1018.0,29.7,30.1
2026-07-17 18:20:00,170.0,5.0,0.5,1018.0,29.6,30.1
2026-07-17 18:10:00,180.0,4.0,0.5,1018.0,29.7,30.1
2026-07-17 18:00:00,170.0,4.0,,1018.1,29.6,30.1
2026-07-17 17:50:00,170.0,3.0,0.5,1018.1,29.6,
2026-07-17 17:40:00,180.0,4.0,,1018.2,29.6,29.9
2026-07-17 17:30:00,180.0,4.0,,1018.3,29.6,30.2
2026-07-17 17:20:00,180.0,4.0,0.5,1018.3,29.5,29.9
2026-07-17 17:10:00,180.0,4.0,0.5,1018.4,29.6,29.9
2026-07-17 17:00:00,180.0,4.0,,1018.4,29.5,29.8
2026-07-17 16:50:00,180.0,3.0,0.5,1018.4,29.5,29.6
2026-07-17 16:40:00,170.0,3.0,,1018.4,29.4,29.7
2026-07-17 16:30:00,180.0,4.0,,1018.5,29.3,29.7
2026-07-17 16:20:00,170.0,3.0,0.5,1018.4,29.3,29.7
2026-07-17 16:10:00,190.0,3.0,0.5,1018.4,29.3,29.8
2026-07-17 16:00:00,190.0,2.0,,1018.4,29.3,29.6
2026-07-17 15:50:00,190.0,1.0,0.5,1018.2,29.4,29.7
2026-07-17 15:40:00,230.0,1.0,,1018.2,29.5,29.6
2026-07-17 15:30:00,240.0,1.0,,1018.1,29.5,29.6
2026-07-17 15:20:00,250.0,1.0,0.5,1018.0,29.4,29.6
2026-07-17 15:10:00,250.0,2.0,0.5,1018.0,29.3,29.6
2026-07-17 15:00:00,250.0,2.0,,1017.9,29.3,29.6
2026-07-17 14:50:00,260.0,3.0,0.5,1017.9,29.3,29.6
2026-07-17 14:40:00,260.0,3.0,,1017.8,29.2,29.6
2026-07-17 14:30:00,250.0,3.0,,1017.7,29.2,29.6
2026-07-17 14:20:00,260.0,3.0,0.5,1017.7,29.2,29.5
2026-07-17 14:10:00,260.0,3.0,0.5,1017.7,29.2,29.5
2026-07-17 14:00:00,260.0,3.0,,1017.6,29.2,29.5
2026-07-17 13:50:00,260.0,3.0,0.5,1017.6,29.2,29.5
2026-07-17 13:40:00,250.0,4.0,,1017.6,29.2,29.5
2026-07-17 13:30:00,240.0,4.0,,1017.6,29.1,29.5
2026-07-17 13:20:00,240.0,4.0,0.5,1017.5,29.1,29.5
2026-07-17 13:10:00,240.0,5.0,0.5,1017.5,29.1,29.5
2026-07-17 13:00:00,240.0,5.0,,1017.5,29.1,29.4
2026-07-17 12:50:00,240.0,5.0,0.5,1017.5,29.0,29.4
2026-07-17 12:40:00,250.0,5.0,,1017.6,29.0,29.4
2026-07-17 12:30:00,240.0,5.0,,1017.5,29.0,29.4
2026-07-17 12:20:00,240.0,5.0,0.5,1017.5,29.1,29.4
2026-07-17 12:10:00,240.0,5.0,0.5,1017.5,29.1,29.4
2026-07-17 12:00:00,240.0,5.0,,1017.4,29.1,
2026-07-17 11:50:00,240.0,5.0,0.5,1017.4,29.1,29.4
2026-07-17 11:40:00,240.0,5.0,,1017.4,29.0,29.4
2026-07-17 11:30:00,240.0,5.0,,1017.5,28.9,29.4
2026-07-17 11:20:00,240.0,5.0,0.5,1017.5,29.0,29.4
2026-07-17 11:10:00,230.0,5.0,0.5,1017.5,29.0,29.4
2026-07-17 11:00:00,230.0,5.0,,1017.4,29.0,29.4
2026-07-17 10:50:00,230.0,5.0,0.5,1017.3,29.0,29.4
2026-07-17 10:40:00,230.0,5.0,,1017.4,29.0,29.4
2026-07-17 10:30:00,230.0,5.0,,1017.4,29.0,29.4
2026-07-17 10:20:00,230.0,5.0,0.5,1017.4,29.0,29.4
2026-07-17 10:10:00,230.0,5.0,0.5,1017.3,29.0,29.4
2026-07-17 10:00:00,230.0,5.0,,1017.2,29.0,29.4
2026-07-17 09:50:00,230.0,5.0,0.5,1017.3,29.0,29.4
2026-07-17 09:40:00,230.0,5.0,,1017.1,29.0,29.4
2026-07-17 09:30:00,230.0,5.0,,1017.1,29.0,29.4
2026-07-17 09:20:00,230.0,5.0,0.5,1017.0,29.0,29.4
2026-07-17 09:10:00,230.0,5.0,0.5,1016.9,29.0,29.4
2026-07-17 09:00:00,230.0,5.0,,1016.8,29.1,29.4
2026-07-17 08:50:00,230.0,5.0,0.5,1016.9,29.1,29.3
2026-07-17 08:40:00,230.0,5.0,,1016.9,29.1,29.4
2026-07-17 08:30:00,230.0,5.0,,1016.9,29.1,29.5
2026-07-17 08:20:00,230.0,5.0,0.6,1016.9,29.1,29.5
2026-07-17 08:10:00,230.0,5.0,,1016.9,29.2,29.5
2026-07-17 08:00:00,240.0,5.0,,1016.8,29.1,29.5
2026-07-17 07:50:00,230.0,4.0,0.5,1016.8,,29.4
2026-07-17 07:40:00,240.0,4.0,,1016.7,29.2,29.4
2026-07-17 07:30:00,230.0,4.0,,1016.6,29.1,29.4
2026-07-17 07:20:00,230.0,4.0,0.5,1016.7,29.2,29.4
2026-07-17 07:10:00,230.0,4.0,,1016.6,29.2,29.4
2026-07-17 07:00:00,230.0,4.0,,1016.6,29.2,
2026-07-17 06:50:00,240.0,4.0,0.6,1016.6,29.3,29.5
2026-07-17 06:40:00,,,0.6,,,
2026-07-17 06:30:00,240.0,4.0,,1016.6,29.2,
2026-07-17 06:20:00,230.0,5.0,0.5,1016.5,29.3,29.6
2026-07-17 06:10:00,230.0,5.0,,1016.6,29.3,29.6
2026-07-17 06:00:00,230.0,6.0,,1016.6,29.3,29.5
2026-07-17 05:50:00,230.0,6.0,0.6,1016.6,29.3,29.5
2026-07-17 05:40:00,230.0,6.0,,1016.7,29.3,29.5
2026-07-17 05:30:00,230.0,5.0,,1016.7,29.3,29.4
2026-07-17 05:20:00,230.0,5.0,0.5,1016.8,29.4,29.4
2026-07-17 05:10:00,230.0,6.0,0.5,1017.0,29.4,29.4
2026-07-17 05:00:00,220.0,6.0,,1017.0,29.4,29.4
2026-07-17 04:50:00,220.0,6.0,0.5,1017.0,29.4,29.4
2026-07-17 04:40:00,220.0,6.0,,1017.0,29.4,29.4
2026-07-17 04:30:00,220.0,6.0,,1017.1,29.4,29.4
2026-07-17 04:20:00,220.0,6.0,0.5,1017.2,29.3,29.4
2026-07-17 04:10:00,220.0,6.0,0.5,1017.2,29.3,29.4
2026-07-17 04:00:00,220.0,6.0,,1017.1,29.3,29.4
2026-07-17 03:50:00,220.0,6.0,0.6,1017.1,29.3,29.5
2026-07-17 03:40:00,220.0,6.0,,1017.1,29.3,29.5
2026-07-17 03:30:00,210.0,6.0,,1016.9,29.3,29.5
2026-07-17 03:20:00,220.0,5.0,0.5,1017.0,29.4,29.5
2026-07-17 03:10:00,220.0,5.0,0.5,1016.9,29.4,29.5
2026-07-17 03:00:00,210.0,5.0,,1016.9,29.4,29.5
2026-07-17 02:50:00,210.0,5.0,0.5,1016.9,29.4,29.5
2026-07-17 02:40:00,210.0,5.0,,1016.8,29.4,29.6
2026-07-17 02:30:00,210.0,6.0,,1016.8,29.5,29.6
2026-07-17 02:20:00,210.0,6.0,0.5,1016.7,29.5,29.6
2026-07-17 02:10:00,210.0,6.0,0.5,1016.7,29.5,29.7
2026-07-17 02:00:00,210.0,6.0,,1016.5,29.5,29.7
2026-07-17 01:50:00,210.0,7.0,0.5,1016.4,29.5,29.7
2026-07-17 01:40:00,210.0,6.0,,1016.4,29.5,29.8
2026-07-17 01:30:00,210.0,6.0,,1016.4,29.5,29.8
2026-07-17 01:20:00,220.0,6.0,0.5,1016.3,29.5,29.7
2026-07-17 01:10:00,210.0,6.0,0.5,1016.2,29.5,29.7
2026-07-17 01:00:00,210.0,6.0,,1016.1,29.5,29.8
2026-07-17 00:50:00,210.0,5.0,0.5,1015.9,29.5,29.8
2026-07-17 00:40:00,200.0,5.0,,1016.0,29.5,
2026-07-17 00:30:00,200.0,5.0,,1015.9,29.5,29.8
2026-07-17 00:20:00,200.0,5.0,0.4,1015.9,29.5,29.8
2026-07-17 00:10:00,200.0,5.0,0.4,1015.8,29.5,29.8
2026-07-17 00:00:00,190.0,5.0,,1015.8,29.5,29.8
2026-07-16 23:50:00,190.0,5.0,0.4,1015.8,29.5,
2026-07-16 23:40:00,200.0,6.0,0.4,1015.8,29.5,29.8
2026-07-16 23:10:00,210.0,6.0,0.4,1015.9,29.6,29.9
2026-07-16 23:00:00,210.0,6.0,,1016.0,29.6,30.0
2026-07-16 22:50:00,210.0,6.0,0.4,1016.0,29.6,30.0
2026-07-16 22:40:00,210.0,6.0,,1016.0,29.5,30.1
2026-07-16 22:30:00,200.0,6.0,,1016.0,29.6,30.2
2026-07-16 22:20:00,200.0,5.0,0.4,1016.1,29.5,30.2
2026-07-16 22:10:00,190.0,5.0,0.4,1016.1,29.5,30.2
2026-07-16 22:00:00,190.0,5.0,,1016.1,29.5,30.2
2026-07-16 21:50:00,180.0,5.0,0.4,1015.9,29.5,30.1
2026-07-16 21:40:00,180.0,4.0,,1016.2,29.5,30.2
2026-07-16 21:30:00,190.0,4.0,,1016.3,29.5,30.2
2026-07-16 21:20:00,190.0,4.0,0.4,1016.3,29.6,30.2
2026-07-16 21:10:00,180.0,4.0,,1016.5,29.6,30.2
2026-07-16 21:00:00,190.0,3.0,,1016.5,29.5,30.2
2026-07-16 20:50:00,190.0,3.0,0.4,1016.5,29.6,30.1
2026-07-16 20:40:00,190.0,3.0,,1016.5,29.5,30.0
2026-07-16 20:30:00,190.0,3.0,,1016.5,29.3,29.9
2026-07-16 20:20:00,200.0,3.0,0.5,1016.5,29.2,30.1
2026-07-16 20:10:00,200.0,3.0,0.5,1016.6,29.2,30.0
2026-07-16 20:00:00,200.0,3.0,,1016.6,29.1,29.8
2026-07-16 19:50:00,210.0,3.0,0.5,1016.7,29.1,29.9
2026-07-16 19:40:00,210.0,3.0,0.5,1016.9,29.2,29.9
2026-07-16 19:30:00,210.0,3.0,,1017.0,29.1,30.1
2026-07-16 19:20:00,210.0,3.0,0.5,1017.1,29.1,30.1
2026-07-16 19:10:00,210.0,4.0,,1017.2,29.0,30.1
2026-07-16 19:00:00,220.0,3.0,,1017.2,29.0,30.1
2026-07-16 18:50:00,220.0,3.0,0.5,1017.3,29.0,30.1
2026-07-16 18:40:00,230.0,3.0,,1017.4,28.9,29.9
2026-07-16 18:30:00,230.0,3.0,,1017.4,28.8,29.9
2026-07-16 18:20:00,230.0,3.0,0.5,1017.4,,29.9
2026-07-16 18:10:00,240.0,2.0,,1017.5,28.9,29.9
2026-07-16 18:00:00,250.0,2.0,,1017.5,28.8,29.9
2026-07-16 17:50:00,240.0,2.0,0.5,1017.6,,29.9
2026-07-16 17:40:00,240.0,2.0,0.5,1017.6,28.8,29.9
2026-07-16 17:30:00,250.0,2.0,,1017.6,28.8,29.7
2026-07-16 17:20:00,260.0,2.0,0.5,1017.7,28.8,29.6
2026-07-16 17:10:00,250.0,3.0,0.5,1017.7,28.8,29.7
2026-07-16 17:00:00,250.0,3.0,,1017.7,28.8,29.8
2026-07-16 16:50:00,260.0,3.0,0.5,1017.8,28.8,29.9
2026-07-16 16:40:00,250.0,3.0,,1017.8,28.7,29.8
2026-07-16 16:30:00,250.0,3.0,,1017.7,28.7,29.7
2026-07-16 16:20:00,260.0,3.0,0.5,1017.7,28.6,29.5
2026-07-16 16:10:00,260.0,3.0,0.5,1017.7,28.5,29.6
2026-07-16 16:00:00,260.0,3.0,,1017.8,28.5,29.5
2026-07-16 15:50:00,280.0,3.0,0.5,1017.9,28.5,29.6
2026-07-16 15:40:00,280.0,3.0,,1017.9,28.5,29.5
2026-07-16 15:30:00,280.0,3.0,,1018.0,28.5,29.6
2026-07-16 15:20:00,280.0,2.0,0.5,1017.9,28.5,29.6
2026-07-16 15:10:00,280.0,2.0,0.5,1017.8,28.5,29.5
2026-07-16 15:00:00,270.0,2.0,,1017.7,28.5,29.5
2026-07-16 14:50:00,270.0,2.0,0.5,1017.8,28.5,29.5
2026-07-16 14:40:00,270.0,2.0,0.5,1017.7,28.6,29.4
2026-07-16 14:30:00,280.0,3.0,,1017.7,28.5,29.4
2026-07-16 14:20:00,270.0,3.0,0.5,1017.6,28.6,29.4
2026-07-16 14:10:00,270.0,3.0,0.5,1017.5,28.5,29.4
2026-07-16 14:00:00,250.0,2.0,,1017.4,28.6,29.4
2026-07-16 13:50:00,260.0,2.0,0.5,1017.4,28.6,29.4
2026-07-16 13:40:00,260.0,2.0,,1017.4,28.7,29.4
2026-07-16 13:30:00,270.0,2.0,,1017.2,28.8,29.4
2026-07-16 13:20:00,260.0,1.0,0.5,1017.0,29.0,29.4
2026-07-16 13:10:00,,0.0,0.5,1017.1,29.5,29.4
2026-07-16 13:00:00,,0.0,,1017.0,29.3,29.4
2026-07-16 12:50:00,,0.0,0.5,1017.0,28.6,
2026-07-16 12:40:00,350.0,1.0,,1016.9,28.4,29.4
2026-07-16 12:30:00,350.0,1.0,,1016.8,28.3,29.4
2026-07-16 12:20:00,340.0,1.0,0.5,1016.7,28.3,29.4
2026-07-16 12:10:00,340.0,1.0,,1016.7,28.2,29.4
2026-07-16 12:00:00,350.0,1.0,,1016.7,28.1,29.3
2026-07-16 11:50:00,320.0,2.0,0.5,1016.7,,29.3
2026-07-16 11:40:00,320.0,2.0,0.5,1016.7,28.0,29.3
2026-07-16 11:30:00,330.0,3.0,,1016.6,28.0,29.3
2026-07-16 11:20:00,330.0,3.0,0.5,1016.6,28.1,29.4
2026-07-16 11:10:00,340.0,3.0,0.5,1016.6,28.1,29.4
2026-07-16 11:00:00,350.0,3.0,,1016.5,28.1,29.4
2026-07-16 10:50:00,340.0,3.0,0.5,1016.6,28.2,29.4
2026-07-16 10:40:00,330.0,3.0,,1016.6,28.3,29.4
2026-07-16 10:30:00,330.0,3.0,,1016.6,28.2,29.4
2026-07-16 10:20:00,320.0,3.0,0.5,1016.6,28.2,29.4
2026-07-16 10:10:00,310.0,3.0,0.5,1016.5,28.2,29.4
2026-07-16 10:00:00,310.0,4.0,,1016.5,28.2,29.4
2026-07-16 09:50:00,310.0,3.0,0.5,1016.5,28.2,29.4
2026-07-16 09:40:00,310.0,4.0,0.5,1016.4,28.2,29.4
2026-07-16 09:30:00,300.0,4.0,,1016.4,28.2,29.4
2026-07-16 09:20:00,290.0,4.0,0.5,1016.4,28.2,29.4
2026-07-16 09:10:00,300.0,4.0,0.5,1016.4,28.2,29.4
2026-07-16 09:00:00,290.0,4.0,,1016.4,28.2,29.4
2026-07-16 08:50:00,290.0,4.0,0.5,1016.5,28.2,29.5
2026-07-16 08:40:00,300.0,4.0,,1016.5,28.3,29.5
2026-07-16 08:30:00,300.0,4.0,,1016.6,28.2,29.5
2026-07-16 08:20:00,300.0,4.0,0.5,1016.6,28.2,29.4
2026-07-16 08:10:00,300.0,4.0,0.5,1016.5,28.3,29.4
2026-07-16 08:00:00,300.0,4.0,,1016.5,28.2,29.4
2026-07-16 07:50:00,290.0,4.0,0.5,1016.5,28.2,29.4
2026-07-16 07:40:00,280.0,3.0,,1016.5,28.3,29.4
2026-07-16 07:30:00,280.0,3.0,,1016.6,28.3,29.4
2026-07-16 07:20:00,280.0,3.0,0.6,1016.6,,29.4
2026-07-16 07:10:00,280.0,3.0,,1016.6,28.2,29.5
2026-07-16 07:00:00,280.0,3.0,,1016.8,28.2,
2026-07-16 06:50:00,280.0,3.0,0.6,1016.9,28.3,29.4
2026-07-16 06:40:00,270.0,3.0,,1016.9,28.2,29.5
2026-07-16 06:30:00,270.0,2.0,,1017.0,28.3,29.5
2026-07-16 06:20:00,280.0,2.0,0.6,1017.0,28.3,29.4
2026-07-16 06:10:00,280.0,2.0,0.6,1017.2,28.3,29.5
2026-07-16 06:00:00,260.0,2.0,,1017.2,28.3,29.4
2026-07-16 05:50:00,250.0,2.0,0.6,1017.2,28.3,29.4
2026-07-16 05:40:00,250.0,2.0,,1017.3,28.3,29.4
2026-07-16 05:30:00,250.0,1.0,,1017.3,28.3,29.5
2026-07-16 05:20:00,270.0,1.0,0.6,1017.3,28.3,29.5
2026-07-16 05:10:00,260.0,1.0,0.6,1017.4,28.4,29.5
2026-07-16 05:00:00,240.0,1.0,,1017.5,28.3,29.5
2026-07-16 04:50:00,220.0,1.0,0.6,1017.5,28.4,29.5
2026-07-16 04:40:00,200.0,1.0,,1017.6,28.4,29.5
2026-07-16 04:30:00,180.0,1.0,,1017.4,28.4,29.5
2026-07-16 04:20:00,190.0,1.0,0.6,1017.5,28.4,29.5
2026-07-16 04:10:00,170.0,1.0,,1017.4,28.4,29.5
2026-07-16 04:00:00,160.0,1.0,,1017.4,28.4,29.5
2026-07-16 03:50:00,170.0,2.0,0.6,1017.4,28.4,29.5
2026-07-16 03:40:00,160.0,1.0,,1017.4,28.4,29.5
2026-07-16 03:30:00,140.0,1.0,,1017.5,28.4,29.5
2026-07-16 03:20:00,130.0,1.0,0.6,1017.5,28.4,29.5
2026-07-16 03:10:00,120.0,1.0,0.6,1017.4,28.4,29.5
2026-07-16 03:00:00,120.0,2.0,,1017.4,28.4,29.5
2026-07-16 02:50:00,140.0,2.0,0.7,1017.5,28.4,29.5
2026-07-16 02:40:00,150.0,2.0,0.7,1017.6,28.5,29.5
2026-07-16 02:30:00,140.0,2.0,,1017.5,28.5,29.5
2026-07-16 02:20:00,130.0,2.0,0.7,1017.5,28.5,29.5
2026-07-16 02:10:00,130.0,3.0,0.7,1017.3,28.4,29.5
2026-07-16 02:00:00,120.0,3.0,,1017.1,28.4,29.5
2026-07-16 01:50:00,130.0,3.0,0.7,1017.1,28.4,29.5
2026-07-16 01:40:00,120.0,4.0,,1017.0,28.4,29.5
2026-07-16 01:30:00,110.0,4.0,,1016.8,28.5,29.5
2026-07-16 01:20:00,120.0,4.0,0.7,1016.6,28.5,29.4
2026-07-16 01:10:00,110.0,4.0,0.7,1016.6,28.4,29.4
2026-07-16 01:00:00,100.0,5.0,,1016.4,28.4,29.4
2026-07-16 00:50:00,100.0,4.0,0.7,1016.4,28.4,29.4
2026-07-16 00:40:00,100.0,4.0,0.7,1016.3,28.4,29.4
2026-07-16 00:30:00,100.0,5.0,,1016.2,28.4,29.4
2026-07-16 00:20:00,100.0,5.0,0.8,1016.2,28.4,29.4
2026-07-16 00:10:00,100.0,5.0,0.8,1016.2,28.4,29.4
2026-07-16 00:00:00,90.0,5.0,,1016.2,28.5,29.4
2026-07-15 23:50:00,90.0,5.0,0.8,1016.2,28.5,29.4
2026-07-15 23:40:00,90.0,4.0,,1016.2,28.5,29.4
2026-07-15 23:10:00,80.0,5.0,0.8,1016.1,28.5,29.4
2026-07-15 23:00:00,70.0,5.0,,1016.2,28.5,29.4
2026-07-15 22:50:00,70.0,5.0,0.9,1016.2,28.5,29.4
2026-07-15 22:40:00,70.0,5.0,,1016.1,28.5,29.4
2026-07-15 22:30:00,70.0,5.0,,1016.2,28.6,29.4
2026-07-15 22:20:00,70.0,5.0,0.9,1016.4,28.6,29.4
2026-07-15 22:10:00,60.0,6.0,0.9,1016.4,28.6,29.4
2026-07-15 22:00:00,60.0,5.0,,1016.4,28.5,29.4
2026-07-15 21:50:00,60.0,6.0,0.9,1016.5,28.5,29.4
2026-07-15 21:40:00,60.0,6.0,,1016.5,28.6,29.4
2026-07-15 21:30:00,60.0,6.0,,1016.5,28.7,29.4
2026-07-15 21:20:00,60.0,6.0,0.9,1016.7,28.6,29.4
2026-07-15 21:10:00,60.0,6.0,0.9,1016.7,28.6,29.4
2026-07-15 21:00:00,60.0,6.0,,1016.8,28.7,29.4
2026-07-15 20:50:00,60.0,6.0,0.9,1016.8,28.7,29.5
2026-07-15 20:40:00,60.0,5.0,,1016.9,28.7,29.5
2026-07-15 20:30:00,50.0,5.0,,1016.8,28.7,29.5
2026-07-15 20:20:00,50.0,5.0,1.0,1016.9,28.7,29.5
2026-07-15 20:10:00,50.0,5.0,1.0,1017.0,28.7,29.5
2026-07-15 20:00:00,50.0,5.0,,1017.1,28.7,29.5
2026-07-15 19:50:00,50.0,5.0,0.9,1017.2,28.7,29.5
2026-07-15 19:40:00,50.0,5.0,,1017.4,28.7,29.4
2026-07-15 19:30:00,50.0,5.0,,1017.4,28.6,29.4
2026-07-15 19:20:00,40.0,5.0,0.9,1017.5,28.6,29.4
2026-07-15 19:10:00,50.0,6.0,0.9,1017.5,28.6,29.4
2026-07-15 19:00:00,50.0,5.0,,1017.5,28.5,29.4
2026-07-15 18:50:00,60.0,5.0,1.0,1017.5,28.0,
2026-07-15 18:40:00,60.0,5.0,1.0,1017.6,27.7,29.3
2026-07-15 18:30:00,60.0,5.0,,1017.8,27.6,29.4
2026-07-15 18:20:00,70.0,6.0,0.9,1017.9,27.3,
2026-07-15 18:10:00,60.0,7.0,0.9,1017.9,28.0,29.4
2026-07-15 18:00:00,50.0,5.0,,1018.0,28.0,29.4
2026-07-15 17:50:00,80.0,5.0,1.0,1018.0,28.0,29.5
2026-07-15 17:40:00,50.0,6.0,,1017.9,28.5,29.4
2026-07-15 17:30:00,40.0,6.0,,1017.8,28.6,29.5
2026-07-15 17:20:00,40.0,5.0,1.0,1018.1,28.5,29.5
2026-07-15 17:10:00,40.0,5.0,1.0,1018.0,28.5,29.4
2026-07-15 17:00:00,50.0,4.0,,1018.1,28.5,29.4
2026-07-15 16:50:00,60.0,5.0,1.0,1018.1,28.3,29.4
2026-07-15 16:40:00,60.0,6.0,,1018.1,28.2,29.4
2026-07-15 16:30:00,50.0,6.0,,1018.1,28.3,29.4
2026-07-15 16:20:00,40.0,6.0,1.0,1018.2,28.4,29.3
2026-07-15 16:10:00,40.0,6.0,1.0,1018.1,28.4,29.4
2026-07-15 16:00:00,40.0,5.0,,1018.1,28.5,29.3
2026-07-15 15:50:00,40.0,5.0,1.0,1018.0,28.6,29.4
2026-07-15 15:40:00,60.0,4.0,,1018.0,28.7,29.4
2026-07-15 15:30:00,50.0,3.0,,1018.1,28.7,29.4
2026-07-15 15:20:00,60.0,3.0,0.9,1018.0,28.7,29.4
2026-07-15 15:10:00,60.0,3.0,0.9,1018.0,28.7,29.4
2026-07-15 15:00:00,60.0,3.0,,1018.1,28.6,29.3
2026-07-15 14:50:00,60.0,2.0,0.9,1018.1,28.7,29.3
2026-07-15 14:40:00,60.0,3.0,,1018.0,28.7,29.3
2026-07-15 14:30:00,40.0,3.0,,1018.0,28.7,29.3
2026-07-15 14:20:00,40.0,3.0,1.0,1018.0,28.7,29.3
2026-07-15 14:10:00,40.0,3.0,1.0,1017.9,28.6,29.3
2026-07-15 14:00:00,50.0,3.0,,1018.0,28.6,29.3
2026-07-15 13:50:00,50.0,3.0,1.0,1017.9,28.7,29.2
2026-07-15 13:40:00,50.0,3.0,,1018.0,28.7,29.2
2026-07-15 13:30:00,50.0,3.0,,1018.0,28.7,29.2
2026-07-15 13:20:00,60.0,3.0,1.0,1018.0,28.7,29.2
2026-07-15 13:10:00,60.0,2.0,1.0,1018.0,28.7,29.2
2026-07-15 13:00:00,60.0,3.0,,1018.0,28.7,29.2
2026-07-15 12:50:00,50.0,3.0,0.9,1017.9,28.6,29.2
2026-07-15 12:40:00,50.0,4.0,,1017.7,28.6,29.2
2026-07-15 12:30:00,50.0,3.0,,1017.7,28.6,29.2
2026-07-15 12:20:00,50.0,4.0,1.0,1017.6,28.6,29.2
2026-07-15 12:10:00,50.0,3.0,1.0,1017.5,28.6,29.2
2026-07-15 12:00:00,40.0,3.0,,1017.6,28.6,29.2
2026-07-15 11:50:00,30.0,3.0,0.9,1017.4,28.5,29.1
2026-07-15 11:40:00,40.0,3.0,0.9,1017.5,28.5,29.1
2026-07-15 11:30:00,20.0,3.0,,1017.3,28.5,29.2
2026-07-15 11:20:00,30.0,3.0,1.0,1017.3,28.4,29.2
2026-07-15 11:10:00,30.0,3.0,1.0,1017.2,28.4,29.2
2026-07-15 11:00:00,30.0,2.0,,1017.2,28.4,29.1
2026-07-15 10:50:00,30.0,3.0,1.2,1017.1,28.3,29.1
2026-07-15 10:40:00,20.0,3.0,1.2,1017.1,28.3,29.1
2026-07-15 10:30:00,30.0,3.0,,1017.1,28.2,29.1
2026-07-15 10:20:00,30.0,3.0,1.1,1017.0,28.2,29.0
2026-07-15 10:10:00,20.0,3.0,1.1,1016.8,28.2,29.1
2026-07-15 10:00:00,20.0,2.0,,1016.8,28.2,29.1
2026-07-15 09:50:00,40.0,2.0,1.2,1016.9,28.2,29.1
2026-07-15 09:40:00,50.0,1.0,,1016.9,28.2,29.1
2026-07-15 09:30:00,70.0,2.0,,1016.9,28.2,29.2
2026-07-15 09:20:00,60.0,3.0,1.2,1016.8,28.2,29.2
2026-07-15 09:10:00,50.0,2.0,1.2,1016.8,28.2,29.2
2026-07-15 09:00:00,50.0,2.0,,1016.9,28.2,29.3
2026-07-15 08:50:00,40.0,2.0,1.2,1016.9,28.2,29.3
2026-07-15 08:40:00,40.0,2.0,,1017.0,28.3,29.3
2026-07-15 08:30:00,50.0,2.0,,1017.0,28.2,29.3
2026-07-15 08:20:00,40.0,3.0,1.2,1017.1,28.2,29.3
2026-07-15 08:10:00,40.0,3.0,,1017.0,28.2,29.3
2026-07-15 08:00:00,50.0,2.0,,1017.0,28.3,
2026-07-15 07:50:00,70.0,2.0,1.1,1017.1,28.3,
2026-07-15 07:40:00,60.0,2.0,,1017.4,28.3,29.4
2026-07-15 07:30:00,70.0,2.0,,1017.5,28.2,29.3
2026-07-15 07:20:00,80.0,2.0,1.2,1017.4,28.3,
2026-07-15 07:10:00,80.0,2.0,,1017.4,28.3,29.3
2026-07-15 07:00:00,80.0,3.0,,1017.4,28.3,
2026-07-15 06:50:00,80.0,3.0,1.2,1017.5,28.3,
2026-07-15 06:40:00,70.0,3.0,,1017.6,28.3,29.3
2026-07-15 06:30:00,70.0,3.0,,1017.7,28.4,29.3
2026-07-15 06:20:00,70.0,4.0,1.1,1017.8,28.4,29.3
2026-07-15 06:10:00,80.0,3.0,1.1,1017.9,28.4,29.3
2026-07-15 06:00:00,80.0,3.0,,1018.0,28.4,29.3
2026-07-15 05:50:00,80.0,4.0,1.1,1018.0,28.4,29.3
2026-07-15 05:40:00,70.0,4.0,1.1,1018.1,28.4,29.2
2026-07-15 05:30:00,70.0,4.0,,1018.1,28.5,29.3
2026-07-15 05:20:00,60.0,5.0,1.1,1018.2,28.4,29.3
2026-07-15 05:10:00,60.0,5.0,1.1,1018.1,28.4,29.3
2026-07-15 05:00:00,60.0,5.0,,1018.0,28.4,29.3
2026-07-15 04:50:00,70.0,5.0,1.1,1018.3,28.5,29.3
2026-07-15 04:40:00,60.0,5.0,,1018.4,28.4,29.3
2026-07-15 04:30:00,60.0,4.0,,1018.4,28.5,29.3
2026-07-15 04:20:00,70.0,5.0,1.1,1018.4,28.5,29.3
2026-07-15 04:10:00,70.0,5.0,1.1,1018.4,28.5,29.3
2026-07-15 04:00:00,70.0,5.0,,1018.4,28.4,29.3
2026-07-15 03:50:00,70.0,5.0,1.1,1018.5,28.5,29.3
2026-07-15 03:40:00,70.0,5.0,,1018.5,28.5,29.3
2026-07-15 03:30:00,70.0,5.0,,1018.4,28.4,29.3
2026-07-15 03:20:00,70.0,6.0,1.1,1018.5,28.5,29.3
2026-07-15 03:10:00,70.0,5.0,1.1,1018.4,28.5,29.3
2026-07-15 03:00:00,70.0,6.0,,1018.4,28.4,29.3
2026-07-15 02:50:00,70.0,6.0,1.0,1018.4,28.5,29.3
2026-07-15 02:40:00,70.0,5.0,1.0,1018.4,28.5,29.3
2026-07-15 02:30:00,60.0,6.0,,1018.3,28.5,29.3
2026-07-15 02:20:00,60.0,5.0,1.0,1018.3,28.5,29.3
2026-07-15 02:10:00,60.0,5.0,1.0,1018.3,28.4,29.3
2026-07-15 02:00:00,70.0,5.0,,1018.2,28.4,29.3
2026-07-15 01:50:00,70.0,5.0,1.0,1018.1,28.4,29.3
2026-07-15 01:40:00,70.0,6.0,1.0,1018.1,28.4,29.4
2026-07-15 01:30:00,60.0,6.0,,1018.0,28.4,29.4
2026-07-15 01:20:00,70.0,6.0,1.0,1017.8,28.3,29.4
2026-07-15 01:10:00,60.0,6.0,1.0,1017.7,28.4,29.4
2026-07-15 01:00:00,60.0,6.0,,1017.6,28.3,29.5
2026-07-15 00:50:00,60.0,6.0,1.0,1017.4,28.4,29.5
2026-07-15 00:40:00,60.0,6.0,1.0,1017.2,28.3,29.5
2026-07-15 00:30:00,60.0,6.0,,1017.2,28.3,
2026-07-15 00:20:00,60.0,7.0,0.9,1017.2,28.4,29.6
2026-07-15 00:10:00,60.0,7.0,0.9,1017.2,28.4,29.3
2026-07-15 00:00:00,50.0,7.0,,1017.2,28.4,29.4
2026-07-14 23:50:00,50.0,7.0,0.9,1017.3,28.4,29.4
2026-07-14 23:40:00,50.0,7.0,,1017.3,28.5,29.4
2026-07-14 23:10:00,60.0,6.0,0.9,1017.0,28.5,29.4
2026-07-14 23:00:00,50.0,6.0,,1016.8,28.5,29.4
2026-07-14 22:50:00,50.0,6.0,0.9,1016.9,28.5,29.4
2026-07-14 22:40:00,50.0,6.0,0.9,1016.8,28.5,29.5
2026-07-14 22:30:00,40.0,6.0,,1016.8,28.5,29.4
2026-07-14 22:20:00,40.0,6.0,0.9,1016.9,28.5,29.4
2026-07-14 22:10:00,50.0,6.0,0.9,1016.9,28.6,29.4
2026-07-14 22:00:00,50.0,6.0,,1017.0,28.5,29.4
2026-07-14 21:50:00,50.0,7.0,1.0,1016.9,28.5,29.4
2026-07-14 21:40:00,40.0,6.0,1.0,1016.9,28.5,29.5
2026-07-14 21:30:00,30.0,7.0,,1017.0,28.5,29.5
2026-07-14 21:20:00,30.0,7.0,1.0,1017.2,28.5,29.4
2026-07-14 21:10:00,30.0,7.0,1.0,1017.5,28.4,29.4
2026-07-14 21:00:00,40.0,7.0,,1017.3,28.5,29.4
2026-07-14 20:50:00,30.0,7.0,1.0,1017.5,28.4,29.4
2026-07-14 20:40:00,30.0,7.0,,1017.5,28.3,29.4
2026-07-14 20:30:00,20.0,7.0,,1017.6,28.2,29.4
2026-07-14 20:20:00,30.0,7.0,1.0,1017.7,28.1,29.4
2026-07-14 20:10:00,30.0,8.0,1.0,1017.8,28.2,29.4
2026-07-14 20:00:00,20.0,7.0,,1017.6,28.0,29.4
2026-07-14 19:50:00,350.0,7.0,0.9,1018.0,27.1,29.4
2026-07-14 19:40:00,330.0,5.0,,1017.9,26.9,29.4
2026-07-14 19:30:00,340.0,7.0,,1018.2,26.6,29.4
2026-07-14 19:20:00,360.0,8.0,1.0,1018.2,27.5,
2026-07-14 19:10:00,10.0,6.0,,1018.1,27.6,29.4
2026-07-14 19:00:00,10.0,6.0,,1018.1,27.5,29.4
2026-07-14 18:50:00,10.0,6.0,1.0,1018.2,,29.4
2026-07-14 18:40:00,20.0,6.0,,1018.2,27.5,29.5
2026-07-14 18:30:00,20.0,6.0,,1018.2,27.5,29.5
2026-07-14 18:20:00,10.0,7.0,1.0,1018.2,27.6,29.5
2026-07-14 18:10:00,350.0,6.0,1.0,1018.2,27.9,29.5
2026-07-14 18:00:00,360.0,5.0,,1018.2,27.9,29.5
2026-07-14 17:50:00,360.0,5.0,1.0,1018.4,27.9,29.5
2026-07-14 17:40:00,360.0,5.0,,1018.4,28.2,29.4
2026-07-14 17:30:00,10.0,3.0,,1018.5,28.4,29.4
2026-07-14 17:20:00,360.0,2.0,1.0,1018.7,28.4,29.4
2026-07-14 17:10:00,360.0,2.0,1.0,1018.9,28.4,29.4
2026-07-14 17:00:00,30.0,1.0,,1019.0,28.4,29.4
2026-07-14 16:50:00,40.0,2.0,0.9,1019.0,28.4,29.4
2026-07-14 16:40:00,50.0,1.0,,1018.9,28.5,29.4
2026-07-14 16:30:00,70.0,1.0,,1018.9,28.6,29.4
2026-07-14 16:20:00,50.0,1.0,1.0,1019.0,28.6,29.4
2026-07-14 16:10:00,40.0,1.0,1.0,1019.0,28.6,29.3
2026-07-14 16:00:00,,0.0,,1019.0,28.5,29.3
2026-07-14 15:50:00,70.0,1.0,1.0,1019.0,28.5,29.3
2026-07-14 15:40:00,60.0,1.0,,1019.0,28.3,29.3
2026-07-14 15:30:00,80.0,1.0,,1018.9,28.3,29.2
2026-07-14 15:20:00,70.0,1.0,0.9,1018.9,28.2,29.2
2026-07-14 15:10:00,60.0,2.0,0.9,1018.8,28.1,29.2
2026-07-14 15:00:00,80.0,2.0,,1018.9,28.2,29.2
2026-07-14 14:50:00,70.0,2.0,0.9,1018.8,28.2,29.3
2026-07-14 14:40:00,70.0,2.0,,1018.8,28.2,29.3
2026-07-14 14:30:00,90.0,2.0,,1018.7,28.1,29.2
2026-07-14 14:20:00,100.0,3.0,1.0,1018.6,28.1,29.2
2026-07-14 14:10:00,100.0,3.0,1.0,1018.5,28.1,29.2
2026-07-14 14:00:00,100.0,2.0,,1018.5,27.9,29.2
2026-07-14 13:50:00,100.0,2.0,0.9,1018.6,27.9,29.2
2026-07-14 13:40:00,100.0,2.0,,1018.6,27.8,29.3
2026-07-14 13:30:00,90.0,2.0,,1018.4,27.7,29.3
2026-07-14 13:20:00,90.0,2.0,1.0,1018.3,27.6,29.2
2026-07-14 13:10:00,80.0,3.0,1.0,1018.4,27.7,29.3
2026-07-14 13:00:00,80.0,3.0,,1018.3,27.7,29.3
2026-07-14 12:50:00,80.0,2.0,1.0,1018.3,27.3,29.3
2026-07-14 12:40:00,80.0,2.0,1.0,1018.3,26.9,29.3
2026-07-14 12:30:00,70.0,4.0,,1018.2,26.7,29.3
2026-07-14 12:20:00,80.0,3.0,1.0,1018.2,26.8,29.3
2026-07-14 12:10:00,60.0,1.0,1.0,1018.1,26.4,29.3
2026-07-14 12:00:00,10.0,3.0,,1018.2,26.4,29.3
2026-07-14 11:50:00,20.0,3.0,1.1,1018.0,26.3,29.3
2026-07-14 11:40:00,30.0,4.0,,1017.8,26.3,29.3
2026-07-14 11:30:00,60.0,6.0,,1017.7,26.8,29.3
2026-07-14 11:20:00,160.0,3.0,1.0,1017.9,27.5,29.3
2026-07-14 11:10:00,170.0,4.0,1.0,1017.7,27.3,29.3
2026-07-14 11:00:00,180.0,4.0,,1017.4,27.3,29.3
2026-07-14 10:50:00,190.0,5.0,1.1,1017.5,27.3,29.3
2026-07-14 10:40:00,180.0,4.0,1.1,1017.5,27.7,29.3
2026-07-14 10:30:00,160.0,4.0,,1017.5,27.5,29.3
2026-07-14 10:20:00,160.0,4.0,1.1,1017.4,27.6,29.3
2026-07-14 10:10:00,150.0,4.0,1.1,1017.3,27.8,
2026-07-14 10:00:00,160.0,4.0,,1017.1,27.5,29.3
2026-07-14 09:50:00,180.0,3.0,1.1,1017.1,27.4,29.3
2026-07-14 09:40:00,180.0,4.0,,1016.9,27.5,29.3
2026-07-14 09:30:00,150.0,3.0,,1016.9,27.6,29.4
2026-07-14 09:20:00,170.0,4.0,1.0,1016.9,27.8,29.4
2026-07-14 09:10:00,150.0,4.0,,1016.9,27.9,29.4
2026-07-14 09:00:00,140.0,3.0,,1017.0,28.0,29.4
2026-07-14 08:50:00,130.0,3.0,0.9,1016.9,28.0,29.4
2026-07-14 08:40:00,130.0,3.0,,1017.1,28.0,29.4
2026-07-14 08:30:00,130.0,2.0,,1017.1,28.1,29.4
2026-07-14 08:20:00,110.0,2.0,0.8,1017.2,28.1,29.4
2026-07-14 08:10:00,110.0,2.0,,1017.3,28.1,29.4
2026-07-14 08:00:00,120.0,3.0,,1017.4,28.1,
2026-07-14 07:50:00,110.0,3.0,0.8,1017.4,28.1,29.4
2026-07-14 07:40:00,90.0,2.0,0.8,1017.3,28.1,29.5
2026-07-14 07:30:00,90.0,2.0,,1017.3,28.1,29.5
2026-07-14 07:20:00,90.0,2.0,0.8,1017.3,28.1,29.5
2026-07-14 07:10:00,80.0,2.0,,1017.4,28.2,29.5
2026-07-14 07:00:00,90.0,2.0,,1017.6,28.1,
2026-07-14 06:50:00,100.0,2.0,0.8,1017.7,,29.5
2026-07-14 06:40:00,80.0,1.0,0.8,1017.7,28.2,29.5
2026-07-14 06:30:00,70.0,1.0,,1017.7,28.2,29.5
2026-07-14 06:20:00,50.0,1.0,0.7,1017.9,28.2,29.5
2026-07-14 06:10:00,20.0,1.0,0.7,1018.0,28.2,29.5
2026-07-14 06:00:00,20.0,1.0,,1018.0,28.2,29.6
2026-07-14 05:50:00,30.0,1.0,0.7,1018.1,28.2,
2026-07-14 05:40:00,50.0,1.0,,1018.1,28.3,29.6
2026-07-14 05:30:00,50.0,1.0,,1018.1,28.3,29.6
2026-07-14 05:20:00,,0.0,0.6,1018.2,28.2,29.6
2026-07-14 05:10:00,,0.0,,1018.3,28.2,29.6
2026-07-14 05:00:00,,0.0,,1018.4,28.3,29.6
2026-07-14 04:50:00,,0.0,0.7,1018.4,28.3,29.6
2026-07-14 04:40:00,240.0,1.0,,1018.6,28.3,29.6
2026-07-14 04:30:00,230.0,1.0,,1018.6,28.2,29.6
2026-07-14 04:20:00,230.0,2.0,0.6,1018.5,28.2,29.6
2026-07-14 04:10:00,220.0,1.0,,1018.4,28.2,29.6
2026-07-14 04:00:00,220.0,2.0,,1018.5,28.3,29.6
2026-07-14 03:50:00,220.0,3.0,0.6,1018.5,28.2,29.6
2026-07-14 03:40:00,230.0,3.0,,1018.5,28.3,29.6
2026-07-14 03:30:00,240.0,3.0,,1018.6,28.3,29.6
2026-07-14 03:20:00,240.0,4.0,0.6,1018.5,28.3,29.6
2026-07-14 03:10:00,240.0,4.0,0.6,1018.4,28.3,29.5
2026-07-14 03:00:00,230.0,4.0,,1018.5,28.3,29.5
2026-07-14 02:50:00,220.0,4.0,0.6,1018.5,28.4,29.5
2026-07-14 02:40:00,220.0,3.0,,1018.6,28.5,29.5
2026-07-14 02:30:00,210.0,3.0,,1018.6,28.5,29.5
2026-07-14 02:20:00,210.0,4.0,0.6,1018.6,28.4,29.5
2026-07-14 02:10:00,220.0,4.0,0.6,1018.5,28.4,29.6
2026-07-14 02:00:00,220.0,4.0,,1018.5,28.4,29.5
2026-07-14 01:50:00,210.0,4.0,0.6,1018.4,28.4,29.5
2026-07-14 01:40:00,210.0,4.0,0.6,1018.2,28.4,29.5
2026-07-14 01:30:00,210.0,4.0,,1018.2,28.4,29.5
2026-07-14 01:20:00,220.0,4.0,0.6,1018.3,28.4,29.5
2026-07-14 01:10:00,220.0,4.0,0.6,1018.1,28.3,29.5
2026-07-14 01:00:00,210.0,3.0,,1018.1,28.2,29.5
2026-07-14 00:50:00,210.0,4.0,0.5,1018.0,28.2,29.5
2026-07-14 00:40:00,,,0.5,,,
2026-07-14 00:30:00,210.0,4.0,,1017.7,28.2,29.6
2026-07-14 00:20:00,220.0,4.0,0.6,1017.8,28.2,29.6
2026-07-14 00:10:00,210.0,5.0,0.6,1017.7,28.2,29.6
2026-07-14 00:00:00,230.0,5.0,,1017.6,28.2,29.7
2026-07-13 23:50:00,220.0,5.0,0.6,1017.6,28.3,29.7
2026-07-13 23:40:00,220.0,5.0,0.6,1017.6,28.2,29.7
2026-07-13 23:10:00,210.0,4.0,0.5,1017.5,28.3,29.7
2026-07-13 23:00:00,220.0,4.0,,1017.3,28.3,29.8
2026-07-13 22:50:00,210.0,4.0,0.6,1017.2,28.4,29.9
2026-07-13 22:40:00,210.0,4.0,0.6,1016.9,28.3,29.9
2026-07-13 22:30:00,220.0,4.0,,1016.8,28.3,29.9
2026-07-13 22:20:00,210.0,3.0,0.6,1016.8,28.3,29.9
2026-07-13 22:10:00,220.0,4.0,0.6,1016.9,28.3,29.8
2026-07-13 22:00:00,220.0,4.0,,1017.0,28.3,29.9
2026-07-13 21:50:00,220.0,3.0,0.6,1017.2,28.3,29.8
2026-07-13 21:40:00,220.0,3.0,,1017.3,28.3,29.8
2026-07-13 21:30:00,210.0,3.0,,1017.2,28.2,29.8
2026-07-13 21:20:00,220.0,3.0,0.6,1017.2,28.2,
2026-07-13 21:10:00,220.0,2.0,0.6,1017.4,28.1,29.7
2026-07-13 21:00:00,230.0,2.0,,1017.5,28.1,29.6
2026-07-13 20:50:00,230.0,2.0,0.6,1017.5,,29.7
2026-07-13 20:40:00,230.0,2.0,,1017.5,28.1,29.6
2026-07-13 20:30:00,230.0,2.0,,1017.6,28.0,29.7
2026-07-13 20:20:00,230.0,2.0,0.7,1017.7,28.0,29.6
2026-07-13 20:10:00,220.0,2.0,0.7,1017.7,27.9,29.7
2026-07-13 20:00:00,190.0,2.0,,1017.7,28.0,29.7
2026-07-13 19:50:00,170.0,1.0,0.7,1017.7,27.9,29.7
2026-07-13 19:40:00,200.0,1.0,,1017.6,28.0,29.7
2026-07-13 19:30:00,230.0,1.0,,1017.8,27.9,29.7
2026-07-13 19:20:00,220.0,1.0,0.7,1017.9,27.9,29.7
2026-07-13 19:10:00,210.0,1.0,0.7,1018.0,28.2,29.6
2026-07-13 19:00:00,,0.0,,1018.1,28.3,
2026-07-13 18:50:00,,0.0,0.7,1018.2,28.1,
2026-07-13 18:40:00,,0.0,,1018.3,28.1,29.6
2026-07-13 18:30:00,,0.0,,1018.4,28.1,29.6
2026-07-13 18:20:00,,0.0,0.8,1018.6,27.8,29.6
2026-07-13 18:10:00,220.0,1.0,0.8,1018.7,27.7,29.6
2026-07-13 18:00:00,280.0,1.0,,1018.8,27.6,29.6
2026-07-13 17:50:00,270.0,2.0,0.8,1018.9,27.6,29.5
2026-07-13 17:40:00,260.0,2.0,,1018.9,27.6,29.6
2026-07-13 17:30:00,280.0,3.0,,1019.0,27.6,29.6
2026-07-13 17:20:00,290.0,3.0,0.8,1019.1,27.6,29.5
2026-07-13 17:10:00,280.0,3.0,0.8,1019.2,27.7,29.5
2026-07-13 17:00:00,270.0,3.0,,1019.3,27.6,29.5
2026-07-13 16:50:00,250.0,3.0,0.9,1019.4,27.7,29.4
2026-07-13 16:40:00,260.0,3.0,,1019.5,27.7,29.4
2026-07-13 16:30:00,260.0,2.0,,1019.6,27.8,29.5
2026-07-13 16:20:00,260.0,3.0,0.9,1019.6,27.8,29.4
2026-07-13 16:10:00,270.0,3.0,0.9,1019.7,27.8,29.4
2026-07-13 16:00:00,270.0,3.0,,1019.7,27.8,29.4
2026-07-13 15:50:00,270.0,3.0,0.9,1019.8,27.8,29.4
2026-07-13 15:40:00,260.0,4.0,,1019.8,27.8,29.4
2026-07-13 15:30:00,260.0,3.0,,1019.9,27.8,29.4
2026-07-13 15:20:00,270.0,3.0,0.9,1019.8,27.7,29.4
2026-07-13 15:10:00,270.0,3.0,0.9,1019.8,27.7,29.4
2026-07-13 15:00:00,270.0,3.0,,1019.6,27.7,29.3
2026-07-13 14:50:00,260.0,3.0,0.9,1019.5,27.6,29.3
2026-07-13 14:40:00,270.0,3.0,,1019.5,27.6,29.3
2026-07-13 14:30:00,260.0,3.0,,1019.5,27.6,29.2
2026-07-13 14:20:00,260.0,2.0,0.8,1019.5,27.6,29.2
2026-07-13 14:10:00,260.0,2.0,0.8,1019.3,27.6,29.2
2026-07-13 14:00:00,270.0,2.0,,1019.3,27.7,29.2
2026-07-13 13:50:00,280.0,2.0,0.8,1019.3,27.7,29.2
2026-07-13 13:40:00,290.0,1.0,,1019.4,27.7,29.2
2026-07-13 13:30:00,320.0,1.0,,1019.3,27.8,29.1
2026-07-13 13:20:00,300.0,1.0,0.8,1019.2,27.7,29.2
2026-07-13 13:10:00,300.0,2.0,0.8,1019.1,27.5,29.1
2026-07-13 13:00:00,290.0,2.0,,1019.1,27.5,29.2
2026-07-13 12:50:00,290.0,2.0,0.8,1019.0,27.5,29.2
2026-07-13 12:40:00,290.0,2.0,,1019.0,27.4,29.2
2026-07-13 12:30:00,290.0,3.0,,1019.0,27.3,29.2
2026-07-13 12:20:00,300.0,3.0,0.7,1018.9,27.4,29.1
2026-07-13 12:10:00,300.0,3.0,0.7,1019.0,27.4,29.1
2026-07-13 12:00:00,320.0,3.0,,1019.0,27.3,29.1
2026-07-13 11:50:00,310.0,3.0,0.8,1019.0,27.3,29.1
2026-07-13 11:40:00,310.0,3.0,,1019.0,27.3,29.1
2026-07-13 11:30:00,320.0,3.0,,1018.8,27.3,29.1
2026-07-13 11:20:00,320.0,4.0,0.8,1018.7,27.2,29.1
2026-07-13 11:10:00,320.0,4.0,0.8,1018.6,27.2,29.1
2026-07-13 11:00:00,310.0,4.0,,1018.5,27.1,29.1
2026-07-13 10:50:00,310.0,4.0,0.9,1018.5,27.1,29.2
2026-07-13 10:40:00,310.0,3.0,,1018.4,27.0,29.1
2026-07-13 10:30:00,300.0,4.0,,1018.4,27.1,29.1
2026-07-13 10:20:00,290.0,4.0,0.9,1018.3,27.1,29.2
2026-07-13 10:10:00,290.0,4.0,0.9,1018.2,27.1,29.2
2026-07-13 10:00:00,290.0,4.0,,1018.2,27.1,
2026-07-13 09:50:00,290.0,4.0,0.8,1018.1,27.1,29.2
2026-07-13 09:40:00,290.0,4.0,,1018.1,27.1,29.2
2026-07-13 09:30:00,290.0,4.0,,1018.1,27.1,29.2
2026-07-13 09:20:00,280.0,4.0,1.0,1017.9,27.1,29.2
2026-07-13 09:10:00,280.0,4.0,1.0,1017.8,27.2,29.2
2026-07-13 09:00:00,280.0,3.0,,1017.7,27.2,29.2
2026-07-13 08:50:00,280.0,3.0,0.9,1017.8,27.2,29.2
2026-07-13 08:40:00,290.0,2.0,,1017.7,27.2,
2026-07-13 08:30:00,310.0,1.0,,1017.7,27.2,29.2
2026-07-13 08:20:00,320.0,1.0,0.9,1017.6,27.1,29.2
2026-07-13 08:10:00,320.0,2.0,0.9,1017.6,27.2,29.2
2026-07-13 08:00:00,310.0,1.0,,1017.6,27.1,29.2
2026-07-13 07:50:00,320.0,2.0,0.8,1017.5,27.2,29.2
2026-07-13 07:40:00,300.0,2.0,,1017.6,27.2,29.2
2026-07-13 07:30:00,340.0,1.0,,1017.6,27.1,29.2
2026-07-13 07:20:00,360.0,2.0,0.9,1017.5,27.2,29.2
2026-07-13 07:10:00,360.0,2.0,0.9,1017.4,27.2,29.2
2026-07-13 07:00:00,10.0,3.0,,1017.4,27.2,29.2
2026-07-13 06:50:00,10.0,3.0,1.1,1017.5,27.2,29.2
2026-07-13 06:40:00,10.0,4.0,,1017.3,27.2,29.2
2026-07-13 06:30:00,360.0,4.0,,1017.2,27.2,29.2
2026-07-13 06:20:00,360.0,5.0,1.3,1017.1,27.2,29.2
2026-07-13 06:10:00,350.0,5.0,1.3,1017.1,27.2,29.2
2026-07-13 06:00:00,330.0,5.0,,1017.1,27.1,29.2
2026-07-13 05:50:00,310.0,5.0,1.4,1017.2,27.0,29.2
2026-07-13 05:40:00,300.0,5.0,,1017.3,27.0,29.2
2026-07-13 05:30:00,300.0,6.0,,1017.2,27.1,29.2
2026-07-13 05:20:00,300.0,7.0,1.5,1017.4,27.2,29.2
2026-07-13 05:10:00,290.0,8.0,1.5,1017.6,27.2,29.3
2026-07-13 05:00:00,290.0,8.0,,1017.6,27.3,29.2
2026-07-13 04:50:00,280.0,9.0,1.4,1017.9,27.4,29.3
2026-07-13 04:40:00,270.0,9.0,,1017.8,27.6,29.3
2026-07-13 04:30:00,280.0,10.0,,1017.6,27.7,29.3
2026-07-13 04:20:00,270.0,10.0,1.2,1017.6,27.8,29.3
2026-07-13 04:10:00,280.0,10.0,1.2,1017.7,27.9,29.3
2026-07-13 04:00:00,280.0,11.0,,1018.0,28.0,29.3
2026-07-13 03:50:00,280.0,11.0,1.3,1018.3,28.1,29.3
2026-07-13 03:40:00,280.0,12.0,,1018.7,28.2,29.3
2026-07-13 03:30:00,280.0,12.0,,1018.9,28.2,29.3
2026-07-13 03:20:00,270.0,13.0,1.0,1019.0,28.2,29.3
2026-07-13 03:10:00,270.0,12.0,,1019.0,28.4,29.3
2026-07-13 03:00:00,260.0,11.0,,1019.2,28.4,29.3
2026-07-13 02:50:00,260.0,10.0,0.8,1019.2,28.4,29.3
2026-07-13 02:40:00,260.0,9.0,,1019.2,28.6,29.3
2026-07-13 02:30:00,260.0,8.0,,1019.1,28.3,29.3
2026-07-13 02:20:00,260.0,9.0,0.8,1019.0,28.2,29.4
2026-07-13 02:10:00,260.0,9.0,0.8,1018.9,28.6,29.4
2026-07-13 02:00:00,250.0,8.0,,1018.8,29.3,29.4
2026-07-13 01:50:00,240.0,8.0,0.8,1018.8,29.2,29.4
2026-07-13 01:40:00,230.0,7.0,0.8,1018.4,29.2,29.4
2026-07-13 01:30:00,230.0,7.0,,1018.2,29.0,29.3
2026-07-13 01:20:00,230.0,6.0,0.7,1017.9,29.0,29.3
2026-07-13 01:10:00,220.0,6.0,0.7,1017.6,29.0,29.4
2026-07-13 01:00:00,230.0,7.0,,1017.5,28.9,29.4
2026-07-13 00:50:00,230.0,7.0,0.7,1017.5,28.9,29.4
2026-07-13 00:40:00,230.0,6.0,,1017.5,28.8,29.4
2026-07-13 00:30:00,220.0,6.0,,1017.3,28.8,
2026-07-13 00:20:00,220.0,7.0,0.7,1017.1,28.9,29.5
2026-07-13 00:10:00,220.0,6.0,0.7,1017.0,28.8,29.5
2026-07-13 00:00:00,220.0,6.0,,1017.1,28.9,29.5
2026-07-12 23:50:00,220.0,5.0,0.7,1017.2,28.9,29.5
2026-07-12 23:40:00,220.0,5.0,0.7,1017.0,28.8,29.5
2026-07-12 23:30:00,220.0,5.0,,1017.2,28.8,29.5
2026-07-12 23:20:00,220.0,5.0,0.7,1017.2,28.8,29.4
2026-07-12 23:10:00,220.0,5.0,0.7,1017.4,28.7,29.4
2026-07-12 23:00:00,210.0,5.0,,1017.2,28.7,29.4
2026-07-12 22:50:00,210.0,5.0,0.7,1017.1,28.9,29.5
2026-07-12 22:40:00,220.0,4.0,,1017.4,28.8,29.5
2026-07-12 22:30:00,210.0,3.0,,1017.4,28.8,29.4
2026-07-12 22:20:00,240.0,4.0,0.8,1017.3,28.9,29.5
2026-07-12 22:10:00,240.0,5.0,0.8,1017.3,28.9,29.5
2026-07-12 22:00:00,230.0,5.0,,1017.0,28.9,29.5
2026-07-12 21:50:00,230.0,5.0,0.8,1016.8,28.9,29.5
2026-07-12 21:40:00,230.0,5.0,,1016.9,28.9,29.5
2026-07-12 21:30:00,240.0,5.0,,1017.2,28.9,29.6
2026-07-12 21:20:00,240.0,5.0,0.8,1017.4,28.9,29.6
2026-07-12 21:10:00,230.0,5.0,0.8,1017.6,29.0,29.7
2026-07-12 21:00:00,230.0,6.0,,1017.7,29.0,29.7
2026-07-12 20:50:00,220.0,5.0,0.7,1017.3,29.1,29.7
2026-07-12 20:40:00,210.0,5.0,0.7,1017.1,29.0,29.7
2026-07-12 20:30:00,210.0,5.0,,1017.1,29.1,29.8
2026-07-12 20:20:00,220.0,5.0,0.8,1017.4,29.0,29.9
2026-07-12 20:10:00,210.0,5.0,0.8,1017.2,29.0,29.8
2026-07-12 20:00:00,200.0,5.0,,1017.3,28.9,29.8
2026-07-12 19:50:00,200.0,5.0,0.8,1017.3,28.9,29.8
2026-07-12 19:40:00,210.0,4.0,0.8,1017.5,29.0,29.9
2026-07-12 19:30:00,210.0,4.0,,1017.6,29.0,29.9
2026-07-12 19:20:00,220.0,4.0,0.8,1017.7,29.0,29.8
2026-07-12 19:10:00,210.0,3.0,0.8,1017.8,29.0,29.8
2026-07-12 19:00:00,220.0,3.0,,1017.7,28.9,29.6
2026-07-12 18:50:00,220.0,3.0,0.9,1017.8,28.9,29.5
2026-07-12 18:40:00,220.0,3.0,0.9,1017.9,28.8,29.7
2026-07-12 18:30:00,230.0,3.0,,1018.1,28.8,
2026-07-12 18:20:00,230.0,2.0,0.8,1018.3,28.7,29.7
2026-07-12 18:10:00,230.0,3.0,0.8,1018.5,28.7,29.7
2026-07-12 18:00:00,220.0,3.0,,1018.6,28.6,29.6
2026-07-12 17:50:00,240.0,3.0,1.0,1018.8,28.6,29.5
2026-07-12 17:40:00,250.0,3.0,,1018.8,28.6,29.5
2026-07-12 17:30:00,250.0,3.0,,1018.9,28.5,29.5
2026-07-12 17:20:00,250.0,3.0,1.0,1019.1,28.5,29.5
2026-07-12 17:10:00,260.0,3.0,1.0,1019.1,28.5,29.4
2026-07-12 17:00:00,260.0,3.0,,1019.2,28.5,29.4
2026-07-12 16:50:00,270.0,3.0,1.0,1019.2,28.5,29.4
2026-07-12 16:40:00,270.0,3.0,1.0,1019.4,28.6,29.3
2026-07-12 16:30:00,270.0,3.0,,1019.3,28.5,29.3
2026-07-12 16:20:00,270.0,4.0,1.0,1019.5,28.5,29.3
2026-07-12 16:10:00,280.0,4.0,1.0,1019.5,28.5,29.3
2026-07-12 16:00:00,280.0,4.0,,1019.6,28.5,29.3
2026-07-12 15:50:00,290.0,5.0,1.0,1019.5,28.5,29.3
2026-07-12 15:40:00,290.0,5.0,,1019.6,28.5,29.3
2026-07-12 15:30:00,280.0,4.0,,1019.5,28.5,29.2
2026-07-12 15:20:00,270.0,4.0,1.1,1019.4,28.4,29.2
2026-07-12 15:10:00,280.0,4.0,1.1,1019.3,28.4,29.2
2026-07-12 15:00:00,290.0,5.0,,1019.3,28.4,29.2
2026-07-12 14:50:00,290.0,5.0,1.2,1019.2,28.4,29.2
2026-07-12 14:40:00,290.0,5.0,,1019.2,28.3,29.2
2026-07-12 14:30:00,290.0,6.0,,1019.1,28.4,29.1
2026-07-12 14:20:00,290.0,6.0,1.2,1019.2,28.4,29.1
2026-07-12 14:10:00,290.0,7.0,1.2,1019.2,28.4,29.1
2026-07-12 14:00:00,290.0,7.0,,1019.2,28.4,29.1
2026-07-12 13:50:00,280.0,8.0,1.3,1019.1,28.5,29.1
2026-07-12 13:40:00,280.0,8.0,,1019.1,28.6,29.1
2026-07-12 13:30:00,280.0,7.0,,1019.0,28.7,29.1
2026-07-12 13:20:00,270.0,7.0,1.2,1019.0,28.8,29.0
2026-07-12 13:10:00,270.0,7.0,1.2,1018.9,28.8,29.0
2026-07-12 13:00:00,280.0,8.0,,1019.0,28.8,29.0
2026-07-12 12:50:00,270.0,8.0,1.2,1018.8,28.8,29.0
2026-07-12 12:40:00,280.0,7.0,,1018.8,28.8,29.0
2026-07-12 12:30:00,270.0,8.0,,1018.7,28.7,29.0
2026-07-12 12:20:00,270.0,8.0,1.3,1018.6,28.7,29.0
2026-07-12 12:10:00,270.0,8.0,1.3,1018.6,28.8,29.0
2026-07-12 12:00:00,270.0,8.0,,1018.5,28.8,29.0
2026-07-12 11:50:00,260.0,8.0,1.3,1018.4,28.7,29.0
2026-07-12 11:40:00,260.0,8.0,,1018.3,28.7,29.0
2026-07-12 11:30:00,260.0,9.0,,1018.3,28.6,29.0
2026-07-12 11:20:00,260.0,9.0,1.3,1018.4,28.6,
2026-07-12 11:10:00,250.0,9.0,1.3,1018.2,28.7,29.0
2026-07-12 11:00:00,250.0,9.0,,1018.2,28.7,29.0
2026-07-12 10:50:00,250.0,9.0,1.2,1018.1,28.7,29.0
2026-07-12 10:40:00,250.0,9.0,1.2,1018.1,28.8,29.0
2026-07-12 10:30:00,250.0,9.0,,1018.0,28.7,29.0
2026-07-12 10:20:00,250.0,9.0,1.2,1017.9,28.8,29.0
2026-07-12 10:10:00,250.0,9.0,1.2,1017.9,28.8,29.0
2026-07-12 10:00:00,250.0,9.0,,1017.9,28.8,29.0
2026-07-12 09:50:00,250.0,9.0,1.2,1017.7,28.8,29.0
2026-07-12 09:40:00,250.0,9.0,,1017.8,28.9,29.0
2026-07-12 09:30:00,250.0,9.0,,1017.7,29.0,29.0
2026-07-12 09:20:00,250.0,9.0,1.1,1017.6,28.9,29.1
2026-07-12 09:10:00,250.0,8.0,1.1,1017.5,28.9,29.1
2026-07-12 09:00:00,250.0,8.0,,1017.5,28.8,29.1
2026-07-12 08:50:00,240.0,8.0,0.9,1017.5,28.8,29.1
2026-07-12 08:40:00,240.0,8.0,0.9,1017.5,28.8,29.1
2026-07-12 08:30:00,240.0,9.0,,1017.4,28.8,29.1
2026-07-12 08:20:00,240.0,8.0,0.9,1017.4,28.8,29.1
2026-07-12 08:10:00,230.0,8.0,,1017.3,28.8,29.1
2026-07-12 08:00:00,230.0,8.0,,1017.4,28.8,29.1
2026-07-12 07:50:00,230.0,8.0,0.9,1017.4,28.8,29.1
2026-07-12 07:40:00,230.0,9.0,0.9,1017.4,28.7,29.1
2026-07-12 07:30:00,230.0,8.0,,1017.4,28.7,29.1
2026-07-12 07:20:00,230.0,7.0,0.9,1017.4,28.6,29.1
2026-07-12 07:10:00,230.0,7.0,0.9,1017.5,28.7,29.1
2026-07-12 07:00:00,230.0,7.0,,1017.5,28.6,29.1
2026-07-12 06:50:00,230.0,7.0,0.9,1017.6,28.5,29.1
2026-07-12 06:40:00,230.0,7.0,,1017.6,28.5,29.1
2026-07-12 06:30:00,230.0,7.0,,1017.7,28.4,29.1
2026-07-12 06:20:00,230.0,7.0,1.0,1017.6,28.3,29.1
2026-07-12 06:10:00,240.0,7.0,,1017.6,28.4,29.1
2026-07-12 06:00:00,250.0,7.0,,1017.9,28.5,29.1
2026-07-12 05:50:00,250.0,7.0,0.9,1017.8,28.5,29.1
2026-07-12 05:40:00,250.0,7.0,0.9,1017.9,28.6,29.1
2026-07-12 05:30:00,250.0,7.0,,1018.0,28.7,29.1
2026-07-12 05:20:00,240.0,7.0,1.0,1018.0,28.7,29.1
2026-07-12 05:10:00,240.0,8.0,1.0,1018.0,28.9,29.1
2026-07-12 05:00:00,240.0,8.0,,1018.0,29.1,29.1
2026-07-12 04:50:00,230.0,8.0,1.0,1017.9,29.2,29.1
2026-07-12 04:40:00,230.0,8.0,,1018.0,29.3,29.1
2026-07-12 04:30:00,230.0,9.0,,1018.0,29.0,29.1
2026-07-12 04:20:00,230.0,9.0,0.9,1018.1,29.2,29.1
2026-07-12 04:10:00,230.0,9.0,0.9,1018.3,29.2,29.1
2026-07-12 04:00:00,220.0,8.0,,1018.4,29.1,29.1
2026-07-12 03:50:00,220.0,7.0,0.9,1018.6,29.0,29.1
2026-07-12 03:40:00,210.0,8.0,0.9,1018.7,28.9,29.2
2026-07-12 03:30:00,210.0,8.0,,1018.6,28.9,29.1
2026-07-12 03:20:00,210.0,8.0,0.9,1018.6,28.8,29.1
2026-07-12 03:10:00,210.0,8.0,0.9,1018.6,28.8,29.2
2026-07-12 03:00:00,200.0,8.0,,1018.5,28.7,29.2
2026-07-12 02:50:00,200.0,8.0,0.8,1018.4,28.6,29.2
2026-07-12 02:40:00,190.0,8.0,0.8,1018.3,28.5,29.2
2026-07-12 02:30:00,200.0,7.0,,1018.1,28.5,29.2
2026-07-12 02:20:00,190.0,7.0,0.9,1017.9,28.5,29.2
2026-07-12 02:10:00,190.0,7.0,0.9,1017.8,28.4,29.2
2026-07-12 02:00:00,190.0,7.0,,1017.7,28.4,29.2
2026-07-12 01:50:00,200.0,6.0,0.9,1017.6,28.3,29.2
2026-07-12 01:40:00,200.0,6.0,0.9,1017.5,28.2,29.2
2026-07-12 01:30:00,200.0,5.0,,1017.4,28.1,29.2
2026-07-12 01:20:00,190.0,4.0,1.1,1017.1,27.9,29.2
2026-07-12 01:10:00,200.0,3.0,1.1,1017.3,27.9,29.2
2026-07-12 01:00:00,260.0,2.0,,1017.4,27.8,29.2
2026-07-12 00:50:00,280.0,2.0,1.2,1017.4,27.9,29.2
2026-07-12 00:40:00,310.0,2.0,1.2,1017.4,27.9,29.2
2026-07-12 00:30:00,330.0,3.0,,1017.5,27.9,29.2
2026-07-12 00:20:00,350.0,4.0,1.2,1017.5,27.9,29.2
2026-07-12 00:10:00,350.0,6.0,1.2,1017.4,27.7,29.2
2026-07-12 00:00:00,340.0,7.0,,1017.6,27.5,29.2
2026-07-11 23:50:00,340.0,7.0,1.2,1017.9,27.3,29.2
2026-07-11 23:40:00,340.0,7.0,,1018.2,27.1,29.2
2026-07-11 23:20:00,330.0,10.0,1.1,1018.3,27.0,29.2
2026-07-11 23:10:00,320.0,11.0,1.1,1018.3,26.9,29.2
2026-07-11 23:00:00,310.0,13.0,,1018.3,27.1,29.2
2026-07-11 22:50:00,310.0,15.0,1.0,1018.5,27.4,29.2
2026-07-11 22:40:00,320.0,13.0,1.0,1018.5,27.7,29.2
2026-07-11 22:30:00,300.0,13.0,,1018.2,28.6,29.2
2026-07-11 22:20:00,230.0,8.0,1.1,1017.2,29.7,
2026-07-11 22:10:00,230.0,8.0,1.1,1016.9,29.7,29.3
2026-07-11 22:00:00,230.0,7.0,,1016.6,29.7,29.3
2026-07-11 21:50:00,220.0,7.0,1.1,1016.5,29.6,29.3
2026-07-11 21:40:00,220.0,7.0,,1016.5,29.5,29.3
2026-07-11 21:30:00,220.0,8.0,,1016.5,29.5,29.2
2026-07-11 21:20:00,220.0,8.0,1.1,1016.5,29.4,29.3
2026-07-11 21:10:00,220.0,8.0,,1016.6,29.3,29.3
2026-07-11 21:00:00,220.0,8.0,,1016.8,29.4,29.3
2026-07-11 20:50:00,220.0,8.0,1.2,1016.7,29.4,29.3
2026-07-11 20:40:00,220.0,8.0,,1016.7,29.3,29.3
2026-07-11 20:30:00,220.0,8.0,,1016.9,29.3,29.3
2026-07-11 20:20:00,220.0,8.0,1.1,1016.9,29.3,29.2
2026-07-11 20:10:00,220.0,8.0,1.1,1016.6,29.2,29.2
2026-07-11 20:00:00,220.0,8.0,,1016.5,29.1,29.2
2026-07-11 19:50:00,230.0,8.0,1.2,1016.7,29.2,29.2
2026-07-11 19:40:00,230.0,8.0,,1016.8,29.2,29.2
2026-07-11 19:30:00,220.0,8.0,,1016.9,29.1,29.2
2026-07-11 19:20:00,220.0,8.0,1.2,1017.0,29.1,29.2
2026-07-11 19:10:00,230.0,8.0,1.2,1017.2,29.2,
2026-07-11 19:00:00,230.0,8.0,,1017.2,29.1,29.2
2026-07-11 18:50:00,230.0,8.0,1.2,1017.4,29.1,29.2
2026-07-11 18:40:00,230.0,8.0,,1017.5,29.2,29.2
2026-07-11 18:30:00,230.0,8.0,,1017.6,29.2,29.2
2026-07-11 18:20:00,230.0,8.0,1.3,1017.8,29.3,29.2
2026-07-11 18:10:00,240.0,8.0,1.3,1018.0,29.2,29.2
2026-07-11 18:00:00,240.0,7.0,,1018.3,29.2,
2026-07-11 17:50:00,250.0,8.0,1.3,1018.3,29.2,
2026-07-11 17:40:00,250.0,7.0,1.3,1018.5,29.1,29.2
2026-07-11 17:30:00,250.0,7.0,,1018.7,29.1,29.2
2026-07-11 17:20:00,250.0,8.0,1.3,1018.7,29.1,29.1
2026-07-11 17:10:00,250.0,8.0,,1018.7,29.1,29.1
2026-07-11 17:00:00,250.0,8.0,,1018.8,29.1,29.1
2026-07-11 16:50:00,250.0,8.0,1.4,1018.9,29.1,29.1
2026-07-11 16:40:00,250.0,8.0,,1019.1,29.1,29.1
2026-07-11 16:30:00,250.0,8.0,,1019.2,29.1,29.1
2026-07-11 16:20:00,250.0,9.0,1.4,1019.1,29.1,29.1
2026-07-11 16:10:00,250.0,8.0,1.4,1019.0,29.0,29.1
2026-07-11 16:00:00,250.0,8.0,,1019.1,29.1,29.1
2026-07-11 15:50:00,250.0,8.0,1.4,1019.1,29.1,
2026-07-11 15:40:00,250.0,9.0,,1019.2,29.1,29.1
2026-07-11 15:30:00,250.0,9.0,,1019.4,29.2,29.0
2026-07-11 15:20:00,250.0,9.0,1.4,1019.4,29.2,29.0
2026-07-11 15:10:00,240.0,8.0,1.4,1019.1,29.2,29.0
2026-07-11 15:00:00,240.0,8.0,,1019.0,29.2,29.0
2026-07-11 14:50:00,240.0,9.0,1.4,1019.0,29.3,29.0
2026-07-11 14:40:00,240.0,9.0,,1019.0,29.2,29.0
2026-07-11 14:30:00,240.0,9.0,,1019.0,29.3,29.0
2026-07-11 14:20:00,250.0,9.0,1.4,1019.1,29.3,29.0
2026-07-11 14:10:00,250.0,9.0,1.4,1019.1,29.3,29.0
2026-07-11 14:00:00,250.0,9.0,,1019.2,29.3,29.0
2026-07-11 13:50:00,250.0,9.0,1.4,1019.2,29.3,29.0
2026-07-11 13:40:00,260.0,9.0,,1019.2,29.4,29.0
2026-07-11 13:30:00,260.0,9.0,,1019.3,29.4,29.0
2026-07-11 13:20:00,260.0,8.0,1.5,1019.3,29.3,29.0
2026-07-11 13:10:00,260.0,9.0,1.5,1019.2,29.3,29.0
2026-07-11 13:00:00,250.0,9.0,,1019.2,29.3,29.0
2026-07-11 12:50:00,250.0,8.0,1.6,1019.1,29.3,
2026-07-11 12:40:00,250.0,8.0,,1019.0,29.3,29.0
2026-07-11 12:30:00,250.0,8.0,,1018.8,29.4,28.9
2026-07-11 12:20:00,250.0,8.0,1.5,1018.8,29.4,28.9
2026-07-11 12:10:00,250.0,8.0,1.5,1018.7,29.3,28.9
2026-07-11 12:00:00,240.0,9.0,,1018.5,29.3,28.9
2026-07-11 11:50:00,240.0,9.0,1.6,1018.5,29.3,28.9
2026-07-11 11:40:00,240.0,10.0,,1018.6,29.3,28.9
2026-07-11 11:30:00,240.0,9.0,,1018.4,29.2,28.9
2026-07-11 11:20:00,240.0,9.0,1.5,1018.3,29.1,28.9
2026-07-11 11:10:00,240.0,9.0,1.5,1018.3,29.1,28.9
2026-07-11 11:00:00,230.0,9.0,,1018.0,29.1,28.9
2026-07-11 10:50:00,240.0,9.0,1.5,1018.0,29.1,28.9
2026-07-11 10:40:00,230.0,9.0,,1018.0,29.0,28.9
2026-07-11 10:30:00,230.0,9.0,,1018.0,29.0,28.9
2026-07-11 10:20:00,230.0,10.0,1.5,1017.9,29.0,28.9
2026-07-11 10:10:00,230.0,10.0,1.5,1017.7,29.0,29.0
2026-07-11 10:00:00,230.0,10.0,,1017.7,29.0,29.0
2026-07-11 09:50:00,230.0,10.0,1.5,1017.5,29.0,29.0
2026-07-11 09:40:00,230.0,10.0,,1017.4,29.0,29.0
2026-07-11 09:30:00,230.0,11.0,,1017.4,29.0,29.0
2026-07-11 09:20:00,220.0,10.0,1.4,1017.2,29.0,29.0
2026-07-11 09:10:00,220.0,10.0,1.4,1017.2,29.0,29.0
2026-07-11 09:00:00,230.0,10.0,,1017.1,29.0,29.0
2026-07-11 08:50:00,230.0,10.0,1.2,1017.1,29.1,29.0
2026-07-11 08:40:00,230.0,9.0,,1017.2,29.1,29.0
2026-07-11 08:30:00,230.0,9.0,,1017.3,29.1,29.0
2026-07-11 08:20:00,230.0,8.0,1.2,1017.3,29.2,29.0
2026-07-11 08:10:00,230.0,8.0,1.2,1017.2,29.1,29.0
2026-07-11 08:00:00,230.0,7.0,,1017.2,29.1,29.1
2026-07-11 07:50:00,220.0,8.0,1.2,1017.1,29.0,29.1
2026-07-11 07:40:00,220.0,8.0,,1016.9,29.0,29.1
2026-07-11 07:30:00,220.0,7.0,,1016.9,29.0,29.1
2026-07-11 07:20:00,220.0,8.0,1.2,1017.1,28.9,29.1
2026-07-11 07:10:00,210.0,8.0,1.2,1017.1,28.9,29.1
2026-07-11 07:00:00,210.0,7.0,,1017.3,28.9,29.1
2026-07-11 06:50:00,210.0,8.0,1.2,1017.3,28.9,29.1
2026-07-11 06:40:00,210.0,7.0,,1017.5,28.9,29.1
2026-07-11 06:30:00,210.0,8.0,,1017.6,28.9,29.1
2026-07-11 06:20:00,210.0,8.0,1.2,1017.5,29.0,29.1
2026-07-11 06:10:00,220.0,8.0,,1017.7,29.1,29.1
2026-07-11 06:00:00,220.0,7.0,,1017.7,29.2,29.1
2026-07-11 05:50:00,220.0,7.0,1.2,1017.9,29.2,29.1
2026-07-11 05:40:00,220.0,7.0,,1017.9,29.3,29.1
2026-07-11 05:30:00,220.0,7.0,,1018.1,29.2,29.1
2026-07-11 05:20:00,200.0,6.0,1.2,1018.2,29.0,29.1
2026-07-11 05:10:00,200.0,6.0,1.2,1018.2,28.8,29.1
2026-07-11 05:00:00,220.0,6.0,,1018.2,29.0,29.1
2026-07-11 04:50:00,230.0,4.0,1.2,1018.2,28.8,29.1
2026-07-11 04:40:00,210.0,4.0,,1018.3,28.5,
2026-07-11 04:30:00,220.0,3.0,,1018.5,27.9,29.1
2026-07-11 04:20:00,220.0,3.0,1.2,1018.6,27.4,29.1
2026-07-11 04:10:00,250.0,6.0,1.2,1019.1,27.3,29.1
2026-07-11 04:00:00,260.0,8.0,,1019.3,26.8,29.1
2026-07-11 03:50:00,260.0,7.0,1.3,1019.4,26.6,29.1
2026-07-11 03:40:00,260.0,4.0,,1019.4,24.8,29.2
2026-07-11 03:30:00,280.0,3.0,,1019.7,23.8,29.2
2026-07-11 03:20:00,310.0,6.0,1.5,1020.1,23.7,29.2
2026-07-11 03:10:00,310.0,13.0,,1020.3,23.9,29.2
2026-07-11 03:00:00,300.0,18.0,,1020.5,24.6,29.2
2026-07-11 02:50:00,300.0,15.0,1.1,1019.8,26.6,29.3
2026-07-11 02:40:00,310.0,13.0,,1019.2,27.7,29.3
2026-07-11 02:30:00,300.0,9.0,,1019.5,29.1,29.3
2026-07-11 02:20:00,290.0,6.0,1.2,1019.2,29.5,29.3
2026-07-11 02:10:00,270.0,6.0,1.2,1019.0,29.4,29.3
2026-07-11 02:00:00,230.0,6.0,,1018.5,29.4,29.3
2026-07-11 01:50:00,220.0,6.0,1.1,1018.1,29.3,29.3
2026-07-11 01:40:00,220.0,7.0,,1017.8,29.3,29.3
2026-07-11 01:30:00,220.0,8.0,,1017.8,29.4,29.3
2026-07-11 01:20:00,220.0,8.0,1.1,1017.8,29.4,29.3
2026-07-11 01:10:00,220.0,8.0,1.1,1017.8,29.4,29.3
2026-07-11 01:00:00,220.0,7.0,,1017.6,29.4,29.3
2026-07-11 00:50:00,210.0,8.0,1.0,1017.5,29.4,29.3
2026-07-11 00:40:00,210.0,8.0,1.0,1017.3,29.4,29.3
2026-07-11 00:30:00,210.0,9.0,,1017.2,29.3,29.3
2026-07-11 00:20:00,210.0,8.0,1.0,1017.0,29.3,29.3
2026-07-11 00:10:00,210.0,9.0,1.0,1017.0,29.3,29.3
2026-07-11 00:00:00,210.0,9.0,,1016.9,29.3,29.3
2026-07-10 23:50:00,220.0,8.0,1.0,1016.9,29.4,29.3
2026-07-10 23:40:00,220.0,8.0,,1016.8,29.3,29.3
2026-07-10 23:10:00,230.0,6.0,1.0,1016.7,28.9,29.4
2026-07-10 23:00:00,240.0,5.0,,1016.9,28.7,29.4
2026-07-10 22:50:00,230.0,6.0,1.0,1016.8,28.8,29.4
2026-07-10 22:40:00,230.0,6.0,,1016.8,28.8,29.4
2026-07-10 22:30:00,230.0,5.0,,1016.8,28.7,29.4
2026-07-10 22:20:00,250.0,5.0,1.0,1017.1,28.8,29.4
2026-07-10 22:10:00,250.0,5.0,,1017.0,28.8,29.4
2026-07-10 22:00:00,270.0,4.0,,1017.3,28.9,29.4
2026-07-10 21:50:00,240.0,5.0,1.0,1017.4,29.1,29.4
2026-07-10 21:40:00,260.0,4.0,,1017.7,29.0,29.4
2026-07-10 21:30:00,280.0,5.0,,1018.0,29.0,29.4
2026-07-10 21:20:00,300.0,5.0,1.1,1018.0,28.6,29.4
2026-07-10 21:10:00,290.0,5.0,1.1,1018.1,28.6,29.4
2026-07-10 21:00:00,240.0,7.0,,1018.2,29.5,29.4
2026-07-10 20:50:00,230.0,8.0,1.2,1017.5,29.4,29.4
2026-07-10 20:40:00,230.0,8.0,,1017.5,29.4,29.4
2026-07-10 20:30:00,220.0,9.0,,1017.3,29.4,29.4
2026-07-10 20:20:00,220.0,9.0,1.1,1017.0,29.4,29.4
2026-07-10 20:10:00,210.0,9.0,1.1,1017.2,29.4,29.4
2026-07-10 20:00:00,220.0,9.0,,1017.2,29.3,29.4
2026-07-10 19:50:00,210.0,9.0,1.2,1017.2,29.3,29.4
2026-07-10 19:40:00,210.0,9.0,,1016.9,29.3,29.4
2026-07-10 19:30:00,210.0,9.0,,1017.0,29.3,29.4
2026-07-10 19:20:00,210.0,9.0,1.1,1017.1,29.3,29.3
2026-07-10 19:10:00,210.0,9.0,1.1,1017.3,29.3,29.3
2026-07-10 19:00:00,210.0,8.0,,1017.5,29.3,29.3
2026-07-10 18:50:00,220.0,8.0,1.1,1017.8,29.3,29.3
2026-07-10 18:40:00,220.0,8.0,,1017.9,29.3,29.3
2026-07-10 18:30:00,220.0,8.0,,1018.1,29.3,29.3
2026-07-10 18:20:00,220.0,8.0,1.1,1018.3,29.3,29.3
2026-07-10 18:10:00,220.0,8.0,1.1,1018.4,29.3,29.3
2026-07-10 18:00:00,220.0,8.0,,1018.4,29.3,29.3
2026-07-10 17:50:00,220.0,8.0,1.1,1018.5,29.3,29.3
2026-07-10 17:40:00,220.0,8.0,,1018.6,29.3,29.2
2026-07-10 17:30:00,220.0,8.0,,1018.7,29.3,29.2
2026-07-10 17:20:00,220.0,7.0,1.2,1018.8,29.3,29.2
2026-07-10 17:10:00,230.0,7.0,,1018.8,29.3,29.2
2026-07-10 17:00:00,230.0,7.0,,1018.8,29.2,29.2
2026-07-10 16:50:00,230.0,7.0,1.1,1018.9,29.2,29.2
2026-07-10 16:40:00,240.0,7.0,,1019.0,29.1,29.2
2026-07-10 16:30:00,240.0,7.0,,1019.2,29.1,29.1
2026-07-10 16:20:00,240.0,7.0,1.3,1019.3,29.1,29.1
2026-07-10 16:10:00,240.0,7.0,1.3,1019.3,29.1,29.1
2026-07-10 16:00:00,240.0,7.0,,1019.3,29.1,29.1
2026-07-10 15:50:00,240.0,7.0,1.2,1019.4,29.0,29.1
2026-07-10 15:40:00,250.0,7.0,,1019.2,29.0,29.1
2026-07-10 15:30:00,250.0,7.0,,1019.2,29.0,29.1
2026-07-10 15:20:00,250.0,7.0,1.3,1019.2,28.9,29.1
2026-07-10 15:10:00,260.0,8.0,1.3,1019.2,28.9,29.0
2026-07-10 15:00:00,260.0,7.0,,1019.1,28.9,29.0
2026-07-10 14:50:00,260.0,7.0,1.3,1018.9,29.1,29.0
2026-07-10 14:40:00,260.0,7.0,1.3,1019.0,29.2,29.0
2026-07-10 14:30:00,260.0,7.0,,1019.0,29.2,29.0
2026-07-10 14:20:00,260.0,7.0,1.3,1019.0,29.3,29.0
2026-07-10 14:10:00,250.0,7.0,1.3,1018.9,29.3,29.0
2026-07-10 14:00:00,250.0,6.0,,1018.9,29.4,29.0
2026-07-10 13:50:00,260.0,6.0,1.3,1019.0,29.5,29.0
2026-07-10 13:40:00,260.0,7.0,,1018.8,29.5,29.0
2026-07-10 13:30:00,260.0,7.0,,1018.8,29.4,29.0
2026-07-10 13:20:00,260.0,6.0,1.3,1018.8,29.3,29.0
2026-07-10 13:10:00,260.0,6.0,1.3,1018.8,29.3,29.0
2026-07-10 13:00:00,260.0,6.0,,1018.8,29.3,29.0
2026-07-10 12:50:00,250.0,6.0,1.2,1018.8,29.3,29.0
2026-07-10 12:40:00,250.0,6.0,,1018.7,29.3,29.0
2026-07-10 12:30:00,250.0,6.0,,1018.6,29.0,29.0
2026-07-10 12:20:00,250.0,5.0,1.2,1018.7,28.8,29.0
2026-07-10 12:10:00,250.0,6.0,1.2,1018.6,29.0,29.0
2026-07-10 12:00:00,240.0,6.0,,1018.6,29.0,29.0
2026-07-10 11:50:00,240.0,6.0,1.0,1018.4,29.1,29.0
2026-07-10 11:40:00,230.0,6.0,,1018.3,29.1,29.0
2026-07-10 11:30:00,240.0,6.0,,1018.2,29.0,29.0
2026-07-10 11:20:00,240.0,7.0,1.1,1018.1,29.0,29.0
2026-07-10 11:10:00,240.0,7.0,,1018.0,29.0,29.0
2026-07-10 11:00:00,240.0,7.0,,1017.8,29.0,29.0
2026-07-10 10:50:00,230.0,8.0,1.1,1017.7,29.0,29.0
2026-07-10 10:40:00,230.0,8.0,,1017.7,29.0,29.0
2026-07-10 10:30:00,230.0,8.0,,1017.6,29.0,29.0
2026-07-10 10:20:00,230.0,8.0,1.1,1017.5,29.0,29.1
2026-07-10 10:10:00,230.0,8.0,1.1,1017.3,29.1,29.1
2026-07-10 10:00:00,220.0,7.0,,1017.3,29.2,29.1
2026-07-10 09:50:00,210.0,5.0,1.1,1017.3,28.8,29.1
2026-07-10 09:40:00,220.0,5.0,,1017.3,28.6,29.1
2026-07-10 09:30:00,220.0,4.0,,1017.3,28.0,29.1
2026-07-10 09:20:00,230.0,4.0,1.1,1017.3,27.6,29.1
2026-07-10 09:10:00,220.0,6.0,1.1,1017.3,27.7,29.1
2026-07-10 09:00:00,240.0,6.0,,1017.3,27.3,
2026-07-10 08:50:00,260.0,9.0,1.2,1017.4,27.6,29.1
2026-07-10 08:40:00,240.0,9.0,,1017.6,28.8,29.1
2026-07-10 08:30:00,240.0,8.0,,1017.5,29.0,29.1
2026-07-10 08:20:00,230.0,9.0,1.3,1017.5,29.0,29.1
2026-07-10 08:10:00,230.0,8.0,1.3,1017.4,29.0,29.1
2026-07-10 08:00:00,240.0,8.0,,1017.4,29.1,29.1
2026-07-10 07:50:00,240.0,7.0,1.4,1017.3,29.1,29.1
2026-07-10 07:40:00,240.0,8.0,,1017.3,29.2,29.1
2026-07-10 07:30:00,240.0,8.0,,1017.4,29.2,29.1
2026-07-10 07:20:00,240.0,8.0,1.5,1017.5,29.2,29.1
2026-07-10 07:10:00,240.0,8.0,1.5,1017.4,29.3,29.1
2026-07-10 07:00:00,240.0,9.0,,1017.4,29.4,29.1
2026-07-10 06:50:00,240.0,10.0,1.5,1017.3,29.4,
2026-07-10 06:40:00,240.0,9.0,1.5,1017.3,29.4,29.2
2026-07-10 06:30:00,240.0,9.0,,1017.3,29.4,29.2
2026-07-10 06:20:00,240.0,9.0,1.4,1017.3,29.4,29.2
2026-07-10 06:10:00,250.0,9.0,1.4,1017.1,29.5,29.2
2026-07-10 06:00:00,250.0,9.0,,1017.1,29.5,29.2
2026-07-10 05:50:00,240.0,10.0,1.5,1017.0,29.6,29.2
2026-07-10 05:40:00,240.0,9.0,,1017.0,29.6,29.2
2026-07-10 05:30:00,240.0,10.0,,1017.0,29.7,29.2
2026-07-10 05:20:00,240.0,10.0,1.5,1017.0,29.9,29.2
2026-07-10 05:10:00,240.0,10.0,1.5,1017.0,29.8,29.2
2026-07-10 05:00:00,240.0,9.0,,1017.1,29.3,29.2
2026-07-10 04:50:00,230.0,9.0,1.5,1017.1,29.0,29.2
2026-07-10 04:40:00,240.0,9.0,,1017.2,28.9,29.2
2026-07-10 04:30:00,240.0,9.0,,1017.2,28.6,29.2
2026-07-10 04:20:00,240.0,9.0,1.6,1017.4,28.3,29.2
2026-07-10 04:10:00,240.0,10.0,1.6,1017.3,28.3,29.2
2026-07-10 04:00:00,240.0,10.0,,1017.5,28.3,29.3
2026-07-10 03:50:00,240.0,11.0,1.4,1017.7,28.7,29.3
2026-07-10 03:40:00,240.0,12.0,,1017.7,28.6,29.3
2026-07-10 03:30:00,250.0,11.0,,1017.8,28.3,29.3
2026-07-10 03:20:00,240.0,13.0,1.4,1017.8,29.1,29.3
2026-07-10 03:10:00,220.0,12.0,,1017.6,29.6,29.3
2026-07-10 03:00:00,210.0,11.0,,1017.7,29.6,29.3
2026-07-10 02:50:00,210.0,11.0,1.3,1017.4,29.6,29.3
2026-07-10 02:40:00,210.0,10.0,1.3,1017.2,29.7,29.3
2026-07-10 02:30:00,210.0,10.0,,1017.2,29.7,29.4
2026-07-10 02:20:00,210.0,10.0,1.3,1017.0,29.7,29.4
2026-07-10 02:10:00,210.0,10.0,1.3,1017.0,29.7,29.4
2026-07-10 02:00:00,210.0,10.0,,1017.0,29.7,29.4
2026-07-10 01:50:00,200.0,10.0,1.3,1016.8,29.6,29.4
2026-07-10 01:40:00,200.0,10.0,1.3,1016.6,29.5,29.4
2026-07-10 01:30:00,200.0,10.0,,1016.3,29.5,29.4
2026-07-10 01:20:00,200.0,9.0,1.3,1016.2,29.6,29.4
2026-07-10 01:10:00,210.0,10.0,,1016.3,29.6,29.4
2026-07-10 01:00:00,200.0,10.0,,1016.0,29.6,29.4
2026-07-10 00:50:00,200.0,10.0,1.3,1016.1,29.6,29.4
2026-07-10 00:40:00,200.0,10.0,,1016.1,29.6,29.4
2026-07-10 00:30:00,200.0,10.0,,1016.0,29.6,29.5
2026-07-10 00:20:00,200.0,10.0,1.3,1016.1,29.6,29.5
2026-07-10 00:10:00,200.0,10.0,1.3,1016.0,,29.5
2026-07-10 00:00:00,200.0,10.0,,1016.1,29.6,29.5
2026-07-09 23:50:00,200.0,10.0,1.3,1015.9,29.5,29.5
2026-07-09 23:40:00,200.0,9.0,1.3,1016.0,29.6,29.5
2026-07-09 23:20:00,210.0,10.0,1.2,1015.9,29.5,29.5
2026-07-09 23:10:00,210.0,10.0,,1016.0,29.5,29.5
2026-07-09 23:00:00,210.0,11.0,,1016.1,29.5,29.5
2026-07-09 22:50:00,210.0,10.0,1.3,1016.1,29.5,29.5
2026-07-09 22:40:00,200.0,10.0,,1016.2,29.4,29.5
2026-07-09 22:30:00,210.0,10.0,,1016.2,29.4,29.5
2026-07-09 22:20:00,200.0,10.0,1.2,1016.2,29.3,29.5
2026-07-09 22:10:00,200.0,10.0,1.2,1016.2,29.3,29.5
2026-07-09 22:00:00,200.0,9.0,,1016.2,29.3,29.5
2026-07-09 21:50:00,210.0,10.0,1.2,1016.1,29.2,29.5
2026-07-09 21:40:00,200.0,9.0,1.2,1016.0,29.2,29.5
2026-07-09 21:30:00,200.0,9.0,,1016.0,29.2,29.5
2026-07-09 21:20:00,210.0,9.0,1.2,1015.9,29.2,29.5
2026-07-09 21:10:00,210.0,9.0,,1016.1,29.2,29.5
2026-07-09 21:00:00,210.0,9.0,1.2,1016.1,29.1,29.5
2026-07-09 20:50:00,200.0,9.0,1.2,1016.4,29.2,29.5
2026-07-09 20:40:00,200.0,9.0,1.2,1016.1,29.2,29.5
2026-07-09 20:30:00,200.0,9.0,,1016.1,29.2,29.5
2026-07-09 20:20:00,210.0,8.0,1.1,1016.3,29.2,29.5
2026-07-09 20:10:00,210.0,8.0,1.1,1016.4,29.2,29.5
2026-07-09 20:00:00,210.0,8.0,,1016.5,29.1,29.5
2026-07-09 19:50:00,210.0,8.0,1.1,1016.7,29.2,29.5
2026-07-09 19:40:00,210.0,8.0,,1016.8,29.2,29.5
2026-07-09 19:30:00,210.0,8.0,,1016.9,29.2,29.5
2026-07-09 19:20:00,210.0,8.0,1.1,1017.0,29.2,29.5
2026-07-09 19:10:00,220.0,8.0,1.1,1017.1,29.2,29.4
2026-07-09 19:00:00,210.0,8.0,,1017.2,29.3,
2026-07-09 18:50:00,210.0,8.0,1.1,1017.2,29.3,29.4
2026-07-09 18:40:00,220.0,8.0,,1017.4,29.3,29.4
2026-07-09 18:30:00,220.0,7.0,,1017.5,29.2,29.4
2026-07-09 18:20:00,220.0,7.0,1.1,1017.5,29.3,29.4
2026-07-09 18:10:00,220.0,7.0,1.1,1017.5,29.2,29.4
2026-07-09 18:00:00,230.0,7.0,,1017.6,29.2,29.4
2026-07-09 17:50:00,230.0,7.0,1.2,1017.8,29.2,29.4
2026-07-09 17:40:00,230.0,7.0,,1017.9,29.1,29.4
2026-07-09 17:30:00,230.0,7.0,,1017.9,29.2,29.3
2026-07-09 17:20:00,230.0,7.0,1.1,1018.1,29.2,29.3
2026-07-09 17:10:00,230.0,7.0,1.1,1018.2,29.1,29.3
2026-07-09 17:00:00,240.0,8.0,,1018.3,29.2,29.3
2026-07-09 16:50:00,240.0,8.0,1.1,1018.3,29.2,29.3
2026-07-09 16:40:00,230.0,7.0,1.1,1018.4,29.2,29.3
2026-07-09 16:30:00,240.0,7.0,,1018.4,29.2,29.3
2026-07-09 16:20:00,240.0,7.0,1.2,1018.3,29.2,29.3
2026-07-09 16:10:00,240.0,8.0,1.2,1018.3,29.2,29.2
2026-07-09 16:00:00,240.0,7.0,,1018.4,29.1,29.2
2026-07-09 15:50:00,240.0,7.0,1.2,1018.5,29.1,29.2
2026-07-09 15:40:00,240.0,7.0,,1018.4,29.2,29.2
2026-07-09 15:30:00,240.0,7.0,,1018.5,29.2,29.2
2026-07-09 15:20:00,240.0,7.0,1.3,1018.5,29.2,29.2
2026-07-09 15:10:00,240.0,7.0,1.3,1018.5,29.2,29.2
2026-07-09 15:00:00,240.0,6.0,,1018.4,29.2,29.2
2026-07-09 14:50:00,250.0,7.0,1.3,1018.4,29.2,29.2
2026-07-09 14:40:00,250.0,7.0,1.3,1018.3,29.3,29.2
2026-07-09 14:30:00,250.0,7.0,,1018.3,29.2,29.2
2026-07-09 14:20:00,250.0,7.0,1.3,1018.3,29.3,29.2
2026-07-09 14:10:00,250.0,7.0,1.3,1018.5,29.3,29.1
2026-07-09 14:00:00,250.0,7.0,,1018.5,29.3,29.1
2026-07-09 13:50:00,250.0,7.0,1.4,1018.5,29.3,29.1
2026-07-09 13:40:00,250.0,7.0,,1018.5,29.3,29.1
2026-07-09 13:30:00,250.0,7.0,,1018.5,29.3,29.1
2026-07-09 13:20:00,250.0,7.0,1.4,1018.5,29.3,
2026-07-09 13:10:00,250.0,7.0,1.4,1018.5,29.3,29.1
2026-07-09 13:00:00,250.0,7.0,,1018.5,29.4,29.1
2026-07-09 12:50:00,250.0,7.0,1.5,1018.5,29.4,29.1
2026-07-09 12:40:00,250.0,7.0,,1018.4,29.3,29.1
2026-07-09 12:30:00,250.0,7.0,,1018.3,29.4,29.1
2026-07-09 12:20:00,250.0,7.0,1.4,1018.2,29.4,29.1
2026-07-09 12:10:00,250.0,7.0,1.4,1018.1,29.4,29.1
2026-07-09 12:00:00,250.0,7.0,,1018.0,29.3,29.1
2026-07-09 11:50:00,250.0,7.0,1.4,1018.0,29.3,29.1
2026-07-09 11:40:00,250.0,7.0,1.4,1018.0,29.4,29.1
2026-07-09 11:30:00,250.0,7.0,,1017.9,29.3,29.1
2026-07-09 11:20:00,240.0,7.0,1.3,1017.9,29.2,29.1
2026-07-09 11:10:00,240.0,6.0,1.3,1017.8,29.1,29.1
2026-07-09 11:00:00,240.0,6.0,,1017.8,29.2,29.1
2026-07-09 10:50:00,240.0,7.0,1.5,1017.7,29.2,29.1
2026-07-09 10:40:00,240.0,7.0,1.5,1017.6,29.2,29.1
2026-07-09 10:30:00,240.0,7.0,,1017.5,29.1,29.1
2026-07-09 10:20:00,240.0,8.0,1.4,1017.3,29.1,29.1
2026-07-09 10:10:00,240.0,7.0,1.4,1017.2,29.1,
2026-07-09 10:00:00,240.0,8.0,,1017.1,29.1,29.1
2026-07-09 09:50:00,240.0,8.0,1.5,1017.0,29.1,29.1
2026-07-09 09:40:00,240.0,8.0,,1017.0,29.1,29.1
2026-07-09 09:30:00,230.0,9.0,,1016.7,29.1,29.1
2026-07-09 09:20:00,230.0,9.0,1.6,1016.6,29.1,29.2
2026-07-09 09:10:00,230.0,9.0,1.6,1016.5,29.1,29.2
2026-07-09 09:00:00,230.0,10.0,,1016.4,29.1,29.2
2026-07-09 08:50:00,230.0,10.0,1.7,1016.4,29.1,29.2
2026-07-09 08:40:00,230.0,10.0,,1016.4,29.1,29.2
2026-07-09 08:30:00,230.0,10.0,,1016.4,29.1,29.2
2026-07-09 08:20:00,230.0,10.0,1.6,1016.3,29.1,29.2
2026-07-09 08:10:00,230.0,11.0,1.6,1016.3,29.1,29.2
2026-07-09 08:00:00,230.0,11.0,,1016.2,29.1,29.2
2026-07-09 07:50:00,230.0,11.0,1.6,1016.1,29.2,29.2
2026-07-09 07:40:00,230.0,11.0,,1016.2,29.2,29.2
2026-07-09 07:30:00,230.0,11.0,,1016.2,29.2,29.2
2026-07-09 07:20:00,230.0,11.0,1.5,1016.2,29.2,29.2
2026-07-09 07:10:00,230.0,11.0,1.5,1016.2,29.2,
2026-07-09 07:00:00,230.0,11.0,,1016.0,29.3,29.2
2026-07-09 06:50:00,230.0,11.0,1.7,1016.1,29.3,29.2
2026-07-09 06:40:00,230.0,11.0,,1016.1,29.3,29.2
2026-07-09 06:30:00,230.0,11.0,,1016.2,29.3,29.2
2026-07-09 06:20:00,230.0,11.0,1.5,1016.3,29.3,29.2
2026-07-09 06:10:00,230.0,11.0,1.5,1016.4,29.4,29.2
2026-07-09 06:00:00,220.0,11.0,,1016.5,29.3,29.2
2026-07-09 05:50:00,230.0,11.0,1.4,1016.5,29.3,29.2
2026-07-09 05:40:00,220.0,11.0,,1016.7,29.4,29.2
2026-07-09 05:30:00,220.0,11.0,,1016.7,29.4,29.2
2026-07-09 05:20:00,220.0,11.0,1.3,1016.7,29.3,29.2
2026-07-09 05:10:00,220.0,11.0,,1016.8,29.3,29.2
2026-07-09 05:00:00,220.0,11.0,,1016.8,29.3,29.2
2026-07-09 04:50:00,220.0,11.0,1.2,1016.8,29.3,29.2
2026-07-09 04:40:00,220.0,10.0,,1016.8,29.3,29.2
2026-07-09 04:30:00,220.0,10.0,,1016.8,29.4,29.2
2026-07-09 04:20:00,220.0,10.0,1.2,1016.7,29.4,29.2
2026-07-09 04:10:00,220.0,10.0,1.2,1016.9,29.4,29.2
2026-07-09 04:00:00,220.0,10.0,,1016.9,29.5,29.2
2026-07-09 03:50:00,220.0,10.0,1.1,1016.9,29.4,29.2
2026-07-09 03:40:00,210.0,9.0,,1017.0,29.5,29.2
2026-07-09 03:30:00,210.0,9.0,,1017.0,29.4,29.2
2026-07-09 03:20:00,210.0,8.0,1.2,1017.1,29.4,29.2
2026-07-09 03:10:00,210.0,8.0,1.2,1017.0,29.4,29.2
2026-07-09 03:00:00,210.0,8.0,,1017.0,29.4,29.2
2026-07-09 02:50:00,210.0,9.0,1.2,1017.1,29.3,29.2
2026-07-09 02:40:00,210.0,9.0,,1017.1,29.3,29.2
2026-07-09 02:30:00,210.0,9.0,,1017.0,29.3,29.2
2026-07-09 02:20:00,210.0,9.0,1.2,1016.8,29.3,29.2
2026-07-09 02:10:00,210.0,9.0,1.2,1016.8,29.3,29.2
2026-07-09 02:00:00,210.0,9.0,,1016.6,29.3,29.2
2026-07-09 01:50:00,210.0,9.0,1.2,1016.5,29.2,29.2
2026-07-09 01:40:00,210.0,9.0,,1016.3,29.2,29.2
2026-07-09 01:30:00,210.0,9.0,,1016.3,29.3,29.2
2026-07-09 01:20:00,210.0,9.0,1.1,1016.3,29.3,29.2
2026-07-09 01:10:00,210.0,9.0,1.1,1016.2,29.3,29.2
2026-07-09 01:00:00,210.0,9.0,,1016.2,29.2,29.2
2026-07-09 00:50:00,210.0,9.0,1.1,1016.3,29.2,29.2
2026-07-09 00:40:00,210.0,9.0,1.1,1016.2,29.2,29.2
2026-07-09 00:30:00,210.0,9.0,,1016.2,29.2,29.2
2026-07-09 00:20:00,210.0,9.0,1.1,1016.3,29.2,29.2
2026-07-09 00:10:00,210.0,9.0,1.1,1016.2,29.2,
2026-07-09 00:00:00,210.0,9.0,,1016.3,29.2,29.2
2026-07-08 23:50:00,210.0,8.0,1.0,1016.4,29.2,29.2
2026-07-08 23:40:00,210.0,8.0,,1016.5,29.2,29.2
2026-07-08 23:30:00,210.0,8.0,,1016.4,29.2,29.3
2026-07-08 23:20:00,210.0,8.0,1.1,1016.6,29.2,29.3
2026-07-08 23:10:00,210.0,8.0,1.1,1016.6,29.2,
2026-07-08 23:00:00,210.0,8.0,,1016.5,29.1,29.3
2026-07-08 22:50:00,210.0,8.0,1.2,1016.6,29.1,29.3
2026-07-08 22:40:00,210.0,9.0,,1016.5,29.1,29.3
2026-07-08 22:30:00,210.0,9.0,,1016.4,29.1,29.3
2026-07-08 22:20:00,210.0,9.0,1.1,1016.6,29.1,29.3
2026-07-08 22:10:00,210.0,9.0,1.1,1016.5,29.1,29.3
2026-07-08 22:00:00,210.0,9.0,,1016.5,29.2,29.3
2026-07-08 21:50:00,210.0,9.0,1.1,1016.8,29.2,29.3
2026-07-08 21:40:00,210.0,9.0,,1016.6,29.1,29.3
2026-07-08 21:30:00,210.0,10.0,,1016.6,29.1,29.3
2026-07-08 21:20:00,210.0,9.0,0.9,1016.5,29.2,29.3
2026-07-08 21:10:00,210.0,10.0,0.9,1016.5,29.2,29.3
2026-07-08 21:00:00,220.0,9.0,,1016.8,29.1,29.3
2026-07-08 20:50:00,220.0,9.0,1.0,1017.0,29.1,29.3
2026-07-08 20:40:00,210.0,9.0,,1016.8,29.1,29.2
2026-07-08 20:30:00,210.0,8.0,,1016.6,29.0,29.2
2026-07-08 20:20:00,210.0,8.0,0.9,1016.8,29.0,29.3
2026-07-08 20:10:00,210.0,9.0,0.9,1017.0,29.0,29.2
2026-07-08 20:00:00,210.0,8.0,,1017.1,29.0,29.2
2026-07-08 19:50:00,210.0,9.0,0.9,1017.3,29.0,29.2
2026-07-08 19:40:00,220.0,9.0,,1017.3,29.0,29.2
2026-07-08 19:30:00,220.0,8.0,,1017.3,29.0,29.2
2026-07-08 19:20:00,210.0,8.0,1.0,1017.3,28.9,29.2
2026-07-08 19:10:00,210.0,9.0,,1017.2,28.9,29.2
2026-07-08 19:00:00,210.0,8.0,,1017.4,29.0,29.2
2026-07-08 18:50:00,220.0,8.0,1.0,1017.7,28.9,29.2
2026-07-08 18:40:00,220.0,8.0,,1017.9,29.0,29.2
2026-07-08 18:30:00,220.0,8.0,,1018.0,29.0,29.2
2026-07-08 18:20:00,220.0,8.0,1.0,1018.2,29.0,29.2
2026-07-08 18:10:00,220.0,8.0,1.0,1018.3,29.0,29.2
2026-07-08 18:00:00,220.0,8.0,,1018.4,29.1,
2026-07-08 17:50:00,220.0,8.0,1.0,1018.5,29.0,29.2
2026-07-08 17:40:00,220.0,8.0,1.0,1018.6,29.0,29.2
2026-07-08 17:30:00,220.0,8.0,,1018.5,29.0,29.2
2026-07-08 17:20:00,220.0,8.0,1.1,1018.5,29.0,29.2
2026-07-08 17:10:00,220.0,7.0,1.1,1018.6,29.0,29.1
2026-07-08 17:00:00,230.0,7.0,,1018.6,29.1,29.1
2026-07-08 16:50:00,230.0,7.0,1.1,1018.6,29.0,29.1
2026-07-08 16:40:00,230.0,7.0,,1018.7,29.0,29.1
2026-07-08 16:30:00,230.0,7.0,,1018.7,29.0,29.1
2026-07-08 16:20:00,230.0,6.0,1.2,1018.9,29.1,29.1
2026-07-08 16:10:00,230.0,6.0,1.2,1019.0,29.1,29.1
2026-07-08 16:00:00,230.0,6.0,,1019.2,29.1,29.1
2026-07-08 15:50:00,240.0,7.0,1.2,1019.2,29.0,29.1
2026-07-08 15:40:00,240.0,7.0,,1019.1,29.0,29.0
2026-07-08 15:30:00,240.0,7.0,,1019.1,29.0,29.0
2026-07-08 15:20:00,240.0,7.0,1.2,1019.0,29.0,29.0
2026-07-08 15:10:00,240.0,7.0,1.2,1019.0,29.0,29.0
2026-07-08 15:00:00,240.0,7.0,,1018.8,29.0,29.0
2026-07-08 14:50:00,240.0,7.0,1.2,1018.8,29.0,29.0
2026-07-08 14:40:00,240.0,7.0,1.2,1018.8,29.0,29.0
2026-07-08 14:30:00,250.0,7.0,,1018.7,28.9,29.0
2026-07-08 14:20:00,250.0,7.0,1.3,1018.8,28.9,29.0
2026-07-08 14:10:00,250.0,7.0,1.3,1018.7,29.0,29.0
2026-07-08 14:00:00,240.0,8.0,,1018.6,29.0,29.0
2026-07-08 13:50:00,250.0,8.0,1.3,1018.5,28.9,29.0
2026-07-08 13:40:00,250.0,8.0,,1018.5,28.9,29.0
2026-07-08 13:30:00,250.0,8.0,,1018.5,29.0,29.0
2026-07-08 13:20:00,250.0,8.0,1.3,1018.4,29.0,29.0
2026-07-08 13:10:00,240.0,8.0,1.3,1018.3,28.9,29.0
2026-07-08 13:00:00,240.0,8.0,,1018.4,28.9,29.0
2026-07-08 12:50:00,250.0,8.0,1.3,1018.3,29.0,28.9
2026-07-08 12:40:00,250.0,8.0,,1018.1,29.1,28.9
2026-07-08 12:30:00,250.0,8.0,,1018.0,29.1,28.9
2026-07-08 12:20:00,240.0,8.0,1.2,1017.9,29.2,28.9
2026-07-08 12:10:00,250.0,8.0,,1018.0,29.1,28.9
2026-07-08 12:00:00,240.0,8.0,,1018.0,29.1,28.9
2026-07-08 11:50:00,240.0,7.0,1.2,1017.9,29.1,29.0
2026-07-08 11:40:00,240.0,7.0,1.2,1017.8,29.1,29.0
2026-07-08 11:30:00,240.0,7.0,,1017.9,29.1,29.0
2026-07-08 11:20:00,240.0,7.0,1.3,1017.9,29.1,
2026-07-08 11:10:00,240.0,7.0,1.3,1017.7,29.1,29.0
2026-07-08 11:00:00,240.0,7.0,,1017.7,29.1,29.0
2026-07-08 10:50:00,240.0,8.0,1.4,1017.6,29.0,29.0
2026-07-08 10:40:00,240.0,7.0,,1017.5,29.1,29.0
2026-07-08 10:30:00,240.0,7.0,,1017.6,29.2,29.0
2026-07-08 10:20:00,240.0,7.0,1.3,1017.6,29.1,29.0
2026-07-08 10:10:00,240.0,8.0,1.3,1017.4,29.0,29.0
2026-07-08 10:00:00,230.0,8.0,,1017.3,28.9,29.0
2026-07-08 09:50:00,230.0,8.0,1.4,1017.3,28.9,29.0
2026-07-08 09:40:00,230.0,8.0,,1017.2,28.9,29.0
2026-07-08 09:30:00,230.0,8.0,,1017.2,28.9,29.0
2026-07-08 09:20:00,230.0,9.0,1.5,1017.2,28.9,29.0
2026-07-08 09:10:00,230.0,9.0,,1017.1,28.9,29.0
2026-07-08 09:00:00,230.0,8.0,,1017.2,28.9,29.0
2026-07-08 08:50:00,230.0,8.0,1.4,1017.3,28.9,29.0
2026-07-08 08:40:00,230.0,8.0,,1017.2,28.9,29.0
2026-07-08 08:30:00,230.0,9.0,,1017.1,28.9,29.0
2026-07-08 08:20:00,230.0,9.0,1.4,1017.1,28.9,29.0
2026-07-08 08:10:00,230.0,9.0,1.4,1017.1,28.9,29.0
2026-07-08 08:00:00,230.0,9.0,,1017.0,28.9,29.0
2026-07-08 07:50:00,230.0,9.0,1.5,1017.2,28.9,29.0
2026-07-08 07:40:00,230.0,9.0,,1017.0,28.9,29.0
2026-07-08 07:30:00,230.0,9.0,,1017.0,28.9,29.0
2026-07-08 07:20:00,230.0,9.0,1.5,1017.1,28.9,29.0
2026-07-08 07:10:00,230.0,9.0,,1016.9,28.9,29.0
2026-07-08 07:00:00,230.0,9.0,,1016.9,28.8,
2026-07-08 06:50:00,220.0,9.0,1.4,1016.9,,29.0
2026-07-08 06:40:00,230.0,10.0,1.4,1016.9,28.9,
2026-07-08 06:30:00,220.0,10.0,,1016.9,28.9,
2026-07-08 06:20:00,220.0,9.0,1.5,1016.9,28.9,29.0
2026-07-08 06:10:00,220.0,9.0,1.5,1017.0,28.9,29.0
2026-07-08 06:00:00,220.0,10.0,,1017.0,29.0,
2026-07-08 05:50:00,220.0,10.0,1.4,1017.0,29.0,29.0
2026-07-08 05:40:00,220.0,11.0,,1016.9,29.0,29.0
2026-07-08 05:30:00,220.0,10.0,,1017.0,29.1,29.0
2026-07-08 05:20:00,220.0,11.0,1.3,1017.0,29.1,29.0
2026-07-08 05:10:00,210.0,10.0,1.3,1017.1,29.1,
2026-07-08 05:00:00,210.0,10.0,,1017.1,29.1,29.0
2026-07-08 04:50:00,210.0,10.0,1.2,1017.2,29.1,29.1
2026-07-08 04:40:00,210.0,10.0,,1017.1,29.1,29.1
2026-07-08 04:30:00,210.0,9.0,,1017.2,29.2,29.1
2026-07-08 04:20:00,210.0,10.0,1.3,1017.4,29.2,29.1
2026-07-08 04:10:00,210.0,10.0,1.3,1017.4,29.1,29.1
2026-07-08 04:00:00,210.0,10.0,,1017.6,29.2,29.1
2026-07-08 03:50:00,210.0,9.0,1.4,1017.6,29.1,29.1
2026-07-08 03:40:00,210.0,10.0,,1017.7,29.2,29.1
2026-07-08 03:30:00,210.0,10.0,,1017.7,29.2,29.1
2026-07-08 03:20:00,210.0,10.0,1.2,1017.6,29.2,29.1
2026-07-08 03:10:00,210.0,10.0,,1017.8,29.2,29.1
2026-07-08 03:00:00,210.0,9.0,,1017.8,29.2,29.1
2026-07-08 02:50:00,210.0,9.0,1.2,1017.7,29.1,29.1
2026-07-08 02:40:00,210.0,9.0,1.2,1017.7,29.2,29.1
2026-07-08 02:30:00,210.0,10.0,,1017.6,29.1,29.1
2026-07-08 02:20:00,210.0,9.0,1.2,1017.5,29.2,29.1
2026-07-08 02:10:00,210.0,9.0,1.2,1017.3,29.2,29.1
2026-07-08 02:00:00,210.0,9.0,,1017.2,29.1,29.1
2026-07-08 01:50:00,210.0,9.0,1.2,1017.0,29.1,29.1
2026-07-08 01:40:00,210.0,9.0,,1016.9,29.0,29.2
2026-07-08 01:30:00,200.0,9.0,,1016.8,29.0,29.2
2026-07-08 01:20:00,200.0,9.0,1.1,1016.8,29.0,29.2
2026-07-08 01:10:00,200.0,9.0,1.1,1016.7,29.0,29.2
2026-07-08 01:00:00,200.0,9.0,,1016.4,29.1,29.2
2026-07-08 00:50:00,200.0,9.0,1.1,1016.4,29.0,29.2
2026-07-08 00:40:00,200.0,9.0,,1016.4,29.1,29.2
2026-07-08 00:30:00,210.0,9.0,,1016.4,29.0,29.2
2026-07-08 00:20:00,200.0,9.0,1.1,1016.3,28.9,29.2
2026-07-08 00:10:00,200.0,10.0,,1016.4,28.8,29.2
2026-07-08 00:00:00,200.0,10.0,,1016.4,28.8,29.2
2026-07-07 23:50:00,200.0,10.0,1.1,1016.3,28.9,29.2
2026-07-07 23:40:00,200.0,10.0,,1016.1,28.9,29.2
2026-07-07 23:10:00,200.0,10.0,1.0,1016.1,28.7,29.2
2026-07-07 23:00:00,200.0,9.0,,1016.2,28.8,29.2
2026-07-07 22:40:00,200.0,9.0,,1016.3,28.8,29.2
2026-07-07 22:30:00,200.0,8.0,,1016.2,28.8,29.2
2026-07-07 22:20:00,200.0,8.0,1.0,1016.5,28.8,29.2
2026-07-07 22:10:00,210.0,9.0,1.0,1016.5,28.8,29.2
2026-07-07 22:00:00,210.0,8.0,,1016.7,28.8,29.2
2026-07-07 21:50:00,210.0,8.0,1.0,1016.7,28.9,29.2
2026-07-07 21:40:00,210.0,8.0,1.0,1016.8,28.8,29.2
2026-07-07 21:30:00,200.0,8.0,,1016.7,28.9,29.2
2026-07-07 21:20:00,200.0,8.0,1.0,1016.8,28.9,29.2
2026-07-07 21:10:00,200.0,8.0,,1016.8,28.9,29.2
2026-07-07 21:00:00,200.0,8.0,,1017.0,28.9,29.2
2026-07-07 20:50:00,210.0,7.0,1.1,1017.3,29.0,29.2
2026-07-07 20:40:00,210.0,8.0,,1017.1,28.9,29.2
2026-07-07 20:30:00,210.0,8.0,,1017.1,29.0,29.2
2026-07-07 20:20:00,210.0,8.0,1.0,1016.8,28.9,
2026-07-07 20:10:00,200.0,9.0,1.0,1016.4,28.8,29.2
2026-07-07 20:00:00,200.0,9.0,,1016.3,28.8,29.2
2026-07-07 19:50:00,210.0,8.0,1.0,1016.7,28.8,29.2
2026-07-07 19:40:00,210.0,8.0,,1016.9,28.8,29.1
2026-07-07 19:30:00,210.0,8.0,,1017.2,28.9,29.1
2026-07-07 19:20:00,220.0,8.0,1.0,1017.3,28.8,
2026-07-07 19:10:00,210.0,8.0,1.0,1017.2,28.8,29.2
2026-07-07 19:00:00,210.0,8.0,,1017.1,28.8,29.1
2026-07-07 18:50:00,210.0,8.0,1.0,1016.9,28.7,29.1
2026-07-07 18:40:00,210.0,8.0,,1016.9,28.7,29.2
2026-07-07 18:30:00,220.0,8.0,,1017.1,28.8,29.1
2026-07-07 18:20:00,210.0,8.0,1.0,1017.2,28.8,29.2
2026-07-07 18:10:00,220.0,8.0,,1017.4,28.8,29.1
2026-07-07 18:00:00,220.0,8.0,,1017.6,28.8,29.1
2026-07-07 17:50:00,220.0,8.0,1.1,1017.7,28.9,29.1
2026-07-07 17:40:00,220.0,7.0,,1017.9,28.8,29.1
2026-07-07 17:30:00,220.0,7.0,,1018.0,28.9,29.1
2026-07-07 17:20:00,220.0,7.0,1.1,1018.0,28.8,29.1
2026-07-07 17:10:00,220.0,7.0,1.1,1018.0,28.8,29.1
2026-07-07 17:00:00,220.0,6.0,,1018.2,28.8,29.0
2026-07-07 16:50:00,220.0,6.0,1.1,1018.2,28.8,29.0
2026-07-07 16:40:00,230.0,7.0,,1018.3,28.8,29.0
2026-07-07 16:30:00,230.0,7.0,,1018.4,28.8,29.0
2026-07-07 16:20:00,220.0,7.0,1.1,1018.3,28.8,29.0
2026-07-07 16:10:00,230.0,7.0,1.1,1018.4,28.8,29.0
2026-07-07 16:00:00,230.0,6.0,,1018.5,28.8,29.0
2026-07-07 15:50:00,230.0,7.0,1.1,1018.5,28.8,29.0
2026-07-07 15:40:00,230.0,7.0,,1018.8,28.9,29.0
2026-07-07 15:30:00,240.0,6.0,,1018.8,28.9,29.0
2026-07-07 15:20:00,240.0,7.0,1.1,1018.9,28.9,29.0
2026-07-07 15:10:00,240.0,7.0,1.1,1018.8,28.9,28.9
2026-07-07 15:00:00,240.0,7.0,,1018.8,28.9,28.9
2026-07-07 14:50:00,240.0,7.0,1.2,1018.6,28.8,28.9
2026-07-07 14:40:00,240.0,7.0,,1018.6,28.8,28.9
2026-07-07 14:30:00,240.0,7.0,,1018.5,28.8,28.9
2026-07-07 14:20:00,240.0,7.0,1.3,1018.6,28.8,28.9
2026-07-07 14:10:00,240.0,7.0,1.3,1018.6,28.8,28.9
2026-07-07 14:00:00,240.0,7.0,,1018.6,28.9,28.9
2026-07-07 13:50:00,240.0,7.0,1.3,1018.5,28.9,28.9
2026-07-07 13:40:00,250.0,7.0,,1018.4,28.9,28.9
2026-07-07 13:30:00,250.0,7.0,,1018.4,29.0,28.9
2026-07-07 13:20:00,240.0,7.0,1.3,1018.3,28.9,28.9
2026-07-07 13:10:00,250.0,7.0,,1018.3,29.0,28.9
2026-07-07 13:00:00,250.0,8.0,,1018.2,28.9,28.9
2026-07-07 12:50:00,250.0,8.0,1.3,1017.9,29.0,28.9
2026-07-07 12:40:00,250.0,7.0,,1017.9,29.1,28.9
2026-07-07 12:30:00,250.0,8.0,,1017.8,29.1,28.9
2026-07-07 12:20:00,250.0,8.0,1.3,1017.7,29.0,28.9
2026-07-07 12:10:00,250.0,7.0,1.3,1017.7,29.0,28.9
2026-07-07 12:00:00,250.0,7.0,,1017.7,29.0,28.9
2026-07-07 11:50:00,250.0,8.0,1.5,1017.6,28.8,28.9
2026-07-07 11:40:00,240.0,7.0,,1017.6,28.8,28.9
2026-07-07 11:30:00,240.0,8.0,,1017.6,28.7,28.9
2026-07-07 11:20:00,240.0,8.0,1.4,1017.4,28.8,28.9
2026-07-07 11:10:00,230.0,8.0,1.4,1017.3,28.7,28.9
2026-07-07 11:00:00,230.0,8.0,,1017.3,28.7,28.9
2026-07-07 10:50:00,240.0,7.0,1.4,1017.3,28.6,28.9
2026-07-07 10:40:00,240.0,7.0,,1017.2,28.7,28.9
2026-07-07 10:30:00,240.0,8.0,,1017.1,28.7,28.9
2026-07-07 10:20:00,230.0,8.0,1.6,1017.1,28.7,28.9
2026-07-07 10:10:00,230.0,9.0,,1017.0,28.7,28.9
2026-07-07 10:00:00,230.0,9.0,,1016.8,28.7,28.9
2026-07-07 09:50:00,230.0,9.0,1.7,1016.6,28.7,28.9
2026-07-07 09:40:00,230.0,9.0,1.7,1016.5,28.6,28.9
2026-07-07 09:30:00,230.0,9.0,,1016.5,28.6,28.9
2026-07-07 09:20:00,230.0,9.0,1.7,1016.3,28.6,28.9
2026-07-07 09:10:00,230.0,9.0,1.7,1016.3,28.6,28.9
2026-07-07 09:00:00,220.0,9.0,,1016.1,28.6,28.9
2026-07-07 08:50:00,220.0,9.0,1.5,1015.9,28.6,28.8
2026-07-07 08:40:00,220.0,9.0,,1015.7,28.7,28.8
2026-07-07 08:30:00,230.0,9.0,,1015.9,28.7,28.8
2026-07-07 08:20:00,230.0,9.0,1.5,1015.9,28.7,28.8
2026-07-07 08:10:00,230.0,10.0,1.5,1015.9,28.7,28.8
2026-07-07 08:00:00,220.0,9.0,,1015.9,28.8,28.8
2026-07-07 07:50:00,220.0,10.0,1.6,1015.8,28.8,28.8
2026-07-07 07:40:00,220.0,10.0,,1015.8,28.8,28.8
2026-07-07 07:30:00,220.0,9.0,,1015.9,28.8,28.9
2026-07-07 07:20:00,220.0,9.0,1.6,1016.0,28.8,28.9
2026-07-07 07:10:00,210.0,9.0,1.6,1016.0,28.8,28.9
2026-07-07 07:00:00,220.0,9.0,,1016.1,28.8,28.9
2026-07-07 06:50:00,220.0,9.0,1.3,1016.0,28.8,28.9
2026-07-07 06:40:00,220.0,9.0,,1016.0,28.8,28.9
2026-07-07 06:30:00,220.0,10.0,,1016.1,28.7,28.9
2026-07-07 06:20:00,220.0,10.0,1.4,1016.1,28.7,28.9
2026-07-07 06:10:00,220.0,10.0,1.4,1016.1,28.7,28.9
2026-07-07 06:00:00,220.0,10.0,,1016.3,28.8,28.9
2026-07-07 05:50:00,210.0,9.0,1.3,1016.5,29.0,28.9
2026-07-07 05:40:00,210.0,9.0,,1016.6,29.0,28.9
2026-07-07 05:30:00,210.0,8.0,,1016.7,29.1,28.9
2026-07-07 05:20:00,200.0,8.0,1.5,1016.7,29.1,28.9
2026-07-07 05:10:00,200.0,9.0,1.5,1016.8,29.1,28.9
2026-07-07 05:00:00,210.0,9.0,,1016.9,29.1,28.9
2026-07-07 04:50:00,210.0,10.0,1.5,1016.8,29.2,28.9
2026-07-07 04:40:00,200.0,10.0,,1016.8,29.2,28.9
2026-07-07 04:30:00,200.0,10.0,,1016.7,29.2,28.9
2026-07-07 04:20:00,200.0,10.0,1.3,1016.7,29.2,28.9
2026-07-07 04:10:00,200.0,9.0,1.3,1016.5,29.2,28.9
2026-07-07 04:00:00,200.0,9.0,,1016.5,29.2,28.9
2026-07-07 03:50:00,200.0,10.0,1.4,1016.5,29.3,28.9
2026-07-07 03:40:00,200.0,10.0,,1016.5,29.3,28.9
2026-07-07 03:30:00,200.0,10.0,,1016.5,29.3,28.9
2026-07-07 03:20:00,200.0,10.0,1.3,1016.5,29.3,28.9
2026-07-07 03:10:00,200.0,11.0,1.3,1016.7,29.3,28.9
2026-07-07 03:00:00,200.0,10.0,,1016.6,29.3,28.9
2026-07-07 02:50:00,200.0,10.0,1.4,1016.6,29.3,29.0
2026-07-07 02:40:00,200.0,10.0,,1016.6,29.3,29.0
2026-07-07 02:30:00,200.0,10.0,,1016.6,29.3,29.0
2026-07-07 02:20:00,190.0,10.0,1.3,1016.6,29.3,29.0
2026-07-07 02:10:00,200.0,9.0,1.3,1016.5,29.3,29.0
2026-07-07 02:00:00,200.0,10.0,,1016.5,29.3,29.0
2026-07-07 01:50:00,200.0,10.0,1.2,1016.4,29.3,29.0
2026-07-07 01:40:00,200.0,10.0,,1016.2,29.3,29.0
2026-07-07 01:30:00,190.0,11.0,,1016.0,29.3,29.0
2026-07-07 01:20:00,190.0,11.0,1.1,1016.0,29.3,29.0
2026-07-07 01:10:00,190.0,10.0,1.1,1016.3,29.4,29.0
2026-07-07 01:00:00,190.0,11.0,,1016.4,29.3,29.0
2026-07-07 00:50:00,190.0,10.0,1.1,1016.2,29.3,29.0
2026-07-07 00:40:00,190.0,10.0,1.1,1015.8,29.3,29.0
2026-07-07 00:30:00,190.0,10.0,,1015.9,29.2,29.0
2026-07-07 00:20:00,190.0,10.0,1.1,1016.1,29.2,29.0
2026-07-07 00:10:00,190.0,10.0,1.1,1015.8,29.3,29.1
2026-07-07 00:00:00,190.0,10.0,,1016.0,29.2,29.1
2026-07-06 23:50:00,190.0,9.0,1.0,1016.1,29.2,29.1
2026-07-06 23:40:00,190.0,10.0,1.0,1016.0,29.2,29.1
2026-07-06 23:30:00,190.0,10.0,,1015.7,29.1,29.1
2026-07-06 23:20:00,190.0,9.0,1.0,1015.5,29.1,29.1
2026-07-06 23:10:00,190.0,9.0,1.0,1015.2,29.1,29.1
2026-07-06 23:00:00,190.0,9.0,,1015.2,29.1,29.1
2026-07-06 22:50:00,190.0,9.0,1.1,1015.2,29.1,29.1
2026-07-06 22:40:00,190.0,9.0,,1014.8,29.1,29.1
2026-07-06 22:30:00,190.0,9.0,,1014.9,29.1,29.1
2026-07-06 22:20:00,190.0,9.0,1.1,1015.2,29.1,29.1
2026-07-06 22:10:00,200.0,9.0,1.1,1015.2,29.0,29.1
2026-07-06 22:00:00,200.0,9.0,,1015.4,29.0,29.1
2026-07-06 21:50:00,200.0,8.0,1.0,1015.5,28.9,29.1
2026-07-06 21:40:00,200.0,8.0,,1015.3,28.9,29.1
2026-07-06 21:30:00,190.0,8.0,,1015.3,28.9,29.2
2026-07-06 21:20:00,200.0,8.0,1.1,1015.2,28.8,29.1
2026-07-06 21:10:00,200.0,7.0,1.1,1015.4,28.8,29.2
2026-07-06 21:00:00,200.0,8.0,,1015.4,28.8,29.2
2026-07-06 20:50:00,200.0,8.0,1.1,1015.2,28.8,
2026-07-06 20:40:00,200.0,7.0,,1015.0,28.7,29.2
2026-07-06 20:30:00,200.0,7.0,,1015.2,28.8,29.2
2026-07-06 20:20:00,200.0,8.0,1.1,1015.3,28.7,29.2
2026-07-06 20:10:00,200.0,7.0,1.1,1015.3,28.8,29.1
2026-07-06 20:00:00,210.0,7.0,,1015.3,28.9,
2026-07-06 19:50:00,210.0,7.0,1.1,1015.4,28.9,29.1
2026-07-06 19:40:00,220.0,8.0,,1015.5,28.9,29.1
2026-07-06 19:30:00,210.0,7.0,,1015.6,28.8,29.0
2026-07-06 19:20:00,210.0,7.0,1.1,1015.6,29.0,
2026-07-06 19:10:00,220.0,7.0,1.1,1015.8,28.9,29.0
2026-07-06 19:00:00,220.0,7.0,,1015.8,28.9,
2026-07-06 18:50:00,210.0,7.0,1.1,1015.9,28.9,29.0
2026-07-06 18:40:00,220.0,7.0,,1016.1,28.9,29.0
2026-07-06 18:30:00,220.0,7.0,,1016.1,28.9,29.0
2026-07-06 18:20:00,230.0,7.0,1.1,1016.2,29.0,29.0
2026-07-06 18:10:00,230.0,7.0,1.1,1016.2,28.9,29.0
2026-07-06 18:00:00,230.0,7.0,,1016.3,29.0,28.9
2026-07-06 17:50:00,230.0,8.0,1.1,1016.4,28.9,28.9
2026-07-06 17:40:00,230.0,7.0,,1016.5,28.9,28.9
2026-07-06 17:30:00,230.0,7.0,,1016.6,28.9,28.9
2026-07-06 17:20:00,230.0,7.0,1.1,1016.6,28.9,28.9
2026-07-06 17:10:00,230.0,7.0,1.1,1016.8,28.8,28.9
2026-07-06 17:00:00,230.0,7.0,,1016.8,28.9,28.8
2026-07-06 16:50:00,230.0,7.0,1.2,1016.8,28.9,28.8
2026-07-06 16:40:00,240.0,7.0,,1016.9,28.8,28.8
2026-07-06 16:30:00,230.0,6.0,,1017.0,28.9,28.8
2026-07-06 16:20:00,240.0,7.0,1.3,1017.1,28.9,28.8
2026-07-06 16:10:00,240.0,7.0,,1017.2,28.9,28.8
2026-07-06 16:00:00,240.0,7.0,,1017.2,28.8,28.8
2026-07-06 15:50:00,240.0,7.0,1.4,1017.3,28.9,28.8
2026-07-06 15:40:00,240.0,7.0,,1017.4,28.9,28.7
2026-07-06 15:30:00,240.0,7.0,,1017.4,28.8,28.7
2026-07-06 15:20:00,240.0,7.0,1.3,1017.5,28.9,28.7
2026-07-06 15:10:00,240.0,7.0,1.3,1017.4,28.9,28.7
2026-07-06 15:00:00,240.0,8.0,,1017.4,28.9,28.7
2026-07-06 14:50:00,240.0,7.0,1.3,1017.5,28.9,28.7
2026-07-06 14:40:00,240.0,7.0,,1017.5,28.9,28.7
2026-07-06 14:30:00,240.0,7.0,,1017.4,28.9,28.7
2026-07-06 14:20:00,240.0,7.0,1.2,1017.5,28.8,28.7
2026-07-06 14:10:00,240.0,7.0,1.2,1017.4,28.8,28.7
2026-07-06 14:00:00,240.0,7.0,,1017.4,28.8,28.7
2026-07-06 13:50:00,230.0,7.0,1.2,1017.4,28.7,28.7
2026-07-06 13:40:00,230.0,7.0,,1017.4,28.8,28.7
2026-07-06 13:30:00,230.0,7.0,,1017.4,28.8,28.7
2026-07-06 13:20:00,230.0,7.0,1.2,1017.5,28.7,28.7
2026-07-06 13:10:00,230.0,7.0,,1017.4,28.7,28.7
2026-07-06 13:00:00,230.0,8.0,,1017.2,28.7,28.7
2026-07-06 12:50:00,230.0,8.0,1.3,1017.1,28.7,28.7
2026-07-06 12:40:00,230.0,8.0,,1016.9,28.7,
2026-07-06 12:30:00,230.0,8.0,,1016.8,28.6,28.7
2026-07-06 12:20:00,220.0,8.0,1.2,1016.7,28.7,28.7
2026-07-06 12:10:00,220.0,7.0,1.2,1016.7,28.7,28.7
2026-07-06 12:00:00,220.0,8.0,,1016.5,28.6,28.7
2026-07-06 11:50:00,220.0,8.0,1.3,1016.5,28.6,28.7
2026-07-06 11:40:00,220.0,7.0,,1016.5,28.6,28.7
2026-07-06 11:30:00,210.0,8.0,,1016.2,28.5,28.7
2026-07-06 11:20:00,210.0,8.0,1.2,1016.2,28.5,28.7
2026-07-06 11:10:00,210.0,8.0,1.2,1016.0,28.5,28.7
2026-07-06 11:00:00,220.0,8.0,,1015.8,28.5,28.7
2026-07-06 10:50:00,220.0,7.0,1.1,1015.8,28.6,28.7
2026-07-06 10:40:00,220.0,8.0,,1015.7,28.6,28.7
2026-07-06 10:30:00,220.0,8.0,,1015.5,28.6,28.7
2026-07-06 10:20:00,220.0,8.0,1.2,1015.5,28.6,28.7
2026-07-06 10:10:00,220.0,8.0,1.2,1015.3,28.6,28.7
2026-07-06 10:00:00,230.0,8.0,,1015.3,28.6,28.7
2026-07-06 09:50:00,230.0,8.0,1.2,1015.1,28.6,28.7
2026-07-06 09:40:00,220.0,8.0,,1015.0,28.6,28.7
2026-07-06 09:30:00,220.0,8.0,,1014.8,28.5,28.7
2026-07-06 09:20:00,220.0,7.0,1.2,1014.7,28.5,28.7
2026-07-06 09:10:00,220.0,7.0,1.2,1014.6,28.5,28.7
2026-07-06 09:00:00,220.0,8.0,,1014.6,28.5,28.7
2026-07-06 08:50:00,220.0,8.0,1.3,1014.5,28.5,28.7
2026-07-06 08:40:00,220.0,9.0,,1014.6,28.6,28.7
2026-07-06 08:30:00,230.0,8.0,,1014.6,28.6,28.7
2026-07-06 08:20:00,230.0,8.0,1.3,1014.6,28.6,28.7
2026-07-06 08:10:00,230.0,8.0,1.3,1014.6,28.6,28.7
2026-07-06 08:00:00,220.0,8.0,,1014.5,28.6,28.7
2026-07-06 07:50:00,230.0,9.0,1.2,1014.6,28.5,28.7
2026-07-06 07:40:00,220.0,8.0,,1014.5,28.6,28.7
2026-07-06 07:30:00,220.0,9.0,,1014.6,28.6,28.7
2026-07-06 07:20:00,220.0,9.0,1.2,1014.7,,28.7
2026-07-06 07:10:00,220.0,9.0,1.2,1014.8,28.6,28.7
2026-07-06 07:00:00,220.0,9.0,,1015.0,28.7,
2026-07-06 06:50:00,220.0,9.0,1.2,1014.9,28.7,28.7
2026-07-06 06:40:00,220.0,9.0,,1015.1,28.6,28.7
2026-07-06 06:30:00,220.0,9.0,,1015.1,28.6,28.7
2026-07-06 06:20:00,210.0,9.0,1.2,1015.1,28.6,28.7
2026-07-06 06:10:00,210.0,9.0,1.2,1014.9,28.6,28.7
2026-07-06 06:00:00,210.0,10.0,,1014.9,28.7,28.7
2026-07-06 05:50:00,210.0,10.0,1.1,1015.0,28.8,28.7
2026-07-06 05:40:00,210.0,10.0,,1014.9,28.7,28.7
2026-07-06 05:30:00,210.0,9.0,,1014.9,28.7,28.7
2026-07-06 05:20:00,210.0,9.0,1.0,1015.0,28.7,28.7
2026-07-06 05:10:00,210.0,8.0,1.0,1015.0,28.8,28.7
2026-07-06 05:00:00,210.0,8.0,,1014.9,28.9,28.7
2026-07-06 04:50:00,200.0,8.0,0.9,1014.8,28.9,28.7
2026-07-06 04:40:00,200.0,8.0,,1014.8,28.9,28.7
2026-07-06 04:30:00,210.0,8.0,,1014.9,28.9,28.7
2026-07-06 04:20:00,210.0,8.0,0.9,1015.0,28.7,28.7
2026-07-06 04:10:00,210.0,8.0,,1015.0,28.8,28.7
2026-07-06 04:00:00,210.0,8.0,,1015.0,28.7,28.7
2026-07-06 03:50:00,210.0,7.0,1.0,1015.0,28.8,28.7
2026-07-06 03:40:00,210.0,7.0,,1014.9,28.7,28.7
2026-07-06 03:30:00,210.0,7.0,,1014.8,28.7,28.7
2026-07-06 03:20:00,210.0,7.0,1.0,1014.6,28.6,28.7
2026-07-06 03:10:00,210.0,7.0,1.0,1014.5,28.7,28.8
2026-07-06 03:00:00,210.0,7.0,,1014.2,28.7,28.8
2026-07-06 02:50:00,210.0,7.0,1.0,1014.3,28.7,28.8
2026-07-06 02:40:00,210.0,7.0,,1014.4,28.7,28.8
2026-07-06 02:30:00,210.0,7.0,,1014.3,28.7,28.8
2026-07-06 02:20:00,220.0,7.0,0.9,1014.2,28.7,28.8
2026-07-06 02:10:00,210.0,7.0,0.9,1014.3,28.7,28.8
2026-07-06 02:00:00,210.0,7.0,,1014.2,28.7,28.8
2026-07-06 01:50:00,220.0,7.0,0.9,1014.2,28.7,28.8
2026-07-06 01:40:00,220.0,7.0,0.9,1014.2,28.7,28.8
2026-07-06 01:30:00,210.0,7.0,,1014.0,28.8,28.8
2026-07-06 01:20:00,210.0,7.0,0.9,1013.8,28.8,28.8
2026-07-06 01:10:00,210.0,7.0,,1013.7,28.8,28.8
2026-07-06 01:00:00,210.0,6.0,,1013.6,28.9,28.8
2026-07-06 00:50:00,210.0,6.0,0.9,1013.6,28.9,28.9
2026-07-06 00:40:00,210.0,6.0,,1013.5,28.9,28.9
2026-07-06 00:30:00,210.0,7.0,,1013.4,29.0,28.9
2026-07-06 00:20:00,210.0,6.0,0.9,1013.4,28.9,28.9
2026-07-06 00:10:00,220.0,6.0,0.9,1013.6,29.0,28.9
2026-07-06 00:00:00,220.0,6.0,,1013.7,28.9,28.9
2026-07-05 23:50:00,230.0,6.0,0.9,1013.8,28.8,28.9
2026-07-05 23:40:00,220.0,6.0,,1013.8,28.8,28.9
2026-07-05 23:30:00,220.0,6.0,,1013.9,28.8,28.9
2026-07-05 23:20:00,230.0,7.0,0.9,1014.1,28.7,28.9
2026-07-05 23:10:00,230.0,7.0,0.9,1014.3,28.8,28.9
2026-07-05 23:00:00,230.0,6.0,,1014.2,28.8,28.9
2026-07-05 22:50:00,220.0,6.0,1.0,1014.3,28.8,28.9
2026-07-05 22:40:00,220.0,7.0,1.0,1014.2,28.7,28.9
2026-07-05 22:30:00,210.0,7.0,,1014.2,28.8,28.9
2026-07-05 22:20:00,210.0,8.0,1.1,1014.2,28.8,28.9
2026-07-05 22:10:00,210.0,7.0,1.1,1014.0,28.8,28.9
2026-07-05 22:00:00,210.0,7.0,,1014.1,28.8,28.9
2026-07-05 21:50:00,210.0,7.0,0.9,1014.0,28.8,29.0
2026-07-05 21:40:00,210.0,8.0,,1014.0,28.7,29.0
2026-07-05 21:30:00,210.0,7.0,,1014.0,28.7,29.0
2026-07-05 21:20:00,210.0,7.0,0.9,1013.9,28.7,29.0
2026-07-05 21:10:00,210.0,7.0,0.9,1013.6,28.7,29.0
2026-07-05 21:00:00,210.0,7.0,,1013.7,28.7,29.0
2026-07-05 20:50:00,210.0,8.0,0.9,1013.9,28.7,29.0
2026-07-05 20:40:00,210.0,7.0,0.9,1013.9,28.8,29.0
2026-07-05 20:30:00,210.0,7.0,,1013.8,28.7,29.0
2026-07-05 20:20:00,210.0,7.0,0.9,1013.6,28.7,
2026-07-05 20:10:00,210.0,7.0,0.9,1013.8,28.7,29.0
2026-07-05 20:00:00,200.0,7.0,,1014.1,28.7,29.0
2026-07-05 19:50:00,200.0,6.0,0.8,1014.0,28.7,
2026-07-05 19:40:00,210.0,7.0,,1014.3,28.7,28.9
2026-07-05 19:30:00,200.0,7.0,,1014.3,28.7,28.9
2026-07-05 19:20:00,200.0,7.0,0.9,1014.3,28.7,28.9
2026-07-05 19:10:00,190.0,7.0,0.9,1013.9,28.7,28.9
2026-07-05 19:00:00,190.0,6.0,,1014.0,28.7,28.9
2026-07-05 18:50:00,200.0,7.0,0.9,1014.4,28.7,28.9
2026-07-05 18:40:00,200.0,7.0,,1014.7,28.7,28.9
2026-07-05 18:30:00,200.0,7.0,,1015.0,28.7,28.9
2026-07-05 18:20:00,200.0,6.0,0.9,1015.1,28.7,28.9
2026-07-05 18:10:00,190.0,6.0,0.9,1015.1,28.6,28.9
2026-07-05 18:00:00,190.0,6.0,,1015.0,28.7,28.9
2026-07-05 17:50:00,190.0,6.0,0.8,1015.0,28.7,28.9
2026-07-05 17:40:00,190.0,6.0,,1015.2,28.7,28.9
2026-07-05 17:30:00,200.0,6.0,,1015.5,28.7,28.9
2026-07-05 17:20:00,200.0,6.0,0.8,1015.6,28.8,28.9
2026-07-05 17:10:00,210.0,5.0,0.8,1015.7,28.7,28.9
2026-07-05 17:00:00,200.0,5.0,,1015.8,28.6,28.9
2026-07-05 16:50:00,190.0,5.0,0.8,1016.0,28.6,28.9
2026-07-05 16:40:00,190.0,5.0,,1016.0,28.6,28.9
2026-07-05 16:30:00,190.0,5.0,,1016.0,28.6,28.9
2026-07-05 16:20:00,190.0,5.0,0.8,1016.0,28.6,28.9
2026-07-05 16:10:00,190.0,5.0,0.8,1016.0,28.6,28.8
2026-07-05 16:00:00,200.0,5.0,,1016.0,28.5,28.8
2026-07-05 15:50:00,210.0,5.0,0.8,1016.0,28.6,28.8
2026-07-05 15:40:00,210.0,5.0,,1015.9,28.5,28.8
2026-07-05 15:30:00,210.0,5.0,,1015.7,28.5,28.8
2026-07-05 15:20:00,210.0,5.0,0.8,1015.6,28.5,28.8
2026-07-05 15:10:00,210.0,5.0,0.8,1015.6,28.5,28.7
2026-07-05 15:00:00,210.0,4.0,,1015.4,28.5,28.7
2026-07-05 14:50:00,210.0,5.0,0.8,1015.4,28.5,28.7
2026-07-05 14:40:00,210.0,5.0,,1015.6,28.5,28.7
2026-07-05 14:30:00,210.0,5.0,,1015.5,28.5,28.6
2026-07-05 14:20:00,220.0,5.0,0.8,1015.5,28.5,28.6
2026-07-05 14:10:00,220.0,5.0,0.8,1015.5,28.5,28.6
2026-07-05 14:00:00,220.0,5.0,,1015.6,28.5,28.6
2026-07-05 13:50:00,240.0,4.0,0.8,1015.8,28.5,28.6
2026-07-05 13:40:00,230.0,5.0,,1015.9,28.4,28.6
2026-07-05 13:30:00,220.0,5.0,,1015.8,28.5,28.6
2026-07-05 13:20:00,220.0,5.0,0.7,1015.7,28.5,28.6
2026-07-05 13:10:00,210.0,5.0,0.7,1015.7,28.5,28.6
2026-07-05 13:00:00,210.0,5.0,,1015.6,28.4,28.6
2026-07-05 12:50:00,210.0,5.0,0.7,1015.6,28.4,28.6
2026-07-05 12:40:00,210.0,5.0,,1015.7,28.4,28.6
2026-07-05 12:30:00,210.0,5.0,,1015.5,28.4,28.5
2026-07-05 12:20:00,210.0,5.0,0.8,1015.5,28.4,28.5
2026-07-05 12:10:00,210.0,5.0,0.8,1015.4,28.4,28.5
2026-07-05 12:00:00,210.0,5.0,,1015.4,28.4,28.5
2026-07-05 11:50:00,210.0,5.0,0.8,1015.4,28.3,28.5
2026-07-05 11:40:00,210.0,5.0,,1015.5,28.3,28.5
2026-07-05 11:30:00,210.0,5.0,,1015.4,28.3,28.5
2026-07-05 11:20:00,210.0,5.0,0.8,1015.3,28.2,28.5
2026-07-05 11:10:00,200.0,5.0,0.8,1015.3,28.3,28.5
2026-07-05 11:00:00,210.0,6.0,,1015.2,28.2,28.5
2026-07-05 10:50:00,220.0,5.0,0.7,1015.1,28.2,28.5
2026-07-05 10:40:00,220.0,4.0,,1015.2,28.2,28.5
2026-07-05 10:30:00,220.0,4.0,,1015.2,28.3,28.4
2026-07-05 10:20:00,220.0,5.0,0.8,1015.1,28.2,28.4
2026-07-05 10:10:00,220.0,4.0,0.8,1015.2,28.2,28.4
2026-07-05 10:00:00,220.0,5.0,,1015.2,28.2,28.4
2026-07-05 09:50:00,220.0,5.0,0.8,1015.2,28.2,28.4
2026-07-05 09:40:00,220.0,5.0,,1015.2,28.3,28.4
2026-07-05 09:30:00,230.0,5.0,,1015.2,28.3,28.4
2026-07-05 09:20:00,220.0,5.0,0.8,1015.1,28.3,28.4
2026-07-05 09:10:00,230.0,6.0,0.8,1015.2,28.3,28.4
2026-07-05 09:00:00,230.0,6.0,,1015.2,28.3,28.4
2026-07-05 08:50:00,230.0,6.0,0.8,1015.1,28.3,28.4
2026-07-05 08:40:00,230.0,6.0,,1015.0,28.3,28.4
2026-07-05 08:30:00,230.0,7.0,,1015.0,28.3,28.4
2026-07-05 08:20:00,230.0,6.0,0.8,1015.0,28.4,28.4
2026-07-05 08:10:00,230.0,7.0,0.8,1015.0,28.4,28.5
2026-07-05 08:00:00,230.0,7.0,,1014.9,28.3,28.5
2026-07-05 07:50:00,230.0,6.0,0.7,1015.0,28.4,28.5
2026-07-05 07:40:00,230.0,7.0,,1014.9,28.4,28.5
2026-07-05 07:30:00,230.0,6.0,,1015.1,28.5,28.5
2026-07-05 07:20:00,230.0,6.0,0.8,1015.2,28.5,28.5
2026-07-05 07:10:00,230.0,6.0,0.8,1015.2,28.5,28.5
2026-07-05 07:00:00,220.0,6.0,,1015.2,28.5,28.5
2026-07-05 06:50:00,220.0,6.0,0.7,1015.2,28.5,28.5
2026-07-05 06:40:00,220.0,5.0,0.7,1015.3,28.5,28.4
2026-07-05 06:30:00,220.0,5.0,,1015.3,28.5,28.3
2026-07-05 06:20:00,220.0,5.0,0.8,1015.5,28.5,28.3
2026-07-05 06:10:00,220.0,5.0,0.8,1015.6,28.5,28.3
2026-07-05 06:00:00,220.0,5.0,,1015.6,28.5,
2026-07-05 05:50:00,220.0,6.0,0.8,1015.6,28.5,28.3
2026-07-05 05:40:00,220.0,6.0,,1015.7,28.6,28.3
2026-07-05 05:30:00,210.0,6.0,,1015.8,28.6,28.3
2026-07-05 05:20:00,210.0,7.0,0.8,1015.6,28.6,28.3
2026-07-05 05:10:00,210.0,7.0,0.8,1015.6,28.6,28.3
2026-07-05 05:00:00,210.0,7.0,,1015.7,28.6,28.3
2026-07-05 04:50:00,210.0,6.0,0.7,1015.7,28.6,28.3
2026-07-05 04:40:00,210.0,6.0,,1015.6,28.6,28.4
2026-07-05 04:30:00,210.0,6.0,,1015.6,28.7,28.4
2026-07-05 04:20:00,210.0,6.0,0.7,1015.6,28.7,28.4
2026-07-05 04:10:00,210.0,7.0,0.7,1015.7,28.7,28.5
2026-07-05 04:00:00,210.0,6.0,,1015.7,28.7,28.5
2026-07-05 03:50:00,210.0,7.0,0.7,1015.8,28.7,28.5
2026-07-05 03:40:00,210.0,7.0,0.7,1015.7,28.8,28.5
2026-07-05 03:30:00,210.0,7.0,,1015.7,28.8,28.5
2026-07-05 03:20:00,210.0,7.0,0.7,1015.6,28.7,28.6
2026-07-05 03:10:00,210.0,7.0,,1015.7,28.7,28.6
2026-07-05 03:00:00,200.0,7.0,,1015.7,28.7,28.6
2026-07-05 02:50:00,180.0,7.0,0.7,1015.7,28.7,28.6
2026-07-05 02:40:00,180.0,7.0,,1015.7,28.7,28.6
2026-07-05 02:30:00,180.0,7.0,,1015.7,28.7,28.6
2026-07-05 02:20:00,180.0,7.0,0.6,1015.8,28.7,28.5
2026-07-05 02:10:00,180.0,6.0,0.6,1015.7,28.7,28.5
2026-07-05 02:00:00,180.0,6.0,,1015.4,28.8,28.5
2026-07-05 01:50:00,180.0,7.0,0.7,1015.4,28.8,28.5
2026-07-05 01:40:00,180.0,7.0,,1015.3,28.7,28.6
2026-07-05 01:30:00,180.0,7.0,,1015.3,28.8,28.6
2026-07-05 01:20:00,180.0,6.0,0.7,1015.4,28.8,28.6
2026-07-05 01:10:00,180.0,7.0,0.7,1015.4,28.8,28.6
2026-07-05 01:00:00,170.0,7.0,,1015.2,28.8,28.6
2026-07-05 00:50:00,170.0,6.0,0.6,1015.1,28.8,28.6
2026-07-05 00:40:00,170.0,7.0,,1015.0,28.8,28.7
2026-07-05 00:30:00,170.0,7.0,,1015.1,28.8,28.7
2026-07-05 00:20:00,170.0,7.0,0.7,1015.0,28.8,28.8
2026-07-05 00:10:00,170.0,7.0,0.7,1015.0,28.8,28.9
2026-07-05 00:00:00,160.0,7.0,,1015.0,28.8,28.9
2026-07-04 23:50:00,160.0,6.0,0.6,1015.0,28.8,28.9
2026-07-04 23:40:00,160.0,6.0,,1015.0,28.8,28.9
2026-07-04 23:10:00,150.0,6.0,0.6,1015.3,28.9,28.9
2026-07-04 23:00:00,150.0,6.0,,1015.2,28.8,28.9
2026-07-04 22:50:00,150.0,6.0,0.6,1015.3,28.8,29.0
2026-07-04 22:40:00,150.0,6.0,,1015.4,28.8,29.1
2026-07-04 22:30:00,150.0,6.0,,1015.3,28.8,29.1
2026-07-04 22:20:00,150.0,6.0,0.6,1015.4,28.8,29.1
2026-07-04 22:10:00,150.0,6.0,0.6,1015.5,28.8,29.2
2026-07-04 22:00:00,150.0,6.0,,1015.6,28.8,29.3
2026-07-04 21:50:00,150.0,6.0,0.6,1015.6,28.8,29.4
2026-07-04 21:40:00,150.0,6.0,,1015.8,28.8,29.3
2026-07-04 21:30:00,140.0,6.0,,1016.0,28.8,29.4
2026-07-04 21:20:00,140.0,6.0,0.6,1016.1,28.8,29.4
2026-07-04 21:10:00,140.0,5.0,0.6,1016.2,28.8,29.4
2026-07-04 21:00:00,150.0,5.0,,1016.3,28.8,29.4
2026-07-04 20:50:00,150.0,5.0,0.6,1016.3,28.8,29.4
2026-07-04 20:40:00,150.0,5.0,,1016.3,28.8,29.3
2026-07-04 20:30:00,140.0,4.0,,1016.3,28.8,29.2
2026-07-04 20:20:00,140.0,4.0,0.6,1016.3,28.8,28.8
2026-07-04 20:10:00,140.0,5.0,,1016.3,28.7,28.5
2026-07-04 20:00:00,140.0,4.0,,1016.5,28.7,
2026-07-04 19:50:00,140.0,4.0,0.6,1016.5,28.7,28.5
2026-07-04 19:40:00,140.0,4.0,,1016.8,28.7,28.6
2026-07-04 19:30:00,150.0,4.0,,1016.7,28.6,28.5
2026-07-04 19:20:00,140.0,3.0,0.6,1016.8,28.7,28.6
2026-07-04 19:10:00,150.0,3.0,0.6,1016.9,28.6,28.6
2026-07-04 19:00:00,150.0,3.0,,1017.0,28.6,28.5
2026-07-04 18:50:00,160.0,3.0,0.6,1017.1,28.6,
2026-07-04 18:40:00,160.0,3.0,,1017.1,28.5,28.5
2026-07-04 18:30:00,150.0,2.0,,1017.2,28.5,28.7
2026-07-04 18:20:00,130.0,1.0,0.6,1017.3,28.5,28.5
2026-07-04 18:10:00,150.0,1.0,0.6,1017.6,28.5,28.4
2026-07-04 18:00:00,130.0,1.0,,1017.6,28.5,28.4
2026-07-04 17:50:00,150.0,1.0,0.6,1017.7,28.6,28.4
2026-07-04 17:40:00,110.0,1.0,,1017.7,28.4,28.4
2026-07-04 17:30:00,110.0,1.0,,1017.8,28.4,28.4
2026-07-04 17:20:00,140.0,1.0,0.6,1017.7,28.4,28.4
2026-07-04 17:10:00,130.0,1.0,0.6,1017.8,28.3,28.4
2026-07-04 17:00:00,150.0,1.0,,1017.8,28.3,28.3
2026-07-04 16:50:00,,0.0,0.6,1018.0,28.7,28.3
2026-07-04 16:40:00,,0.0,,1018.1,28.4,28.4
2026-07-04 16:30:00,80.0,1.0,,1018.0,28.6,28.3
2026-07-04 16:20:00,70.0,1.0,0.6,1018.1,28.6,28.4
2026-07-04 16:10:00,,0.0,,1018.2,28.6,28.3
2026-07-04 16:00:00,,0.0,,1018.3,28.4,
2026-07-04 15:50:00,,0.0,0.6,1018.5,28.1,28.4
2026-07-04 15:40:00,220.0,1.0,,1018.5,28.0,28.4
2026-07-04 15:30:00,210.0,1.0,,1018.6,28.0,28.3
2026-07-04 15:20:00,240.0,1.0,0.6,1018.5,28.0,28.3
2026-07-04 15:10:00,240.0,1.0,0.6,1018.4,28.0,28.4
2026-07-04 15:00:00,260.0,1.0,,1018.2,28.0,28.3
2026-07-04 14:50:00,,0.0,0.6,1018.1,27.9,28.3
2026-07-04 14:40:00,240.0,1.0,,1018.2,28.0,28.3
2026-07-04 14:30:00,240.0,1.0,,1018.2,28.0,28.3
2026-07-04 14:20:00,230.0,1.0,0.6,1018.2,28.0,28.2
2026-07-04 14:10:00,230.0,2.0,0.6,1018.2,28.0,28.2
2026-07-04 14:00:00,230.0,1.0,,1018.3,28.0,28.2
2026-07-04 13:50:00,220.0,1.0,0.6,1018.3,27.9,28.2
2026-07-04 13:40:00,240.0,1.0,,1018.3,28.0,28.2
2026-07-04 13:30:00,240.0,2.0,,1018.2,28.0,28.2
2026-07-04 13:20:00,240.0,2.0,0.6,1018.2,28.0,28.2
2026-07-04 13:10:00,230.0,1.0,0.6,1018.2,28.3,28.2
2026-07-04 13:00:00,190.0,2.0,,1018.2,28.2,28.1
2026-07-04 12:50:00,180.0,2.0,0.6,1018.2,28.2,28.1
2026-07-04 12:40:00,180.0,2.0,0.6,1018.2,28.2,28.1
2026-07-04 12:30:00,180.0,2.0,,1018.1,28.1,28.1
2026-07-04 12:20:00,180.0,2.0,0.6,1018.0,28.1,28.0
2026-07-04 12:10:00,180.0,3.0,0.6,1017.8,28.0,28.0
2026-07-04 12:00:00,190.0,2.0,,1017.8,28.1,28.0
2026-07-04 11:50:00,190.0,2.0,0.6,1017.7,28.0,28.0
2026-07-04 11:40:00,180.0,3.0,,1017.5,28.0,28.0
2026-07-04 11:30:00,180.0,2.0,,1017.6,27.9,28.0
2026-07-04 11:20:00,190.0,2.0,0.6,1017.5,27.9,28.0
2026-07-04 11:10:00,190.0,2.0,0.6,1017.5,27.9,28.0
2026-07-04 11:00:00,190.0,3.0,,1017.3,27.9,
2026-07-04 10:50:00,190.0,3.0,0.6,1017.3,27.8,28.0
2026-07-04 10:40:00,190.0,3.0,,1017.2,27.8,28.0
2026-07-04 10:30:00,190.0,3.0,,1017.2,27.8,28.0
2026-07-04 10:20:00,190.0,3.0,0.6,1017.1,27.8,28.0
2026-07-04 10:10:00,190.0,4.0,0.6,1017.0,27.8,28.1
2026-07-04 10:00:00,190.0,4.0,,1016.9,27.8,28.1
2026-07-04 09:50:00,190.0,3.0,0.6,1016.9,27.8,28.1
2026-07-04 09:40:00,190.0,3.0,,1016.7,27.8,28.1
2026-07-04 09:30:00,180.0,3.0,,1016.7,27.8,28.1
2026-07-04 09:20:00,190.0,4.0,0.6,1016.8,27.8,28.1
2026-07-04 09:10:00,190.0,4.0,0.6,1016.7,27.8,28.2
2026-07-04 09:00:00,170.0,4.0,,1016.7,27.8,28.2
2026-07-04 08:50:00,170.0,3.0,0.7,1016.7,27.9,28.2
2026-07-04 08:40:00,180.0,4.0,,1016.7,27.9,28.2
2026-07-04 08:30:00,180.0,3.0,,1016.8,27.9,28.2
2026-07-04 08:20:00,190.0,3.0,0.6,1016.9,27.9,28.2
2026-07-04 08:10:00,180.0,3.0,0.6,1017.0,27.9,28.3
2026-07-04 08:00:00,180.0,3.0,,1017.0,27.8,
2026-07-04 07:50:00,180.0,3.0,0.6,1017.0,27.8,28.3
2026-07-04 07:40:00,180.0,2.0,,1017.0,27.9,28.3
2026-07-04 07:30:00,200.0,2.0,,1017.1,27.9,28.4
2026-07-04 07:20:00,190.0,2.0,0.6,1017.0,27.8,28.4
2026-07-04 07:10:00,160.0,2.0,0.6,1017.1,27.8,28.4
2026-07-04 07:00:00,160.0,2.0,,1017.2,27.8,
2026-07-04 06:50:00,160.0,2.0,0.6,1017.2,27.8,28.5
2026-07-04 06:40:00,150.0,2.0,,1017.5,27.8,28.5
2026-07-04 06:30:00,150.0,3.0,,1017.6,27.8,28.5
2026-07-04 06:20:00,150.0,3.0,0.7,1017.5,27.8,28.5
2026-07-04 06:10:00,150.0,3.0,,1017.7,27.8,28.5
2026-07-04 06:00:00,150.0,3.0,,1017.8,27.8,
2026-07-04 05:50:00,150.0,3.0,0.6,1017.9,27.8,28.5
2026-07-04 05:40:00,150.0,3.0,,1018.0,27.8,28.5
2026-07-04 05:30:00,150.0,3.0,,1017.8,27.8,28.5
2026-07-04 05:20:00,140.0,3.0,0.7,1018.1,27.8,28.5
2026-07-04 05:10:00,140.0,3.0,0.7,1018.1,27.8,28.5
2026-07-04 05:00:00,140.0,2.0,,1018.2,27.8,
2026-07-04 04:50:00,150.0,2.0,0.7,1018.3,27.8,28.5
2026-07-04 04:40:00,140.0,2.0,,1018.5,27.8,28.5
2026-07-04 04:30:00,140.0,2.0,,1018.6,27.8,28.5
2026-07-04 04:20:00,140.0,3.0,0.7,1018.6,27.8,28.5
2026-07-04 04:10:00,140.0,3.0,0.7,1018.7,27.9,28.5
2026-07-04 04:00:00,140.0,3.0,,1018.7,27.9,28.5
2026-07-04 03:50:00,130.0,4.0,0.6,1018.5,27.9,28.5
2026-07-04 03:40:00,130.0,4.0,0.6,1018.5,28.0,28.5
2026-07-04 03:30:00,140.0,4.0,,1018.6,28.0,28.5
2026-07-04 03:20:00,140.0,3.0,0.6,1018.8,28.0,28.6
2026-07-04 03:10:00,140.0,3.0,0.6,1018.9,27.9,28.6
2026-07-04 03:00:00,140.0,3.0,,1018.8,27.9,28.6
2026-07-04 02:50:00,140.0,4.0,0.6,1018.8,27.8,28.6
2026-07-04 02:40:00,140.0,3.0,,1018.7,27.9,28.6
2026-07-04 02:30:00,130.0,3.0,,1018.8,27.9,28.6
2026-07-04 02:20:00,130.0,3.0,0.6,1018.9,27.9,28.5
2026-07-04 02:10:00,130.0,3.0,,1018.6,27.8,28.5
2026-07-04 02:00:00,140.0,3.0,,1018.4,27.8,
2026-07-04 01:50:00,130.0,4.0,0.6,1018.4,27.8,28.3
2026-07-04 01:40:00,130.0,4.0,,1018.1,27.8,28.4
2026-07-04 01:30:00,130.0,4.0,,1018.1,27.8,28.4
2026-07-04 01:20:00,120.0,4.0,0.6,1018.0,27.7,28.5
2026-07-04 01:10:00,130.0,3.0,0.6,1017.9,27.7,28.5
2026-07-04 01:00:00,130.0,3.0,,1017.9,27.7,28.4
2026-07-04 00:50:00,130.0,3.0,0.5,1018.0,27.7,28.5
2026-07-04 00:40:00,130.0,4.0,,1017.6,27.7,28.6
2026-07-04 00:30:00,130.0,4.0,,1017.4,27.7,28.7
2026-07-04 00:20:00,130.0,4.0,0.7,1017.4,27.8,28.7
2026-07-04 00:10:00,140.0,4.0,0.7,1017.6,27.8,28.6
2026-07-04 00:00:00,130.0,4.0,,1017.6,27.9,28.6
2026-07-03 23:50:00,130.0,4.0,0.6,1017.7,28.0,28.7
2026-07-03 23:40:00,130.0,3.0,,1017.6,28.0,28.9
2026-07-03 23:30:00,130.0,3.0,,1017.5,28.1,28.9
2026-07-03 23:20:00,130.0,3.0,0.6,1017.6,28.1,29.0
2026-07-03 23:10:00,120.0,3.0,0.6,1017.5,28.1,29.0
2026-07-03 23:00:00,110.0,3.0,,1017.7,28.0,
2026-07-03 22:50:00,110.0,3.0,0.6,1017.8,28.0,28.7
2026-07-03 22:40:00,100.0,3.0,,1017.7,28.0,28.8
2026-07-03 22:30:00,110.0,3.0,,1017.6,28.0,28.8
2026-07-03 22:20:00,110.0,3.0,0.7,1017.5,28.0,
2026-07-03 22:10:00,110.0,3.0,0.7,1017.7,28.0,29.0
2026-07-03 22:00:00,110.0,3.0,,1017.7,27.9,28.9
2026-07-03 21:50:00,100.0,2.0,0.6,1017.8,28.0,29.0
2026-07-03 21:40:00,110.0,2.0,,1018.1,27.9,
2026-07-03 21:30:00,100.0,2.0,,1018.3,27.9,
2026-07-03 21:20:00,110.0,3.0,0.6,1018.2,27.8,
2026-07-03 21:10:00,100.0,3.0,0.6,1018.3,27.8,29.0
2026-07-03 21:00:00,100.0,2.0,,1018.3,27.8,29.1
2026-07-03 20:50:00,90.0,3.0,0.7,1018.4,27.8,28.8
2026-07-03 20:40:00,90.0,3.0,0.7,1018.4,27.8,29.0
2026-07-03 20:30:00,90.0,2.0,,1018.6,27.7,28.8
2026-07-03 20:20:00,80.0,2.0,0.7,1018.7,,28.9
2026-07-03 20:10:00,80.0,2.0,,1018.9,27.7,28.8
2026-07-03 20:00:00,70.0,2.0,,1019.0,27.7,
2026-07-03 19:50:00,70.0,2.0,0.6,1019.2,27.7,28.6
2026-07-03 19:40:00,70.0,2.0,,1019.3,27.7,28.8
2026-07-03 19:30:00,80.0,3.0,,1019.3,27.7,28.7
2026-07-03 19:20:00,80.0,2.0,0.7,1019.4,27.6,
2026-07-03 19:10:00,70.0,2.0,0.7,1019.4,27.6,28.7
2026-07-03 19:00:00,80.0,2.0,,1019.4,27.6,
2026-07-03 18:50:00,70.0,2.0,0.7,1019.5,27.6,28.8
2026-07-03 18:40:00,80.0,2.0,,1019.6,27.5,28.7
2026-07-03 18:30:00,60.0,2.0,,1019.4,27.5,28.6
2026-07-03 18:20:00,60.0,2.0,0.7,1019.6,27.5,28.7
2026-07-03 18:10:00,60.0,2.0,0.7,1019.7,27.5,28.7
2026-07-03 18:00:00,60.0,2.0,,1019.9,27.5,28.6
2026-07-03 17:50:00,70.0,2.0,0.7,1019.8,27.4,28.5
2026-07-03 17:40:00,50.0,3.0,,1019.8,27.4,28.5
2026-07-03 17:30:00,60.0,3.0,,1019.8,27.4,28.4
2026-07-03 17:20:00,60.0,3.0,0.7,1019.9,27.4,28.4
2026-07-03 17:10:00,50.0,2.0,0.7,1020.0,27.4,28.4
2026-07-03 17:00:00,60.0,3.0,,1020.1,27.3,28.5
2026-07-03 16:50:00,60.0,3.0,0.7,1020.1,27.4,28.4
2026-07-03 16:40:00,50.0,3.0,0.7,1020.1,27.4,28.3
2026-07-03 16:30:00,40.0,3.0,,1020.1,27.4,28.3
2026-07-03 16:20:00,50.0,3.0,0.7,1020.2,27.4,28.3
2026-07-03 16:10:00,50.0,3.0,0.7,1020.2,27.4,28.3
2026-07-03 16:00:00,50.0,3.0,,1020.2,27.4,28.2
2026-07-03 15:50:00,50.0,3.0,0.7,1020.2,27.4,28.3
2026-07-03 15:40:00,50.0,3.0,,1020.2,27.4,28.3
2026-07-03 15:30:00,40.0,3.0,,1020.2,27.3,28.3
2026-07-03 15:20:00,30.0,3.0,0.7,1020.3,27.4,28.3
2026-07-03 15:10:00,30.0,3.0,,1020.2,27.3,28.2
2026-07-03 15:00:00,40.0,3.0,,1020.3,27.4,
2026-07-03 14:50:00,40.0,3.0,0.8,1020.3,27.4,28.2
2026-07-03 14:40:00,40.0,3.0,,1020.2,27.4,28.1
2026-07-03 14:30:00,40.0,2.0,,1020.1,27.4,28.2
2026-07-03 14:20:00,40.0,2.0,0.7,1020.1,27.5,28.1
2026-07-03 14:10:00,30.0,2.0,0.7,1020.0,27.5,28.1
2026-07-03 14:00:00,40.0,2.0,,1020.0,27.5,28.1
2026-07-03 13:50:00,40.0,2.0,0.7,1019.9,27.4,28.1
2026-07-03 13:40:00,30.0,2.0,,1020.0,27.4,28.1
2026-07-03 13:30:00,20.0,2.0,,1020.0,27.4,28.0
2026-07-03 13:20:00,20.0,2.0,0.7,1020.2,27.5,28.0
2026-07-03 13:10:00,30.0,1.0,,1020.2,27.5,28.0
2026-07-03 13:00:00,30.0,1.0,,1020.2,,28.0
2026-07-03 12:50:00,40.0,2.0,0.7,1020.1,27.6,28.0
2026-07-03 12:40:00,50.0,1.0,,1020.0,27.7,28.0
2026-07-03 12:30:00,50.0,2.0,,1020.0,27.6,28.0
2026-07-03 12:20:00,40.0,2.0,0.7,1019.7,27.5,28.0
2026-07-03 12:10:00,40.0,2.0,,1019.6,27.5,28.0
2026-07-03 12:00:00,50.0,2.0,,1019.4,27.6,28.0
2026-07-03 11:50:00,60.0,2.0,0.7,1019.2,27.6,28.0
2026-07-03 11:40:00,50.0,2.0,,1019.3,27.5,28.0
2026-07-03 11:30:00,50.0,2.0,,1019.3,27.4,28.0
2026-07-03 11:20:00,50.0,2.0,0.7,1019.1,27.4,28.0
2026-07-03 11:10:00,60.0,2.0,,1019.1,27.4,28.0
2026-07-03 11:00:00,60.0,2.0,,1018.9,27.4,27.9
2026-07-03 10:50:00,70.0,2.0,0.7,1018.9,27.4,27.9
2026-07-03 10:40:00,80.0,2.0,,1018.9,27.3,27.9
2026-07-03 10:30:00,80.0,2.0,,1018.9,27.3,27.9
2026-07-03 10:20:00,80.0,2.0,0.7,1018.9,27.3,27.9
2026-07-03 10:10:00,80.0,2.0,0.7,1018.8,27.3,27.9
2026-07-03 10:00:00,70.0,2.0,,1018.8,27.2,27.9
2026-07-03 09:50:00,70.0,2.0,0.7,1018.7,27.3,27.9
2026-07-03 09:40:00,90.0,2.0,,1018.6,27.3,27.9
2026-07-03 09:30:00,100.0,2.0,,1018.5,27.2,27.9
2026-07-03 09:20:00,90.0,1.0,0.8,1018.4,27.3,27.9
2026-07-03 09:10:00,90.0,2.0,0.8,1018.3,27.3,27.9
2026-07-03 09:00:00,80.0,1.0,,1018.4,27.3,27.9
2026-07-03 08:50:00,80.0,1.0,0.8,1018.4,27.3,27.9
2026-07-03 08:40:00,80.0,1.0,,1018.4,27.3,27.9
2026-07-03 08:30:00,90.0,1.0,,1018.4,27.3,27.9
2026-07-03 08:20:00,90.0,1.0,0.8,1018.3,27.3,27.9
2026-07-03 08:10:00,110.0,1.0,0.8,1018.3,27.4,27.9
2026-07-03 08:00:00,100.0,2.0,,1018.3,27.4,
2026-07-03 07:50:00,100.0,2.0,0.8,1018.3,27.4,27.9
2026-07-03 07:40:00,110.0,2.0,,1018.3,27.4,27.9
2026-07-03 07:30:00,110.0,2.0,,1018.2,27.4,27.9
2026-07-03 07:20:00,110.0,3.0,0.8,1018.1,27.4,27.9
2026-07-03 07:10:00,120.0,3.0,0.8,1018.1,27.4,28.0
2026-07-03 07:00:00,120.0,3.0,,1018.3,27.4,27.9
2026-07-03 06:50:00,130.0,3.0,0.8,1018.4,27.4,27.9
2026-07-03 06:40:00,130.0,4.0,,1018.4,27.4,27.9
2026-07-03 06:30:00,130.0,4.0,,1018.3,27.4,27.9
2026-07-03 06:20:00,130.0,4.0,0.8,1018.4,27.4,27.9
2026-07-03 06:10:00,120.0,4.0,0.8,1018.4,27.4,27.9
2026-07-03 06:00:00,120.0,4.0,,1018.5,27.4,
2026-07-03 05:50:00,120.0,4.0,0.8,1018.5,27.4,27.9
2026-07-03 05:40:00,120.0,4.0,,1018.6,27.4,27.9
2026-07-03 05:30:00,120.0,4.0,,1018.7,27.4,27.9
2026-07-03 05:20:00,130.0,4.0,0.9,1018.8,27.5,27.9
2026-07-03 05:10:00,130.0,4.0,0.9,1018.7,27.5,27.9
2026-07-03 05:00:00,110.0,4.0,,1018.8,27.5,27.9
2026-07-03 04:50:00,120.0,4.0,0.8,1019.0,27.5,27.9
2026-07-03 04:40:00,120.0,4.0,,1019.0,27.5,27.9
2026-07-03 04:30:00,130.0,4.0,,1019.0,27.5,27.9
2026-07-03 04:20:00,120.0,4.0,0.9,1019.0,27.5,27.9
2026-07-03 04:10:00,120.0,4.0,,1018.9,27.5,27.9
2026-07-03 04:00:00,110.0,4.0,,1018.9,27.5,
2026-07-03 03:50:00,110.0,4.0,0.8,1018.8,27.5,27.9
2026-07-03 03:40:00,110.0,4.0,,1018.8,27.5,28.0
2026-07-03 03:30:00,120.0,4.0,,1018.9,27.5,27.9
2026-07-03 03:20:00,120.0,4.0,0.8,1019.0,27.5,27.9
2026-07-03 03:10:00,110.0,4.0,0.8,1019.0,27.5,28.0
2026-07-03 03:00:00,100.0,4.0,,1019.0,27.4,28.0
2026-07-03 02:50:00,110.0,4.0,0.9,1019.0,27.5,28.0
2026-07-03 02:40:00,110.0,5.0,,1018.9,27.4,28.0
2026-07-03 02:30:00,100.0,5.0,,1018.9,27.4,28.0
2026-07-03 02:20:00,100.0,5.0,0.8,1018.9,27.3,28.0
2026-07-03 02:10:00,100.0,5.0,0.8,1018.8,27.4,28.0
2026-07-03 02:00:00,100.0,5.0,,1018.9,27.3,28.0
2026-07-03 01:50:00,100.0,5.0,0.8,1018.8,27.3,28.0
2026-07-03 01:40:00,100.0,5.0,,1018.7,27.3,28.0
2026-07-03 01:30:00,100.0,5.0,,1018.6,27.3,28.1
2026-07-03 01:20:00,90.0,5.0,0.8,1018.6,27.3,28.1
2026-07-03 01:10:00,90.0,5.0,0.8,1018.6,27.3,28.1
2026-07-03 01:00:00,100.0,5.0,,1018.6,27.3,28.1
2026-07-03 00:50:00,80.0,4.0,0.7,1018.5,27.3,28.1
2026-07-03 00:40:00,80.0,5.0,0.7,1018.5,27.3,28.2
2026-07-03 00:30:00,90.0,5.0,,1018.6,27.3,28.2
2026-07-03 00:20:00,90.0,4.0,0.8,1018.6,27.3,28.2
2026-07-03 00:10:00,90.0,5.0,0.8,1018.7,27.3,28.2
2026-07-03 00:00:00,90.0,4.0,,1018.6,27.3,
2026-07-02 23:50:00,80.0,4.0,0.8,1018.7,27.4,28.3
2026-07-02 23:40:00,80.0,4.0,,1018.7,27.3,28.3
2026-07-02 23:10:00,80.0,4.0,0.8,1018.6,27.3,28.3
2026-07-02 23:00:00,80.0,4.0,,1018.5,27.3,28.4
2026-07-02 22:50:00,90.0,4.0,0.8,1018.5,27.3,28.4
2026-07-02 22:40:00,80.0,4.0,,1018.5,27.3,28.4
2026-07-02 22:30:00,80.0,4.0,,1018.6,27.3,28.4
2026-07-02 22:20:00,80.0,4.0,0.8,1018.5,27.3,28.4
2026-07-02 22:10:00,70.0,4.0,0.8,1018.6,27.3,28.4
2026-07-02 22:00:00,70.0,4.0,,1018.7,27.3,28.4
2026-07-02 21:50:00,70.0,4.0,0.8,1018.8,27.3,28.4
2026-07-02 21:40:00,70.0,4.0,,1018.7,27.3,28.4
2026-07-02 21:30:00,70.0,4.0,,1018.8,27.3,28.4
2026-07-02 21:20:00,70.0,4.0,0.8,1018.9,27.3,28.4
2026-07-02 21:10:00,70.0,4.0,0.8,1019.0,27.2,28.5
2026-07-02 21:00:00,80.0,4.0,,1019.1,27.2,28.5
2026-07-02 20:50:00,70.0,4.0,0.7,1019.0,27.2,28.5
2026-07-02 20:40:00,70.0,4.0,,1019.0,27.1,28.5
2026-07-02 20:30:00,70.0,4.0,,1019.1,27.1,28.5
2026-07-02 20:20:00,70.0,4.0,0.8,1019.1,27.1,28.5
2026-07-02 20:10:00,80.0,3.0,0.8,1019.2,27.0,28.5
2026-07-02 20:00:00,80.0,4.0,,1019.1,27.0,28.5
2026-07-02 19:50:00,60.0,4.0,0.8,1019.2,26.9,28.5
2026-07-02 19:40:00,60.0,4.0,,1019.3,26.9,
2026-07-02 19:30:00,70.0,4.0,,1019.4,27.0,28.5
2026-07-02 19:20:00,70.0,4.0,0.9,1019.4,,28.5
2026-07-02 19:10:00,70.0,4.0,0.9,1019.5,26.9,28.5
2026-07-02 19:00:00,60.0,4.0,,1019.7,26.9,
2026-07-02 18:50:00,60.0,4.0,0.8,1019.7,26.9,28.5
2026-07-02 18:40:00,50.0,4.0,,1019.8,26.9,28.5
2026-07-02 18:30:00,60.0,3.0,,1020.0,26.8,28.4
2026-07-02 18:20:00,70.0,3.0,0.8,1019.9,26.8,28.4
2026-07-02 18:10:00,60.0,3.0,0.8,1019.9,26.8,28.4
2026-07-02 18:00:00,60.0,3.0,,1019.9,26.8,28.4
2026-07-02 17:50:00,50.0,3.0,0.8,1019.9,26.7,28.4
2026-07-02 17:40:00,40.0,3.0,,1019.9,26.7,28.3
2026-07-02 17:30:00,40.0,2.0,,1020.1,26.7,28.4
2026-07-02 17:20:00,40.0,2.0,0.8,1020.1,26.7,28.4
2026-07-02 17:10:00,30.0,3.0,,1020.1,26.7,28.3
2026-07-02 17:00:00,40.0,3.0,,1020.1,26.6,28.3
2026-07-02 16:50:00,40.0,2.0,0.9,1020.1,26.6,28.2
2026-07-02 16:40:00,30.0,3.0,,1020.0,26.6,28.2
2026-07-02 16:30:00,50.0,3.0,,1019.8,26.6,28.2
2026-07-02 16:20:00,60.0,3.0,0.9,1019.8,26.6,28.2
2026-07-02 16:10:00,50.0,3.0,0.9,1019.8,26.6,28.2
2026-07-02 16:00:00,50.0,3.0,,1019.9,26.7,28.1
2026-07-02 15:50:00,40.0,3.0,0.9,1020.0,26.7,28.1
2026-07-02 15:40:00,40.0,3.0,,1020.0,26.7,28.1
2026-07-02 15:30:00,40.0,3.0,,1020.0,26.7,28.1
2026-07-02 15:20:00,40.0,3.0,0.9,1020.1,26.7,28.1
2026-07-02 15:10:00,30.0,3.0,0.9,1019.9,26.7,28.0
2026-07-02 15:00:00,30.0,3.0,,1019.9,26.7,28.0
2026-07-02 14:50:00,40.0,3.0,0.9,1019.8,26.7,28.0
2026-07-02 14:40:00,30.0,3.0,,1019.9,26.7,28.0
2026-07-02 14:30:00,20.0,3.0,,1019.8,26.7,28.0
2026-07-02 14:20:00,40.0,3.0,0.8,1019.7,26.8,28.0
2026-07-02 14:10:00,40.0,3.0,,1019.7,26.7,27.9
2026-07-02 14:00:00,30.0,3.0,,1019.7,26.7,27.9
2026-07-02 13:50:00,20.0,3.0,0.8,1019.7,26.7,27.9
2026-07-02 13:40:00,30.0,3.0,,1019.6,26.8,27.9
2026-07-02 13:30:00,20.0,3.0,,1019.6,26.8,27.9
2026-07-02 13:20:00,20.0,3.0,0.8,1019.4,26.7,27.9
2026-07-02 13:10:00,30.0,3.0,0.8,1019.2,26.8,27.9
2026-07-02 13:00:00,40.0,3.0,,1019.2,26.7,
2026-07-02 12:50:00,30.0,3.0,0.8,1019.1,26.8,27.9
2026-07-02 12:40:00,30.0,2.0,,1019.1,26.8,27.9
2026-07-02 12:30:00,20.0,2.0,,1019.1,26.8,27.9
2026-07-02 12:20:00,10.0,2.0,0.7,1019.0,26.7,27.9
2026-07-02 12:10:00,20.0,3.0,0.7,1019.0,26.8,27.9
2026-07-02 12:00:00,30.0,2.0,,1019.0,26.8,
2026-07-02 11:50:00,40.0,2.0,0.8,1018.7,26.8,27.9
2026-07-02 11:40:00,40.0,2.0,,1018.6,26.8,27.9
2026-07-02 11:30:00,40.0,2.0,,1018.5,26.7,27.9
2026-07-02 11:20:00,30.0,2.0,0.8,1018.4,26.7,27.9
2026-07-02 11:10:00,40.0,2.0,,1018.4,26.7,27.8
2026-07-02 11:00:00,40.0,2.0,,1018.5,26.7,
2026-07-02 10:50:00,40.0,2.0,0.9,1018.6,26.6,27.9
2026-07-02 10:40:00,40.0,2.0,,1018.6,26.6,27.9
2026-07-02 10:30:00,60.0,2.0,,1018.5,26.5,27.9
2026-07-02 10:20:00,50.0,1.0,0.9,1018.5,26.5,27.9
2026-07-02 10:10:00,70.0,2.0,0.9,1018.5,26.5,27.9
2026-07-02 10:00:00,90.0,2.0,,1018.4,26.5,27.9
2026-07-02 09:50:00,70.0,1.0,0.9,1018.3,26.5,27.9
2026-07-02 09:40:00,70.0,1.0,0.9,1018.2,26.5,27.9
2026-07-02 09:30:00,70.0,1.0,,1018.1,26.5,27.9
2026-07-02 09:20:00,70.0,2.0,0.8,1018.0,26.5,27.9
2026-07-02 09:10:00,70.0,2.0,,1018.0,26.6,27.9
2026-07-02 09:00:00,90.0,2.0,,1017.8,26.5,
2026-07-02 08:50:00,90.0,2.0,0.8,1017.7,26.6,27.9
2026-07-02 08:40:00,90.0,2.0,,1017.8,26.6,27.9
2026-07-02 08:30:00,90.0,2.0,,1017.9,26.6,27.9
2026-07-02 08:20:00,90.0,2.0,0.9,1018.1,26.6,27.9
2026-07-02 08:10:00,80.0,2.0,0.9,1017.9,26.6,27.9
2026-07-02 08:00:00,80.0,2.0,,1017.8,26.6,
2026-07-02 07:50:00,100.0,2.0,0.9,1017.8,26.7,
2026-07-02 07:40:00,110.0,3.0,0.9,1017.7,26.7,27.9
2026-07-02 07:30:00,110.0,3.0,,1017.8,26.7,27.9
2026-07-02 07:20:00,100.0,3.0,0.9,1017.8,26.7,27.9
2026-07-02 07:10:00,100.0,3.0,0.9,1017.7,26.7,27.9
2026-07-02 07:00:00,100.0,3.0,,1017.8,26.7,
2026-07-02 06:50:00,100.0,3.0,0.9,1018.0,26.7,
2026-07-02 06:40:00,110.0,3.0,0.9,1018.0,26.7,28.0
2026-07-02 06:30:00,110.0,4.0,,1017.9,26.7,28.0
2026-07-02 06:20:00,110.0,4.0,1.0,1018.0,26.8,28.0
2026-07-02 06:10:00,100.0,4.0,1.0,1018.0,26.8,27.9
2026-07-02 06:00:00,100.0,4.0,,1018.0,26.7,
2026-07-02 05:50:00,90.0,4.0,1.1,1018.1,26.7,27.9
2026-07-02 05:40:00,90.0,4.0,,1018.2,26.8,27.9
2026-07-02 05:30:00,90.0,4.0,,1018.2,26.8,27.9
2026-07-02 05:20:00,90.0,4.0,0.9,1018.3,26.8,27.9
2026-07-02 05:10:00,90.0,4.0,0.9,1018.3,26.8,27.9
2026-07-02 05:00:00,90.0,4.0,,1018.3,26.8,27.9
2026-07-02 04:50:00,90.0,4.0,1.0,1018.3,26.8,27.9
2026-07-02 04:40:00,90.0,5.0,,1018.3,26.8,28.0
2026-07-02 04:30:00,80.0,5.0,,1018.3,26.8,28.0
2026-07-02 04:20:00,90.0,5.0,1.0,1018.2,26.8,28.0
2026-07-02 04:10:00,90.0,5.0,1.0,1018.3,26.8,28.0
2026-07-02 04:00:00,90.0,5.0,,1018.4,26.8,28.0
2026-07-02 03:50:00,90.0,5.0,0.9,1018.4,26.8,28.0
2026-07-02 03:40:00,90.0,6.0,,1018.4,26.8,28.0
2026-07-02 03:30:00,90.0,5.0,,1018.3,26.8,28.0
2026-07-02 03:20:00,90.0,6.0,1.0,1018.4,26.9,28.0
2026-07-02 03:10:00,90.0,6.0,1.0,1018.4,26.8,28.0
2026-07-02 03:00:00,80.0,6.0,,1018.4,26.8,28.0
2026-07-02 02:50:00,90.0,6.0,0.9,1018.3,26.8,28.1
2026-07-02 02:40:00,80.0,6.0,,1018.1,26.8,28.1
2026-07-02 02:30:00,80.0,6.0,,1018.0,26.9,28.1
2026-07-02 02:20:00,80.0,6.0,1.0,1018.0,26.9,28.1
2026-07-02 02:10:00,80.0,6.0,1.0,1018.1,26.9,28.1
2026-07-02 02:00:00,80.0,6.0,,1018.0,26.9,
2026-07-02 01:50:00,70.0,6.0,0.9,1018.0,26.9,28.1
2026-07-02 01:40:00,80.0,6.0,,1018.0,26.9,28.1
2026-07-02 01:30:00,80.0,6.0,,1017.9,26.9,28.1
2026-07-02 01:20:00,80.0,6.0,0.9,1018.0,26.9,28.0
2026-07-02 01:10:00,80.0,6.0,,1018.0,26.8,28.0
2026-07-02 01:00:00,80.0,6.0,,1017.9,26.8,
2026-07-02 00:50:00,70.0,6.0,0.9,1018.0,26.9,28.1
2026-07-02 00:40:00,70.0,6.0,,1017.9,26.9,28.1
2026-07-02 00:30:00,70.0,6.0,,1017.9,26.9,
2026-07-02 00:20:00,70.0,6.0,0.9,1017.9,27.0,28.1
2026-07-02 00:10:00,70.0,6.0,0.9,1017.8,27.0,28.1
2026-07-02 00:00:00,60.0,5.0,,1017.9,27.0,
2026-07-01 23:50:00,60.0,5.0,0.8,1017.9,27.1,28.1
2026-07-01 23:40:00,70.0,5.0,,1018.0,27.1,28.1
2026-07-01 23:30:00,60.0,5.0,,1018.1,27.2,28.1
2026-07-01 23:20:00,60.0,5.0,0.9,1018.1,27.2,28.1
2026-07-01 23:10:00,70.0,5.0,0.9,1018.2,27.2,28.1
2026-07-01 23:00:00,70.0,5.0,,1018.3,27.2,28.2
2026-07-01 22:50:00,60.0,4.0,0.9,1018.3,27.3,28.2
2026-07-01 22:40:00,60.0,4.0,,1018.2,27.3,28.2
2026-07-01 22:30:00,60.0,4.0,,1018.3,27.3,28.2
2026-07-01 22:20:00,50.0,5.0,0.9,1018.3,27.3,28.2
2026-07-01 22:10:00,40.0,4.0,0.9,1018.3,27.3,28.2
2026-07-01 22:00:00,50.0,4.0,,1018.5,27.3,28.3
2026-07-01 21:50:00,50.0,4.0,1.0,1018.5,27.2,28.2
2026-07-01 21:40:00,40.0,4.0,,1018.6,27.3,28.2
2026-07-01 21:30:00,50.0,4.0,,1018.6,27.3,
2026-07-01 21:20:00,50.0,5.0,0.9,1018.7,27.3,28.2
2026-07-01 21:10:00,40.0,4.0,0.9,1018.8,27.3,28.3
2026-07-01 21:00:00,50.0,4.0,,1018.9,27.2,28.3
2026-07-01 20:50:00,40.0,4.0,1.0,1018.9,27.2,28.3
2026-07-01 20:40:00,50.0,4.0,1.0,1018.9,27.2,28.3
2026-07-01 20:30:00,50.0,4.0,,1018.7,27.2,28.3
2026-07-01 20:20:00,60.0,4.0,0.9,1018.9,27.2,28.3
2026-07-01 20:10:00,40.0,4.0,0.9,1019.0,27.2,28.3
2026-07-01 20:00:00,40.0,3.0,,1019.1,27.2,28.3
2026-07-01 19:50:00,50.0,4.0,0.9,1019.1,27.2,28.3
2026-07-01 19:40:00,60.0,4.0,,1019.1,27.2,28.3
2026-07-01 19:30:00,60.0,4.0,,1019.2,27.2,28.3
2026-07-01 19:20:00,70.0,4.0,0.9,1019.2,27.2,
2026-07-01 19:10:00,60.0,3.0,0.9,1019.3,27.1,28.2
2026-07-01 19:00:00,70.0,4.0,,1019.4,27.2,28.2
2026-07-01 18:50:00,60.0,4.0,1.0,1019.5,27.2,28.2
2026-07-01 18:40:00,60.0,4.0,,1019.5,27.2,28.2
2026-07-01 18:30:00,70.0,4.0,,1019.5,27.2,28.2
2026-07-01 18:20:00,70.0,4.0,1.0,1019.6,27.2,28.2
2026-07-01 18:10:00,60.0,4.0,1.0,1019.7,27.2,28.1
2026-07-01 18:00:00,60.0,4.0,,1019.8,27.1,28.1
2026-07-01 17:50:00,60.0,4.0,0.9,1019.7,27.2,28.1
2026-07-01 17:40:00,60.0,5.0,,1019.7,27.1,28.1
2026-07-01 17:30:00,60.0,5.0,,1019.8,27.1,28.1
2026-07-01 17:20:00,60.0,5.0,1.1,1019.8,27.1,28.1
2026-07-01 17:10:00,60.0,5.0,1.1,1019.9,27.1,28.1
2026-07-01 17:00:00,70.0,5.0,,1020.0,27.1,28.1
2026-07-01 16:50:00,60.0,4.0,1.0,1020.1,27.0,28.1
2026-07-01 16:40:00,60.0,5.0,,1020.1,27.1,28.1
2026-07-01 16:30:00,60.0,5.0,,1020.1,27.0,28.0
2026-07-01 16:20:00,60.0,4.0,1.0,1020.1,27.1,28.0
2026-07-01 16:10:00,60.0,5.0,,1020.1,27.0,28.0
2026-07-01 16:00:00,60.0,5.0,,1020.3,27.0,28.0
2026-07-01 15:50:00,60.0,5.0,1.1,1020.2,27.0,28.0
2026-07-01 15:40:00,60.0,5.0,,1020.2,26.9,28.0
2026-07-01 15:30:00,70.0,5.0,,1020.1,27.0,28.0
2026-07-01 15:20:00,70.0,5.0,1.0,1020.0,26.9,27.9
2026-07-01 15:10:00,70.0,5.0,,1019.9,26.9,27.9
2026-07-01 15:00:00,70.0,5.0,,1019.8,27.0,27.9
2026-07-01 14:50:00,60.0,5.0,1.0,1019.8,27.0,27.9
2026-07-01 14:40:00,60.0,5.0,,1019.8,27.0,27.9
2026-07-01 14:30:00,70.0,5.0,,1019.8,27.0,27.9
2026-07-01 14:20:00,60.0,5.0,1.0,1019.8,27.0,27.9
2026-07-01 14:10:00,60.0,5.0,1.0,1019.6,27.0,27.9
2026-07-01 14:00:00,60.0,5.0,,1019.7,27.0,27.9
2026-07-01 13:50:00,60.0,5.0,1.0,1019.6,27.0,27.9
2026-07-01 13:40:00,60.0,5.0,,1019.5,26.9,27.9
2026-07-01 13:30:00,50.0,6.0,,1019.5,26.9,27.9
2026-07-01 13:20:00,60.0,6.0,1.1,1019.5,26.9,27.9
2026-07-01 13:10:00,60.0,6.0,1.1,1019.3,26.9,
2026-07-01 13:00:00,70.0,6.0,,1019.3,26.9,27.9
2026-07-01 12:50:00,60.0,6.0,1.0,1019.3,26.8,27.9
2026-07-01 12:40:00,70.0,6.0,,1019.0,26.8,27.9
2026-07-01 12:30:00,60.0,6.0,,1018.9,26.8,27.9
2026-07-01 12:20:00,60.0,6.0,1.0,1018.7,26.8,27.9
2026-07-01 12:10:00,60.0,6.0,1.0,1018.6,26.8,27.9
2026-07-01 12:00:00,60.0,6.0,,1018.5,26.8,27.9
2026-07-01 11:50:00,60.0,6.0,1.0,1018.5,26.8,27.9
2026-07-01 11:40:00,60.0,6.0,1.0,1018.4,26.7,27.9
2026-07-01 11:30:00,60.0,6.0,,1018.2,26.7,27.9
2026-07-01 11:20:00,60.0,6.0,1.0,1018.2,26.7,27.9
2026-07-01 11:10:00,60.0,6.0,1.0,1018.1,26.8,27.9
2026-07-01 11:00:00,60.0,6.0,,1018.1,26.7,27.9
2026-07-01 10:50:00,60.0,7.0,1.0,1018.1,26.7,27.9
2026-07-01 10:40:00,60.0,7.0,,1017.8,26.8,27.9
2026-07-01 10:30:00,60.0,6.0,,1017.8,26.8,27.9
2026-07-01 10:20:00,70.0,6.0,1.1,1017.8,26.8,27.9
2026-07-01 10:10:00,70.0,6.0,1.1,1017.7,26.8,27.9
2026-07-01 10:00:00,60.0,6.0,,1017.6,26.8,27.9
2026-07-01 09:50:00,60.0,6.0,1.0,1017.6,26.8,27.9
2026-07-01 09:40:00,60.0,6.0,,1017.6,26.8,27.9
2026-07-01 09:30:00,60.0,6.0,,1017.6,26.9,27.9
2026-07-01 09:20:00,60.0,7.0,1.1,1017.5,26.9,27.9
2026-07-01 09:10:00,60.0,6.0,1.1,1017.5,26.9,28.0
2026-07-01 09:00:00,70.0,6.0,,1017.5,27.0,28.0
2026-07-01 08:50:00,70.0,6.0,1.1,1017.4,26.9,28.0
2026-07-01 08:40:00,70.0,6.0,,1017.3,27.0,28.0
2026-07-01 08:30:00,70.0,6.0,,1017.3,27.1,28.0
2026-07-01 08:20:00,70.0,5.0,1.1,1017.4,27.1,28.0
2026-07-01 08:10:00,70.0,6.0,1.1,1017.4,27.1,28.0
2026-07-01 08:00:00,80.0,6.0,,1017.4,27.1,28.0
2026-07-01 07:50:00,70.0,6.0,1.1,1017.4,27.1,28.0
2026-07-01 07:40:00,70.0,6.0,,1017.5,27.1,28.0
2026-07-01 07:30:00,70.0,6.0,,1017.3,27.1,28.0
2026-07-01 07:20:00,70.0,6.0,1.2,1017.4,27.1,28.0
2026-07-01 07:10:00,70.0,6.0,1.2,1017.3,27.0,28.0
2026-07-01 07:00:00,70.0,6.0,,1017.4,27.1,28.0
2026-07-01 06:50:00,70.0,6.0,1.1,1017.6,27.2,28.0
2026-07-01 06:40:00,70.0,6.0,,1017.5,27.2,28.0
2026-07-01 06:30:00,80.0,6.0,,1017.7,27.3,28.0
2026-07-01 06:20:00,80.0,5.0,1.1,1017.6,27.4,28.0
2026-07-01 06:10:00,80.0,6.0,1.1,1017.7,27.4,28.0
2026-07-01 06:00:00,70.0,5.0,,1017.8,27.3,
2026-07-01 05:50:00,70.0,6.0,1.2,1018.0,27.3,28.0
2026-07-01 05:40:00,70.0,5.0,,1018.2,27.4,28.0
2026-07-01 05:30:00,70.0,6.0,,1018.2,27.4,28.0
2026-07-01 05:20:00,70.0,6.0,1.2,1018.3,27.4,28.0
2026-07-01 05:10:00,70.0,6.0,1.2,1018.4,27.4,28.0
2026-07-01 05:00:00,80.0,6.0,,1018.4,27.5,28.0
2026-07-01 04:50:00,80.0,6.0,1.3,1018.5,27.5,28.0
2026-07-01 04:40:00,80.0,6.0,,1018.5,27.5,28.0
2026-07-01 04:30:00,80.0,6.0,,1018.6,27.5,28.0
2026-07-01 04:20:00,80.0,6.0,1.2,1018.6,27.6,28.1
2026-07-01 04:10:00,80.0,6.0,1.2,1018.8,27.6,28.0
2026-07-01 04:00:00,80.0,7.0,,1018.8,27.5,28.0
2026-07-01 03:50:00,80.0,7.0,1.1,1018.8,27.6,28.1
2026-07-01 03:40:00,80.0,7.0,,1018.9,27.6,28.0
2026-07-01 03:30:00,80.0,7.0,,1018.9,27.6,28.1
2026-07-01 03:20:00,80.0,7.0,1.2,1019.0,27.6,28.1
2026-07-01 03:10:00,70.0,7.0,1.2,1019.0,27.5,28.1
2026-07-01 03:00:00,70.0,7.0,,1019.0,27.5,28.1
2026-07-01 02:50:00,70.0,7.0,1.2,1018.9,27.5,28.1
2026-07-01 02:40:00,70.0,7.0,,1018.9,27.5,28.1
2026-07-01 02:30:00,70.0,7.0,,1018.9,27.5,28.1
2026-07-01 02:20:00,70.0,7.0,1.2,1018.8,27.5,28.1
2026-07-01 02:10:00,70.0,7.0,1.2,1018.7,27.4,28.1
2026-07-01 02:00:00,70.0,7.0,,1018.6,27.5,28.1
2026-07-01 01:50:00,70.0,8.0,1.3,1018.6,27.5,28.1
2026-07-01 01:40:00,60.0,7.0,,1018.5,27.5,28.1
2026-07-01 01:30:00,70.0,7.0,,1018.5,27.5,28.1
2026-07-01 01:20:00,60.0,7.0,1.3,1018.4,27.5,28.1
2026-07-01 01:10:00,70.0,7.0,1.3,1018.3,27.4,28.1
2026-07-01 01:00:00,60.0,7.0,,1018.2,27.5,28.1
2026-07-01 00:50:00,60.0,8.0,1.2,1018.2,27.4,28.1
2026-07-01 00:40:00,60.0,7.0,,1018.1,27.5,28.1
2026-07-01 00:30:00,60.0,7.0,,1018.0,27.5,28.1
2026-07-01 00:20:00,60.0,7.0,1.2,1018.0,27.4,28.1
2026-07-01 00:10:00,60.0,7.0,1.2,1018.0,27.5,28.1
2026-07-01 00:00:00,60.0,8.0,,1018.0,27.5,28.1
2026-06-30 23:50:00,60.0,8.0,1.2,1017.9,27.5,28.1
2026-06-30 23:40:00,60.0,8.0,1.2,1017.9,27.5,28.2
2026-06-30 23:00:00,60.0,7.0,1.3,1017.7,27.3,28.2
2026-06-30 22:50:00,50.0,8.0,1.3,1017.8,27.3,28.2
2026-06-30 22:40:00,50.0,8.0,,1017.8,27.3,28.2
2026-06-30 22:30:00,50.0,8.0,,1017.7,27.2,28.2
2026-06-30 22:20:00,50.0,8.0,1.2,1017.8,27.2,28.2
2026-06-30 22:10:00,60.0,7.0,,1017.7,27.1,28.2
2026-06-30 22:00:00,60.0,7.0,,1017.9,27.0,28.2
2026-06-30 21:50:00,50.0,7.0,1.3,1018.1,27.0,28.2
2026-06-30 21:40:00,50.0,7.0,,1018.1,27.0,28.3
2026-06-30 21:30:00,50.0,8.0,,1018.2,27.0,28.3
2026-06-30 21:20:00,40.0,8.0,1.2,1018.0,27.0,28.3
2026-06-30 21:10:00,40.0,7.0,1.2,1018.1,27.0,28.3
2026-06-30 21:00:00,40.0,8.0,,1018.1,26.9,28.3
2026-06-30 20:50:00,40.0,8.0,1.3,1018.1,27.0,28.3
2026-06-30 20:40:00,40.0,8.0,,1018.0,26.9,28.3
2026-06-30 20:30:00,40.0,8.0,,1018.1,26.9,28.3
2026-06-30 20:20:00,40.0,8.0,1.2,1018.4,26.9,28.3
2026-06-30 20:10:00,30.0,8.0,1.2,1018.3,26.9,28.3
2026-06-30 20:00:00,30.0,8.0,,1018.4,26.9,28.3
2026-06-30 19:50:00,30.0,8.0,1.2,1018.5,26.9,28.3
2026-06-30 19:40:00,30.0,8.0,,1018.6,26.9,28.3
2026-06-30 19:30:00,30.0,8.0,,1018.8,26.9,28.3
2026-06-30 19:20:00,30.0,8.0,1.1,1018.9,27.0,28.3
2026-06-30 19:10:00,30.0,8.0,1.1,1018.8,27.0,28.3
2026-06-30 19:00:00,30.0,8.0,,1018.9,27.0,28.4
2026-06-30 18:50:00,30.0,7.0,1.2,1019.0,27.0,28.4
2026-06-30 18:40:00,30.0,7.0,,1019.1,26.9,
2026-06-30 18:30:00,20.0,7.0,,1019.1,26.9,28.4
2026-06-30 18:20:00,20.0,7.0,1.2,1019.2,26.9,28.3
2026-06-30 18:10:00,20.0,7.0,1.2,1019.3,26.9,28.4
2026-06-30 18:00:00,30.0,7.0,,1019.3,26.9,
2026-06-30 17:50:00,30.0,7.0,1.2,1019.3,26.8,28.4
2026-06-30 17:40:00,20.0,7.0,1.2,1019.5,26.8,28.4
2026-06-30 17:30:00,20.0,7.0,,1019.4,26.8,28.4
2026-06-30 17:20:00,20.0,7.0,1.2,1019.5,26.8,28.4
2026-06-30 17:10:00,20.0,8.0,1.2,1019.5,26.7,28.3
2026-06-30 17:00:00,20.0,7.0,,1019.4,26.7,28.3
2026-06-30 16:50:00,20.0,7.0,1.1,1019.4,26.6,28.3
2026-06-30 16:40:00,30.0,7.0,,1019.4,26.6,28.3
2026-06-30 16:30:00,20.0,7.0,,1019.5,26.7,28.3
2026-06-30 16:20:00,20.0,7.0,1.2,1019.6,26.7,28.3
2026-06-30 16:10:00,20.0,7.0,1.2,1019.5,26.7,28.3
2026-06-30 16:00:00,20.0,7.0,,1019.6,26.6,28.3
2026-06-30 15:50:00,20.0,7.0,1.2,1019.5,26.6,28.3
2026-06-30 15:40:00,20.0,7.0,,1019.5,26.6,28.3
2026-06-30 15:30:00,20.0,7.0,,1019.4,26.6,28.3
2026-06-30 15:20:00,20.0,7.0,1.2,1019.5,26.7,28.3
2026-06-30 15:10:00,20.0,7.0,1.2,1019.6,26.7,28.3
2026-06-30 15:00:00,20.0,7.0,,1019.4,26.6,28.3
2026-06-30 14:50:00,20.0,7.0,1.2,1019.4,26.8,28.2
2026-06-30 14:40:00,20.0,7.0,,1019.4,26.8,28.2
2026-06-30 14:30:00,20.0,7.0,,1019.4,26.8,28.2
2026-06-30 14:20:00,20.0,7.0,1.2,1019.2,26.8,28.2
2026-06-30 14:10:00,10.0,8.0,1.2,1019.2,26.8,28.2
2026-06-30 14:00:00,10.0,8.0,,1019.3,26.8,28.2
2026-06-30 13:50:00,10.0,7.0,1.2,1019.2,26.9,28.2
2026-06-30 13:40:00,20.0,7.0,,1019.2,26.9,28.2
2026-06-30 13:30:00,20.0,7.0,,1019.2,26.9,28.2
2026-06-30 13:20:00,20.0,7.0,1.1,1019.1,26.9,28.2
2026-06-30 13:10:00,20.0,7.0,1.1,1019.1,27.0,28.2
2026-06-30 13:00:00,30.0,7.0,,1018.9,26.9,28.2
2026-06-30 12:50:00,30.0,7.0,1.1,1019.0,26.9,
2026-06-30 12:40:00,30.0,7.0,,1018.9,26.9,28.2
2026-06-30 12:30:00,30.0,7.0,,1018.8,26.9,28.2
2026-06-30 12:20:00,40.0,7.0,1.0,1018.7,26.9,28.2
2026-06-30 12:10:00,30.0,7.0,1.0,1018.6,26.9,28.2
2026-06-30 12:00:00,30.0,7.0,,1018.3,26.9,
2026-06-30 11:50:00,40.0,7.0,1.0,1018.4,27.0,28.2
2026-06-30 11:40:00,30.0,7.0,,1018.2,27.1,28.2
2026-06-30 11:30:00,30.0,7.0,,1018.1,27.0,28.2
2026-06-30 11:20:00,30.0,7.0,0.9,1018.0,27.0,28.2
2026-06-30 11:10:00,30.0,6.0,0.9,1017.9,27.1,28.2
2026-06-30 11:00:00,30.0,6.0,,1017.8,27.0,28.2
2026-06-30 10:50:00,30.0,7.0,0.8,1017.8,27.1,28.2
2026-06-30 10:40:00,30.0,7.0,,1017.7,27.1,28.2
2026-06-30 10:30:00,40.0,7.0,,1017.5,27.0,28.2
2026-06-30 10:20:00,40.0,6.0,0.8,1017.4,27.1,28.2
2026-06-30 10:10:00,40.0,6.0,0.8,1017.4,27.1,28.2
2026-06-30 10:00:00,40.0,5.0,,1017.5,27.1,28.2
2026-06-30 09:50:00,40.0,5.0,0.9,1017.6,27.0,28.2
2026-06-30 09:40:00,40.0,5.0,,1017.5,27.1,28.2
2026-06-30 09:30:00,40.0,5.0,,1017.5,27.0,28.2
2026-06-30 09:20:00,50.0,5.0,0.8,1017.4,27.1,28.2
2026-06-30 09:10:00,40.0,5.0,0.8,1017.5,27.1,28.2
2026-06-30 09:00:00,40.0,5.0,,1017.4,27.1,28.2
2026-06-30 08:50:00,40.0,4.0,0.8,1017.5,27.1,28.2
2026-06-30 08:40:00,40.0,4.0,,1017.6,27.0,28.2
2026-06-30 08:30:00,50.0,4.0,,1017.5,27.0,28.2
2026-06-30 08:20:00,40.0,5.0,0.8,1017.5,27.1,28.2
2026-06-30 08:10:00,40.0,4.0,0.8,1017.7,27.1,28.3
2026-06-30 08:00:00,40.0,4.0,,1017.7,27.1,28.3
2026-06-30 07:50:00,50.0,5.0,0.8,1017.6,27.1,28.3
2026-06-30 07:40:00,50.0,5.0,,1017.6,27.1,28.3
2026-06-30 07:30:00,50.0,5.0,,1017.5,27.1,28.3
2026-06-30 07:20:00,50.0,5.0,0.8,1017.5,27.2,28.3
2026-06-30 07:10:00,50.0,5.0,,1017.6,27.2,28.3
2026-06-30 07:00:00,50.0,4.0,,1017.6,27.2,28.3
2026-06-30 06:50:00,40.0,4.0,0.8,1017.8,27.3,28.3
2026-06-30 06:40:00,40.0,4.0,,1017.9,27.3,
2026-06-30 06:30:00,50.0,4.0,,1018.0,27.3,28.3
2026-06-30 06:20:00,70.0,3.0,0.8,1018.0,27.3,28.3
2026-06-30 06:10:00,70.0,4.0,0.8,1018.1,27.3,28.3
2026-06-30 06:00:00,70.0,4.0,,1018.3,27.4,28.3
2026-06-30 05:50:00,70.0,4.0,0.8,1018.4,27.4,28.3
2026-06-30 05:40:00,70.0,4.0,0.8,1018.5,27.4,28.3
2026-06-30 05:30:00,70.0,4.0,,1018.5,27.4,28.3
2026-06-30 05:20:00,70.0,4.0,0.7,1018.5,27.4,28.3
2026-06-30 05:10:00,80.0,4.0,0.7,1018.6,27.3,28.3
2026-06-30 05:00:00,90.0,3.0,,1018.7,27.4,28.3
2026-06-30 04:50:00,80.0,4.0,0.8,1018.7,27.4,28.3
2026-06-30 04:40:00,90.0,3.0,,1018.6,27.4,28.3
2026-06-30 04:30:00,90.0,4.0,,1018.6,27.4,28.3
2026-06-30 04:20:00,90.0,4.0,0.8,1018.6,27.4,28.3
2026-06-30 04:10:00,90.0,4.0,0.8,1018.6,27.4,28.3
2026-06-30 04:00:00,90.0,4.0,,1018.5,27.5,28.3
2026-06-30 03:50:00,90.0,4.0,0.8,1018.5,27.6,
2026-06-30 03:40:00,100.0,4.0,,1018.6,27.7,28.3
2026-06-30 03:30:00,90.0,4.0,,1018.6,27.6,28.3
2026-06-30 03:20:00,90.0,4.0,0.8,1018.6,27.7,28.3
2026-06-30 03:10:00,80.0,4.0,0.8,1018.5,27.6,28.3
2026-06-30 03:00:00,80.0,4.0,,1018.5,27.6,28.3
2026-06-30 02:50:00,90.0,4.0,0.8,1018.4,27.6,28.3
2026-06-30 02:40:00,90.0,4.0,0.8,1018.5,27.6,28.3
2026-06-30 02:30:00,100.0,3.0,,1018.6,27.6,28.3
2026-06-30 02:20:00,100.0,3.0,0.8,1018.6,27.7,28.3
2026-06-30 02:10:00,90.0,4.0,0.8,1018.5,27.7,28.3
2026-06-30 02:00:00,100.0,4.0,,1018.3,27.7,28.3
2026-06-30 01:50:00,100.0,3.0,0.8,1018.2,27.7,28.3
2026-06-30 01:40:00,90.0,3.0,0.8,1018.0,27.7,28.3
2026-06-30 01:30:00,90.0,4.0,,1017.9,27.7,28.3
2026-06-30 01:20:00,80.0,4.0,0.8,1017.7,27.7,28.3
2026-06-30 01:10:00,80.0,4.0,0.8,1017.3,27.7,28.3
2026-06-30 01:00:00,80.0,4.0,,1017.5,27.8,28.3
2026-06-30 00:50:00,80.0,4.0,0.8,1017.3,27.9,28.4
2026-06-30 00:40:00,90.0,3.0,,1017.2,27.9,28.4
2026-06-30 00:30:00,80.0,3.0,,1017.3,27.9,28.4
2026-06-30 00:20:00,90.0,4.0,0.8,1017.2,27.8,28.4
2026-06-30 00:10:00,90.0,3.0,0.8,1017.2,27.9,28.4
2026-06-30 00:00:00,90.0,4.0,,1017.2,28.0,
2026-06-29 23:50:00,80.0,4.0,0.8,1017.0,27.9,
2026-06-29 23:40:00,80.0,5.0,,1016.9,27.9,28.4
2026-06-29 23:20:00,80.0,5.0,0.8,1016.6,28.0,28.4
2026-06-29 23:10:00,80.0,5.0,0.8,1016.6,28.0,28.5
2026-06-29 23:00:00,80.0,5.0,,1016.6,28.1,28.5
2026-06-29 22:50:00,80.0,5.0,0.8,1016.6,28.1,28.5
2026-06-29 22:40:00,70.0,4.0,,1016.6,28.1,28.4
2026-06-29 22:30:00,70.0,5.0,,1016.7,28.1,28.4
2026-06-29 22:20:00,70.0,4.0,0.8,1016.7,28.1,28.4
2026-06-29 22:10:00,70.0,4.0,0.8,1016.9,28.1,28.5
2026-06-29 22:00:00,70.0,4.0,,1016.9,28.1,28.5
2026-06-29 21:50:00,70.0,5.0,0.8,1017.0,28.1,28.5
2026-06-29 21:40:00,60.0,5.0,,1017.1,28.0,28.5
2026-06-29 21:30:00,60.0,5.0,,1017.1,28.0,28.5
2026-06-29 21:20:00,60.0,5.0,0.8,1017.0,28.0,
2026-06-29 21:10:00,60.0,5.0,0.8,1017.1,28.0,28.5
2026-06-29 21:00:00,60.0,5.0,,1017.0,27.9,28.5
2026-06-29 20:50:00,50.0,5.0,0.8,1017.1,27.8,28.5
2026-06-29 20:40:00,60.0,6.0,,1017.1,27.5,28.6
2026-06-29 20:30:00,50.0,6.0,,1017.2,27.3,28.6
2026-06-29 20:20:00,60.0,6.0,0.9,1017.1,27.2,28.6
2026-06-29 20:10:00,60.0,6.0,0.9,1017.2,27.3,28.6
2026-06-29 20:00:00,60.0,6.0,,1017.2,27.5,28.6
2026-06-29 19:50:00,60.0,6.0,0.9,1017.0,27.6,28.5
2026-06-29 19:40:00,60.0,6.0,,1017.2,27.6,28.6
2026-06-29 19:30:00,60.0,6.0,,1017.2,27.6,28.6
2026-06-29 19:20:00,60.0,6.0,0.9,1017.3,27.6,
2026-06-29 19:10:00,,,0.9,,,
2026-06-29 19:00:00,50.0,6.0,,1017.5,27.6,28.6
2026-06-29 18:50:00,50.0,5.0,0.8,1017.6,27.5,28.6
2026-06-29 18:40:00,50.0,5.0,,1017.7,27.6,
2026-06-29 18:30:00,40.0,5.0,,1017.7,27.5,28.6
2026-06-29 18:20:00,40.0,6.0,0.9,1017.7,27.6,28.6
2026-06-29 18:10:00,40.0,6.0,0.9,1017.8,27.7,28.6
2026-06-29 18:00:00,30.0,6.0,,1017.8,27.9,28.6
2026-06-29 17:50:00,30.0,5.0,0.8,1017.7,27.9,28.6
2026-06-29 17:40:00,30.0,5.0,,1017.8,28.1,28.6
2026-06-29 17:30:00,20.0,5.0,,1017.7,28.3,28.6
2026-06-29 17:20:00,20.0,5.0,0.9,1017.8,28.5,28.6
2026-06-29 17:10:00,10.0,5.0,0.9,1017.8,28.5,28.5
2026-06-29 17:00:00,360.0,5.0,,1017.7,28.4,28.5
2026-06-29 16:50:00,360.0,5.0,0.9,1017.6,28.3,28.5
2026-06-29 16:40:00,360.0,5.0,,1017.6,28.4,28.5
2026-06-29 16:30:00,360.0,4.0,,1017.5,28.3,28.5
2026-06-29 16:20:00,360.0,4.0,0.9,1017.5,28.4,28.4
2026-06-29 16:10:00,360.0,4.0,0.9,1017.5,28.3,28.4
2026-06-29 16:00:00,350.0,4.0,,1017.6,28.4,28.4
2026-06-29 15:50:00,350.0,4.0,0.9,1017.5,28.3,28.4
2026-06-29 15:40:00,360.0,4.0,,1017.5,28.2,28.4
2026-06-29 15:30:00,350.0,4.0,,1017.4,28.3,28.4
2026-06-29 15:20:00,350.0,5.0,0.9,1017.4,28.3,28.3
2026-06-29 15:10:00,360.0,5.0,0.9,1017.3,28.2,28.3
2026-06-29 15:00:00,350.0,4.0,,1017.3,28.4,28.3
2026-06-29 14:50:00,350.0,4.0,1.0,1017.2,28.4,28.3
2026-06-29 14:40:00,350.0,4.0,,1017.1,28.3,28.3
2026-06-29 14:30:00,340.0,4.0,,1017.1,28.2,28.2
2026-06-29 14:20:00,330.0,4.0,1.0,1017.0,28.1,28.2
2026-06-29 14:10:00,330.0,4.0,,1016.9,28.1,28.2
2026-06-29 14:00:00,320.0,4.0,,1016.9,28.1,28.2
2026-06-29 13:50:00,320.0,4.0,0.9,1016.9,28.1,28.2
2026-06-29 13:40:00,320.0,4.0,,1016.9,28.1,28.2
2026-06-29 13:30:00,320.0,5.0,,1016.7,28.0,28.2
2026-06-29 13:20:00,310.0,5.0,1.0,1016.7,28.0,28.2
2026-06-29 13:10:00,310.0,4.0,1.0,1016.7,28.0,28.2
2026-06-29 13:00:00,310.0,5.0,,1016.6,28.1,28.2
2026-06-29 12:50:00,310.0,5.0,1.0,1016.5,28.1,28.2
2026-06-29 12:40:00,310.0,5.0,,1016.4,28.1,28.2
2026-06-29 12:30:00,310.0,5.0,,1016.3,28.2,28.2
2026-06-29 12:20:00,300.0,5.0,0.9,1016.1,28.1,28.2
2026-06-29 12:10:00,300.0,5.0,0.9,1016.0,28.2,28.2
2026-06-29 12:00:00,290.0,4.0,,1016.1,28.1,28.2
2026-06-29 11:50:00,280.0,5.0,1.0,1016.0,28.1,28.2
2026-06-29 11:40:00,270.0,4.0,,1015.8,28.1,28.1
2026-06-29 11:30:00,280.0,5.0,,1015.6,28.1,28.2
2026-06-29 11:20:00,270.0,5.0,1.0,1015.6,28.1,28.2
2026-06-29 11:10:00,280.0,5.0,1.0,1015.6,28.0,28.1
2026-06-29 11:00:00,260.0,4.0,,1015.5,27.8,28.1
2026-06-29 10:50:00,240.0,4.0,1.0,1015.5,27.5,28.2
2026-06-29 10:40:00,230.0,4.0,1.0,1015.4,27.2,28.2
2026-06-29 10:30:00,240.0,5.0,,1015.4,27.2,28.2
2026-06-29 10:20:00,250.0,5.0,1.1,1015.3,27.0,28.2
2026-06-29 10:10:00,260.0,5.0,1.1,1015.1,26.9,28.2
2026-06-29 10:00:00,260.0,5.0,,1015.0,27.1,28.2
2026-06-29 09:50:00,250.0,4.0,1.1,1015.0,26.8,28.2
2026-06-29 09:40:00,240.0,8.0,,1015.0,26.6,28.2
2026-06-29 09:30:00,250.0,9.0,,1015.2,26.4,28.2
2026-06-29 09:20:00,250.0,9.0,1.1,1015.1,26.4,28.2
2026-06-29 09:10:00,260.0,8.0,1.1,1015.1,26.8,28.2
2026-06-29 09:00:00,260.0,8.0,,1015.1,27.2,28.2
2026-06-29 08:50:00,260.0,7.0,1.1,1015.0,27.3,28.2
2026-06-29 08:40:00,260.0,7.0,,1015.2,27.5,28.2
2026-06-29 08:30:00,250.0,9.0,,1015.2,27.4,28.2
2026-06-29 08:20:00,260.0,9.0,1.0,1015.2,27.7,28.2
2026-06-29 08:10:00,270.0,6.0,1.0,1015.1,27.5,28.2
2026-06-29 08:00:00,300.0,6.0,,1015.1,27.4,28.2
2026-06-29 07:50:00,280.0,5.0,1.1,1015.4,27.9,28.2
2026-06-29 07:40:00,280.0,4.0,,1015.4,28.2,28.2
2026-06-29 07:30:00,280.0,4.0,,1015.3,27.9,28.2
2026-06-29 07:20:00,260.0,4.0,1.0,1015.2,,28.2
2026-06-29 07:10:00,230.0,5.0,,1015.1,28.0,28.2
2026-06-29 07:00:00,210.0,6.0,,1014.8,28.0,28.2
2026-06-29 06:50:00,210.0,4.0,1.0,1015.0,28.0,28.2
2026-06-29 06:40:00,210.0,4.0,,1015.1,28.0,28.2
2026-06-29 06:30:00,210.0,4.0,,1015.2,28.1,28.2
2026-06-29 06:20:00,220.0,4.0,1.1,1015.3,28.0,28.2
2026-06-29 06:10:00,220.0,4.0,1.1,1015.7,27.8,28.2
2026-06-29 06:00:00,210.0,4.0,,1015.8,26.7,28.2
2026-06-29 05:50:00,220.0,3.0,1.0,1016.0,25.6,28.2
2026-06-29 05:40:00,220.0,3.0,,1015.8,25.5,28.2
2026-06-29 05:30:00,250.0,2.0,,1016.1,24.9,28.2
2026-06-29 05:20:00,300.0,3.0,1.1,1016.4,24.5,28.2
2026-06-29 05:10:00,330.0,4.0,1.1,1016.6,24.2,28.2
2026-06-29 05:00:00,330.0,6.0,,1017.1,24.3,28.2
2026-06-29 04:50:00,330.0,13.0,1.1,1017.4,25.5,28.2
2026-06-29 04:40:00,270.0,8.0,,1016.7,27.8,28.3
2026-06-29 04:30:00,230.0,4.0,,1016.2,28.1,28.3
2026-06-29 04:20:00,230.0,4.0,1.2,1016.1,28.2,28.3
2026-06-29 04:10:00,220.0,4.0,1.2,1016.1,28.1,28.3
2026-06-29 04:00:00,230.0,4.0,,1016.1,28.0,28.3
2026-06-29 03:50:00,240.0,4.0,1.1,1016.3,28.0,28.3
2026-06-29 03:40:00,260.0,5.0,,1016.4,27.6,28.3
2026-06-29 03:30:00,300.0,5.0,,1016.6,26.5,28.3
2026-06-29 03:20:00,310.0,7.0,1.2,1017.0,26.5,28.3
2026-06-29 03:10:00,290.0,11.0,,1017.3,27.4,28.3
2026-06-29 03:00:00,230.0,9.0,,1017.0,28.7,28.3
2026-06-29 02:50:00,210.0,9.0,1.2,1016.0,28.7,28.3
2026-06-29 02:40:00,210.0,9.0,,1015.8,28.7,28.3
2026-06-29 02:30:00,210.0,9.0,,1015.6,28.7,28.3
2026-06-29 02:20:00,210.0,9.0,1.2,1015.5,28.6,28.3
2026-06-29 02:10:00,210.0,9.0,1.2,1015.5,28.7,28.3
2026-06-29 02:00:00,210.0,9.0,,1015.5,28.7,28.3
2026-06-29 01:50:00,210.0,9.0,1.2,1015.4,28.7,28.3
2026-06-29 01:40:00,210.0,9.0,,1015.4,28.7,28.3
2026-06-29 01:30:00,210.0,8.0,,1015.4,28.7,28.3
2026-06-29 01:20:00,210.0,9.0,1.2,1015.3,28.6,28.3
2026-06-29 01:10:00,210.0,8.0,,1015.2,28.7,28.3
2026-06-29 01:00:00,210.0,9.0,1.2,1015.1,28.7,28.3
2026-06-29 00:50:00,200.0,8.0,1.1,1015.1,28.8,
2026-06-29 00:40:00,200.0,9.0,,1014.9,28.8,28.3
2026-06-29 00:30:00,200.0,9.0,,1014.7,28.8,
2026-06-29 00:20:00,200.0,9.0,1.2,1014.6,28.7,28.3
2026-06-29 00:10:00,200.0,9.0,,1014.4,28.7,28.3
2026-06-29 00:00:00,200.0,9.0,,1014.4,28.7,28.3
2026-06-28 23:50:00,200.0,9.0,1.2,1014.4,28.6,
2026-06-28 23:40:00,200.0,9.0,,1014.3,28.7,28.3
2026-06-28 23:10:00,200.0,9.0,1.1,1014.5,28.7,28.3
2026-06-28 23:00:00,200.0,9.0,,1014.4,28.6,28.4
2026-06-28 22:50:00,200.0,9.0,1.1,1014.4,28.7,28.4
2026-06-28 22:40:00,200.0,9.0,,1014.5,28.7,28.4
2026-06-28 22:30:00,200.0,9.0,,1014.5,28.6,28.4
2026-06-28 22:20:00,200.0,9.0,1.1,1014.7,28.7,28.4
2026-06-28 22:10:00,200.0,8.0,,1014.6,28.6,28.4
2026-06-28 22:00:00,200.0,8.0,,1014.7,28.7,28.4
2026-06-28 21:50:00,200.0,8.0,1.0,1014.8,28.7,28.5
2026-06-28 21:40:00,200.0,8.0,,1014.8,28.6,28.4
2026-06-28 21:30:00,200.0,8.0,,1014.8,28.6,28.4
2026-06-28 21:20:00,200.0,8.0,1.1,1014.9,28.6,28.4
2026-06-28 21:10:00,200.0,8.0,,1015.0,28.5,28.4
2026-06-28 21:00:00,200.0,8.0,,1015.0,28.6,28.4
2026-06-28 20:50:00,200.0,8.0,1.0,1015.0,28.6,28.4
2026-06-28 20:40:00,200.0,8.0,,1015.2,28.6,28.4
2026-06-28 20:30:00,210.0,7.0,,1015.3,28.5,28.4
2026-06-28 20:20:00,210.0,8.0,1.1,1015.4,28.5,28.4
2026-06-28 20:10:00,210.0,8.0,,1015.4,28.4,28.4
2026-06-28 20:00:00,210.0,8.0,,1015.6,28.4,28.4
2026-06-28 19:50:00,210.0,8.0,1.0,1015.8,28.4,28.4
2026-06-28 19:40:00,210.0,8.0,,1015.9,28.3,28.4
2026-06-28 19:30:00,210.0,7.0,,1016.1,28.3,28.4
2026-06-28 19:20:00,210.0,8.0,1.0,1016.2,28.3,28.4
2026-06-28 19:10:00,220.0,8.0,1.0,1016.4,28.3,28.4
2026-06-28 19:00:00,220.0,8.0,,1016.5,28.3,28.3
2026-06-28 18:50:00,220.0,8.0,1.0,1016.6,28.3,28.3
2026-06-28 18:40:00,220.0,8.0,,1016.8,28.2,28.3
2026-06-28 18:30:00,220.0,8.0,,1016.9,28.2,28.3
2026-06-28 18:20:00,220.0,7.0,1.1,1016.9,28.2,28.3
2026-06-28 18:10:00,220.0,8.0,,1017.1,28.1,28.3
2026-06-28 18:00:00,220.0,7.0,,1017.1,28.1,28.3
2026-06-28 17:50:00,220.0,7.0,1.0,1017.2,28.1,28.3
2026-06-28 17:40:00,230.0,7.0,,1017.4,28.1,28.3
2026-06-28 17:30:00,220.0,7.0,,1017.4,28.1,28.3
2026-06-28 17:20:00,220.0,7.0,1.0,1017.4,28.1,28.2
2026-06-28 17:10:00,220.0,7.0,1.0,1017.4,28.1,28.2
2026-06-28 17:00:00,220.0,7.0,,1017.4,28.1,28.2
2026-06-28 16:50:00,220.0,7.0,1.0,1017.5,28.2,28.2
2026-06-28 16:40:00,220.0,7.0,,1017.5,28.1,28.2
2026-06-28 16:30:00,220.0,7.0,,1017.5,28.1,28.2
2026-06-28 16:20:00,220.0,7.0,1.1,1017.5,28.2,28.2
2026-06-28 16:10:00,220.0,7.0,,1017.4,28.1,28.2
2026-06-28 16:00:00,220.0,7.0,,1017.5,28.1,28.2
2026-06-28 15:50:00,220.0,7.0,1.0,1017.4,28.0,28.2
2026-06-28 15:40:00,220.0,7.0,1.0,1017.5,28.1,28.2
2026-06-28 15:30:00,230.0,6.0,,1017.5,28.1,28.2
2026-06-28 15:20:00,220.0,6.0,1.0,1017.5,28.1,28.2
2026-06-28 15:10:00,220.0,6.0,1.0,1017.7,28.1,28.1
2026-06-28 15:00:00,230.0,6.0,,1017.7,28.1,28.1
2026-06-28 14:50:00,230.0,6.0,1.0,1017.6,28.2,28.1
2026-06-28 14:40:00,240.0,5.0,,1017.6,28.1,28.0
2026-06-28 14:30:00,250.0,5.0,,1017.5,28.1,27.9
2026-06-28 14:20:00,250.0,5.0,1.1,1017.6,28.1,27.9
2026-06-28 14:10:00,250.0,5.0,1.1,1017.7,28.1,27.9
2026-06-28 14:00:00,250.0,6.0,,1017.6,28.1,27.9
2026-06-28 13:50:00,250.0,6.0,1.0,1017.6,28.1,27.9
2026-06-28 13:40:00,250.0,6.0,,1017.6,28.2,27.8
2026-06-28 13:30:00,250.0,6.0,,1017.5,28.1,27.8
2026-06-28 13:20:00,250.0,6.0,1.1,1017.6,28.2,27.8
2026-06-28 13:10:00,250.0,6.0,,1017.5,28.1,27.8
2026-06-28 13:00:00,240.0,6.0,,1017.5,28.2,27.8
2026-06-28 12:50:00,240.0,6.0,1.1,1017.5,28.2,27.8
2026-06-28 12:40:00,240.0,6.0,1.1,1017.4,28.2,27.8
2026-06-28 12:30:00,250.0,6.0,,1017.4,28.1,27.8
2026-06-28 12:20:00,250.0,6.0,1.0,1017.4,28.0,27.8
2026-06-28 12:10:00,250.0,6.0,1.0,1017.3,28.0,27.8
2026-06-28 12:00:00,250.0,6.0,,1017.2,28.0,27.8
2026-06-28 11:50:00,240.0,6.0,1.1,1017.3,28.0,27.8
2026-06-28 11:40:00,240.0,6.0,,1017.2,28.0,27.8
2026-06-28 11:30:00,240.0,7.0,,1017.0,27.9,27.8
2026-06-28 11:20:00,240.0,6.0,1.1,1016.9,28.0,27.8
2026-06-28 11:10:00,240.0,6.0,1.1,1016.8,27.9,27.7
2026-06-28 11:00:00,240.0,6.0,,1016.8,27.9,27.7
2026-06-28 10:50:00,240.0,6.0,1.1,1016.8,27.9,27.7
2026-06-28 10:40:00,230.0,6.0,,1016.7,27.9,27.7
2026-06-28 10:30:00,240.0,6.0,,1016.6,27.9,27.7
2026-06-28 10:20:00,230.0,6.0,1.2,1016.6,27.9,27.7
2026-06-28 10:10:00,230.0,6.0,,1016.7,27.9,27.7
2026-06-28 10:00:00,230.0,6.0,,1016.6,27.9,27.7
2026-06-28 09:50:00,230.0,6.0,1.0,1016.6,27.9,27.7
2026-06-28 09:40:00,230.0,6.0,,1016.7,28.0,27.7
2026-06-28 09:30:00,230.0,6.0,,1016.7,28.0,27.7
2026-06-28 09:20:00,230.0,6.0,1.1,1016.7,28.0,27.7
2026-06-28 09:10:00,230.0,6.0,,1016.7,28.0,27.7
2026-06-28 09:00:00,230.0,6.0,,1016.8,28.0,27.7
2026-06-28 08:50:00,240.0,7.0,1.1,1016.8,28.0,27.7
2026-06-28 08:40:00,240.0,7.0,,1016.8,27.9,27.7
2026-06-28 08:30:00,240.0,7.0,,1016.8,27.9,27.8
2026-06-28 08:20:00,240.0,7.0,1.2,1016.7,27.9,27.8
2026-06-28 08:10:00,240.0,7.0,,1016.8,27.9,27.8
2026-06-28 08:00:00,230.0,7.0,,1016.8,27.9,27.8
2026-06-28 07:50:00,230.0,8.0,1.2,1016.9,28.0,27.8
2026-06-28 07:40:00,,,1.2,,,
2026-06-28 07:30:00,230.0,8.0,,1016.9,28.0,27.8
2026-06-28 07:20:00,230.0,8.0,1.1,1017.0,28.0,27.8
2026-06-28 07:10:00,,,1.1,,,
2026-06-28 07:00:00,230.0,8.0,,1017.2,28.0,27.8
2026-06-28 06:50:00,230.0,8.0,1.1,1017.3,28.1,27.8
2026-06-28 06:40:00,230.0,9.0,,1017.3,28.1,27.8
2026-06-28 06:30:00,230.0,8.0,,1017.4,28.1,27.9
2026-06-28 06:20:00,230.0,8.0,1.0,1017.5,28.2,27.9
2026-06-28 06:10:00,230.0,8.0,,1017.6,28.2,27.9
2026-06-28 06:00:00,220.0,8.0,,1017.6,28.2,27.9
2026-06-28 05:50:00,230.0,8.0,1.1,1017.7,28.2,27.9
2026-06-28 05:40:00,230.0,8.0,,1017.7,28.2,27.9
2026-06-28 05:30:00,220.0,8.0,,1017.7,28.2,27.9
2026-06-28 05:20:00,220.0,8.0,1.0,1017.7,28.2,27.9
2026-06-28 05:10:00,220.0,8.0,1.0,1017.8,28.2,27.9
2026-06-28 05:00:00,220.0,8.0,,1017.8,28.2,27.9
2026-06-28 04:50:00,210.0,8.0,1.0,1017.9,28.1,27.9
2026-06-28 04:40:00,220.0,8.0,,1018.0,28.1,28.0
2026-06-28 04:30:00,220.0,8.0,,1018.0,28.2,28.0
2026-06-28 04:20:00,210.0,8.0,1.0,1018.1,28.1,28.0
2026-06-28 04:10:00,210.0,7.0,,1018.2,28.1,28.0
2026-06-28 04:00:00,220.0,8.0,,1018.2,28.1,28.0
2026-06-28 03:50:00,220.0,7.0,1.0,1018.3,28.2,28.0
2026-06-28 03:40:00,220.0,7.0,,1018.2,28.2,28.0
2026-06-28 03:30:00,220.0,7.0,,1018.4,28.2,28.0
2026-06-28 03:20:00,210.0,7.0,1.0,1018.4,28.2,
2026-06-28 03:10:00,200.0,7.0,,1018.2,28.2,28.0
2026-06-28 03:00:00,200.0,7.0,,1018.3,28.2,28.0
2026-06-28 02:50:00,200.0,7.0,1.0,1018.4,28.2,28.0
2026-06-28 02:40:00,210.0,7.0,,1018.4,28.2,28.0
2026-06-28 02:30:00,210.0,7.0,,1018.4,28.2,28.0
2026-06-28 02:20:00,210.0,7.0,1.0,1018.4,28.2,28.0
2026-06-28 02:10:00,210.0,7.0,1.0,1018.5,28.2,28.0
2026-06-28 02:00:00,210.0,7.0,,1018.4,28.1,28.0
2026-06-28 01:50:00,210.0,7.0,1.0,1018.3,28.2,28.0
2026-06-28 01:40:00,210.0,8.0,,1018.2,28.1,28.0
2026-06-28 01:30:00,210.0,7.0,,1018.2,28.1,28.0
2026-06-28 01:20:00,200.0,8.0,1.0,1018.2,28.1,28.0
2026-06-28 01:10:00,200.0,7.0,,1018.0,28.1,28.0
2026-06-28 01:00:00,200.0,8.0,,1018.0,28.0,28.0
2026-06-28 00:50:00,200.0,8.0,1.0,1017.8,28.0,28.0
2026-06-28 00:40:00,200.0,8.0,,1017.7,28.0,28.1
2026-06-28 00:30:00,200.0,8.0,,1017.6,28.0,28.1
2026-06-28 00:20:00,200.0,8.0,1.0,1017.7,28.0,28.1
2026-06-28 00:10:00,200.0,8.0,,1017.7,28.0,28.1
2026-06-28 00:00:00,200.0,8.0,,1017.9,28.1,28.1
2026-06-27 23:50:00,200.0,8.0,1.0,1017.8,28.1,28.1
2026-06-27 23:40:00,200.0,8.0,1.0,1017.8,28.1,28.1
2026-06-27 23:10:00,200.0,8.0,1.0,1017.7,28.1,28.1
2026-06-27 23:00:00,200.0,8.0,,1017.8,28.1,28.2
2026-06-27 22:50:00,200.0,8.0,1.0,1017.7,28.1,28.2
2026-06-27 22:40:00,200.0,8.0,,1017.8,28.1,28.2
2026-06-27 22:30:00,200.0,8.0,,1017.6,28.1,28.2
2026-06-27 22:20:00,200.0,8.0,1.0,1017.6,28.0,28.2
2026-06-27 22:10:00,190.0,8.0,1.0,1017.4,28.0,28.2
2026-06-27 22:00:00,190.0,8.0,,1017.3,28.0,28.2
2026-06-27 21:50:00,190.0,8.0,0.9,1017.5,28.0,28.2
2026-06-27 21:40:00,200.0,8.0,,1017.6,28.0,28.2
2026-06-27 21:30:00,200.0,7.0,,1017.7,28.0,28.2
2026-06-27 21:20:00,190.0,8.0,0.9,1017.8,28.1,28.2
2026-06-27 21:10:00,190.0,7.0,0.9,1017.9,28.1,28.2
2026-06-27 21:00:00,190.0,7.0,,1018.0,28.0,28.2
2026-06-27 20:50:00,200.0,7.0,1.0,1018.1,28.1,28.2
2026-06-27 20:40:00,200.0,7.0,,1018.3,28.1,28.2
2026-06-27 20:30:00,200.0,7.0,,1018.4,28.1,28.2
2026-06-27 20:20:00,200.0,7.0,1.0,1018.5,28.1,28.2
2026-06-27 20:10:00,200.0,7.0,1.0,1018.5,28.1,28.2
2026-06-27 20:00:00,200.0,7.0,,1018.8,28.1,28.2
2026-06-27 19:50:00,210.0,6.0,1.0,1018.9,28.1,28.2
2026-06-27 19:40:00,210.0,6.0,1.0,1019.0,28.1,28.2
2026-06-27 19:30:00,220.0,7.0,,1019.1,28.1,28.2
2026-06-27 19:20:00,230.0,6.0,1.0,1019.1,28.1,
2026-06-27 19:10:00,220.0,7.0,,1019.2,28.1,28.2
2026-06-27 19:00:00,220.0,7.0,,1019.3,28.1,28.2
2026-06-27 18:50:00,220.0,7.0,1.0,1019.5,28.0,28.2
2026-06-27 18:40:00,220.0,7.0,,1019.5,28.0,28.2
2026-06-27 18:30:00,220.0,7.0,,1019.6,28.0,28.2
2026-06-27 18:20:00,220.0,6.0,1.0,1019.7,27.9,28.2
2026-06-27 18:10:00,220.0,6.0,1.0,1019.8,27.8,28.2
2026-06-27 18:00:00,210.0,6.0,,1019.9,27.8,28.2
2026-06-27 17:50:00,200.0,6.0,1.0,1020.0,27.7,28.1
2026-06-27 17:40:00,200.0,6.0,,1020.1,27.7,28.1
2026-06-27 17:30:00,200.0,6.0,,1020.2,27.8,28.2
2026-06-27 17:20:00,200.0,6.0,1.0,1020.3,27.9,28.2
2026-06-27 17:10:00,210.0,6.0,1.0,1020.4,27.9,28.1
2026-06-27 17:00:00,210.0,5.0,,1020.6,27.9,28.1
2026-06-27 16:50:00,220.0,5.0,1.0,1020.6,27.8,28.1
2026-06-27 16:40:00,220.0,5.0,,1020.7,27.8,28.1
2026-06-27 16:30:00,210.0,4.0,,1020.8,27.9,28.0
2026-06-27 16:20:00,220.0,4.0,1.1,1020.8,28.0,28.0
2026-06-27 16:10:00,230.0,4.0,,1020.7,27.9,28.0
2026-06-27 16:00:00,230.0,5.0,,1020.7,27.9,27.9
2026-06-27 15:50:00,230.0,4.0,1.0,1020.5,27.9,27.9
2026-06-27 15:40:00,230.0,4.0,,1020.5,27.8,27.9
2026-06-27 15:30:00,230.0,5.0,,1020.5,27.8,27.9
2026-06-27 15:20:00,230.0,5.0,1.1,1020.6,27.6,27.9
2026-06-27 15:10:00,220.0,5.0,,1020.8,27.8,27.9
2026-06-27 15:00:00,230.0,5.0,,1020.8,27.8,27.9
2026-06-27 14:50:00,230.0,6.0,1.1,1020.8,27.8,27.9
2026-06-27 14:40:00,230.0,6.0,,1020.9,27.8,27.8
2026-06-27 14:30:00,230.0,6.0,,1020.8,27.8,27.8
2026-06-27 14:20:00,230.0,6.0,1.1,1020.7,27.9,27.8
2026-06-27 14:10:00,240.0,6.0,,1020.7,27.9,27.8
2026-06-27 14:00:00,230.0,5.0,,1020.6,27.9,27.8
2026-06-27 13:50:00,230.0,7.0,1.1,1020.7,28.0,27.8
2026-06-27 13:40:00,230.0,6.0,,1020.8,27.9,27.7
2026-06-27 13:30:00,230.0,6.0,,1020.7,27.7,27.7
2026-06-27 13:20:00,240.0,7.0,1.1,1020.6,27.5,27.7
2026-06-27 13:10:00,230.0,8.0,,1020.6,27.8,27.7
2026-06-27 13:00:00,220.0,7.0,,1020.6,28.0,27.7
2026-06-27 12:50:00,220.0,7.0,1.0,1020.6,28.1,27.7
2026-06-27 12:40:00,220.0,7.0,,1020.7,28.1,27.7
2026-06-27 12:30:00,220.0,7.0,,1020.9,28.0,27.7
2026-06-27 12:20:00,220.0,7.0,1.1,1020.7,28.1,27.7
2026-06-27 12:10:00,230.0,7.0,,1020.3,28.1,27.7
2026-06-27 12:00:00,230.0,7.0,,1020.1,28.0,27.7
2026-06-27 11:50:00,220.0,7.0,1.0,1020.1,28.0,27.7
2026-06-27 11:40:00,220.0,7.0,,1020.2,28.0,27.7
2026-06-27 11:30:00,220.0,7.0,,1020.2,28.1,27.7
2026-06-27 11:20:00,220.0,7.0,1.0,1020.2,28.1,27.7
2026-06-27 11:10:00,220.0,7.0,,1020.1,28.1,27.7
2026-06-27 11:00:00,220.0,7.0,,1020.0,28.1,27.7
2026-06-27 10:50:00,220.0,7.0,1.0,1020.0,28.0,27.7
2026-06-27 10:40:00,220.0,7.0,,1019.9,28.0,27.7
2026-06-27 10:30:00,220.0,7.0,,1019.7,27.9,27.7
2026-06-27 10:20:00,220.0,7.0,1.0,1019.5,28.0,27.7
2026-06-27 10:10:00,220.0,7.0,,1019.4,27.9,27.7
2026-06-27 10:00:00,220.0,7.0,,1019.5,27.9,27.7
2026-06-27 09:50:00,220.0,7.0,1.1,1019.4,27.8,27.7
2026-06-27 09:40:00,220.0,7.0,1.1,1019.4,27.8,27.7
2026-06-27 09:30:00,220.0,7.0,,1019.5,27.8,27.7
2026-06-27 09:20:00,220.0,7.0,1.2,1019.4,27.8,27.7
2026-06-27 09:10:00,220.0,7.0,1.2,1019.4,27.9,27.7
2026-06-27 09:00:00,220.0,7.0,,1019.4,27.9,27.7
2026-06-27 08:50:00,220.0,6.0,1.1,1019.5,27.9,27.8
2026-06-27 08:40:00,220.0,7.0,,1019.6,27.9,27.8
2026-06-27 08:30:00,230.0,6.0,,1019.6,27.9,27.8
2026-06-27 08:20:00,220.0,6.0,1.1,1019.5,27.9,27.8
2026-06-27 08:10:00,220.0,7.0,,1019.6,27.9,27.8
2026-06-27 08:00:00,220.0,7.0,,1019.7,27.9,
2026-06-27 07:50:00,220.0,6.0,1.2,1019.7,28.0,27.8
2026-06-27 07:40:00,210.0,6.0,1.2,1019.7,28.0,27.8
2026-06-27 07:30:00,210.0,6.0,,1019.8,28.1,27.8
2026-06-27 07:20:00,220.0,6.0,1.1,1019.8,28.1,27.8
2026-06-27 07:10:00,220.0,6.0,,1019.9,28.1,27.8
2026-06-27 07:00:00,210.0,7.0,,1019.9,28.1,27.8
2026-06-27 06:50:00,220.0,7.0,1.0,1020.1,28.1,27.8
2026-06-27 06:40:00,210.0,7.0,,1020.1,28.1,27.8
2026-06-27 06:30:00,210.0,7.0,,1020.0,28.1,27.8
2026-06-27 06:20:00,210.0,7.0,1.1,1020.0,28.1,27.8
2026-06-27 06:10:00,210.0,8.0,1.1,1020.1,28.1,27.8
2026-06-27 06:00:00,210.0,7.0,,1020.2,28.1,27.8
2026-06-27 05:50:00,210.0,7.0,1.1,1020.2,28.1,27.8
2026-06-27 05:40:00,210.0,7.0,,1020.3,28.2,27.8
2026-06-27 05:30:00,210.0,7.0,,1020.3,28.1,27.8
2026-06-27 05:20:00,210.0,8.0,1.1,1020.4,28.2,27.8
2026-06-27 05:10:00,210.0,8.0,,1020.4,28.2,27.8
2026-06-27 05:00:00,200.0,8.0,,1020.4,28.2,27.8
2026-06-27 04:50:00,200.0,8.0,1.1,1020.4,28.2,27.8
2026-06-27 04:40:00,210.0,8.0,,1020.4,28.2,27.8
2026-06-27 04:30:00,210.0,8.0,,1020.4,28.1,27.8
2026-06-27 04:20:00,210.0,7.0,1.0,1020.5,28.2,27.8
2026-06-27 04:10:00,210.0,7.0,1.0,1020.6,28.2,27.8
2026-06-27 04:00:00,200.0,7.0,,1020.5,28.2,27.8
2026-06-27 03:50:00,200.0,7.0,1.0,1020.5,28.2,27.8
2026-06-27 03:40:00,210.0,8.0,,1020.7,28.2,27.8
2026-06-27 03:30:00,200.0,7.0,,1020.8,28.2,27.8
2026-06-27 03:20:00,200.0,7.0,1.0,1020.9,28.3,27.8
2026-06-27 03:10:00,210.0,8.0,,1020.9,28.3,27.9
2026-06-27 03:00:00,210.0,8.0,,1020.9,28.3,27.8
2026-06-27 02:50:00,200.0,8.0,1.0,1021.0,28.3,27.8
2026-06-27 02:40:00,200.0,8.0,,1020.8,28.4,27.9
2026-06-27 02:30:00,200.0,8.0,,1020.7,28.3,27.9
2026-06-27 02:20:00,200.0,7.0,1.0,1020.6,28.4,27.9
2026-06-27 02:10:00,200.0,7.0,,1020.6,28.4,27.9
2026-06-27 02:00:00,200.0,7.0,,1020.5,28.4,27.8
2026-06-27 01:50:00,200.0,7.0,1.0,1020.4,28.4,27.8
2026-06-27 01:40:00,190.0,8.0,,1020.3,28.3,27.8
2026-06-27 01:30:00,190.0,7.0,,1020.2,28.3,27.8
2026-06-27 01:20:00,200.0,7.0,0.9,1020.2,28.3,27.8
2026-06-27 01:10:00,190.0,7.0,,1020.1,28.3,27.8
2026-06-27 01:00:00,190.0,7.0,,1020.3,28.3,27.9
2026-06-27 00:50:00,190.0,7.0,0.9,1020.3,28.3,27.9
2026-06-27 00:40:00,190.0,7.0,,1020.1,28.4,27.9
2026-06-27 00:30:00,190.0,7.0,,1020.3,28.4,27.9
2026-06-27 00:20:00,190.0,7.0,0.9,1020.1,28.4,27.9
2026-06-27 00:10:00,190.0,8.0,,1020.1,28.3,27.9
2026-06-27 00:00:00,180.0,8.0,,1020.0,28.3,27.9
2026-06-26 23:50:00,180.0,8.0,0.9,1020.0,28.4,28.0
2026-06-26 23:40:00,190.0,8.0,,1020.0,28.3,27.9
2026-06-26 23:10:00,190.0,8.0,0.9,1020.0,28.4,27.9
2026-06-26 23:00:00,190.0,8.0,,1019.8,28.3,28.0
2026-06-26 22:50:00,190.0,8.0,0.8,1019.7,28.2,28.0
2026-06-26 22:40:00,190.0,7.0,,1019.6,28.2,28.0
2026-06-26 22:30:00,190.0,8.0,,1019.5,28.2,28.0
2026-06-26 22:20:00,190.0,7.0,0.8,1019.7,28.3,28.0
2026-06-26 22:10:00,190.0,8.0,,1019.6,28.3,28.0
2026-06-26 22:00:00,200.0,7.0,,1019.7,28.3,28.1
2026-06-26 21:50:00,190.0,8.0,0.8,1019.7,28.3,28.1
2026-06-26 21:40:00,200.0,7.0,,1019.8,28.3,28.0
2026-06-26 21:30:00,190.0,7.0,,1019.8,28.3,28.0
2026-06-26 21:20:00,200.0,7.0,0.7,1019.9,28.3,28.0
2026-06-26 21:10:00,200.0,7.0,,1019.9,28.3,28.0
2026-06-26 21:00:00,200.0,7.0,,1020.0,28.3,28.0
2026-06-26 20:50:00,190.0,7.0,0.7,1020.1,28.2,28.0
2026-06-26 20:40:00,190.0,7.0,0.7,1020.0,28.2,28.0
2026-06-26 20:30:00,190.0,7.0,,1020.1,28.2,28.1
2026-06-26 20:20:00,190.0,6.0,0.7,1020.1,28.3,28.1
2026-06-26 20:10:00,190.0,6.0,0.7,1020.3,28.3,28.1
2026-06-26 20:00:00,200.0,6.0,,1020.4,28.2,28.1
2026-06-26 19:50:00,200.0,5.0,0.8,1020.4,28.2,28.1
2026-06-26 19:40:00,200.0,5.0,,1020.5,28.3,28.1
2026-06-26 19:30:00,200.0,5.0,,1020.6,28.3,28.1
2026-06-26 19:20:00,210.0,5.0,0.8,1020.7,28.3,28.1
2026-06-26 19:10:00,200.0,5.0,,1020.8,28.3,28.1
2026-06-26 19:00:00,210.0,5.0,,1020.8,28.3,28.1
2026-06-26 18:50:00,210.0,5.0,0.8,1021.0,28.2,28.1
2026-06-26 18:40:00,210.0,5.0,,1021.0,28.1,28.1
2026-06-26 18:30:00,210.0,5.0,,1021.1,28.2,28.1
2026-06-26 18:20:00,210.0,5.0,0.8,1021.2,28.3,28.0
2026-06-26 18:10:00,210.0,5.0,,1021.3,28.2,28.0
2026-06-26 18:00:00,210.0,5.0,,1021.3,28.2,28.0
2026-06-26 17:50:00,210.0,6.0,0.8,1021.3,28.2,28.0
2026-06-26 17:40:00,210.0,5.0,0.8,1021.2,28.2,28.0
2026-06-26 17:30:00,200.0,6.0,,1021.2,28.2,28.0
2026-06-26 17:20:00,210.0,5.0,0.7,1021.2,28.1,28.0
2026-06-26 17:10:00,200.0,6.0,0.7,1021.2,28.2,27.9
2026-06-26 17:00:00,200.0,5.0,,1021.2,28.1,28.0
2026-06-26 16:50:00,210.0,6.0,0.7,1021.4,28.1,27.9
2026-06-26 16:40:00,200.0,5.0,,1021.4,28.1,27.9
2026-06-26 16:30:00,210.0,5.0,,1021.5,28.2,27.9
2026-06-26 16:20:00,220.0,5.0,0.6,1021.5,28.2,27.9
2026-06-26 16:10:00,220.0,5.0,,1021.8,28.1,27.9
2026-06-26 16:00:00,210.0,5.0,,1021.8,28.0,27.8
2026-06-26 15:50:00,210.0,5.0,0.6,1021.9,28.0,27.8
2026-06-26 15:40:00,200.0,5.0,,1022.0,28.0,27.8
2026-06-26 15:30:00,170.0,4.0,,1022.1,28.0,27.8
2026-06-26 15:20:00,160.0,4.0,0.6,1022.1,27.9,27.7
2026-06-26 15:10:00,160.0,4.0,,1022.1,28.0,27.7
2026-06-26 15:00:00,150.0,4.0,,1021.9,28.0,27.7
2026-06-26 14:50:00,150.0,3.0,0.7,1021.9,28.0,27.7
2026-06-26 14:40:00,150.0,3.0,,1021.8,28.0,27.7
2026-06-26 14:30:00,140.0,3.0,,1021.6,27.8,27.7
2026-06-26 14:20:00,130.0,4.0,0.6,1021.6,27.6,27.6
2026-06-26 14:10:00,140.0,3.0,0.6,1021.6,27.6,27.6
2026-06-26 14:00:00,140.0,4.0,,1021.5,27.5,27.6
2026-06-26 13:50:00,150.0,3.0,0.6,1021.3,27.6,27.6
2026-06-26 13:40:00,150.0,3.0,,1021.2,27.6,27.5
2026-06-26 13:30:00,140.0,3.0,,1021.3,27.7,27.5
2026-06-26 13:20:00,150.0,3.0,0.7,1021.2,27.6,27.5
2026-06-26 13:10:00,140.0,3.0,,1021.2,27.7,27.5
2026-06-26 13:00:00,150.0,2.0,,1021.2,27.7,27.5
2026-06-26 12:50:00,150.0,2.0,0.7,1021.1,27.3,27.5
2026-06-26 12:40:00,140.0,3.0,,1021.1,27.5,27.5
2026-06-26 12:30:00,120.0,2.0,,1020.9,27.8,27.5
2026-06-26 12:20:00,120.0,2.0,0.7,1020.6,27.8,27.5
2026-06-26 12:10:00,120.0,3.0,,1020.5,27.6,27.5
2026-06-26 12:00:00,110.0,2.0,,1020.6,27.8,27.5
2026-06-26 11:50:00,100.0,2.0,0.7,1020.6,28.0,27.5
2026-06-26 11:40:00,110.0,1.0,,1020.3,27.8,27.5
2026-06-26 11:30:00,120.0,1.0,,1020.3,27.8,27.5
2026-06-26 11:20:00,120.0,1.0,0.7,1020.4,27.8,27.5
2026-06-26 11:10:00,130.0,1.0,0.7,1020.5,27.7,27.5
2026-06-26 11:00:00,150.0,1.0,,1020.2,27.7,27.5
2026-06-26 10:50:00,150.0,1.0,0.7,1020.1,27.6,27.5
2026-06-26 10:40:00,,0.0,,1020.1,27.6,27.5
2026-06-26 10:30:00,,0.0,,1019.9,27.6,27.5
2026-06-26 10:20:00,210.0,1.0,0.7,1019.9,27.6,27.5
2026-06-26 10:10:00,190.0,1.0,0.7,1019.9,27.7,27.5
2026-06-26 10:00:00,190.0,1.0,,1019.8,27.7,27.5
2026-06-26 09:50:00,190.0,2.0,0.7,1019.8,27.7,27.5
2026-06-26 09:40:00,210.0,2.0,,1019.8,27.7,27.5
2026-06-26 09:30:00,210.0,2.0,,1019.6,27.7,27.5
2026-06-26 09:20:00,210.0,3.0,0.7,1019.5,27.7,27.5
2026-06-26 09:10:00,210.0,3.0,,1019.5,27.8,27.5
2026-06-26 09:00:00,210.0,3.0,,1019.4,27.8,27.5
2026-06-26 08:50:00,210.0,4.0,0.7,1019.3,27.8,27.5
2026-06-26 08:40:00,210.0,4.0,0.7,1019.2,27.8,27.5
2026-06-26 08:30:00,210.0,4.0,,1019.2,27.8,27.5
2026-06-26 08:20:00,200.0,4.0,0.7,1019.2,27.9,
2026-06-26 08:10:00,200.0,4.0,0.7,1019.2,27.9,27.5
2026-06-26 08:00:00,200.0,5.0,,1019.1,27.9,27.5
2026-06-26 07:50:00,200.0,5.0,0.7,1019.0,27.9,27.5
2026-06-26 07:40:00,,,0.7,,,
2026-06-26 07:30:00,210.0,4.0,,1019.1,27.9,
2026-06-26 07:20:00,210.0,4.0,0.7,1019.1,27.9,27.5
2026-06-26 07:10:00,200.0,4.0,,1019.1,28.0,27.5
2026-06-26 07:00:00,200.0,5.0,,1019.1,28.0,
2026-06-26 06:50:00,200.0,5.0,0.6,1018.9,28.0,27.5
2026-06-26 06:40:00,200.0,5.0,,1019.0,28.0,27.5
2026-06-26 06:30:00,190.0,5.0,,1019.0,27.9,27.6
2026-06-26 06:20:00,190.0,4.0,0.6,1019.1,28.0,27.6
2026-06-26 06:10:00,190.0,4.0,0.6,1019.2,28.0,27.6
2026-06-26 06:00:00,190.0,5.0,,1019.2,28.0,27.6
2026-06-26 05:50:00,190.0,5.0,0.6,1019.2,27.9,27.6
2026-06-26 05:40:00,190.0,5.0,,1019.2,27.9,27.6
2026-06-26 05:30:00,180.0,5.0,,1019.1,27.9,27.6
2026-06-26 05:20:00,190.0,5.0,0.6,1019.3,27.9,
2026-06-26 05:10:00,180.0,5.0,0.6,1019.4,27.8,27.6
2026-06-26 05:00:00,180.0,4.0,,1019.5,27.8,27.6
2026-06-26 04:50:00,180.0,4.0,0.6,1019.4,27.7,27.6
2026-06-26 04:40:00,180.0,3.0,,1019.5,27.8,27.6
2026-06-26 04:30:00,180.0,3.0,,1019.6,27.8,27.6
2026-06-26 04:20:00,170.0,3.0,0.6,1019.6,27.8,27.6
2026-06-26 04:10:00,170.0,3.0,,1019.6,27.7,27.6
2026-06-26 04:00:00,170.0,4.0,,1019.7,27.7,27.6
2026-06-26 03:50:00,170.0,4.0,0.7,1019.7,27.7,27.7
2026-06-26 03:40:00,170.0,4.0,,1019.7,27.8,27.7
2026-06-26 03:30:00,170.0,4.0,,1019.7,27.8,27.7
2026-06-26 03:20:00,170.0,4.0,0.6,1019.9,27.8,27.8
2026-06-26 03:10:00,170.0,4.0,,1019.9,27.9,27.8
2026-06-26 03:00:00,170.0,3.0,,1019.8,27.8,27.8
2026-06-26 02:50:00,170.0,3.0,0.7,1019.8,27.9,27.8
2026-06-26 02:40:00,170.0,4.0,,1019.7,27.8,27.8
2026-06-26 02:30:00,160.0,4.0,,1019.5,27.7,27.9
2026-06-26 02:20:00,160.0,3.0,0.6,1019.3,27.7,27.8
2026-06-26 02:10:00,150.0,3.0,0.6,1019.3,27.8,27.9
2026-06-26 02:00:00,150.0,3.0,,1019.2,27.7,27.9
2026-06-26 01:50:00,140.0,3.0,0.7,1019.1,27.7,27.8
2026-06-26 01:40:00,140.0,3.0,,1019.0,27.6,27.8
2026-06-26 01:30:00,150.0,3.0,,1018.8,27.6,27.8
2026-06-26 01:20:00,160.0,4.0,0.7,1018.6,27.6,27.9
2026-06-26 01:10:00,160.0,4.0,0.7,1018.5,27.6,27.9
2026-06-26 01:00:00,150.0,4.0,,1018.5,27.6,27.9
2026-06-26 00:50:00,150.0,4.0,0.7,1018.6,27.6,27.9
2026-06-26 00:40:00,150.0,4.0,,1018.6,27.6,27.9
2026-06-26 00:30:00,140.0,4.0,,1018.5,27.5,27.9
2026-06-26 00:20:00,130.0,3.0,0.7,1018.5,27.6,28.0
2026-06-26 00:10:00,130.0,3.0,,1018.5,27.6,28.1
2026-06-26 00:00:00,130.0,3.0,,1018.4,27.7,28.0
