#YY  MM DD hh mm WDIR WSPD GST  WVHT   DPD   APD MWD   PRES  ATMP  WTMP  DEWP  VIS PTDY  TIDE
#yr  mo dy hr mn degT m/s  m/s     m   sec   sec degT   hPa  degC  degC  degC  nmi  hPa    ft
2026 08 10 16 30 220  6.0  7.0    MM    MM    MM  MM 1022.1  28.7  28.9  26.2   MM   MM    MM
2026 08 10 16 20 230  6.0  7.0   0.7     7   4.1 123 1022.1  28.7  28.9  26.1   MM   MM    MM
2026 08 10 16 10 230  6.0  7.0   0.7    MM   4.1 123 1022.2  28.7  28.8  26.1   MM   MM    MM
2026 08 10 16 00 230  5.0  6.0    MM    MM    MM  MM 1022.3  28.7  28.8  26.0   MM +0.8    MM
2026 08 10 15 50 230  5.0  6.0   0.7     7   4.0 119 1022.4  28.7  28.8  26.1   MM   MM    MM
2026 08 10 15 40 230  5.0  6.0   0.7    MM   4.0 119 1022.4  28.7  28.8  26.1   MM   MM    MM
2026 08 10 15 30 240  5.0  6.0    MM    MM    MM  MM 1022.3  28.7  28.8  26.0   MM   MM    MM
2026 08 10 15 20 230  5.0  6.0   0.6     7   4.0 125 1022.4  28.7  28.8  25.9   MM   MM    MM
2026 08 10 15 10 230  5.0  6.0   0.6    MM   4.0 125 1022.4  28.8    MM  26.0   MM   MM    MM
2026 08 10 15 00 240  5.0  6.0    MM    MM    MM  MM 1022.4  28.8  28.7  25.8   MM +1.5    MM
2026 08 10 14 50 240  5.0  6.0   0.6     7   3.9 122 1022.3  28.8  28.7  25.8   MM   MM    MM
2026 08 10 14 40 230  6.0  7.0    MM    MM    MM  MM 1022.3  28.8  28.7  25.8   MM   MM    MM
2026 08 10 14 30 240  5.0  6.0    MM    MM    MM  MM 1022.3  28.7  28.7  25.6   MM   MM    MM
2026 08 10 14 20 250  5.0  6.0   0.6     7   4.0 124 1022.3  28.8  28.7  25.8   MM   MM    MM
2026 08 10 14 10 240  6.0  7.0   0.6    MM   4.0 124 1022.1  28.7  28.7  25.7   MM   MM    MM
2026 08 10 14 00 240  6.0  6.0    MM    MM    MM  MM 1022.1  28.7  28.7  25.9   MM +1.6    MM
2026 08 10 13 50 250  6.0  7.0   0.6     7   4.1 120 1022.1  28.6  28.7  25.9   MM   MM    MM
2026 08 10 13 40 250  5.0  6.0    MM    MM    MM  MM 1022.0  28.6  28.8  26.2   MM   MM    MM
2026 08 10 13 30 250  6.0  6.0    MM    MM    MM  MM 1021.8  28.6  28.7  26.2   MM   MM    MM
2026 08 10 13 20 250  6.0  7.0   0.6     8   4.1 123 1021.7  28.6  28.7  26.3   MM   MM    MM
2026 08 10 13 10 250  5.0  6.0   0.6    MM   4.1 123 1021.6  28.5  28.7  26.1   MM   MM    MM
2026 08 10 13 00 250  5.0  6.0    MM    MM    MM  MM 1021.5  28.6  28.7  26.2   MM +1.6    MM
2026 08 10 12 50 240  5.0  6.0   0.6     7   4.3 124 1021.4  28.5  28.7  26.1   MM   MM    MM
2026 08 10 12 40 240  5.0  7.0   0.6    MM   4.3 124 1021.3  28.5  28.8  26.1   MM   MM    MM
2026 08 10 12 30 240  6.0  6.0    MM    MM    MM  MM 1021.3  28.5  28.8  26.1   MM   MM    MM
2026 08 10 12 20 240  5.0  6.0   0.6     8   4.1 118 1021.2  28.5  28.8  26.2   MM   MM    MM
2026 08 10 12 10 250  5.0  6.0   0.6    MM   4.1 118 1021.0  28.5  28.7  26.2   MM   MM    MM
2026 08 10 12 00 250  5.0  6.0    MM    MM    MM  MM 1020.9  28.5  28.7  26.1   MM +1.3    MM
2026 08 10 11 50 250  5.0  6.0   0.6     8   4.0 130 1020.8  28.5  28.7  26.1   MM   MM    MM
2026 08 10 11 40 250  5.0  6.0    MM    MM    MM  MM 1020.8  28.5  28.7  26.0   MM   MM    MM
2026 08 10 11 30 240  6.0  7.0    MM    MM    MM  MM 1020.7  28.5  28.7  26.1   MM   MM    MM
2026 08 10 11 20 240  5.0  7.0   0.6     7   4.2 122 1020.6  28.5    MM  26.1   MM   MM    MM
2026 08 10 11 10 240  5.0  7.0    MM    MM    MM  MM 1020.5  28.5  28.7  26.0   MM   MM    MM
2026 08 10 11 00 240  6.0  6.0    MM    MM    MM  MM 1020.5  28.5  28.7  26.0   MM +1.1    MM
2026 08 10 10 50 240  5.0  7.0   0.6     7   3.9 121 1020.4  28.5  28.7  26.0   MM   MM    MM
2026 08 10 10 40 240  6.0  6.0   0.6    MM   3.9 121 1020.3  28.5  28.7  26.0   MM   MM    MM
2026 08 10 10 30 240  5.0  7.0    MM    MM    MM  MM 1020.2  28.5  28.7  26.0   MM   MM    MM
2026 08 10 10 20 240  6.0  6.0   0.6     7   3.8 116 1020.0  28.5  28.7  26.0   MM   MM    MM
2026 08 10 10 10 240  5.0  7.0   0.6    MM   3.8 116 1019.9  28.6  28.7  26.0   MM   MM    MM
2026 08 10 10 00 240  5.0  6.0    MM    MM    MM  MM 1019.9  28.6  28.7  26.0   MM -0.0    MM
2026 08 10 09 50 240  5.0  7.0   0.6     7   4.0 104 1019.9  28.5  28.7  25.9   MM   MM    MM
2026 08 10 09 40 230  5.0  6.0    MM    MM    MM  MM 1019.9  28.6  28.7  26.1   MM   MM    MM
2026 08 10 09 30 230  6.0  8.0    MM    MM    MM  MM 1019.8  28.6  28.7  26.2   MM   MM    MM
2026 08 10 09 20 230  6.0  7.0   0.7     7   4.0 108 1019.8  28.6  28.7  26.2   MM   MM    MM
2026 08 10 09 10 220  6.0  7.0   0.7    MM   4.0 108 1019.7  28.5  28.7  26.2   MM   MM    MM
2026 08 10 09 00 220  6.0  7.0    MM    MM    MM  MM 1019.6  28.5  28.7  26.3   MM -0.6    MM
2026 08 10 08 50 220  6.0  7.0   0.6     7   4.1 119 1019.5  28.6  28.7  26.4   MM   MM    MM
2026 08 10 08 40 220  6.0  7.0    MM    MM    MM  MM 1019.5  28.6  28.7  26.3   MM   MM    MM
2026 08 10 08 30 220  6.0  7.0    MM    MM    MM  MM 1019.5  28.5  28.7  26.2   MM   MM    MM
2026 08 10 08 20 220  6.0  7.0   0.7     8   4.1 112 1019.4  28.5  28.7  26.2   MM   MM    MM
2026 08 10 08 10 220  6.0  7.0    MM    MM    MM  MM 1019.5  28.5  28.7  26.2   MM   MM    MM
2026 08 10 08 00 220  6.0  7.0    MM    MM    MM  MM 1019.4  28.5  28.7  26.2   MM -1.2    MM
2026 08 10 07 50 220  5.0  6.0   0.7     7   3.8 119 1019.5  28.5  28.7  26.2   MM   MM    MM
2026 08 10 07 40 220  6.0  7.0    MM    MM    MM  MM 1019.6  28.5  28.7  26.1   MM   MM    MM
2026 08 10 07 30 220  6.0  6.0    MM    MM    MM  MM 1019.7  28.6  28.7  26.3   MM   MM    MM
2026 08 10 07 20 220  6.0  7.0   0.7     7   3.8 127 1019.6  28.5  28.7  26.1   MM   MM    MM
2026 08 10 07 10 220  6.0  7.0   0.7    MM   3.8 127 1019.7  28.5  28.7  26.1   MM   MM    MM
2026 08 10 07 00 220  6.0  7.0    MM    MM    MM  MM 1019.8  28.5  28.8  26.0   MM -1.1    MM
2026 08 10 06 50 220  6.0  7.0   0.7     8   3.9 125 1019.9  28.5  28.8  26.1   MM   MM    MM
2026 08 10 06 40 210  6.0  7.0    MM    MM    MM  MM 1019.9  28.5  28.8  26.0   MM   MM    MM
2026 08 10 06 30 210  6.0  7.0    MM    MM    MM  MM 1019.9  28.5  28.8  26.0   MM   MM    MM
2026 08 10 06 20 210  6.0  8.0   0.7     7   3.9 115 1019.9  28.5  28.8  25.9   MM   MM    MM
2026 08 10 06 10 210  6.0  8.0    MM    MM    MM  MM 1020.1  28.5  28.8  25.9   MM   MM    MM
2026 08 10 06 00 210  6.0  7.0    MM    MM    MM  MM 1020.2  28.5  28.8  25.9   MM -0.9    MM
2026 08 10 05 50 210  6.0  7.0   0.7     8   4.1 116 1020.3  28.5  28.8  25.8   MM   MM    MM
2026 08 10 05 40 210  6.0  7.0   0.7    MM   4.1 116 1020.3  28.5  28.8  25.8   MM   MM    MM
2026 08 10 05 30 210  6.0  7.0    MM    MM    MM  MM 1020.4  28.6  28.8  25.9   MM   MM    MM
2026 08 10 05 20 200  6.0  7.0   0.7     8   4.1 119 1020.3  28.5  28.8  25.6   MM   MM    MM
2026 08 10 05 10 210  6.0  7.0   0.7    MM   4.1 119 1020.5  28.5  28.8  25.5   MM   MM    MM
2026 08 10 05 00 210  6.0  7.0    MM    MM    MM  MM 1020.6  28.6  28.8  25.6   MM +0.0    MM
2026 08 10 04 50 210  6.0  7.0   0.7     8   4.2 117 1020.7  28.5  28.8  25.5   MM   MM    MM
2026 08 10 04 40 200  6.0  7.0    MM    MM    MM  MM 1020.8  28.6  28.8  25.5   MM   MM    MM
2026 08 10 04 30 200  6.0  7.0    MM    MM    MM  MM 1020.9  28.6  28.8  25.3   MM   MM    MM
2026 08 10 04 20 210  6.0  7.0   0.7     8   4.2 124 1020.8  28.6  28.8  25.3   MM   MM    MM
2026 08 10 04 10 210  6.0  7.0   0.7    MM   4.2 124 1020.8  28.6  28.8  25.3   MM   MM    MM
2026 08 10 04 00 200  6.0  7.0    MM    MM    MM  MM 1020.9  28.6  28.8  25.3   MM +0.5    MM
2026 08 10 03 50 210  6.0  7.0   0.6     8   4.4 121 1020.9  28.5  28.8  25.3   MM   MM    MM
2026 08 10 03 40 200  5.0  6.0   0.6    MM   4.4 121 1021.0  28.6    MM  25.6   MM   MM    MM
2026 08 10 03 30 200  5.0  6.0    MM    MM    MM  MM 1021.1  28.6  28.8  25.5   MM   MM    MM
2026 08 10 03 20 200  6.0  7.0   0.7     7   4.3 124 1021.2  28.5  28.8  25.4   MM   MM    MM
2026 08 10 03 10 200  6.0  7.0   0.7    MM   4.3 124 1021.0  28.5  28.8  25.5   MM   MM    MM
2026 08 10 03 00 190  6.0  7.0    MM    MM    MM  MM 1021.1  28.5  28.8  25.4   MM +1.4    MM
2026 08 10 02 50 190  5.0  7.0   0.6     8   4.5 115 1020.9  28.5  28.8  25.5   MM   MM    MM
2026 08 10 02 40 180  6.0  7.0    MM    MM    MM  MM 1020.8  28.4  28.8  25.3   MM   MM    MM
2026 08 10 02 30 180  5.0  6.0    MM    MM    MM  MM 1020.8  28.5  28.9  25.6   MM   MM    MM
2026 08 10 02 20 180  5.0  6.0   0.6     8   4.6 120 1020.8  28.4  28.9  25.3   MM   MM    MM
2026 08 10 02 10 180  5.0  6.0   0.6    MM   4.6 120 1020.8  28.4  28.9  25.2   MM   MM    MM
2026 08 10 02 00 180  5.0  6.0    MM    MM    MM  MM 1020.8  28.4  28.9  25.2   MM +1.4    MM
2026 08 10 01 50 190  6.0  6.0   0.6     7   4.8 120 1020.6  28.3  28.9  25.1   MM   MM    MM
2026 08 10 01 40 180  5.0  6.0   0.6    MM   4.8 120 1020.7  28.4  28.9  25.4   MM   MM    MM
2026 08 10 01 30 190  5.0  6.0    MM    MM    MM  MM 1020.7  28.4  28.9  25.2   MM   MM    MM
2026 08 10 01 20 180  5.0  6.0   0.7     8   5.2 115 1020.5  28.5  29.0  25.0   MM   MM    MM
2026 08 10 01 10 170  5.0  6.0   0.7    MM   5.2 115 1020.4  28.4  29.0  24.8   MM   MM    MM
2026 08 10 01 00 180  5.0  6.0    MM    MM    MM  MM 1020.4  28.5    MM  24.9   MM +0.6    MM
2026 08 10 00 50 170  5.0  6.0   0.6    MM   5.3 113 1020.3    MM  29.1    MM   MM   MM    MM
2026 08 10 00 40 180  5.0  5.0   0.6    MM   5.3 113 1020.3  28.4  29.1  24.6   MM   MM    MM
2026 08 10 00 30 180  5.0  6.0    MM    MM    MM  MM 1020.1  28.4  29.1  24.5   MM   MM    MM
2026 08 10 00 20 180  4.0  5.0   0.6     8   4.9 123 1019.9  28.4  29.1  24.7   MM   MM    MM
2026 08 10 00 10 170  4.0  5.0    MM    MM    MM  MM 1019.8  28.4  29.2  24.7   MM   MM    MM
2026 08 10 00 00 170  4.0  5.0    MM    MM    MM  MM 1019.7  28.3  29.1  24.4   MM +0.4    MM
2026 08 09 23 50 170  4.0  5.0   0.7     8   5.4 106 1019.6  28.3  29.1  24.7   MM   MM    MM
2026 08 09 23 40 170  5.0  5.0    MM    MM    MM  MM 1019.6  28.2  29.1  24.6   MM   MM    MM
2026 08 09 23 10 170  5.0  5.0   0.6    MM   5.7 120 1019.3  28.3  29.2  24.9   MM   MM    MM
2026 08 09 23 00 170  5.0  5.0    MM    MM    MM  MM 1019.4  28.3  29.2  24.6   MM -0.3    MM
2026 08 09 22 50 170  5.0  5.0   0.6     8   5.9 116 1019.5  28.3  29.2  24.5   MM   MM    MM
2026 08 09 22 40 170  5.0  5.0    MM    MM    MM  MM 1019.6  28.1  29.2  24.4   MM   MM    MM
2026 08 09 22 30 170  4.0  5.0    MM    MM    MM  MM 1019.7  28.2  29.2  24.9   MM   MM    MM
2026 08 09 22 20 180  4.0  5.0   0.7     7   5.8 109 1019.7  28.2  29.2  25.0   MM   MM    MM
2026 08 09 22 10 180  4.0  5.0    MM    MM    MM  MM 1019.7  28.3  29.2  25.3   MM   MM    MM
2026 08 09 22 00 190  4.0  4.0    MM    MM    MM  MM 1019.8  28.2  29.2  25.1   MM -0.9    MM
2026 08 09 21 50 200  4.0  5.0   0.7     8   5.9 115 1019.6  28.3  29.2  25.4   MM   MM    MM
2026 08 09 21 40 200  4.0  5.0    MM    MM    MM  MM 1019.5  28.3  29.2  25.1   MM   MM    MM
2026 08 09 21 30 200  4.0  5.0    MM    MM    MM  MM 1019.5  28.3  29.2  24.9   MM   MM    MM
2026 08 09 21 20 210  3.0  4.0   0.6     8   5.7 108 1019.5  28.3  29.1  24.8   MM   MM    MM
2026 08 09 21 10 220  3.0  4.0   0.6    MM   5.7 108 1019.5  28.3  29.1  24.8   MM   MM    MM
2026 08 09 21 00 210  4.0  4.0    MM    MM    MM  MM 1019.3  28.2  29.0  24.7   MM -1.9    MM
2026 08 09 20 50 210  4.0  5.0   0.7     8   5.8 101 1019.2  28.1  29.1  24.7   MM   MM    MM
2026 08 09 20 40 200  4.0  4.0    MM    MM    MM  MM 1019.2  28.1  29.0  24.8   MM   MM    MM
2026 08 09 20 30 190  4.0  5.0    MM    MM    MM  MM 1019.2  28.2  29.1  24.9   MM   MM    MM
2026 08 09 20 20 200  4.0  4.0   0.6     8   5.6 109 1019.2  28.2  29.0  24.7   MM   MM    MM
2026 08 09 20 10 200  4.0  5.0    MM    MM    MM  MM 1019.5  28.1  29.0  24.5   MM   MM    MM
2026 08 09 20 00 200  4.0  5.0    MM    MM    MM  MM 1019.7  28.1  29.0  24.3   MM -1.9    MM
2026 08 09 19 50 190  4.0  5.0   0.7     8   5.7 112 1019.8  28.2  29.1  24.3   MM   MM    MM
2026 08 09 19 40 190  4.0  5.0   0.7    MM   5.7 112 1020.0  28.1  29.2  24.0   MM   MM    MM
2026 08 09 19 30 200  4.0  5.0    MM    MM    MM  MM 1020.1  28.2  29.2  24.2   MM   MM    MM
2026 08 09 19 20 200  4.0  5.0   0.7     8   5.8 121 1020.4  28.3  29.2  24.2   MM   MM    MM
2026 08 09 19 10 200  3.0  5.0   0.7    MM   5.8 121 1020.6    MM  29.1    MM   MM   MM    MM
2026 08 09 19 00 190  3.0  4.0    MM    MM    MM  MM 1020.7  28.2  29.1  24.2   MM -1.1    MM
2026 08 09 18 50 190  3.0  4.0   0.7     7   5.7 114 1020.8  28.1    MM  24.5   MM   MM    MM
2026 08 09 18 40 190  2.0  3.0    MM    MM    MM  MM 1021.0  28.0  29.1  24.7   MM   MM    MM
2026 08 09 18 30 200  2.0  3.0    MM    MM    MM  MM 1021.1  28.0  29.0  24.7   MM   MM    MM
2026 08 09 18 20 200  2.0  3.0   0.7     8   5.9 120 1021.0  28.0  29.0  24.6   MM   MM    MM
2026 08 09 18 10 200  2.0  3.0    MM    MM    MM  MM 1021.0  27.9  29.0  24.4   MM   MM    MM
2026 08 09 18 00 200  2.0  3.0    MM    MM    MM  MM 1021.2  27.7    MM  24.3   MM +0.0    MM
2026 08 09 17 50 180  1.0  2.0   0.7     8   5.6 114 1021.3  27.8  28.9  24.5   MM   MM    MM
2026 08 09 17 40 170  1.0  2.0    MM    MM    MM  MM 1021.3  27.7  29.0  24.5   MM   MM    MM
2026 08 09 17 30 200  1.0  2.0    MM    MM    MM  MM 1021.4  27.5  29.0  24.3   MM   MM    MM
2026 08 09 17 20 220  2.0  3.0   0.7     8   5.8 115 1021.5  27.3  29.0  24.1   MM   MM    MM
2026 08 09 17 10 220  3.0  4.0    MM    MM    MM  MM 1021.4  27.1  29.0  23.5   MM   MM    MM
2026 08 09 17 00 220  4.0  9.0    MM    MM    MM  MM 1021.6  27.0  29.0  23.2   MM +0.5    MM
2026 08 09 16 50 220  4.0  8.0   0.7     8   5.7 120 1021.7  27.7  28.8  24.1   MM   MM    MM
2026 08 09 16 40 200  3.0  3.0    MM    MM    MM  MM 1021.6  27.7  28.9  24.2   MM   MM    MM
2026 08 09 16 30 180  3.0  4.0    MM    MM    MM  MM 1021.6  27.8  28.8  24.2   MM   MM    MM
2026 08 09 16 20 170  4.0  5.0   0.7     7   5.5 123 1021.8  27.8  28.8  24.1   MM   MM    MM
2026 08 09 16 10 170  3.0  4.0    MM    MM    MM  MM 1021.9  28.0  28.8  24.3   MM   MM    MM
2026 08 09 16 00 170  2.0  3.0    MM    MM    MM  MM 1021.8  28.3  28.8  24.3   MM +0.6    MM
2026 08 09 15 50 170  1.0  3.0   0.8     8   5.6 119 1021.8  28.6  28.7  24.1   MM   MM    MM
2026 08 09 15 40 170  1.0  1.0    MM    MM    MM  MM 1021.8  28.3  28.8  24.2   MM   MM    MM
2026 08 09 15 30 230  1.0  2.0    MM    MM    MM  MM 1022.0  28.0  28.8  24.3   MM   MM    MM
2026 08 09 15 20 260  1.0  2.0   0.8     8   5.6 126 1021.6  27.8  28.7  24.1   MM   MM    MM
2026 08 09 15 10 250  1.0  2.0    MM    MM    MM  MM 1021.4  27.9  28.7  24.3   MM   MM    MM
2026 08 09 15 00 220  1.0  2.0    MM    MM    MM  MM 1021.4  27.9  28.8  24.3   MM +0.5    MM
2026 08 09 14 50 210  2.0  3.0   0.8     8   5.6 127 1021.5  27.8  28.7  24.2   MM   MM    MM
2026 08 09 14 40 210  2.0  3.0    MM    MM    MM  MM 1021.6  27.9  28.7  24.1   MM   MM    MM
2026 08 09 14 30 200  3.0  3.0    MM    MM    MM  MM 1021.5  27.9  28.7  23.8   MM   MM    MM
2026 08 09 14 20 210  2.0  3.0   0.9     8   5.9 121 1021.5  28.0  28.7  24.0   MM   MM    MM
2026 08 09 14 10 250  2.0  3.0    MM    MM    MM  MM 1021.3  28.1  28.6  24.3   MM   MM    MM
2026 08 09 14 00 230  2.0  4.0    MM    MM    MM  MM 1021.1  27.9  28.6  24.2   MM +0.8    MM
2026 08 09 13 50 220  3.0  5.0   0.9     8   5.6 123 1021.3  27.9  28.6  24.3   MM   MM    MM
2026 08 09 13 40 230  2.0  3.0   0.9    MM   5.6 123 1021.3  28.1  28.6  24.8   MM   MM    MM
2026 08 09 13 30 240  2.0  3.0    MM    MM    MM  MM 1021.3  28.3  28.6  24.5   MM   MM    MM
2026 08 09 13 20 240  2.0  2.0   0.9     8   5.8 129 1021.4  28.4  28.6  24.4   MM   MM    MM
2026 08 09 13 10 240  1.0  2.0   0.9    MM   5.8 129 1021.3  28.4  28.6  24.2   MM   MM    MM
2026 08 09 13 00 250  2.0  3.0    MM    MM    MM  MM 1021.2  28.3  28.6  24.2   MM +1.7    MM
2026 08 09 12 50 240  2.0  2.0   0.8     8   5.6 124 1021.0  28.5    MM  24.6   MM   MM    MM
2026 08 09 12 40 260  2.0  3.0   0.8    MM   5.6 124 1021.0  28.3  28.6  24.4   MM   MM    MM
2026 08 09 12 30 250  2.0  3.0    MM    MM    MM  MM 1020.9  28.3  28.6  24.7   MM   MM    MM
2026 08 09 12 20 270  2.0  3.0   0.8     8   5.7 131 1021.1  28.1  28.6  24.7   MM   MM    MM
2026 08 09 12 10 250  2.0  3.0    MM    MM    MM  MM 1021.0  28.0  28.6  24.7   MM   MM    MM
2026 08 09 12 00 260  2.0  3.0    MM    MM    MM  MM 1020.9  27.9  28.6  24.7   MM +1.5    MM
2026 08 09 11 50 260  2.0  3.0   0.9     8   5.7 121 1020.6  27.9  28.6  24.7   MM   MM    MM
2026 08 09 11 40 260  2.0  3.0    MM    MM    MM  MM 1020.6  27.9  28.6  24.7   MM   MM    MM
2026 08 09 11 30 250  2.0  3.0    MM    MM    MM  MM 1020.6  28.0  28.6  24.8   MM   MM    MM
2026 08 09 11 20 250  2.0  3.0   0.9     8   5.7 119 1020.5  27.9  28.6  24.6   MM   MM    MM
2026 08 09 11 10 240  2.0  3.0    MM    MM    MM  MM 1020.3  27.9  28.6  24.7   MM   MM    MM
2026 08 09 11 00 240  3.0  4.0    MM    MM    MM  MM 1020.3  27.9  28.6  24.7   MM +1.2    MM
2026 08 09 10 50 230  3.0  4.0   0.9     8   5.6 128 1020.2  27.9  28.6  24.7   MM   MM    MM
2026 08 09 10 40 220  4.0  5.0    MM    MM    MM  MM 1020.1  27.9    MM  24.7   MM   MM    MM
2026 08 09 10 30 220  4.0  5.0    MM    MM    MM  MM 1019.9  27.9  28.6  24.9   MM   MM    MM
2026 08 09 10 20 220  4.0  5.0   0.9     8   5.6 118 1019.7  27.9  28.6  24.8   MM   MM    MM
2026 08 09 10 10 210  4.0  5.0   0.9    MM   5.6 118 1019.6  27.8  28.6  24.6   MM   MM    MM
2026 08 09 10 00 210  4.0  5.0    MM    MM    MM  MM 1019.5  27.8  28.6  24.7   MM -0.0    MM
2026 08 09 09 50 210  4.0  5.0   1.0     8   5.9 123 1019.5  27.8  28.6  24.8   MM   MM    MM
2026 08 09 09 40 210  4.0  5.0    MM    MM    MM  MM 1019.5  27.8  28.6  24.8   MM   MM    MM
2026 08 09 09 30 210  4.0  5.0    MM    MM    MM  MM 1019.4  27.7  28.6  24.6   MM   MM    MM
2026 08 09 09 20 200  4.0  5.0   0.9     8   5.8 117 1019.4  27.7  28.6  24.6   MM   MM    MM
2026 08 09 09 10 210  4.0  5.0   0.9    MM   5.8 117 1019.4  27.7  28.6  24.6   MM   MM    MM
2026 08 09 09 00 210  5.0  5.0    MM    MM    MM  MM 1019.4  27.6  28.6  24.4   MM -0.0    MM
2026 08 09 08 50 200  5.0  6.0   0.9     8   5.5 102 1019.3  27.6  28.6  24.3   MM   MM    MM
2026 08 09 08 40 200  5.0  6.0   0.9    MM   5.5 102 1019.1  27.6  28.6  24.5   MM   MM    MM
2026 08 09 08 30 210  5.0  6.0    MM    MM    MM  MM 1019.2  27.7  28.6  24.5   MM   MM    MM
2026 08 09 08 20 210  5.0  6.0   0.9     9   5.9 111 1019.1  27.6  28.6  24.2   MM   MM    MM
2026 08 09 08 10 210  5.0  6.0    MM    MM    MM  MM 1019.1  27.7  28.6  24.3   MM   MM    MM
2026 08 09 08 00 210  5.0  6.0    MM    MM    MM  MM 1019.1  27.7  28.6  24.3   MM -1.2    MM
2026 08 09 07 50 210  5.0  6.0   1.0     8   6.1 114 1019.0  27.6  28.6  24.3   MM   MM    MM
2026 08 09 07 40 200  5.0  6.0    MM    MM    MM  MM 1019.1  27.6  28.6  24.5   MM   MM    MM
2026 08 09 07 30 210  4.0  5.0    MM    MM    MM  MM 1019.2  27.6  28.6  24.3   MM   MM    MM
2026 08 09 07 20 200  4.0  5.0   1.0     8   5.9 114 1019.4  27.5  28.6  24.2   MM   MM    MM
2026 08 09 07 10 200  5.0  6.0   1.0    MM   5.9 114 1019.4  27.5  28.6  24.3   MM   MM    MM
2026 08 09 07 00 200  6.0  6.0    MM    MM    MM  MM 1019.4  27.5  28.6  24.4   MM -1.6    MM
2026 08 09 06 50 200  6.0  6.0   1.0    MM   5.9 109 1019.4    MM  28.6    MM   MM   MM    MM
2026 08 09 06 40 200  5.0  6.0    MM    MM    MM  MM 1019.4  27.6    MM  24.3   MM   MM    MM
2026 08 09 06 30 210  5.0  5.0    MM    MM    MM  MM 1019.5  27.5    MM  24.1   MM   MM    MM
2026 08 09 06 20 210  5.0  6.0   0.9     8   5.7 122 1019.4  27.6  28.6  24.2   MM   MM    MM
2026 08 09 06 10 210  4.0  5.0    MM    MM    MM  MM 1019.6  27.6  28.6  24.0   MM   MM    MM
2026 08 09 06 00 200  4.0  5.0    MM    MM    MM  MM 1019.6  27.4    MM  23.9   MM -1.6    MM
2026 08 09 05 50 190  3.0  4.0   1.0     8   5.8 108 1019.8  27.4  28.7  24.1   MM   MM    MM
2026 08 09 05 40 190  3.0  4.0    MM    MM    MM  MM 1019.9  27.5  28.6  24.2   MM   MM    MM
2026 08 09 05 30 200  4.0  5.0    MM    MM    MM  MM 1020.1  27.5  28.7  24.1   MM   MM    MM
2026 08 09 05 20 210  4.0  5.0   1.0     8   5.8 112 1020.1  27.3  28.7  23.6   MM   MM    MM
2026 08 09 05 10 220  4.0  5.0    MM    MM    MM  MM 1020.1  27.4  28.6  24.2   MM   MM    MM
2026 08 09 05 00 220  4.0  5.0    MM    MM    MM  MM 1020.3  27.4  28.6  24.1   MM -0.4    MM
2026 08 09 04 50 220  4.0  6.0   1.0     8   5.9 122 1020.6  27.4  28.7  24.2   MM   MM    MM
2026 08 09 04 40 210  4.0  5.0    MM    MM    MM  MM 1020.7  27.4  28.7  24.2   MM   MM    MM
2026 08 09 04 30 220  4.0  5.0    MM    MM    MM  MM 1020.7  27.4  28.7  24.1   MM   MM    MM
2026 08 09 04 20 220  4.0  5.0   1.1     8   6.0 116 1020.8  27.5  28.7  24.2   MM   MM    MM
2026 08 09 04 10 210  4.0  6.0   1.1    MM   6.0 116 1021.0  27.5  28.7  24.0   MM   MM    MM
2026 08 09 04 00 210  4.0  5.0    MM    MM    MM  MM 1021.0  27.4  28.7  23.9   MM +1.4    MM
2026 08 09 03 50 210  4.0  5.0   1.1     8   6.1 125 1021.1  27.4  28.7  24.0   MM   MM    MM
2026 08 09 03 40 220  4.0  5.0    MM    MM    MM  MM 1021.1  27.4  28.7  24.0   MM   MM    MM
2026 08 09 03 30 220  4.0  5.0    MM    MM    MM  MM 1021.1  27.4  28.7  24.1   MM   MM    MM
2026 08 09 03 20 210  4.0  5.0   1.1     8   6.0 124 1021.2  27.5  28.7  24.2   MM   MM    MM
2026 08 09 03 10 210  3.0  4.0    MM    MM    MM  MM 1021.1  27.5  28.7  24.1   MM   MM    MM
2026 08 09 03 00 210  3.0  4.0    MM    MM    MM  MM 1021.2  27.4  28.7  23.8   MM +1.7    MM
2026 08 09 02 50 200  2.0  3.0   1.1     8   5.9 124 1021.2  27.5  28.7  23.9   MM   MM    MM
2026 08 09 02 40 190  2.0  3.0    MM    MM    MM  MM 1021.1  27.4  28.7  23.7   MM   MM    MM
2026 08 09 02 30 210  1.0  2.0    MM    MM    MM  MM 1021.1  27.4  28.7  23.8   MM   MM    MM
2026 08 09 02 20 220  2.0  3.0   1.1     8   6.0 121 1020.9  27.4  28.7  23.9   MM   MM    MM
2026 08 09 02 10 240  2.0  2.0    MM    MM    MM  MM 1020.8  27.3  28.7  23.7   MM   MM    MM
2026 08 09 02 00 260  1.0  2.0    MM    MM    MM  MM 1020.7  27.3  28.7  23.8   MM +1.2    MM
2026 08 09 01 50 260  1.0  2.0   1.2     8   6.1 123 1020.4  27.2  28.7  23.7   MM   MM    MM
2026 08 09 01 40 250  1.0  2.0    MM    MM    MM  MM 1020.1  27.2  28.7  23.9   MM   MM    MM
2026 08 09 01 30 240  1.0  1.0    MM    MM    MM  MM 1020.1  27.2  28.7  23.9   MM   MM    MM
2026 08 09 01 20 160  1.0  2.0   1.2     8   6.0 120 1019.8  27.2  28.7  24.0   MM   MM    MM
2026 08 09 01 10 130  1.0  2.0   1.2    MM   6.0 120 1019.6  27.2  28.7  24.0   MM   MM    MM
2026 08 09 01 00 160  1.0  1.0    MM    MM    MM  MM 1019.6  27.2  28.7  23.9   MM +0.0    MM
2026 08 09 00 50 180  2.0  2.0   1.2     8   6.0 114 1019.6  27.1  28.7  23.8   MM   MM    MM
2026 08 09 00 40 180  3.0  3.0    MM    MM    MM  MM 1019.5  27.2    MM  24.1   MM   MM    MM
2026 08 09 00 30 180  3.0  4.0    MM    MM    MM  MM 1019.4  27.1  28.7  23.9   MM   MM    MM
2026 08 09 00 20 180  3.0  4.0   1.3     9   6.2 118 1019.5  27.1  28.7  24.2   MM   MM    MM
2026 08 09 00 10 180  4.0  5.0    MM    MM    MM  MM 1019.4  27.2  28.7  24.5   MM   MM    MM
2026 08 09 00 00 180  4.0  5.0    MM    MM    MM  MM 1019.5  27.2  28.7  24.1   MM -0.3    MM
2026 08 08 23 50 170  4.0  5.0   1.2     9   5.9 117 1019.5  27.1  28.7  23.9   MM   MM    MM
2026 08 08 23 40 170  4.0  5.0   1.2    MM   5.9 117 1019.5  27.1  28.7  24.1   MM   MM    MM
2026 08 08 23 20 180  3.0  4.0   1.1     9   5.8 114 1019.4  27.0  28.7  24.0   MM   MM    MM
2026 08 08 23 10 180  3.0  3.0    MM    MM    MM  MM 1019.5  26.9  28.6  23.9   MM   MM    MM
2026 08 08 23 00 190  3.0  4.0    MM    MM    MM  MM 1019.5  26.9  28.6  24.0   MM -1.2    MM
2026 08 08 22 50 200  3.0  5.0   1.2     8   5.7 112 1019.4  26.8    MM  23.9   MM   MM    MM
2026 08 08 22 40 190  4.0  5.0   1.2    MM   5.7 112 1019.3  26.8  28.7  24.1   MM   MM    MM
2026 08 08 22 30 190  4.0  5.0    MM    MM    MM  MM 1019.2  26.7  28.7  24.2   MM   MM    MM
2026 08 08 22 20 180  4.0  5.0   1.4     8   5.9 111 1019.2  26.6  28.7  24.0   MM   MM    MM
2026 08 08 22 10 170  4.0  5.0   1.4    MM   5.9 111 1019.3  26.5  28.7  24.0   MM   MM    MM
2026 08 08 22 00 170  4.0  6.0    MM    MM    MM  MM 1019.4  26.5  28.7  24.3   MM -1.6    MM
2026 08 08 21 50 170  4.0  6.0   1.2     8   5.6 109 1019.4  26.5  28.7  24.4   MM   MM    MM
2026 08 08 21 40 180  5.0  6.0    MM    MM    MM  MM 1019.5  26.4  28.7  24.3   MM   MM    MM
2026 08 08 21 30 170  5.0  6.0    MM    MM    MM  MM 1019.5  26.2  28.7  24.1   MM   MM    MM
2026 08 08 21 20 180  6.0  7.0   1.3     8   5.7 115 1019.6  26.2  28.7  24.1   MM   MM    MM
2026 08 08 21 10 170  6.0  7.0   1.3    MM   5.7 115 1019.8  26.2  28.7  24.1   MM   MM    MM
2026 08 08 21 00 180  7.0  7.0    MM    MM    MM  MM 1019.8  26.2  28.7  24.1   MM -1.3    MM
2026 08 08 20 50 180  7.0  8.0   1.3     9   6.2 103 1019.9  26.3  28.7  24.1   MM   MM    MM
2026 08 08 20 40 180  7.0  8.0    MM    MM    MM  MM 1020.1  26.4  28.7  24.3   MM   MM    MM
2026 08 08 20 30 180  7.0  8.0    MM    MM    MM  MM 1020.2  26.4  28.7  24.1   MM   MM    MM
2026 08 08 20 20 170  7.0  8.0   1.2    MM   6.2 109 1020.4    MM  28.7    MM   MM   MM    MM
2026 08 08 20 10 170  7.0  8.0   1.2    MM   6.2 109 1020.5  27.0  28.7  23.9   MM   MM    MM
2026 08 08 20 00 160  6.0  7.0    MM    MM    MM  MM 1020.7  27.1  28.7  23.8   MM -1.2    MM
2026 08 08 19 50 170  4.0  6.0   1.2     9   6.4 101 1020.8  27.0  28.7  23.8   MM   MM    MM
2026 08 08 19 40 180  3.0  4.0    MM    MM    MM  MM 1020.8  26.9  28.7  23.9   MM   MM    MM
2026 08 08 19 30 180  2.0  3.0    MM    MM    MM  MM 1020.8  26.8  28.7  23.7   MM   MM    MM
2026 08 08 19 20 170  3.0  4.0   1.3     9   6.5 105 1020.8  26.8  28.7  23.7   MM   MM    MM
2026 08 08 19 10 160  3.0  3.0    MM    MM    MM  MM 1020.9  26.8  28.7  23.7   MM   MM    MM
2026 08 08 19 00 170  3.0  3.0    MM    MM    MM  MM 1021.0  26.8    MM  23.5   MM -1.1    MM
2026 08 08 18 50 180  2.0  3.0   1.3    MM   6.3 105 1021.1    MM  28.7    MM   MM   MM    MM
2026 08 08 18 40  MM   MM   MM   1.3     9   6.3 105     MM    MM    MM    MM   MM   MM    MM
2026 08 08 18 30 200  2.0  3.0    MM    MM    MM  MM 1021.3  26.6  28.7  23.2   MM   MM    MM
2026 08 08 18 20 190  3.0  4.0   1.4     9   6.5 110 1021.4  26.5  28.7  23.1   MM   MM    MM
2026 08 08 18 10 190  3.0  4.0    MM    MM    MM  MM 1021.3  26.4  28.7  23.0   MM   MM    MM
2026 08 08 18 00 180  3.0  4.0    MM    MM    MM  MM 1021.1  26.4  28.7  23.1   MM -1.1    MM
2026 08 08 17 50 180  3.0  4.0   1.2     8   6.0 119 1021.2  26.4  28.7  23.1   MM   MM    MM
2026 08 08 17 40 190  3.0  4.0    MM    MM    MM  MM 1021.3  26.3  28.7  23.0   MM   MM    MM
2026 08 08 17 30 190  3.0  4.0    MM    MM    MM  MM 1021.4  26.2  28.7  22.9   MM   MM    MM
2026 08 08 17 20 180  3.0  4.0   1.4     8   6.1 117 1021.6  26.2  28.6  23.2   MM   MM    MM
2026 08 08 17 10 180  4.0  5.0   1.4    MM   6.1 117 1021.7  26.2  28.7  23.2   MM   MM    MM
2026 08 08 17 00 170  4.0  6.0    MM    MM    MM  MM 1021.9  26.1  28.7  23.2   MM +0.0    MM
2026 08 08 16 50 160  5.0  6.0   1.3     8   5.8 106 1022.0  26.1  28.6  23.3   MM   MM    MM
2026 08 08 16 40 170  4.0  5.0    MM    MM    MM  MM 1022.1  26.1  28.6  23.4   MM   MM    MM
2026 08 08 16 30 170  4.0  5.0    MM    MM    MM  MM 1022.0  26.0  28.6  23.2   MM   MM    MM
2026 08 08 16 20 180  3.0  4.0   1.4     9   5.9 114 1022.0  26.1  28.6  23.4   MM   MM    MM
2026 08 08 16 10 170  4.0  5.0   1.4    MM   5.9 114 1022.1  26.1  28.6  23.0   MM   MM    MM
2026 08 08 16 00 150  4.0  5.0    MM    MM    MM  MM 1022.1  26.0  28.6  22.9   MM +0.4    MM
2026 08 08 15 50 170  4.0  6.0   1.4     8   5.8 118 1022.2  25.9  28.6  23.1   MM   MM    MM
2026 08 08 15 40 170  5.0  6.0    MM    MM    MM  MM 1022.2  26.0  28.6  23.1   MM   MM    MM
2026 08 08 15 30 190  5.0  6.0    MM    MM    MM  MM 1022.2  25.9  28.6  22.7   MM   MM    MM
2026 08 08 15 20 180  4.0  6.0   1.6     9   6.0 121 1022.3  25.7  28.6  22.4   MM   MM    MM
2026 08 08 15 10 160  4.0  5.0   1.6    MM   6.0 121 1022.4  25.7  28.6  22.6   MM   MM    MM
2026 08 08 15 00 180  4.0  5.0    MM    MM    MM  MM 1022.2  25.4  28.6  22.0   MM +0.8    MM
2026 08 08 14 50 190  4.0  5.0   1.5     9   5.8 120 1021.9  25.0  28.6  22.0   MM   MM    MM
2026 08 08 14 40 160  3.0  4.0    MM    MM    MM  MM 1022.1  24.7  28.6  22.6   MM   MM    MM
2026 08 08 14 30 170  3.0  5.0    MM    MM    MM  MM 1022.3  24.8  28.6  23.1   MM   MM    MM
2026 08 08 14 20 190  6.0  8.0   1.4     9   5.7 107 1022.2  24.4  28.6  22.7   MM   MM    MM
2026 08 08 14 10 180  6.0  7.0    MM    MM    MM  MM 1022.1  24.7  28.6  23.2   MM   MM    MM
2026 08 08 14 00 170  5.0  7.0    MM    MM    MM  MM 1022.1  24.4  28.6  22.9   MM +1.2    MM
2026 08 08 13 50 170  6.0  9.0   1.7     9   6.4 116 1022.6  24.5  28.6  22.8   MM   MM    MM
2026 08 08 13 40 180  8.0  9.0    MM    MM    MM  MM 1022.6  25.0  28.7  23.3   MM   MM    MM
2026 08 08 13 30 180  9.0 12.0    MM    MM    MM  MM 1022.5  25.6  28.7  23.1   MM   MM    MM
2026 08 08 13 20 170  7.0  9.0   1.5     8   6.4 137 1022.1  27.2  28.7  24.0   MM   MM    MM
2026 08 08 13 10 110  4.0  5.0   1.5    MM   6.4 137 1021.9  28.2  28.7  24.8   MM   MM    MM
2026 08 08 13 00 100  4.0  5.0    MM    MM    MM  MM 1021.7  28.2  28.7  24.5   MM +1.3    MM
2026 08 08 12 50 100  4.0  5.0   1.7     9   6.6 131 1021.7  28.2    MM  24.3   MM   MM    MM
2026 08 08 12 40 100  4.0  5.0    MM    MM    MM  MM 1021.7  28.2  28.7  24.2   MM   MM    MM
2026 08 08 12 30 100  4.0  5.0    MM    MM    MM  MM 1021.5  28.2  28.7  24.2   MM   MM    MM
2026 08 08 12 20 100  4.0  5.0   1.6     9   6.3 122 1021.5  28.2  28.7  24.2   MM   MM    MM
2026 08 08 12 10 110  4.0  5.0   1.6    MM   6.3 122 1021.6  28.1  28.7  24.4   MM   MM    MM
2026 08 08 12 00 100  4.0  5.0    MM    MM    MM  MM 1021.4  28.1  28.7  24.5   MM +1.3    MM
2026 08 08 11 50 100  4.0  5.0   1.5     9   6.1 125 1021.2  28.1  28.7  24.2   MM   MM    MM
2026 08 08 11 40 100  4.0  5.0    MM    MM    MM  MM 1021.2  28.2  28.7  24.2   MM   MM    MM
2026 08 08 11 30 110  4.0  5.0    MM    MM    MM  MM 1020.9  28.3  28.8  24.0   MM   MM    MM
2026 08 08 11 20 120  4.0  5.0   1.7    10   6.5 129 1020.8  28.3  28.8  23.4   MM   MM    MM
2026 08 08 11 10 120  4.0  5.0    MM    MM    MM  MM 1020.7  28.2  28.8  23.6   MM   MM    MM
2026 08 08 11 00 130  4.0  5.0    MM    MM    MM  MM 1020.9  28.3  28.8  23.9   MM +0.7    MM
2026 08 08 10 50 120  3.0  4.0   1.8     9   6.8 116 1020.8  28.1  28.8  23.5   MM   MM    MM
2026 08 08 10 40 120  4.0  5.0   1.8    MM   6.8 116 1020.7  28.1  28.8  23.5   MM   MM    MM
2026 08 08 10 30 120  4.0  5.0    MM    MM    MM  MM 1020.5  28.1  28.8  23.4   MM   MM    MM
2026 08 08 10 20 130  4.0  5.0   1.7     9   6.7 121 1020.5  28.0  28.8  23.5   MM   MM    MM
2026 08 08 10 10 130  4.0  5.0    MM    MM    MM  MM 1020.4  27.9  28.9  23.9   MM   MM    MM
2026 08 08 10 00 130  4.0  5.0    MM    MM    MM  MM 1020.4  27.9  28.9  24.0   MM -0.0    MM
2026 08 08 09 50 140  4.0  5.0   1.7     9   6.5 117 1020.2  27.9  28.9  24.0   MM   MM    MM
2026 08 08 09 40 140  5.0  6.0    MM    MM    MM  MM 1020.2  27.9  28.9  24.2   MM   MM    MM
2026 08 08 09 30 140  5.0  6.0    MM    MM    MM  MM 1020.2  27.9  28.9  24.4   MM   MM    MM
2026 08 08 09 20 140  5.0  6.0   1.7     9   6.5 124 1020.1  27.9  28.9  24.3   MM   MM    MM
2026 08 08 09 10 150  6.0  7.0   1.7    MM   6.5 124 1020.1  27.8  28.9  24.2   MM   MM    MM
2026 08 08 09 00 150  7.0  8.0    MM    MM    MM  MM 1020.1  27.8  28.9  24.4   MM -1.1    MM
2026 08 08 08 50 150  8.0  9.0   1.7    10   6.5 121 1020.1  28.1  28.9  24.8   MM   MM    MM
2026 08 08 08 40 130  5.0  7.0    MM    MM    MM  MM 1020.0  28.2  28.9  24.2   MM   MM    MM
2026 08 08 08 30 120  5.0  6.0    MM    MM    MM  MM 1020.1  28.2  28.9  24.6   MM   MM    MM
2026 08 08 08 20 120  5.0  6.0   1.6    10   6.4 119 1020.1  28.1  28.9  24.6   MM   MM    MM
2026 08 08 08 10 130  5.0  6.0    MM    MM    MM  MM 1020.2  27.9  28.9  24.3   MM   MM    MM
2026 08 08 08 00 120  6.0  7.0    MM    MM    MM  MM 1020.2  27.8  28.9  23.8   MM -1.7    MM
2026 08 08 07 50 120  7.0  8.0   1.7     9   6.5 115 1020.2  27.7  28.9  23.1   MM   MM    MM
2026 08 08 07 40 120  7.0  8.0    MM    MM    MM  MM 1020.3  27.5  28.9  23.4   MM   MM    MM
2026 08 08 07 30 120  7.0  8.0    MM    MM    MM  MM 1020.4  27.7  29.0  23.6   MM   MM    MM
2026 08 08 07 20 140  6.0  7.0   1.8     9   6.8 118 1020.6  27.4  29.0  22.9   MM   MM    MM
2026 08 08 07 10 130  7.0  9.0   1.8    MM   6.8 118 1020.5  27.7  29.0  24.0   MM   MM    MM
2026 08 08 07 00 130  6.0  8.0    MM    MM    MM  MM 1020.5  28.3  29.0  24.2   MM -1.2    MM
2026 08 08 06 50 120  6.0  8.0   1.7    10   6.8 116 1020.5  28.4  29.0  23.9   MM   MM    MM
2026 08 08 06 40 120  6.0  7.0   1.7    MM   6.8 116 1020.6  28.4  29.0  23.8   MM   MM    MM
2026 08 08 06 30 120  6.0  8.0    MM    MM    MM  MM 1020.7  28.4  29.0  23.6   MM   MM    MM
2026 08 08 06 20 110  6.0  7.0   1.6     9   6.5 123 1020.9  28.4  29.0  23.7   MM   MM    MM
2026 08 08 06 10 120  6.0  7.0   1.6    MM   6.5 123 1021.2  28.4  29.0  24.1   MM   MM    MM
2026 08 08 06 00 120  6.0  7.0    MM    MM    MM  MM 1021.2  28.5  29.0  24.0   MM -1.0    MM
2026 08 08 05 50 100  5.0  6.0   1.6     9   6.6 112 1021.4  28.5  29.0  23.7   MM   MM    MM
2026 08 08 05 40 110  5.0  7.0    MM    MM    MM  MM 1021.6  28.5  29.0  23.6   MM   MM    MM
2026 08 08 05 30 110  5.0  6.0    MM    MM    MM  MM 1021.6  28.5  29.1  23.7   MM   MM    MM
2026 08 08 05 20 110  5.0  6.0   1.6    10   6.9 122 1021.8  28.4  29.1  23.8   MM   MM    MM
2026 08 08 05 10 110  5.0  6.0   1.6    MM   6.9 122 1021.9  28.5  29.1  24.0   MM   MM    MM
2026 08 08 05 00 120  5.0  6.0    MM    MM    MM  MM 1021.9  28.5  29.1  23.8   MM -0.3    MM
2026 08 08 04 50 110  5.0  6.0   1.7    10   6.8 122 1021.8  28.5  29.1  23.7   MM   MM    MM
2026 08 08 04 40 110  5.0  6.0    MM    MM    MM  MM 1021.8  28.5  29.1  23.7   MM   MM    MM
2026 08 08 04 30 110  5.0  6.0    MM    MM    MM  MM 1021.7  28.5  29.1  23.5   MM   MM    MM
2026 08 08 04 20 130  5.0  6.0   1.6     9   6.6 123 1021.7  28.5  29.2  23.6   MM   MM    MM
2026 08 08 04 10 120  5.0  6.0   1.6    MM   6.6 123 1021.8  28.5  29.2  23.7   MM   MM    MM
2026 08 08 04 00 120  5.0  6.0    MM    MM    MM  MM 1021.7  28.6  29.2  23.8   MM +0.0    MM
2026 08 08 03 50 120  5.0  6.0   1.7    10   6.6 121 1021.8  28.6  29.1  23.9   MM   MM    MM
2026 08 08 03 40 130  4.0  6.0   1.7    MM   6.6 121 1021.8  28.6  29.2  23.7   MM   MM    MM
2026 08 08 03 30 130  4.0  5.0    MM    MM    MM  MM 1021.8  28.7  29.2  23.6   MM   MM    MM
2026 08 08 03 20 130  4.0  5.0   1.6     9   6.3 126 1022.0  28.7  29.2  23.4   MM   MM    MM
2026 08 08 03 10 130  4.0  5.0   1.6    MM   6.3 126 1022.0  28.7  29.2  23.6   MM   MM    MM
2026 08 08 03 00 130  4.0  5.0    MM    MM    MM  MM 1022.2  28.7  29.1  23.7   MM +0.5    MM
2026 08 08 02 50 130  4.0  5.0   1.9    10   6.7 128 1022.1  28.6  29.1  23.5   MM   MM    MM
2026 08 08 02 40 130  5.0  6.0    MM    MM    MM  MM 1022.0  28.4  29.1  24.1   MM   MM    MM
2026 08 08 02 30 140  4.0  5.0    MM    MM    MM  MM 1022.1  28.3  29.2  24.9   MM   MM    MM
2026 08 08 02 20 150  3.0  5.0   1.7    10   6.7 119 1022.1  28.2  29.2  24.8   MM   MM    MM
2026 08 08 02 10 160  3.0  4.0    MM    MM    MM  MM 1022.1  28.2  29.2  24.9   MM   MM    MM
2026 08 08 02 00 160  3.0  5.0    MM    MM    MM  MM 1022.2  28.2  29.2  24.9   MM -0.0    MM
2026 08 08 01 50 160  4.0  5.0   1.7    11   6.4 127 1022.1  28.2  29.2  24.9   MM   MM    MM
2026 08 08 01 40 160  4.0  5.0    MM    MM    MM  MM 1022.1  28.2  29.2  24.8   MM   MM    MM
2026 08 08 01 30 160  5.0  6.0    MM    MM    MM  MM 1022.1  28.3  29.2  24.8   MM   MM    MM
2026 08 08 01 20 170  5.0  7.0   1.6     9   6.3 126 1022.0  28.3  29.2  24.8   MM   MM    MM
2026 08 08 01 10 170  5.0  6.0    MM    MM    MM  MM 1021.8  28.2  29.2  24.6   MM   MM    MM
2026 08 08 01 00 180  6.0  7.0    MM    MM    MM  MM 1021.9  28.3  29.2  24.9   MM -0.8    MM
2026 08 08 00 50 160  6.0  7.0   1.6    10   6.5 128 1021.8  28.9  29.2  24.6   MM   MM    MM
2026 08 08 00 40 120  5.0  7.0   1.6    MM   6.5 128 1021.8  29.0  29.3  23.9   MM   MM    MM
2026 08 08 00 30 120  5.0  7.0    MM    MM    MM  MM 1021.8  29.0  29.3  23.6   MM   MM    MM
2026 08 08 00 20 120  5.0  6.0   1.7    10   6.7 133 1021.8  29.0  29.3  23.9   MM   MM    MM
2026 08 08 00 10 110  4.0  6.0   1.7    MM   6.7 133 1021.7  28.6  29.3  24.3   MM   MM    MM
2026 08 08 00 00 110  3.0  5.0    MM    MM    MM  MM 1021.7  28.5  29.3  24.5   MM -0.8    MM
2026 08 07 23 50 110  3.0  4.0   1.8    10   6.6 137 1021.7  28.5  29.3  24.3   MM   MM    MM
2026 08 07 23 40 100  3.0  4.0   1.8    MM   6.6 137 1021.8  28.5  29.3  24.2   MM   MM    MM
2026 08 07 23 30 100  3.0  4.0    MM    MM    MM  MM 1021.8  28.5  29.4  24.1   MM   MM    MM
2026 08 07 23 20 100  4.0  4.0   1.7     9   6.5 135 1022.0  28.5  29.4  23.6   MM   MM    MM
2026 08 07 23 10  90  4.0  6.0    MM    MM    MM  MM 1022.0  28.5  29.4  22.5   MM   MM    MM
2026 08 07 23 00 100  4.0  6.0    MM    MM    MM  MM 1022.1  28.4  29.3  23.2   MM -0.6    MM
2026 08 07 22 50 100  5.0  7.0   1.8    10   6.6 134 1022.3  28.7  29.4  23.6   MM   MM    MM
2026 08 07 22 40 120  5.0  7.0    MM    MM    MM  MM 1022.4  28.9  29.4  23.1   MM   MM    MM
2026 08 07 22 30 120  6.0  7.0    MM    MM    MM  MM 1022.3  28.7  29.4  22.7   MM   MM    MM
2026 08 07 22 20 130  6.0  8.0   1.8    10   6.6 124 1022.5  28.4  29.5  22.9   MM   MM    MM
2026 08 07 22 10 140  7.0  9.0    MM    MM    MM  MM 1022.6  28.5  29.5  23.4   MM   MM    MM
2026 08 07 22 00 150  7.0  8.0    MM    MM    MM  MM 1022.7  28.4  29.5  23.5   MM +0.0    MM
2026 08 07 21 50 130  6.0  9.0   1.7    10   6.9 135 1022.6  28.9  29.6  23.9   MM   MM    MM
2026 08 07 21 40 120  5.0  7.0    MM    MM    MM  MM 1022.5  29.2  29.6  24.3   MM   MM    MM
2026 08 07 21 30 110  5.0  7.0    MM    MM    MM  MM 1022.3  29.2  29.5  24.7   MM   MM    MM
2026 08 07 21 20 100  5.0  6.0   1.6    10   6.6 133 1022.3  29.2  29.5  24.5   MM   MM    MM
2026 08 07 21 10 100  5.0  6.0   1.6    MM   6.6 133 1022.4  29.2  29.6  24.5   MM   MM    MM
2026 08 07 21 00 100  4.0  6.0    MM    MM    MM  MM 1022.5  29.2  29.7  24.3   MM -0.6    MM
2026 08 07 20 50 100  4.0  5.0   1.5    11   6.6 131 1022.6  29.2  29.7  24.0   MM   MM    MM
2026 08 07 20 40 100  4.0  5.0    MM    MM    MM  MM 1022.5  29.1  29.6  24.0   MM   MM    MM
2026 08 07 20 30 100  4.0  5.0    MM    MM    MM  MM 1022.5  29.2  29.6  24.2   MM   MM    MM
2026 08 07 20 20  90  4.0  5.0   1.5    10   6.5 131 1022.6  28.9  29.6  23.8   MM   MM    MM
2026 08 07 20 10  90  4.0  5.0   1.5    MM   6.5 131 1022.6  29.0  29.6  24.5   MM   MM    MM
2026 08 07 20 00  90  3.0  4.0    MM    MM    MM  MM 1022.7  29.0  29.6  24.6   MM -0.8    MM
2026 08 07 19 50 100  3.0  5.0   1.3     8   6.0 130 1022.6  29.0  29.5  24.2   MM   MM    MM
2026 08 07 19 40 110  4.0  5.0   1.3    MM   6.0 130 1022.8  29.1  29.6  24.2   MM   MM    MM
2026 08 07 19 30 100  4.0  5.0    MM    MM    MM  MM 1022.8  29.0  29.5  24.2   MM   MM    MM
2026 08 07 19 20 100  4.0  4.0   1.0    11   5.6 134 1022.9  29.0  29.5  24.2   MM   MM    MM
2026 08 07 19 10 110  3.0  5.0   1.0    MM   5.6 134 1022.9  29.1  29.5  24.3   MM   MM    MM
2026 08 07 19 00 110  3.0  4.0    MM    MM    MM  MM 1022.9  29.0    MM  24.1   MM -1.1    MM
2026 08 07 18 50 110  4.0  5.0   1.0    MM   5.7 137 1022.9    MM  29.5    MM   MM   MM    MM
2026 08 07 18 40 110  4.0  5.0    MM    MM    MM  MM 1022.9  29.0  29.4  24.1   MM   MM    MM
2026 08 07 18 30 110  3.0  4.0    MM    MM    MM  MM 1022.9  29.0  29.4  24.4   MM   MM    MM
2026 08 07 18 20 110  4.0  5.0   0.9     6   5.2 140 1022.9  29.0  29.4  24.2   MM   MM    MM
2026 08 07 18 10 120  4.0  5.0    MM    MM    MM  MM 1022.9  29.1  29.4  24.3   MM   MM    MM
2026 08 07 18 00 120  4.0  6.0    MM    MM    MM  MM 1023.1  29.1  29.3  24.3   MM -1.2    MM
2026 08 07 17 50 120  4.0  5.0   0.9     7   5.2 125 1023.2  29.0  29.3  24.2   MM   MM    MM
2026 08 07 17 40 120  4.0  5.0    MM    MM    MM  MM 1023.2  29.1  29.3  24.4   MM   MM    MM
2026 08 07 17 30 120  5.0  6.0    MM    MM    MM  MM 1023.4  29.0  29.3  24.2   MM   MM    MM
2026 08 07 17 20 130  5.0  6.0   0.9     6   5.0 133 1023.5  29.1  29.3  24.5   MM   MM    MM
2026 08 07 17 10 120  5.0  6.0   0.9    MM   5.0 133 1023.4  29.1  29.2  24.3   MM   MM    MM
2026 08 07 17 00 120  4.0  5.0    MM    MM    MM  MM 1023.5  29.1  29.2  24.2   MM -0.6    MM
2026 08 07 16 50 120  4.0  5.0   0.8     6   4.8 149 1023.7  29.0  29.2  24.0   MM   MM    MM
2026 08 07 16 40 130  5.0  5.0    MM    MM    MM  MM 1023.8  28.9  29.2  24.2   MM   MM    MM
2026 08 07 16 30 120  4.0  5.0    MM    MM    MM  MM 1023.8  28.8  29.2  24.8   MM   MM    MM
2026 08 07 16 20 120  4.0  5.0   0.8     7   4.9 128 1023.9  28.8  29.2  24.9   MM   MM    MM
2026 08 07 16 10 120  5.0  5.0   0.8    MM   4.9 128 1024.0  28.8  29.2  24.7   MM   MM    MM
2026 08 07 16 00 120  5.0  6.0    MM    MM    MM  MM 1024.0  28.9  29.2  24.7   MM +0.0    MM
2026 08 07 15 50 120  5.0  6.0   0.8     7   4.9 127 1024.1  28.9  29.1  24.5   MM   MM    MM
2026 08 07 15 40 120  4.0  5.0    MM    MM    MM  MM 1024.1  28.9  29.1  24.4   MM   MM    MM
2026 08 07 15 30 120  5.0  5.0    MM    MM    MM  MM 1024.2  28.9  29.1  24.1   MM   MM    MM
2026 08 07 15 20 120  4.0  5.0   0.7     7   4.5 124 1024.3  28.9  29.0  24.1   MM   MM    MM
2026 08 07 15 10 120  5.0  6.0   0.7    MM   4.5 124 1024.2  28.8  29.0  24.1   MM   MM    MM
2026 08 07 15 00 120  5.0  6.0    MM    MM    MM  MM 1024.3  28.7  29.0  24.4   MM +0.5    MM
2026 08 07 14 50 120  5.0  5.0   0.8     6   4.8 135 1024.2  28.8  29.0  24.5   MM   MM    MM
2026 08 07 14 40 120  4.0  5.0   0.8    MM   4.8 135 1024.2  28.8  29.0  24.4   MM   MM    MM
2026 08 07 14 30 120  4.0  5.0    MM    MM    MM  MM 1024.2  28.9  29.0  24.1   MM   MM    MM
2026 08 07 14 20 130  4.0  5.0   0.8     5   4.8 143 1024.0  28.9  29.0  23.8   MM   MM    MM
2026 08 07 14 10 130  4.0  5.0   0.8    MM   4.8 143 1024.0  28.7  28.9  23.7   MM   MM    MM
2026 08 07 14 00 120  4.0  5.0    MM    MM    MM  MM 1024.1  28.7  28.9  24.4   MM +1.0    MM
2026 08 07 13 50 120  5.0  6.0   0.8     6   4.8 135 1024.0  28.8  28.9  24.5   MM   MM    MM
2026 08 07 13 40 130  4.0  5.0    MM    MM    MM  MM 1024.0  28.8  28.9  24.2   MM   MM    MM
2026 08 07 13 30 120  4.0  5.0    MM    MM    MM  MM 1024.2  28.8  28.9  24.2   MM   MM    MM
2026 08 07 13 20 120  4.0  4.0   0.8     7   4.8 130 1024.1  28.8  28.9  24.5   MM   MM    MM
2026 08 07 13 10 120  4.0  5.0   0.8    MM   4.8 130 1024.0  28.8  28.9  24.4   MM   MM    MM
2026 08 07 13 00 120  4.0  4.0    MM    MM    MM  MM 1024.0  28.8  28.9  24.4   MM +1.5    MM
2026 08 07 12 50 120  4.0  5.0   0.8    MM   4.9 124 1024.0  28.9  28.9  24.4   MM   MM    MM
2026 08 07 12 40  MM   MM   MM   0.8     6   4.9 124     MM    MM    MM    MM   MM   MM    MM
2026 08 07 12 30 130  4.0  5.0    MM    MM    MM  MM 1024.0  28.8  28.9  24.2   MM   MM    MM
2026 08 07 12 20 130  5.0  6.0   0.8     6   4.9 135 1023.8  28.7  28.9  24.3   MM   MM    MM
2026 08 07 12 10 120  4.0  5.0   0.8    MM   4.9 135 1023.8  28.8  28.9  24.8   MM   MM    MM
2026 08 07 12 00 120  4.0  5.0    MM    MM    MM  MM 1023.8  28.8  28.9  24.3   MM +1.6    MM
2026 08 07 11 50 120  4.0  5.0   0.7     6   4.9 128 1023.7  28.7  28.9  24.3   MM   MM    MM
2026 08 07 11 40 120  4.0  5.0    MM    MM    MM  MM 1023.6  28.6  28.9  24.6   MM   MM    MM
2026 08 07 11 30 130  4.0  5.0    MM    MM    MM  MM 1023.4  28.6  28.9  24.7   MM   MM    MM
2026 08 07 11 20 130  4.0  5.0   0.7     5   5.0 150 1023.4  28.6  28.9  24.6   MM   MM    MM
2026 08 07 11 10 130  4.0  5.0   0.7    MM   5.0 150 1023.2  28.5  28.9  24.5   MM   MM    MM
2026 08 07 11 00 140  4.0  5.0    MM    MM    MM  MM 1023.1  28.6  28.9  24.6   MM +0.8    MM
2026 08 07 10 50 140  4.0  5.0   0.7     6   5.0 123 1023.1  28.6  28.9  24.4   MM   MM    MM
2026 08 07 10 40 140  4.0  4.0    MM    MM    MM  MM 1023.0  28.6  28.9  24.3   MM   MM    MM
2026 08 07 10 30 140  4.0  4.0    MM    MM    MM  MM 1022.9  28.6  28.9  24.3   MM   MM    MM
2026 08 07 10 20 140  3.0  4.0   0.7     6   5.0 120 1022.8  28.5  28.9  24.3   MM   MM    MM
2026 08 07 10 10 140  3.0  4.0   0.7    MM   5.0 120 1022.6  28.6  28.9  24.6   MM   MM    MM
2026 08 07 10 00 140  3.0  4.0    MM    MM    MM  MM 1022.5  28.6  28.9  24.6   MM -0.3    MM
2026 08 07 09 50 150  3.0  3.0   0.7     7   5.1 114 1022.5  28.6  28.9  24.6   MM   MM    MM
2026 08 07 09 40 150  3.0  4.0   0.7    MM   5.1 114 1022.4  28.6  28.9  24.6   MM   MM    MM
2026 08 07 09 30 150  3.0  4.0    MM    MM    MM  MM 1022.3  28.5  29.0  24.9   MM   MM    MM
2026 08 07 09 20 140  2.0  3.0   0.6     7   5.2 115 1022.5  28.4  29.0  25.1   MM   MM    MM
2026 08 07 09 10 130  2.0  3.0   0.6    MM   5.2 115 1022.4  28.4  29.0  25.2   MM   MM    MM
2026 08 07 09 00 120  2.0  3.0    MM    MM    MM  MM 1022.2  28.3  29.0  25.2   MM -0.8    MM
2026 08 07 08 50 120  2.0  3.0   0.6     7   5.4 121 1022.3  28.3  29.0  25.3   MM   MM    MM
2026 08 07 08 40 130  3.0  3.0    MM    MM    MM  MM 1022.3  28.3  29.0  25.4   MM   MM    MM
2026 08 07 08 30 130  2.0  3.0    MM    MM    MM  MM 1022.4  28.2  29.0  25.3   MM   MM    MM
2026 08 07 08 20 130  2.0  3.0   0.6     7   5.1 115 1022.3  28.2  29.0  25.4   MM   MM    MM
2026 08 07 08 10 120  2.0  3.0   0.6    MM   5.1 115 1022.3  28.2  29.1  25.5   MM   MM    MM
2026 08 07 08 00 110  2.0  3.0    MM    MM    MM  MM 1022.3  28.1  29.1  25.4   MM -1.1    MM
2026 08 07 07 50 120  3.0  3.0   0.6     6   5.1 124 1022.2  28.1  29.1  25.5   MM   MM    MM
2026 08 07 07 40 120  3.0  4.0    MM    MM    MM  MM 1022.3  28.1  29.1  25.4   MM   MM    MM
2026 08 07 07 30 120  3.0  4.0    MM    MM    MM  MM 1022.3  28.1  29.1  25.3   MM   MM    MM
2026 08 07 07 20 120  3.0  4.0   0.6     7   5.2 105 1022.4  28.2  29.1  25.3   MM   MM    MM
2026 08 07 07 10 120  4.0  4.0    MM    MM    MM  MM 1022.5  28.3  29.1  25.3   MM   MM    MM
2026 08 07 07 00 130  3.0  4.0    MM    MM    MM  MM 1022.8  28.3  29.1  25.3   MM -1.1    MM
2026 08 07 06 50 130  3.0  4.0   0.5     6   5.0 121 1022.8  28.2  29.0  25.1   MM   MM    MM
2026 08 07 06 40 130  3.0  4.0    MM    MM    MM  MM 1022.9  28.2  29.0  25.1   MM   MM    MM
2026 08 07 06 30 120  3.0  4.0    MM    MM    MM  MM 1023.0  28.2  29.0  24.9   MM   MM    MM
2026 08 07 06 20 120  4.0  4.0   0.6     7   5.0 108 1023.0  28.2  29.0  24.6   MM   MM    MM
2026 08 07 06 10 120  4.0  4.0    MM    MM    MM  MM 1022.9  28.2  29.0  24.7   MM   MM    MM
2026 08 07 06 00 120  3.0  4.0    MM    MM    MM  MM 1023.0  28.2  29.0  24.8   MM -0.7    MM
2026 08 07 05 50 110  3.0  3.0   0.5     7   5.1 111 1023.1  28.1  29.0  24.8   MM   MM    MM
2026 08 07 05 40 110  3.0  4.0    MM    MM    MM  MM 1023.2  28.1  29.0  24.9   MM   MM    MM
2026 08 07 05 30 110  4.0  4.0    MM    MM    MM  MM 1023.1  28.0  29.0  24.8   MM   MM    MM
2026 08 07 05 20 110  4.0  4.0   0.5     7   4.9 121 1023.1  28.0  29.0  24.8   MM   MM    MM
2026 08 07 05 10 120  3.0  4.0   0.5    MM   4.9 121 1023.2  28.0  29.0  24.6   MM   MM    MM
2026 08 07 05 00 120  3.0  4.0    MM    MM    MM  MM 1023.4  28.0  29.0  24.5   MM -0.3    MM
2026 08 07 04 50 130  3.0  3.0   0.5     6   4.7 131 1023.5  28.0  29.0  24.4   MM   MM    MM
2026 08 07 04 40 140  3.0  4.0   0.5    MM   4.7 131 1023.6  28.0  29.0  24.3   MM   MM    MM
2026 08 07 04 30 150  3.0  3.0    MM    MM    MM  MM 1023.8  28.0  29.0  24.3   MM   MM    MM
2026 08 07 04 20 130  3.0  3.0   0.5     7   4.8 103 1023.8  28.0  29.0  24.2   MM   MM    MM
2026 08 07 04 10 130  2.0  3.0   0.5    MM   4.8 103 1023.8  27.9  29.0  24.0   MM   MM    MM
2026 08 07 04 00 120  3.0  4.0    MM    MM    MM  MM 1023.9  27.9  29.0  24.1   MM +0.8    MM
2026 08 07 03 50 120  4.0  4.0   0.5     7   4.6 110 1023.9  27.9  29.0  24.1   MM   MM    MM
2026 08 07 03 40 120  3.0  4.0    MM    MM    MM  MM 1023.8  27.9  28.9  24.0   MM   MM    MM
2026 08 07 03 30 140  4.0  4.0    MM    MM    MM  MM 1023.7  27.9  28.8  24.1   MM   MM    MM
2026 08 07 03 20 140  3.0  4.0   0.5     7   4.4 112 1023.7  27.9  28.8  24.0   MM   MM    MM
2026 08 07 03 10 130  3.0  4.0    MM    MM    MM  MM 1023.7  27.7  28.8  23.6   MM   MM    MM
2026 08 07 03 00 140  4.0  4.0    MM    MM    MM  MM 1023.7  27.4  28.8  23.2   MM +0.7    MM
2026 08 07 02 50 120  3.0  4.0   0.6     6   4.1 127 1023.7  27.1  28.7  23.3   MM   MM    MM
2026 08 07 02 40  90  4.0  4.0   0.6    MM   4.1 127 1023.6  26.9  28.7  23.9   MM   MM    MM
2026 08 07 02 30 100  4.0  5.0    MM    MM    MM  MM 1023.5  26.9  28.6  23.4   MM   MM    MM
2026 08 07 02 20 100  4.0  5.0   0.6     7   4.0 117 1023.3  26.7  28.6  22.5   MM   MM    MM
2026 08 07 02 10 100  4.0  6.0   0.6    MM   4.0 117 1023.6  26.8  28.6  22.3   MM   MM    MM
2026 08 07 02 00 110  3.0  6.0    MM    MM    MM  MM 1023.7  26.7  28.7  21.7   MM +0.9    MM
2026 08 07 01 50 100  6.0  8.0   0.6     8   3.7 126 1023.6  26.8  28.7  22.5   MM   MM    MM
2026 08 07 01 40  90  6.0 11.0    MM    MM    MM  MM 1023.5  26.6  28.7  23.5   MM   MM    MM
2026 08 07 01 30 120  9.0 12.0    MM    MM    MM  MM 1023.9  27.1  28.7  23.4   MM   MM    MM
2026 08 07 01 20 110  8.0 12.0   0.6     6   4.5 116 1023.5  28.3  28.8  25.0   MM   MM    MM
2026 08 07 01 10 110  4.0  6.0    MM    MM    MM  MM 1023.1  28.5  28.8  25.4   MM   MM    MM
2026 08 07 01 00 120  3.0  5.0    MM    MM    MM  MM 1023.1  28.6  28.8  25.6   MM +0.9    MM
2026 08 07 00 50 130  3.0  4.0   0.6     7   4.3 114 1023.2  28.7  28.8  25.5   MM   MM    MM
2026 08 07 00 40 140  3.0  4.0    MM    MM    MM  MM 1023.5  28.7  28.8  25.4   MM   MM    MM
2026 08 07 00 30 140  4.0  5.0    MM    MM    MM  MM 1023.3  28.7  28.8  25.4   MM   MM    MM
2026 08 07 00 20 150  4.0  5.0   0.6     7   4.4 130 1023.4  28.7  28.9  25.5   MM   MM    MM
2026 08 07 00 10 150  4.0  4.0    MM    MM    MM  MM 1023.3  28.7  28.9  25.4   MM   MM    MM
2026 08 07 00 00 150  3.0  4.0    MM    MM    MM  MM 1023.0  28.7  28.9  25.4   MM +1.3    MM
2026 08 06 23 50 150  3.0  3.0   0.6     7   4.4 122 1022.9  28.7  28.9  25.4   MM   MM    MM
2026 08 06 23 40 170  3.0  3.0    MM    MM    MM  MM 1022.6  28.6  28.9  25.3   MM   MM    MM
2026 08 06 23 10 150  3.0  4.0   0.6    MM   4.4 127 1022.9  28.8  28.9  25.4   MM   MM    MM
2026 08 06 23 00 150  3.0  4.0    MM    MM    MM  MM 1022.8  28.8  28.9  25.3   MM +0.6    MM
2026 08 06 22 50 140  4.0  4.0   0.7     7   4.5 126 1022.6  28.8  28.9  25.1   MM   MM    MM
2026 08 06 22 40 140  4.0  5.0    MM    MM    MM  MM 1022.4  28.9  28.9  25.2   MM   MM    MM
2026 08 06 22 30 130  4.0  4.0    MM    MM    MM  MM 1022.4  29.0  28.9  25.1   MM   MM    MM
2026 08 06 22 20 130  4.0  5.0   0.7     7   4.8 125 1022.4  29.0  28.9  25.0   MM   MM    MM
2026 08 06 22 10 130  5.0  5.0   0.7    MM   4.8 125 1022.2  28.9  29.0  25.0   MM   MM    MM
2026 08 06 22 00 130  5.0  6.0    MM    MM    MM  MM 1022.2  28.8  29.0  25.2   MM -0.8    MM
2026 08 06 21 50 140  4.0  5.0   0.6     7   4.6 127 1022.1  28.8  29.0  25.2   MM   MM    MM
2026 08 06 21 40 120  4.0  5.0    MM    MM    MM  MM 1021.9  29.0  29.0  25.1   MM   MM    MM
2026 08 06 21 30 100  3.0  4.0    MM    MM    MM  MM 1021.8  28.8  29.0  25.1   MM   MM    MM
2026 08 06 21 20  80  4.0  5.0   0.6     7   4.7 125 1021.7  28.7  29.0  25.6   MM   MM    MM
2026 08 06 21 10  80  4.0  5.0    MM    MM    MM  MM 1021.6  28.6  29.0  25.4   MM   MM    MM
2026 08 06 21 00  80  4.0  4.0    MM    MM    MM  MM 1021.7  28.5  29.1  25.1   MM -1.5    MM
2026 08 06 20 50  60  4.0  5.0   0.6     6   4.8 130 1021.7  28.5  29.0  25.0   MM   MM    MM
2026 08 06 20 40  60  4.0  5.0    MM    MM    MM  MM 1021.6  28.3  29.1  24.7   MM   MM    MM
2026 08 06 20 30  70  4.0  5.0    MM    MM    MM  MM 1021.8  28.2  29.0  24.9   MM   MM    MM
2026 08 06 20 20  80  4.0  5.0   0.6     7   4.8 126 1021.9  28.2  29.1  25.1   MM   MM    MM
2026 08 06 20 10  90  4.0  5.0    MM    MM    MM  MM 1022.1  28.1  29.0  24.8   MM   MM    MM
2026 08 06 20 00  70  3.0  5.0    MM    MM    MM  MM 1022.2  28.0  28.9  24.7   MM -1.7    MM
2026 08 06 19 50  60  4.0  5.0   0.7     7   4.9 142 1022.3  28.1  28.9  25.0   MM   MM    MM
2026 08 06 19 40  50  4.0  4.0   0.7    MM   4.9 142 1022.4  28.0  28.8  25.0   MM   MM    MM
2026 08 06 19 30  40  4.0  4.0    MM    MM    MM  MM 1022.6  28.0  28.9  25.1   MM   MM    MM
2026 08 06 19 20  40  3.0  4.0   0.7     8   4.8 124 1022.8  28.0    MM  25.0   MM   MM    MM
2026 08 06 19 10  30  3.0  3.0    MM    MM    MM  MM 1023.0  28.0  28.8  25.0   MM   MM    MM
2026 08 06 19 00  30  3.0  4.0   0.7    MM   4.8 124 1023.0  28.1    MM  24.9   MM -1.1    MM
2026 08 06 18 50  30  2.0  3.0   0.7     6   4.8 132 1023.2  28.0  28.8  24.8   MM   MM    MM
2026 08 06 18 40  50  2.0  2.0    MM    MM    MM  MM 1023.2  27.9  28.8  24.6   MM   MM    MM
2026 08 06 18 30  60  2.0  3.0    MM    MM    MM  MM 1023.3  27.8  28.8  24.4   MM   MM    MM
2026 08 06 18 20  30  1.0  2.0   0.7     7   4.8 121 1023.2  27.7  28.8  24.3   MM   MM    MM
2026 08 06 18 10  40  1.0  2.0   0.7    MM   4.8 121 1023.0  27.7  28.8  24.0   MM   MM    MM
2026 08 06 18 00  80  1.0  2.0    MM    MM    MM  MM 1023.2  27.8  28.7  23.2   MM -0.5    MM
2026 08 06 17 50  MM  0.0  1.0   0.7     5   4.8 162 1023.2  27.8  28.7  22.9   MM   MM    MM
2026 08 06 17 40 220  1.0  1.0    MM    MM    MM  MM 1023.3  27.7  28.7  23.0   MM   MM    MM
2026 08 06 17 30  MM  0.0  1.0    MM    MM    MM  MM 1023.5  27.4  28.7  23.2   MM   MM    MM
2026 08 06 17 20 230  1.0  2.0   0.7     8   4.6 117 1023.8  27.3  28.7  23.8   MM   MM    MM
2026 08 06 17 10 230  2.0  3.0   0.7    MM   4.6 117 1023.9  27.4  28.7  24.3   MM   MM    MM
2026 08 06 17 00 230  2.0  3.0    MM    MM    MM  MM 1023.9  27.4  28.7  24.3   MM +0.9    MM
2026 08 06 16 50 230  2.0  3.0   0.7     7   4.7 126 1023.9  27.2  28.6  24.0   MM   MM    MM
2026 08 06 16 40 250  3.0  5.0    MM    MM    MM  MM 1024.0  27.1  28.7  23.9   MM   MM    MM
2026 08 06 16 30 250  3.0  4.0    MM    MM    MM  MM 1024.2  27.2  28.7  24.1   MM   MM    MM
2026 08 06 16 20 200  2.0  3.0   0.7     7   4.8 126 1024.1  27.2  28.7  24.1   MM   MM    MM
2026 08 06 16 10 350  2.0  4.0    MM    MM    MM  MM 1024.1  27.0  28.6  24.2   MM   MM    MM
2026 08 06 16 00 300  2.0  4.0    MM    MM    MM  MM 1024.1  27.3  28.6  24.2   MM +1.1    MM
2026 08 06 15 50 100  1.0  2.0   0.7     6   4.8 127 1024.0  27.0  28.6  23.7   MM   MM    MM
2026 08 06 15 40  40  2.0  3.0    MM    MM    MM  MM 1024.1  26.7  28.6  24.0   MM   MM    MM
2026 08 06 15 30  50  3.0  4.0    MM    MM    MM  MM 1024.2  26.6  28.6  24.5   MM   MM    MM
2026 08 06 15 20  30  3.0  4.0   0.7     7   4.8 125 1024.2  26.4  28.6  24.0   MM   MM    MM
2026 08 06 15 10  40  3.0  5.0   0.7    MM   4.8 125 1023.9  26.2  28.6  24.1   MM   MM    MM
2026 08 06 15 00  20  4.0  5.0    MM    MM    MM  MM 1023.7  26.0  28.6  24.1   MM +1.4    MM
2026 08 06 14 50 310  3.0  4.0   0.7     7   4.8 113 1023.7  26.2  28.6  23.9   MM   MM    MM
2026 08 06 14 40 240  4.0  6.0    MM    MM    MM  MM 1023.8  26.4  28.6  23.2   MM   MM    MM
2026 08 06 14 30 260  5.0  7.0    MM    MM    MM  MM 1023.5  27.4  28.6  23.8   MM   MM    MM
2026 08 06 14 20 230  1.0  3.0   0.7     5   4.7 133 1023.4  27.7  28.6  23.2   MM   MM    MM
2026 08 06 14 10 250  2.0  4.0    MM    MM    MM  MM 1023.5  28.5  28.6  23.6   MM   MM    MM
2026 08 06 14 00 250  1.0  2.0    MM    MM    MM  MM 1023.0  28.3  28.6  23.3   MM +0.7    MM
2026 08 06 13 50 280  2.0  2.0   0.7     7   4.5 116 1023.3  28.2  28.5  24.0   MM   MM    MM
2026 08 06 13 40 290  2.0  3.0    MM    MM    MM  MM 1023.3  27.9  28.5  23.8   MM   MM    MM
2026 08 06 13 30 310  3.0  4.0    MM    MM    MM  MM 1023.3  27.7  28.5  24.1   MM   MM    MM
2026 08 06 13 20 310  4.0  5.0   0.8     8   4.8 119 1023.3  27.9  28.5  24.4   MM   MM    MM
2026 08 06 13 10 240  2.0  3.0   0.8    MM   4.8 119 1023.1  28.0  28.5  23.9   MM   MM    MM
2026 08 06 13 00 280  3.0  4.0    MM    MM    MM  MM 1023.0  27.8  28.5  24.0   MM +1.1    MM
2026 08 06 12 50 270  4.0  5.0   0.7     7   4.8 111 1023.3  27.8  28.5  24.0   MM   MM    MM
2026 08 06 12 40 250  4.0  6.0    MM    MM    MM  MM 1022.9  27.8  28.5  24.0   MM   MM    MM
2026 08 06 12 30 180  4.0  5.0    MM    MM    MM  MM 1022.9  28.7  28.5  25.8   MM   MM    MM
2026 08 06 12 20 170  3.0  4.0   0.7     7   4.8 117 1022.8  28.8  28.5  25.8   MM   MM    MM
2026 08 06 12 10 180  3.0  4.0    MM    MM    MM  MM 1022.7  28.8  28.5  25.8   MM   MM    MM
2026 08 06 12 00 180  3.0  4.0    MM    MM    MM  MM 1022.3  28.7  28.5  25.6   MM +0.8    MM
2026 08 06 11 50 180  3.0  4.0   0.8     8   4.8 115 1022.4  28.6  28.5  25.3   MM   MM    MM
2026 08 06 11 40 180  3.0  3.0   0.8    MM   4.8 115 1022.5  28.6  28.5  25.4   MM   MM    MM
2026 08 06 11 30 190  3.0  3.0    MM    MM    MM  MM 1022.4  28.6  28.6  25.5   MM   MM    MM
2026 08 06 11 20 190  2.0  3.0   0.7     7   4.8 131 1022.4  28.5  28.6  25.5   MM   MM    MM
2026 08 06 11 10 180  2.0  3.0   0.7    MM   4.8 131 1022.4  28.5  28.6  25.6   MM   MM    MM
2026 08 06 11 00 180  2.0  3.0    MM    MM    MM  MM 1022.3  28.5  28.6  25.7   MM +0.9    MM
2026 08 06 10 50 180  2.0  3.0   0.8     7   4.8 120 1022.2  28.5  28.6  25.8   MM   MM    MM
2026 08 06 10 40 190  3.0  3.0    MM    MM    MM  MM 1022.1  28.5  28.6  25.9   MM   MM    MM
2026 08 06 10 30 190  3.0  3.0    MM    MM    MM  MM 1022.0  28.5  28.6  25.9   MM   MM    MM
2026 08 06 10 20 190  3.0  4.0   0.8     7   4.8 129 1022.0  28.5  28.6  25.8   MM   MM    MM
2026 08 06 10 10 200  3.0  4.0   0.8    MM   4.8 129 1021.9  28.6  28.6  25.8   MM   MM    MM
2026 08 06 10 00 200  4.0  4.0    MM    MM    MM  MM 1021.9  28.5  28.6  25.7   MM +0.8    MM
2026 08 06 09 50 190  3.0  4.0   0.7     6   4.7 137 1021.9  28.5  28.6  25.7   MM   MM    MM
2026 08 06 09 40 200  3.0  4.0   0.7    MM   4.7 137 1021.7  28.6  28.6  25.7   MM   MM    MM
2026 08 06 09 30 200  4.0  4.0    MM    MM    MM  MM 1021.5  28.5  28.6  25.5   MM   MM    MM
2026 08 06 09 20 190  4.0  4.0   0.8     8   4.8 109 1021.2  28.5  28.7  25.5   MM   MM    MM
2026 08 06 09 10 180  4.0  4.0   0.8    MM   4.8 109 1021.3  28.5  28.7  25.5   MM   MM    MM
2026 08 06 09 00 180  3.0  4.0    MM    MM    MM  MM 1021.5  28.6  28.7  25.8   MM -0.0    MM
2026 08 06 08 50 180  4.0  4.0   0.7     6   4.7 132 1021.6  28.6  28.8  25.8   MM   MM    MM
2026 08 06 08 40 180  3.0  4.0    MM    MM    MM  MM 1021.7  28.6    MM  25.8   MM   MM    MM
2026 08 06 08 30 180  3.0  4.0    MM    MM    MM  MM 1021.5  28.5  28.9  25.6   MM   MM    MM
2026 08 06 08 20 170  4.0  4.0   0.8     7   4.9 112 1021.3  28.4  28.9  25.6   MM   MM    MM
2026 08 06 08 10 170  4.0  5.0   0.8    MM   4.9 112 1021.4  28.5  28.9  25.7   MM   MM    MM
2026 08 06 08 00 170  4.0  5.0    MM    MM    MM  MM 1021.4  28.4  28.8  25.6   MM -0.5    MM
2026 08 06 07 50 170  3.0  4.0   0.7     6   4.7 125 1021.2  28.5  28.8  25.8   MM   MM    MM
2026 08 06 07 40 170  4.0  5.0    MM    MM    MM  MM 1021.2  28.4  28.8  25.7   MM   MM    MM
2026 08 06 07 30 170  4.0  5.0    MM    MM    MM  MM 1021.1  28.5  28.9  26.1   MM   MM    MM
2026 08 06 07 20 170  4.0  4.0   0.7     7   4.7 109 1021.1  28.5  28.9  26.1   MM   MM    MM
2026 08 06 07 10 170  3.0  4.0    MM    MM    MM  MM 1021.1  28.5  28.9  26.1   MM   MM    MM
2026 08 06 07 00 170  3.0  4.0    MM    MM    MM  MM 1021.1  28.5  28.9  26.0   MM -0.9    MM
2026 08 06 06 50 170  3.0  4.0   0.7     8   4.5 103 1021.1  28.5  28.9  26.0   MM   MM    MM
2026 08 06 06 40 160  4.0  5.0    MM    MM    MM  MM 1021.1  28.6  28.9  26.1   MM   MM    MM
2026 08 06 06 30 170  4.0  5.0    MM    MM    MM  MM 1021.3  28.6  28.9  26.1   MM   MM    MM
2026 08 06 06 20 170  4.0  5.0   0.7     7   4.5 113 1021.5  28.6  28.9  26.0   MM   MM    MM
2026 08 06 06 10 170  5.0  5.0   0.7    MM   4.5 113 1021.6  28.6  28.9  26.0   MM   MM    MM
2026 08 06 06 00 170  4.0  5.0    MM    MM    MM  MM 1021.6  28.5  28.9  25.9   MM +0.0    MM
2026 08 06 05 50 160  4.0  5.0   0.7     7   4.3 104 1021.6  28.6    MM  26.1   MM   MM    MM
2026 08 06 05 40 170  4.0  5.0    MM    MM    MM  MM 1021.6  28.6    MM  26.0   MM   MM    MM
2026 08 06 05 30 170  4.0  5.0    MM    MM    MM  MM 1021.8  28.6  28.9  25.9   MM   MM    MM
2026 08 06 05 20 170  5.0  5.0   0.7     7   4.2 104 1021.9  28.6  28.9  25.9   MM   MM    MM
2026 08 06 05 10 170  5.0  6.0    MM    MM    MM  MM 1022.0  28.6  28.9  25.8   MM   MM    MM
2026 08 06 05 00 170  5.0  6.0    MM    MM    MM  MM 1021.9  28.7  28.9  25.9   MM +0.6    MM
2026 08 06 04 50 180  6.0  7.0   0.7     7   4.2 114 1022.0  28.6  28.9  25.7   MM   MM    MM
2026 08 06 04 40 170  5.0  6.0    MM    MM    MM  MM 1022.0  28.7  28.9  25.8   MM   MM    MM
2026 08 06 04 30 180  6.0  7.0    MM    MM    MM  MM 1022.0  28.6  28.9  25.5   MM   MM    MM
2026 08 06 04 20 180  6.0  7.0   0.7     7   4.2 118 1022.1  28.7  28.9  25.6   MM   MM    MM
2026 08 06 04 10 170  6.0  7.0   0.7    MM   4.2 118 1022.0  28.7  28.9  25.5   MM   MM    MM
2026 08 06 04 00 170  6.0  7.0    MM    MM    MM  MM 1022.0  28.6  28.9  25.5   MM +1.4    MM
2026 08 06 03 50 170  6.0  7.0   0.7     7   3.9 126 1021.9  28.7  28.9  25.7   MM   MM    MM
2026 08 06 03 40 180  6.0  7.0    MM    MM    MM  MM 1022.0  28.7  28.9  25.5   MM   MM    MM
2026 08 06 03 30 170  6.0  7.0    MM    MM    MM  MM 1021.9  28.8  28.9  25.4   MM   MM    MM
2026 08 06 03 20 170  6.0  7.0   0.7     7   3.9 115 1021.8  28.8  28.9  25.0   MM   MM    MM
2026 08 06 03 10 170  6.0  6.0   0.7    MM   3.9 115 1021.7  28.7  28.9  24.9   MM   MM    MM
2026 08 06 03 00 160  6.0  7.0    MM    MM    MM  MM 1021.6  28.7  28.9  25.2   MM +1.1    MM
2026 08 06 02 50 160  6.0  7.0   0.7     7   4.1 113 1021.7  28.7  28.9  25.3   MM   MM    MM
2026 08 06 02 40 150  6.0  8.0    MM    MM    MM  MM 1021.5  28.6  28.9  25.2   MM   MM    MM
2026 08 06 02 30 150  6.0  7.0    MM    MM    MM  MM 1021.5  28.6  29.0  25.5   MM   MM    MM
2026 08 06 02 20 150  6.0  7.0   0.7     6   4.3 118 1021.4  28.6  29.0  25.4   MM   MM    MM
2026 08 06 02 10 160  5.0  6.0    MM    MM    MM  MM 1021.4  28.6  29.0  25.3   MM   MM    MM
2026 08 06 02 00 150  5.0  6.0    MM    MM    MM  MM 1021.3  28.6  29.0  25.2   MM +1.1    MM
2026 08 06 01 50 150  5.0  6.0   0.7     7   4.1 129 1021.3  28.5  29.0  25.1   MM   MM    MM
2026 08 06 01 40 160  5.0  6.0    MM    MM    MM  MM 1021.3  28.6  29.0  25.3   MM   MM    MM
2026 08 06 01 30 160  5.0  6.0    MM    MM    MM  MM 1021.1  28.5  29.0  25.1   MM   MM    MM
2026 08 06 01 20 160  5.0  6.0   0.7     7   4.2 128 1021.0  28.5  29.1  25.2   MM   MM    MM
2026 08 06 01 10 150  5.0  6.0   0.7    MM   4.2 128 1020.7  28.7  29.1  25.3   MM   MM    MM
2026 08 06 01 00 160  5.0  6.0    MM    MM    MM  MM 1020.6  28.6  29.1  24.8   MM +0.5    MM
2026 08 06 00 50 160  5.0  6.0   0.7     7   4.2 120 1020.5  28.7  29.1  24.9   MM   MM    MM
2026 08 06 00 40 160  5.0  6.0    MM    MM    MM  MM 1020.4  28.8  29.1  24.7   MM   MM    MM
2026 08 06 00 30 160  5.0  7.0    MM    MM    MM  MM 1020.4  28.9  29.1  24.3   MM   MM    MM
2026 08 06 00 20 160  6.0  7.0   0.7     8   4.3 119 1020.5  28.6  29.1  24.0   MM   MM    MM
2026 08 06 00 10 170  5.0  7.0    MM    MM    MM  MM 1020.5  28.7    MM  25.2   MM   MM    MM
2026 08 06 00 00 170  5.0  6.0    MM    MM    MM  MM 1020.5  28.7  29.1  25.3   MM -0.0    MM
2026 08 05 23 50 160  5.0  6.0   0.8     7   4.5 128 1020.4  28.8  29.1  25.5   MM   MM    MM
2026 08 05 23 40 160  5.0  7.0    MM    MM    MM  MM 1020.3  28.8  29.1  25.5   MM   MM    MM
2026 08 05 23 30 160  6.0  7.0    MM    MM    MM  MM 1020.3  28.8  29.2  25.5   MM   MM    MM
2026 08 05 23 20 160  6.0  7.0   0.8     8   4.8 121 1020.1  28.8  29.2  25.5   MM   MM    MM
2026 08 05 23 10 170  6.0  7.0   0.8    MM   4.8 121 1020.1  28.9  29.2  25.5   MM   MM    MM
2026 08 05 23 00 170  5.0  6.0    MM    MM    MM  MM 1020.2  28.9  29.3  25.5   MM -0.9    MM
2026 08 05 22 50 160  5.0  6.0   0.8     7   4.7 125 1020.1  28.8  29.3  25.3   MM   MM    MM
2026 08 05 22 40 160  4.0  6.0    MM    MM    MM  MM 1020.1  28.6  29.3  25.5   MM   MM    MM
2026 08 05 22 30 130  4.0  4.0    MM    MM    MM  MM 1020.2  28.4  29.3  25.2   MM   MM    MM
2026 08 05 22 20 120  4.0  4.0   0.8     8   4.9 109 1020.2  28.4  29.3  25.1   MM   MM    MM
2026 08 05 22 10 130  4.0  5.0    MM    MM    MM  MM 1020.1  28.3  29.3  25.1   MM   MM    MM
2026 08 05 22 00 130  4.0  5.0    MM    MM    MM  MM 1020.1  28.2  29.3  24.9   MM -1.6    MM
2026 08 05 21 50 130  4.0  5.0   0.8     7   4.6 119 1020.1  28.2  29.3  24.8   MM   MM    MM
2026 08 05 21 40 130  4.0  5.0    MM    MM    MM  MM 1020.2  28.0  29.3  24.6   MM   MM    MM
2026 08 05 21 30 120  4.0  6.0    MM    MM    MM  MM 1020.3  27.9  29.3  24.3   MM   MM    MM
2026 08 05 21 20 110  4.0  5.0   0.9     7   4.4 119 1020.4  27.8  29.2  24.1   MM   MM    MM
2026 08 05 21 10 100  3.0  4.0   0.9    MM   4.4 119 1020.5  27.6  29.2  24.0   MM   MM    MM
2026 08 05 21 00  80  3.0  4.0    MM    MM    MM  MM 1020.5  27.5  29.2  24.0   MM -1.0    MM
2026 08 05 20 50  70  4.0  5.0   0.9     6   4.6 164 1020.6  27.9  29.2  24.1   MM   MM    MM
2026 08 05 20 40  70  3.0  4.0    MM    MM    MM  MM 1020.7  27.7  29.2  24.0   MM   MM    MM
2026 08 05 20 30  40  3.0  4.0    MM    MM    MM  MM 1020.9  27.5  29.2  24.2   MM   MM    MM
2026 08 05 20 20  30  4.0  5.0   0.9     7   4.7 120 1021.0  27.1  29.2  24.0   MM   MM    MM
2026 08 05 20 10 360  4.0  5.0   0.9    MM   4.7 120 1021.1  27.1  29.2  24.1   MM   MM    MM
2026 08 05 20 00 330  4.0  6.0    MM    MM    MM  MM 1021.1  27.9  29.2  23.8   MM -0.7    MM
2026 08 05 19 50 190  2.0  3.0   0.9     7   4.7 113 1021.4  28.7  29.2  24.1   MM   MM    MM
2026 08 05 19 40 180  3.0  4.0    MM    MM    MM  MM 1021.3  28.6  29.2  24.6   MM   MM    MM
2026 08 05 19 30 170  3.0  5.0    MM    MM    MM  MM 1021.4  28.8  29.2  25.0   MM   MM    MM
2026 08 05 19 20 180  4.0  5.0   0.9     7   4.8 113 1021.5  28.8  29.2  24.7   MM   MM    MM
2026 08 05 19 10 180  4.0  5.0    MM    MM    MM  MM 1021.7  28.8  29.3  24.6   MM   MM    MM
2026 08 05 19 00 180  4.0  5.0    MM    MM    MM  MM 1021.7  28.8    MM  24.8   MM +0.3    MM
2026 08 05 18 50 170  4.0  5.0   0.9     8   5.0 105 1021.5  28.8  29.1  24.9   MM   MM    MM
2026 08 05 18 40 170  4.0  5.0    MM    MM    MM  MM 1021.3  28.8    MM  24.9   MM   MM    MM
2026 08 05 18 30 170  4.0  5.0    MM    MM    MM  MM 1021.4  28.8  29.1  24.7   MM   MM    MM
2026 08 05 18 20 170  3.0  4.0   0.9     5   4.7 171 1021.6  28.8  29.1  24.5   MM   MM    MM
2026 08 05 18 10 160  4.0  4.0   0.9    MM   4.7 171 1021.6  28.7  29.1  24.3   MM   MM    MM
2026 08 05 18 00 160  4.0  5.0    MM    MM    MM  MM 1021.5  28.4    MM  24.5   MM +0.4    MM
2026 08 05 17 50 130  4.0  4.0   0.8     8   4.8 106 1021.6  28.5  29.0  25.3   MM   MM    MM
2026 08 05 17 40 140  3.0  4.0    MM    MM    MM  MM 1021.6  28.6  29.0  25.1   MM   MM    MM
2026 08 05 17 30 150  3.0  4.0    MM    MM    MM  MM 1021.6  28.5  29.0  24.8   MM   MM    MM
2026 08 05 17 20 150  3.0  4.0   0.9     7   4.7 103 1021.7  28.5  28.9  25.0   MM   MM    MM
2026 08 05 17 10 140  3.0  4.0    MM    MM    MM  MM 1021.7  28.5  28.9  25.1   MM   MM    MM
2026 08 05 17 00 150  3.0  4.0    MM    MM    MM  MM 1021.8    MM  28.9    MM   MM +0.8    MM
2026 08 05 16 50 150  3.0  4.0   0.8     7   4.6 107 1021.6  28.4  28.9  24.8   MM   MM    MM
2026 08 05 16 40 160  3.0  4.0   0.8    MM   4.6 107 1021.4  28.3  28.8  24.7   MM   MM    MM
2026 08 05 16 30 150  3.0  3.0    MM    MM    MM  MM 1021.3  28.3  28.8  24.8   MM   MM    MM
2026 08 05 16 20 150  3.0  4.0   0.9     8   4.6 107 1021.3  28.2  28.8  24.8   MM   MM    MM
2026 08 05 16 10 160  4.0  4.0    MM    MM    MM  MM 1021.4  28.2  28.8  24.8   MM   MM    MM
2026 08 05 16 00 160  4.0  4.0    MM    MM    MM  MM 1021.4  28.2  28.8  24.9   MM +1.0    MM
2026 08 05 15 50 170  4.0  4.0   0.8     7   4.6 101 1021.5  28.4  28.7  24.9   MM   MM    MM
2026 08 05 15 40 180  3.0  4.0    MM    MM    MM  MM 1021.3  28.2  28.7  24.8   MM   MM    MM
2026 08 05 15 30 170  3.0  4.0    MM    MM    MM  MM 1021.3  28.1  28.7  25.1   MM   MM    MM
2026 08 05 15 20 160  4.0  5.0   0.9    MM   4.9 104 1021.3    MM  28.7    MM   MM   MM    MM
2026 08 05 15 10 150  5.0  6.0    MM    MM    MM  MM 1021.2  28.1  28.7  25.1   MM   MM    MM
2026 08 05 15 00 160  4.0  6.0    MM    MM    MM  MM 1021.1  28.3  28.6  25.1   MM +0.9    MM
2026 08 05 14 50 170  5.0  5.0   0.9     8   4.8 107 1021.2  28.3  28.6  24.7   MM   MM    MM
2026 08 05 14 40 170  5.0  6.0    MM    MM    MM  MM 1021.2  28.2  28.6  24.8   MM   MM    MM
2026 08 05 14 30 150  4.0  5.0    MM    MM    MM  MM 1021.2  28.2  28.6  25.0   MM   MM    MM
2026 08 05 14 20 150  4.0  5.0   1.0     7   4.6 111 1021.1  28.1  28.6  24.9   MM   MM    MM
2026 08 05 14 10 150  4.0  5.0    MM    MM    MM  MM 1021.0  28.0  28.6  24.4   MM   MM    MM
2026 08 05 14 00 150  4.0  5.0    MM    MM    MM  MM 1021.0  28.0  28.6  24.3   MM +1.5    MM
2026 08 05 13 50 140  4.0  5.0   1.0     5   4.6 169 1021.0  27.9  28.6  24.2   MM   MM    MM
2026 08 05 13 40 140  4.0  5.0    MM    MM    MM  MM 1021.1  28.0  28.6  24.5   MM   MM    MM
2026 08 05 13 30 150  3.0  4.0    MM    MM    MM  MM 1021.0  28.0  28.6  24.5   MM   MM    MM
2026 08 05 13 20 170  3.0  4.0   1.0     7   4.7 113 1020.8  27.9  28.6  24.3   MM   MM    MM
2026 08 05 13 10 180  3.0  4.0    MM    MM    MM  MM 1020.6  27.8  28.6  24.0   MM   MM    MM
2026 08 05 13 00 180  3.0  4.0    MM    MM    MM  MM 1020.4  27.8  28.6  24.0   MM +1.8    MM
2026 08 05 12 50 190  3.0  4.0   1.0     6   4.6 130 1020.3  27.6    MM  23.7   MM   MM    MM
2026 08 05 12 40 190  3.0  4.0    MM    MM    MM  MM 1020.1  27.6  28.6  23.8   MM   MM    MM
2026 08 05 12 30 190  3.0  3.0    MM    MM    MM  MM 1020.2  27.3  28.6  23.5   MM   MM    MM
2026 08 05 12 20 190  3.0  3.0   1.1     5   4.6 175 1020.2  27.0  28.6  23.9   MM   MM    MM
2026 08 05 12 10 190  3.0  4.0   1.1    MM   4.6 175 1020.3  26.7  28.6  24.0   MM   MM    MM
2026 08 05 12 00 190  3.0  4.0    MM    MM    MM  MM 1020.2  26.5  28.6  23.9   MM +2.0    MM
2026 08 05 11 50 190  3.0  4.0   1.2     5   4.5 162 1019.9  26.3  28.6  23.8   MM   MM    MM
2026 08 05 11 40 190  4.0  6.0   1.2    MM   4.5 162 1019.9  26.0    MM  23.6   MM   MM    MM
2026 08 05 11 30 190  5.0  6.0    MM    MM    MM  MM 1019.9  25.6  28.6  23.3   MM   MM    MM
2026 08 05 11 20 170  6.0  8.0   1.3     8   4.5 115 1020.0  25.4  28.6  23.2   MM   MM    MM
2026 08 05 11 10 180 11.0 16.0   1.3    MM   4.5 115 1019.9  26.1    MM  23.4   MM   MM    MM
2026 08 05 11 00 180 10.0 16.0    MM    MM    MM  MM 1019.5  28.1  28.7  24.4   MM +1.5    MM
2026 08 05 10 50 200  6.0  7.0   1.2     7   4.8 124 1019.5  28.4  28.7  24.6   MM   MM    MM
2026 08 05 10 40 210  6.0  7.0    MM    MM    MM  MM 1019.2  28.4  28.7  24.7   MM   MM    MM
2026 08 05 10 30 210  5.0  7.0    MM    MM    MM  MM 1018.8  28.4  28.7  24.8   MM   MM    MM
2026 08 05 10 20 210  5.0  7.0   1.2     5   4.5 190 1018.6  28.4  28.7  24.7   MM   MM    MM
2026 08 05 10 10 210  6.0  7.0   1.2    MM   4.5 190 1018.6  28.5  28.7  24.6   MM   MM    MM
2026 08 05 10 00 200  7.0  8.0    MM    MM    MM  MM 1018.6  28.5  28.7  24.4   MM +0.9    MM
2026 08 05 09 50 210  7.0  9.0   1.2     7   4.5 124 1018.7  28.5  28.7  24.3   MM   MM    MM
2026 08 05 09 40 210  8.0  9.0    MM    MM    MM  MM 1018.5  28.5  28.7  24.4   MM   MM    MM
2026 08 05 09 30 220  7.0  9.0    MM    MM    MM  MM 1018.5  28.6  28.7  24.4   MM   MM    MM
2026 08 05 09 20 210  7.0  9.0   1.2     5   4.6 194 1018.5  28.5  28.7  24.7   MM   MM    MM
2026 08 05 09 10 210  8.0  9.0    MM    MM    MM  MM 1018.5  28.5  28.7  24.9   MM   MM    MM
2026 08 05 09 00 210  8.0  9.0    MM    MM    MM  MM 1018.2  28.4  28.7  24.9   MM +0.4    MM
2026 08 05 08 50 210  8.0 10.0   1.2     5   4.7 168 1018.1  28.4  28.7  25.2   MM   MM    MM
2026 08 05 08 40 200  7.0  9.0    MM    MM    MM  MM 1018.0  28.2  28.7  25.2   MM   MM    MM
2026 08 05 08 30 190  5.0  7.0    MM    MM    MM  MM 1018.2  27.9  28.7  24.9   MM   MM    MM
2026 08 05 08 20 180  6.0  7.0   1.2     5   4.5 174 1018.3  27.9  28.7  24.7   MM   MM    MM
2026 08 05 08 10 180  6.0  7.0    MM    MM    MM  MM 1018.1  27.8  28.7  24.5   MM   MM    MM
2026 08 05 08 00 180  7.0 10.0    MM    MM    MM  MM 1018.0  28.2  28.7  24.0   MM -0.3    MM
2026 08 05 07 50 210  6.0  7.0   1.3     5   4.7 173 1018.2  28.1  28.7  23.7   MM   MM    MM
2026 08 05 07 40 230  5.0  6.0    MM    MM    MM  MM 1018.2  27.7  28.7  24.4   MM   MM    MM
2026 08 05 07 30 240  4.0  5.0    MM    MM    MM  MM 1018.1  26.9  28.7  24.0   MM   MM    MM
2026 08 05 07 20 230  7.0 11.0   1.2     5   4.3 176 1018.1  27.8    MM  24.6   MM   MM    MM
2026 08 05 07 10 180  7.0  8.0    MM    MM    MM  MM 1017.9  28.7  28.7  25.9   MM   MM    MM
2026 08 05 07 00 180  7.0  9.0   1.2    MM   4.3 176 1017.7  28.6    MM  26.0   MM -0.3    MM
2026 08 05 06 50 170  7.0  9.0   1.2     5   4.4 192 1017.8  28.5  28.8  25.8   MM   MM    MM
2026 08 05 06 40 170  8.0 10.0    MM    MM    MM  MM 1017.8  28.4  28.8  25.1   MM   MM    MM
2026 08 05 06 30 180  8.0 10.0    MM    MM    MM  MM 1017.8  28.6  28.8  25.5   MM   MM    MM
2026 08 05 06 20 170  8.0  9.0   1.2     5   4.4 182 1017.8  28.7  28.8  26.0   MM   MM    MM
2026 08 05 06 10 180  8.0  9.0    MM    MM    MM  MM 1017.7  28.7  28.8  25.9   MM   MM    MM
2026 08 05 06 00 180  8.0 10.0    MM    MM    MM  MM 1017.8  28.7  28.8  25.8   MM -0.3    MM
2026 08 05 05 50 180  8.0 10.0   1.3     5   4.3 187 1017.8  28.6  28.8  25.6   MM   MM    MM
2026 08 05 05 40 180  8.0 10.0    MM    MM    MM  MM 1018.0  28.6  28.8  25.8   MM   MM    MM
2026 08 05 05 30 180  8.0  9.0    MM    MM    MM  MM 1018.2  28.7  28.8  25.9   MM   MM    MM
2026 08 05 05 20 180  9.0 10.0   1.2     5   4.2 188 1018.3  28.6  28.8  25.7   MM   MM    MM
2026 08 05 05 10 180  8.0 10.0    MM    MM    MM  MM 1018.4  28.6  28.8  25.8   MM   MM    MM
2026 08 05 05 00 180  8.0  9.0    MM    MM    MM  MM 1018.3  28.7  28.9  26.0   MM +0.9    MM
2026 08 05 04 50 180  9.0 10.0   1.1     4   4.2 178 1018.3  28.6  28.9  25.6   MM   MM    MM
2026 08 05 04 40 180  8.0  9.0    MM    MM    MM  MM 1018.3  28.7  28.9  25.6   MM   MM    MM
2026 08 05 04 30 180  8.0  9.0    MM    MM    MM  MM 1018.1  28.6  28.9  25.3   MM   MM    MM
2026 08 05 04 20 180  8.0  9.0   1.2     4   4.0 192 1018.1  28.6  28.9  25.3   MM   MM    MM
2026 08 05 04 10 170  8.0  9.0   1.2    MM   4.0 192 1018.1  28.5  28.9  25.2   MM   MM    MM
2026 08 05 04 00 180  8.0 10.0    MM    MM    MM  MM 1018.0  28.5  28.9  25.5   MM +0.9    MM
2026 08 05 03 50 180  8.0 10.0   1.1     4   4.1 175 1018.1  28.5  28.9  25.6   MM   MM    MM
2026 08 05 03 40 180  8.0 10.0   1.1    MM   4.1 175 1018.2  28.6  28.9  25.6   MM   MM    MM
2026 08 05 03 30 180  8.0 10.0    MM    MM    MM  MM 1018.2  28.5  28.9  25.2   MM   MM    MM
2026 08 05 03 20 180  8.0 10.0   1.1     5   4.0 204 1017.9  28.5  28.9  25.2   MM   MM    MM
2026 08 05 03 10 190  8.0 10.0    MM    MM    MM  MM 1018.0  28.4  28.9  25.2   MM   MM    MM
2026 08 05 03 00 190  8.0  9.0    MM    MM    MM  MM 1018.1  28.5  28.9  25.3   MM +1.4    MM
2026 08 05 02 50 180  8.0 10.0   1.1     5   4.0 193 1017.9  28.4  28.9  25.2   MM   MM    MM
2026 08 05 02 40 180  8.0 10.0   1.1    MM   4.0 193 1017.8  28.5  28.9  25.4   MM   MM    MM
2026 08 05 02 30 180  9.0 11.0    MM    MM    MM  MM 1017.6  28.5  28.9  25.3   MM   MM    MM
2026 08 05 02 20 180  9.0 10.0   1.0     5   3.9 196 1017.7  28.6  28.9  25.6   MM   MM    MM
2026 08 05 02 10 180  9.0 10.0   1.0    MM   3.9 196 1017.4  28.6  28.9  25.6   MM   MM    MM
2026 08 05 02 00 180  8.0 10.0    MM    MM    MM  MM 1017.4  28.9  28.9  25.8   MM +0.8    MM
2026 08 05 01 50 180  8.0 10.0   1.0     8   4.0 114 1017.3  28.9  28.9  25.3   MM   MM    MM
2026 08 05 01 40 180  8.0 10.0   1.0    MM   4.0 114 1017.2  28.9  28.9  25.3   MM   MM    MM
2026 08 05 01 30 180  8.0  9.0    MM    MM    MM  MM 1017.1  28.9  28.9  25.2   MM   MM    MM
2026 08 05 01 20 180  8.0 10.0   1.0     8   4.0 103 1017.2  29.0  28.9  25.1   MM   MM    MM
2026 08 05 01 10 180  8.0 10.0    MM    MM    MM  MM 1017.1  28.9  28.9  24.8   MM   MM    MM
2026 08 05 01 00 180  8.0 10.0    MM    MM    MM  MM 1017.1  28.9  28.9  24.8   MM -0.0    MM
2026 08 05 00 50 180  8.0 10.0   1.0     6   4.1 193 1016.8  28.8  28.9  24.9   MM   MM    MM
2026 08 05 00 40 170  8.0 10.0    MM    MM    MM  MM 1016.8  28.8  28.9  24.8   MM   MM    MM
2026 08 05 00 30 170  8.0 10.0    MM    MM    MM  MM 1016.8  28.8    MM  24.7   MM   MM    MM
2026 08 05 00 20 170  8.0 10.0   0.9     5   4.1 201 1016.8  28.8  29.0  25.3   MM   MM    MM
2026 08 05 00 10 170  8.0  9.0   0.9    MM   4.1 201 1016.7  28.8  29.0  25.2   MM   MM    MM
2026 08 05 00 00 170  8.0 10.0    MM    MM    MM  MM 1016.7  28.8  29.0  25.1   MM +0.0    MM
2026 08 04 23 50 170  8.0 10.0   1.0     8   4.4 119 1016.8  28.7    MM  25.0   MM   MM    MM
2026 08 04 23 40 170  7.0  9.0    MM    MM    MM  MM 1016.9  28.7  29.0  24.8   MM   MM    MM
2026 08 04 23 30 170  7.0  9.0    MM    MM    MM  MM 1016.7  28.7  29.0  24.7   MM   MM    MM
2026 08 04 23 20 170  8.0  9.0   0.9     7   4.4 117 1016.7  28.6  29.0  24.6   MM   MM    MM
2026 08 04 23 10 170  7.0  8.0   0.9    MM   4.4 117 1016.6  28.6  29.0  25.0   MM   MM    MM
2026 08 04 23 00 170  7.0  8.0    MM    MM    MM  MM 1016.6  28.6  29.0  24.8   MM +0.3    MM
2026 08 04 22 50 170  7.0  8.0   1.1     7   4.8 116 1016.5  28.5  29.0  24.9   MM   MM    MM
2026 08 04 22 40 170  7.0  8.0    MM    MM    MM  MM 1016.5  28.4  29.0  25.0   MM   MM    MM
2026 08 04 22 30 170  7.0  9.0    MM    MM    MM  MM 1016.6  28.4  29.0  24.8   MM   MM    MM
2026 08 04 22 20 180  7.0  8.0   1.0     6   4.7 192 1016.8  28.5  29.0  24.8   MM   MM    MM
2026 08 04 22 10 180  7.0  8.0   1.0    MM   4.7 192 1016.8  28.5  29.0  24.7   MM   MM    MM
2026 08 04 22 00 180  6.0  7.0    MM    MM    MM  MM 1016.9  28.4  29.1  24.7   MM +0.4    MM
2026 08 04 21 50 170  5.0  7.0   1.0     6   4.7 192 1016.9  28.3  29.1  24.9   MM   MM    MM
2026 08 04 21 40 170  5.0  6.0    MM    MM    MM  MM 1016.9  28.3  29.1  25.0   MM   MM    MM
2026 08 04 21 30 170  6.0  7.0    MM    MM    MM  MM 1016.8  28.2  29.0  24.8   MM   MM    MM
2026 08 04 21 20 160  6.0  7.0   1.0     6   4.9 173 1016.8  28.1  29.1  24.9   MM   MM    MM
2026 08 04 21 10 160  6.0  7.0   1.0    MM   4.9 173 1016.7  28.0    MM  24.9   MM   MM    MM
2026 08 04 21 00 150  5.0  6.0    MM    MM    MM  MM 1016.7  27.9  29.1  25.0   MM -0.0    MM
2026 08 04 20 50 150  5.0  6.0   1.0     7   4.9 114 1016.6  27.8  29.0  24.8   MM   MM    MM
2026 08 04 20 40 150  5.0  6.0    MM    MM    MM  MM 1016.5  27.7  29.0  24.8   MM   MM    MM
2026 08 04 20 30 140  6.0  8.0    MM    MM    MM  MM 1016.4  27.6  29.0  24.9   MM   MM    MM
2026 08 04 20 20 140  6.0  7.0   1.0     8   4.9 120 1016.3  27.5  29.1  24.7   MM   MM    MM
2026 08 04 20 10 150  5.0  7.0   1.0    MM   4.9 120 1016.3  27.5  29.0  24.7   MM   MM    MM
2026 08 04 20 00 150  5.0  7.0    MM    MM    MM  MM 1016.3  27.5  29.0  24.5   MM -0.5    MM
2026 08 04 19 50 160  5.0  6.0   1.1     6   5.2 189 1016.3  27.7  29.1  24.5   MM   MM    MM
2026 08 04 19 40 170  5.0  6.0    MM    MM    MM  MM 1016.3  27.7  29.0  24.1   MM   MM    MM
2026 08 04 19 30 160  5.0  6.0    MM    MM    MM  MM 1016.3  27.7  29.0  24.0   MM   MM    MM
2026 08 04 19 20 160  4.0  6.0   1.0     6   5.0 199 1016.3  27.7  29.1  23.9   MM   MM    MM
2026 08 04 19 10 170  4.0  5.0    MM    MM    MM  MM 1016.4  27.6  29.1  23.8   MM   MM    MM
2026 08 04 19 00 160  3.0  4.0    MM    MM    MM  MM 1016.5  27.7    MM  23.8   MM -0.5    MM
2026 08 04 18 50 170  3.0  4.0   1.0     6   5.1 189 1016.6  27.6  29.1  23.5   MM   MM    MM
2026 08 04 18 40 160  3.0  4.0    MM    MM    MM  MM 1016.5  27.6  29.0  23.6   MM   MM    MM
2026 08 04 18 30 160  3.0  4.0    MM    MM    MM  MM 1016.6  27.5  29.0  23.3   MM   MM    MM
2026 08 04 18 20 170  3.0  4.0   1.0     5   5.0 180 1016.7  27.4  29.0  23.2   MM   MM    MM
2026 08 04 18 10 170  2.0  3.0    MM    MM    MM  MM 1016.7  27.4  28.9  23.3   MM   MM    MM
2026 08 04 18 00 170  3.0  4.0    MM    MM    MM  MM 1016.7  27.3  28.9  23.3   MM +0.0    MM
2026 08 04 17 50 170  3.0  3.0   1.1     6   5.0 193 1016.8  27.3  28.9  23.4   MM   MM    MM
2026 08 04 17 40 160  2.0  4.0    MM    MM    MM  MM 1016.8  27.2  28.9  23.4   MM   MM    MM
2026 08 04 17 30 150  3.0  4.0    MM    MM    MM  MM 1016.7  27.1  28.9  23.4   MM   MM    MM
2026 08 04 17 20 160  3.0  4.0   1.1     5   5.0 209 1016.6  27.1  28.8  23.5   MM   MM    MM
2026 08 04 17 10 150  3.0  4.0   1.1    MM   5.0 209 1016.8  27.0  28.8  23.6   MM   MM    MM
2026 08 04 17 00 150  3.0  4.0    MM    MM    MM  MM 1016.8  27.0  28.8  23.8   MM +0.5    MM
2026 08 04 16 50 150  3.0  4.0   1.1     6   5.0 172 1016.8  26.9  28.8  23.8   MM   MM    MM
2026 08 04 16 40 150  3.0  4.0    MM    MM    MM  MM 1016.8  26.8  28.8  23.8   MM   MM    MM
2026 08 04 16 30 160  3.0  5.0    MM    MM    MM  MM 1016.9  27.1  28.8  24.0   MM   MM    MM
2026 08 04 16 20 150  3.0  4.0   1.1     5   4.7 190 1017.0  27.1  28.8  23.4   MM   MM    MM
2026 08 04 16 10 140  2.0  3.0   1.1    MM   4.7 190 1017.0  26.9  28.8  23.3   MM   MM    MM
2026 08 04 16 00 140  2.0  3.0    MM    MM    MM  MM 1017.0  26.7  28.8  23.4   MM +1.8    MM
2026 08 04 15 50 120  2.0  4.0   1.1     6   4.8 163 1017.0  26.4  28.8  23.6   MM   MM    MM
2026 08 04 15 40 110  3.0  4.0    MM    MM    MM  MM 1017.1  26.3  28.8  23.9   MM   MM    MM
2026 08 04 15 30 110  3.0  5.0    MM    MM    MM  MM 1017.1  26.2  28.8  24.0   MM   MM    MM
2026 08 04 15 20 110  5.0  6.0   1.1     8   4.8 110 1017.1  26.3  28.8  24.1   MM   MM    MM
2026 08 04 15 10  90  4.0  6.0   1.1    MM   4.8 110 1016.9  26.5  28.8  24.3   MM   MM    MM
2026 08 04 15 00  90  3.0  5.0    MM    MM    MM  MM 1016.9  26.6  28.8  24.0   MM +1.6    MM
2026 08 04 14 50  60  2.0  4.0   1.2     6   5.0 194 1016.7  26.4  28.8  23.6   MM   MM    MM
2026 08 04 14 40  40  2.0  4.0    MM    MM    MM  MM 1016.5  26.5  28.8  23.7   MM   MM    MM
2026 08 04 14 30  30  3.0  4.0    MM    MM    MM  MM 1016.5  26.6  28.8  23.9   MM   MM    MM
2026 08 04 14 20  10  4.0  5.0   1.2     6   5.0 186 1016.4  26.6  28.9  24.0   MM   MM    MM
2026 08 04 14 10 350  4.0  6.0   1.2    MM   5.0 186 1016.2  26.7  28.9  24.2   MM   MM    MM
2026 08 04 14 00 340  4.0  6.0    MM    MM    MM  MM 1016.3  26.8  28.9  24.1   MM +1.9    MM
2026 08 04 13 50 270  4.0  7.0   1.2     5   5.0 187 1016.0  27.2  28.9  24.5   MM   MM    MM
2026 08 04 13 40 150  4.0  4.0    MM    MM    MM  MM 1015.8  27.1  28.9  24.4   MM   MM    MM
2026 08 04 13 30 160  3.0  4.0    MM    MM    MM  MM 1015.6  26.9  28.9  24.2   MM   MM    MM
2026 08 04 13 20 160  3.0  4.0   1.2     6   4.9 161 1015.6  26.8  28.9  24.1   MM   MM    MM
2026 08 04 13 10 170  3.0  3.0   1.2    MM   4.9 161 1015.3  26.6  28.9  24.0   MM   MM    MM
2026 08 04 13 00 160  4.0  5.0    MM    MM    MM  MM 1015.2  26.7    MM  23.9   MM +1.2    MM
2026 08 04 12 50 160  4.0  6.0   1.3     7   4.9 109 1015.2  26.7    MM  23.3   MM   MM    MM
2026 08 04 12 40 160  2.0  3.0    MM    MM    MM  MM 1015.2  26.1    MM  22.6   MM   MM    MM
2026 08 04 12 30 150  2.0  3.0    MM    MM    MM  MM 1015.3  25.9  29.0  23.0   MM   MM    MM
2026 08 04 12 20 140  4.0  6.0   1.3     5   4.8 191 1015.5  25.8  29.0  22.9   MM   MM    MM
2026 08 04 12 10 170  3.0  6.0   1.3    MM   4.8 191 1015.5  25.8  29.0  22.8   MM   MM    MM
2026 08 04 12 00 220  5.0  7.0    MM    MM    MM  MM 1015.3  26.4  28.9  23.6   MM +1.8    MM
2026 08 04 11 50 250  6.0  7.0   1.4     6   4.8 185 1015.0  26.8  29.0  23.9   MM   MM    MM
2026 08 04 11 40 250  8.0  9.0    MM    MM    MM  MM 1014.7  26.9  29.0  23.7   MM   MM    MM
2026 08 04 11 30 270  5.0  8.0    MM    MM    MM  MM 1014.8  26.4  29.0  23.7   MM   MM    MM
2026 08 04 11 20 240  6.0 11.0   1.4     6   4.9 170 1014.7  26.8  29.0  24.0   MM   MM    MM
2026 08 04 11 10 260  5.0  7.0   1.4    MM   4.9 170 1014.5  27.1  29.0  23.1   MM   MM    MM
2026 08 04 11 00 220  4.0  5.0    MM    MM    MM  MM 1014.4  27.9  29.0  25.0   MM +1.0    MM
2026 08 04 10 50 210  4.0  6.0   1.4     8   4.8 112 1014.3  28.0  29.0  25.3   MM   MM    MM
2026 08 04 10 40 250  3.0  6.0    MM    MM    MM  MM 1014.4  27.6  29.0  24.4   MM   MM    MM
2026 08 04 10 30 230  5.0  6.0    MM    MM    MM  MM 1014.3  28.0  29.0  24.9   MM   MM    MM
2026 08 04 10 20 210  6.0  7.0   1.5     6   4.8 184 1014.2  28.0  29.0  25.1   MM   MM    MM
2026 08 04 10 10 210  6.0  7.0   1.5    MM   4.8 184 1014.2  28.1    MM  25.1   MM   MM    MM
2026 08 04 10 00 210  7.0  9.0    MM    MM    MM  MM 1014.0  28.0  29.0  24.7   MM -0.0    MM
2026 08 04 09 50 210  8.0  9.0   1.5     7   4.8 137 1014.0  28.0  29.0  24.3   MM   MM    MM
2026 08 04 09 40 200  7.0  9.0    MM    MM    MM  MM 1013.9  28.0  29.0  24.4   MM   MM    MM
2026 08 04 09 30 200  8.0  9.0    MM    MM    MM  MM 1013.8  27.9  29.0  24.1   MM   MM    MM
2026 08 04 09 20 200  9.0 10.0   1.5     6   4.8 158 1013.7  28.0  29.0  24.3   MM   MM    MM
2026 08 04 09 10 200  8.0 10.0   1.5    MM   4.8 158 1013.6  28.0  29.0  24.9   MM   MM    MM
2026 08 04 09 00 200  8.0 10.0    MM    MM    MM  MM 1013.5  28.1  29.1  25.0   MM +0.0    MM
2026 08 04 08 50 190  8.0  9.0   1.5     7   4.8 119 1013.4  28.0  29.1  25.0   MM   MM    MM
2026 08 04 08 40 200  8.0 10.0    MM    MM    MM  MM 1013.4  28.7  29.1  25.2   MM   MM    MM
2026 08 04 08 30 210  8.0 10.0    MM    MM    MM  MM 1013.3  28.6  29.1  24.5   MM   MM    MM
2026 08 04 08 20 220  8.0 10.0   1.6     7   4.8 128 1013.5  28.6  29.1  24.8   MM   MM    MM
2026 08 04 08 10 220  9.0 10.0   1.6    MM   4.8 128 1013.5  28.5  29.1  24.6   MM   MM    MM
2026 08 04 08 00 210  9.0 10.0    MM    MM    MM  MM 1013.4  28.5  29.1  25.0   MM +0.0    MM
2026 08 04 07 50 210  9.0 11.0   1.6     8   4.9 117 1013.3  28.4  29.1  24.9   MM   MM    MM
2026 08 04 07 40 210  9.0 11.0    MM    MM    MM  MM 1013.4  28.5  29.1  25.4   MM   MM    MM
2026 08 04 07 30 220  9.0 11.0    MM    MM    MM  MM 1013.6  28.5  29.1  25.1   MM   MM    MM
2026 08 04 07 20 220  9.0 11.0   1.5     7   4.8 118 1013.5  28.4  29.1  25.1   MM   MM    MM
2026 08 04 07 10 220  9.0 10.0   1.5    MM   4.8 118 1013.7  28.3    MM  25.2   MM   MM    MM
2026 08 04 07 00 220  8.0 10.0    MM    MM    MM  MM 1013.8  28.3  29.1  25.3   MM +0.3    MM
2026 08 04 06 50 210  8.0 10.0   1.5     7   4.8 127 1013.7  28.2  29.1  25.3   MM   MM    MM
2026 08 04 06 40 220  8.0  9.0    MM    MM    MM  MM 1013.6  28.2  29.1  24.8   MM   MM    MM
2026 08 04 06 30 220  8.0  9.0    MM    MM    MM  MM 1013.5  28.2  29.1  23.9   MM   MM    MM
2026 08 04 06 20 210  8.0 10.0   1.4     6   4.8 172 1013.5  27.9  29.1  23.7   MM   MM    MM
2026 08 04 06 10 210  8.0  9.0   1.4    MM   4.8 172 1013.4  27.8  29.1  24.3   MM   MM    MM
2026 08 04 06 00 210  8.0  9.0    MM    MM    MM  MM 1013.6  27.8  29.1  24.8   MM +0.0    MM
2026 08 04 05 50 200  8.0  9.0   1.4     6   4.5 169 1013.7  27.7  29.1  24.9   MM   MM    MM
2026 08 04 05 40 200  7.0  9.0   1.4    MM   4.5 169 1013.6  27.8  29.1  25.1   MM   MM    MM
2026 08 04 05 30 200  8.0 10.0    MM    MM    MM  MM 1013.6  28.0  29.1  25.1   MM   MM    MM
2026 08 04 05 20 190  8.0  9.0   1.3     6   4.5 195 1013.6  28.1  29.1  25.0   MM   MM    MM
2026 08 04 05 10 190  8.0 10.0    MM    MM    MM  MM 1013.6  28.1  29.1  24.9   MM   MM    MM
2026 08 04 05 00 190  8.0 11.0    MM    MM    MM  MM 1013.6  28.4  29.1  24.8   MM +0.0    MM
2026 08 04 04 50 200  8.0 10.0   1.4     6   4.5 181 1013.6  28.3  29.1  24.7   MM   MM    MM
2026 08 04 04 40 190  9.0 11.0    MM    MM    MM  MM 1013.5  28.2  29.1  24.5   MM   MM    MM
2026 08 04 04 30 180  9.0 11.0    MM    MM    MM  MM 1013.6  28.1  29.1  25.2   MM   MM    MM
2026 08 04 04 20 180  8.0 10.0   1.3     6   4.4 166 1013.6  28.1  29.1  25.2   MM   MM    MM
2026 08 04 04 10 180  8.0  9.0   1.3    MM   4.4 166 1013.6  27.9  29.1  25.0   MM   MM    MM
2026 08 04 04 00 180  8.0  9.0    MM    MM    MM  MM 1013.5  27.8  29.1  25.1   MM +0.3    MM
2026 08 04 03 50 170  7.0  9.0   1.3     6   4.4 200 1013.6  27.6  29.1  24.7   MM   MM    MM
2026 08 04 03 40 160  7.0  9.0   1.3    MM   4.4 200 1013.7  27.5  29.1  24.6   MM   MM    MM
2026 08 04 03 30 160  8.0 10.0    MM    MM    MM  MM 1013.7  27.4  29.1  24.1   MM   MM    MM
2026 08 04 03 20 150  9.0 10.0   1.3     6   4.4 182 1013.8  27.6  29.1  23.9   MM   MM    MM
2026 08 04 03 10 160  8.0 10.0   1.3    MM   4.4 182 1013.7  27.1  29.1  23.8   MM   MM    MM
2026 08 04 03 00 160  8.0 10.0    MM    MM    MM  MM 1013.7  26.8  29.1  24.1   MM +0.9    MM
2026 08 04 02 50 160  9.0 11.0   1.3     6   4.3 185 1013.8  26.9  29.1  24.4   MM   MM    MM
2026 08 04 02 40 160 10.0 12.0    MM    MM    MM  MM 1013.9  27.1  29.1  24.5   MM   MM    MM
2026 08 04 02 30 160 10.0 12.0    MM    MM    MM  MM 1014.0  27.4  29.1  24.5   MM   MM    MM
2026 08 04 02 20 170 10.0 12.0   1.2     6   4.5 191 1013.9  27.6  29.1  23.9   MM   MM    MM
2026 08 04 02 10 180 10.0 12.0   1.2    MM   4.5 191 1013.8  28.2  29.1  24.3   MM   MM    MM
2026 08 04 02 00 190  8.0 10.0    MM    MM    MM  MM 1013.8  28.4  29.1  24.6   MM +1.4    MM
2026 08 04 01 50 190  8.0  9.0   1.3     6   4.6 201 1013.5  28.3  29.1  24.7   MM   MM    MM
2026 08 04 01 40 190  8.0 10.0    MM    MM    MM  MM 1013.5  28.2  29.1  25.0   MM   MM    MM
2026 08 04 01 30 190  7.0  9.0    MM    MM    MM  MM 1013.4  28.5  29.1  25.2   MM   MM    MM
2026 08 04 01 20 200  7.0  8.0   1.3     7   4.7 192 1013.3  28.5  29.1  24.8   MM   MM    MM
2026 08 04 01 10 200  7.0  9.0   1.3    MM   4.7 192 1013.2  28.4  29.1  24.7   MM   MM    MM
2026 08 04 01 00 200  7.0  8.0    MM    MM    MM  MM 1013.2  28.2  29.1  25.0   MM +0.4    MM
2026 08 04 00 50 210  6.0 10.0   1.3     7   4.7 186 1013.0  27.9  29.1  24.9   MM   MM    MM
2026 08 04 00 40 200  7.0 10.0   1.3    MM   4.7 186 1013.0  28.5  29.1  25.1   MM   MM    MM
2026 08 04 00 30 200  7.0  9.0    MM    MM    MM  MM 1013.0  28.5  29.1  24.9   MM   MM    MM
2026 08 04 00 20 200  8.0  9.0   1.3     7   4.8 190 1012.9  28.5  29.1  24.9   MM   MM    MM
2026 08 04 00 10 200  8.0  9.0   1.3    MM   4.8 190 1012.9  28.5  29.1  24.9   MM   MM    MM
2026 08 04 00 00 200  7.0  8.0    MM    MM    MM  MM 1012.8  28.5  29.1  24.9   MM +0.5    MM
2026 08 03 23 50 210  6.0  8.0   1.5     6   4.9 196 1012.7  28.5  29.1  25.0   MM   MM    MM
2026 08 03 23 40 200  6.0  8.0   1.5    MM   4.9 196 1012.5  28.5  29.2  24.9   MM   MM    MM
2026 08 03 23 30 200  6.0  7.0    MM    MM    MM  MM 1012.4  28.6  29.2  25.1   MM   MM    MM
2026 08 03 23 20 190  6.0  7.0   1.4     6   4.9 208 1012.4  28.6  29.2  25.1   MM   MM    MM
2026 08 03 23 10 200  7.0  8.0    MM    MM    MM  MM 1012.4  28.7  29.2  25.1   MM   MM    MM
2026 08 03 23 00 200  7.0  8.0    MM    MM    MM  MM 1012.4  28.6  29.2  24.8   MM +0.3    MM
2026 08 03 22 50 190  6.0  8.0   1.4     7   5.0 176 1012.6  28.4  29.2  24.8   MM   MM    MM
2026 08 03 22 40 160  4.0  6.0   1.4    MM   5.0 176 1012.7  28.0  29.2  24.0   MM   MM    MM
2026 08 03 22 30 180  6.0  9.0    MM    MM    MM  MM 1012.8  27.8  29.2  23.7   MM   MM    MM
2026 08 03 22 20 190  7.0 11.0   1.5     6   4.8 195 1012.8  28.5  29.2  24.6   MM   MM    MM
2026 08 03 22 10 210  7.0  8.0    MM    MM    MM  MM 1012.8  28.6  29.2  24.9   MM   MM    MM
2026 08 03 22 00 210  7.0  9.0    MM    MM    MM  MM 1012.8  28.6  29.2  25.0   MM -0.0    MM
2026 08 03 21 50 200  8.0  9.0   1.6     7   4.9 200 1012.7  28.6  29.2  25.0   MM   MM    MM
2026 08 03 21 40 210  8.0  9.0    MM    MM    MM  MM 1012.6  28.6  29.2  24.8   MM   MM    MM
2026 08 03 21 30 210  8.0  9.0    MM    MM    MM  MM 1012.5  28.6  29.2  24.8   MM   MM    MM
2026 08 03 21 20 210  8.0 10.0   1.5     7   4.9 197 1012.3  28.6  29.2  25.1   MM   MM    MM
2026 08 03 21 10 210  8.0  9.0   1.5    MM   4.9 197 1012.4  28.6  29.2  25.1   MM   MM    MM
2026 08 03 21 00 210  8.0  9.0    MM    MM    MM  MM 1012.3  28.6  29.2  25.1   MM -1.0    MM
2026 08 03 20 50 200  8.0  9.0   1.5     7   4.9 192 1012.3  28.6  29.2  25.2   MM   MM    MM
2026 08 03 20 40 210  8.0 10.0    MM    MM    MM  MM 1012.2  28.6  29.2  24.7   MM   MM    MM
2026 08 03 20 30 200  8.0 10.0    MM    MM    MM  MM 1012.1  28.6  29.2  24.8   MM   MM    MM
2026 08 03 20 20 200  8.0  9.0   1.5     6   5.1 198 1012.0  28.6  29.2  25.0   MM   MM    MM
2026 08 03 20 10 200  8.0 10.0   1.5    MM   5.1 198 1011.9  28.6  29.2  25.1   MM   MM    MM
2026 08 03 20 00 190  8.0 10.0    MM    MM    MM  MM 1012.1  28.2  29.2  25.1   MM -1.4    MM
2026 08 03 19 50 180  6.0  7.0   1.5     7   5.1 201 1012.4  27.8  29.2  25.4   MM   MM    MM
2026 08 03 19 40 190  6.0  7.0    MM    MM    MM  MM 1012.4  27.7  29.2  25.2   MM   MM    MM
2026 08 03 19 30 190  6.0  8.0    MM    MM    MM  MM 1012.5  27.7  29.2  25.2   MM   MM    MM
2026 08 03 19 20 190  6.0  7.0   1.6     7   5.1 200 1012.5  27.6  29.1  25.0   MM   MM    MM
2026 08 03 19 10 200  5.0  6.0   1.6    MM   5.1 200 1012.7  27.5  29.1  25.0   MM   MM    MM
2026 08 03 19 00 210  5.0  6.0    MM    MM    MM  MM 1012.7  27.3  29.1  24.7   MM -0.8    MM
2026 08 03 18 50 220  5.0  6.0   1.6     7   5.0 196 1012.7  27.4  29.1  24.8   MM   MM    MM
2026 08 03 18 40 220  5.0  5.0    MM    MM    MM  MM 1012.8  27.3  29.1  24.8   MM   MM    MM
2026 08 03 18 30 230  5.0  6.0    MM    MM    MM  MM 1012.9  27.2  29.1  24.5   MM   MM    MM
2026 08 03 18 20 230  5.0  6.0   1.6     7   4.9 196 1013.1  27.2  29.1  24.3   MM   MM    MM
2026 08 03 18 10 240  6.0  8.0   1.6    MM   4.9 196 1013.2  27.3  29.1  24.1   MM   MM    MM
2026 08 03 18 00 240  7.0  8.0    MM    MM    MM  MM 1013.3  27.1  29.1  23.4   MM +0.0    MM
2026 08 03 17 50 240  7.0  9.0   1.7     7   5.0 204 1013.3  27.2  29.1  24.1   MM   MM    MM
2026 08 03 17 40 230  7.0  8.0    MM    MM    MM  MM 1013.4  26.9  29.1  24.2   MM   MM    MM
2026 08 03 17 30 240  7.0  9.0    MM    MM    MM  MM 1013.6  26.7  29.1  24.4   MM   MM    MM
2026 08 03 17 20 240  9.0 10.0   1.5     7   4.8 190 1013.8  26.8  29.1  24.4   MM   MM    MM
2026 08 03 17 10 240  7.0  9.0    MM    MM    MM  MM 1013.8  27.0  29.1  24.6   MM   MM    MM
2026 08 03 17 00 240  7.0  9.0    MM    MM    MM  MM 1013.5  27.3  29.1  24.9   MM +1.2    MM
2026 08 03 16 50 240  7.0  9.0   1.6     7   4.9 178 1013.5  27.3  29.1  24.6   MM   MM    MM
2026 08 03 16 40 240  6.0  7.0    MM    MM    MM  MM 1013.6  26.9  29.1  24.0   MM   MM    MM
2026 08 03 16 30 240  6.0  7.0    MM    MM    MM  MM 1013.5  26.8  29.1  24.4   MM   MM    MM
2026 08 03 16 20 230  7.0  8.0   1.7     7   4.9 189 1013.4  26.9  29.1  24.3   MM   MM    MM
2026 08 03 16 10 230  8.0 10.0    MM    MM    MM  MM 1013.5  27.0  29.1  24.4   MM   MM    MM
2026 08 03 16 00 240  8.0  9.0    MM    MM    MM  MM 1013.5  26.6  29.1  23.9   MM +0.9    MM
2026 08 03 15 50 240  8.0 10.0   1.6     6   4.8 198 1013.5  26.4  29.1  24.0   MM   MM    MM
2026 08 03 15 40 240  8.0 10.0   1.6    MM   4.8 198 1013.3  26.4  29.1  24.1   MM   MM    MM
2026 08 03 15 30 230  8.0 10.0    MM    MM    MM  MM 1013.3  26.4  29.1  23.9   MM   MM    MM
2026 08 03 15 20 240  7.0  9.0   1.8     6   4.9 200 1013.1  26.4  29.1  23.7   MM   MM    MM
2026 08 03 15 10 240  7.0  9.0   1.8    MM   4.9 200 1013.3  26.4  29.1  24.1   MM   MM    MM
2026 08 03 15 00 240  8.0  9.0    MM    MM    MM  MM 1013.4  26.4  29.1  24.3   MM +1.6    MM
2026 08 03 14 50 240  9.0 11.0   1.8     6   5.0 197 1013.3  26.5  29.1  24.2   MM   MM    MM
2026 08 03 14 40 250  9.0 11.0    MM    MM    MM  MM 1012.8  26.3  29.1  24.0   MM   MM    MM
2026 08 03 14 30 260 10.0 12.0    MM    MM    MM  MM 1012.5  25.9  29.1  23.8   MM   MM    MM
2026 08 03 14 20 270 10.0 12.0   1.7     7   4.9 177 1012.2  25.8  29.1  24.0   MM   MM    MM
2026 08 03 14 10 270 11.0 13.0    MM    MM    MM  MM 1012.2  25.5  29.1  23.8   MM   MM    MM
2026 08 03 14 00 270 11.0 14.0    MM    MM    MM  MM 1012.3  25.9  29.1  24.2   MM +0.8    MM
2026 08 03 13 50 280  8.0 15.0   1.6     6   4.8 188 1012.5  26.2  29.1  24.9   MM   MM    MM
2026 08 03 13 40 280  7.0  8.0    MM    MM    MM  MM 1012.6  26.0  29.1  25.1   MM   MM    MM
2026 08 03 13 30 250  8.0 11.0    MM    MM    MM  MM 1012.7  26.1  29.1  24.9   MM   MM    MM
2026 08 03 13 20 270 10.0 13.0   1.6     6   4.9 187 1012.8  25.8  29.1  24.6   MM   MM    MM
2026 08 03 13 10 290 10.0 14.0    MM    MM    MM  MM 1012.6  25.9  29.1  24.0   MM   MM    MM
2026 08 03 13 00 260  6.0 13.0    MM    MM    MM  MM 1012.6  25.9  29.2  23.6   MM +1.0    MM
2026 08 03 12 50 280  8.0 11.0   1.7     6   4.8 190 1012.4  25.1  29.1  23.5   MM   MM    MM
2026 08 03 12 40 280  9.0 13.0   1.7    MM   4.8 190 1012.3  24.7  29.1  23.5   MM   MM    MM
2026 08 03 12 30 260 11.0 14.0    MM    MM    MM  MM 1012.3  25.8  29.2  24.6   MM   MM    MM
2026 08 03 12 20 260  9.0 14.0   1.8     7   5.1 164 1012.2  26.6  29.2  24.1   MM   MM    MM
2026 08 03 12 10 240 10.0 12.0    MM    MM    MM  MM 1011.9  28.1  29.2  24.9   MM   MM    MM
2026 08 03 12 00 240  9.0 11.0    MM    MM    MM  MM 1011.8  28.2  29.2  25.0   MM -0.0    MM
2026 08 03 11 50 230  9.0 11.0   1.6     7   4.9 159 1011.8  28.1  29.2  25.0   MM   MM    MM
2026 08 03 11 40 230  8.0 10.0   1.6    MM   4.9 159 1011.7  28.1  29.2  25.2   MM   MM    MM
2026 08 03 11 30 230  8.0 10.0    MM    MM    MM  MM 1011.6  28.0  29.2  25.2   MM   MM    MM
2026 08 03 11 20 230  9.0 10.0   1.8     6   5.0 181 1011.6  27.9  29.2  24.9   MM   MM    MM
2026 08 03 11 10 230  9.0 10.0   1.8    MM   5.0 181 1011.6  28.0  29.2  25.0   MM   MM    MM
2026 08 03 11 00 230  9.0 10.0    MM    MM    MM  MM 1011.5  28.0  29.2  25.1   MM +0.0    MM
2026 08 03 10 50 230  9.0 11.0   1.8     6   5.2 184 1011.4  28.0  29.2  25.0   MM   MM    MM
2026 08 03 10 40 230  9.0 10.0    MM    MM    MM  MM 1011.4  28.2  29.2  25.0   MM   MM    MM
2026 08 03 10 30 240  9.0 10.0    MM    MM    MM  MM 1011.4  28.1  29.2  24.7   MM   MM    MM
2026 08 03 10 20 240  9.0 11.0   1.8     7   5.0 171 1011.4  28.2  29.2  24.6   MM   MM    MM
2026 08 03 10 10 230  9.0 11.0    MM    MM    MM  MM 1011.6  28.2  29.2  24.6   MM   MM    MM
2026 08 03 10 00 220  8.0 10.0    MM    MM    MM  MM 1011.6  28.1  29.2  24.7   MM +0.5    MM
2026 08 03 09 50 200  8.0 11.0   1.9     7   5.1 169 1011.6  28.2  29.2  24.9   MM   MM    MM
2026 08 03 09 40 200  8.0 10.0    MM    MM    MM  MM 1011.7  28.2  29.2  24.7   MM   MM    MM
2026 08 03 09 30 200  8.0  9.0    MM    MM    MM  MM 1011.6  28.1  29.2  24.8   MM   MM    MM
2026 08 03 09 20 210  8.0  9.0   2.0     7   5.3 167 1011.6  28.2  29.2  24.9   MM   MM    MM
2026 08 03 09 10 210  8.0  9.0   2.0    MM   5.3 167 1011.6  28.3  29.2  24.9   MM   MM    MM
2026 08 03 09 00 210  8.0 10.0    MM    MM    MM  MM 1011.6  28.3  29.2  24.7   MM -0.0    MM
2026 08 03 08 50 220  8.0 10.0   1.9     8   5.2 131 1011.5  28.3  29.2  24.8   MM   MM    MM
2026 08 03 08 40 220  9.0 10.0    MM    MM    MM  MM 1011.5  28.3  29.2  24.7   MM   MM    MM
2026 08 03 08 30 220  9.0 11.0    MM    MM    MM  MM 1011.2  28.3  29.2  24.7   MM   MM    MM
2026 08 03 08 20 220  9.0 11.0   2.3     7   5.4 145 1011.2  28.3  29.2  24.9   MM   MM    MM
2026 08 03 08 10 220  9.0 11.0    MM    MM    MM  MM 1011.2  28.3  29.2  25.0   MM   MM    MM
2026 08 03 08 00 230  9.0 11.0    MM    MM    MM  MM 1011.3  28.4  29.2  25.2   MM -0.3    MM
2026 08 03 07 50 230 10.0 12.0   2.0     7   5.2 165 1011.1  28.4  29.2  25.1   MM   MM    MM
2026 08 03 07 40 230 10.0 13.0    MM    MM    MM  MM 1011.0  28.4  29.2  25.0   MM   MM    MM
2026 08 03 07 30 220 11.0 12.0    MM    MM    MM  MM 1010.8  28.4  29.2  25.0   MM   MM    MM
2026 08 03 07 20 210 10.0 13.0   1.9     7   5.0 163 1010.6  27.8  29.2  25.3   MM   MM    MM
2026 08 03 07 10 180  7.0 10.0   1.9    MM   5.0 163 1010.8  26.8  29.2  24.7   MM   MM    MM
2026 08 03 07 00 180 10.0 15.0    MM    MM    MM  MM 1011.1  26.4  29.2  23.7   MM -0.8    MM
2026 08 03 06 50 180 11.0 14.0   2.0     6   5.3 169 1011.2  28.0  29.2  24.7   MM   MM    MM
2026 08 03 06 40 180 10.0 12.0    MM    MM    MM  MM 1011.2  28.1  29.2  25.6   MM   MM    MM
2026 08 03 06 30 170 10.0 12.0    MM    MM    MM  MM 1011.3  28.0  29.2  25.8   MM   MM    MM
2026 08 03 06 20 180 10.0 12.0   1.7     7   5.1 166 1011.2  28.1  29.1  25.8   MM   MM    MM
2026 08 03 06 10 180 10.0 13.0    MM    MM    MM  MM 1011.3  28.0    MM  25.5   MM   MM    MM
2026 08 03 06 00 190 10.0 12.0    MM    MM    MM  MM 1011.4  28.4  29.1  25.6   MM -0.7    MM
2026 08 03 05 50 200 10.0 12.0   1.6     6   5.2 186 1011.3  28.4  29.1  25.3   MM   MM    MM
2026 08 03 05 40 160  6.0 11.0   1.6    MM   5.2 186 1011.6  27.3  29.1  25.3   MM   MM    MM
2026 08 03 05 30 130  5.0  6.0    MM    MM    MM  MM 1011.6  27.3  29.1  24.9   MM   MM    MM
2026 08 03 05 20 150  5.0  6.0   1.4     7   5.1 151 1011.7  27.2  29.1  25.0   MM   MM    MM
2026 08 03 05 10 160  4.0  6.0   1.4    MM   5.1 151 1011.6  27.1  29.1  24.9   MM   MM    MM
2026 08 03 05 00 180  4.0  5.0    MM    MM    MM  MM 1011.6  26.9  29.1  24.9   MM -0.3    MM
2026 08 03 04 50 180  4.0  5.0   1.8     6   5.3 187 1011.7  26.6  29.1  24.6   MM   MM    MM
2026 08 03 04 40 180  4.0  5.0    MM    MM    MM  MM 1011.7  26.3  29.1  24.5   MM   MM    MM
2026 08 03 04 30 170  4.0  5.0    MM    MM    MM  MM 1011.8  26.2  29.0  24.7   MM   MM    MM
2026 08 03 04 20 180  4.0  6.0   1.8     6   5.2 196 1012.0  26.1  29.1  24.6   MM   MM    MM
2026 08 03 04 10 180  5.0  6.0   1.8    MM   5.2 196 1012.1  26.2  29.1  24.2   MM   MM    MM
2026 08 03 04 00 180  4.0  6.0    MM    MM    MM  MM 1011.9  26.2  29.0  24.0   MM +1.3    MM
2026 08 03 03 50 190  5.0  6.0   1.9     6   5.2 204 1011.9  26.3  29.1  23.8   MM   MM    MM
2026 08 03 03 40 190  6.0  7.0    MM    MM    MM  MM 1012.0  26.4  29.1  23.7   MM   MM    MM
2026 08 03 03 30 190  6.0  7.0    MM    MM    MM  MM 1012.0  26.3  29.1  23.8   MM   MM    MM
2026 08 03 03 20 200  6.0  7.0   2.0     6   5.2 186 1012.1  26.1  29.1  24.1   MM   MM    MM
2026 08 03 03 10 230  6.0  7.0   2.0    MM   5.2 186 1012.1  25.2  29.1  23.2   MM   MM    MM
2026 08 03 03 00 240  7.0 10.0    MM    MM    MM  MM 1012.1  25.3  29.1  23.9   MM +1.1    MM
2026 08 03 02 50 250  6.0 11.0   1.8     6   4.8 214 1012.0  25.5  29.1  24.2   MM   MM    MM
2026 08 03 02 40 260  9.0 10.0    MM    MM    MM  MM 1012.3  25.5  29.1  24.0   MM   MM    MM
2026 08 03 02 30 270  7.0  9.0    MM    MM    MM  MM 1012.0  25.4  29.1  23.8   MM   MM    MM
2026 08 03 02 20 250  6.0  9.0   2.0     6   5.0 201 1012.2  25.4  29.2  23.7   MM   MM    MM
2026 08 03 02 10 250  7.0 10.0   2.0    MM   5.0 201 1012.3  26.1  29.2  24.0   MM   MM    MM
2026 08 03 02 00 250  5.0 11.0    MM    MM    MM  MM 1011.9  26.5  29.2  24.2   MM +1.2    MM
2026 08 03 01 50 220  8.0 12.0   2.0     6   4.9 199 1011.9  27.8  29.2  24.3   MM   MM    MM
2026 08 03 01 40 190 11.0 14.0    MM    MM    MM  MM 1011.2  28.4  29.2  24.7   MM   MM    MM
2026 08 03 01 30 190 12.0 14.0    MM    MM    MM  MM 1010.9  28.9  29.2  25.3   MM   MM    MM
2026 08 03 01 20 190 12.0 15.0   1.7     7   4.7 210 1011.0  29.0  29.2  25.3   MM   MM    MM
2026 08 03 01 10 190 11.0 13.0   1.7    MM   4.7 210 1010.9  29.1  29.2  25.6   MM   MM    MM
2026 08 03 01 00 190 11.0 13.0    MM    MM    MM  MM 1010.6  29.1  29.2  25.1   MM -0.4    MM
2026 08 03 00 50 190 11.0 13.0   2.0     6   4.9 203 1010.6  29.0  29.2  24.9   MM   MM    MM
2026 08 03 00 40 190 11.0 14.0    MM    MM    MM  MM 1010.5  29.0  29.2  24.9   MM   MM    MM
2026 08 03 00 30 190 11.0 14.0    MM    MM    MM  MM 1010.6  28.9  29.2  25.3   MM   MM    MM
2026 08 03 00 20 190 11.0 13.0   1.9     6   4.9 204 1010.7  29.0  29.2  25.6   MM   MM    MM
2026 08 03 00 10 200 12.0 14.0    MM    MM    MM  MM 1010.8  29.0  29.2  25.3   MM   MM    MM
2026 08 03 00 00 190 11.0 13.0    MM    MM    MM  MM 1011.0  29.0  29.3  25.6   MM -0.0    MM
2026 08 02 23 50 190 10.0 13.0   1.8     6   4.8 202 1010.8  29.0  29.3  25.5   MM   MM    MM
2026 08 02 23 40 190 11.0 13.0    MM    MM    MM  MM 1010.7  29.0  29.3  25.4   MM   MM    MM
2026 08 02 23 20 190 11.0 13.0   1.8     6   4.8 207 1010.7  29.0  29.3  25.4   MM   MM    MM
2026 08 02 23 10 190 11.0 14.0   1.8    MM   4.8 207 1010.7  29.0  29.3  25.5   MM   MM    MM
2026 08 02 23 00 190 11.0 13.0    MM    MM    MM  MM 1010.7  29.0  29.3  25.7   MM +0.0    MM
2026 08 02 22 50 190 11.0 13.0   1.8     6   4.9 216 1010.6  29.0  29.3  25.6   MM   MM    MM
2026 08 02 22 40 190 10.0 13.0   1.8    MM   4.9 216 1010.8  29.0  29.3  25.6   MM   MM    MM
2026 08 02 22 30 190 10.0 12.0    MM    MM    MM  MM 1010.9  29.1  29.3  25.6   MM   MM    MM
2026 08 02 22 20 190 11.0 13.0   1.8     6   4.8 213 1010.9  29.1  29.3  25.4   MM   MM    MM
2026 08 02 22 10 190 11.0 14.0   1.8    MM   4.8 213 1011.0  29.1  29.3  25.3   MM   MM    MM
2026 08 02 22 00 190 11.0 12.0    MM    MM    MM  MM 1011.0  29.1  29.3  25.4   MM +0.0    MM
2026 08 02 21 50 190 10.0 13.0   1.9     6   5.0 204 1011.1  29.1  29.3  25.4   MM   MM    MM
2026 08 02 21 40 200 11.0 12.0    MM    MM    MM  MM 1010.9  29.1  29.3  25.1   MM   MM    MM
2026 08 02 21 30 200 11.0 13.0    MM    MM    MM  MM 1010.8  29.0  29.3  25.2   MM   MM    MM
2026 08 02 21 20 190 10.0 13.0   1.7     5   4.7 201 1010.9  29.0  29.3  25.1   MM   MM    MM
2026 08 02 21 10 200 10.0 13.0   1.7    MM   4.7 201 1010.9  29.0  29.3  25.1   MM   MM    MM
2026 08 02 21 00 190 10.0 12.0    MM    MM    MM  MM 1010.8  28.9  29.3  25.3   MM -0.7    MM
2026 08 02 20 50 190  9.0 11.0   1.8     6   4.8 208 1010.9  28.9  29.3  25.3   MM   MM    MM
2026 08 02 20 40 190 10.0 12.0    MM    MM    MM  MM 1011.0  28.8  29.3  24.6   MM   MM    MM
2026 08 02 20 30 190 10.0 12.0    MM    MM    MM  MM 1011.0  28.8  29.3  24.5   MM   MM    MM
2026 08 02 20 20 200 10.0 13.0   1.7     7   4.9 211 1011.1  28.8  29.3  24.8   MM   MM    MM
2026 08 02 20 10 200 11.0 13.0    MM    MM    MM  MM 1011.0  28.8  29.3  24.5   MM   MM    MM
2026 08 02 20 00 200 11.0 13.0    MM    MM    MM  MM 1010.9  28.7  29.3  24.4   MM -1.3    MM
2026 08 02 19 50 200 11.0 12.0   1.9     6   5.0 197 1010.9  28.7  29.3  24.1   MM   MM    MM
2026 08 02 19 40 200 10.0 12.0    MM    MM    MM  MM 1011.0  28.8  29.3  24.2   MM   MM    MM
2026 08 02 19 30 200 10.0 12.0    MM    MM    MM  MM 1011.0  28.7  29.3  24.5   MM   MM    MM
2026 08 02 19 20 200 10.0 12.0   1.7     6   4.9 207 1010.9  28.6  29.3  24.7   MM   MM    MM
2026 08 02 19 10 200  9.0 12.0   1.7    MM   4.9 207 1010.8  28.6  29.3  24.6   MM   MM    MM
2026 08 02 19 00 190 10.0 12.0    MM    MM    MM  MM 1011.0  28.6  29.3  24.5   MM -1.5    MM
2026 08 02 18 50 190 10.0 12.0   1.8     6   5.0 190 1011.1  28.6  29.3  24.2   MM   MM    MM
2026 08 02 18 40 190  9.0 11.0    MM    MM    MM  MM 1011.1  28.6  29.3  24.1   MM   MM    MM
2026 08 02 18 30 190  9.0 11.0    MM    MM    MM  MM 1011.1  28.4  29.3  24.2   MM   MM    MM
2026 08 02 18 20 190  9.0 11.0   1.6     6   4.8 190 1011.2  28.3  29.3  24.6   MM   MM    MM
2026 08 02 18 10 200  9.0 11.0   1.6    MM   4.8 190 1011.4  28.3  29.3  25.1   MM   MM    MM
2026 08 02 18 00 200 10.0 12.0    MM    MM    MM  MM 1011.5  28.3  29.3  24.9   MM -1.2    MM
2026 08 02 17 50 200  9.0 12.0   1.5     6   4.6 199 1011.6  28.2  29.3  24.8   MM   MM    MM
2026 08 02 17 40 190  9.0 11.0    MM    MM    MM  MM 1011.8  28.1  29.3  25.2   MM   MM    MM
2026 08 02 17 30 190  9.0 11.0    MM    MM    MM  MM 1011.9  27.9  29.3  25.3   MM   MM    MM
2026 08 02 17 20 180 10.0 12.0   1.4     6   4.5 207 1012.1  27.9  29.3  25.4   MM   MM    MM
2026 08 02 17 10 180 10.0 12.0   1.4    MM   4.5 207 1012.1  28.1  29.3  25.2   MM   MM    MM
2026 08 02 17 00 190 10.0 13.0    MM    MM    MM  MM 1012.2  28.4  29.3  25.1   MM +0.0    MM
2026 08 02 16 50 190 10.0 12.0   1.4     6   4.5 210 1012.1  28.6  29.3  24.3   MM   MM    MM
2026 08 02 16 40 200 10.0 12.0   1.4    MM   4.5 210 1012.1  28.7  29.3  24.1   MM   MM    MM
2026 08 02 16 30 200 10.0 11.0    MM    MM    MM  MM 1012.1  28.6  29.3  24.7   MM   MM    MM
2026 08 02 16 20 190  9.0 11.0   1.4     6   4.7 195 1012.2  28.5  29.2  24.7   MM   MM    MM
2026 08 02 16 10 200  9.0 11.0    MM    MM    MM  MM 1012.3  28.6  29.3  24.7   MM   MM    MM
2026 08 02 16 00 180  9.0 11.0    MM    MM    MM  MM 1012.5  28.4  29.2  25.0   MM +0.0    MM
2026 08 02 15 50 180  8.0 10.0   1.4     6   4.8 191 1012.5  28.4  29.2  25.1   MM   MM    MM
2026 08 02 15 40 180  8.0 10.0   1.4    MM   4.8 191 1012.6  28.3  29.2  25.0   MM   MM    MM
2026 08 02 15 30 190  7.0  8.0    MM    MM    MM  MM 1012.6  28.2  29.2  24.7   MM   MM    MM
2026 08 02 15 20 200  6.0  8.0   1.4     6   4.9 202 1012.7  28.1  29.2  24.5   MM   MM    MM
2026 08 02 15 10 200  7.0  8.0   1.4    MM   4.9 202 1012.8  27.9  29.2  24.3   MM   MM    MM
2026 08 02 15 00 230  5.0  7.0    MM    MM    MM  MM 1012.7  27.4  29.2  24.3   MM +0.8    MM
2026 08 02 14 50 240  5.0  6.0   1.5     6   4.7 203 1012.6  27.4  29.2  24.2   MM   MM    MM
2026 08 02 14 40 250  5.0  6.0    MM    MM    MM  MM 1012.6  27.3  29.2  23.9   MM   MM    MM
2026 08 02 14 30 250  6.0  8.0    MM    MM    MM  MM 1012.6  27.1  29.2  23.9   MM   MM    MM
2026 08 02 14 20 260  7.0  9.0   1.6     7   4.7 198 1012.5  27.1  29.2  24.1   MM   MM    MM
2026 08 02 14 10 250  7.0  9.0    MM    MM    MM  MM 1012.5  27.5  29.2  24.2   MM   MM    MM
2026 08 02 14 00 240  8.0 10.0    MM    MM    MM  MM 1012.4  27.2  29.1  23.9   MM +0.8    MM
2026 08 02 13 50 230  8.0 10.0   1.5     6   4.7 206 1012.3  26.7  29.1  23.9   MM   MM    MM
2026 08 02 13 40 230  8.0  9.0    MM    MM    MM  MM 1012.3  26.4  29.1  24.4   MM   MM    MM
2026 08 02 13 30 220  8.0  9.0    MM    MM    MM  MM 1012.3  26.4  29.1  24.8   MM   MM    MM
2026 08 02 13 20 220  9.0 10.0   1.5     6   4.7 198 1012.3  26.2  29.1  24.5   MM   MM    MM
2026 08 02 13 10 210  8.0 13.0   1.5    MM   4.7 198 1012.4  26.5  29.2  24.2   MM   MM    MM
2026 08 02 13 00 200  9.0 12.0    MM    MM    MM  MM 1012.3  27.2  29.2  24.1   MM +1.2    MM
2026 08 02 12 50 220  8.0 10.0   1.5     6   4.6 207 1012.2  27.3  29.2  23.9   MM   MM    MM
2026 08 02 12 40 220  9.0 11.0   1.5    MM   4.6 207 1012.1  27.2  29.2  24.4   MM   MM    MM
2026 08 02 12 30 210  8.0 10.0    MM    MM    MM  MM 1012.2  26.9  29.2  24.5   MM   MM    MM
2026 08 02 12 20 220  8.0 10.0   1.5     6   4.7 206 1012.2  26.8  29.2  24.4   MM   MM    MM
2026 08 02 12 10 220  8.0 10.0   1.5    MM   4.7 206 1012.0  26.7  29.2  24.3   MM   MM    MM
2026 08 02 12 00 220  9.0 11.0    MM    MM    MM  MM 1011.9  26.1  29.2  23.9   MM +1.0    MM
2026 08 02 11 50 220 10.0 12.0   1.7     6   4.7 199 1011.8  25.7  29.2  23.9   MM   MM    MM
2026 08 02 11 40 230 10.0 13.0    MM    MM    MM  MM 1011.9  25.9  29.2  24.2   MM   MM    MM
2026 08 02 11 30 230 12.0 15.0    MM    MM    MM  MM 1011.9  26.5  29.2  24.3   MM   MM    MM
2026 08 02 11 20 220 10.0 12.0   1.6     6   4.6 210 1011.9    MM  29.2    MM   MM   MM    MM
2026 08 02 11 10 220 10.0 11.0    MM    MM    MM  MM 1011.7  27.7  29.2  24.2   MM   MM    MM
2026 08 02 11 00 220  9.0 11.0    MM    MM    MM  MM 1011.6  27.6  29.3  24.3   MM +0.7    MM
2026 08 02 10 50 230  9.0 11.0   1.6     6   4.8 200 1011.5  27.5  29.3  24.6   MM   MM    MM
2026 08 02 10 40 230 10.0 13.0    MM    MM    MM  MM 1011.4  27.6  29.3  24.6   MM   MM    MM
2026 08 02 10 30 210 10.0 12.0    MM    MM    MM  MM 1011.3  28.0  29.3  24.5   MM   MM    MM
2026 08 02 10 20 210  9.0 11.0   1.6     6   4.7 201 1011.1  28.0  29.3  24.4   MM   MM    MM
2026 08 02 10 10 220  9.0 12.0    MM    MM    MM  MM 1011.0  28.0  29.3  24.2   MM   MM    MM
2026 08 02 10 00 220  9.0 12.0    MM    MM    MM  MM 1011.1  28.1  29.3  24.2   MM +0.0    MM
2026 08 02 09 50 220  9.0 11.0   1.7     6   4.8 201 1011.1  28.1  29.3  24.3   MM   MM    MM
2026 08 02 09 40 210  9.0 11.0    MM    MM    MM  MM 1011.1  28.1  29.3  24.5   MM   MM    MM
2026 08 02 09 30 220  9.0 11.0    MM    MM    MM  MM 1011.0  27.9  29.3  24.4   MM   MM    MM
2026 08 02 09 20 210  9.0 12.0   1.6    MM   4.6 195 1011.1  27.9  29.3  24.7   MM   MM    MM
2026 08 02 09 10  MM   MM   MM   1.6     6   4.6 195     MM    MM    MM    MM   MM   MM    MM
2026 08 02 09 00 210  9.0 11.0    MM    MM    MM  MM 1010.9  28.1  29.3  24.4   MM +0.0    MM
2026 08 02 08 50 210  9.0 11.0   1.7     6   4.8 204 1011.1  28.1  29.3  24.2   MM   MM    MM
2026 08 02 08 40 210 10.0 12.0    MM    MM    MM  MM 1010.9  28.2  29.3  24.2   MM   MM    MM
2026 08 02 08 30 200 10.0 11.0    MM    MM    MM  MM 1010.8  28.2  29.3  24.1   MM   MM    MM
2026 08 02 08 20 200 10.0 11.0   1.4     6   4.4 196 1010.7  28.2  29.3  24.2   MM   MM    MM
2026 08 02 08 10 210  9.0 12.0    MM    MM    MM  MM 1010.7  28.2  29.3  24.2   MM   MM    MM
2026 08 02 08 00 200  9.0 12.0    MM    MM    MM  MM 1010.9  28.2  29.3  24.1   MM -0.3    MM
2026 08 02 07 50 210 10.0 12.0   1.3     5   4.4 193 1010.9  28.2  29.3  24.0   MM   MM    MM
2026 08 02 07 40 200 10.0 12.0    MM    MM    MM  MM 1010.9  28.3  29.3  24.0   MM   MM    MM
2026 08 02 07 30 200 10.0 12.0    MM    MM    MM  MM 1011.0  28.3  29.3  24.0   MM   MM    MM
2026 08 02 07 20 200 10.0 12.0   1.3     5   4.3 185 1011.1  28.3  29.3  24.3   MM   MM    MM
2026 08 02 07 10 200 10.0 13.0   1.3    MM   4.3 185 1010.8  28.3  29.3  24.3   MM   MM    MM
2026 08 02 07 00 210 11.0 13.0    MM    MM    MM  MM 1010.9  28.3  29.3  24.4   MM -0.3    MM
2026 08 02 06 50 200 11.0 13.0   1.1     5   4.2 199 1010.8  28.3  29.3  24.6   MM   MM    MM
2026 08 02 06 40 200 10.0 13.0    MM    MM    MM  MM 1010.8  28.2  29.3  24.7   MM   MM    MM
2026 08 02 06 30 200 10.0 12.0    MM    MM    MM  MM 1010.9  28.1  29.3  25.1   MM   MM    MM
2026 08 02 06 20 200  9.0 12.0   1.1     5   4.2 189 1011.0  28.4  29.3  25.1   MM   MM    MM
2026 08 02 06 10 190  9.0 11.0   1.1    MM   4.2 189 1011.0  28.4  29.3  25.0   MM   MM    MM
2026 08 02 06 00 180  9.0 11.0    MM    MM    MM  MM 1011.0  28.4  29.3  25.1   MM -0.3    MM
2026 08 02 05 50 180  9.0 11.0   1.1     5   4.2 172 1011.1  28.3  29.3  25.1   MM   MM    MM
2026 08 02 05 40 180 10.0 11.0   1.1    MM   4.2 172 1011.1  28.3  29.3  25.2   MM   MM    MM
2026 08 02 05 30 180  9.0 11.0    MM    MM    MM  MM 1011.1  28.2  29.3  25.4   MM   MM    MM
2026 08 02 05 20 180  9.0 11.0   1.1     5   4.2 184 1011.1  28.2  29.3  25.6   MM   MM    MM
2026 08 02 05 10 180  9.0 11.0   1.1    MM   4.2 184 1011.1  28.3  29.3  25.7   MM   MM    MM
2026 08 02 05 00 180  8.0 10.0    MM    MM    MM  MM 1011.2  28.3  29.3  25.7   MM -0.3    MM
2026 08 02 04 50 180  8.0 10.0   1.0     5   4.2 179 1011.2  28.4  29.3  25.9   MM   MM    MM
2026 08 02 04 40 180  8.0  9.0    MM    MM    MM  MM 1011.4  28.5  29.3  26.0   MM   MM    MM
2026 08 02 04 30 180  8.0  9.0    MM    MM    MM  MM 1011.4  28.5  29.3  25.8   MM   MM    MM
2026 08 02 04 20 180  6.0  8.0   1.0     5   4.2 182 1011.4  28.4  29.3  25.5   MM   MM    MM
2026 08 02 04 10 190  6.0  7.0    MM    MM    MM  MM 1011.2  28.5  29.3  25.5   MM   MM    MM
2026 08 02 04 00 200  6.0  8.0    MM    MM    MM  MM 1011.2  28.5  29.3  25.5   MM +0.0    MM
2026 08 02 03 50 200  7.0  7.0   1.0     5   4.1 185 1011.1  28.5  29.3  25.6   MM   MM    MM
2026 08 02 03 40 200  7.0  8.0   1.0    MM   4.1 185 1011.2  28.6  29.3  25.6   MM   MM    MM
2026 08 02 03 30 200  7.0  8.0    MM    MM    MM  MM 1011.2  28.6  29.3  25.2   MM   MM    MM
2026 08 02 03 20 200  7.0  8.0   1.0     5   4.1 180 1011.3  28.6  29.3  25.3   MM   MM    MM
2026 08 02 03 10 200  7.0  8.0    MM    MM    MM  MM 1011.3  28.6  29.3  25.3   MM   MM    MM
2026 08 02 03 00 210  7.0  9.0    MM    MM    MM  MM 1011.3  28.5    MM  25.4   MM +0.0    MM
2026 08 02 02 50 210  7.0  9.0   1.0     4   4.0 180 1011.4  28.5  29.3  25.5   MM   MM    MM
2026 08 02 02 40 210  7.0  9.0    MM    MM    MM  MM 1011.4  28.4  29.3  25.4   MM   MM    MM
2026 08 02 02 30 210  8.0  9.0    MM    MM    MM  MM 1011.3  28.4  29.3  25.5   MM   MM    MM
2026 08 02 02 20 200  7.0  9.0   1.0     4   4.0 173 1011.4  28.4  29.3  25.6   MM   MM    MM
2026 08 02 02 10 200  7.0  9.0   1.0    MM   4.0 173 1011.4  28.3  29.3  25.7   MM   MM    MM
2026 08 02 02 00 190  8.0  9.0    MM    MM    MM  MM 1011.5  28.3  29.3  25.7   MM +0.6    MM
2026 08 02 01 50 190  8.0  9.0   1.0     4   4.0 185 1011.5  28.3  29.3  25.3   MM   MM    MM
2026 08 02 01 40 190  8.0  9.0    MM    MM    MM  MM 1011.6  28.4  29.3  24.9   MM   MM    MM
2026 08 02 01 30 200  6.0  8.0    MM    MM    MM  MM 1011.4  28.2  29.3  24.8   MM   MM    MM
2026 08 02 01 20 190  6.0  8.0   1.0     4   4.0 181 1011.2  28.1  29.3  24.9   MM   MM    MM
2026 08 02 01 10 190  7.0  8.0   1.0    MM   4.0 181 1011.4  28.1  29.3  24.7   MM   MM    MM
2026 08 02 01 00 190  7.0  9.0    MM    MM    MM  MM 1011.4  28.0  29.3  24.6   MM +0.6    MM
2026 08 02 00 50 190  8.0  9.0   0.9     3   3.8 177 1011.5  28.1  29.3  24.6   MM   MM    MM
2026 08 02 00 40 190  8.0  9.0    MM    MM    MM  MM 1011.5  28.1  29.3  24.2   MM   MM    MM
2026 08 02 00 30 190  8.0 10.0    MM    MM    MM  MM 1011.6  28.0  29.3  24.5   MM   MM    MM
2026 08 02 00 20 190  8.0 10.0   0.9     4   3.9 143 1011.5  28.3  29.3  24.6   MM   MM    MM
2026 08 02 00 10 190  8.0  9.0   0.9    MM   3.9 143 1011.6  28.3  29.4  24.5   MM   MM    MM
2026 08 02 00 00 180  8.0  9.0    MM    MM    MM  MM 1011.5  28.2  29.4  24.8   MM -0.0    MM
2026 08 01 23 50 180  7.0  9.0   0.9     4   3.8 163 1011.6  28.2  29.4  25.1   MM   MM    MM
2026 08 01 23 40 180  8.0 10.0   0.9    MM   3.8 163 1011.5  28.1  29.4  25.0   MM   MM    MM
2026 08 01 23 30 180  8.0 10.0    MM    MM    MM  MM 1011.2  28.1  29.4  24.8   MM   MM    MM
2026 08 01 23 20 180  8.0 10.0   0.9     4   3.7 159 1011.1  28.4  29.4  24.9   MM   MM    MM
2026 08 01 23 10 200  8.0 10.0    MM    MM    MM  MM 1011.0  28.6  29.4  25.0   MM   MM    MM
2026 08 01 23 00 190 10.0 12.0    MM    MM    MM  MM 1010.9  28.7  29.4  24.7   MM -1.2    MM
2026 08 01 22 50 170  8.0 12.0   0.9     4   3.8 164 1010.8  29.1  29.4  25.8   MM   MM    MM
2026 08 01 22 40 170  8.0  9.0    MM    MM    MM  MM 1010.8  29.1  29.4  25.9   MM   MM    MM
2026 08 01 22 30 170  8.0  9.0    MM    MM    MM  MM 1010.7  29.2  29.4  25.7   MM   MM    MM
2026 08 01 22 20 170  8.0  9.0   0.9     4   3.9 168 1010.8  29.3  29.5  25.6   MM   MM    MM
2026 08 01 22 10 170  7.0  9.0    MM    MM    MM  MM 1010.9  29.2  29.5  25.6   MM   MM    MM
2026 08 01 22 00 170  7.0  8.0    MM    MM    MM  MM 1010.8  29.2  29.5  26.0   MM -1.7    MM
2026 08 01 21 50 170  7.0  8.0   0.9     6   3.9 125 1011.0  29.1  29.5  26.2   MM   MM    MM
2026 08 01 21 40 160  8.0  9.0    MM    MM    MM  MM 1011.1  29.1  29.5  26.2   MM   MM    MM
2026 08 01 21 30 170  7.0  9.0    MM    MM    MM  MM 1011.2  29.1  29.5  26.1   MM   MM    MM
2026 08 01 21 20 160  8.0  9.0   0.9     6   3.9 131 1011.1  29.2  29.5  26.1   MM   MM    MM
2026 08 01 21 10 160  8.0  9.0    MM    MM    MM  MM 1011.2  29.1  29.5  25.9   MM   MM    MM
2026 08 01 21 00 160  7.0  9.0    MM    MM    MM  MM 1011.3  29.1  29.5  26.0   MM -1.5    MM
2026 08 01 20 50 160  8.0  9.0   0.9     6   4.0 133 1011.3  29.1  29.5  25.8   MM   MM    MM
2026 08 01 20 40 160  8.0  9.0   0.9    MM   4.0 133 1011.5  29.1  29.5  25.6   MM   MM    MM
2026 08 01 20 30 160  8.0  9.0    MM    MM    MM  MM 1011.8  29.1  29.5  25.7   MM   MM    MM
2026 08 01 20 20 150  8.0  9.0   0.9     7   4.0 143 1011.9  29.2  29.5  25.9   MM   MM    MM
2026 08 01 20 10 150  8.0  9.0    MM    MM    MM  MM 1012.0  29.1  29.5  25.6   MM   MM    MM
2026 08 01 20 00 150  7.0  9.0    MM    MM    MM  MM 1012.1  29.1  29.5  25.7   MM -1.3    MM
2026 08 01 19 50 150  8.0  9.0   0.8     3   3.9 146 1012.1  29.0  29.5  25.7   MM   MM    MM
2026 08 01 19 40 150  7.0  8.0    MM    MM    MM  MM 1012.2  29.1  29.5  25.8   MM   MM    MM
2026 08 01 19 30 150  7.0  8.0    MM    MM    MM  MM 1012.2  29.0  29.5  25.3   MM   MM    MM
2026 08 01 19 20 150  7.0  9.0   0.8     6   4.1 131 1012.2  29.0  29.5  25.5   MM   MM    MM
2026 08 01 19 10 150  7.0  9.0    MM    MM    MM  MM 1012.4  29.0  29.5  25.7   MM   MM    MM
2026 08 01 19 00 150  7.0  8.0    MM    MM    MM  MM 1012.5  28.9  29.5  25.7   MM -1.3    MM
2026 08 01 18 50 150  7.0  8.0   0.8     7   4.1 130 1012.5  29.0  29.5  25.9   MM   MM    MM
2026 08 01 18 40 140  6.0  8.0    MM    MM    MM  MM 1012.5  29.0  29.5  26.0   MM   MM    MM
2026 08 01 18 30 140  7.0  8.0    MM    MM    MM  MM 1012.6  29.0  29.4  25.9   MM   MM    MM
2026 08 01 18 20 140  7.0  8.0   0.8     7   3.9 139 1012.7  29.0  29.5  25.7   MM   MM    MM
2026 08 01 18 10 130  6.0  8.0    MM    MM    MM  MM 1012.8  28.9  29.4  25.2   MM   MM    MM
2026 08 01 18 00 130  7.0  8.0    MM    MM    MM  MM 1012.8  28.9  29.4  25.1   MM -0.8    MM
2026 08 01 17 50 130  7.0  8.0   0.8     6   3.9 141 1013.0  28.9    MM  25.2   MM   MM    MM
2026 08 01 17 40 130  7.0  8.0    MM    MM    MM  MM 1013.0  28.8  29.4  24.9   MM   MM    MM
2026 08 01 17 30 140  8.0  9.0    MM    MM    MM  MM 1013.2  28.7  29.4  24.7   MM   MM    MM
2026 08 01 17 20 140  8.0  9.0   0.7     6   4.0 151 1013.2  28.8  29.4  25.2   MM   MM    MM
2026 08 01 17 10 130  7.0  9.0    MM    MM    MM  MM 1013.3  28.8  29.4  25.3   MM   MM    MM
2026 08 01 17 00 130  8.0  9.0    MM    MM    MM  MM 1013.4  28.8  29.4  25.2   MM -0.3    MM
2026 08 01 16 50 130  7.0  9.0   0.7     6   4.0 149 1013.4  28.8  29.4  25.5   MM   MM    MM
2026 08 01 16 40 130  7.0  8.0    MM    MM    MM  MM 1013.5  28.7  29.4  25.2   MM   MM    MM
2026 08 01 16 30 130  6.0  7.0    MM    MM    MM  MM 1013.5  28.7  29.4  25.4   MM   MM    MM
2026 08 01 16 20 140  6.0  7.0   0.6     6   4.0 144 1013.7  28.9  29.4  25.3   MM   MM    MM
2026 08 01 16 10 130  6.0  6.0   0.6    MM   4.0 144 1013.7  28.9  29.4  25.2   MM   MM    MM
2026 08 01 16 00 130  6.0  7.0    MM    MM    MM  MM 1013.8  28.8  29.4  25.1   MM -0.3    MM
2026 08 01 15 50 130  6.0  7.0   0.7    10   4.1 111 1013.8  28.8  29.3  25.4   MM   MM    MM
2026 08 01 15 40 130  6.0  7.0    MM    MM    MM  MM 1013.7  28.9  29.3  25.7   MM   MM    MM
2026 08 01 15 30 120  6.0  7.0    MM    MM    MM  MM 1013.5  28.8  29.3  25.4   MM   MM    MM
2026 08 01 15 20 120  6.0  7.0   0.6     6   4.1 127 1013.5  28.8  29.3  25.4   MM   MM    MM
2026 08 01 15 10 130  6.0  6.0    MM    MM    MM  MM 1013.6  28.8  29.3  25.2   MM   MM    MM
2026 08 01 15 00 120  6.0  7.0    MM    MM    MM  MM 1013.6  28.8  29.3  25.2   MM -0.5    MM
2026 08 01 14 50 130  5.0  7.0   0.6     7   4.3 117 1013.7  28.8  29.3  25.4   MM   MM    MM
2026 08 01 14 40 130  5.0  6.0    MM    MM    MM  MM 1013.7  28.7  29.3  25.3   MM   MM    MM
2026 08 01 14 30 130  5.0  6.0    MM    MM    MM  MM 1013.7  28.7  29.3  25.3   MM   MM    MM
2026 08 01 14 20 130  5.0  6.0   0.7     6   4.2 123 1013.7  28.7  29.3  25.4   MM   MM    MM
2026 08 01 14 10 130  5.0  6.0    MM    MM    MM  MM 1013.6  28.7  29.3  25.4   MM   MM    MM
2026 08 01 14 00 130  5.0  6.0    MM    MM    MM  MM 1013.7  28.8  29.2  25.5   MM +0.0    MM
2026 08 01 13 50 130  5.0  6.0   0.7     6   4.3 138 1013.8  28.8  29.2  25.4   MM   MM    MM
2026 08 01 13 40 140  5.0  6.0    MM    MM    MM  MM 1013.9  28.8  29.2  25.3   MM   MM    MM
2026 08 01 13 30 140  5.0  6.0    MM    MM    MM  MM 1014.0  28.8  29.2  25.3   MM   MM    MM
2026 08 01 13 20 140  5.0  6.0   0.7     6   4.2 125 1014.0  28.8  29.2  25.2   MM   MM    MM
2026 08 01 13 10 140  5.0  6.0    MM    MM    MM  MM 1014.0  28.8  29.2  25.1   MM   MM    MM
2026 08 01 13 00 130  5.0  6.0    MM    MM    MM  MM 1014.1  28.8  29.2  25.2   MM +0.7    MM
2026 08 01 12 50 130  5.0  6.0   0.7     6   4.3 125 1014.1  28.8  29.2  24.9   MM   MM    MM
2026 08 01 12 40 140  5.0  6.0    MM    MM    MM  MM 1014.0  28.7  29.2  24.8   MM   MM    MM
2026 08 01 12 30 130  5.0  6.0    MM    MM    MM  MM 1014.0  28.7  29.2  24.8   MM   MM    MM
2026 08 01 12 20 140  5.0  6.0   0.7     6   4.2 138 1014.0  28.7  29.2  24.8   MM   MM    MM
2026 08 01 12 10 150  4.0  5.0    MM    MM    MM  MM 1014.1  28.7  29.2  24.9   MM   MM    MM
2026 08 01 12 00 150  4.0  5.0    MM    MM    MM  MM 1014.1  28.7  29.2  24.7   MM +0.7    MM
2026 08 01 11 50 140  4.0  5.0   0.7     6   4.1 124 1014.2  28.6    MM  24.8   MM   MM    MM
2026 08 01 11 40 130  4.0  5.0    MM    MM    MM  MM 1014.0  28.6  29.2  24.9   MM   MM    MM
2026 08 01 11 30 140  5.0  6.0    MM    MM    MM  MM 1014.1  28.6  29.2  24.8   MM   MM    MM
2026 08 01 11 20 140  5.0  6.0   0.7     6   4.0 137 1014.0  28.6  29.2  24.6   MM   MM    MM
2026 08 01 11 10 150  5.0  6.0   0.7    MM   4.0 137 1014.0  28.6  29.2  24.5   MM   MM    MM
2026 08 01 11 00 150  5.0  6.0    MM    MM    MM  MM 1013.9  28.6  29.2  24.5   MM +0.6    MM
2026 08 01 10 50 150  5.0  6.0   0.8     6   4.1 134 1013.9  28.5  29.2  24.5   MM   MM    MM
2026 08 01 10 40 150  5.0  6.0   0.8    MM   4.1 134 1013.8  28.6  29.2  24.7   MM   MM    MM
2026 08 01 10 30 150  5.0  6.0    MM    MM    MM  MM 1013.7  28.5  29.2  24.5   MM   MM    MM
2026 08 01 10 20 150  6.0  7.0   0.8     6   4.0 142 1013.5  28.5  29.2  24.5   MM   MM    MM
2026 08 01 10 10 150  6.0  7.0   0.8    MM   4.0 142 1013.4  28.5  29.2  24.8   MM   MM    MM
2026 08 01 10 00 160  6.0  7.0    MM    MM    MM  MM 1013.4  28.5  29.2  24.7   MM -0.7    MM
2026 08 01 09 50 150  7.0  8.0   0.8     4   3.9 146 1013.3  28.5  29.2  24.5   MM   MM    MM
2026 08 01 09 40 160  7.0  8.0    MM    MM    MM  MM 1013.4  28.5  29.2  24.6   MM   MM    MM
2026 08 01 09 30 160  7.0  8.0    MM    MM    MM  MM 1013.4  28.5  29.3  24.6   MM   MM    MM
2026 08 01 09 20 160  6.0  8.0   0.9     5   4.1 144 1013.5  28.5  29.3  24.9   MM   MM    MM
2026 08 01 09 10 160  7.0  8.0   0.9    MM   4.1 144 1013.4  28.6  29.3  24.8   MM   MM    MM
2026 08 01 09 00 160  7.0  8.0    MM    MM    MM  MM 1013.4  28.6  29.3  24.8   MM -1.2    MM
2026 08 01 08 50 150  6.0  8.0   0.9     4   4.0 153 1013.3  28.6  29.3  24.4   MM   MM    MM
2026 08 01 08 40 150  7.0  8.0    MM    MM    MM  MM 1013.2  28.6  29.3  24.6   MM   MM    MM
2026 08 01 08 30 150  7.0  7.0    MM    MM    MM  MM 1013.2  28.6  29.3  24.3   MM   MM    MM
2026 08 01 08 20 150  6.0  8.0   1.0     5   4.2 145 1013.1  28.7  29.3  24.3   MM   MM    MM
2026 08 01 08 10 150  7.0  8.0    MM    MM    MM  MM 1013.2  28.7  29.3  24.0   MM   MM    MM
2026 08 01 08 00 160  7.0  8.0    MM    MM    MM  MM 1013.3  28.8  29.3  24.0   MM -1.9    MM
2026 08 01 07 50 150  7.0  8.0   0.9     4   4.1 149 1013.6  28.8  29.3  24.1   MM   MM    MM
2026 08 01 07 40 160  7.0  8.0    MM    MM    MM  MM 1013.7  28.9  29.3  24.2   MM   MM    MM
2026 08 01 07 30 150  7.0  8.0    MM    MM    MM  MM 1013.7  28.9  29.3  24.2   MM   MM    MM
2026 08 01 07 20 150  7.0  8.0   1.0     5   4.2 151 1013.9  29.0  29.3  24.0   MM   MM    MM
2026 08 01 07 10 140  7.0  9.0    MM    MM    MM  MM 1013.9  29.0  29.3  23.5   MM   MM    MM
2026 08 01 07 00 150  7.0  8.0    MM    MM    MM  MM 1014.1  29.1  29.3  23.3   MM -1.5    MM
2026 08 01 06 50 150  7.0  9.0   1.0     6   4.2 155 1014.2  29.1  29.3  23.2   MM   MM    MM
2026 08 01 06 40 140  7.0  9.0    MM    MM    MM  MM 1014.3  29.1  29.3  23.2   MM   MM    MM
2026 08 01 06 30 150  8.0  9.0    MM    MM    MM  MM 1014.3  29.1  29.3  22.8   MM   MM    MM
2026 08 01 06 20 150  7.0  9.0   1.0     4   4.2 152 1014.4  29.1  29.3  23.1   MM   MM    MM
2026 08 01 06 10 150  8.0  9.0    MM    MM    MM  MM 1014.5  29.1  29.3  23.0   MM   MM    MM
2026 08 01 06 00 150  7.0  9.0    MM    MM    MM  MM 1014.6  29.1  29.3  23.4   MM -0.8    MM
2026 08 01 05 50 150  8.0  9.0   0.9     4   4.2 156 1014.7  29.1  29.3  23.2   MM   MM    MM
2026 08 01 05 40 150  8.0 10.0    MM    MM    MM  MM 1014.7  29.0  29.3  23.3   MM   MM    MM
2026 08 01 05 30 150  8.0  9.0    MM    MM    MM  MM 1014.7  29.0  29.3  23.6   MM   MM    MM
2026 08 01 05 20 150  8.0 10.0   1.0     6   4.4 146 1014.9  29.1  29.3  23.3   MM   MM    MM
2026 08 01 05 10 150  8.0  9.0    MM    MM    MM  MM 1015.0  29.0  29.3  23.6   MM   MM    MM
2026 08 01 05 00 150  8.0  9.0    MM    MM    MM  MM 1015.2  29.1  29.3  23.8   MM +0.3    MM
2026 08 01 04 50 150  8.0  9.0   0.9     4   4.1 150 1015.3  29.1  29.3  23.4   MM   MM    MM
2026 08 01 04 40 150  8.0  9.0    MM    MM    MM  MM 1015.3  29.2  29.3  22.8   MM   MM    MM
2026 08 01 04 30 150  8.0  9.0    MM    MM    MM  MM 1015.4  29.1  29.3  22.6   MM   MM    MM
2026 08 01 04 20 150  8.0  9.0   0.8     4   4.1 151 1015.5  29.1  29.3  23.4   MM   MM    MM
2026 08 01 04 10 150  8.0  9.0   0.8    MM   4.1 151 1015.4  29.2  29.3  23.3   MM   MM    MM
2026 08 01 04 00 150  8.0  9.0    MM    MM    MM  MM 1015.6  29.2  29.3  23.2   MM +1.2    MM
2026 08 01 03 50 150  7.0  9.0   0.9     7   4.1 139 1015.5  29.2  29.3  22.9   MM   MM    MM
2026 08 01 03 40 150  8.0  9.0    MM    MM    MM  MM 1015.5  29.2  29.3  22.7   MM   MM    MM
2026 08 01 03 30 150  8.0 10.0    MM    MM    MM  MM 1015.5  29.2  29.3  22.6   MM   MM    MM
2026 08 01 03 20 150  8.0  9.0   0.8     6   4.1 147 1015.4  29.2  29.3  22.9   MM   MM    MM
2026 08 01 03 10 140  8.0  9.0    MM    MM    MM  MM 1015.4  29.1  29.3  23.1   MM   MM    MM
2026 08 01 03 00 140  8.0  9.0    MM    MM    MM  MM 1015.4  29.1  29.3  23.0   MM +1.1    MM
2026 08 01 02 50 130  8.0  9.0   0.7     6   3.9 137 1015.5  29.2  29.3  23.1   MM   MM    MM
2026 08 01 02 40 140  8.0  9.0    MM    MM    MM  MM 1015.4  29.2  29.3  22.9   MM   MM    MM
2026 08 01 02 30 130  7.0  8.0    MM    MM    MM  MM 1015.3  29.2  29.3  23.0   MM   MM    MM
2026 08 01 02 20 130  7.0  9.0   0.7     6   4.0 149 1015.1  29.2  29.4  23.0   MM   MM    MM
2026 08 01 02 10 130  7.0  8.0    MM    MM    MM  MM 1015.1  29.1  29.4  22.8   MM   MM    MM
2026 08 01 02 00 130  7.0  8.0    MM    MM    MM  MM 1014.9  29.1  29.4  23.2   MM +0.6    MM
2026 08 01 01 50 130  7.0  8.0   0.7     6   4.0 153 1014.7  29.1  29.4  23.0   MM   MM    MM
2026 08 01 01 40 130  7.0  8.0    MM    MM    MM  MM 1014.6  29.2  29.4  22.8   MM   MM    MM
2026 08 01 01 30 120  7.0  8.0    MM    MM    MM  MM 1014.5  29.2  29.4  22.4   MM   MM    MM
2026 08 01 01 20 130  7.0  8.0   0.7     6   4.0 135 1014.4  29.2  29.4  22.3   MM   MM    MM
2026 08 01 01 10 130  6.0  7.0   0.7    MM   4.0 135 1014.5  29.2  29.5  22.6   MM   MM    MM
2026 08 01 01 00 130  6.0  7.0    MM    MM    MM  MM 1014.4  29.1  29.4  22.9   MM -0.4    MM
2026 08 01 00 50 130  6.0  7.0   0.6     6   3.9 143 1014.4  29.1  29.5  22.8   MM   MM    MM
2026 08 01 00 40 130  6.0  7.0    MM    MM    MM  MM 1014.2  29.1  29.5  22.7   MM   MM    MM
2026 08 01 00 30 130  6.0  7.0    MM    MM    MM  MM 1014.2  29.1    MM  23.1   MM   MM    MM
2026 08 01 00 20 140  6.0  7.0   0.6     6   4.1 142 1014.2  29.0  29.5  23.1   MM   MM    MM
2026 08 01 00 10 130  6.0  7.0   0.6    MM   4.1 142 1014.3  29.1  29.5  23.2   MM   MM    MM
2026 08 01 00 00 140  6.0  7.0    MM    MM    MM  MM 1014.3  29.1  29.6  23.2   MM -0.9    MM
2026 07 31 23 50 140  6.0  7.0   0.6     6   4.4 141 1014.3  29.1  29.6  23.2   MM   MM    MM
2026 07 31 23 40 140  6.0  7.0   0.6    MM   4.4 141 1014.4  29.2  29.6  23.1   MM   MM    MM
2026 07 31 23 00 130  5.0  6.0   0.6    MM   4.5 140 1014.3  29.2  29.6  23.6   MM -1.0    MM
2026 07 31 22 50 130  5.0  6.0   0.6     6   4.4 142 1014.3  29.2  29.6  23.6   MM   MM    MM
2026 07 31 22 40 130  5.0  6.0    MM    MM    MM  MM 1014.3  29.2  29.7  23.6   MM   MM    MM
2026 07 31 22 30 130  5.0  6.0    MM    MM    MM  MM 1014.4  29.2  29.7  23.5   MM   MM    MM
2026 07 31 22 20 120  5.0  6.0   0.5     5   4.3 164 1014.5  29.1  29.7  23.2   MM   MM    MM
2026 07 31 22 10 130  5.0  6.0    MM    MM    MM  MM 1014.6  29.2  29.6  23.6   MM   MM    MM
2026 07 31 22 00 140  5.0  6.0    MM    MM    MM  MM 1014.8  29.2  29.6  23.5   MM -1.2    MM
2026 07 31 21 50 140  5.0  6.0   0.6     6   4.7 137 1015.0  29.1  29.7  23.4   MM   MM    MM
2026 07 31 21 40 140  5.0  6.0    MM    MM    MM  MM 1015.1  29.2  29.6  23.5   MM   MM    MM
2026 07 31 21 30 140  5.0  6.0    MM    MM    MM  MM 1015.1  29.2  29.7  23.4   MM   MM    MM
2026 07 31 21 20 140  5.0  6.0   0.6     6   4.8 174 1015.2  29.1  29.7  23.2   MM   MM    MM
2026 07 31 21 10 140  5.0  6.0   0.6    MM   4.8 174 1015.1  29.1  29.6  23.0   MM   MM    MM
2026 07 31 21 00 140  5.0  6.0    MM    MM    MM  MM 1015.2  29.0  29.7  23.1   MM -1.0    MM
2026 07 31 20 50 140  5.0  6.0   0.6     6   5.1 166 1015.2  29.0  29.7  23.1   MM   MM    MM
2026 07 31 20 40 140  5.0  6.0    MM    MM    MM  MM 1015.2  29.0  29.6  23.0   MM   MM    MM
2026 07 31 20 30 150  5.0  6.0    MM    MM    MM  MM 1015.3  29.0  29.6  23.1   MM   MM    MM
2026 07 31 20 20 130  5.0  6.0   0.6     6   5.1 173 1015.3  29.0  29.7  23.0   MM   MM    MM
2026 07 31 20 10 140  5.0  6.0    MM    MM    MM  MM 1015.3  29.0  29.7  22.9   MM   MM    MM
2026 07 31 20 00 130  5.0  6.0    MM    MM    MM  MM 1015.3  28.9  29.7  22.5   MM -1.1    MM
2026 07 31 19 50 130  5.0  6.0   0.6     6   5.3 156 1015.4  28.9  29.8  22.6   MM   MM    MM
2026 07 31 19 40 140  4.0  5.0   0.6    MM   5.3 156 1015.4  28.8  29.8  22.5   MM   MM    MM
2026 07 31 19 30 130  4.0  5.0    MM    MM    MM  MM 1015.6  28.8  29.8  22.6   MM   MM    MM
2026 07 31 19 20 130  4.0  5.0   0.6     6   5.4 145 1015.7  28.8  29.7  22.6   MM   MM    MM
2026 07 31 19 10 130  4.0  4.0   0.6    MM   5.4 145 1016.0  28.8  29.7  22.3   MM   MM    MM
2026 07 31 19 00 130  4.0  5.0    MM    MM    MM  MM 1016.0  28.7  29.7  22.0   MM -0.4    MM
2026 07 31 18 50 120  3.0  4.0   0.7     6   5.5 152 1015.9  28.7    MM  21.9   MM   MM    MM
2026 07 31 18 40 110  4.0  4.0   0.7    MM   5.5 152 1016.1  28.7  29.7  21.8   MM   MM    MM
2026 07 31 18 30 110  4.0  5.0    MM    MM    MM  MM 1016.2  28.7  29.7  21.8   MM   MM    MM
2026 07 31 18 20  90  4.0  5.0   0.6     7   5.5 142 1016.1  28.7  29.7  22.0   MM   MM    MM
2026 07 31 18 10  90  4.0  5.0   0.6    MM   5.5 142 1016.1  28.7  29.7  21.8   MM   MM    MM
2026 07 31 18 00 100  4.0  5.0    MM    MM    MM  MM 1016.2  28.7  29.7  21.8   MM +0.0    MM
2026 07 31 17 50 110  4.0  5.0   0.6     6   5.6 148 1016.2  28.5  29.6  21.7   MM   MM    MM
2026 07 31 17 40 100  3.0  4.0    MM    MM    MM  MM 1016.2  28.5  29.6  21.9   MM   MM    MM
2026 07 31 17 30  90  3.0  4.0    MM    MM    MM  MM 1016.2  28.5  29.6  21.8   MM   MM    MM
2026 07 31 17 20  90  3.0  4.0   0.6     7   5.9 138 1016.3  28.5  29.5  21.9   MM   MM    MM
2026 07 31 17 10 100  3.0  4.0   0.6    MM   5.9 138 1016.4  28.5  29.6  21.8   MM   MM    MM
2026 07 31 17 00  90  3.0  4.0    MM    MM    MM  MM 1016.4  28.4  29.6  21.6   MM +0.5    MM
2026 07 31 16 50 100  3.0  4.0   0.6     7   5.6 148 1016.4  28.4  29.5  21.7   MM   MM    MM
2026 07 31 16 40  90  3.0  4.0    MM    MM    MM  MM 1016.3  28.3  29.4  21.5   MM   MM    MM
2026 07 31 16 30  90  3.0  4.0    MM    MM    MM  MM 1016.3  28.3  29.4  21.7   MM   MM    MM
2026 07 31 16 20  90  3.0  4.0   0.6     7   5.5 142 1016.3  28.3  29.4  21.7   MM   MM    MM
2026 07 31 16 10  90  3.0  4.0   0.6    MM   5.5 142 1016.4  28.3  29.4  21.7   MM   MM    MM
2026 07 31 16 00 100  3.0  4.0    MM    MM    MM  MM 1016.4  28.3  29.4  21.7   MM +0.8    MM
2026 07 31 15 50 100  3.0  4.0   0.5     7   5.4 148 1016.4  28.2  29.3  21.5   MM   MM    MM
2026 07 31 15 40 100  3.0  3.0    MM    MM    MM  MM 1016.5  28.3  29.3  21.6   MM   MM    MM
2026 07 31 15 30 110  2.0  3.0    MM    MM    MM  MM 1016.5  28.3  29.3  21.8   MM   MM    MM
2026 07 31 15 20 100  2.0  3.0   0.5     7   5.3 154 1016.5  28.3  29.3  21.6   MM   MM    MM
2026 07 31 15 10  90  2.0  3.0   0.5    MM   5.3 154 1016.4  28.3  29.3  21.6   MM   MM    MM
2026 07 31 15 00 100  2.0  3.0    MM    MM    MM  MM 1016.3  28.4  29.2  21.9   MM +0.9    MM
2026 07 31 14 50 100  3.0  3.0   0.5     6   5.4 153 1016.3  28.3  29.2  21.5   MM   MM    MM
2026 07 31 14 40  90  3.0  3.0   0.5    MM   5.4 153 1016.1  28.3  29.2  21.6   MM   MM    MM
2026 07 31 14 30 100  3.0  3.0    MM    MM    MM  MM 1016.2  28.3  29.2  21.5   MM   MM    MM
2026 07 31 14 20  90  2.0  3.0   0.5     7   5.2 136 1015.9  28.4  29.2  21.4   MM   MM    MM
2026 07 31 14 10  80  2.0  3.0   0.5    MM   5.2 136 1015.8  28.5  29.2  21.5   MM   MM    MM
2026 07 31 14 00  80  2.0  3.0    MM    MM    MM  MM 1015.9  28.5  29.2  21.5   MM +0.5    MM
2026 07 31 13 50  80  2.0  2.0   0.5     6   5.5 152 1015.8  28.4  29.2  21.4   MM   MM    MM
2026 07 31 13 40  80  2.0  2.0   0.5    MM   5.5 152 1015.8  28.5  29.2  21.6   MM   MM    MM
2026 07 31 13 30  80  1.0  2.0    MM    MM    MM  MM 1015.8  28.6  29.2  21.7   MM   MM    MM
2026 07 31 13 20  90  1.0  2.0   0.5     6   5.3 151 1015.7  28.6  29.1  21.7   MM   MM    MM
2026 07 31 13 10 100  1.0  2.0    MM    MM    MM  MM 1015.7  28.5  29.1  21.8   MM   MM    MM
2026 07 31 13 00 120  1.0  2.0    MM    MM    MM  MM 1015.6  28.6  29.1  21.7   MM +0.8    MM
2026 07 31 12 50 120  1.0  2.0   0.5     7   5.2 151 1015.6  28.6  29.1  21.7   MM   MM    MM
2026 07 31 12 40 120  1.0  2.0    MM    MM    MM  MM 1015.5  28.5  29.1  21.8   MM   MM    MM
2026 07 31 12 30 120  1.0  2.0    MM    MM    MM  MM 1015.4  28.4  29.1  21.7   MM   MM    MM
2026 07 31 12 20 130  2.0  2.0   0.5     7   5.1 149 1015.5  28.4    MM  21.8   MM   MM    MM
2026 07 31 12 10 140  2.0  2.0   0.5    MM   5.1 149 1015.4  28.4  29.1  21.8   MM   MM    MM
2026 07 31 12 00 140  2.0  2.0    MM    MM    MM  MM 1015.4  28.3  29.1  21.8   MM +0.6    MM
2026 07 31 11 50 140  2.0  2.0   0.5     6   5.1 158 1015.5  28.2  29.1  21.9   MM   MM    MM
2026 07 31 11 40 140  2.0  3.0    MM    MM    MM  MM 1015.5  28.1  29.1  22.0   MM   MM    MM
2026 07 31 11 30 140  2.0  2.0    MM    MM    MM  MM 1015.5  28.1  29.1  22.1   MM   MM    MM
2026 07 31 11 20 140  2.0  3.0   0.5     6   4.9 151 1015.4  28.1  29.1  22.2   MM   MM    MM
2026 07 31 11 10 130  1.0  2.0   0.5    MM   4.9 151 1015.5  28.0  29.1  22.0   MM   MM    MM
2026 07 31 11 00 130  2.0  2.0    MM    MM    MM  MM 1015.4  28.0  29.1  22.2   MM +0.6    MM
2026 07 31 10 50 140  1.0  2.0   0.5     7   5.1 141 1015.3  27.9  29.1  22.0   MM   MM    MM
2026 07 31 10 40 130  1.0  2.0    MM    MM    MM  MM 1015.3  27.9  29.1  21.9   MM   MM    MM
2026 07 31 10 30 130  2.0  2.0    MM    MM    MM  MM 1015.2  27.9  29.1  22.0   MM   MM    MM
2026 07 31 10 20 130  2.0  3.0   0.5     7   4.9 125 1015.0  27.9  29.1  21.9   MM   MM    MM
2026 07 31 10 10 120  2.0  3.0   0.5    MM   4.9 125 1014.8  27.9  29.1  22.0   MM   MM    MM
2026 07 31 10 00 120  2.0  3.0    MM    MM    MM  MM 1014.8  28.0  29.1  22.3   MM +0.0    MM
2026 07 31 09 50 110  2.0  2.0   0.5     7   5.0 142 1014.8  28.0  29.1  22.2   MM   MM    MM
2026 07 31 09 40 120  2.0  2.0    MM    MM    MM  MM 1014.8  28.0  29.1  22.0   MM   MM    MM
2026 07 31 09 30 110  2.0  3.0    MM    MM    MM  MM 1014.9  28.1  29.1  22.0   MM   MM    MM
2026 07 31 09 20 110  2.0  3.0   0.6     7   4.7 145 1014.9  28.1    MM  21.8   MM   MM    MM
2026 07 31 09 10 100  2.0  3.0   0.6    MM   4.7 145 1014.8  28.2  29.2  21.6   MM   MM    MM
2026 07 31 09 00 120  2.0  2.0    MM    MM    MM  MM 1014.8  28.2  29.2  21.4   MM +0.0    MM
2026 07 31 08 50 130  2.0  2.0   0.6     7   4.9 139 1014.8  28.2  29.1  21.5   MM   MM    MM
2026 07 31 08 40 120  1.0  2.0    MM    MM    MM  MM 1014.8  28.2  29.2  21.4   MM   MM    MM
2026 07 31 08 30 120  1.0  2.0    MM    MM    MM  MM 1014.9  28.3  29.2  21.6   MM   MM    MM
2026 07 31 08 20 130  2.0  2.0   0.6     7   4.8 142 1014.9  28.3  29.2  21.5   MM   MM    MM
2026 07 31 08 10 120  2.0  3.0   0.6    MM   4.8 142 1014.8  28.3  29.2  21.6   MM   MM    MM
2026 07 31 08 00 130  2.0  3.0    MM    MM    MM  MM 1014.8  28.4  29.2  21.4   MM -0.4    MM
2026 07 31 07 50 150  2.0  3.0   0.7     7   4.9 138 1014.9  28.3  29.2  21.5   MM   MM    MM
2026 07 31 07 40 140  2.0  3.0    MM    MM    MM  MM 1015.0  28.4  29.2  21.6   MM   MM    MM
2026 07 31 07 30 130  2.0  3.0    MM    MM    MM  MM 1014.9  28.4  29.2  21.5   MM   MM    MM
2026 07 31 07 20 130  2.0  3.0   0.7     7   4.9 138 1014.8  28.4  29.2  21.4   MM   MM    MM
2026 07 31 07 10 130  2.0  3.0   0.7    MM   4.9 138 1014.8  28.5  29.2  21.2   MM   MM    MM
2026 07 31 07 00 140  2.0  3.0    MM    MM    MM  MM 1014.9  28.5  29.2  21.2   MM +0.0    MM
2026 07 31 06 50 140  2.0  3.0   0.6     7   4.9 137 1014.8  28.5  29.2  21.2   MM   MM    MM
2026 07 31 06 40 150  2.0  3.0    MM    MM    MM  MM 1014.9  28.6  29.2  21.0   MM   MM    MM
2026 07 31 06 30 150  2.0  3.0    MM    MM    MM  MM 1014.7  28.5  29.2  21.0   MM   MM    MM
2026 07 31 06 20 150  2.0  3.0   0.7     7   5.0 148 1014.7  28.5  29.2  21.2   MM   MM    MM
2026 07 31 06 10 160  2.0  3.0   0.7    MM   5.0 148 1014.9  28.5  29.2  21.1   MM   MM    MM
2026 07 31 06 00 160  2.0  2.0    MM    MM    MM  MM 1015.0  28.6  29.2  21.2   MM +0.0    MM
2026 07 31 05 50 150  2.0  3.0   0.6     7   5.1 142 1015.0  28.5  29.2  21.2   MM   MM    MM
2026 07 31 05 40 150  2.0  3.0    MM    MM    MM  MM 1014.9  28.6  29.2  21.2   MM   MM    MM
2026 07 31 05 30 160  2.0  3.0    MM    MM    MM  MM 1015.0  28.6  29.2  21.3   MM   MM    MM
2026 07 31 05 20 160  2.0  3.0   0.7     7   5.1 144 1015.2  28.6  29.2  20.9   MM   MM    MM
2026 07 31 05 10 140  2.0  3.0    MM    MM    MM  MM 1015.2  28.5  29.2  21.3   MM   MM    MM
2026 07 31 05 00 160  3.0  3.0    MM    MM    MM  MM 1015.2  28.5  29.2  21.7   MM +0.8    MM
2026 07 31 04 50 150  2.0  3.0   0.7     8   5.2 144 1015.3  28.6  29.2  21.9   MM   MM    MM
2026 07 31 04 40 130  2.0  3.0    MM    MM    MM  MM 1015.2  28.5    MM  21.7   MM   MM    MM
2026 07 31 04 30 170  3.0  4.0    MM    MM    MM  MM 1015.2  28.5  29.2  21.8   MM   MM    MM
2026 07 31 04 20 130  3.0  4.0   0.7     7   5.2 141 1015.2  28.7  29.2  22.0   MM   MM    MM
2026 07 31 04 10 100  3.0  3.0    MM    MM    MM  MM 1015.2  28.7  29.2  21.5   MM   MM    MM
2026 07 31 04 00 120  2.0  3.0    MM    MM    MM  MM 1015.1  28.7  29.2  21.8   MM +1.5    MM
2026 07 31 03 50 120  2.0  3.0   0.6     7   4.9 138 1015.0  28.7  29.3  21.6   MM   MM    MM
2026 07 31 03 40 130  2.0  3.0    MM    MM    MM  MM 1015.0  28.6  29.3  21.5   MM   MM    MM
2026 07 31 03 30 130  3.0  3.0    MM    MM    MM  MM 1014.9  28.6  29.3  21.9   MM   MM    MM
2026 07 31 03 20 140  3.0  4.0   0.6     8   4.8 135 1014.9  28.5  29.3  21.9   MM   MM    MM
2026 07 31 03 10 120  3.0  4.0    MM    MM    MM  MM 1014.9  28.6  29.3  21.9   MM   MM    MM
2026 07 31 03 00 120  3.0  3.0    MM    MM    MM  MM 1014.9  28.6  29.3  21.3   MM +2.1    MM
2026 07 31 02 50 120  3.0  3.0   0.6     7   4.9 138 1014.7  28.5  29.2  21.5   MM   MM    MM
2026 07 31 02 40 120  2.0  3.0    MM    MM    MM  MM 1014.7  28.5  29.2  21.4   MM   MM    MM
2026 07 31 02 30 110  3.0  3.0    MM    MM    MM  MM 1014.7  28.5  29.2  21.4   MM   MM    MM
2026 07 31 02 20 100  3.0  3.0   0.6     8   4.7 129 1014.6  28.4  29.2  21.2   MM   MM    MM
2026 07 31 02 10 110  3.0  3.0   0.6    MM   4.7 129 1014.4  28.4  29.2  21.0   MM   MM    MM
2026 07 31 02 00 100  2.0  3.0    MM    MM    MM  MM 1014.4  28.4  29.2  20.9   MM +2.4    MM
2026 07 31 01 50 100  3.0  3.0   0.7     4   4.7  38 1014.3  28.4  29.2  20.8   MM   MM    MM
2026 07 31 01 40 100  3.0  3.0   0.7    MM   4.7  38 1014.1  28.4  29.2  20.8   MM   MM    MM
2026 07 31 01 30 100  2.0  3.0    MM    MM    MM  MM 1013.9  28.4  29.2  20.5   MM   MM    MM
2026 07 31 01 20  90  3.0  4.0   0.7     5   4.7  32 1013.8  28.4  29.2  20.1   MM   MM    MM
2026 07 31 01 10 100  3.0  4.0   0.7    MM   4.7  32 1013.8  28.4  29.3  20.3   MM   MM    MM
2026 07 31 01 00 100  3.0  4.0    MM    MM    MM  MM 1013.6  28.3  29.3  20.6   MM +1.6    MM
2026 07 31 00 50 100  4.0  5.0   0.7     5   4.8 204 1013.4  28.3  29.3  20.8   MM   MM    MM
2026 07 31 00 40 100  4.0  4.0    MM    MM    MM  MM 1013.1  28.3  29.4  21.0   MM   MM    MM
2026 07 31 00 30 100  4.0  5.0    MM    MM    MM  MM 1013.0  28.4  29.4  21.0   MM   MM    MM
2026 07 31 00 20  90  4.0  5.0   0.7     5   4.5  67 1012.8  28.5  29.3  20.7   MM   MM    MM
2026 07 31 00 10  90  4.0  5.0   0.7    MM   4.5  67 1012.8  28.6  29.4  20.2   MM   MM    MM
2026 07 31 00 00  90  3.0  4.0    MM    MM    MM  MM 1012.8  28.6  29.4  20.4   MM +0.9    MM
2026 07 30 23 50  90  4.0  5.0   0.7     5   4.6 223 1012.5  28.6  29.4  20.0   MM   MM    MM
2026 07 30 23 40  90  4.0  5.0    MM    MM    MM  MM 1012.4  28.7  29.4  19.8   MM   MM    MM
2026 07 30 23 20  80  4.0  4.0   0.8     6   4.7 192 1012.1  28.8  29.4  19.3   MM   MM    MM
2026 07 30 23 10  90  4.0  4.0   0.8    MM   4.7 192 1012.0  28.9  29.4  19.1   MM   MM    MM
2026 07 30 23 00  90  3.0  4.0    MM    MM    MM  MM 1012.0  28.9  29.4  18.9   MM +0.0    MM
2026 07 30 22 50  80  3.0  4.0   0.8     5   4.6 212 1012.0  28.9  29.4  19.4   MM   MM    MM
2026 07 30 22 40  80  3.0  4.0    MM    MM    MM  MM 1011.9  28.9  29.4  19.2   MM   MM    MM
2026 07 30 22 30  90  3.0  4.0    MM    MM    MM  MM 1012.0  28.9  29.4  19.0   MM   MM    MM
2026 07 30 22 20  80  3.0  3.0   0.8     5   4.7 213 1012.0  28.8  29.4  19.3   MM   MM    MM
2026 07 30 22 10  70  3.0  3.0    MM    MM    MM  MM 1012.0  28.9  29.4  19.2   MM   MM    MM
2026 07 30 22 00  80  2.0  3.0    MM    MM    MM  MM 1012.0  28.9  29.4  18.2   MM -0.3    MM
2026 07 30 21 50  80  2.0  3.0   0.9     5   4.5 189 1012.0  28.9  29.4  18.5   MM   MM    MM
2026 07 30 21 40  80  2.0  3.0   0.9    MM   4.5 189 1012.0  28.9  29.4  18.1   MM   MM    MM
2026 07 30 21 30  60  2.0  3.0    MM    MM    MM  MM 1012.0  28.8  29.4  18.5   MM   MM    MM
2026 07 30 21 20  60  2.0  2.0   0.9     5   4.5  42 1012.0  28.7  29.4  18.8   MM   MM    MM
2026 07 30 21 10  90  2.0  2.0   0.9    MM   4.5  42 1012.0  28.7  29.4  19.2   MM   MM    MM
2026 07 30 21 00  70  2.0  2.0    MM    MM    MM  MM 1011.9  28.6  29.4  18.4   MM -0.9    MM
2026 07 30 20 50  50  1.0  2.0   1.0     6   4.4 198 1012.0  28.4  29.4  19.4   MM   MM    MM
2026 07 30 20 40  40  2.0  3.0    MM    MM    MM  MM 1011.9  28.4  29.4  19.2   MM   MM    MM
2026 07 30 20 30  20  2.0  3.0    MM    MM    MM  MM 1011.9  28.3  29.4  19.2   MM   MM    MM
2026 07 30 20 20  20  3.0  4.0   1.0     5   4.5  34 1011.9  28.2  29.4  18.9   MM   MM    MM
2026 07 30 20 10  10  3.0  4.0   1.0    MM   4.5  34 1011.9  28.0  29.4  19.5   MM   MM    MM
2026 07 30 20 00  10  4.0  5.0    MM    MM    MM  MM 1011.9  27.9  29.4  20.7   MM -0.8    MM
2026 07 30 19 50  10  4.0  5.0   1.0     6   4.4 185 1012.0  27.8  29.4  20.6   MM   MM    MM
2026 07 30 19 40  20  4.0  5.0    MM    MM    MM  MM 1012.0  27.8  29.4  21.2   MM   MM    MM
2026 07 30 19 30  10  4.0  5.0    MM    MM    MM  MM 1012.0  27.7  29.3  21.5   MM   MM    MM
2026 07 30 19 20  10  4.0  5.0   1.1     6   4.6 183 1012.2  27.6  29.3  21.8   MM   MM    MM
2026 07 30 19 10  10  5.0  5.0    MM    MM    MM  MM 1012.2  27.6  29.3  22.1   MM   MM    MM
2026 07 30 19 00  10  5.0  6.0    MM    MM    MM  MM 1012.3  27.6  29.3  22.0   MM -0.7    MM
2026 07 30 18 50  10  5.0  7.0   1.1     6   4.6 188 1012.4  27.5  29.3  21.7   MM   MM    MM
2026 07 30 18 40  10  5.0  6.0    MM    MM    MM  MM 1012.5  27.5  29.3  22.2   MM   MM    MM
2026 07 30 18 30  10  5.0  6.0    MM    MM    MM  MM 1012.7  27.4    MM  22.1   MM   MM    MM
2026 07 30 18 20  10  5.0  6.0   1.2     7   4.7 176 1012.7  27.5  29.3  22.1   MM   MM    MM
2026 07 30 18 10  10  5.0  6.0   1.2    MM   4.7 176 1012.8  27.4  29.3  21.9   MM   MM    MM
2026 07 30 18 00  10  5.0  6.0    MM    MM    MM  MM 1012.8  27.5  29.2  22.2   MM +0.0    MM
2026 07 30 17 50  10  5.0  6.0   1.3     7   4.9 175 1012.8  27.6  29.2  22.1   MM   MM    MM
2026 07 30 17 40  10  5.0  6.0    MM    MM    MM  MM 1012.7  27.5  29.2  21.7   MM   MM    MM
2026 07 30 17 30 360  5.0  6.0    MM    MM    MM  MM 1012.8  27.5  29.2  22.0   MM   MM    MM
2026 07 30 17 20 360  5.0  7.0   1.4     6   5.0 185 1012.9  27.5  29.2  22.1   MM   MM    MM
2026 07 30 17 10 360  6.0  7.0   1.4    MM   5.0 185 1012.8  27.5  29.2  22.1   MM   MM    MM
2026 07 30 17 00  10  6.0  7.0    MM    MM    MM  MM 1012.7  27.5  29.2  22.0   MM +0.8    MM
2026 07 30 16 50 360  6.0  7.0   1.3     7   4.8 173 1012.8  27.6  29.2  22.0   MM   MM    MM
2026 07 30 16 40 360  6.0  7.0    MM    MM    MM  MM 1012.8  27.7  29.1  22.1   MM   MM    MM
2026 07 30 16 30  10  6.0  7.0    MM    MM    MM  MM 1012.9  27.7  29.2  22.1   MM   MM    MM
2026 07 30 16 20  10  6.0  7.0   1.2     7   4.8 169 1012.9  27.8  29.2  22.2   MM   MM    MM
2026 07 30 16 10  10  5.0  6.0   1.2    MM   4.8 169 1012.9  27.7  29.1  21.9   MM   MM    MM
2026 07 30 16 00  10  5.0  7.0    MM    MM    MM  MM 1013.0  27.7  29.1  22.0   MM +1.5    MM
2026 07 30 15 50  20  5.0  6.0   1.3     7   4.7 173 1013.0  27.7  29.1  22.1   MM   MM    MM
2026 07 30 15 40  20  6.0  7.0    MM    MM    MM  MM 1012.9  27.7  29.1  22.2   MM   MM    MM
2026 07 30 15 30  10  6.0  8.0    MM    MM    MM  MM 1012.8  27.8  29.1  22.4   MM   MM    MM
2026 07 30 15 20  10  6.0  7.0   1.2     6   4.6 180 1012.7  27.9  29.1  22.4   MM   MM    MM
2026 07 30 15 10  20  5.0  7.0   1.2    MM   4.6 180 1012.7  28.0  29.1  21.9   MM   MM    MM
2026 07 30 15 00  20  6.0  7.0    MM    MM    MM  MM 1012.6  28.1  29.1  21.8   MM +1.7    MM
2026 07 30 14 50  20  6.0  7.0   1.3     5   4.8  10 1012.4  28.1  29.1  22.0   MM   MM    MM
2026 07 30 14 40  20  6.0  7.0   1.3    MM   4.8  10 1012.3  28.1  29.0  21.8   MM   MM    MM
2026 07 30 14 30  20  6.0  8.0    MM    MM    MM  MM 1012.3  28.1  29.0  21.7   MM   MM    MM
2026 07 30 14 20  30  7.0  8.0   1.3     7   4.5 177 1012.2  28.1  29.1  21.7   MM   MM    MM
2026 07 30 14 10  30  7.0  8.0    MM    MM    MM  MM 1011.9  28.1  29.1  21.9   MM   MM    MM
2026 07 30 14 00  30  7.0  8.0    MM    MM    MM  MM 1011.9  28.1  29.1  21.8   MM +1.7    MM
2026 07 30 13 50  30  7.0  9.0   1.2     7   4.6 181 1011.7  28.1  29.1  21.9   MM   MM    MM
2026 07 30 13 40  30  7.0  8.0    MM    MM    MM  MM 1011.7  28.1  29.1  21.9   MM   MM    MM
2026 07 30 13 30  20  7.0  8.0    MM    MM    MM  MM 1011.7  28.1  29.0  22.0   MM   MM    MM
2026 07 30 13 20  20  7.0  8.0   1.2     5   4.4 348 1011.6  28.1  29.0  22.1   MM   MM    MM
2026 07 30 13 10  20  7.0  9.0   1.2    MM   4.4 348 1011.4  28.1  29.0  22.1   MM   MM    MM
2026 07 30 13 00  20  7.0  9.0    MM    MM    MM  MM 1011.5  28.1  29.0  22.1   MM +2.1    MM
2026 07 30 12 50  20  8.0  9.0   1.2     5   4.3 222 1011.3  28.1  29.0  22.2   MM   MM    MM
2026 07 30 12 40  20  8.0  9.0    MM    MM    MM  MM 1011.3  28.2  29.1  22.5   MM   MM    MM
2026 07 30 12 30  20  8.0  9.0    MM    MM    MM  MM 1011.2  28.2  29.0  22.6   MM   MM    MM
2026 07 30 12 20  20  8.0  9.0   1.2     6   4.4 201 1011.1  28.2  29.1  22.7   MM   MM    MM
2026 07 30 12 10  20  8.0 10.0   1.2    MM   4.4 201 1011.0  28.3  29.0  23.0   MM   MM    MM
2026 07 30 12 00  20  8.0 10.0    MM    MM    MM  MM 1010.9  28.3  29.1  22.8   MM +2.1    MM
2026 07 30 11 50  20  8.0 10.0   1.1     6   4.3 220 1010.8  28.3  29.1  22.9   MM   MM    MM
2026 07 30 11 40  20  8.0  9.0    MM    MM    MM  MM 1010.7  28.4  29.0  23.2   MM   MM    MM
2026 07 30 11 30  20  8.0 10.0    MM    MM    MM  MM 1010.4  28.4  29.1  23.1   MM   MM    MM
2026 07 30 11 20  20  8.0  9.0   1.1     6   4.4 218 1010.4  28.4  29.1  23.5   MM   MM    MM
2026 07 30 11 10  20  8.0  9.0   1.1    MM   4.4 218 1010.3  28.4  29.1  23.5   MM   MM    MM
2026 07 30 11 00  20  8.0  9.0    MM    MM    MM  MM 1010.2  28.3  29.1  23.7   MM +1.7    MM
2026 07 30 10 50  10  8.0  9.0   1.1     6   4.7 220 1009.9  28.3  29.1  24.2   MM   MM    MM
2026 07 30 10 40  10  8.0  9.0    MM    MM    MM  MM 1009.8  28.4  29.1  24.5   MM   MM    MM
2026 07 30 10 30  20  8.0  9.0    MM    MM    MM  MM 1009.8  28.4  29.1  24.3   MM   MM    MM
2026 07 30 10 20  20  7.0  8.0   1.0     6   5.2 208 1009.6  28.5  29.1  24.7   MM   MM    MM
2026 07 30 10 10  10  7.0  8.0    MM    MM    MM  MM 1009.5  28.5  29.1  24.9   MM   MM    MM
2026 07 30 10 00  10  6.0  7.0    MM    MM    MM  MM 1009.4  28.5  29.1  24.9   MM +0.8    MM
2026 07 30 09 50 340  5.0  6.0   0.9     6   5.1 216 1009.3  28.6  29.1  25.2   MM   MM    MM
2026 07 30 09 40 330  5.0  6.0    MM    MM    MM  MM 1009.1  28.5  29.1  24.6   MM   MM    MM
2026 07 30 09 30 330  4.0  5.0    MM    MM    MM  MM 1009.0  28.6  29.1  24.5   MM   MM    MM
2026 07 30 09 20 320  4.0  5.0   0.9     6   5.1 209 1008.9  28.6  29.1  24.1   MM   MM    MM
2026 07 30 09 10 330  4.0  5.0   0.9    MM   5.1 209 1008.9  28.6  29.1  23.8   MM   MM    MM
2026 07 30 09 00 330  3.0  4.0    MM    MM    MM  MM 1008.8  28.6  29.1  23.5   MM -1.1    MM
2026 07 30 08 50 340  3.0  3.0   0.8     6   4.9 218 1008.7  28.5  29.1  22.9   MM   MM    MM
2026 07 30 08 40 340  3.0  4.0    MM    MM    MM  MM 1008.7  28.5  29.1  22.5   MM   MM    MM
2026 07 30 08 30 360  2.0  3.0    MM    MM    MM  MM 1008.7  28.4  29.1  22.1   MM   MM    MM
2026 07 30 08 20 350  3.0  3.0   0.9     5   4.8 207 1008.7  28.3  29.2  21.9   MM   MM    MM
2026 07 30 08 10 350  2.0  3.0   0.9    MM   4.8 207 1008.5  28.0  29.2  21.2   MM   MM    MM
2026 07 30 08 00  20  2.0  2.0    MM    MM    MM  MM 1008.5  28.0  29.2  21.3   MM -0.7    MM
2026 07 30 07 50  50  2.0  2.0   0.8     5   4.7 208 1008.5  27.9  29.2  20.9   MM   MM    MM
2026 07 30 07 40  60  2.0  2.0    MM    MM    MM  MM 1008.7  27.8  29.2  20.8   MM   MM    MM
2026 07 30 07 30  50  2.0  2.0    MM    MM    MM  MM 1008.7  27.5  29.2  20.5   MM   MM    MM
2026 07 30 07 20  50  3.0  4.0   0.8     6   4.4 198 1008.6  27.1  29.2  20.5   MM   MM    MM
2026 07 30 07 10  60  4.0  5.0   0.8    MM   4.4 198 1008.7  26.8  29.2  20.9   MM   MM    MM
2026 07 30 07 00  40  3.0  4.0    MM    MM    MM  MM 1008.6  26.7  29.2  20.3   MM -0.8    MM
2026 07 30 06 50  50  5.0  6.0   0.8     6   4.5 195 1008.7  26.7  29.2  20.4   MM   MM    MM
2026 07 30 06 40  60  4.0  5.0    MM    MM    MM  MM 1008.8  26.4  29.2  20.4   MM   MM    MM
2026 07 30 06 30  50  7.0  8.0    MM    MM    MM  MM 1009.0  26.4  29.2  20.7   MM   MM    MM
2026 07 30 06 20  50  8.0 10.0   0.8     5   4.3 199 1009.2  24.8  29.2  22.0   MM   MM    MM
2026 07 30 06 10  50  7.0  9.0   0.8    MM   4.3 199 1009.0  23.5  29.2  21.7   MM   MM    MM
2026 07 30 06 00 350 12.0 18.0    MM    MM    MM  MM 1009.9  23.9  29.2  21.8   MM +0.6    MM
2026 07 30 05 50 300   MM   MM   1.0     6   4.6 200 1011.3  27.5    MM  23.7   MM   MM    MM
2026 07 30 05 40 230  6.0 12.0   1.0    MM   4.6 200 1009.0  29.6  29.3  27.1   MM   MM    MM
2026 07 30 05 30 230  5.0  6.0    MM    MM    MM  MM 1008.9  29.4  29.3  26.9   MM   MM    MM
2026 07 30 05 20 220  4.0  5.0   0.9     6   4.6 202 1008.9  29.3  29.3  26.7   MM   MM    MM
2026 07 30 05 10 210  4.0  5.0   0.9    MM   4.6 202 1009.3  29.4  29.3  26.6   MM   MM    MM
2026 07 30 05 00 210  4.0  5.0    MM    MM    MM  MM 1009.2  29.3  29.3  26.4   MM +0.3    MM
2026 07 30 04 50 210  4.0  5.0   0.9     6   4.6 197 1009.5  29.4  29.3  26.8   MM   MM    MM
2026 07 30 04 40 210  4.0  5.0    MM    MM    MM  MM 1009.5  29.4  29.3  26.9   MM   MM    MM
2026 07 30 04 30 200  4.0  5.0    MM    MM    MM  MM 1009.6  29.4  29.3  26.9   MM   MM    MM
2026 07 30 04 20 210  3.0  4.0   0.9     6   4.5 195 1009.7  29.4  29.3  26.7   MM   MM    MM
2026 07 30 04 10 220  2.0  3.0   0.9    MM   4.5 195 1009.4  29.5  29.3  26.7   MM   MM    MM
2026 07 30 04 00 210  3.0  3.0    MM    MM    MM  MM 1009.4  29.5  29.3  26.5   MM +1.4    MM
2026 07 30 03 50 210  3.0  3.0   0.9     6   4.5 204 1009.4  29.6  29.3  26.5   MM   MM    MM
2026 07 30 03 40 230  2.0  3.0    MM    MM    MM  MM 1009.4  29.6  29.3  26.1   MM   MM    MM
2026 07 30 03 30 250  2.0  3.0    MM    MM    MM  MM 1009.3  29.6  29.3  25.9   MM   MM    MM
2026 07 30 03 20 240  2.0  3.0   1.0     6   4.7 202 1009.3  29.5  29.3  25.7   MM   MM    MM
2026 07 30 03 10 240  3.0  3.0   1.0    MM   4.7 202 1009.3  29.6  29.3  26.1   MM   MM    MM
2026 07 30 03 00 250  3.0  4.0    MM    MM    MM  MM 1009.3  29.5  29.3  25.9   MM +1.7    MM
2026 07 30 02 50 260  3.0  4.0   1.0     6   4.7 208 1009.3  29.3  29.3  26.1   MM   MM    MM
2026 07 30 02 40 260  3.0  4.0    MM    MM    MM  MM 1009.3  29.4  29.3  27.0   MM   MM    MM
2026 07 30 02 30 260  3.0  4.0    MM    MM    MM  MM 1009.2  29.5  29.3  27.4   MM   MM    MM
2026 07 30 02 20 260  4.0  4.0   0.9     6   4.5 201 1009.0  29.5  29.3  27.3   MM   MM    MM
2026 07 30 02 10 260  3.0  4.0   0.9    MM   4.5 201 1008.8  29.5  29.3  27.4   MM   MM    MM
2026 07 30 02 00 240  4.0  4.0    MM    MM    MM  MM 1008.9  29.5  29.3  27.3   MM +1.4    MM
2026 07 30 01 50 230  4.0  5.0   1.0     6   4.5 207 1008.7  29.5  29.3  27.1   MM   MM    MM
2026 07 30 01 40 240  4.0  5.0    MM    MM    MM  MM 1008.6  29.6  29.3  27.1   MM   MM    MM
2026 07 30 01 30 240  5.0  5.0    MM    MM    MM  MM 1008.4  29.6  29.3  26.8   MM   MM    MM
2026 07 30 01 20 240  5.0  6.0   1.1     6   4.5 198 1008.2  29.5  29.3  26.7   MM   MM    MM
2026 07 30 01 10 230  5.0  6.0   1.1    MM   4.5 198 1008.1  29.3  29.3  27.1   MM   MM    MM
2026 07 30 01 00 230  5.0  7.0    MM    MM    MM  MM 1008.0  29.4  29.3  27.6   MM +1.0    MM
2026 07 30 00 50 220  6.0  7.0   1.0     6   4.6 204 1008.0  29.5  29.3  27.7   MM   MM    MM
2026 07 30 00 40 220  6.0  7.0    MM    MM    MM  MM 1008.0  29.5  29.4  27.6   MM   MM    MM
2026 07 30 00 30 230  6.0  7.0    MM    MM    MM  MM 1007.8  29.5  29.4  27.3   MM   MM    MM
2026 07 30 00 20 230  6.0  7.0   1.0     6   4.6 220 1007.7  29.5  29.4  27.1   MM   MM    MM
2026 07 30 00 10 230  5.0  6.0   1.0    MM   4.6 220 1007.8  29.6  29.4  27.0   MM   MM    MM
2026 07 30 00 00 220  6.0  7.0    MM    MM    MM  MM 1007.6  29.7  29.4  26.7   MM +0.4    MM
2026 07 29 23 50 220  6.0  7.0   1.0     6   4.6 210 1007.7  29.7  29.5  26.4   MM   MM    MM
2026 07 29 23 40 230  6.0  7.0    MM    MM    MM  MM 1007.6  29.7  29.5  26.2   MM   MM    MM
2026 07 29 23 10 230  6.0  8.0   1.1    MM   4.7 206 1007.5  29.7  29.5  26.0   MM   MM    MM
2026 07 29 23 00 230  7.0  8.0    MM    MM    MM  MM 1007.5  29.6  29.5  25.7   MM -0.0    MM
2026 07 29 22 50 230  6.0  8.0   1.0     6   4.7 210 1007.4  29.7  29.6  25.6   MM   MM    MM
2026 07 29 22 40 220  6.0  7.0    MM    MM    MM  MM 1007.3  29.8  29.6  25.0   MM   MM    MM
2026 07 29 22 30 230  5.0  7.0    MM    MM    MM  MM 1007.0  29.8  29.7  24.8   MM   MM    MM
2026 07 29 22 20 230  5.0  6.0   1.0     6   4.8 207 1007.1  29.9  29.7  24.9   MM   MM    MM
2026 07 29 22 10 230  5.0  6.0    MM    MM    MM  MM 1007.2  29.8  29.7  24.6   MM   MM    MM
2026 07 29 22 00 220  5.0  6.0    MM    MM    MM  MM 1007.0  29.8  29.7  24.6   MM -0.9    MM
2026 07 29 21 50 220  5.0  6.0   1.0     6   4.8 220 1007.1  29.8  29.7  24.4   MM   MM    MM
2026 07 29 21 40 220  5.0  6.0    MM    MM    MM  MM 1007.0  29.7  29.7  24.3   MM   MM    MM
2026 07 29 21 30 220  5.0  5.0    MM    MM    MM  MM 1007.1  29.6  29.7  24.0   MM   MM    MM
2026 07 29 21 20 220  4.0  5.0   1.0     6   4.9 217 1007.1  29.7  29.8  24.1   MM   MM    MM
2026 07 29 21 10 220  4.0  5.0   1.0    MM   4.9 217 1007.1  29.6  29.7  23.8   MM   MM    MM
2026 07 29 21 00 220  4.0  5.0    MM    MM    MM  MM 1007.2  29.6  29.8  23.8   MM -1.0    MM
2026 07 29 20 50 220  4.0  5.0   1.1     6   5.0 216 1007.4  29.6  29.7  23.6   MM   MM    MM
2026 07 29 20 40 220  4.0  5.0    MM    MM    MM  MM 1007.3  29.6  29.8  23.8   MM   MM    MM
2026 07 29 20 30 220  4.0  5.0    MM    MM    MM  MM 1007.4  29.5  29.7  23.6   MM   MM    MM
2026 07 29 20 20 220  4.0  5.0   1.1     6   5.1 215 1007.5  29.5  29.8  23.4   MM   MM    MM
2026 07 29 20 10 220  4.0  4.0   1.1    MM   5.1 215 1007.5  29.5  29.7  23.3   MM   MM    MM
2026 07 29 20 00 230  3.0  4.0    MM    MM    MM  MM 1007.6  29.5  29.6  23.2   MM -0.8    MM
2026 07 29 19 50 240  3.0  4.0   1.1     6   5.1 210 1007.8  29.5  29.5  23.2   MM   MM    MM
2026 07 29 19 40 250  3.0  4.0    MM    MM    MM  MM 1007.8  29.4    MM  23.1   MM   MM    MM
2026 07 29 19 30 250  3.0  3.0    MM    MM    MM  MM 1007.8  29.3  29.5  23.4   MM   MM    MM
2026 07 29 19 20 260  3.0  3.0   1.0     6   4.9 210 1007.9  29.3  29.5  23.3   MM   MM    MM
2026 07 29 19 10 260  2.0  3.0   1.0    MM   4.9 210 1007.9  29.3  29.6  23.4   MM   MM    MM
2026 07 29 19 00 270  3.0  4.0    MM    MM    MM  MM 1007.9  29.3  29.6  23.4   MM -0.5    MM
2026 07 29 18 50 260  3.0  3.0   1.0     6   4.9 221 1007.9  29.2  29.4  23.6   MM   MM    MM
2026 07 29 18 40 270  2.0  3.0    MM    MM    MM  MM 1008.0  29.2  29.4  23.5   MM   MM    MM
2026 07 29 18 30 280  2.0  3.0    MM    MM    MM  MM 1008.1  29.2  29.4  23.5   MM   MM    MM
2026 07 29 18 20 280  2.0  3.0   1.1     6   4.9 209 1008.1  29.2  29.4  23.6   MM   MM    MM
2026 07 29 18 10 280  2.0  3.0   1.1    MM   4.9 209 1008.2  29.2  29.4  23.6   MM   MM    MM
2026 07 29 18 00 290  2.0  3.0    MM    MM    MM  MM 1008.2  29.3  29.3  23.0   MM +0.0    MM
2026 07 29 17 50 290  2.0  3.0   1.1     6   4.8 219 1008.3  29.3  29.3  22.9   MM   MM    MM
2026 07 29 17 40 280  2.0  3.0    MM    MM    MM  MM 1008.4  29.3  29.3  22.4   MM   MM    MM
2026 07 29 17 30 290  2.0  3.0    MM    MM    MM  MM 1008.3  29.3  29.3  22.5   MM   MM    MM
2026 07 29 17 20 300  2.0  3.0   1.1     6   4.8 213 1008.4  29.3  29.3  22.6   MM   MM    MM
2026 07 29 17 10 310  3.0  3.0   1.1    MM   4.8 213 1008.3  29.2  29.2  22.6   MM   MM    MM
2026 07 29 17 00 310  3.0  4.0    MM    MM    MM  MM 1008.4  29.0  29.2  23.2   MM +0.6    MM
2026 07 29 16 50 290  4.0  5.0   1.0     6   4.6 216 1008.4  29.1  29.2  24.0   MM   MM    MM
2026 07 29 16 40 300  4.0  4.0    MM    MM    MM  MM 1008.5  29.1  29.2  23.9   MM   MM    MM
2026 07 29 16 30 300  4.0  5.0    MM    MM    MM  MM 1008.4  29.1  29.2  24.0   MM   MM    MM
2026 07 29 16 20 290  4.0  5.0   1.2     6   4.6 217 1008.4  29.1  29.1  24.1   MM   MM    MM
2026 07 29 16 10 290  4.0  5.0    MM    MM    MM  MM 1008.5  29.1  29.1  24.0   MM   MM    MM
2026 07 29 16 00 290  5.0  5.0    MM    MM    MM  MM 1008.4  29.1  29.1  24.1   MM +1.2    MM
2026 07 29 15 50 290  5.0  6.0   1.2     6   4.4 219 1008.5  29.2  29.0  24.3   MM   MM    MM
2026 07 29 15 40 290  5.0  6.0    MM    MM    MM  MM 1008.5  29.2  29.0  24.1   MM   MM    MM
2026 07 29 15 30 290  5.0  6.0    MM    MM    MM  MM 1008.4  29.1  29.0  23.9   MM   MM    MM
2026 07 29 15 20 290  6.0  7.0   1.3     6   4.6 218 1008.4  29.1  29.0  24.3   MM   MM    MM
2026 07 29 15 10 280  6.0  7.0   1.3    MM   4.6 218 1008.3  29.1  29.0  24.3   MM   MM    MM
2026 07 29 15 00 280  6.0  7.0    MM    MM    MM  MM 1008.4  29.2  29.0  24.4   MM +2.0    MM
2026 07 29 14 50 280  6.0  8.0   1.2     6   4.4 217 1008.3  29.1  29.0  24.2   MM   MM    MM
2026 07 29 14 40 280  7.0  8.0    MM    MM    MM  MM 1008.1  29.2  29.0  24.4   MM   MM    MM
2026 07 29 14 30 290  7.0  8.0    MM    MM    MM  MM 1008.0  29.2  28.9  24.1   MM   MM    MM
2026 07 29 14 20 280  7.0  8.0   1.3     6   4.4 220 1007.9  29.2  28.9  24.0   MM   MM    MM
2026 07 29 14 10 280  7.0  8.0    MM    MM    MM  MM 1007.8  29.3  28.9  24.3   MM   MM    MM
2026 07 29 14 00 280  8.0  9.0    MM    MM    MM  MM 1007.8  29.3  28.9  24.4   MM +1.9    MM
2026 07 29 13 50 280  8.0 10.0   1.4     6   4.5 218 1007.8  29.3  28.9  24.3   MM   MM    MM
2026 07 29 13 40 280  8.0  9.0    MM    MM    MM  MM 1007.8  29.3  28.9  24.5   MM   MM    MM
2026 07 29 13 30 280  8.0 10.0    MM    MM    MM  MM 1007.6  29.5  28.9  24.5   MM   MM    MM
2026 07 29 13 20 280  8.0 10.0   1.3     6   4.4 215 1007.4  29.5  28.9  24.4   MM   MM    MM
2026 07 29 13 10 280  8.0 10.0   1.3    MM   4.4 215 1007.4  29.7  28.9  24.5   MM   MM    MM
2026 07 29 13 00 280  8.0 10.0    MM    MM    MM  MM 1007.2  29.7  28.9  24.4   MM +1.7    MM
2026 07 29 12 50 280  8.0 10.0   1.3     6   4.4 232 1007.2  29.7  28.9  24.5   MM   MM    MM
2026 07 29 12 40 280  9.0 10.0    MM    MM    MM  MM 1007.1  29.8  28.9  24.5   MM   MM    MM
2026 07 29 12 30 270  9.0 10.0    MM    MM    MM  MM 1006.9  29.9  28.9  24.8   MM   MM    MM
2026 07 29 12 20 270  9.0 10.0   1.3     6   4.4 225 1006.8  29.9    MM  24.6   MM   MM    MM
2026 07 29 12 10 270  9.0 10.0   1.3    MM   4.4 225 1006.6  29.9  28.9  25.0   MM   MM    MM
2026 07 29 12 00 270  9.0 11.0    MM    MM    MM  MM 1006.4  29.9  28.9  25.5   MM +1.1    MM
2026 07 29 11 50 270  8.0 11.0   1.4     6   4.5 236 1006.2  29.8  28.9  26.1   MM   MM    MM
2026 07 29 11 40 260  9.0 10.0   1.4    MM   4.5 236 1006.2  29.8  28.9  26.3   MM   MM    MM
2026 07 29 11 30 260  9.0 11.0    MM    MM    MM  MM 1006.1  29.8  28.9  26.5   MM   MM    MM
2026 07 29 11 20 260  9.0 11.0   1.4     6   4.5 222 1006.1  29.7  28.9  26.7   MM   MM    MM
2026 07 29 11 10 250  8.0 10.0   1.4    MM   4.5 222 1006.0  29.7    MM  27.1   MM   MM    MM
2026 07 29 11 00 250  8.0  9.0    MM    MM    MM  MM 1005.9  29.8  28.9  27.1   MM +0.3    MM
2026 07 29 10 50 250  9.0 10.0   1.3     6   4.4 228 1005.7  29.8  28.9  27.0   MM   MM    MM
2026 07 29 10 40 250  9.0 10.0    MM    MM    MM  MM 1005.8  29.8  28.9  27.0   MM   MM    MM
2026 07 29 10 30 250  8.0 10.0    MM    MM    MM  MM 1005.7  29.7  28.9  27.0   MM   MM    MM
2026 07 29 10 20 250  8.0 10.0   1.4     6   4.6 228 1005.6  29.8  28.9  27.1   MM   MM    MM
2026 07 29 10 10 240  8.0 10.0   1.4    MM   4.6 228 1005.4  29.8  28.9  26.9   MM   MM    MM
2026 07 29 10 00 240  8.0  9.0    MM    MM    MM  MM 1005.5  29.8  28.9  27.1   MM -0.6    MM
2026 07 29 09 50 250  8.0 10.0   1.4     6   4.6 219 1005.4  29.8  28.9  27.1   MM   MM    MM
2026 07 29 09 40 240  8.0 10.0    MM    MM    MM  MM 1005.4  29.8  28.9  27.0   MM   MM    MM
2026 07 29 09 30 240  8.0 10.0    MM    MM    MM  MM 1005.4  29.8  28.9  27.0   MM   MM    MM
2026 07 29 09 20 240  8.0 10.0   1.4     6   4.6 212 1005.5  29.7  28.9  27.2   MM   MM    MM
2026 07 29 09 10 240  8.0  9.0   1.4    MM   4.6 212 1005.4  29.7  28.9  27.3   MM   MM    MM
2026 07 29 09 00 240  8.0  9.0    MM    MM    MM  MM 1005.3  29.6  28.9  27.3   MM -1.0    MM
2026 07 29 08 50 240  8.0 10.0   1.5    MM   4.6 220 1005.5  29.6  28.9  27.3   MM   MM    MM
2026 07 29 08 40  MM   MM   MM   1.5     6   4.6 220     MM    MM    MM    MM   MM   MM    MM
2026 07 29 08 30 230  9.0 11.0    MM    MM    MM  MM 1005.5  29.5  29.0  27.3   MM   MM    MM
2026 07 29 08 20 230  9.0 10.0   1.5     6   4.6 212 1005.5  29.5    MM  27.4   MM   MM    MM
2026 07 29 08 10 230  9.0 11.0    MM    MM    MM  MM 1005.5  29.5    MM  27.4   MM   MM    MM
2026 07 29 08 00 230  9.0 10.0    MM    MM    MM  MM 1005.6  29.4  29.0  27.3   MM -0.5    MM
2026 07 29 07 50 230  9.0 10.0   1.5     6   4.6 220 1005.6  29.4  29.0  27.4   MM   MM    MM
2026 07 29 07 40 230  8.0 10.0    MM    MM    MM  MM 1005.6  29.5  29.0  27.5   MM   MM    MM
2026 07 29 07 30 230  9.0 11.0    MM    MM    MM  MM 1005.7  29.5  29.0  27.3   MM   MM    MM
2026 07 29 07 20 230  9.0 10.0   1.5     6   4.6 223 1005.8  29.6  29.0  27.4   MM   MM    MM
2026 07 29 07 10 230  9.0 11.0   1.5    MM   4.6 223 1005.9  29.6  29.0  27.3   MM   MM    MM
2026 07 29 07 00 230  9.0 11.0    MM    MM    MM  MM 1006.1  29.6  29.0  27.3   MM -0.3    MM
2026 07 29 06 50 230  8.0 10.0   1.6     6   4.7 223 1005.9  29.7  29.0  27.3   MM   MM    MM
2026 07 29 06 40 230  9.0 11.0   1.6    MM   4.7 223 1006.0  29.8  29.0  27.2   MM   MM    MM
2026 07 29 06 30 230  9.0 11.0    MM    MM    MM  MM 1005.9  29.7  29.0  27.1   MM   MM    MM
2026 07 29 06 20 230  9.0 11.0   1.6     6   4.7 223 1006.1  29.7  29.0  27.1   MM   MM    MM
2026 07 29 06 10 230  9.0 11.0   1.6    MM   4.7 223 1006.0  29.7  29.0  27.1   MM   MM    MM
2026 07 29 06 00 230  9.0 11.0    MM    MM    MM  MM 1006.3  29.7  29.0  27.1   MM -0.9    MM
2026 07 29 05 50 230 10.0 12.0   1.6     6   4.6 217 1006.3  29.7  29.0  27.1   MM   MM    MM
2026 07 29 05 40 230  9.0 11.0   1.6    MM   4.6 217 1006.2  29.7  29.0  27.2   MM   MM    MM
2026 07 29 05 30 230 10.0 11.0    MM    MM    MM  MM 1006.3  29.7  29.0  27.1   MM   MM    MM
2026 07 29 05 20 230 10.0 12.0   1.6     6   4.5 217 1006.5  29.7  29.0  27.1   MM   MM    MM
2026 07 29 05 10 230 10.0 12.0   1.6    MM   4.5 217 1006.2  29.6  29.0  27.0   MM   MM    MM
2026 07 29 05 00 220 10.0 13.0    MM    MM    MM  MM 1006.1  29.6  29.0  26.9   MM -1.3    MM
2026 07 29 04 50 220 10.0 12.0   1.5     6   4.5 210 1005.9  29.6  29.0  26.9   MM   MM    MM
2026 07 29 04 40 220 10.0 12.0    MM    MM    MM  MM 1006.2  29.6  29.0  27.0   MM   MM    MM
2026 07 29 04 30 220 11.0 12.0    MM    MM    MM  MM 1006.3  29.7  29.0  26.9   MM   MM    MM
2026 07 29 04 20 220 10.0 13.0   1.4     5   4.4 209 1006.3  29.7  29.0  26.8   MM   MM    MM
2026 07 29 04 10 220 10.0 13.0   1.4    MM   4.4 209 1006.3  29.7  29.1  26.7   MM   MM    MM
2026 07 29 04 00 220 10.0 12.0    MM    MM    MM  MM 1006.4  29.7  29.1  26.6   MM -1.1    MM
2026 07 29 03 50 220 10.0 12.0   1.4     5   4.3 210 1006.5  29.6  29.1  26.6   MM   MM    MM
2026 07 29 03 40 220 10.0 12.0    MM    MM    MM  MM 1006.6  29.5  29.1  26.7   MM   MM    MM
2026 07 29 03 30 220 10.0 12.0    MM    MM    MM  MM 1006.8  29.4  29.1  26.7   MM   MM    MM
2026 07 29 03 20 220 10.0 13.0   1.3     5   4.3 215 1007.0  29.4  29.1  26.8   MM   MM    MM
2026 07 29 03 10 210 10.0 12.0   1.3    MM   4.3 215 1007.1  29.3  29.1  26.7   MM   MM    MM
2026 07 29 03 00 210 10.0 12.0    MM    MM    MM  MM 1007.2  29.3  29.1  26.9   MM +0.0    MM
2026 07 29 02 50 220 10.0 12.0   1.3     5   4.2 216 1007.4  29.2  29.1  26.8   MM   MM    MM
2026 07 29 02 40 210  9.0 12.0    MM    MM    MM  MM 1007.5  29.3  29.1  27.0   MM   MM    MM
2026 07 29 02 30 210 10.0 11.0    MM    MM    MM  MM 1007.4  29.3  29.1  26.9   MM   MM    MM
2026 07 29 02 20 210 10.0 12.0   1.3     5   4.2 216 1007.4  29.2  29.1  26.8   MM   MM    MM
2026 07 29 02 10 210 10.0 12.0   1.3    MM   4.2 216 1007.4  29.2  29.1  26.8   MM   MM    MM
2026 07 29 02 00 200 10.0 12.0    MM    MM    MM  MM 1007.4  29.2  29.1  26.8   MM +0.0    MM
2026 07 29 01 50 200 10.0 12.0   1.2     5   4.0 220 1007.4  29.2  29.1  26.9   MM   MM    MM
2026 07 29 01 40 200  9.0 11.0    MM    MM    MM  MM 1007.4  29.2  29.1  27.0   MM   MM    MM
2026 07 29 01 30 200 10.0 11.0    MM    MM    MM  MM 1007.4  29.1  29.1  26.9   MM   MM    MM
2026 07 29 01 20 200  9.0 11.0   1.1     5   4.0 216 1007.4  29.1  29.1  27.0   MM   MM    MM
2026 07 29 01 10 200  9.0 11.0   1.1    MM   4.0 216 1007.5  29.1  29.1  27.2   MM   MM    MM
2026 07 29 01 00 200  8.0 10.0    MM    MM    MM  MM 1007.5  29.1  29.1  27.3   MM +0.0    MM
2026 07 29 00 50 200  9.0 11.0   1.1     5   3.8 217 1007.4  29.0  29.1  27.1   MM   MM    MM
2026 07 29 00 40 200  8.0 10.0    MM    MM    MM  MM 1007.4  29.0  29.1  27.2   MM   MM    MM
2026 07 29 00 30 200  9.0 11.0    MM    MM    MM  MM 1007.2  29.1  29.1  27.2   MM   MM    MM
2026 07 29 00 20 200  9.0 11.0   1.0     4   3.8 218 1007.3  29.0  29.1  27.0   MM   MM    MM
2026 07 29 00 10 200  9.0 11.0    MM    MM    MM  MM 1007.3  29.1  29.1  27.1   MM   MM    MM
2026 07 29 00 00 200  9.0 10.0    MM    MM    MM  MM 1007.3  29.1  29.1  27.1   MM -0.5    MM
2026 07 28 23 50 200  9.0 11.0   0.9     4   3.6 221 1007.5  29.1  29.1  26.9   MM   MM    MM
2026 07 28 23 40 200  9.0 11.0    MM    MM    MM  MM 1007.5  29.2  29.2  27.0   MM   MM    MM
2026 07 28 23 10 200  9.0 12.0   0.8    MM   3.5 220 1007.5  29.3  29.2  26.4   MM   MM    MM
2026 07 28 23 00 200  9.0 11.0    MM    MM    MM  MM 1007.5  29.3  29.2  26.4   MM -1.0    MM
2026 07 28 22 50 200  9.0 11.0   0.8     3   3.5 226 1007.4  29.3  29.2  26.6   MM   MM    MM
2026 07 28 22 40 200  9.0 10.0    MM    MM    MM  MM 1007.4  29.4  29.2  26.4   MM   MM    MM
2026 07 28 22 30 200  8.0 10.0    MM    MM    MM  MM 1007.5  29.4  29.2  26.1   MM   MM    MM
2026 07 28 22 20 200  8.0 10.0   0.6     4   3.5 233 1007.4  29.5  29.2  26.2   MM   MM    MM
2026 07 28 22 10 210  8.0  9.0   0.6    MM   3.5 233 1007.5  29.5  29.3  26.0   MM   MM    MM
2026 07 28 22 00 200  8.0  9.0    MM    MM    MM  MM 1007.7  29.5  29.3  26.1   MM -1.8    MM
2026 07 28 21 50 210  8.0 10.0   0.7     3   3.5 234 1007.9  29.5  29.3  26.0   MM   MM    MM
2026 07 28 21 40 210  8.0  9.0    MM    MM    MM  MM 1008.0  29.5  29.3  26.0   MM   MM    MM
2026 07 28 21 30 210  7.0  9.0    MM    MM    MM  MM 1008.0  29.6  29.3  26.0   MM   MM    MM
2026 07 28 21 20 200  7.0  9.0   0.6     3   3.5 229 1007.7  29.6  29.3  25.7   MM   MM    MM
2026 07 28 21 10 200  7.0  9.0   0.6    MM   3.5 229 1007.8  29.5  29.3  25.6   MM   MM    MM
2026 07 28 21 00 210  7.0  8.0    MM    MM    MM  MM 1007.8  29.5  29.3  25.7   MM -2.4    MM
2026 07 28 20 50 210  7.0  8.0   0.6     3   3.5 232 1008.0  29.5  29.3  25.7   MM   MM    MM
2026 07 28 20 40 210  6.0  8.0    MM    MM    MM  MM 1008.2  29.5  29.4  25.8   MM   MM    MM
2026 07 28 20 30 210  7.0  8.0    MM    MM    MM  MM 1008.1  29.5  29.4  25.9   MM   MM    MM
2026 07 28 20 20 200  6.0  8.0   0.5     3   3.6 239 1008.3  29.5  29.3  26.0   MM   MM    MM
2026 07 28 20 10 200  6.0  8.0   0.5    MM   3.6 239 1008.3  29.5  29.4  26.0   MM   MM    MM
2026 07 28 20 00 210  6.0  7.0    MM    MM    MM  MM 1008.5  29.5  29.3  25.9   MM -1.2    MM
2026 07 28 19 50 210  6.0  7.0   0.5     3   3.4 246 1008.7  29.5  29.3  25.9   MM   MM    MM
2026 07 28 19 40 220  6.0  7.0    MM    MM    MM  MM 1008.8  29.5  29.3  25.7   MM   MM    MM
2026 07 28 19 30 220  6.0  6.0    MM    MM    MM  MM 1009.1  29.5  29.3  25.7   MM   MM    MM
2026 07 28 19 20 220  6.0  7.0   0.5     8   3.5 112 1009.1  29.5  29.3  25.7   MM   MM    MM
2026 07 28 19 10 220  6.0  6.0   0.5    MM   3.5 112 1009.2  29.5  29.3  25.7   MM   MM    MM
2026 07 28 19 00 220  6.0  7.0    MM    MM    MM  MM 1009.5  29.5  29.3  25.6   MM -0.6    MM
2026 07 28 18 50 220  6.0  6.0   0.5     8   3.8 112 1009.7  29.5  29.3  25.7   MM   MM    MM
2026 07 28 18 40 220  5.0  6.0    MM    MM    MM  MM 1009.9  29.5  29.3  25.6   MM   MM    MM
2026 07 28 18 30 220  6.0  7.0    MM    MM    MM  MM 1009.8  29.5  29.3  25.6   MM   MM    MM
2026 07 28 18 20 220  6.0  7.0   0.5     8   3.8 124 1009.9  29.4  29.3  25.6   MM   MM    MM
2026 07 28 18 10 220  6.0  7.0   0.5    MM   3.8 124 1010.2  29.4  29.3  25.8   MM   MM    MM
2026 07 28 18 00 220  5.0  6.0    MM    MM    MM  MM 1010.2  29.3  29.3  25.8   MM +0.4    MM
2026 07 28 17 50 220  5.0  6.0   0.5     8   3.7 137 1010.2  29.3  29.3  25.9   MM   MM    MM
2026 07 28 17 40 220  5.0  6.0    MM    MM    MM  MM 1010.2  29.3  29.2  25.9   MM   MM    MM
2026 07 28 17 30 220  5.0  6.0    MM    MM    MM  MM 1010.2  29.3  29.2  26.1   MM   MM    MM
2026 07 28 17 20 210  5.0  6.0   0.5     3   3.5 238 1009.9  29.2  29.2  26.0   MM   MM    MM
2026 07 28 17 10 200  6.0  7.0   0.5    MM   3.5 238 1009.8  29.2  29.2  26.3   MM   MM    MM
2026 07 28 17 00 200  6.0  7.0    MM    MM    MM  MM 1009.7  29.1  29.2  26.2   MM +0.0    MM
2026 07 28 16 50 200  6.0  7.0   0.4     8   3.9 112 1009.7  29.1  29.2  26.3   MM   MM    MM
2026 07 28 16 40 200  6.0  7.0    MM    MM    MM  MM 1009.7  29.1  29.2  26.2   MM   MM    MM
2026 07 28 16 30 210  5.0  6.0    MM    MM    MM  MM 1009.9  29.1  29.2  26.2   MM   MM    MM
2026 07 28 16 20 210  5.0  6.0   0.4     8   4.0 123 1010.0  29.1  29.1  26.2   MM   MM    MM
2026 07 28 16 10 210  5.0  6.0    MM    MM    MM  MM 1010.1  29.1  29.1  26.1   MM   MM    MM
2026 07 28 16 00 210  5.0  5.0    MM    MM    MM  MM 1010.1  29.0  29.1  25.8   MM -0.0    MM
2026 07 28 15 50 210  4.0  6.0   0.4     8   4.1 122 1010.2  29.1  29.1  26.1   MM   MM    MM
2026 07 28 15 40 210  5.0  6.0    MM    MM    MM  MM 1010.2  29.1  29.1  26.0   MM   MM    MM
2026 07 28 15 30 220  5.0  5.0    MM    MM    MM  MM 1010.3  29.1  29.1  25.8   MM   MM    MM
2026 07 28 15 20 230  4.0  5.0   0.5     8   4.0 112 1010.3  29.1  29.0  25.9   MM   MM    MM
2026 07 28 15 10 230  5.0  6.0   0.5    MM   4.0 112 1010.1  29.0  29.0  25.8   MM   MM    MM
2026 07 28 15 00 220  5.0  6.0    MM    MM    MM  MM 1009.8  29.0  29.0  25.7   MM -0.3    MM
2026 07 28 14 50 220  5.0  6.0   0.4     8   4.2 131 1009.7  29.0  29.0  25.7   MM   MM    MM
2026 07 28 14 40 220  5.0  6.0    MM    MM    MM  MM 1009.6  28.9  29.0  25.6   MM   MM    MM
2026 07 28 14 30 220  4.0  5.0    MM    MM    MM  MM 1009.6  28.9  28.9  25.7   MM   MM    MM
2026 07 28 14 20 230  4.0  5.0   0.4     8   4.0 117 1009.6  28.9  28.9  25.8   MM   MM    MM
2026 07 28 14 10 230  4.0  5.0   0.4    MM   4.0 117 1009.7  28.9  28.9  25.8   MM   MM    MM
2026 07 28 14 00 240  4.0  5.0    MM    MM    MM  MM 1009.7  28.9  28.9  25.7   MM +0.0    MM
2026 07 28 13 50 250  4.0  4.0   0.4     8   3.9 115 1009.9  28.9  28.9  25.9   MM   MM    MM
2026 07 28 13 40 250  4.0  5.0    MM    MM    MM  MM 1009.9  28.9  28.9  26.0   MM   MM    MM
2026 07 28 13 30 250  4.0  5.0    MM    MM    MM  MM 1009.8  28.9  28.9  25.9   MM   MM    MM
2026 07 28 13 20 240  4.0  5.0   0.4     8   4.0 117 1009.9  28.9  28.9  25.7   MM   MM    MM
2026 07 28 13 10 230  5.0  6.0   0.4    MM   4.0 117 1009.8  28.9  28.8  25.6   MM   MM    MM
2026 07 28 13 00 240  5.0  6.0    MM    MM    MM  MM 1009.9  29.0  28.8  25.6   MM +0.4    MM
2026 07 28 12 50 240  5.0  5.0   0.4     8   3.9 118 1009.9  29.0  28.8  25.3   MM   MM    MM
2026 07 28 12 40 240  5.0  5.0    MM    MM    MM  MM 1009.9  29.0  28.8  25.3   MM   MM    MM
2026 07 28 12 30 250  4.0  5.0    MM    MM    MM  MM 1010.0  29.0  28.8  25.3   MM   MM    MM
2026 07 28 12 20 250  4.0  5.0   0.4     8   4.2 133 1010.1  28.9  28.8  25.4   MM   MM    MM
2026 07 28 12 10 240  4.0  5.0   0.4    MM   4.2 133 1010.1  28.9  28.8  25.4   MM   MM    MM
2026 07 28 12 00 240  4.0  5.0    MM    MM    MM  MM 1010.1  28.8  28.8  25.2   MM +0.9    MM
2026 07 28 11 50 250  4.0  5.0   0.4     8   4.2 114 1010.1  28.8  28.8  25.2   MM   MM    MM
2026 07 28 11 40 250  4.0  5.0    MM    MM    MM  MM 1010.0  28.8  28.8  25.2   MM   MM    MM
2026 07 28 11 30 250  4.0  5.0    MM    MM    MM  MM 1010.0  28.8  28.8  25.2   MM   MM    MM
2026 07 28 11 20 250  4.0  5.0   0.4     8   4.2 136 1009.9  28.7  28.8  25.4   MM   MM    MM
2026 07 28 11 10 260  4.0  5.0    MM    MM    MM  MM 1009.9  28.7  28.8  25.4   MM   MM    MM
2026 07 28 11 00 260  4.0  5.0    MM    MM    MM  MM 1009.8  28.8  28.8  25.3   MM +0.5    MM
2026 07 28 10 50 260  4.0  5.0   0.4     8   4.4 124 1009.8  28.7  28.8  25.0   MM   MM    MM
2026 07 28 10 40 260  4.0  5.0    MM    MM    MM  MM 1009.6  28.7  28.8  25.0   MM   MM    MM
2026 07 28 10 30 260  4.0  5.0    MM    MM    MM  MM 1009.6  28.6  28.8  25.0   MM   MM    MM
2026 07 28 10 20 260  4.0  5.0   0.4     8   4.4  94 1009.6  28.6  28.8  25.3   MM   MM    MM
2026 07 28 10 10 260  5.0  6.0   0.4    MM   4.4  94 1009.4  28.5  28.8  25.2   MM   MM    MM
2026 07 28 10 00 250  5.0  6.0    MM    MM    MM  MM 1009.5  28.5  28.8  25.4   MM -0.4    MM
2026 07 28 09 50 240  5.0  6.0   0.4     8   4.6 108 1009.5  28.5  28.8  25.5   MM   MM    MM
2026 07 28 09 40 230  4.0  5.0    MM    MM    MM  MM 1009.3  28.4  28.8  25.5   MM   MM    MM
2026 07 28 09 30 230  4.0  5.0    MM    MM    MM  MM 1009.2  28.4  28.9  25.6   MM   MM    MM
2026 07 28 09 20 220  4.0  5.0   0.4     8   4.7  95 1009.1  28.4  28.9  25.6   MM   MM    MM
2026 07 28 09 10 230  4.0  5.0   0.4    MM   4.7  95 1009.1  28.5  28.9  25.6   MM   MM    MM
2026 07 28 09 00 220  4.0  5.0    MM    MM    MM  MM 1009.2  28.5  28.9  25.5   MM -1.0    MM
2026 07 28 08 50 230  4.0  4.0   0.4     8   4.6 113 1009.2  28.5  28.9  25.4   MM   MM    MM
2026 07 28 08 40 240  4.0  4.0   0.4    MM   4.6 113 1009.3  28.4  28.9  25.2   MM   MM    MM
2026 07 28 08 30 230  4.0  5.0    MM    MM    MM  MM 1009.2  28.4  28.9  25.4   MM   MM    MM
2026 07 28 08 20 230  4.0  5.0   0.4     8   5.1 113 1009.2  28.4  28.9  25.3   MM   MM    MM
2026 07 28 08 10 240  4.0  5.0    MM    MM    MM  MM 1009.3  28.4  28.9  25.4   MM   MM    MM
2026 07 28 08 00 240  4.0  4.0    MM    MM    MM  MM 1009.3  28.4  28.9  25.3   MM -0.9    MM
2026 07 28 07 50 240  4.0  4.0   0.4     5   4.8 137 1009.3  28.4  28.9  25.2   MM   MM    MM
2026 07 28 07 40 240  4.0  4.0    MM    MM    MM  MM 1009.5  28.4  28.9  25.3   MM   MM    MM
2026 07 28 07 30 240  4.0  4.0    MM    MM    MM  MM 1009.5  28.3  29.0  25.1   MM   MM    MM
2026 07 28 07 20 230  4.0  4.0   0.4     8   5.0 112 1009.5  28.3  29.0  25.0   MM   MM    MM
2026 07 28 07 10 240  4.0  4.0   0.4    MM   5.0 112 1009.6  28.3  29.0  25.1   MM   MM    MM
2026 07 28 07 00 230  4.0  5.0    MM    MM    MM  MM 1009.9  28.3  29.0  25.1   MM -0.7    MM
2026 07 28 06 50 240  4.0  4.0   0.4     8   4.8 119 1009.9  28.3  29.0  25.1   MM   MM    MM
2026 07 28 06 40 230  4.0  5.0    MM    MM    MM  MM 1010.0  28.2  29.0  25.0   MM   MM    MM
2026 07 28 06 30 230  4.0  4.0    MM    MM    MM  MM 1010.0  28.2  29.0  25.0   MM   MM    MM
2026 07 28 06 20 230  4.0  5.0   0.5     8   5.3 115 1010.1  28.2  29.0  25.1   MM   MM    MM
2026 07 28 06 10 230  4.0  5.0    MM    MM    MM  MM 1010.2  28.2  29.0  25.1   MM   MM    MM
2026 07 28 06 00 220  4.0  5.0    MM    MM    MM  MM 1010.2  28.2  29.0  25.1   MM -0.4    MM
2026 07 28 05 50 220  4.0  5.0   0.5     8   5.1 118 1010.2  28.2  29.0  25.0   MM   MM    MM
2026 07 28 05 40 210  4.0  6.0    MM    MM    MM  MM 1010.1  28.1  29.0  24.7   MM   MM    MM
2026 07 28 05 30 200  4.0  5.0    MM    MM    MM  MM 1010.1  28.1  29.0  24.6   MM   MM    MM
2026 07 28 05 20 200  4.0  4.0   0.5     8   5.1 113 1010.1  28.1  29.0  24.6   MM   MM    MM
2026 07 28 05 10 190  4.0  4.0    MM    MM    MM  MM 1010.3  28.1  29.0  24.5   MM   MM    MM
2026 07 28 05 00 190  3.0  4.0    MM    MM    MM  MM 1010.2  28.1  29.0  24.5   MM +0.0    MM
2026 07 28 04 50 190  3.0  4.0   0.5     8   5.1 112 1010.3  28.1  29.1  24.4   MM   MM    MM
2026 07 28 04 40 180  3.0  4.0    MM    MM    MM  MM 1010.4  28.1  29.1  24.3   MM   MM    MM
2026 07 28 04 30 170  3.0  4.0    MM    MM    MM  MM 1010.7  28.1  29.1  24.3   MM   MM    MM
2026 07 28 04 20 160  3.0  4.0   0.5     8   5.2 120 1010.6  28.1  29.1  24.3   MM   MM    MM
2026 07 28 04 10 170  2.0  3.0   0.5    MM   5.2 120 1010.6  28.1  29.1  24.2   MM   MM    MM
2026 07 28 04 00 180  2.0  2.0    MM    MM    MM  MM 1010.6  28.1  29.1  24.2   MM +0.4    MM
2026 07 28 03 50 160  2.0  2.0   0.5     5   5.3 175 1010.6  28.1  29.1  24.3   MM   MM    MM
2026 07 28 03 40 150  2.0  2.0   0.5    MM   5.3 175 1010.3  28.1  29.1  24.2   MM   MM    MM
2026 07 28 03 30 170  1.0  2.0    MM    MM    MM  MM 1010.3  28.1  29.1  24.2   MM   MM    MM
2026 07 28 03 20 170  2.0  2.0   0.5     8   5.2 110 1010.5  28.1  29.1  24.1   MM   MM    MM
2026 07 28 03 10 180  1.0  2.0   0.5    MM   5.2 110 1010.6  28.1  29.1  24.0   MM   MM    MM
2026 07 28 03 00 190  1.0  1.0    MM    MM    MM  MM 1010.6  28.1  29.1  24.0   MM +0.3    MM
2026 07 28 02 50  MM  0.0  1.0   0.5     8   5.2 110 1010.6  28.1  29.1  23.9   MM   MM    MM
2026 07 28 02 40  MM  0.0  1.0    MM    MM    MM  MM 1010.7  28.1  29.1  23.9   MM   MM    MM
2026 07 28 02 30 280  1.0  1.0    MM    MM    MM  MM 1010.7  28.1  29.1  23.9   MM   MM    MM
2026 07 28 02 20 260  1.0  2.0   0.5     8   5.4 114 1010.5  28.1  29.1  23.9   MM   MM    MM
2026 07 28 02 10 240  1.0  2.0   0.5    MM   5.4 114 1010.3  28.1  29.1  23.9   MM   MM    MM
2026 07 28 02 00 210  2.0  2.0    MM    MM    MM  MM 1010.1  28.1  29.2  23.9   MM +0.8    MM
2026 07 28 01 50 240  2.0  3.0   0.5     8   5.4 111 1010.1  28.1  29.2  24.0   MM   MM    MM
2026 07 28 01 40 230  2.0  3.0    MM    MM    MM  MM 1010.2  28.1  29.2  24.0   MM   MM    MM
2026 07 28 01 30 230  2.0  3.0    MM    MM    MM  MM 1010.1  28.1  29.2  24.0   MM   MM    MM
2026 07 28 01 20 230  2.0  3.0   0.5     8   5.2 111 1010.3  28.1  29.2  24.2   MM   MM    MM
2026 07 28 01 10 230  2.0  3.0   0.5    MM   5.2 111 1010.3  28.0  29.2  24.1   MM   MM    MM
2026 07 28 01 00 260  1.0  2.0    MM    MM    MM  MM 1010.2  28.0  29.2  23.9   MM +0.7    MM
2026 07 28 00 50  MM  0.0  1.0   0.5     8   5.1 118 1010.4  28.0  29.2  23.8   MM   MM    MM
2026 07 28 00 40 280  1.0  2.0    MM    MM    MM  MM 1010.3  28.0  29.2  23.9   MM   MM    MM
2026 07 28 00 30 260  2.0  3.0    MM    MM    MM  MM 1010.4  28.0  29.2  23.8   MM   MM    MM
2026 07 28 00 20 280  2.0  3.0   0.5     8   5.1 117 1010.3  28.0  29.2  23.8   MM   MM    MM
2026 07 28 00 10 280  2.0  3.0   0.5    MM   5.1 117 1010.1    MM  29.2    MM   MM   MM    MM
2026 07 28 00 00 290  3.0  3.0    MM    MM    MM  MM 1010.3  28.1  29.3  23.8   MM +0.9    MM
2026 07 27 23 50 270  2.0  3.0   0.5     8   5.1  94 1010.0    MM    MM    MM   MM   MM    MM
2026 07 27 23 40 250  2.0  3.0    MM    MM    MM  MM 1009.8  28.0  29.3  23.6   MM   MM    MM
2026 07 27 23 20 220  2.0  2.0   0.5     8   5.0 103 1009.6  28.2  29.3  23.8   MM   MM    MM
2026 07 27 23 10 230  1.0  2.0    MM    MM    MM  MM 1009.4  28.2  29.3  23.8   MM   MM    MM
2026 07 27 23 00 220  1.0  1.0    MM    MM    MM  MM 1009.3  28.2  29.3  23.8   MM -0.7    MM
2026 07 27 22 50 220  1.0  2.0   0.5     8   5.0  92 1009.3  28.2  29.3  23.8   MM   MM    MM
2026 07 27 22 40 200  1.0  2.0    MM    MM    MM  MM 1009.4  28.2  29.3  23.7   MM   MM    MM
2026 07 27 22 30 190  1.0  1.0    MM    MM    MM  MM 1009.5  28.2  29.3  23.8   MM   MM    MM
2026 07 27 22 20 210  1.0  2.0   0.5     8   5.0  99 1009.6  28.1  29.3  23.7   MM   MM    MM
2026 07 27 22 10 230  1.0  2.0    MM    MM    MM  MM 1009.5  28.2  29.3  23.7   MM   MM    MM
2026 07 27 22 00  MM  0.0  1.0    MM    MM    MM  MM 1009.5  28.2  29.3  23.5   MM -1.5    MM
2026 07 27 21 50  MM  0.0  1.0   0.5     8   4.8 108 1009.5  28.3  29.3  23.5   MM   MM    MM
2026 07 27 21 40  MM  0.0  1.0   0.5    MM   4.8 108 1009.7  28.3  29.3  23.5   MM   MM    MM
2026 07 27 21 30  MM  0.0  1.0    MM    MM    MM  MM 1009.6  28.2  29.4  23.4   MM   MM    MM
2026 07 27 21 20  MM  0.0  1.0   0.6     6   4.8 199 1009.5  28.2  29.3  23.6   MM   MM    MM
2026 07 27 21 10  30  1.0  2.0   0.6    MM   4.8 199 1009.4  28.2    MM  23.7   MM   MM    MM
2026 07 27 21 00  50  2.0  3.0    MM    MM    MM  MM 1009.4  28.2  29.3  23.5   MM -2.3    MM
2026 07 27 20 50  60  1.0  2.0   0.6     8   4.7 121 1009.3  28.3  29.2  23.5   MM   MM    MM
2026 07 27 20 40  30  1.0  2.0   0.6    MM   4.7 121 1009.5  28.2  29.2  23.3   MM   MM    MM
2026 07 27 20 30  30  1.0  2.0    MM    MM    MM  MM 1009.6  28.2  29.2  23.4   MM   MM    MM
2026 07 27 20 20 360  1.0  2.0   0.6     8   4.7 115 1009.7  28.2  29.2  23.4   MM   MM    MM
2026 07 27 20 10  20  2.0  3.0    MM    MM    MM  MM 1010.0  28.2  29.2  23.4   MM   MM    MM
2026 07 27 20 00  20  2.0  2.0    MM    MM    MM  MM 1010.0  28.3  29.3  23.4   MM -2.1    MM
2026 07 27 19 50  20  1.0  2.0   0.6     6   4.6 205 1010.2  28.3  29.2  23.4   MM   MM    MM
2026 07 27 19 40  20  2.0  3.0   0.6    MM   4.6 205 1010.3  28.3  29.3  23.4   MM   MM    MM
2026 07 27 19 30  10  2.0  3.0    MM    MM    MM  MM 1010.6  28.3  29.2  23.3   MM   MM    MM
2026 07 27 19 20 350  1.0  2.0   0.7     6   4.7 203 1010.8  28.2  29.2  23.3   MM   MM    MM
2026 07 27 19 10  10  2.0  3.0    MM    MM    MM  MM 1010.8  28.2  29.2  23.4   MM   MM    MM
2026 07 27 19 00  10  2.0  2.0    MM    MM    MM  MM 1011.0  28.3  29.2  23.6   MM -1.0    MM
2026 07 27 18 50  10  2.0  3.0   0.7     6   4.5 210 1011.0  28.2  29.2  23.7   MM   MM    MM
2026 07 27 18 40 360  2.0  3.0    MM    MM    MM  MM 1011.1  28.3  29.2  23.7   MM   MM    MM
2026 07 27 18 30  10  2.0  3.0    MM    MM    MM  MM 1011.2  28.3  29.2  23.5   MM   MM    MM
2026 07 27 18 20  10  2.0  3.0   0.8     6   4.7 209 1011.3  28.4  29.2  23.7   MM   MM    MM
2026 07 27 18 10  10  2.0  3.0   0.8    MM   4.7 209 1011.5  28.4  29.2  23.5   MM   MM    MM
2026 07 27 18 00  20  2.0  3.0    MM    MM    MM  MM 1011.7  28.4  29.2  23.5   MM +0.0    MM
2026 07 27 17 50  10  2.0  3.0   0.8     6   4.5 206 1011.9  28.4  29.2  23.4   MM   MM    MM
2026 07 27 17 40  20  2.0  3.0    MM    MM    MM  MM 1011.9  28.4  29.2  23.7   MM   MM    MM
2026 07 27 17 30  30  2.0  3.0    MM    MM    MM  MM 1012.1  28.4  29.2  23.8   MM   MM    MM
2026 07 27 17 20  40  2.0  3.0   0.8     7   4.6 203 1012.0  28.4  29.2  24.0   MM   MM    MM
2026 07 27 17 10  40  2.0  3.0   0.8    MM   4.6 203 1012.2  28.4  29.2  23.9   MM   MM    MM
2026 07 27 17 00  50  3.0  3.0    MM    MM    MM  MM 1012.1  28.4  29.2  23.9   MM +0.7    MM
2026 07 27 16 50  50  3.0  4.0   0.8     6   4.6 209 1011.9  28.4  29.2  24.0   MM   MM    MM
2026 07 27 16 40  50  3.0  4.0    MM    MM    MM  MM 1012.0  28.4  29.2  23.9   MM   MM    MM
2026 07 27 16 30  50  4.0  4.0    MM    MM    MM  MM 1011.9  28.4  29.1  23.7   MM   MM    MM
2026 07 27 16 20  50  4.0  5.0   0.8     6   4.4 202 1012.0  28.3  29.1  23.8   MM   MM    MM
2026 07 27 16 10  60  4.0  5.0   0.8    MM   4.4 202 1012.0  28.4  29.1  24.2   MM   MM    MM
2026 07 27 16 00  70  4.0  6.0    MM    MM    MM  MM 1012.0  28.4  29.1  24.3   MM +1.2    MM
2026 07 27 15 50  70  5.0  6.0   0.8     6   4.4 208 1011.8  28.3  29.1  24.1   MM   MM    MM
2026 07 27 15 40  70  5.0  6.0   0.8    MM   4.4 208 1011.7  28.2  29.1  24.1   MM   MM    MM
2026 07 27 15 30  70  5.0  6.0    MM    MM    MM  MM 1011.6  28.3  29.1  24.4   MM   MM    MM
2026 07 27 15 20  70  5.0  6.0   0.8     5   4.3 198 1011.6  28.3  29.1  24.3   MM   MM    MM
2026 07 27 15 10  60  5.0  6.0   0.8    MM   4.3 198 1011.6  28.3  29.1  24.2   MM   MM    MM
2026 07 27 15 00  60  5.0  6.0    MM    MM    MM  MM 1011.5  28.3  29.1  24.5   MM +1.3    MM
2026 07 27 14 50  60  5.0  6.0   0.7     6   4.2 195 1011.5  28.4  29.1  24.5   MM   MM    MM
2026 07 27 14 40  50  5.0  6.0    MM    MM    MM  MM 1011.4  28.3  29.1  24.1   MM   MM    MM
2026 07 27 14 30  50  5.0  6.0    MM    MM    MM  MM 1011.3  28.3  29.1  24.4   MM   MM    MM
2026 07 27 14 20  40  5.0  7.0   0.8     6   4.4 203 1011.4  28.4  29.1  24.5   MM   MM    MM
2026 07 27 14 10  30  6.0  7.0    MM    MM    MM  MM 1011.5  28.3  29.1  24.2   MM   MM    MM
2026 07 27 14 00  30  6.0  7.0    MM    MM    MM  MM 1011.4  28.3  29.1  24.4   MM +1.2    MM
2026 07 27 13 50  30  7.0  8.0   0.8     6   4.8 205 1011.3  28.3  29.1  24.5   MM   MM    MM
2026 07 27 13 40  20  6.0  7.0   0.8    MM   4.8 205 1011.0  28.3  29.1  24.7   MM   MM    MM
2026 07 27 13 30  20  6.0  7.0    MM    MM    MM  MM 1010.9  28.2  29.1  24.5   MM   MM    MM
2026 07 27 13 20  20  6.0  7.0   0.8     6   5.0 198 1010.8  28.3  29.1  24.9   MM   MM    MM
2026 07 27 13 10  10  6.0  7.0   0.8    MM   5.0 198 1010.9  28.3  29.1  24.6   MM   MM    MM
2026 07 27 13 00  10  6.0  7.0    MM    MM    MM  MM 1010.8  28.2  29.1  24.7   MM +0.8    MM
2026 07 27 12 50  10  6.0  7.0   0.8     6   5.1 197 1010.5  28.1  29.2  24.9   MM   MM    MM
2026 07 27 12 40  10  5.0  6.0    MM    MM    MM  MM 1010.4  28.0  29.2  25.0   MM   MM    MM
2026 07 27 12 30 360  5.0  5.0    MM    MM    MM  MM 1010.2  28.0  29.2  25.3   MM   MM    MM
2026 07 27 12 20 360  4.0  5.0   0.8     6   5.1 198 1010.2  27.9  29.2  25.1   MM   MM    MM
2026 07 27 12 10 360  4.0  5.0   0.8    MM   5.1 198 1010.2  27.9  29.2  25.0   MM   MM    MM
2026 07 27 12 00 360  4.0  5.0    MM    MM    MM  MM 1010.2  28.0  29.2  25.0   MM +0.0    MM
2026 07 27 11 50 360  4.0  5.0   0.8     6   5.2 198 1010.4  27.9  29.2  24.8   MM   MM    MM
2026 07 27 11 40 360  4.0  5.0    MM    MM    MM  MM 1010.3  27.9  29.2  24.9   MM   MM    MM
2026 07 27 11 30  10  4.0  4.0    MM    MM    MM  MM 1010.3  27.9  29.2  24.8   MM   MM    MM
2026 07 27 11 20  20  3.0  5.0   0.8     5   5.0 207 1010.3  27.9  29.2  24.8   MM   MM    MM
2026 07 27 11 10  20  4.0  4.0    MM    MM    MM  MM 1010.2  27.8  29.2  24.8   MM   MM    MM
2026 07 27 11 00  10  3.0  4.0    MM    MM    MM  MM 1010.2  27.8  29.2  25.0   MM +0.0    MM
2026 07 27 10 50  30  3.0  3.0   0.8     5   5.0 214 1010.2  27.6  29.2  24.7   MM   MM    MM
2026 07 27 10 40  30  2.0  3.0    MM    MM    MM  MM 1010.2  27.6  29.2  25.0   MM   MM    MM
2026 07 27 10 30  30  2.0  2.0    MM    MM    MM  MM 1010.2  27.6  29.2  25.1   MM   MM    MM
2026 07 27 10 20  30  2.0  2.0   0.7     5   4.7 214 1010.2  27.6  29.2  24.9   MM   MM    MM
2026 07 27 10 10  50  2.0  2.0   0.7    MM   4.7 214 1010.1  27.6  29.2  24.8   MM   MM    MM
2026 07 27 10 00  70  1.0  2.0    MM    MM    MM  MM 1010.0  27.5  29.2  24.5   MM -0.3    MM
2026 07 27 09 50  40  2.0  3.0   0.8     5   4.8 218 1010.0  27.5  29.2  24.6   MM   MM    MM
2026 07 27 09 40  20  2.0  3.0    MM    MM    MM  MM 1009.9  27.5  29.2  24.5   MM   MM    MM
2026 07 27 09 30  20  3.0  4.0    MM    MM    MM  MM 1010.0  27.6  29.2  24.6   MM   MM    MM
2026 07 27 09 20  10  3.0  4.0   0.8     5   4.9 226 1009.9  27.6  29.2  24.5   MM   MM    MM
2026 07 27 09 10 360  3.0  4.0   0.8    MM   4.9 226 1009.9  27.6    MM  24.5   MM   MM    MM
2026 07 27 09 00 360  4.0  5.0    MM    MM    MM  MM 1010.2  27.7  29.2  24.7   MM -0.4    MM
2026 07 27 08 50  10  3.0  4.0   0.8     5   4.7 230 1010.2  27.8  29.2  24.6   MM   MM    MM
2026 07 27 08 40 360  3.0  4.0    MM    MM    MM  MM 1009.9  27.7  29.2  24.1   MM   MM    MM
2026 07 27 08 30  10  3.0  4.0    MM    MM    MM  MM 1009.8  27.7  29.2  24.6   MM   MM    MM
2026 07 27 08 20  10  3.0  4.0   0.9     5   4.7 221 1010.1  27.7  29.2  24.9   MM   MM    MM
2026 07 27 08 10 360  3.0  4.0    MM    MM    MM  MM 1010.1  27.7  29.2  24.8   MM   MM    MM
2026 07 27 08 00  10  3.0  4.0    MM    MM    MM  MM 1010.0  27.8  29.2  24.7   MM -0.8    MM
2026 07 27 07 50 350  3.0  4.0   0.9     5   4.5 227 1010.2  27.7  29.2  24.5   MM   MM    MM
2026 07 27 07 40 360  2.0  3.0    MM    MM    MM  MM 1010.2  27.8  29.2  24.5   MM   MM    MM
2026 07 27 07 30 350  1.0  2.0    MM    MM    MM  MM 1010.2  27.7  29.2  24.3   MM   MM    MM
2026 07 27 07 20 360  2.0  2.0   0.8     5   4.4 213 1010.3  27.8  29.2  24.3   MM   MM    MM
2026 07 27 07 10 360  2.0  3.0   0.8    MM   4.4 213 1010.3  27.8  29.2  24.3   MM   MM    MM
2026 07 27 07 00 350  1.0  3.0    MM    MM    MM  MM 1010.3  27.8  29.2  24.3   MM -1.0    MM
2026 07 27 06 50 340  1.0  2.0   0.9     5   4.4 205 1010.4  27.7  29.2  24.1   MM   MM    MM
2026 07 27 06 40 350  2.0  3.0   0.9    MM   4.4 205 1010.4  27.7  29.2  24.2   MM   MM    MM
2026 07 27 06 30 300  2.0  2.0    MM    MM    MM  MM 1010.6  27.8  29.2  24.2   MM   MM    MM
2026 07 27 06 20 310  2.0  3.0   0.8     5   4.3 215 1010.6    MM  29.2    MM   MM   MM    MM
2026 07 27 06 10 330  2.0  3.0    MM    MM    MM  MM 1010.6  27.6  29.2  24.0   MM   MM    MM
2026 07 27 06 00 320  3.0  4.0    MM    MM    MM  MM 1010.6  27.6  29.2  24.3   MM -1.5    MM
2026 07 27 05 50 300  3.0  4.0   0.9     8   4.3 120 1010.6  27.8  29.2  24.3   MM   MM    MM
2026 07 27 05 40 280  4.0  5.0    MM    MM    MM  MM 1010.9  27.8  29.2  24.1   MM   MM    MM
2026 07 27 05 30 270  5.0  6.0    MM    MM    MM  MM 1011.1  27.9  29.2  23.7   MM   MM    MM
2026 07 27 05 20 260  4.0  5.0   0.8     8   4.3  95 1011.1  27.7  29.2  23.3   MM   MM    MM
2026 07 27 05 10 270  5.0  7.0   0.8    MM   4.3  95 1010.8  27.5  29.2  24.1   MM   MM    MM
2026 07 27 05 00 290  4.0  5.0    MM    MM    MM  MM 1010.8  27.5  29.2  24.9   MM -0.9    MM
2026 07 27 04 50 300  4.0  6.0   0.8     8   4.1 123 1011.0  27.5  29.2  25.2   MM   MM    MM
2026 07 27 04 40 300  5.0  7.0   0.8    MM   4.1 123 1011.1  27.6    MM  25.3   MM   MM    MM
2026 07 27 04 30 300  6.0  7.0    MM    MM    MM  MM 1011.2  27.6  29.2  25.5   MM   MM    MM
2026 07 27 04 20 290  7.0  8.0   0.8     8   4.3 123 1011.0  27.7  29.2  25.8   MM   MM    MM
2026 07 27 04 10 290  7.0  8.0   0.8    MM   4.3 123 1011.1  27.8  29.2  25.6   MM   MM    MM
2026 07 27 04 00 270  7.0  8.0    MM    MM    MM  MM 1011.3  28.0  29.2  25.7   MM +0.0    MM
2026 07 27 03 50 260  8.0 11.0   0.7     8   4.4 121 1011.5  28.2  29.2  25.6   MM   MM    MM
2026 07 27 03 40 250  8.0 11.0    MM    MM    MM  MM 1011.8  28.8  29.2  25.9   MM   MM    MM
2026 07 27 03 30 230  4.0  5.0    MM    MM    MM  MM 1011.1  29.3  29.2  26.4   MM   MM    MM
2026 07 27 03 20 220  4.0  5.0   0.7     8   4.6 113 1011.7  29.2  29.2  26.4   MM   MM    MM
2026 07 27 03 10 230  4.0  5.0    MM    MM    MM  MM 1011.8  29.1  29.2  26.5   MM   MM    MM
2026 07 27 03 00 220  3.0  6.0    MM    MM    MM  MM 1012.1  28.2  29.2  26.1   MM +0.6    MM
2026 07 27 02 50 300  1.0  1.0   0.7     8   4.6 114 1012.0  27.7  29.2  25.1   MM   MM    MM
2026 07 27 02 40 300  1.0  3.0    MM    MM    MM  MM 1011.8  27.8  29.2  24.7   MM   MM    MM
2026 07 27 02 30 260  3.0  5.0    MM    MM    MM  MM 1011.9  28.2  29.2  25.0   MM   MM    MM
2026 07 27 02 20 230  3.0  5.0   0.8     8   4.6 107 1011.9  28.6  29.2  25.3   MM   MM    MM
2026 07 27 02 10 200  3.0  3.0    MM    MM    MM  MM 1011.7  28.5  29.2  25.2   MM   MM    MM
2026 07 27 02 00 200  3.0  4.0    MM    MM    MM  MM 1011.7  28.4  29.2  25.5   MM +0.7    MM
2026 07 27 01 50 180  4.0  5.0   0.8     8   4.5 117 1011.8  28.2  29.2  25.6   MM   MM    MM
2026 07 27 01 40 170  5.0  6.0    MM    MM    MM  MM 1011.9  28.3  29.2  25.6   MM   MM    MM
2026 07 27 01 30 160  6.0  7.0    MM    MM    MM  MM 1011.7  28.3  29.2  25.8   MM   MM    MM
2026 07 27 01 20 150  6.0  7.0   0.8     8   4.8 118 1011.5  28.3  29.2  25.6   MM   MM    MM
2026 07 27 01 10 150  6.0  6.0    MM    MM    MM  MM 1011.3  28.2  29.2  25.4   MM   MM    MM
2026 07 27 01 00 140  5.0  7.0    MM    MM    MM  MM 1011.3  28.4  29.2  25.8   MM +0.0    MM
2026 07 27 00 50 130  4.0  5.0   0.8     8   4.6 108 1011.3  28.4  29.2  25.6   MM   MM    MM
2026 07 27 00 40 130  4.0  4.0    MM    MM    MM  MM 1011.4  28.2  29.2  25.4   MM   MM    MM
2026 07 27 00 30 130  3.0  4.0    MM    MM    MM  MM 1011.5  28.2  29.2  25.3   MM   MM    MM
2026 07 27 00 20 130  3.0  4.0   0.8     8   4.9 111 1011.6  28.2  29.2  25.3   MM   MM    MM
2026 07 27 00 10 130  4.0  4.0   0.8    MM   4.9 111 1011.7  28.1    MM  25.1   MM   MM    MM
2026 07 27 00 00 130  3.0  4.0    MM    MM    MM  MM 1011.5  28.1  29.2  25.1   MM -0.0    MM
2026 07 26 23 50 130  3.0  4.0   0.7     8   4.7 114 1011.6  28.0  29.2  25.0   MM   MM    MM
2026 07 26 23 40 120  3.0  4.0   0.7    MM   4.7 114 1011.2  28.0  29.2  25.0   MM   MM    MM
2026 07 26 23 30 130  3.0  4.0    MM    MM    MM  MM 1011.1  28.0  29.2  25.1   MM   MM    MM
2026 07 26 23 20 130  3.0  4.0   0.8     8   4.6 119 1011.0  28.0  29.2  25.1   MM   MM    MM
2026 07 26 23 10 130  3.0  4.0    MM    MM    MM  MM 1011.0  28.0  29.2  25.1   MM   MM    MM
2026 07 26 23 00 100  3.0  4.0    MM    MM    MM  MM 1011.0  27.8  29.2  24.7   MM -1.5    MM
2026 07 26 22 50 100  3.0  4.0   0.8     8   4.6 118 1010.9  27.6  29.2  24.5   MM   MM    MM
2026 07 26 22 40 100  3.0  4.0    MM    MM    MM  MM 1010.9  27.6  29.2  24.6   MM   MM    MM
2026 07 26 22 30 110  3.0  4.0    MM    MM    MM  MM 1010.9  27.7  29.2  24.7   MM   MM    MM
2026 07 26 22 20 120  3.0  4.0   0.7    MM   4.7 105 1010.9    MM  29.2    MM   MM   MM    MM
2026 07 26 22 10 130  2.0  3.0   0.7    MM   4.7 105 1011.0  27.8  29.2  24.7   MM   MM    MM
2026 07 26 22 00 140  2.0  3.0    MM    MM    MM  MM 1011.2  27.6  29.2  24.4   MM -1.3    MM
2026 07 26 21 50 130  3.0  4.0   0.8     8   4.6 102 1011.2  27.5  29.2  24.2   MM   MM    MM
2026 07 26 21 40 140  4.0  5.0    MM    MM    MM  MM 1011.2  27.4  29.2  24.2   MM   MM    MM
2026 07 26 21 30 140  5.0  7.0    MM    MM    MM  MM 1011.2  27.6  29.2  24.2   MM   MM    MM
2026 07 26 21 20 130  4.0  5.0   0.7     8   4.5 115 1011.3  27.6  29.2  23.8   MM   MM    MM
2026 07 26 21 10 130  4.0  5.0   0.7    MM   4.5 115 1011.4  27.7  29.2  23.9   MM   MM    MM
2026 07 26 21 00 140  4.0  5.0    MM    MM    MM  MM 1011.5  27.6  29.2  23.9   MM -2.2    MM
2026 07 26 20 50 140  4.0  4.0   0.8     8   4.4 100 1011.7  27.4  29.2  23.8   MM   MM    MM
2026 07 26 20 40 120  3.0  4.0    MM    MM    MM  MM 1011.7  27.2  29.2  23.7   MM   MM    MM
2026 07 26 20 30 120  4.0  4.0    MM    MM    MM  MM 1012.1  27.3  29.2  23.9   MM   MM    MM
2026 07 26 20 20 140  3.0  5.0   0.8    MM   4.4 110 1012.2    MM  29.2    MM   MM   MM    MM
2026 07 26 20 10 140  3.0  5.0   0.8    MM   4.4 110 1012.1  27.4  29.2  23.7   MM   MM    MM
2026 07 26 20 00 140  3.0  4.0    MM    MM    MM  MM 1012.5  27.3  29.2  23.5   MM -1.4    MM
2026 07 26 19 50 120  3.0  4.0   0.7     5   4.2 214 1012.6  27.3  29.2  23.5   MM   MM    MM
2026 07 26 19 40 130  4.0  5.0    MM    MM    MM  MM 1012.7  27.3  29.2  23.5   MM   MM    MM
2026 07 26 19 30 150  4.0  5.0    MM    MM    MM  MM 1012.7  27.4  29.2  23.8   MM   MM    MM
2026 07 26 19 20 130  4.0  5.0   0.8     5   4.3 203 1012.7  27.2  29.2  23.4   MM   MM    MM
2026 07 26 19 10 130  4.0  5.0    MM    MM    MM  MM 1013.1  27.1  29.2  23.6   MM   MM    MM
2026 07 26 19 00 150  5.0  6.0    MM    MM    MM  MM 1012.5  27.0  29.3  23.7   MM -1.8    MM
2026 07 26 18 50 140  5.0  6.0   0.8     8   4.1 117 1012.6  26.9  29.3  23.9   MM   MM    MM
2026 07 26 18 40 150  4.0  6.0   0.8    MM   4.1 117 1013.3  26.9  29.3  24.1   MM   MM    MM
2026 07 26 18 30 130  5.0  6.0    MM    MM    MM  MM 1013.2  27.0  29.3  24.0   MM   MM    MM
2026 07 26 18 20 130  4.0  6.0   0.8     7   4.2 111 1013.1  26.7  29.3  23.7   MM   MM    MM
2026 07 26 18 10 140  4.0  5.0   0.8    MM   4.2 111 1013.6  26.4  29.3  23.6   MM   MM    MM
2026 07 26 18 00 150  4.0  5.0    MM    MM    MM  MM 1013.7  26.2  29.3  23.6   MM -0.6    MM
2026 07 26 17 50 150  5.0  6.0   0.8     8   4.1 132 1013.6  26.3  29.3  23.9   MM   MM    MM
2026 07 26 17 40 150  5.0  6.0    MM    MM    MM  MM 1014.0  26.5  29.3  24.0   MM   MM    MM
2026 07 26 17 30 120  5.0  7.0    MM    MM    MM  MM 1013.8  26.8  29.3  24.1   MM   MM    MM
2026 07 26 17 20 140  5.0  7.0   0.8     5   4.0 194 1014.0  26.9  29.3  24.0   MM   MM    MM
2026 07 26 17 10 150  8.0 10.0   0.8    MM   4.0 194 1013.9  26.8  29.3  24.2   MM   MM    MM
2026 07 26 17 00 130  8.0 11.0    MM    MM    MM  MM 1013.9  27.5  29.3  25.0   MM +0.0    MM
2026 07 26 16 50 100  8.0  9.0   0.7     8   4.3 126 1013.8  27.7  29.3  25.3   MM   MM    MM
2026 07 26 16 40 100  7.0  8.0    MM    MM    MM  MM 1014.1  27.8  29.3  25.3   MM   MM    MM
2026 07 26 16 30 110  7.0  8.0    MM    MM    MM  MM 1013.8  27.7  29.3  25.0   MM   MM    MM
2026 07 26 16 20 110  6.0  7.0   0.8     8   4.8 113 1014.0  27.7  29.3  25.0   MM   MM    MM
2026 07 26 16 10 100  5.0  6.0    MM    MM    MM  MM 1014.4  27.7  29.3  25.0   MM   MM    MM
2026 07 26 16 00  90  5.0  5.0    MM    MM    MM  MM 1014.3  27.7  29.3  24.9   MM +0.5    MM
2026 07 26 15 50  80  4.0  5.0   0.8     8   4.9 121 1014.4  27.6  29.3  24.7   MM   MM    MM
2026 07 26 15 40  60  4.0  5.0   0.8    MM   4.9 121 1014.3  27.7  29.3  24.7   MM   MM    MM
2026 07 26 15 30  70  4.0  5.0    MM    MM    MM  MM 1014.3  27.6  29.4  24.4   MM   MM    MM
2026 07 26 15 20  80  4.0  4.0   0.8     8   4.6 109 1014.3    MM  29.4    MM   MM   MM    MM
2026 07 26 15 10  70  4.0  5.0    MM    MM    MM  MM 1014.3  27.7  29.4  24.4   MM   MM    MM
2026 07 26 15 00  70  4.0  5.0    MM    MM    MM  MM 1014.3  27.6  29.4  24.3   MM -0.0    MM
2026 07 26 14 50  70  4.0  5.0   0.7     8   4.8 119 1014.5  27.6  29.3  24.5   MM   MM    MM
2026 07 26 14 40  70  4.0  5.0    MM    MM    MM  MM 1014.5  27.6  29.3  24.8   MM   MM    MM
2026 07 26 14 30  70  4.0  5.0    MM    MM    MM  MM 1014.4  27.6  29.3  25.0   MM   MM    MM
2026 07 26 14 20  70  4.0  5.0   0.7     8   4.9 122 1014.3  27.7  29.3  25.1   MM   MM    MM
2026 07 26 14 10  90  4.0  4.0   0.7    MM   4.9 122 1014.2  27.7    MM  25.0   MM   MM    MM
2026 07 26 14 00  90  4.0  5.0    MM    MM    MM  MM 1014.1  27.6  29.3  25.0   MM +0.4    MM
2026 07 26 13 50  80  4.0  5.0   0.8     8   5.2 125 1014.1  27.6  29.3  25.1   MM   MM    MM
2026 07 26 13 40  70  4.0  5.0   0.8    MM   5.2 125 1014.0  27.5  29.2  25.1   MM   MM    MM
2026 07 26 13 30  60  4.0  4.0    MM    MM    MM  MM 1014.0  27.5  29.2  25.1   MM   MM    MM
2026 07 26 13 20  60  3.0  4.0   0.8     8   5.1 114 1014.0  27.6  29.2  25.1   MM   MM    MM
2026 07 26 13 10  70  3.0  4.0   0.8    MM   5.1 114 1013.9  27.6  29.2  25.0   MM   MM    MM
2026 07 26 13 00  80  3.0  4.0    MM    MM    MM  MM 1013.8  27.5  29.2  25.0   MM +0.0    MM
2026 07 26 12 50  80  3.0  4.0   0.7     8   4.9 112 1013.9  27.6  29.2  25.0   MM   MM    MM
2026 07 26 12 40  80  3.0  4.0    MM    MM    MM  MM 1014.0  27.6  29.2  24.9   MM   MM    MM
2026 07 26 12 30  80  3.0  4.0    MM    MM    MM  MM 1014.0  27.9  29.2  25.3   MM   MM    MM
2026 07 26 12 20  80  3.0  3.0   0.7     8   4.8 114 1014.0  28.0  29.2  25.3   MM   MM    MM
2026 07 26 12 10  80  1.0  3.0    MM    MM    MM  MM 1014.1  28.0  29.2  25.0   MM   MM    MM
2026 07 26 12 00  30  1.0  3.0    MM    MM    MM  MM 1014.2  28.0  29.2  25.0   MM +0.7    MM
2026 07 26 11 50  10  3.0  4.0   0.7     5   4.7 209 1014.0  28.0  29.2  25.0   MM   MM    MM
2026 07 26 11 40 360  4.0  4.0   0.7    MM   4.7 209 1013.8  27.9  29.2  25.0   MM   MM    MM
2026 07 26 11 30  10  4.0  4.0    MM    MM    MM  MM 1013.8  27.8  29.2  25.1   MM   MM    MM
2026 07 26 11 20  10  3.0  4.0   0.8     8   4.8 115 1013.8  27.9  29.2  25.3   MM   MM    MM
2026 07 26 11 10 350  3.0  3.0   0.8    MM   4.8 115 1013.7  28.0  29.2  25.3   MM   MM    MM
2026 07 26 11 00 340  3.0  4.0    MM    MM    MM  MM 1013.7  28.0  29.2  25.3   MM +0.0    MM
2026 07 26 10 50 340  2.0  3.0   0.9     8   4.8 101 1013.9  27.9  29.2  25.2   MM   MM    MM
2026 07 26 10 40 360  2.0  3.0   0.9    MM   4.8 101 1013.8  27.9  29.2  25.3   MM   MM    MM
2026 07 26 10 30 350  3.0  4.0    MM    MM    MM  MM 1013.7  28.0  29.2  25.5   MM   MM    MM
2026 07 26 10 20 350  3.0  4.0   0.8     8   4.8 114 1013.7  28.0  29.2  25.5   MM   MM    MM
2026 07 26 10 10 340  4.0  5.0   0.8    MM   4.8 114 1013.7  28.3  29.2  25.6   MM   MM    MM
2026 07 26 10 00 300  4.0  5.0    MM    MM    MM  MM 1013.6  28.3  29.2  25.3   MM +0.0    MM
2026 07 26 09 50 300  4.0  4.0   0.8     8   4.7 112 1013.6  28.3  29.2  25.3   MM   MM    MM
2026 07 26 09 40 290  3.0  4.0    MM    MM    MM  MM 1013.4  28.3  29.2  25.2   MM   MM    MM
2026 07 26 09 30 310  3.0  4.0    MM    MM    MM  MM 1013.5  28.3  29.2  25.2   MM   MM    MM
2026 07 26 09 20 310  3.0  4.0   0.9     8   4.6 106 1013.5  28.3  29.2  25.1   MM   MM    MM
2026 07 26 09 10 300  2.0  3.0    MM    MM    MM  MM 1013.6  28.3  29.2  25.2   MM   MM    MM
2026 07 26 09 00 300  2.0  3.0    MM    MM    MM  MM 1013.5  28.3  29.2  25.1   MM -0.9    MM
2026 07 26 08 50 300  2.0  3.0   0.9     8   4.8 103 1013.6  28.3  29.2  25.1   MM   MM    MM
2026 07 26 08 40 310  3.0  3.0    MM    MM    MM  MM 1013.5  28.3  29.2  25.1   MM   MM    MM
2026 07 26 08 30 300  2.0  3.0    MM    MM    MM  MM 1013.4  28.3  29.2  25.1   MM   MM    MM
2026 07 26 08 20 300  2.0  3.0   0.8     8   4.6 114 1013.5  28.3  29.2  25.1   MM   MM    MM
2026 07 26 08 10 300  2.0  3.0    MM    MM    MM  MM 1013.5  28.3  29.2  25.1   MM   MM    MM
2026 07 26 08 00 310  2.0  3.0    MM    MM    MM  MM 1013.6  28.3  29.2  24.9   MM -1.5    MM
2026 07 26 07 50 310  2.0  2.0   0.8     5   4.5 212 1013.6  28.3  29.2  25.0   MM   MM    MM
2026 07 26 07 40 300  2.0  3.0   0.8    MM   4.5 212 1013.7  28.2  29.2  24.8   MM   MM    MM
2026 07 26 07 30 310  2.0  3.0    MM    MM    MM  MM 1013.6  28.3  29.2  25.2   MM   MM    MM
2026 07 26 07 20 310  3.0  3.0   0.7     8   4.6 136 1013.6  28.3  29.2  25.1   MM   MM    MM
2026 07 26 07 10 320  3.0  3.0   0.7    MM   4.6 136 1013.6  28.3  29.2  25.1   MM   MM    MM
2026 07 26 07 00 310  3.0  3.0    MM    MM    MM  MM 1013.6  28.3  29.3  25.1   MM -2.1    MM
2026 07 26 06 50 280  2.0  3.0   0.8     4   4.7 203 1013.7  28.3  29.2  25.1   MM   MM    MM
2026 07 26 06 40 280  2.0  3.0    MM    MM    MM  MM 1014.0  28.3  29.3  25.0   MM   MM    MM
2026 07 26 06 30 270  3.0  3.0    MM    MM    MM  MM 1014.1  28.3  29.3  25.1   MM   MM    MM
2026 07 26 06 20 270  3.0  3.0   0.7     7   4.6 132 1014.2  28.3  29.3  25.1   MM   MM    MM
2026 07 26 06 10 270  3.0  4.0   0.7    MM   4.6 132 1014.2  28.3  29.3  25.1   MM   MM    MM
2026 07 26 06 00 280  3.0  4.0    MM    MM    MM  MM 1014.4  28.3  29.3  25.1   MM -1.5    MM
2026 07 26 05 50 270  3.0  4.0   0.7     8   4.7 132 1014.6  28.4  29.3  25.2   MM   MM    MM
2026 07 26 05 40 280  3.0  4.0   0.7    MM   4.7 132 1014.8  28.3  29.3  25.1   MM   MM    MM
2026 07 26 05 30 290  3.0  3.0    MM    MM    MM  MM 1014.7  28.3  29.3  25.0   MM   MM    MM
2026 07 26 05 20 300  3.0  4.0   0.7     8   4.7 112 1014.5  28.3    MM  24.7   MM   MM    MM
2026 07 26 05 10 290  3.0  3.0   0.7    MM   4.7 112 1014.8  28.3  29.3  24.7   MM   MM    MM
2026 07 26 05 00 290  3.0  3.0    MM    MM    MM  MM 1015.1  28.4  29.3  24.9   MM +0.0    MM
2026 07 26 04 50 290  3.0  4.0   0.7     8   5.0 126 1015.3  28.4  29.3  24.7   MM   MM    MM
2026 07 26 04 40 290  3.0  4.0    MM    MM    MM  MM 1015.3  28.4  29.3  24.8   MM   MM    MM
2026 07 26 04 30 300  3.0  4.0    MM    MM    MM  MM 1015.2  28.4    MM  24.7   MM   MM    MM
2026 07 26 04 20 300  3.0  4.0   0.7     8   4.6 127 1015.3  28.5  29.3  24.7   MM   MM    MM
2026 07 26 04 10 290  4.0  5.0    MM    MM    MM  MM 1015.5  28.4  29.3  24.6   MM   MM    MM
2026 07 26 04 00 280  3.0  4.0    MM    MM    MM  MM 1015.7  28.3  29.3  25.0   MM +0.4    MM
2026 07 26 03 50 290  3.0  4.0   0.7     8   4.7 131 1015.9  28.3  29.3  25.5   MM   MM    MM
2026 07 26 03 40 290  4.0  5.0   0.7    MM   4.7 131 1015.8  28.4  29.3  25.7   MM   MM    MM
2026 07 26 03 30 290  4.0  5.0    MM    MM    MM  MM 1015.7  28.4  29.3  25.5   MM   MM    MM
2026 07 26 03 20 290  4.0  5.0   0.7     8   4.7 116 1015.7  28.4  29.3  25.2   MM   MM    MM
2026 07 26 03 10 290  4.0  5.0    MM    MM    MM  MM 1015.8  28.4  29.3  25.4   MM   MM    MM
2026 07 26 03 00 280  4.0  4.0    MM    MM    MM  MM 1015.9  28.4  29.3  25.4   MM +0.4    MM
2026 07 26 02 50 270  3.0  4.0   0.7     8   4.6 115 1015.9  28.5  29.3  25.4   MM   MM    MM
2026 07 26 02 40 270  3.0  3.0    MM    MM    MM  MM 1015.9  28.5  29.3  25.1   MM   MM    MM
2026 07 26 02 30 280  2.0  3.0    MM    MM    MM  MM 1015.7  28.5  29.3  24.8   MM   MM    MM
2026 07 26 02 20 280  3.0  3.0   0.8     8   4.7 113 1015.6  28.5  29.3  24.8   MM   MM    MM
2026 07 26 02 10 290  3.0  3.0    MM    MM    MM  MM 1015.4  28.6  29.3  24.8   MM   MM    MM
2026 07 26 02 00 290  3.0  4.0    MM    MM    MM  MM 1015.3  28.5  29.3  24.7   MM +0.0    MM
2026 07 26 01 50 280  2.0  3.0   0.9     8   4.6 127 1015.3  28.5  29.3  24.9   MM   MM    MM
2026 07 26 01 40 290  3.0  3.0    MM    MM    MM  MM 1015.3  28.4  29.3  25.0   MM   MM    MM
2026 07 26 01 30 290  3.0  3.0    MM    MM    MM  MM 1015.3  28.5  29.3  25.2   MM   MM    MM
2026 07 26 01 20 290  3.0  3.0   0.8     8   4.5 128 1015.3  28.6  29.3  25.1   MM   MM    MM
2026 07 26 01 10 290  2.0  3.0    MM    MM    MM  MM 1015.3  28.6  29.3  24.9   MM   MM    MM
2026 07 26 01 00 280  3.0  3.0    MM    MM    MM  MM 1015.3  28.6  29.3  24.6   MM -0.3    MM
2026 07 26 00 50 270  3.0  3.0   0.8     8   4.5 121 1015.5  28.5  29.3  24.7   MM   MM    MM
2026 07 26 00 40 270  3.0  3.0    MM    MM    MM  MM 1015.6  28.6  29.3  24.8   MM   MM    MM
2026 07 26 00 30 260  3.0  4.0    MM    MM    MM  MM 1015.6  28.5  29.3  24.5   MM   MM    MM
2026 07 26 00 20 250  3.0  4.0   0.8     8   4.4 131 1015.5  28.4  29.3  24.5   MM   MM    MM
2026 07 26 00 10 260  3.0  4.0   0.8    MM   4.4 131 1015.4  28.4  29.3  24.7   MM   MM    MM
2026 07 26 00 00 260  4.0  4.0    MM    MM    MM  MM 1015.5  28.3  29.3  24.6   MM -0.6    MM
2026 07 25 23 50 260  4.0  5.0   0.8     5   4.3 254 1015.5  28.2  29.3  24.7   MM   MM    MM
2026 07 25 23 40 250  4.0  5.0    MM    MM    MM  MM 1015.5  28.1  29.3  25.1   MM   MM    MM
2026 07 25 23 10 250  1.0  2.0   0.8    MM   4.4 118 1015.3  27.6  29.3  25.8   MM   MM    MM
2026 07 25 23 00 240  1.0  1.0    MM    MM    MM  MM 1015.3  27.6  29.3  25.8   MM -1.3    MM
2026 07 25 22 50 270  1.0  2.0   0.9     5   4.4 246 1015.3  27.5  29.4  25.5   MM   MM    MM
2026 07 25 22 40  MM  0.0  2.0    MM    MM    MM  MM 1015.4  27.5  29.4  25.3   MM   MM    MM
2026 07 25 22 30 250  1.0  2.0    MM    MM    MM  MM 1015.3  27.5  29.4  25.1   MM   MM    MM
2026 07 25 22 20 250  1.0  2.0   0.9     5   4.4 246 1015.2  27.3  29.4  24.8   MM   MM    MM
2026 07 25 22 10 280  1.0  2.0   0.9    MM   4.4 246 1015.5  27.2  29.4  25.0   MM   MM    MM
2026 07 25 22 00 300  1.0  2.0    MM    MM    MM  MM 1015.6  27.1  29.4  25.1   MM -1.2    MM
2026 07 25 21 50 300  2.0  2.0   0.9     8   4.6 110 1015.8  27.0  29.4  25.0   MM   MM    MM
2026 07 25 21 40 320  2.0  3.0    MM    MM    MM  MM 1016.1  26.9  29.4  24.8   MM   MM    MM
2026 07 25 21 30 330  3.0  5.0    MM    MM    MM  MM 1016.3  26.9  29.4  24.6   MM   MM    MM
2026 07 25 21 20 330  3.0  5.0   1.0     5   4.5 248 1016.2  27.0  29.4  24.6   MM   MM    MM
2026 07 25 21 10 330  4.0  5.0   1.0    MM   4.5 248 1016.1  27.4  29.4  24.5   MM   MM    MM
2026 07 25 21 00 320  4.0  5.0    MM    MM    MM  MM 1016.1  27.9  29.4  24.7   MM -1.2    MM
2026 07 25 20 50 310  5.0  6.0   0.9     5   4.4 252 1016.5  28.1  29.4  24.3   MM   MM    MM
2026 07 25 20 40 320  4.0  5.0    MM    MM    MM  MM 1016.4  28.1  29.4  24.4   MM   MM    MM
2026 07 25 20 30 310  5.0  6.0    MM    MM    MM  MM 1016.5  28.7  29.4  25.1   MM   MM    MM
2026 07 25 20 20 270  5.0  6.0   0.9     5   4.3 244 1016.4  29.0  29.4  25.5   MM   MM    MM
2026 07 25 20 10 260  5.0  6.0   0.9    MM   4.3 244 1016.6  29.1  29.4  25.5   MM   MM    MM
2026 07 25 20 00 250  5.0  6.0    MM    MM    MM  MM 1016.6  29.0  29.4  25.4   MM -1.3    MM
2026 07 25 19 50 240  5.0  7.0   1.0     5   4.3 246 1016.4  29.1  29.4  25.3   MM   MM    MM
2026 07 25 19 40 240  6.0  7.0    MM    MM    MM  MM 1016.5  29.2  29.4  25.2   MM   MM    MM
2026 07 25 19 30 230  6.0  7.0    MM    MM    MM  MM 1016.4  29.2  29.4  25.0   MM   MM    MM
2026 07 25 19 20 230  6.0  7.0   0.9     5   4.3 250 1016.6  29.2  29.4  24.8   MM   MM    MM
2026 07 25 19 10 220  6.0  7.0   0.9    MM   4.3 250 1016.7  29.2  29.4  25.0   MM   MM    MM
2026 07 25 19 00 230  6.0  7.0    MM    MM    MM  MM 1016.8  29.2  29.4  24.9   MM -1.4    MM
2026 07 25 18 50 230  6.0  7.0   1.0     5   4.2 237 1017.0  29.2  29.4  24.7   MM   MM    MM
2026 07 25 18 40 230  6.0  7.0   1.0    MM   4.2 237 1016.7  29.3  29.4  24.8   MM   MM    MM
2026 07 25 18 30 230  6.0  7.0    MM    MM    MM  MM 1016.6  29.2  29.4  24.5   MM   MM    MM
2026 07 25 18 20 230  6.0  8.0   1.0     8   4.3 116 1016.9  29.3  29.4  24.7   MM   MM    MM
2026 07 25 18 10 240  6.0  7.0   1.0    MM   4.3 116 1017.1  29.4  29.4  24.4   MM   MM    MM
2026 07 25 18 00 240  6.0  8.0    MM    MM    MM  MM 1017.3  29.4  29.4  24.4   MM -1.0    MM
2026 07 25 17 50 240  7.0  8.0   1.0     4   4.4 232 1017.5  29.3  29.4  24.4   MM   MM    MM
2026 07 25 17 40 240  7.0  8.0    MM    MM    MM  MM 1017.6  29.2  29.4  24.6   MM   MM    MM
2026 07 25 17 30 240  7.0  8.0    MM    MM    MM  MM 1017.7  29.2  29.4  25.2   MM   MM    MM
2026 07 25 17 20 240  7.0  8.0   1.0     8   4.3 122 1017.7  29.2  29.4  25.4   MM   MM    MM
2026 07 25 17 10 240  7.0  8.0    MM    MM    MM  MM 1017.8  29.2  29.3  25.3   MM   MM    MM
2026 07 25 17 00 230  7.0  8.0    MM    MM    MM  MM 1017.9  29.2  29.3  25.2   MM -0.6    MM
2026 07 25 16 50 240  8.0  9.0   1.0     8   4.3 108 1018.0  29.2  29.3  25.1   MM   MM    MM
2026 07 25 16 40 240  7.0  8.0   1.0    MM   4.3 108 1018.1  29.2  29.3  25.2   MM   MM    MM
2026 07 25 16 30 240  7.0  9.0    MM    MM    MM  MM 1018.1  29.1  29.3  25.2   MM   MM    MM
2026 07 25 16 20 240  7.0  9.0   1.0     8   4.3 108 1018.2  29.1  29.3  25.3   MM   MM    MM
2026 07 25 16 10 230  7.0  8.0   1.0    MM   4.3 108 1018.2  29.1  29.3  25.2   MM   MM    MM
2026 07 25 16 00 230  8.0  9.0    MM    MM    MM  MM 1018.2  29.1  29.3  24.9   MM +0.0    MM
2026 07 25 15 50 230  7.0  9.0   1.0     8   4.3 120 1018.3  29.1  29.3  24.8   MM   MM    MM
2026 07 25 15 40 240  7.0  8.0    MM    MM    MM  MM 1018.3  29.2  29.3  24.9   MM   MM    MM
2026 07 25 15 30 230  7.0  8.0    MM    MM    MM  MM 1018.2  29.2  29.3  24.5   MM   MM    MM
2026 07 25 15 20 230  7.0  8.0   1.0     8   4.3 112 1018.3  29.2  29.3  24.4   MM   MM    MM
2026 07 25 15 10 240  7.0  9.0    MM    MM    MM  MM 1018.3  29.1  29.3  24.4   MM   MM    MM
2026 07 25 15 00 240  7.0  8.0    MM    MM    MM  MM 1018.3  29.1  29.2  24.9   MM +0.0    MM
2026 07 25 14 50 240  7.0  9.0   1.0     8   4.3 118 1018.3  29.2  29.2  24.8   MM   MM    MM
2026 07 25 14 40 240  7.0  9.0    MM    MM    MM  MM 1018.4  29.1  29.2  24.5   MM   MM    MM
2026 07 25 14 30 240  8.0  9.0    MM    MM    MM  MM 1018.4  29.1  29.2  24.7   MM   MM    MM
2026 07 25 14 20 240  7.0  9.0   0.9     8   4.3 115 1018.5  29.1  29.2  25.2   MM   MM    MM
2026 07 25 14 10 250  7.0  8.0   0.9    MM   4.3 115 1018.5  29.1  29.2  25.2   MM   MM    MM
2026 07 25 14 00 240  7.0  9.0    MM    MM    MM  MM 1018.5  29.0  29.2  24.9   MM +0.3    MM
2026 07 25 13 50 240  7.0  9.0   1.0     8   4.6 113 1018.4  29.0  29.2  25.3   MM   MM    MM
2026 07 25 13 40 240  7.0  8.0    MM    MM    MM  MM 1018.5  28.9  29.2  25.0   MM   MM    MM
2026 07 25 13 30 240  8.0  9.0    MM    MM    MM  MM 1018.4  28.9  29.2  25.1   MM   MM    MM
2026 07 25 13 20 230  7.0  9.0   1.0     8   4.7 116 1018.3  29.0  29.2  25.3   MM   MM    MM
2026 07 25 13 10 230  7.0  9.0   1.0    MM   4.7 116 1018.3  28.9  29.2  25.1   MM   MM    MM
2026 07 25 13 00 230  7.0  8.0    MM    MM    MM  MM 1018.2  28.9  29.2  25.1   MM +0.4    MM
2026 07 25 12 50 230  6.0  8.0   0.9     8   4.5 109 1018.2  28.9  29.2  25.4   MM   MM    MM
2026 07 25 12 40 230  7.0  8.0    MM    MM    MM  MM 1018.3  28.9  29.2  25.1   MM   MM    MM
2026 07 25 12 30 230  7.0  8.0    MM    MM    MM  MM 1018.3  28.9  29.2  25.2   MM   MM    MM
2026 07 25 12 20 220  6.0  8.0   0.9     8   4.6 114 1018.3  28.9  29.2  25.4   MM   MM    MM
2026 07 25 12 10 220  7.0  8.0    MM    MM    MM  MM 1018.3  28.9  29.2  25.4   MM   MM    MM
2026 07 25 12 00 220  6.0  7.0    MM    MM    MM  MM 1018.4  28.9  29.2  25.4   MM +0.8    MM
2026 07 25 11 50 220  6.0  7.0   0.9     8   4.9 110 1018.3  28.9  29.2  25.4   MM   MM    MM
2026 07 25 11 40 220  6.0  8.0    MM    MM    MM  MM 1018.3  28.9  29.2  25.4   MM   MM    MM
2026 07 25 11 30 220  6.0  7.0    MM    MM    MM  MM 1018.2  28.9  29.2  25.5   MM   MM    MM
2026 07 25 11 20 220  6.0  8.0   0.9     8   5.2 112 1018.2  28.9  29.2  25.4   MM   MM    MM
2026 07 25 11 10 220  6.0  7.0   0.9    MM   5.2 112 1018.1  29.0  29.2  25.5   MM   MM    MM
2026 07 25 11 00 210  6.0  7.0    MM    MM    MM  MM 1018.2  28.9  29.2  25.2   MM +0.7    MM
2026 07 25 10 50 210  6.0  7.0   0.8     8   4.8 107 1018.1  28.9  29.2  25.2   MM   MM    MM
2026 07 25 10 40 210  6.0  7.0    MM    MM    MM  MM 1018.1  28.9  29.2  25.3   MM   MM    MM
2026 07 25 10 30 210  6.0  7.0    MM    MM    MM  MM 1018.0  28.9  29.2  25.1   MM   MM    MM
2026 07 25 10 20 200  6.0  7.0   0.8     8   5.4 108 1017.9  28.9  29.2  24.9   MM   MM    MM
2026 07 25 10 10 200  5.0  7.0    MM    MM    MM  MM 1017.8  29.0  29.2  25.0   MM   MM    MM
2026 07 25 10 00 200  5.0  6.0    MM    MM    MM  MM 1017.8  28.9  29.2  24.7   MM -0.0    MM
2026 07 25 09 50 200  5.0  5.0   0.9     8   5.5 105 1017.7  28.9  29.2  24.6   MM   MM    MM
2026 07 25 09 40 210  4.0  5.0    MM    MM    MM  MM 1017.7  29.0  29.2  24.7   MM   MM    MM
2026 07 25 09 30 200  5.0  6.0    MM    MM    MM  MM 1017.6  29.0  29.2  24.4   MM   MM    MM
2026 07 25 09 20 190  5.0  6.0   0.8     8   5.1 111 1017.6  29.0  29.2  24.2   MM   MM    MM
2026 07 25 09 10 200  5.0  6.0   0.8    MM   5.1 111 1017.5  29.0  29.2  24.3   MM   MM    MM
2026 07 25 09 00 200  5.0  6.0    MM    MM    MM  MM 1017.6  29.0  29.2  24.2   MM -1.0    MM
2026 07 25 08 50 200  5.0  6.0   0.9     8   5.5 110 1017.7  29.0  29.2  24.2   MM   MM    MM
2026 07 25 08 40 200  5.0  6.0    MM    MM    MM  MM 1017.7  29.1  29.2  24.5   MM   MM    MM
2026 07 25 08 30 190  5.0  6.0    MM    MM    MM  MM 1017.5  29.0  29.2  24.3   MM   MM    MM
2026 07 25 08 20 200  5.0  6.0   0.8     8   5.3 113 1017.5  29.0  29.2  24.5   MM   MM    MM
2026 07 25 08 10 200  5.0  6.0    MM    MM    MM  MM 1017.5  29.1  29.2  24.3   MM   MM    MM
2026 07 25 08 00 190  5.0  6.0    MM    MM    MM  MM 1017.5  29.1  29.2  24.2   MM -1.9    MM
2026 07 25 07 50 190  5.0  6.0   0.9     8   5.6 112 1017.4  29.1  29.3  24.0   MM   MM    MM
2026 07 25 07 40 190  5.0  6.0    MM    MM    MM  MM 1017.5  29.2  29.3  23.9   MM   MM    MM
2026 07 25 07 30 190  5.0  6.0    MM    MM    MM  MM 1017.5  29.2  29.3  23.8   MM   MM    MM
2026 07 25 07 20 190  5.0  6.0   0.8     8   5.2  92 1017.6  29.1  29.3  24.0   MM   MM    MM
2026 07 25 07 10 190  6.0  7.0   0.8    MM   5.2  92 1017.7  29.2  29.3  24.1   MM   MM    MM
2026 07 25 07 00 190  5.0  6.0    MM    MM    MM  MM 1017.8  29.2  29.3  24.0   MM -1.8    MM
2026 07 25 06 50 190  5.0  6.0   0.9     8   5.7 109 1017.9  29.3  29.3  23.7   MM   MM    MM
2026 07 25 06 40 190  5.0  6.0    MM    MM    MM  MM 1018.1  29.3  29.3  23.5   MM   MM    MM
2026 07 25 06 30 190  5.0  6.0    MM    MM    MM  MM 1018.1  29.3  29.3  23.5   MM   MM    MM
2026 07 25 06 20 190  5.0  6.0   1.0     8   6.0 108 1018.3  29.3  29.3  23.8   MM   MM    MM
2026 07 25 06 10 190  5.0  6.0   1.0    MM   6.0 108 1018.6  29.2  29.3  23.8   MM   MM    MM
2026 07 25 06 00 200  5.0  6.0    MM    MM    MM  MM 1018.6  28.7  29.3  24.1   MM -0.9    MM
2026 07 25 05 50 250  1.0  2.0   0.9     8   5.6 113 1018.8  27.8  29.3  23.0   MM   MM    MM
2026 07 25 05 40 280  3.0  4.0    MM    MM    MM  MM 1019.1  27.1  29.3  22.9   MM   MM    MM
2026 07 25 05 30 280  5.0  8.0    MM    MM    MM  MM 1019.2  27.0  29.3  23.9   MM   MM    MM
2026 07 25 05 20 250  6.0  9.0   0.9     8   5.8  94 1019.5  28.7  29.3  24.8   MM   MM    MM
2026 07 25 05 10 210  5.0  6.0   0.9    MM   5.8  94 1019.5  29.2  29.3  24.3   MM   MM    MM
2026 07 25 05 00 200  5.0  6.0    MM    MM    MM  MM 1019.4  29.2  29.3  24.6   MM -0.6    MM
2026 07 25 04 50 200  5.0  5.0   0.9     8   5.8 117 1019.6  29.2  29.3  24.8   MM   MM    MM
2026 07 25 04 40 200  5.0  6.0    MM    MM    MM  MM 1019.6  29.2  29.3  24.9   MM   MM    MM
2026 07 25 04 30 190  5.0  5.0    MM    MM    MM  MM 1019.6  29.3  29.3  25.1   MM   MM    MM
2026 07 25 04 20 200  4.0  5.0   0.9     8   6.2 113 1019.7  29.3  29.3  24.8   MM   MM    MM
2026 07 25 04 10 200  4.0  5.0   0.9    MM   6.2 113 1019.7  29.4  29.4  24.6   MM   MM    MM
2026 07 25 04 00 200  4.0  5.0    MM    MM    MM  MM 1019.6  29.4  29.4  24.3   MM +0.0    MM
2026 07 25 03 50 200  4.0  5.0   0.9     8   6.2 116 1019.6  29.4  29.4  24.0   MM   MM    MM
2026 07 25 03 40 200  4.0  4.0   0.9    MM   6.2 116 1019.5  29.3  29.4  24.3   MM   MM    MM
2026 07 25 03 30 200  4.0  4.0    MM    MM    MM  MM 1019.5  29.3  29.4  24.5   MM   MM    MM
2026 07 25 03 20 200  4.0  4.0   0.9     8   6.1 118 1019.5  29.3  29.4  24.4   MM   MM    MM
2026 07 25 03 10 190  3.0  4.0    MM    MM    MM  MM 1019.4  29.2  29.4  24.4   MM   MM    MM
2026 07 25 03 00 190  3.0  4.0    MM    MM    MM  MM 1019.5  29.2  29.4  24.6   MM +0.8    MM
2026 07 25 02 50 200  3.0  3.0   0.9     8   5.8 128 1019.6  29.2  29.4  24.8   MM   MM    MM
2026 07 25 02 40 200  3.0  3.0   0.9    MM   5.8 128 1019.7  29.2  29.4  24.8   MM   MM    MM
2026 07 25 02 30 190  2.0  3.0    MM    MM    MM  MM 1019.8  29.2  29.4  24.8   MM   MM    MM
2026 07 25 02 20 200  2.0  2.0   0.9     8   6.0 127 1019.9  29.2  29.4  24.7   MM   MM    MM
2026 07 25 02 10 200  2.0  3.0   0.9    MM   6.0 127 1019.9  29.2  29.4  24.6   MM   MM    MM
2026 07 25 02 00 210  2.0  3.0    MM    MM    MM  MM 1020.0  29.3  29.4  25.0   MM +1.7    MM
2026 07 25 01 50 200  3.0  3.0   0.9     8   5.9 119 1019.9  29.2  29.4  24.7   MM   MM    MM
2026 07 25 01 40 190  3.0  3.0    MM    MM    MM  MM 1019.8  29.2  29.4  24.7   MM   MM    MM
2026 07 25 01 30 200  3.0  3.0    MM    MM    MM  MM 1019.7  29.2  29.4  24.7   MM   MM    MM
2026 07 25 01 20 200  3.0  3.0   0.9     8   5.6 130 1019.7  29.2  29.4  24.7   MM   MM    MM
2026 07 25 01 10 200  3.0  3.0   0.9    MM   5.6 130 1019.6  29.2  29.4  24.6   MM   MM    MM
2026 07 25 01 00 200  3.0  4.0    MM    MM    MM  MM 1019.5  29.2  29.4  24.7   MM +1.0    MM
2026 07 25 00 50 190  3.0  4.0   0.9     8   5.8 117 1019.3  29.2  29.4  24.8   MM   MM    MM
2026 07 25 00 40 190  4.0  4.0    MM    MM    MM  MM 1019.1  29.1  29.4  24.6   MM   MM    MM
2026 07 25 00 30 200  3.0  4.0    MM    MM    MM  MM 1019.0  29.1  29.4  24.8   MM   MM    MM
2026 07 25 00 20 200  3.0  4.0   0.9     9   5.6 119 1018.9  29.1  29.4  24.7   MM   MM    MM
2026 07 25 00 10 200  4.0  4.0    MM    MM    MM  MM 1018.9  29.1  29.4  24.8   MM   MM    MM
2026 07 25 00 00 180  4.0  5.0    MM    MM    MM  MM 1018.7  29.1  29.4  24.7   MM +0.5    MM
2026 07 24 23 50 180  4.0  5.0   0.9     9   5.6 125 1018.4  29.0  29.4  24.9   MM   MM    MM
2026 07 24 23 40 180  4.0  5.0    MM    MM    MM  MM 1018.2  28.9  29.4  25.0   MM   MM    MM
2026 07 24 23 20 180  4.0  5.0   0.9     9   5.7 116 1018.3  29.0  29.4  25.4   MM   MM    MM
2026 07 24 23 10 180  4.0  5.0    MM    MM    MM  MM 1018.4  29.0  29.4  25.4   MM   MM    MM
2026 07 24 23 00 180  4.0  5.0    MM    MM    MM  MM 1018.3  29.0  29.4  25.3   MM -0.0    MM
2026 07 24 22 50 180  4.0  5.0   0.9     8   5.7 116 1018.1  29.0  29.4  25.1   MM   MM    MM
2026 07 24 22 40 180  4.0  5.0    MM    MM    MM  MM 1018.1  29.0  29.4  25.0   MM   MM    MM
2026 07 24 22 30 180  4.0  5.0    MM    MM    MM  MM 1018.1  29.0  29.4  25.1   MM   MM    MM
2026 07 24 22 20 180  4.0  4.0   1.0     8   5.7 126 1018.5  29.0  29.4  24.9   MM   MM    MM
2026 07 24 22 10 190  4.0  5.0   1.0    MM   5.7 126 1018.6  29.1  29.4  24.6   MM   MM    MM
2026 07 24 22 00 190  4.0  5.0    MM    MM    MM  MM 1018.5  29.2  29.4  24.3   MM -0.5    MM
2026 07 24 21 50 190  5.0  5.0   1.0     8   5.9 122 1018.2  29.1  29.4  23.6   MM   MM    MM
2026 07 24 21 40 190  5.0  6.0    MM    MM    MM  MM 1018.2  29.2  29.5  24.0   MM   MM    MM
2026 07 24 21 30 200  4.0  5.0    MM    MM    MM  MM 1018.4  29.2  29.5  23.5   MM   MM    MM
2026 07 24 21 20 200  4.0  5.0   1.0     9   5.9 110 1018.5  29.3  29.5  23.5   MM   MM    MM
2026 07 24 21 10 190  5.0  7.0   1.0    MM   5.9 110 1018.4  29.3  29.5  23.2   MM   MM    MM
2026 07 24 21 00 190  6.0  7.0    MM    MM    MM  MM 1018.2  29.2  29.5  22.8   MM -1.2    MM
2026 07 24 20 50 190  5.0  6.0   1.0     8   5.8 107 1018.1  29.3  29.5  23.2   MM   MM    MM
2026 07 24 20 40 190  5.0  6.0    MM    MM    MM  MM 1018.5  29.3  29.6  23.0   MM   MM    MM
2026 07 24 20 30 190  5.0  6.0    MM    MM    MM  MM 1018.3  29.4  29.5  22.8   MM   MM    MM
2026 07 24 20 20 200  5.0  6.0   1.0     9   5.8 114 1018.4  29.3  29.6  23.0   MM   MM    MM
2026 07 24 20 10 200  5.0  6.0    MM    MM    MM  MM 1018.5  29.3  29.6  23.3   MM   MM    MM
2026 07 24 20 00 200  5.0  6.0    MM    MM    MM  MM 1018.5  29.4  29.5  23.9   MM -1.1    MM
2026 07 24 19 50 210  5.0  5.0   0.9     8   5.5 119 1018.6  29.4  29.5  23.3   MM   MM    MM
2026 07 24 19 40 210  5.0  5.0   0.9    MM   5.5 119 1018.8  29.3  29.5  23.2   MM   MM    MM
2026 07 24 19 30 220  5.0  5.0    MM    MM    MM  MM 1018.9  29.3  29.5  23.6   MM   MM    MM
2026 07 24 19 20 210  5.0  6.0   1.0    MM   5.8 120 1018.9    MM  29.5    MM   MM   MM    MM
2026 07 24 19 10 220  4.0  6.0    MM    MM    MM  MM 1019.0  29.2    MM  24.1   MM   MM    MM
2026 07 24 19 00 220  5.0  5.0    MM    MM    MM  MM 1019.0  29.2    MM  24.2   MM -0.8    MM
2026 07 24 18 50 220  5.0  6.0   1.1     8   6.0 124 1019.1  29.2    MM  24.4   MM   MM    MM
2026 07 24 18 40 220  5.0  6.0   1.1    MM   6.0 124 1019.1  29.1  29.5  24.2   MM   MM    MM
2026 07 24 18 30 210  5.0  6.0    MM    MM    MM  MM 1019.1  29.1  29.5  24.6   MM   MM    MM
2026 07 24 18 20 210  5.0  6.0   1.0     8   5.6 126 1019.2  29.0  29.5  24.8   MM   MM    MM
2026 07 24 18 10 220  4.0  5.0   1.0    MM   5.6 126 1019.3  29.1  29.4  24.9   MM   MM    MM
2026 07 24 18 00 220  4.0  5.0    MM    MM    MM  MM 1019.4  29.1  29.4  24.7   MM -0.8    MM
2026 07 24 17 50 220  4.0  5.0   1.0     8   5.7 122 1019.5  29.1  29.4  24.5   MM   MM    MM
2026 07 24 17 40 230  4.0  5.0    MM    MM    MM  MM 1019.6  29.1  29.4  24.5   MM   MM    MM
2026 07 24 17 30 230  4.0  5.0    MM    MM    MM  MM 1019.6  29.1  29.4  24.4   MM   MM    MM
2026 07 24 17 20 220  4.0  5.0   0.9     8   5.4 128 1019.7  29.1  29.3  24.2   MM   MM    MM
2026 07 24 17 10 220  4.0  5.0   0.9    MM   5.4 128 1019.6  29.2  29.3  24.3   MM   MM    MM
2026 07 24 17 00 220  4.0  5.0    MM    MM    MM  MM 1019.6  29.2  29.3  24.0   MM -0.4    MM
2026 07 24 16 50 220  4.0  5.0   1.0     8   5.4 122 1019.7  29.1  29.3  24.1   MM   MM    MM
2026 07 24 16 40 220  4.0  5.0    MM    MM    MM  MM 1019.7  29.1  29.3  24.2   MM   MM    MM
2026 07 24 16 30 220  5.0  5.0    MM    MM    MM  MM 1019.7  29.2  29.2  23.8   MM   MM    MM
2026 07 24 16 20 220  5.0  5.0   1.0     8   5.4 123 1019.7  28.9  29.2  24.0   MM   MM    MM
2026 07 24 16 10 220  5.0  5.0   1.0    MM   5.4 123 1019.8  28.9  29.2  24.6   MM   MM    MM
2026 07 24 16 00 230  5.0  5.0    MM    MM    MM  MM 1019.8  29.0  29.2  24.5   MM +0.0    MM
2026 07 24 15 50 230  5.0  6.0   0.9     8   5.3 115 1019.9  28.9  29.2  24.4   MM   MM    MM
2026 07 24 15 40 230  5.0  6.0    MM    MM    MM  MM 1020.0  29.0  29.2  24.7   MM   MM    MM
2026 07 24 15 30 230  5.0  6.0    MM    MM    MM  MM 1020.1  29.0  29.2  24.9   MM   MM    MM
2026 07 24 15 20 230  5.0  5.0   0.9     8   4.9 114 1020.3  28.9  29.1  24.9   MM   MM    MM
2026 07 24 15 10 230  5.0  6.0   0.9    MM   4.9 114 1020.2  28.9  29.1  24.9   MM   MM    MM
2026 07 24 15 00 230  5.0  6.0    MM    MM    MM  MM 1020.2  28.9  29.1  25.0   MM +0.4    MM
2026 07 24 14 50 230  5.0  6.0   1.0     8   5.3 120 1020.3  29.0  29.1  24.8   MM   MM    MM
2026 07 24 14 40 240  5.0  6.0    MM    MM    MM  MM 1020.2  29.1  29.1  24.8   MM   MM    MM
2026 07 24 14 30 240  5.0  6.0    MM    MM    MM  MM 1020.2  29.1  29.1  24.5   MM   MM    MM
2026 07 24 14 20 230  5.0  6.0   0.9     8   5.0 121 1020.1  29.0  29.1  24.6   MM   MM    MM
2026 07 24 14 10 230  5.0  6.0   0.9    MM   5.0 121 1020.1  29.0  29.1  24.6   MM   MM    MM
2026 07 24 14 00 240  5.0  6.0    MM    MM    MM  MM 1020.0  28.9  29.1  24.6   MM +0.4    MM
2026 07 24 13 50 230  5.0  6.0   1.0     9   5.0 115 1020.0  29.0  29.1  24.9   MM   MM    MM
2026 07 24 13 40 230  5.0  6.0    MM    MM    MM  MM 1020.0  28.9  29.1  24.8   MM   MM    MM
2026 07 24 13 30 230  5.0  6.0    MM    MM    MM  MM 1020.0  29.0  29.1  25.0   MM   MM    MM
2026 07 24 13 20 230  5.0  6.0   0.9     9   4.7 130 1019.9  28.9  29.1  24.8   MM   MM    MM
2026 07 24 13 10 230  5.0  6.0   0.9    MM   4.7 130 1019.9  28.9  29.1  25.0   MM   MM    MM
2026 07 24 13 00 230  5.0  6.0    MM    MM    MM  MM 1019.9  29.0  29.1  25.1   MM +0.8    MM
2026 07 24 12 50 230  5.0  7.0   0.9     8   4.7 131 1019.9  28.9  29.1  24.8   MM   MM    MM
2026 07 24 12 40 230  5.0  6.0    MM    MM    MM  MM 1019.8    MM  29.1    MM   MM   MM    MM
2026 07 24 12 30 220  5.0  7.0    MM    MM    MM  MM 1019.8  28.9  29.1  25.0   MM   MM    MM
2026 07 24 12 20 220  5.0  6.0   0.8     8   4.6 127 1019.8  28.9  29.1  25.2   MM   MM    MM
2026 07 24 12 10 210  5.0  6.0   0.8    MM   4.6 127 1019.8  28.8  29.1  25.1   MM   MM    MM
2026 07 24 12 00 220  5.0  6.0    MM    MM    MM  MM 1019.8  28.9  29.1  25.2   MM +1.0    MM
2026 07 24 11 50 220  5.0  6.0   0.9     8   4.7 127 1019.8  28.8  29.1  25.0   MM   MM    MM
2026 07 24 11 40 210  5.0  6.0   0.9    MM   4.7 127 1019.7  28.8  29.1  25.0   MM   MM    MM
2026 07 24 11 30 220  5.0  6.0    MM    MM    MM  MM 1019.7  28.9  29.1  25.1   MM   MM    MM
2026 07 24 11 20 220  5.0  6.0   0.8     8   4.3 127 1019.7  28.8  29.1  24.9   MM   MM    MM
2026 07 24 11 10 230  6.0  7.0   0.8    MM   4.3 127 1019.6  28.9  29.1  25.0   MM   MM    MM
2026 07 24 11 00 230  6.0  7.0    MM    MM    MM  MM 1019.6  28.8  29.1  24.9   MM +0.7    MM
2026 07 24 10 50 230  5.0  6.0   0.8     8   4.3 120 1019.5  28.9  29.1  25.2   MM   MM    MM
2026 07 24 10 40 230  5.0  6.0    MM    MM    MM  MM 1019.4  28.9  29.1  25.1   MM   MM    MM
2026 07 24 10 30 230  6.0  7.0    MM    MM    MM  MM 1019.3  28.9  29.1  25.1   MM   MM    MM
2026 07 24 10 20 220  6.0  7.0   0.8     4   4.1 193 1019.2  28.9  29.1  25.1   MM   MM    MM
2026 07 24 10 10 220  6.0  7.0   0.8    MM   4.1 193 1019.0  28.8  29.1  25.1   MM   MM    MM
2026 07 24 10 00 220  5.0  7.0    MM    MM    MM  MM 1019.1  28.9  29.1  25.2   MM -0.0    MM
2026 07 24 09 50 210  6.0  7.0   0.8     8   4.1 124 1019.0  28.9  29.1  25.1   MM   MM    MM
2026 07 24 09 40 210  6.0  7.0   0.8    MM   4.1 124 1019.0  28.8  29.1  25.1   MM   MM    MM
2026 07 24 09 30 210  6.0  7.0    MM    MM    MM  MM 1019.0  28.9  29.1  25.0   MM   MM    MM
2026 07 24 09 20 210  6.0  7.0   0.8     4   4.0 204 1018.9  28.9  29.1  24.9   MM   MM    MM
2026 07 24 09 10 210  6.0  7.0   0.8    MM   4.0 204 1018.9  28.9  29.1  24.9   MM   MM    MM
2026 07 24 09 00 210  6.0  7.0    MM    MM    MM  MM 1018.8  28.9  29.1  25.0   MM +0.0    MM
2026 07 24 08 50 210  6.0  7.0   0.8     8   4.1 111 1018.9  28.9  29.1  25.0   MM   MM    MM
2026 07 24 08 40 200  6.0  7.0    MM    MM    MM  MM 1018.8  28.9  29.1  25.1   MM   MM    MM
2026 07 24 08 30 200  6.0  7.0    MM    MM    MM  MM 1018.8  28.9  29.1  25.2   MM   MM    MM
2026 07 24 08 20 200  6.0  7.0   0.9     8   3.9 110 1018.8  28.9  29.1  25.0   MM   MM    MM
2026 07 24 08 10 200  6.0  7.0   0.9    MM   3.9 110 1018.8  28.9  29.1  25.1   MM   MM    MM
2026 07 24 08 00 200  6.0  7.0    MM    MM    MM  MM 1018.9  29.0  29.1  25.1   MM -0.5    MM
2026 07 24 07 50 200  6.0  7.0   0.8     8   3.8 132 1018.9  28.9  29.1  24.9   MM   MM    MM
2026 07 24 07 40 200  6.0  7.0    MM    MM    MM  MM 1018.8  28.9  29.1  25.0   MM   MM    MM
2026 07 24 07 30 200  6.0  8.0    MM    MM    MM  MM 1018.9  29.0  29.1  25.1   MM   MM    MM
2026 07 24 07 20 200  6.0  8.0   0.9     4   3.9 197 1018.9  29.0  29.1  25.0   MM   MM    MM
2026 07 24 07 10 200  6.0  7.0   0.9    MM   3.9 197 1018.9  29.0  29.1  24.8   MM   MM    MM
2026 07 24 07 00 200  7.0  7.0    MM    MM    MM  MM 1018.9  29.0    MM  24.7   MM -0.8    MM
2026 07 24 06 50 200  7.0  8.0   0.9     8   3.9 120 1018.9  29.0    MM  24.7   MM   MM    MM
2026 07 24 06 40 200  7.0  8.0    MM    MM    MM  MM 1018.8  29.0  29.1  24.7   MM   MM    MM
2026 07 24 06 30 200  7.0  8.0    MM    MM    MM  MM 1018.8  29.0  29.1  24.6   MM   MM    MM
2026 07 24 06 20 190  7.0  9.0   0.8     8   3.9 114 1018.9  29.0    MM  24.7   MM   MM    MM
2026 07 24 06 10 190  7.0  8.0   0.8    MM   3.9 114 1019.0  29.0  29.1  24.8   MM   MM    MM
2026 07 24 06 00 190  6.0  8.0    MM    MM    MM  MM 1018.9  29.1    MM  24.9   MM -0.5    MM
2026 07 24 05 50 190  7.0  8.0   0.9     4   3.9 186 1019.0  29.0  29.1  24.7   MM   MM    MM
2026 07 24 05 40 190  7.0  8.0    MM    MM    MM  MM 1019.1  29.0  29.1  24.8   MM   MM    MM
2026 07 24 05 30 190  7.0  8.0    MM    MM    MM  MM 1019.2  29.0  29.1  25.1   MM   MM    MM
2026 07 24 05 20 190  7.0  8.0   0.9     4   3.9 192 1019.2  29.0  29.1  25.0   MM   MM    MM
2026 07 24 05 10 190  7.0  8.0   0.9    MM   3.9 192 1019.4  29.1  29.1  25.3   MM   MM    MM
2026 07 24 05 00 190  7.0  8.0    MM    MM    MM  MM 1019.4  29.1  29.1  25.3   MM +0.3    MM
2026 07 24 04 50 190  7.0  8.0   0.8     8   3.9 114 1019.6  29.1  29.1  25.4   MM   MM    MM
2026 07 24 04 40 190  7.0  8.0    MM    MM    MM  MM 1019.6  29.1  29.2  25.4   MM   MM    MM
2026 07 24 04 30 180  8.0  9.0    MM    MM    MM  MM 1019.6  29.2  29.2  25.3   MM   MM    MM
2026 07 24 04 20 190  7.0  8.0   0.8     8   4.0 135 1019.7  29.2  29.2  25.2   MM   MM    MM
2026 07 24 04 10 190  7.0  9.0   0.8    MM   4.0 135 1019.7  29.2  29.2  25.2   MM   MM    MM
2026 07 24 04 00 190  7.0  9.0    MM    MM    MM  MM 1019.7  29.2  29.2  25.4   MM +0.9    MM
2026 07 24 03 50 190  7.0  8.0   0.8     8   4.0 127 1019.7  29.2  29.2  25.4   MM   MM    MM
2026 07 24 03 40 190  7.0  7.0    MM    MM    MM  MM 1019.6  29.2  29.2  25.6   MM   MM    MM
2026 07 24 03 30 180  7.0  8.0    MM    MM    MM  MM 1019.4  29.2  29.2  25.5   MM   MM    MM
2026 07 24 03 20 180  7.0  8.0   0.9     8   4.1 120 1019.3  29.2  29.2  25.4   MM   MM    MM
2026 07 24 03 10 180  7.0  8.0   0.9    MM   4.1 120 1019.3  29.2  29.2  25.4   MM   MM    MM
2026 07 24 03 00 180  7.0  8.0    MM    MM    MM  MM 1019.4  29.2  29.2  25.3   MM +1.0    MM
2026 07 24 02 50 180  7.0  9.0   0.8     8   3.9 129 1019.3  29.2  29.2  25.5   MM   MM    MM
2026 07 24 02 40 180  7.0  8.0    MM    MM    MM  MM 1019.2  29.2  29.2  25.6   MM   MM    MM
2026 07 24 02 30 180  7.0  8.0    MM    MM    MM  MM 1019.3  29.2  29.2  25.4   MM   MM    MM
2026 07 24 02 20 190  7.0  8.0   0.8     8   4.0 116 1019.2  29.3  29.2  25.4   MM   MM    MM
2026 07 24 02 10 180  7.0  8.0   0.8    MM   4.0 116 1019.2  29.2  29.2  25.2   MM   MM    MM
2026 07 24 02 00 180  7.0  8.0    MM    MM    MM  MM 1019.1  29.2  29.2  25.3   MM +1.1    MM
2026 07 24 01 50 180  7.0  8.0   0.8     4   3.9 213 1019.0  29.2  29.2  25.3   MM   MM    MM
2026 07 24 01 40 180  7.0  8.0   0.8    MM   3.9 213 1019.0  29.2  29.2  25.1   MM   MM    MM
2026 07 24 01 30 180  7.0  9.0    MM    MM    MM  MM 1019.0  29.2  29.2  24.7   MM   MM    MM
2026 07 24 01 20 180  7.0  9.0   0.8     8   4.1 122 1018.9  29.1  29.2  25.2   MM   MM    MM
2026 07 24 01 10 180  7.0  8.0    MM    MM    MM  MM 1018.8  29.1  29.2  25.4   MM   MM    MM
2026 07 24 01 00 180  7.0  8.0    MM    MM    MM  MM 1018.8  29.1  29.2  25.2   MM +0.9    MM
2026 07 24 00 50 180  7.0  8.0   0.9     8   4.3 128 1018.6  29.1  29.2  25.0   MM   MM    MM
2026 07 24 00 40 180  6.0  7.0    MM    MM    MM  MM 1018.6  29.1  29.2  25.5   MM   MM    MM
2026 07 24 00 30 180  7.0  8.0    MM    MM    MM  MM 1018.5  29.0  29.2  25.3   MM   MM    MM
2026 07 24 00 20 180  7.0  8.0   0.8     8   4.3 116 1018.5  29.0  29.2  25.5   MM   MM    MM
2026 07 24 00 10 180  6.0  7.0   0.8    MM   4.3 116 1018.5  29.0  29.3  25.7   MM   MM    MM
2026 07 24 00 00 190  6.0  7.0    MM    MM    MM  MM 1018.4  29.0  29.3  25.7   MM -0.0    MM
2026 07 23 23 50 190  6.0  7.0   0.8     8   4.2 133 1018.4  29.0  29.3  25.6   MM   MM    MM
2026 07 23 23 40 180  6.0  7.0    MM    MM    MM  MM 1018.2  29.1  29.3  25.4   MM   MM    MM
2026 07 23 23 10 190  6.0  7.0   0.8    MM   4.3 107 1018.0  29.0  29.3  25.1   MM   MM    MM
2026 07 23 23 00 190  6.0  7.0    MM    MM    MM  MM 1018.0  29.0  29.3  25.5   MM -0.4    MM
2026 07 23 22 50 190  6.0  7.0   0.8     8   4.4 122 1018.0  29.0  29.3  25.4   MM   MM    MM
2026 07 23 22 40 190  7.0  7.0    MM    MM    MM  MM 1017.8  29.0  29.3  25.4   MM   MM    MM
2026 07 23 22 30 190  6.0  7.0    MM    MM    MM  MM 1017.8  29.0  29.3  25.2   MM   MM    MM
2026 07 23 22 20 190  6.0  7.0   0.9     8   4.3 124 1017.8  29.0  29.3  25.2   MM   MM    MM
2026 07 23 22 10 190  6.0  7.0   0.9    MM   4.3 124 1017.9  29.0  29.3  25.1   MM   MM    MM
2026 07 23 22 00 190  6.0  7.0    MM    MM    MM  MM 1017.9  29.0  29.3  25.0   MM -0.7    MM
2026 07 23 21 50 200  5.0  6.0   0.9     9   4.4 113 1018.1  29.0  29.3  25.2   MM   MM    MM
2026 07 23 21 40 200  6.0  7.0    MM    MM    MM  MM 1018.3  29.0  29.3  25.0   MM   MM    MM
2026 07 23 21 30 200  6.0  7.0    MM    MM    MM  MM 1018.2  29.0  29.3  25.1   MM   MM    MM
2026 07 23 21 20 200  6.0  7.0   0.9     5   4.4 215 1018.2  29.1  29.3  25.2   MM   MM    MM
2026 07 23 21 10 210  5.0  6.0   0.9    MM   4.4 215 1018.2  29.1  29.3  25.0   MM   MM    MM
2026 07 23 21 00 210  5.0  6.0    MM    MM    MM  MM 1018.3  29.0  29.3  24.9   MM -1.0    MM
2026 07 23 20 50 220  5.0  6.0   0.9     8   4.3 119 1018.4  29.1  29.3  25.1   MM   MM    MM
2026 07 23 20 40 220  5.0  6.0    MM    MM    MM  MM 1018.3  29.1  29.3  24.9   MM   MM    MM
2026 07 23 20 30 220  5.0  6.0    MM    MM    MM  MM 1018.3  29.1  29.3  25.1   MM   MM    MM
2026 07 23 20 20 230  5.0  6.0   0.8     5   4.2 215 1018.3  29.1  29.3  24.9   MM   MM    MM
2026 07 23 20 10 220  6.0  7.0   0.8    MM   4.2 215 1018.3  29.1  29.3  24.6   MM   MM    MM
2026 07 23 20 00 220  6.0  7.0    MM    MM    MM  MM 1018.4  29.2  29.3  25.0   MM -1.2    MM
2026 07 23 19 50 220  6.0  7.0   0.9     5   4.1 220 1018.4  29.1  29.3  25.0   MM   MM    MM
2026 07 23 19 40 220  6.0  7.0    MM    MM    MM  MM 1018.3  29.1  29.3  24.9   MM   MM    MM
2026 07 23 19 30 220  6.0  7.0    MM    MM    MM  MM 1018.5  29.1  29.3  24.8   MM   MM    MM
2026 07 23 19 20 220  6.0  7.0   1.0     5   4.3 200 1018.5  29.1  29.3  24.9   MM   MM    MM
2026 07 23 19 10 220  6.0  7.0   1.0    MM   4.3 200 1018.5  29.1  29.3  25.1   MM   MM    MM
2026 07 23 19 00 220  6.0  7.0    MM    MM    MM  MM 1018.6  29.0  29.3  25.1   MM -1.1    MM
2026 07 23 18 50 220  6.0  7.0   1.0     5   4.2 213 1018.6  29.1  29.3  25.3   MM   MM    MM
2026 07 23 18 40 220  6.0  7.0    MM    MM    MM  MM 1018.8  29.0  29.3  25.2   MM   MM    MM
2026 07 23 18 30 220  6.0  7.0    MM    MM    MM  MM 1018.9  29.0  29.3  25.2   MM   MM    MM
2026 07 23 18 20 210  6.0  7.0   0.9     5   4.2 213 1019.0  29.0  29.3  25.3   MM   MM    MM
2026 07 23 18 10 220  6.0  7.0   0.9    MM   4.2 213 1019.2  29.0  29.3  25.4   MM   MM    MM
2026 07 23 18 00 220  6.0  7.0    MM    MM    MM  MM 1019.3  29.0  29.3  25.3   MM -0.7    MM
2026 07 23 17 50 220  6.0  7.0   1.0     5   4.2 199 1019.4  29.0  29.3  25.3   MM   MM    MM
2026 07 23 17 40 220  7.0  7.0    MM    MM    MM  MM 1019.4  29.0  29.2  25.2   MM   MM    MM
2026 07 23 17 30 230  6.0  8.0    MM    MM    MM  MM 1019.5  29.0  29.3  25.3   MM   MM    MM
2026 07 23 17 20 230  7.0  8.0   1.0     5   4.3 196 1019.5  29.0  29.3  25.2   MM   MM    MM
2026 07 23 17 10 230  7.0  8.0    MM    MM    MM  MM 1019.6  29.0  29.3  25.2   MM   MM    MM
2026 07 23 17 00 230  7.0  8.0    MM    MM    MM  MM 1019.6  29.1  29.3  25.3   MM +0.0    MM
2026 07 23 16 50 220  7.0  8.0   1.0     5   4.2 204 1019.5  29.1  29.3  25.0   MM   MM    MM
2026 07 23 16 40 220  7.0  8.0    MM    MM    MM  MM 1019.6  29.1  29.3  25.1   MM   MM    MM
2026 07 23 16 30 230  7.0  8.0    MM    MM    MM  MM 1019.7  29.2  29.3  24.9   MM   MM    MM
2026 07 23 16 20 230  7.0  8.0   1.0     5   4.2 204 1019.7  29.1  29.3  24.8   MM   MM    MM
2026 07 23 16 10 230  7.0  8.0   1.0    MM   4.2 204 1019.7  29.0  29.3  24.9   MM   MM    MM
2026 07 23 16 00 230  7.0  8.0    MM    MM    MM  MM 1019.7  29.1  29.2  25.2   MM +0.0    MM
2026 07 23 15 50 230  7.0  8.0   1.1     5   4.4 211 1019.7  29.0  29.2  24.9   MM   MM    MM
2026 07 23 15 40 230  7.0  8.0    MM    MM    MM  MM 1019.7  29.0  29.2  25.1   MM   MM    MM
2026 07 23 15 30 230  7.0  8.0    MM    MM    MM  MM 1019.8  29.0  29.2  25.0   MM   MM    MM
2026 07 23 15 20 230  7.0  8.0   1.0     5   4.2 201 1019.9  29.0  29.2  25.4   MM   MM    MM
2026 07 23 15 10 230  7.0  8.0   1.0    MM   4.2 201 1020.0  29.0  29.2  25.5   MM   MM    MM
2026 07 23 15 00 230  7.0  8.0    MM    MM    MM  MM 1020.0  29.0  29.2  25.6   MM +0.8    MM
2026 07 23 14 50 230  7.0  8.0   1.0     5   4.2 199 1019.9  29.0  29.2  25.5   MM   MM    MM
2026 07 23 14 40 230  7.0  8.0    MM    MM    MM  MM 1019.9  28.9  29.2  25.4   MM   MM    MM
2026 07 23 14 30 230  6.0  7.0    MM    MM    MM  MM 1019.9  28.8  29.2  25.9   MM   MM    MM
2026 07 23 14 20 230  6.0  7.0   1.0     5   4.3 194 1019.8  28.9  29.1  26.1   MM   MM    MM
2026 07 23 14 10 230  7.0  8.0   1.0    MM   4.3 194 1019.8  28.9  29.1  25.9   MM   MM    MM
2026 07 23 14 00 230  7.0  8.0    MM    MM    MM  MM 1019.8  28.9  29.1  25.5   MM +1.2    MM
2026 07 23 13 50 230  6.0  7.0   1.1     5   4.3 191 1019.9  28.7  29.1  25.8   MM   MM    MM
2026 07 23 13 40 230  7.0  8.0   1.1    MM   4.3 191 1019.8  28.9  29.1  25.9   MM   MM    MM
2026 07 23 13 30 230  7.0  8.0    MM    MM    MM  MM 1019.8  29.0  29.1  25.8   MM   MM    MM
2026 07 23 13 20 220  7.0  8.0   1.1     5   4.3 179 1019.8  29.1  29.1  25.6   MM   MM    MM
2026 07 23 13 10 220  7.0  8.0   1.1    MM   4.3 179 1019.7  29.1  29.1  25.6   MM   MM    MM
2026 07 23 13 00 210  7.0  8.0    MM    MM    MM  MM 1019.6  29.1  29.1  25.6   MM +1.5    MM
2026 07 23 12 50 220  7.0  8.0   1.1     9   4.3 123 1019.5  29.1  29.1  25.6   MM   MM    MM
2026 07 23 12 40 220  7.0  8.0   1.1    MM   4.3 123 1019.5  29.1  29.1  25.5   MM   MM    MM
2026 07 23 12 30 220  7.0  9.0    MM    MM    MM  MM 1019.5  29.1  29.1  25.5   MM   MM    MM
2026 07 23 12 20 220  7.0  8.0   1.1     5   4.3 177 1019.2  29.1  29.1  25.3   MM   MM    MM
2026 07 23 12 10 210  7.0  8.0   1.1    MM   4.3 177 1019.2  29.1  29.1  25.3   MM   MM    MM
2026 07 23 12 00 210  8.0  9.0    MM    MM    MM  MM 1019.2  29.1  29.1  25.2   MM +1.6    MM
2026 07 23 11 50 210  8.0  9.0   1.2     5   4.4 174 1019.2  29.0  29.1  25.1   MM   MM    MM
2026 07 23 11 40 210  7.0  9.0    MM    MM    MM  MM 1019.1  29.1  29.1  25.4   MM   MM    MM
2026 07 23 11 30 210  8.0  9.0    MM    MM    MM  MM 1019.0  29.0  29.1  25.0   MM   MM    MM
2026 07 23 11 20 210  8.0  9.0   1.1     5   4.3 185 1018.8  29.0  29.1  25.1   MM   MM    MM
2026 07 23 11 10 210  7.0  9.0   1.1    MM   4.3 185 1018.6  29.0  29.2  25.4   MM   MM    MM
2026 07 23 11 00 210  8.0  9.0    MM    MM    MM  MM 1018.6  29.0  29.2  25.1   MM +1.4    MM
2026 07 23 10 50 210  8.0  9.0   1.1     5   4.2 191 1018.5  29.0  29.2  25.0   MM   MM    MM
2026 07 23 10 40 210  8.0  9.0    MM    MM    MM  MM 1018.5  29.0  29.2  24.9   MM   MM    MM
2026 07 23 10 30 210  8.0 10.0    MM    MM    MM  MM 1018.5  29.0  29.2  24.8   MM   MM    MM
2026 07 23 10 20 210  8.0  9.0   1.2     5   4.3 194 1018.3  29.0  29.2  25.0   MM   MM    MM
2026 07 23 10 10 210  8.0  9.0   1.2    MM   4.3 194 1018.2  29.0  29.2  25.1   MM   MM    MM
2026 07 23 10 00 210  8.0  9.0    MM    MM    MM  MM 1018.1  29.0  29.2  25.2   MM +0.9    MM
2026 07 23 09 50 210  8.0 10.0   1.1     8   4.3 112 1018.1  29.0  29.2  25.0   MM   MM    MM
2026 07 23 09 40 210  8.0 10.0    MM    MM    MM  MM 1017.9  29.0  29.2  25.0   MM   MM    MM
2026 07 23 09 30 210  8.0 10.0    MM    MM    MM  MM 1017.8  29.0  29.2  25.2   MM   MM    MM
2026 07 23 09 20 200  8.0 10.0   1.1     8   4.3 119 1017.7  28.9  29.2  25.2   MM   MM    MM
2026 07 23 09 10 200  9.0 10.0   1.1    MM   4.3 119 1017.5  28.9  29.2  25.1   MM   MM    MM
2026 07 23 09 00 200  9.0 10.0    MM    MM    MM  MM 1017.6  28.9  29.2  25.1   MM +0.4    MM
2026 07 23 08 50 200  9.0 10.0   1.2     8   4.2 109 1017.4  28.9  29.2  25.2   MM   MM    MM
2026 07 23 08 40 200  9.0 10.0    MM    MM    MM  MM 1017.4  28.9  29.2  25.2   MM   MM    MM
2026 07 23 08 30 200  9.0 11.0    MM    MM    MM  MM 1017.3  28.9  29.2  25.1   MM   MM    MM
2026 07 23 08 20 200  9.0 10.0   1.1     8   4.2 130 1017.3  28.9  29.2  25.3   MM   MM    MM
2026 07 23 08 10 200  9.0 10.0    MM    MM    MM  MM 1017.2  28.9  29.2  25.3   MM   MM    MM
2026 07 23 08 00 200  9.0 10.0    MM    MM    MM  MM 1017.2  28.8  29.2  25.3   MM -0.3    MM
2026 07 23 07 50 200  8.0  9.0   1.2     9   4.3 129 1017.3  28.9  29.2  25.6   MM   MM    MM
2026 07 23 07 40 200  8.0 10.0    MM    MM    MM  MM 1017.3  28.9  29.2  25.5   MM   MM    MM
2026 07 23 07 30 200  8.0  9.0    MM    MM    MM  MM 1017.3  28.9  29.2  25.5   MM   MM    MM
2026 07 23 07 20 200  8.0 10.0   1.1     8   4.2 130 1017.2  28.9  29.2  25.5   MM   MM    MM
2026 07 23 07 10 200  8.0  9.0   1.1    MM   4.2 130 1017.2  28.9  29.3  25.6   MM   MM    MM
2026 07 23 07 00 200  8.0 10.0    MM    MM    MM  MM 1017.2  28.9  29.3  25.4   MM -0.5    MM
2026 07 23 06 50 200  8.0 10.0   1.1     8   4.2 135 1017.2  28.9  29.3  25.3   MM   MM    MM
2026 07 23 06 40 200  8.0 10.0    MM    MM    MM  MM 1017.2  29.0  29.3  25.5   MM   MM    MM
2026 07 23 06 30 200  8.0 10.0    MM    MM    MM  MM 1017.2  29.0  29.3  25.5   MM   MM    MM
2026 07 23 06 20 200  8.0 10.0   1.1     5   4.3 177 1017.3  29.0  29.3  25.5   MM   MM    MM
2026 07 23 06 10 190  8.0 10.0   1.1    MM   4.3 177 1017.2  29.0  29.3  25.4   MM   MM    MM
2026 07 23 06 00 190  8.0  9.0    MM    MM    MM  MM 1017.2  29.0  29.3  25.3   MM -0.6    MM
2026 07 23 05 50 190  8.0 10.0   1.1     8   4.1 133 1017.2  29.0  29.3  25.5   MM   MM    MM
2026 07 23 05 40 190  8.0 10.0   1.1    MM   4.1 133 1017.3  29.1  29.3  25.5   MM   MM    MM
2026 07 23 05 30 190  8.0 10.0    MM    MM    MM  MM 1017.2  29.1  29.3  25.3   MM   MM    MM
2026 07 23 05 20 190  8.0 10.0   1.1     5   4.2 190 1017.3  29.1  29.3  25.2   MM   MM    MM
2026 07 23 05 10 190  8.0 10.0    MM    MM    MM  MM 1017.4  29.2  29.3  25.4   MM   MM    MM
2026 07 23 05 00 190  8.0 10.0    MM    MM    MM  MM 1017.5  29.1  29.3  25.0   MM +0.0    MM
2026 07 23 04 50 190  8.0 10.0   1.1     5   4.2 180 1017.4  29.1  29.3  25.0   MM   MM    MM
2026 07 23 04 40 190  8.0 10.0    MM    MM    MM  MM 1017.5  29.1  29.3  25.5   MM   MM    MM
2026 07 23 04 30 190  9.0 10.0    MM    MM    MM  MM 1017.6  29.1  29.3  25.2   MM   MM    MM
2026 07 23 04 20 190  8.0 10.0   1.1     6   4.1 182 1017.7  29.1  29.2  25.1   MM   MM    MM
2026 07 23 04 10 190  8.0  9.0   1.1    MM   4.1 182 1017.7  29.1  29.3  25.3   MM   MM    MM
2026 07 23 04 00 190  8.0  9.0    MM    MM    MM  MM 1017.7  29.1  29.3  25.4   MM +0.0    MM
2026 07 23 03 50 190  8.0 10.0   1.0     8   4.2 129 1017.6  29.2  29.3  25.3   MM   MM    MM
2026 07 23 03 40 190  9.0 10.0    MM    MM    MM  MM 1017.6  29.1  29.3  25.3   MM   MM    MM
2026 07 23 03 30 190  9.0 10.0    MM    MM    MM  MM 1017.6  29.1  29.3  25.4   MM   MM    MM
2026 07 23 03 20 190  8.0  9.0   1.1     6   4.2 176 1017.7  29.1  29.3  25.8   MM   MM    MM
2026 07 23 03 10 190  7.0  9.0   1.1    MM   4.2 176 1017.7  29.1  29.3  26.2   MM   MM    MM
2026 07 23 03 00 190  8.0  9.0    MM    MM    MM  MM 1017.8  29.0  29.3  25.8   MM +0.7    MM
2026 07 23 02 50 190  8.0 10.0   1.1     6   4.3 207 1017.7  29.0  29.3  25.8   MM   MM    MM
2026 07 23 02 40 190  8.0  9.0    MM    MM    MM  MM 1017.7  29.0  29.3  25.7   MM   MM    MM
2026 07 23 02 30 190  8.0  9.0    MM    MM    MM  MM 1017.7  29.0  29.3  25.6   MM   MM    MM
2026 07 23 02 20 190  8.0  9.0   1.1     6   4.4 185 1017.8  29.0  29.3  25.5   MM   MM    MM
2026 07 23 02 10 190  7.0  8.0    MM    MM    MM  MM 1017.8  29.0  29.3  25.5   MM   MM    MM
2026 07 23 02 00 200  7.0  8.0    MM    MM    MM  MM 1017.7  29.1  29.3  25.6   MM +0.9    MM
2026 07 23 01 50 200  7.0  9.0   1.1     6   4.3 182 1017.7  29.1  29.3  25.4   MM   MM    MM
2026 07 23 01 40 200  7.0  8.0   1.1    MM   4.3 182 1017.6  29.0  29.3  25.3   MM   MM    MM
2026 07 23 01 30 200  7.0  8.0    MM    MM    MM  MM 1017.6  29.0  29.3  25.5   MM   MM    MM
2026 07 23 01 20 200  7.0  8.0   1.1     6   4.4 191 1017.6  29.0  29.3  25.7   MM   MM    MM
2026 07 23 01 10 190  7.0  8.0   1.1    MM   4.4 191 1017.5  29.0  29.3  25.7   MM   MM    MM
2026 07 23 01 00 190  7.0  9.0    MM    MM    MM  MM 1017.5  29.0  29.3  25.7   MM +0.9    MM
2026 07 23 00 50 200  7.0  8.0   1.1     6   4.5 189 1017.5  29.1  29.3  25.9   MM   MM    MM
2026 07 23 00 40 200  7.0  9.0   1.1    MM   4.5 189 1017.3  29.1  29.3  25.6   MM   MM    MM
2026 07 23 00 30 200  7.0  9.0    MM    MM    MM  MM 1017.2  29.1  29.3  25.4   MM   MM    MM
2026 07 23 00 20 200  7.0  9.0   1.1     6   4.4 198 1017.2  29.1  29.3  25.2   MM   MM    MM
2026 07 23 00 10 210  7.0  8.0   1.1    MM   4.4 198 1017.2  29.1    MM  25.0   MM   MM    MM
2026 07 23 00 00 200  7.0  8.0    MM    MM    MM  MM 1017.1  29.2  29.3  25.0   MM +0.7    MM
2026 07 22 23 50 200  7.0  9.0   1.1     5   4.3 200 1017.1  29.2  29.4  25.1   MM   MM    MM
2026 07 22 23 40 200  6.0  8.0   1.1    MM   4.3 200 1017.1  29.2  29.4  25.2   MM   MM    MM
2026 07 22 23 30 210  7.0  8.0    MM    MM    MM  MM 1017.1  29.2  29.4  25.0   MM   MM    MM
2026 07 22 23 20 210  7.0  8.0   1.1     6   4.5 194 1017.0  29.2  29.4  24.9   MM   MM    MM
2026 07 22 23 10 200  7.0  8.0   1.1    MM   4.5 194 1016.9  29.2  29.4  24.8   MM   MM    MM
2026 07 22 23 00 200  7.0  8.0    MM    MM    MM  MM 1016.8  29.2  29.4  24.8   MM +0.0    MM
2026 07 22 22 50 200  7.0  8.0   1.1     5   4.4 192 1016.7  29.3  29.4  25.1   MM   MM    MM
2026 07 22 22 40 200  7.0  9.0    MM    MM    MM  MM 1016.7  29.3  29.4  24.8   MM   MM    MM
2026 07 22 22 30 200  8.0  9.0    MM    MM    MM  MM 1016.6  29.3  29.4  24.5   MM   MM    MM
2026 07 22 22 20 200  7.0  9.0   1.1     6   4.4 203 1016.6  29.3  29.4  24.7   MM   MM    MM
2026 07 22 22 10 200  7.0  9.0   1.1    MM   4.4 203 1016.5  29.4  29.4  24.6   MM   MM    MM
2026 07 22 22 00 200  8.0  9.0    MM    MM    MM  MM 1016.6  29.4  29.4  24.3   MM -0.3    MM
2026 07 22 21 50 200  7.0  9.0   1.2     8   4.5 131 1016.6  29.4  29.4  24.2   MM   MM    MM
2026 07 22 21 40 200  7.0  9.0   1.2    MM   4.5 131 1016.5  29.5  29.4  24.3   MM   MM    MM
2026 07 22 21 30 210  7.0  8.0    MM    MM    MM  MM 1016.5  29.5  29.4  24.0   MM   MM    MM
2026 07 22 21 20 200  7.0  9.0   1.2     6   4.5 194 1016.5  29.5  29.4  24.1   MM   MM    MM
2026 07 22 21 10 210  8.0  9.0   1.2    MM   4.5 194 1016.6  29.5  29.4  23.9   MM   MM    MM
2026 07 22 21 00 210  8.0  9.0    MM    MM    MM  MM 1016.4  29.5  29.5  23.9   MM -0.9    MM
2026 07 22 20 50 210  8.0  9.0   1.3     5   4.6 200 1016.5  29.5  29.5  24.1   MM   MM    MM
2026 07 22 20 40 210  8.0  9.0    MM    MM    MM  MM 1016.5  29.5  29.5  23.9   MM   MM    MM
2026 07 22 20 30 210  8.0  9.0    MM    MM    MM  MM 1016.4  29.5  29.4  24.0   MM   MM    MM
2026 07 22 20 20 210  8.0  9.0   1.3     6   4.6 202 1016.5  29.5  29.4  23.9   MM   MM    MM
2026 07 22 20 10 210  8.0  9.0   1.3    MM   4.6 202 1016.5  29.4  29.4  24.2   MM   MM    MM
2026 07 22 20 00 210  7.0  9.0    MM    MM    MM  MM 1016.6  29.5  29.5  24.3   MM -1.2    MM
2026 07 22 19 50 210  8.0 10.0   1.2     6   4.5 188 1016.7  29.5  29.4  23.8   MM   MM    MM
2026 07 22 19 40 210  8.0 10.0    MM    MM    MM  MM 1016.7  29.4  29.4  24.0   MM   MM    MM
2026 07 22 19 30 210  8.0  9.0    MM    MM    MM  MM 1016.7  29.4  29.5  24.5   MM   MM    MM
2026 07 22 19 20 210  8.0  9.0   1.3     6   4.5 207 1016.7  29.4  29.4  24.6   MM   MM    MM
2026 07 22 19 10 210  8.0  9.0    MM    MM    MM  MM 1016.8  29.4    MM  24.5   MM   MM    MM
2026 07 22 19 00 210  8.0  9.0    MM    MM    MM  MM 1016.9  29.4    MM  24.4   MM -1.3    MM
2026 07 22 18 50 210  8.0  9.0   1.2    MM   4.4 206 1016.8  29.4    MM  24.6   MM   MM    MM
2026 07 22 18 40  MM   MM   MM   1.2     6   4.4 206     MM    MM    MM    MM   MM   MM    MM
2026 07 22 18 30 210  8.0 10.0    MM    MM    MM  MM 1016.8  29.4  29.5  24.3   MM   MM    MM
2026 07 22 18 20 210  8.0  9.0   1.3     6   4.5 209 1017.0  29.4  29.4  24.7   MM   MM    MM
2026 07 22 18 10 210  8.0 10.0   1.3    MM   4.5 209 1017.1  29.4  29.5  24.5   MM   MM    MM
2026 07 22 18 00 220  8.0  9.0    MM    MM    MM  MM 1017.3  29.4  29.5  24.8   MM -0.5    MM
2026 07 22 17 50 220  7.0  9.0   1.4     6   4.5 197 1017.4  29.4  29.4  24.8   MM   MM    MM
2026 07 22 17 40 210  7.0  9.0    MM    MM    MM  MM 1017.4  29.3  29.4  25.0   MM   MM    MM
2026 07 22 17 30 220  7.0  9.0    MM    MM    MM  MM 1017.5  29.3  29.4  25.0   MM   MM    MM
2026 07 22 17 20 220  8.0  9.0   1.3     6   4.4 192 1017.7  29.2  29.4  25.1   MM   MM    MM
2026 07 22 17 10 220  8.0  9.0    MM    MM    MM  MM 1017.8  29.3  29.4  25.3   MM   MM    MM
2026 07 22 17 00 220  8.0  9.0    MM    MM    MM  MM 1017.8  29.3  29.4  25.3   MM +0.4    MM
2026 07 22 16 50 220  8.0  9.0   1.4     6   4.5 208 1017.8  29.3  29.4  25.0   MM   MM    MM
2026 07 22 16 40 220  8.0  9.0    MM    MM    MM  MM 1017.9  29.4  29.4  25.2   MM   MM    MM
2026 07 22 16 30 220  8.0 10.0    MM    MM    MM  MM 1018.0  29.4  29.4  24.8   MM   MM    MM
2026 07 22 16 20 230  8.0  9.0   1.4     6   4.5 195 1018.0  29.4  29.4  24.9   MM   MM    MM
2026 07 22 16 10 220  8.0  9.0    MM    MM    MM  MM 1018.2  29.4  29.4  24.7   MM   MM    MM
2026 07 22 16 00 230  8.0  9.0    MM    MM    MM  MM 1018.2  29.4  29.4  24.8   MM +1.0    MM
2026 07 22 15 50 230  8.0  9.0   1.4     6   4.5 179 1018.2  29.4  29.4  24.8   MM   MM    MM
2026 07 22 15 40 230  8.0 10.0    MM    MM    MM  MM 1018.1  29.4  29.4  25.1   MM   MM    MM
2026 07 22 15 30 220  8.0 10.0    MM    MM    MM  MM 1018.1  29.5  29.4  25.1   MM   MM    MM
2026 07 22 15 20 220  9.0 11.0   1.5     6   4.6 204 1017.9  29.4  29.4  25.2   MM   MM    MM
2026 07 22 15 10 210  8.0 10.0   1.5    MM   4.6 204 1017.9  29.4  29.4  25.6   MM   MM    MM
2026 07 22 15 00 210  8.0 10.0    MM    MM    MM  MM 1017.8  29.5  29.4  25.8   MM +1.2    MM
2026 07 22 14 50 210  8.0 10.0   1.6     6   4.6 208 1017.7  29.4  29.3  25.3   MM   MM    MM
2026 07 22 14 40 210  8.0 10.0    MM    MM    MM  MM 1017.7  29.4  29.3  25.3   MM   MM    MM
2026 07 22 14 30 210  8.0 10.0    MM    MM    MM  MM 1017.6  29.5  29.3  25.6   MM   MM    MM
2026 07 22 14 20 210  9.0 10.0   1.6     6   4.6 207 1017.5  29.4  29.3  25.3   MM   MM    MM
2026 07 22 14 10 210  9.0 11.0   1.6    MM   4.6 207 1017.4  29.4  29.3  25.2   MM   MM    MM
2026 07 22 14 00 210  9.0 11.0    MM    MM    MM  MM 1017.4  29.4  29.3  25.5   MM +1.4    MM
2026 07 22 13 50 210  9.0 10.0   1.6     6   4.8 194 1017.1  29.4  29.3  25.4   MM   MM    MM
2026 07 22 13 40 200  9.0 11.0    MM    MM    MM  MM 1017.1  29.3  29.3  25.7   MM   MM    MM
2026 07 22 13 30 200  9.0 11.0    MM    MM    MM  MM 1017.1  29.3  29.3  25.5   MM   MM    MM
2026 07 22 13 20 200  9.0 11.0   1.6     6   4.8 192 1017.2  29.3  29.3  25.5   MM   MM    MM
2026 07 22 13 10 210  9.0 10.0   1.6    MM   4.8 192 1017.2  29.2  29.3  25.5   MM   MM    MM
2026 07 22 13 00 210  9.0 10.0    MM    MM    MM  MM 1017.2  29.2  29.3  25.8   MM +1.8    MM
2026 07 22 12 50 200  8.0 10.0   1.6     6   4.8 188 1017.2  29.2  29.3  25.7   MM   MM    MM
2026 07 22 12 40 210  9.0 10.0    MM    MM    MM  MM 1017.2  29.2  29.3  25.7   MM   MM    MM
2026 07 22 12 30 210  9.0 10.0    MM    MM    MM  MM 1017.0  29.2  29.3  25.8   MM   MM    MM
2026 07 22 12 20 200  9.0 11.0   1.6     6   4.8 180 1016.9  29.2  29.3  25.8   MM   MM    MM
2026 07 22 12 10 200  9.0 10.0    MM    MM    MM  MM 1016.8  29.2  29.3  25.8   MM   MM    MM
2026 07 22 12 00 200  9.0 10.0    MM    MM    MM  MM 1016.6  29.2  29.3  25.7   MM +1.3    MM
2026 07 22 11 50 200  9.0 11.0   1.6     6   4.8 175 1016.5  29.2  29.3  25.6   MM   MM    MM
2026 07 22 11 40 200  9.0 11.0    MM    MM    MM  MM 1016.4  29.1  29.3  25.6   MM   MM    MM
2026 07 22 11 30 200  9.0 11.0    MM    MM    MM  MM 1016.3  29.1  29.3  25.6   MM   MM    MM
2026 07 22 11 20 210  9.0 11.0   1.7     6   4.8 189 1016.1  29.1  29.3  25.5   MM   MM    MM
2026 07 22 11 10 210  9.0 11.0    MM    MM    MM  MM 1016.1  29.1  29.3  25.6   MM   MM    MM
2026 07 22 11 00 200  9.0 11.0    MM    MM    MM  MM 1016.0  29.1  29.3  25.6   MM +1.1    MM
2026 07 22 10 50 200  9.0 11.0   1.7     6   4.8 200 1015.9  29.1  29.3  25.7   MM   MM    MM
2026 07 22 10 40 200  9.0 11.0    MM    MM    MM  MM 1015.8  29.1  29.3  25.6   MM   MM    MM
2026 07 22 10 30 200  9.0 11.0    MM    MM    MM  MM 1015.8  29.1  29.3  25.6   MM   MM    MM
2026 07 22 10 20 200  9.0 11.0   1.7     6   4.7 185 1015.7  29.1  29.3  25.5   MM   MM    MM
2026 07 22 10 10 200  9.0 11.0    MM    MM    MM  MM 1015.5  29.1  29.3  25.5   MM   MM    MM
2026 07 22 10 00 200  9.0 11.0    MM    MM    MM  MM 1015.4  29.1  29.3  25.5   MM +0.4    MM
2026 07 22 09 50 200  9.0 12.0   1.7     6   4.7 193 1015.4  29.1  29.3  25.5   MM   MM    MM
2026 07 22 09 40 200 10.0 12.0    MM    MM    MM  MM 1015.3  29.1  29.3  25.6   MM   MM    MM
2026 07 22 09 30 200 10.0 11.0    MM    MM    MM  MM 1015.2  29.1  29.3  25.8   MM   MM    MM
2026 07 22 09 20 200 10.0 11.0   1.8     6   4.9 200 1015.3  29.1  29.3  25.7   MM   MM    MM
2026 07 22 09 10 200 10.0 12.0    MM    MM    MM  MM 1015.1  29.1  29.3  25.5   MM   MM    MM
2026 07 22 09 00 210 10.0 12.0    MM    MM    MM  MM 1015.3  29.1  29.4  25.4   MM -0.0    MM
2026 07 22 08 50 210 10.0 12.0   1.7     6   4.8 198 1015.3  29.1  29.3  25.7   MM   MM    MM
2026 07 22 08 40 200 10.0 12.0    MM    MM    MM  MM 1015.3  29.1  29.3  25.7   MM   MM    MM
2026 07 22 08 30 200 10.0 11.0    MM    MM    MM  MM 1015.4  29.1  29.3  25.6   MM   MM    MM
2026 07 22 08 20 200 10.0 11.0   1.8     6   4.7 185 1015.2  29.1  29.3  25.8   MM   MM    MM
2026 07 22 08 10 200 10.0 11.0    MM    MM    MM  MM 1015.3  29.0  29.4  25.8   MM   MM    MM
2026 07 22 08 00 200 10.0 12.0    MM    MM    MM  MM 1014.9  29.0  29.4  25.7   MM -0.8    MM
2026 07 22 07 50 190 10.0 12.0   1.8     6   4.7 191 1014.8  29.0  29.4  25.7   MM   MM    MM
2026 07 22 07 40 190 10.0 13.0    MM    MM    MM  MM 1014.7  29.0  29.4  25.8   MM   MM    MM
2026 07 22 07 30 190 11.0 13.0    MM    MM    MM  MM 1014.7  29.1  29.4  25.7   MM   MM    MM
2026 07 22 07 20 190 11.0 13.0   1.8    MM   4.6 186 1014.8  29.0  29.4  25.6   MM   MM    MM
2026 07 22 07 10  MM   MM   MM   1.8     6   4.6 186     MM    MM    MM    MM   MM   MM    MM
2026 07 22 07 00 190 10.0 13.0    MM    MM    MM  MM 1015.0  29.1  29.4  25.7   MM -1.0    MM
2026 07 22 06 50 190 11.0 13.0   1.7     6   4.6 195 1014.8  29.1  29.4  25.8   MM   MM    MM
2026 07 22 06 40 190 11.0 12.0    MM    MM    MM  MM 1014.9  29.1  29.4  25.9   MM   MM    MM
2026 07 22 06 30 190 11.0 13.0    MM    MM    MM  MM 1015.1  29.1  29.4  25.9   MM   MM    MM
2026 07 22 06 20 190 11.0 13.0   1.8     6   4.7 189 1015.3  29.1  29.4  25.7   MM   MM    MM
2026 07 22 06 10 190 11.0 13.0    MM    MM    MM  MM 1015.2  29.1  29.4  25.9   MM   MM    MM
2026 07 22 06 00 190 11.0 13.0    MM    MM    MM  MM 1015.3  29.2  29.4  26.0   MM -1.7    MM
2026 07 22 05 50 190 11.0 14.0   1.7     6   4.6 195 1015.3  29.2  29.4  26.0   MM   MM    MM
2026 07 22 05 40 190 11.0 14.0    MM    MM    MM  MM 1015.4  29.2  29.4  25.9   MM   MM    MM
2026 07 22 05 30 190 12.0 14.0    MM    MM    MM  MM 1015.5  29.2  29.4  25.8   MM   MM    MM
2026 07 22 05 20 190 11.0 13.0   1.6     5   4.6 198 1015.6  29.2  29.4  26.0   MM   MM    MM
2026 07 22 05 10 190 11.0 13.0    MM    MM    MM  MM 1015.7  29.2  29.4  25.8   MM   MM    MM
2026 07 22 05 00 190 11.0 14.0    MM    MM    MM  MM 1015.7  29.2  29.4  26.0   MM -0.9    MM
2026 07 22 04 50 190 11.0 14.0   1.6     6   4.5 193 1015.7  29.2  29.4  26.0   MM   MM    MM
2026 07 22 04 40 190 11.0 13.0    MM    MM    MM  MM 1015.5  29.3  29.4  26.2   MM   MM    MM
2026 07 22 04 30 190 11.0 13.0    MM    MM    MM  MM 1015.6  29.3  29.4  26.1   MM   MM    MM
2026 07 22 04 20 190 11.0 13.0   1.7     6   4.6 190 1015.8  29.3  29.4  26.1   MM   MM    MM
2026 07 22 04 10 190 11.0 13.0   1.7    MM   4.6 190 1016.0  29.3  29.4  25.9   MM   MM    MM
2026 07 22 04 00 190 10.0 13.0    MM    MM    MM  MM 1016.0  29.3  29.4  26.0   MM +0.0    MM
2026 07 22 03 50 190 11.0 13.0   1.5     6   4.4 179 1016.2  29.4  29.4  25.9   MM   MM    MM
2026 07 22 03 40 190 11.0 13.0    MM    MM    MM  MM 1016.3  29.3  29.4  26.0   MM   MM    MM
2026 07 22 03 30 190 10.0 12.0    MM    MM    MM  MM 1016.4  29.4  29.4  26.2   MM   MM    MM
2026 07 22 03 20 190 10.0 13.0   1.4     5   4.3 186 1016.6  29.4  29.4  26.2   MM   MM    MM
2026 07 22 03 10 190 10.0 13.0   1.4    MM   4.3 186 1016.7  29.4  29.4  26.3   MM   MM    MM
2026 07 22 03 00 190 10.0 12.0    MM    MM    MM  MM 1017.0  29.4  29.4  26.3   MM +1.5    MM
2026 07 22 02 50 190 10.0 12.0   1.5     6   4.4 183 1017.1  29.4  29.4  26.3   MM   MM    MM
2026 07 22 02 40 180 11.0 13.0    MM    MM    MM  MM 1016.8  29.4  29.4  26.0   MM   MM    MM
2026 07 22 02 30 190 10.0 12.0    MM    MM    MM  MM 1016.7  29.4  29.4  26.0   MM   MM    MM
2026 07 22 02 20 190 10.0 12.0   1.4     6   4.4 170 1016.7  29.5  29.4  26.1   MM   MM    MM
2026 07 22 02 10 190  9.0 11.0   1.4    MM   4.4 170 1016.8  29.4  29.4  26.1   MM   MM    MM
2026 07 22 02 00 180 10.0 11.0    MM    MM    MM  MM 1016.6  29.4  29.4  26.2   MM +1.7    MM
2026 07 22 01 50 180  9.0 11.0   1.5     5   4.5 205 1016.3  29.4  29.4  26.4   MM   MM    MM
2026 07 22 01 40 180  9.0 11.0    MM    MM    MM  MM 1016.5  29.4  29.4  26.1   MM   MM    MM
2026 07 22 01 30 180  9.0 11.0    MM    MM    MM  MM 1016.2  29.4  29.4  26.1   MM   MM    MM
2026 07 22 01 20 180  9.0 11.0   1.4     5   4.5 196 1016.3  29.4  29.4  26.1   MM   MM    MM
2026 07 22 01 10 180 10.0 11.0    MM    MM    MM  MM 1015.9  29.5  29.5  26.3   MM   MM    MM
2026 07 22 01 00 180  9.0 11.0    MM    MM    MM  MM 1015.9  29.5    MM  25.9   MM +0.7    MM
2026 07 22 00 50  MM   MM   MM   1.4    MM   4.5 170 1015.8  29.6  29.5  25.7   MM   MM    MM
2026 07 22 00 40 190 10.0 11.0    MM    MM    MM  MM 1015.8  29.6  29.5  25.4   MM   MM    MM
2026 07 22 00 30 190  9.0 11.0    MM    MM    MM  MM 1015.7  29.5  29.5  25.6   MM   MM    MM
2026 07 22 00 20 190  9.0 11.0   1.4     6   4.6 185 1015.6  29.6    MM  25.7   MM   MM    MM
2026 07 22 00 10 190  9.0 11.0   1.4    MM   4.6 185 1015.6  29.6  29.5  25.5   MM   MM    MM
2026 07 22 00 00 190  9.0 11.0    MM    MM    MM  MM 1015.5  29.5  29.5  25.6   MM -0.0    MM
2026 07 21 23 50 190  9.0 10.0   1.4     5   4.4 199 1015.3  29.5  29.5  25.7   MM   MM    MM
2026 07 21 23 40 200  9.0 11.0    MM    MM    MM  MM 1015.3  29.6  29.5  25.6   MM   MM    MM
2026 07 21 23 10 200  9.0 11.0   1.5    MM   4.7 177 1015.0  29.6  29.5  25.3   MM   MM    MM
2026 07 21 23 00 200  9.0 11.0    MM    MM    MM  MM 1014.9  29.5  29.5  25.1   MM -1.1    MM
2026 07 21 22 50 200 10.0 11.0   1.4     6   4.5 197 1015.0  29.6  29.5  25.0   MM   MM    MM
2026 07 21 22 40 200  9.0 11.0   1.4    MM   4.5 197 1015.3  29.6  29.5  24.9   MM   MM    MM
2026 07 21 22 30 200 10.0 12.0    MM    MM    MM  MM 1015.3  29.6  29.5  24.8   MM   MM    MM
2026 07 21 22 20 200 10.0 11.0   1.4     6   4.4 172 1015.0  29.5  29.5  24.6   MM   MM    MM
2026 07 21 22 10 200  9.0 11.0   1.4    MM   4.4 172 1015.2  29.5  29.5  24.6   MM   MM    MM
2026 07 21 22 00 210 10.0 12.0    MM    MM    MM  MM 1015.2  29.5  29.5  24.4   MM -1.0    MM
2026 07 21 21 50 210 10.0 12.0   1.5     5   4.6 201 1015.4  29.5  29.5  24.4   MM   MM    MM
2026 07 21 21 40 210 10.0 11.0    MM    MM    MM  MM 1015.4  29.5  29.5  24.5   MM   MM    MM
2026 07 21 21 30 210  9.0 11.0    MM    MM    MM  MM 1015.5  29.5  29.5  24.6   MM   MM    MM
2026 07 21 21 20 200  9.0 11.0   1.4     6   4.5 185 1015.5  29.3  29.5  24.8   MM   MM    MM
2026 07 21 21 10 200  9.0 11.0    MM    MM    MM  MM 1015.5  29.3  29.5  25.1   MM   MM    MM
2026 07 21 21 00 200  9.0 11.0    MM    MM    MM  MM 1015.7  29.3  29.5  25.2   MM -1.0    MM
2026 07 21 20 50 210  9.0 11.0   1.3     6   4.4 191 1015.7  29.4  29.5  25.1   MM   MM    MM
2026 07 21 20 40 200  9.0 11.0    MM    MM    MM  MM 1015.8  29.3  29.5  24.9   MM   MM    MM
2026 07 21 20 30 200 10.0 11.0    MM    MM    MM  MM 1015.7  29.4  29.5  24.9   MM   MM    MM
2026 07 21 20 20 210  9.0 10.0   1.3     6   4.6 176 1015.9  29.5  29.5  25.0   MM   MM    MM
2026 07 21 20 10 200  9.0 11.0   1.3    MM   4.6 176 1016.0  29.4  29.6  24.4   MM   MM    MM
2026 07 21 20 00 200  9.0 11.0    MM    MM    MM  MM 1016.0  29.4  29.6  24.8   MM -1.1    MM
2026 07 21 19 50 200  9.0 11.0   1.4     6   4.5 163 1015.9  29.4  29.6  24.9   MM   MM    MM
2026 07 21 19 40 200  9.0 11.0    MM    MM    MM  MM 1015.8  29.4  29.6  24.9   MM   MM    MM
2026 07 21 19 30 200  9.0 11.0    MM    MM    MM  MM 1016.0  29.4  29.6  25.3   MM   MM    MM
2026 07 21 19 20 200  9.0 10.0   1.3     6   4.5 176 1016.0    MM  29.6    MM   MM   MM    MM
2026 07 21 19 10 200  8.0 10.0    MM    MM    MM  MM 1016.2  29.3  29.6  25.4   MM   MM    MM
2026 07 21 19 00 210  8.0  9.0    MM    MM    MM  MM 1016.2  29.4  29.6  25.5   MM -0.9    MM
2026 07 21 18 50 210  8.0  9.0   1.4     6   4.5 172 1016.4  29.5  29.6  25.2   MM   MM    MM
2026 07 21 18 40 210  9.0 11.0    MM    MM    MM  MM 1016.4  29.4  29.6  25.0   MM   MM    MM
2026 07 21 18 30 210  8.0 10.0    MM    MM    MM  MM 1016.4  29.4  29.5  25.3   MM   MM    MM
2026 07 21 18 20 210  8.0  9.0   1.3     6   4.6 160 1016.5  29.4  29.6  25.4   MM   MM    MM
2026 07 21 18 10 220  8.0 10.0   1.3    MM   4.6 160 1016.6  29.5  29.5  25.2   MM   MM    MM
2026 07 21 18 00 220  8.0 10.0    MM    MM    MM  MM 1016.7  29.4  29.5  25.1   MM +0.0    MM
2026 07 21 17 50 220  7.0  9.0   1.3     6   4.4 181 1016.6  29.4  29.5  25.6   MM   MM    MM
2026 07 21 17 40 220  8.0  9.0   1.3    MM   4.4 181 1016.9  29.5  29.5  25.7   MM   MM    MM
2026 07 21 17 30 220  8.0  9.0    MM    MM    MM  MM 1017.0  29.5  29.5  25.4   MM   MM    MM
2026 07 21 17 20 220  8.0 10.0   1.2     5   4.3 179 1017.1  29.5  29.5  25.4   MM   MM    MM
2026 07 21 17 10 220  8.0 10.0   1.2    MM   4.3 179 1017.1  29.5  29.5  25.3   MM   MM    MM
2026 07 21 17 00 220  8.0  9.0    MM    MM    MM  MM 1017.1  29.6  29.5  25.4   MM +0.5    MM
2026 07 21 16 50 220  8.0  9.0   1.2     5   4.2 181 1017.1  29.6  29.5  25.2   MM   MM    MM
2026 07 21 16 40 220  8.0  9.0   1.2    MM   4.2 181 1017.0  29.6  29.5  25.2   MM   MM    MM
2026 07 21 16 30 220  8.0 10.0    MM    MM    MM  MM 1017.0  29.6  29.5  25.5   MM   MM    MM
2026 07 21 16 20 220  8.0  9.0   1.2     6   4.2 167 1017.2  29.5    MM  25.6   MM   MM    MM
2026 07 21 16 10 220  8.0  9.0   1.2    MM   4.2 167 1017.1  29.5  29.5  25.8   MM   MM    MM
2026 07 21 16 00 220  8.0 10.0    MM    MM    MM  MM 1017.1  29.5  29.5  26.0   MM -0.0    MM
2026 07 21 15 50 210  8.0  9.0   1.2     5   4.3 194 1017.1  29.5  29.5  26.0   MM   MM    MM
2026 07 21 15 40 210  8.0 10.0    MM    MM    MM  MM 1017.1  29.5  29.4  26.0   MM   MM    MM
2026 07 21 15 30 210  8.0 10.0    MM    MM    MM  MM 1017.0  29.6  29.5  25.9   MM   MM    MM
2026 07 21 15 20 210  8.0 10.0   1.2     5   4.1 184 1016.8  29.6  29.4  25.6   MM   MM    MM
2026 07 21 15 10 200  9.0 10.0   1.2    MM   4.1 184 1016.7  29.6  29.4  25.5   MM   MM    MM
2026 07 21 15 00 200  9.0 10.0    MM    MM    MM  MM 1016.7  29.6  29.4  25.8   MM +0.4    MM
2026 07 21 14 50 200  9.0 10.0   1.2     5   4.2 173 1016.8  29.7  29.4  26.4   MM   MM    MM
2026 07 21 14 40 200  8.0 10.0    MM    MM    MM  MM 1016.8  29.6  29.4  26.3   MM   MM    MM
2026 07 21 14 30 200  9.0 10.0    MM    MM    MM  MM 1016.7  29.6  29.4  26.3   MM   MM    MM
2026 07 21 14 20 200  9.0 10.0   1.2     5   4.3 176 1016.6  29.6  29.4  26.2   MM   MM    MM
2026 07 21 14 10 200  8.0 10.0   1.2    MM   4.3 176 1016.5  29.5  29.4  26.2   MM   MM    MM
2026 07 21 14 00 200  8.0  9.0    MM    MM    MM  MM 1016.6  29.5  29.4  26.5   MM +1.0    MM
2026 07 21 13 50 200  7.0  9.0   1.1     5   4.2 183 1016.7  29.4  29.4  26.5   MM   MM    MM
2026 07 21 13 40 200  7.0  9.0    MM    MM    MM  MM 1016.8  29.4  29.4  26.5   MM   MM    MM
2026 07 21 13 30 200  7.0  9.0    MM    MM    MM  MM 1016.7  29.4  29.4  26.2   MM   MM    MM
2026 07 21 13 20 200  8.0 10.0   1.3     5   4.3 172 1016.7  29.5  29.4  26.0   MM   MM    MM
2026 07 21 13 10 200  8.0 10.0   1.3    MM   4.3 172 1016.8  29.5  29.4  25.5   MM   MM    MM
2026 07 21 13 00 200  8.0 10.0    MM    MM    MM  MM 1016.9  29.5  29.4  25.7   MM +1.5    MM
2026 07 21 12 50 200  8.0  9.0   1.2     5   4.3 182 1016.7  29.5  29.4  26.0   MM   MM    MM
2026 07 21 12 40 200  8.0  9.0    MM    MM    MM  MM 1016.7  29.5  29.4  26.0   MM   MM    MM
2026 07 21 12 30 200  8.0 10.0    MM    MM    MM  MM 1016.7  29.5  29.4  25.9   MM   MM    MM
2026 07 21 12 20 200  8.0  9.0   1.2     5   4.2 178 1016.5    MM  29.4    MM   MM   MM    MM
2026 07 21 12 10 200  8.0 10.0    MM    MM    MM  MM 1016.4  29.5  29.3  25.9   MM   MM    MM
2026 07 21 12 00 200  8.0 10.0    MM    MM    MM  MM 1016.3  29.4  29.3  25.9   MM +1.5    MM
2026 07 21 11 50 200  8.0 10.0   1.3     5   4.4 183 1016.4  29.4  29.3  25.8   MM   MM    MM
2026 07 21 11 40 200  8.0  9.0    MM    MM    MM  MM 1016.2  29.4  29.3  26.0   MM   MM    MM
2026 07 21 11 30 200  8.0 10.0    MM    MM    MM  MM 1016.3  29.4  29.4  25.9   MM   MM    MM
2026 07 21 11 20 200  9.0 10.0   1.2     6   4.2 176 1015.9  29.3  29.3  25.7   MM   MM    MM
2026 07 21 11 10 200  9.0 11.0   1.2    MM   4.2 176 1015.6  29.3  29.4  25.8   MM   MM    MM
2026 07 21 11 00 190  9.0 10.0    MM    MM    MM  MM 1015.6  29.3  29.3  25.8   MM +1.0    MM
2026 07 21 10 50 190  9.0 11.0   1.2     5   4.1 179 1015.5  29.3  29.4  25.7   MM   MM    MM
2026 07 21 10 40 200  9.0 11.0    MM    MM    MM  MM 1015.4  29.3  29.4  25.7   MM   MM    MM
2026 07 21 10 30 200  9.0 11.0    MM    MM    MM  MM 1015.3  29.4  29.4  25.5   MM   MM    MM
2026 07 21 10 20 200  9.0 10.0   1.3     6   4.3 177 1015.4  29.3  29.4  25.8   MM   MM    MM
2026 07 21 10 10 200  9.0 11.0   1.3    MM   4.3 177 1015.4  29.3  29.4  25.9   MM   MM    MM
2026 07 21 10 00 200  9.0 11.0    MM    MM    MM  MM 1015.4  29.4  29.4  26.0   MM -0.0    MM
2026 07 21 09 50 200  9.0 11.0   1.2     5   4.3 194 1015.4    MM  29.4    MM   MM   MM    MM
2026 07 21 09 40 200  9.0 11.0    MM    MM    MM  MM 1015.1  29.4  29.4  25.7   MM   MM    MM
2026 07 21 09 30 200  9.0 11.0    MM    MM    MM  MM 1015.0  29.4  29.4  25.8   MM   MM    MM
2026 07 21 09 20 190 10.0 11.0   1.2     5   4.1 192 1014.8    MM  29.4    MM   MM   MM    MM
2026 07 21 09 10 190 10.0 11.0    MM    MM    MM  MM 1014.8  29.3  29.4  25.7   MM   MM    MM
2026 07 21 09 00 190  9.0 11.0    MM    MM    MM  MM 1014.8  29.3  29.4  26.1   MM -0.7    MM
2026 07 21 08 50 190 10.0 11.0   1.1     4   4.1 198 1014.6  29.3  29.4  26.0   MM   MM    MM
2026 07 21 08 40 190 10.0 12.0   1.1    MM   4.1 198 1014.6  29.2  29.4  26.0   MM   MM    MM
2026 07 21 08 30 190 10.0 11.0    MM    MM    MM  MM 1014.6  29.2  29.4  26.2   MM   MM    MM
2026 07 21 08 20 190 10.0 11.0   1.1     5   4.1 184 1014.5  29.2  29.4  26.0   MM   MM    MM
2026 07 21 08 10 190 10.0 11.0    MM    MM    MM  MM 1014.4  29.2  29.4  25.9   MM   MM    MM
2026 07 21 08 00 200 10.0 11.0   1.1    MM   4.1 184 1014.6  29.2    MM  25.9   MM -1.3    MM
2026 07 21 07 50 200  8.0 10.0   1.1     5   4.1 188 1014.8  29.2  29.4  26.4   MM   MM    MM
2026 07 21 07 40 200  9.0 10.0    MM    MM    MM  MM 1014.7  29.2  29.4  26.1   MM   MM    MM
2026 07 21 07 30 190  9.0 11.0    MM    MM    MM  MM 1014.7  29.2  29.4  25.9   MM   MM    MM
2026 07 21 07 20 190  9.0 11.0   1.1     5   4.0 195 1014.9    MM  29.4    MM   MM   MM    MM
2026 07 21 07 10 190  9.0 11.0    MM    MM    MM  MM 1015.1  29.2  29.4  25.9   MM   MM    MM
2026 07 21 07 00 190  9.0 11.0    MM    MM    MM  MM 1015.2  29.2  29.4  25.8   MM -1.0    MM
2026 07 21 06 50 190  8.0 10.0   1.0     5   4.1 185 1015.4  29.2    MM  25.9   MM   MM    MM
2026 07 21 06 40 190  9.0 10.0    MM    MM    MM  MM 1015.5  29.2  29.4  25.8   MM   MM    MM
2026 07 21 06 30 190  9.0 10.0    MM    MM    MM  MM 1015.4  29.3  29.5  25.7   MM   MM    MM
2026 07 21 06 20 190  9.0 11.0   1.0     5   3.9 186 1015.4  29.2  29.4  25.4   MM   MM    MM
2026 07 21 06 10 180  8.0 10.0    MM    MM    MM  MM 1015.5  29.3  29.5  25.9   MM   MM    MM
2026 07 21 06 00 180  8.0 10.0    MM    MM    MM  MM 1015.5  29.3  29.5  25.6   MM -0.7    MM
2026 07 21 05 50 180  8.0 10.0   1.0     5   4.0 166 1015.7  29.3  29.5  25.7   MM   MM    MM
2026 07 21 05 40 180  8.0 10.0    MM    MM    MM  MM 1015.7  29.2  29.5  25.7   MM   MM    MM
2026 07 21 05 30 180  8.0  9.0    MM    MM    MM  MM 1015.7  29.3  29.5  26.0   MM   MM    MM
2026 07 21 05 20 180  8.0 10.0   1.0     5   3.9 177 1015.8  29.3  29.5  25.7   MM   MM    MM
2026 07 21 05 10 190  8.0 10.0   1.0    MM   3.9 177 1015.8  29.3  29.5  25.7   MM   MM    MM
2026 07 21 05 00 190  8.0 10.0    MM    MM    MM  MM 1015.9  29.3  29.5  25.7   MM +0.0    MM
2026 07 21 04 50 190  8.0  9.0   1.0     4   3.9 192 1016.1  29.3  29.5  25.7   MM   MM    MM
2026 07 21 04 40 190  8.0  9.0    MM    MM    MM  MM 1016.2  29.3  29.5  25.7   MM   MM    MM
2026 07 21 04 30 190  8.0 10.0    MM    MM    MM  MM 1016.2  29.3  29.6  25.7   MM   MM    MM
2026 07 21 04 20 190  8.0 10.0   0.9     5   3.9 182 1016.1  29.4  29.6  25.8   MM   MM    MM
2026 07 21 04 10 190  8.0  9.0   0.9    MM   3.9 182 1016.1  29.3  29.6  25.8   MM   MM    MM
2026 07 21 04 00 190  8.0  9.0    MM    MM    MM  MM 1016.2  29.4  29.6  25.7   MM +0.9    MM
2026 07 21 03 50 190  8.0  9.0   1.0     5   3.9 187 1016.3  29.4  29.6  25.7   MM   MM    MM
2026 07 21 03 40 190  8.0  9.0    MM    MM    MM  MM 1016.4  29.4  29.6  25.8   MM   MM    MM
2026 07 21 03 30 190  8.0  9.0    MM    MM    MM  MM 1016.5  29.4  29.6  25.8   MM   MM    MM
2026 07 21 03 20 190  8.0  9.0   0.9     5   3.8 194 1016.1  29.4  29.6  25.8   MM   MM    MM
2026 07 21 03 10 190  8.0  9.0   0.9    MM   3.8 194 1016.1  29.3  29.6  25.7   MM   MM    MM
2026 07 21 03 00 190  7.0  9.0    MM    MM    MM  MM 1016.2  29.4  29.6  26.0   MM +0.4    MM
2026 07 21 02 50 190  8.0 10.0   0.9     5   3.8 194 1016.2  29.4  29.6  25.8   MM   MM    MM
2026 07 21 02 40 190  8.0 10.0    MM    MM    MM  MM 1016.2  29.4  29.6  25.7   MM   MM    MM
2026 07 21 02 30 190  8.0 10.0    MM    MM    MM  MM 1016.2  29.4  29.7  25.7   MM   MM    MM
2026 07 21 02 20 190  8.0  9.0   0.8     5   3.8 172 1016.1  29.4  29.7  25.8   MM   MM    MM
2026 07 21 02 10 180  7.0 10.0   0.8    MM   3.8 172 1016.0  29.4  29.7  25.8   MM   MM    MM
2026 07 21 02 00 190  7.0  8.0    MM    MM    MM  MM 1016.1  29.4  29.7  25.9   MM +0.8    MM
2026 07 21 01 50 190  7.0  8.0   0.8     6   3.9 180 1016.1  29.4  29.7  26.0   MM   MM    MM
2026 07 21 01 40 180  7.0  8.0    MM    MM    MM  MM 1015.9  29.4  29.7  25.8   MM   MM    MM
2026 07 21 01 30 190  7.0  8.0    MM    MM    MM  MM 1015.7  29.4  29.7  25.8   MM   MM    MM
2026 07 21 01 20 180  7.0  8.0   0.8     5   3.9 193 1015.4  29.4  29.7  25.8   MM   MM    MM
2026 07 21 01 10 190  7.0  8.0   0.8    MM   3.9 193 1015.2  29.4    MM  25.8   MM   MM    MM
2026 07 21 01 00 190  7.0  8.0    MM    MM    MM  MM 1015.3  29.4  29.7  25.8   MM +0.5    MM
2026 07 21 00 50 190  7.0  8.0   0.8     5   4.0 189 1015.5  29.4  29.7  26.0   MM   MM    MM
2026 07 21 00 40 200  6.0  8.0   0.8    MM   4.0 189 1015.5  29.4  29.7  26.3   MM   MM    MM
2026 07 21 00 30 190  5.0  6.0    MM    MM    MM  MM 1015.6  29.3  29.7  26.3   MM   MM    MM
2026 07 21 00 20 190  4.0  6.0   0.9     5   4.1 191 1015.8  29.3  29.7  26.2   MM   MM    MM
2026 07 21 00 10 200  4.0  5.0    MM    MM    MM  MM 1015.8  29.3  29.7  26.0   MM   MM    MM
2026 07 21 00 00 190  5.0  6.0    MM    MM    MM  MM 1015.8  29.3  29.7  25.9   MM +0.8    MM
2026 07 20 23 50 200  5.0  6.0   0.9     6   4.1 190 1015.7  29.4    MM  25.8   MM   MM    MM
2026 07 20 23 40 200  5.0  6.0   0.9    MM   4.1 190 1015.5  29.4  29.7  25.3   MM   MM    MM
2026 07 20 23 30 200  6.0  7.0    MM    MM    MM  MM 1015.5  29.4  29.8  25.5   MM   MM    MM
2026 07 20 23 20 200  6.0  7.0   0.9     5   4.1 195 1015.6  29.5  29.7  25.9   MM   MM    MM
2026 07 20 23 10 200  7.0  8.0   0.9    MM   4.1 195 1015.3  29.5  29.7  25.5   MM   MM    MM
2026 07 20 23 00 200  7.0  8.0    MM    MM    MM  MM 1015.3  29.5  29.7  25.3   MM -0.0    MM
2026 07 20 22 50 200  7.0  8.0   0.9     5   3.9 185 1015.1  29.5  29.7  25.1   MM   MM    MM
2026 07 20 22 40 200  7.0  9.0    MM    MM    MM  MM 1015.0  29.6  29.7  25.2   MM   MM    MM
2026 07 20 22 30 200  7.0  9.0    MM    MM    MM  MM 1014.9  29.6  29.8  24.9   MM   MM    MM
2026 07 20 22 20 200  7.0  9.0   0.9     6   4.0 197 1014.8  29.5  29.8  25.1   MM   MM    MM
2026 07 20 22 10 200  8.0  9.0   0.9    MM   4.0 197 1014.8  29.5  29.8  25.1   MM   MM    MM
2026 07 20 22 00 200  8.0  9.0    MM    MM    MM  MM 1014.8  29.6  29.8  25.0   MM -0.8    MM
2026 07 20 21 50 210  7.0  9.0   0.9     5   4.1 184 1014.9  29.6  29.8  24.8   MM   MM    MM
2026 07 20 21 40 200  7.0  8.0   0.9    MM   4.1 184 1015.0  29.7  29.8  24.6   MM   MM    MM
2026 07 20 21 30 200  7.0  8.0    MM    MM    MM  MM 1015.0  29.7  29.8  24.6   MM   MM    MM
2026 07 20 21 20 210  7.0  8.0   0.9     5   4.1 186 1015.0  29.7  29.8  24.6   MM   MM    MM
2026 07 20 21 10 200  6.0  7.0   0.9    MM   4.1 186 1015.0  29.7  29.8  24.7   MM   MM    MM
2026 07 20 21 00 210  6.0  7.0    MM    MM    MM  MM 1015.0  29.7  29.8  24.7   MM -1.1    MM
2026 07 20 20 50 200  6.0  7.0   0.8     5   4.1 179 1014.9  29.7  29.8  24.6   MM   MM    MM
2026 07 20 20 40 210  6.0  7.0    MM    MM    MM  MM 1015.0  29.7  29.8  25.1   MM   MM    MM
2026 07 20 20 30 210  6.0  7.0    MM    MM    MM  MM 1015.0  29.7  29.8  24.6   MM   MM    MM
2026 07 20 20 20 210  6.0  7.0   0.8     5   4.2 194 1015.1  29.7  29.8  24.3   MM   MM    MM
2026 07 20 20 10 200  7.0  8.0   0.8    MM   4.2 194 1015.1  29.7  29.8  24.7   MM   MM    MM
2026 07 20 20 00 210  7.0  8.0    MM    MM    MM  MM 1015.2  29.6  29.8  25.0   MM -1.1    MM
2026 07 20 19 50 200  7.0  8.0   0.8     5   4.2 206 1015.4  29.6    MM  25.7   MM   MM    MM
2026 07 20 19 40 200  7.0  8.0    MM    MM    MM  MM 1015.4  29.5  29.8  25.6   MM   MM    MM
2026 07 20 19 30 210  6.0  7.0    MM    MM    MM  MM 1015.3  29.5  29.8  25.8   MM   MM    MM
2026 07 20 19 20 210  6.0  7.0   0.8     5   4.1 196 1015.4  29.5  29.8  25.8   MM   MM    MM
2026 07 20 19 10 210  6.0  7.0   0.8    MM   4.1 196 1015.6  29.5  29.8  25.9   MM   MM    MM
2026 07 20 19 00 210  5.0  6.0    MM    MM    MM  MM 1015.6  29.4  29.8  25.9   MM -0.7    MM
2026 07 20 18 50 210  5.0  6.0   0.9     5   4.1 197 1015.6  29.3  29.7  25.3   MM   MM    MM
2026 07 20 18 40 210  6.0  7.0    MM    MM    MM  MM 1015.8  29.4  29.7  25.8   MM   MM    MM
2026 07 20 18 30 210  5.0  7.0    MM    MM    MM  MM 1015.8  29.5  29.7  25.9   MM   MM    MM
2026 07 20 18 20 210  5.0  6.0   0.8     5   4.0 212 1015.9  29.5    MM  26.0   MM   MM    MM
2026 07 20 18 10 210  6.0  6.0    MM    MM    MM  MM 1016.0  29.5  29.6  25.9   MM   MM    MM
2026 07 20 18 00 220  6.0  7.0    MM    MM    MM  MM 1016.1  29.5  29.6  25.9   MM +0.0    MM
2026 07 20 17 50 220  6.0  7.0   0.8     5   3.9 204 1016.2  29.5  29.6  25.7   MM   MM    MM
2026 07 20 17 40 210  6.0  7.0    MM    MM    MM  MM 1016.2  29.5  29.6  25.5   MM   MM    MM
2026 07 20 17 30 210  6.0  7.0    MM    MM    MM  MM 1016.2  29.5  29.6  25.6   MM   MM    MM
2026 07 20 17 20 210  6.0  7.0   0.9     5   4.0 190 1016.2  29.5  29.6  25.7   MM   MM    MM
2026 07 20 17 10 210  6.0  7.0   0.9    MM   4.0 190 1016.2  29.5  29.6  25.6   MM   MM    MM
2026 07 20 17 00 210  6.0  7.0    MM    MM    MM  MM 1016.3  29.5  29.5  25.6   MM +0.5    MM
2026 07 20 16 50 210  6.0  7.0   0.9     5   4.1 197 1016.3  29.4  29.5  25.5   MM   MM    MM
2026 07 20 16 40 210  5.0  6.0    MM    MM    MM  MM 1016.3  29.4  29.5  25.6   MM   MM    MM
2026 07 20 16 30 210  5.0  6.0    MM    MM    MM  MM 1016.3  29.4  29.5  25.6   MM   MM    MM
2026 07 20 16 20 220  6.0  6.0   0.9     5   4.1 210 1016.4  29.4  29.5  25.5   MM   MM    MM
2026 07 20 16 10 210  6.0  7.0   0.9    MM   4.1 210 1016.3  29.4  29.5  25.1   MM   MM    MM
2026 07 20 16 00 220  6.0  7.0    MM    MM    MM  MM 1016.3  29.4  29.5  25.3   MM +0.6    MM
2026 07 20 15 50 220  6.0  6.0   0.9     5   4.0 209 1016.4  29.4  29.5  25.5   MM   MM    MM
2026 07 20 15 40 220  6.0  7.0    MM    MM    MM  MM 1016.3  29.4  29.5  25.5   MM   MM    MM
2026 07 20 15 30 210  6.0  7.0    MM    MM    MM  MM 1016.3  29.4  29.5  25.4   MM   MM    MM
2026 07 20 15 20 210  6.0  7.0   0.9     5   3.9 186 1016.3  29.4  29.5  25.3   MM   MM    MM
2026 07 20 15 10 210  6.0  7.0   0.9    MM   3.9 186 1016.2  29.4  29.5  25.3   MM   MM    MM
2026 07 20 15 00 210  6.0  7.0    MM    MM    MM  MM 1016.2  29.4  29.5  25.2   MM +1.0    MM
2026 07 20 14 50 210  6.0  7.0   0.9     5   3.9 181 1016.3  29.4  29.5  25.4   MM   MM    MM
2026 07 20 14 40 210  6.0  7.0   0.9    MM   3.9 181 1016.0  29.3  29.5  25.2   MM   MM    MM
2026 07 20 14 30 220  6.0  7.0    MM    MM    MM  MM 1016.0  29.4  29.5  25.3   MM   MM    MM
2026 07 20 14 20 220  7.0  8.0   0.9     5   4.0 199 1016.0  29.3  29.5  25.1   MM   MM    MM
2026 07 20 14 10 220  7.0  8.0   0.9    MM   4.0 199 1015.9  29.3  29.5  25.0   MM   MM    MM
2026 07 20 14 00 220  7.0  8.0    MM    MM    MM  MM 1015.8  29.3  29.5  24.9   MM +0.7    MM
2026 07 20 13 50 220  7.0  8.0   1.0     5   4.1 206 1015.8  29.3  29.4  25.2   MM   MM    MM
2026 07 20 13 40 210  7.0  8.0    MM    MM    MM  MM 1015.7  29.2  29.4  25.3   MM   MM    MM
2026 07 20 13 30 210  7.0  8.0    MM    MM    MM  MM 1015.6  29.2  29.4  25.2   MM   MM    MM
2026 07 20 13 20 210  7.0  8.0   0.9     5   4.0 196 1015.5  29.3  29.4  25.2   MM   MM    MM
2026 07 20 13 10 220  7.0  8.0   0.9    MM   4.0 196 1015.6  29.3  29.4  25.3   MM   MM    MM
2026 07 20 13 00 210  7.0  8.0    MM    MM    MM  MM 1015.7  29.2  29.4  25.3   MM +0.5    MM
2026 07 20 12 50 210  7.0  8.0   0.9     5   4.0 194 1015.6  29.1  29.4  25.4   MM   MM    MM
2026 07 20 12 40 210  7.0  8.0    MM    MM    MM  MM 1015.5  29.2  29.4  25.6   MM   MM    MM
2026 07 20 12 30 210  7.0  8.0    MM    MM    MM  MM 1015.5  29.1  29.4  25.4   MM   MM    MM
2026 07 20 12 20 210  7.0  8.0   0.9     5   4.0 197 1015.4  29.1  29.4  25.4   MM   MM    MM
2026 07 20 12 10 210  7.0  8.0    MM    MM    MM  MM 1015.3  29.1  29.4  25.4   MM   MM    MM
2026 07 20 12 00 210  7.0  8.0    MM    MM    MM  MM 1015.2  29.1  29.4  25.4   MM +0.3    MM
2026 07 20 11 50 210  7.0  9.0   1.0     5   3.9 201 1015.1  29.1  29.3  25.3   MM   MM    MM
2026 07 20 11 40 210  7.0  9.0    MM    MM    MM  MM 1015.1  29.1  29.4  25.5   MM   MM    MM
2026 07 20 11 30 210  7.0  8.0    MM    MM    MM  MM 1015.0  29.1  29.4  25.4   MM   MM    MM
2026 07 20 11 20 210  7.0  8.0   1.0     5   4.0 207 1015.1  29.1  29.4  25.3   MM   MM    MM
2026 07 20 11 10 210  7.0  8.0   1.0    MM   4.0 207 1015.1  29.1  29.4  25.2   MM   MM    MM
2026 07 20 11 00 210  7.0  8.0    MM    MM    MM  MM 1015.1  29.1  29.4  25.2   MM +0.4    MM
2026 07 20 10 50 210  7.0  8.0   1.0     5   4.0 197 1015.2  29.0  29.4  25.1   MM   MM    MM
2026 07 20 10 40 210  7.0  8.0    MM    MM    MM  MM 1015.2  29.0  29.4  25.2   MM   MM    MM
2026 07 20 10 30 220  7.0  8.0    MM    MM    MM  MM 1015.2  29.0  29.4  25.1   MM   MM    MM
2026 07 20 10 20 210  7.0  8.0   1.0     5   4.0 198 1015.3  29.0  29.4  25.1   MM   MM    MM
2026 07 20 10 10 210  7.0  8.0   1.0    MM   4.0 198 1015.3  29.1  29.4  25.4   MM   MM    MM
2026 07 20 10 00 220  7.0  9.0    MM    MM    MM  MM 1015.2  29.1  29.4  25.2   MM +0.5    MM
2026 07 20 09 50 210  7.0  8.0   1.0     5   4.0 212 1015.2  29.1  29.5  25.1   MM   MM    MM
2026 07 20 09 40 210  7.0  9.0    MM    MM    MM  MM 1015.1  29.1  29.5  25.2   MM   MM    MM
2026 07 20 09 30 220  8.0  9.0    MM    MM    MM  MM 1015.0  29.1  29.5  25.1   MM   MM    MM
2026 07 20 09 20 210  7.0  9.0   0.9     5   3.9 220 1015.1  29.1  29.5  25.4   MM   MM    MM
2026 07 20 09 10 210  7.0  8.0   0.9    MM   3.9 220 1015.0  29.0  29.5  25.3   MM   MM    MM
2026 07 20 09 00 210  7.0  9.0    MM    MM    MM  MM 1014.9  29.0  29.5  25.5   MM -0.0    MM
2026 07 20 08 50 210  7.0  8.0   1.0     5   4.0 190 1014.9  29.1  29.5  25.5   MM   MM    MM
2026 07 20 08 40 210  7.0  9.0    MM    MM    MM  MM 1014.8  29.1  29.5  25.4   MM   MM    MM
2026 07 20 08 30 210  7.0  9.0    MM    MM    MM  MM 1014.8  29.1  29.4  25.4   MM   MM    MM
2026 07 20 08 20 220  8.0  9.0   1.0     5   3.8 206 1014.8  29.1  29.4  25.2   MM   MM    MM
2026 07 20 08 10 210  8.0  9.0   1.0    MM   3.8 206 1014.8  29.1  29.4  25.2   MM   MM    MM
2026 07 20 08 00 210  8.0  9.0    MM    MM    MM  MM 1014.7  29.1  29.5  25.2   MM -0.7    MM
2026 07 20 07 50 210  8.0  9.0   1.0     5   3.8 207 1014.8  29.2  29.5  25.2   MM   MM    MM
2026 07 20 07 40 210  8.0  9.0    MM    MM    MM  MM 1014.7  29.1  29.5  25.2   MM   MM    MM
2026 07 20 07 30 220  8.0  9.0    MM    MM    MM  MM 1014.7  29.1  29.5  25.2   MM   MM    MM
2026 07 20 07 20 210  8.0 10.0   0.9    MM   3.8 197 1014.7  29.2  29.5  25.2   MM   MM    MM
2026 07 20 07 10  MM   MM   MM   0.9     5   3.8 197     MM    MM    MM    MM   MM   MM    MM
2026 07 20 07 00 220  8.0  9.0    MM    MM    MM  MM 1014.7  29.2    MM  25.4   MM -0.5    MM
2026 07 20 06 50 210  8.0 10.0   1.0     5   3.8 207 1014.8  29.2    MM  25.3   MM   MM    MM
2026 07 20 06 40 210  8.0  9.0   1.0    MM   3.8 207 1015.0  29.1  29.5  25.2   MM   MM    MM
2026 07 20 06 30 210  8.0 10.0    MM    MM    MM  MM 1015.1  29.1  29.4  25.3   MM   MM    MM
2026 07 20 06 20 210  8.0 10.0   1.0     5   3.8 196 1015.1  29.1  29.4  25.5   MM   MM    MM
2026 07 20 06 10 210  8.0  9.0   1.0    MM   3.8 196 1015.1  29.1  29.4  25.4   MM   MM    MM
2026 07 20 06 00 210  8.0  9.0    MM    MM    MM  MM 1015.1  29.1  29.4  25.5   MM +0.0    MM
2026 07 20 05 50 210  8.0  9.0   1.0     5   3.8 208 1015.2  29.1  29.4  25.6   MM   MM    MM
2026 07 20 05 40 210  8.0  9.0    MM    MM    MM  MM 1015.4  29.1  29.4  25.2   MM   MM    MM
2026 07 20 05 30 210  9.0 10.0    MM    MM    MM  MM 1015.5  29.1  29.4  25.2   MM   MM    MM
2026 07 20 05 20 210  8.0 10.0   1.0     5   3.8 198 1015.4  29.2  29.4  25.2   MM   MM    MM
2026 07 20 05 10 210  8.0 10.0    MM    MM    MM  MM 1015.5  29.2  29.4  25.1   MM   MM    MM
2026 07 20 05 00 200  8.0 10.0    MM    MM    MM  MM 1015.4  29.1  29.4  25.2   MM +0.0    MM
2026 07 20 04 50 200  8.0 10.0   1.1     5   3.9 208 1015.4  29.2  29.4  25.4   MM   MM    MM
2026 07 20 04 40 200  8.0 10.0    MM    MM    MM  MM 1015.4  29.2  29.4  25.4   MM   MM    MM
2026 07 20 04 30 200  8.0  9.0    MM    MM    MM  MM 1015.5  29.2  29.5  25.4   MM   MM    MM
2026 07 20 04 20 200  8.0  9.0   1.0     5   3.8 205 1015.4  29.2  29.5  25.2   MM   MM    MM
2026 07 20 04 10 210  8.0 10.0   1.0    MM   3.8 205 1015.4  29.2  29.5  25.2   MM   MM    MM
2026 07 20 04 00 210  8.0 10.0    MM    MM    MM  MM 1015.2  29.2  29.5  25.2   MM +0.4    MM
2026 07 20 03 50 210  8.0 10.0   1.0     5   3.8 198 1015.1  29.2  29.5  25.1   MM   MM    MM
2026 07 20 03 40 200  8.0  9.0   1.0    MM   3.8 198 1015.1  29.2  29.5  25.0   MM   MM    MM
2026 07 20 03 30 200  8.0 10.0    MM    MM    MM  MM 1015.1  29.3  29.5  25.0   MM   MM    MM
2026 07 20 03 20 200  8.0 10.0   1.0     5   3.9 199 1015.0  29.2  29.5  24.6   MM   MM    MM
2026 07 20 03 10 210  8.0 10.0   1.0    MM   3.9 199 1015.1  29.2  29.5  24.8   MM   MM    MM
2026 07 20 03 00 210  8.0 10.0    MM    MM    MM  MM 1015.2  29.2  29.4  25.2   MM +0.8    MM
2026 07 20 02 50 200  8.0 10.0   1.1     5   3.9 210 1015.2  29.2  29.4  25.3   MM   MM    MM
2026 07 20 02 40 200  9.0 10.0    MM    MM    MM  MM 1015.2  29.3  29.4  25.2   MM   MM    MM
2026 07 20 02 30 210  9.0 10.0    MM    MM    MM  MM 1015.2  29.2  29.5  25.0   MM   MM    MM
2026 07 20 02 20 200  8.0 10.0   1.1     5   3.9 208 1015.1  29.2  29.5  25.4   MM   MM    MM
2026 07 20 02 10 210  9.0 11.0   1.1    MM   3.9 208 1015.2  29.1  29.5  25.2   MM   MM    MM
2026 07 20 02 00 210  9.0 10.0    MM    MM    MM  MM 1015.2  29.1  29.5  25.2   MM +1.2    MM
2026 07 20 01 50 210  9.0 11.0   1.1     5   3.9 201 1015.0  29.1  29.5  25.1   MM   MM    MM
2026 07 20 01 40 210  9.0 10.0    MM    MM    MM  MM 1015.1  29.1  29.6  25.1   MM   MM    MM
2026 07 20 01 30 210 10.0 12.0    MM    MM    MM  MM 1014.9  29.1  29.5  25.1   MM   MM    MM
2026 07 20 01 20 200  9.0 11.0   1.1     5   3.9 198 1014.8  29.1  29.5  25.3   MM   MM    MM
2026 07 20 01 10 210  9.0 11.0   1.1    MM   3.9 198 1014.8  29.1  29.5  25.3   MM   MM    MM
2026 07 20 01 00 210  9.0 11.0    MM    MM    MM  MM 1014.8  29.1  29.5  25.3   MM +0.7    MM
2026 07 20 00 50 210  9.0 11.0   1.0     4   3.8 206 1014.7  29.1  29.5  25.2   MM   MM    MM
2026 07 20 00 40 210  9.0 11.0   1.0    MM   3.8 206 1014.6  29.2  29.5  25.1   MM   MM    MM
2026 07 20 00 30 210  9.0 11.0    MM    MM    MM  MM 1014.5  29.2  29.5  25.0   MM   MM    MM
2026 07 20 00 20 200  9.0 10.0   1.1     5   3.9 209 1014.5  29.1  29.5  24.9   MM   MM    MM
2026 07 20 00 10 210  9.0 10.0   1.1    MM   3.9 209 1014.5  29.2  29.5  25.0   MM   MM    MM
2026 07 20 00 00 210  9.0 10.0    MM    MM    MM  MM 1014.4  29.3  29.6  25.0   MM +0.3    MM
2026 07 19 23 50 210  9.0 11.0   1.0     4   3.8 201 1014.2  29.2  29.6  24.6   MM   MM    MM
2026 07 19 23 40 210  9.0 10.0    MM    MM    MM  MM 1014.0  29.2  29.6  24.9   MM   MM    MM
2026 07 19 23 20 210  9.0 10.0   1.0     6   4.0 194 1014.0  29.2  29.6  24.9   MM   MM    MM
2026 07 19 23 10 210  9.0 10.0   1.0    MM   4.0 194 1014.0  29.3  29.6  24.7   MM   MM    MM
2026 07 19 23 00 210  9.0 10.0    MM    MM    MM  MM 1014.0  29.3  29.6  24.8   MM -0.7    MM
2026 07 19 22 50 210  9.0 10.0   1.0     5   4.0 212 1014.1  29.2  29.6  24.9   MM   MM    MM
2026 07 19 22 40 210  8.0 10.0   1.0    MM   4.0 212 1014.0  29.2  29.6  25.2   MM   MM    MM
2026 07 19 22 30 210  8.0 10.0    MM    MM    MM  MM 1014.1  29.3  29.6  25.4   MM   MM    MM
2026 07 19 22 20 210  8.0  9.0   1.0     5   3.9 195 1014.1  29.2  29.5  25.3   MM   MM    MM
2026 07 19 22 10 220  8.0  9.0   1.0    MM   3.9 195 1014.1  29.3  29.5  25.3   MM   MM    MM
2026 07 19 22 00 210  8.0 10.0    MM    MM    MM  MM 1014.1  29.3  29.5  25.1   MM -1.3    MM
2026 07 19 21 50 220  8.0  9.0   1.0     5   3.9 197 1014.2  29.2  29.5  25.3   MM   MM    MM
2026 07 19 21 40 220  8.0  9.0    MM    MM    MM  MM 1014.1  29.2  29.5  25.5   MM   MM    MM
2026 07 19 21 30 210  8.0  9.0    MM    MM    MM  MM 1013.9  29.1  29.5  25.6   MM   MM    MM
2026 07 19 21 20 210  8.0  9.0   1.0     6   4.1 203 1013.9  29.1  29.5  25.8   MM   MM    MM
2026 07 19 21 10 210  8.0 10.0    MM    MM    MM  MM 1014.0  29.1  29.5  25.6   MM   MM    MM
2026 07 19 21 00 210  8.0  9.0    MM    MM    MM  MM 1014.1  29.1  29.6  25.8   MM -2.0    MM
2026 07 19 20 50 210  8.0  9.0   1.0    MM   4.1 200 1014.2    MM  29.5    MM   MM   MM    MM
2026 07 19 20 40 220  8.0  9.0   1.0    MM   4.1 200 1014.2  29.1  29.5  25.6   MM   MM    MM
2026 07 19 20 30 210  8.0  9.0    MM    MM    MM  MM 1014.4  29.1  29.6  25.6   MM   MM    MM
2026 07 19 20 20 220  8.0  9.0   1.0     6   4.0 197 1014.5  29.1  29.6  25.5   MM   MM    MM
2026 07 19 20 10 220  8.0  9.0   1.0    MM   4.0 197 1014.6  29.1  29.6  25.4   MM   MM    MM
2026 07 19 20 00 220  7.0  9.0    MM    MM    MM  MM 1014.7  29.1  29.6  25.4   MM -1.9    MM
2026 07 19 19 50 220  7.0  9.0   1.1     6   4.0 191 1014.9  29.2  29.6  25.5   MM   MM    MM
2026 07 19 19 40 220  8.0  9.0    MM    MM    MM  MM 1015.0  29.2  29.6  25.2   MM   MM    MM
2026 07 19 19 30 220  8.0  9.0    MM    MM    MM  MM 1015.1  29.2  29.6  25.2   MM   MM    MM
2026 07 19 19 20 220  8.0 10.0   1.0     6   4.0 211 1015.2  29.1  29.6  25.3   MM   MM    MM
2026 07 19 19 10 220  8.0  9.0   1.0    MM   4.0 211 1015.3  29.2  29.6  25.1   MM   MM    MM
2026 07 19 19 00 220  8.0  9.0    MM    MM    MM  MM 1015.4  29.2  29.6  25.0   MM -1.2    MM
2026 07 19 18 50 220  8.0  9.0   1.0     6   4.1 201 1015.3  29.2    MM  24.9   MM   MM    MM
2026 07 19 18 40 220  8.0  9.0    MM    MM    MM  MM 1015.5  29.1  29.6  25.3   MM   MM    MM
2026 07 19 18 30 220  8.0  9.0    MM    MM    MM  MM 1015.7  29.1  29.6  25.5   MM   MM    MM
2026 07 19 18 20 220  8.0  9.0   1.1     6   4.2 215 1015.9  29.1  29.6  25.3   MM   MM    MM
2026 07 19 18 10 220  8.0 10.0   1.1    MM   4.2 215 1016.0  29.1  29.6  25.6   MM   MM    MM
2026 07 19 18 00 220  8.0  9.0    MM    MM    MM  MM 1016.1  29.0  29.6  25.5   MM -0.5    MM
2026 07 19 17 50 230  8.0  9.0   1.0     6   4.1 208 1016.3  29.1  29.6  25.7   MM   MM    MM
2026 07 19 17 40 230  8.0  9.0    MM    MM    MM  MM 1016.3  29.0  29.6  25.5   MM   MM    MM
2026 07 19 17 30 220  8.0  9.0    MM    MM    MM  MM 1016.4  29.1  29.6  25.6   MM   MM    MM
2026 07 19 17 20 230  8.0  9.0   1.0     6   4.3 208 1016.5  29.1  29.6  25.6   MM   MM    MM
2026 07 19 17 10 230  7.0  8.0   1.0    MM   4.3 208 1016.5  29.1  29.6  25.8   MM   MM    MM
2026 07 19 17 00 230  7.0  9.0    MM    MM    MM  MM 1016.6  29.0  29.6  25.9   MM +0.0    MM
2026 07 19 16 50 230  7.0  8.0   1.1     6   4.3 208 1016.7  29.1  29.6  26.0   MM   MM    MM
2026 07 19 16 40 230  7.0  9.0    MM    MM    MM  MM 1016.6  29.1  29.6  25.8   MM   MM    MM
2026 07 19 16 30 230  7.0  8.0    MM    MM    MM  MM 1016.6  29.0  29.6  25.4   MM   MM    MM
2026 07 19 16 20 230  7.0  8.0   1.2     6   4.4 210 1016.6  29.1  29.6  25.6   MM   MM    MM
2026 07 19 16 10 230  7.0  8.0   1.2    MM   4.4 210 1016.6  29.1  29.6  25.5   MM   MM    MM
2026 07 19 16 00 230  7.0  8.0    MM    MM    MM  MM 1016.6  29.1  29.6  25.4   MM +0.5    MM
2026 07 19 15 50 230  7.0  8.0   1.3     6   4.5 209 1016.7  29.1  29.6  25.5   MM   MM    MM
2026 07 19 15 40 230  7.0  8.0    MM    MM    MM  MM 1016.7  29.0  29.6  25.5   MM   MM    MM
2026 07 19 15 30 230  7.0  8.0    MM    MM    MM  MM 1016.7  29.1  29.6  25.7   MM   MM    MM
2026 07 19 15 20 230  7.0  8.0   1.2     6   4.4 202 1016.7  29.1  29.5  25.6   MM   MM    MM
2026 07 19 15 10 230  7.0  8.0   1.2    MM   4.4 202 1016.7  29.0  29.5  25.5   MM   MM    MM
2026 07 19 15 00 230  7.0  8.0    MM    MM    MM  MM 1016.6  29.0  29.5  25.5   MM +1.0    MM
2026 07 19 14 50 230  7.0  9.0   1.4     6   4.6 208 1016.6  29.0  29.5  25.6   MM   MM    MM
2026 07 19 14 40 240  7.0  8.0    MM    MM    MM  MM 1016.6  29.0  29.5  25.9   MM   MM    MM
2026 07 19 14 30 230  8.0  9.0    MM    MM    MM  MM 1016.5  29.1  29.5  25.9   MM   MM    MM
2026 07 19 14 20 230  8.0  9.0   1.4     6   4.6 204 1016.5  29.1  29.5  25.7   MM   MM    MM
2026 07 19 14 10 230  7.0  9.0   1.4    MM   4.6 204 1016.4  29.1  29.5  25.7   MM   MM    MM
2026 07 19 14 00 230  8.0  9.0    MM    MM    MM  MM 1016.4  29.2  29.5  25.4   MM +1.1    MM
2026 07 19 13 50 230  8.0  9.0   1.5     6   4.7 207 1016.4  29.1  29.5  25.2   MM   MM    MM
2026 07 19 13 40 230  8.0  9.0    MM    MM    MM  MM 1016.3  29.1  29.4  25.5   MM   MM    MM
2026 07 19 13 30 230  7.0  9.0    MM    MM    MM  MM 1016.2  29.0  29.4  25.8   MM   MM    MM
2026 07 19 13 20 230  7.0  8.0   1.5     6   4.7 211 1016.2  29.0  29.4  25.9   MM   MM    MM
2026 07 19 13 10 230  7.0  9.0   1.5    MM   4.7 211 1016.1  29.0  29.4  26.0   MM   MM    MM
2026 07 19 13 00 230  7.0  9.0    MM    MM    MM  MM 1016.1  29.1  29.4  26.0   MM +1.1    MM
2026 07 19 12 50 230  8.0  9.0   1.5    MM   4.6 203 1016.1  29.0  29.4  26.0   MM   MM    MM
2026 07 19 12 40  MM   MM   MM   1.5     7   4.6 203     MM    MM    MM    MM   MM   MM    MM
2026 07 19 12 30 230  8.0  9.0    MM    MM    MM  MM 1015.8  29.0  29.4  26.0   MM   MM    MM
2026 07 19 12 20 230  9.0 10.0   1.7     6   4.9 210 1015.7  29.0  29.3  26.0   MM   MM    MM
2026 07 19 12 10 230  9.0 10.0   1.7    MM   4.9 210 1015.7  29.0  29.3  26.1   MM   MM    MM
2026 07 19 12 00 230  9.0 10.0    MM    MM    MM  MM 1015.6  29.0  29.3  26.0   MM +0.8    MM
2026 07 19 11 50 230  9.0 10.0   1.7     6   4.8 207 1015.7  29.1  29.3  26.1   MM   MM    MM
2026 07 19 11 40 230  9.0 11.0   1.7    MM   4.8 207 1015.6  29.0  29.3  26.0   MM   MM    MM
2026 07 19 11 30 230  9.0 11.0    MM    MM    MM  MM 1015.5  29.1  29.3  26.1   MM   MM    MM
2026 07 19 11 20 230  9.0 11.0   1.8     6   4.8 211 1015.4  29.0  29.3  25.9   MM   MM    MM
2026 07 19 11 10 220  9.0 11.0   1.8    MM   4.8 211 1015.4  29.1  29.3  26.0   MM   MM    MM
2026 07 19 11 00 230  9.0 11.0    MM    MM    MM  MM 1015.3  29.1  29.3  25.8   MM -0.0    MM
2026 07 19 10 50 220  9.0 11.0   1.8     7   4.9 209 1015.3  29.0  29.3  25.8   MM   MM    MM
2026 07 19 10 40 230  9.0 11.0   1.8    MM   4.9 209 1015.3  29.1  29.3  25.9   MM   MM    MM
2026 07 19 10 30 220 10.0 11.0    MM    MM    MM  MM 1015.2  29.2  29.3  25.6   MM   MM    MM
2026 07 19 10 20 220 10.0 12.0   1.8     7   4.8 201 1015.3  29.2  29.3  25.4   MM   MM    MM
2026 07 19 10 10 220 10.0 12.0   1.8    MM   4.8 201 1015.0  29.2  29.4  25.2   MM   MM    MM
2026 07 19 10 00 220  9.0 11.0    MM    MM    MM  MM 1015.0  29.2  29.4  25.5   MM -0.6    MM
2026 07 19 09 50 220 10.0 12.0   1.6     6   4.7 202 1014.8  29.2  29.4  25.4   MM   MM    MM
2026 07 19 09 40 220 10.0 12.0   1.6    MM   4.7 202 1014.8  29.2  29.4  25.4   MM   MM    MM
2026 07 19 09 30 220 10.0 12.0    MM    MM    MM  MM 1014.8  29.1  29.5  25.7   MM   MM    MM
2026 07 19 09 20 210 10.0 12.0   1.9     6   4.9 195 1014.8  29.1  29.5  26.2   MM   MM    MM
2026 07 19 09 10 220 10.0 12.0   1.9    MM   4.9 195 1014.8  29.2  29.5  26.2   MM   MM    MM
2026 07 19 09 00 220 10.0 12.0    MM    MM    MM  MM 1014.8  29.1  29.5  26.1   MM -0.8    MM
2026 07 19 08 50 220 10.0 11.0   1.7     6   4.8 206 1014.9  29.1  29.5  26.1   MM   MM    MM
2026 07 19 08 40 220 10.0 12.0    MM    MM    MM  MM 1015.1  29.1  29.5  26.1   MM   MM    MM
2026 07 19 08 30 220 10.0 12.0    MM    MM    MM  MM 1015.1  29.1  29.6  26.0   MM   MM    MM
2026 07 19 08 20 220 10.0 12.0   1.7     6   4.7 213 1015.1  29.1  29.6  26.0   MM   MM    MM
2026 07 19 08 10 220 11.0 13.0   1.7    MM   4.7 213 1015.2  29.2  29.6  25.9   MM   MM    MM
2026 07 19 08 00 220 11.0 13.0    MM    MM    MM  MM 1015.3  29.2  29.6  25.6   MM +0.0    MM
2026 07 19 07 50 220 10.0 13.0   1.8     6   4.9 203 1015.3  29.2    MM  25.7   MM   MM    MM
2026 07 19 07 40 220 11.0 13.0   1.8    MM   4.9 203 1015.3  29.2  29.7  25.7   MM   MM    MM
2026 07 19 07 30 210 10.0 13.0    MM    MM    MM  MM 1015.3  29.2  29.7  26.0   MM   MM    MM
2026 07 19 07 20 210 11.0 13.0   1.8     6   4.8 200 1015.3  29.3    MM  25.9   MM   MM    MM
2026 07 19 07 10 210 11.0 13.0    MM    MM    MM  MM 1015.3  29.2  29.7  25.7   MM   MM    MM
2026 07 19 07 00 210 10.0 12.0    MM    MM    MM  MM 1015.6  29.3  29.7  26.0   MM +0.0    MM
2026 07 19 06 50 210 10.0 12.0   1.9     6   4.9 199 1015.5  29.3  29.7  25.8   MM   MM    MM
2026 07 19 06 40 210 10.0 12.0    MM    MM    MM  MM 1015.5  29.3  29.7  25.8   MM   MM    MM
2026 07 19 06 30 210 10.0 12.0    MM    MM    MM  MM 1015.5  29.3  29.7  25.5   MM   MM    MM
2026 07 19 06 20 210 11.0 12.0   1.8     6   4.8 195 1015.5  29.3  29.7  25.7   MM   MM    MM
2026 07 19 06 10 210 10.0 12.0   1.8    MM   4.8 195 1015.6  29.3  29.7  25.7   MM   MM    MM
2026 07 19 06 00 210 10.0 13.0    MM    MM    MM  MM 1015.6  29.3    MM  25.8   MM +0.3    MM
2026 07 19 05 50 210 10.0 13.0   1.7     6   4.6 209 1015.7  29.3  29.7  25.8   MM   MM    MM
2026 07 19 05 40 200 11.0 13.0   1.7    MM   4.6 209 1015.7  29.3  29.7  25.6   MM   MM    MM
2026 07 19 05 30 210 11.0 13.0    MM    MM    MM  MM 1015.5  29.3  29.7  25.6   MM   MM    MM
2026 07 19 05 20 210 11.0 13.0   1.7     6   4.5 199 1015.5  29.3  29.7  25.7   MM   MM    MM
2026 07 19 05 10 210 11.0 13.0   1.7    MM   4.5 199 1015.4  29.3  29.7  25.9   MM   MM    MM
2026 07 19 05 00 200 11.0 13.0    MM    MM    MM  MM 1015.4  29.3  29.7  25.9   MM +0.0    MM
2026 07 19 04 50 210 11.0 13.0   1.7     6   4.6 192 1015.3  29.3  29.7  25.7   MM   MM    MM
2026 07 19 04 40 210 11.0 13.0    MM    MM    MM  MM 1015.3  29.3  29.8  25.6   MM   MM    MM
2026 07 19 04 30 210 11.0 13.0    MM    MM    MM  MM 1015.3  29.3  29.8  25.5   MM   MM    MM
2026 07 19 04 20 210 10.0 13.0   1.5     6   4.4 194 1015.5  29.4  29.8  25.8   MM   MM    MM
2026 07 19 04 10 210 11.0 13.0   1.5    MM   4.4 194 1015.5  29.3  29.8  25.4   MM   MM    MM
2026 07 19 04 00 210 10.0 13.0    MM    MM    MM  MM 1015.5  29.4  29.8  25.6   MM +0.5    MM
2026 07 19 03 50 200 11.0 13.0   1.4     5   4.3 191 1015.4  29.3  29.8  25.4   MM   MM    MM
2026 07 19 03 40 200 11.0 13.0    MM    MM    MM  MM 1015.4  29.4  29.8  25.5   MM   MM    MM
2026 07 19 03 30 210 11.0 13.0    MM    MM    MM  MM 1015.4  29.4  29.8  25.4   MM   MM    MM
2026 07 19 03 20 210 11.0 13.0   1.4     5   4.3 197 1015.4  29.4  29.8  25.4   MM   MM    MM
2026 07 19 03 10 200 11.0 13.0   1.4    MM   4.3 197 1015.3  29.3  29.8  25.4   MM   MM    MM
2026 07 19 03 00 200 10.0 12.0    MM    MM    MM  MM 1015.3  29.3  29.8  25.3   MM +0.3    MM
2026 07 19 02 50 200 10.0 12.0   1.4     5   4.3 195 1015.3  29.4  29.8  25.4   MM   MM    MM
2026 07 19 02 40 200 10.0 12.0    MM    MM    MM  MM 1015.3  29.4  29.8  25.4   MM   MM    MM
2026 07 19 02 30 200 10.0 12.0    MM    MM    MM  MM 1015.3  29.4  29.8  25.1   MM   MM    MM
2026 07 19 02 20 200 10.0 12.0   1.4     5   4.3 192 1015.5  29.3  29.8  25.1   MM   MM    MM
2026 07 19 02 10 200 10.0 11.0   1.4    MM   4.3 192 1015.5  29.3  29.8  25.3   MM   MM    MM
2026 07 19 02 00 210  9.0 11.0    MM    MM    MM  MM 1015.4  29.3  29.8  25.4   MM +0.4    MM
2026 07 19 01 50 210 10.0 12.0   1.4     5   4.2 186 1015.3  29.4  29.8  25.1   MM   MM    MM
2026 07 19 01 40 210 10.0 12.0    MM    MM    MM  MM 1015.4  29.4  29.8  24.8   MM   MM    MM
2026 07 19 01 30 210  9.0 11.0    MM    MM    MM  MM 1015.3  29.3  29.8  25.0   MM   MM    MM
2026 07 19 01 20 200 10.0 12.0   1.3     5   4.2 192 1015.2  29.3  29.8  25.1   MM   MM    MM
2026 07 19 01 10 200 10.0 11.0   1.3    MM   4.2 192 1015.2  29.3  29.9  25.0   MM   MM    MM
2026 07 19 01 00 200 10.0 11.0    MM    MM    MM  MM 1015.0  29.2  29.9  25.0   MM +0.0    MM
2026 07 19 00 50 200 10.0 11.0   1.4     5   4.2 191 1014.9  29.2  29.9  25.1   MM   MM    MM
2026 07 19 00 40 200 10.0 12.0   1.4    MM   4.2 191 1014.8  29.2  29.9  25.0   MM   MM    MM
2026 07 19 00 30 200 10.0 12.0    MM    MM    MM  MM 1014.8  29.1  29.9  24.8   MM   MM    MM
2026 07 19 00 20 200  9.0 11.0   1.4     5   4.3 186 1014.8  29.1  29.9  25.0   MM   MM    MM
2026 07 19 00 10 200  9.0 11.0   1.4    MM   4.3 186 1015.0  29.1  29.9  24.9   MM   MM    MM
2026 07 19 00 00 200 10.0 11.0    MM    MM    MM  MM 1015.0  29.1  29.9  24.5   MM -0.9    MM
2026 07 18 23 50 200 10.0 11.0   1.3     5   4.1 198 1015.1  29.1  29.9  24.2   MM   MM    MM
2026 07 18 23 40 200  9.0 11.0    MM    MM    MM  MM 1015.0  29.1  29.9  24.3   MM   MM    MM
2026 07 18 23 20 200  9.0 11.0   1.2     5   4.1 190 1015.0  29.1  29.9  24.4   MM   MM    MM
2026 07 18 23 10 200  9.0 11.0   1.2    MM   4.1 190 1014.9  29.1  29.9  24.4   MM   MM    MM
2026 07 18 23 00 200  9.0 11.0    MM    MM    MM  MM 1015.0  29.2  29.9  24.4   MM -1.5    MM
2026 07 18 22 50 200  9.0 12.0   1.2     5   4.0 202 1014.9  29.1  29.9  24.3   MM   MM    MM
2026 07 18 22 40 200 10.0 12.0    MM    MM    MM  MM 1014.9  29.1  29.9  24.5   MM   MM    MM
2026 07 18 22 30 200 10.0 12.0    MM    MM    MM  MM 1015.0  29.2  29.9  24.1   MM   MM    MM
2026 07 18 22 20 200 10.0 12.0   1.1     5   4.0 199 1014.9  29.1  29.9  24.1   MM   MM    MM
2026 07 18 22 10 190  9.0 11.0    MM    MM    MM  MM 1015.0  29.1  30.0  25.1   MM   MM    MM
2026 07 18 22 00 190  9.0 11.0    MM    MM    MM  MM 1015.0  29.1  30.0  24.8   MM -2.1    MM
2026 07 18 21 50 190 10.0 12.0   1.1     5   4.0 177 1015.0  29.1  30.0  24.5   MM   MM    MM
2026 07 18 21 40 190 10.0 12.0    MM    MM    MM  MM 1015.2  29.1  30.0  24.6   MM   MM    MM
2026 07 18 21 30 200  9.0 11.0    MM    MM    MM  MM 1015.6  29.1  30.0  24.7   MM   MM    MM
2026 07 18 21 20 200  9.0 10.0   1.0     5   3.9 186 1015.8  29.1  30.0  24.6   MM   MM    MM
2026 07 18 21 10 200  9.0 11.0   1.0    MM   3.9 186 1015.9  29.2  30.0  24.6   MM   MM    MM
2026 07 18 21 00 200  9.0 10.0    MM    MM    MM  MM 1015.9  29.1  30.0  24.1   MM -1.6    MM
2026 07 18 20 50 200  9.0 10.0   1.0     4   3.9 200 1015.8  29.1  30.0  24.7   MM   MM    MM
2026 07 18 20 40 200  8.0 10.0    MM    MM    MM  MM 1016.0  29.2  30.0  24.9   MM   MM    MM
2026 07 18 20 30 210  8.0 10.0    MM    MM    MM  MM 1016.0  29.2  30.0  24.9   MM   MM    MM
2026 07 18 20 20 210  8.0 10.0   1.0     5   4.0 188 1016.3  29.2  30.0  24.7   MM   MM    MM
2026 07 18 20 10 210  9.0 10.0   1.0    MM   4.0 188 1016.4  29.3  30.0  24.7   MM   MM    MM
2026 07 18 20 00 210  8.0 10.0    MM    MM    MM  MM 1016.5  29.2  30.0  24.7   MM -1.4    MM
2026 07 18 19 50 210  8.0 10.0   0.9     4   3.8 204 1016.6  29.2  29.9  25.0   MM   MM    MM
2026 07 18 19 40 220  8.0  9.0    MM    MM    MM  MM 1016.7  29.2  29.9  25.0   MM   MM    MM
2026 07 18 19 30 220  8.0 10.0    MM    MM    MM  MM 1016.9  29.2  29.9  24.9   MM   MM    MM
2026 07 18 19 20 220  7.0  9.0   0.9     4   3.9 213 1016.9  29.2  30.0  25.1   MM   MM    MM
2026 07 18 19 10 220  8.0  9.0    MM    MM    MM  MM 1017.1  29.2  30.0  24.7   MM   MM    MM
2026 07 18 19 00 230  7.0  9.0    MM    MM    MM  MM 1017.1  29.2  30.0  25.2   MM -0.7    MM
2026 07 18 18 50 230  7.0  9.0   0.8     5   3.8 161 1017.2  29.2  30.0  25.2   MM   MM    MM
2026 07 18 18 40 230  7.0  9.0    MM    MM    MM  MM 1017.2  29.4  30.0  25.6   MM   MM    MM
2026 07 18 18 30 230  8.0  9.0    MM    MM    MM  MM 1017.2  29.4  29.9  25.1   MM   MM    MM
2026 07 18 18 20 230  8.0  9.0   0.8     5   3.7 176 1017.2  29.5  30.0  24.7   MM   MM    MM
2026 07 18 18 10 230  8.0  9.0   0.8    MM   3.7 176 1017.4  29.4  29.9  25.1   MM   MM    MM
2026 07 18 18 00 230  7.0  9.0    MM    MM    MM  MM 1017.5  29.5  29.9  25.3   MM -0.3    MM
2026 07 18 17 50 230  8.0  9.0   0.8     4   3.7 201 1017.6  29.5  29.9  25.3   MM   MM    MM
2026 07 18 17 40 230  7.0  8.0    MM    MM    MM  MM 1017.7  29.5  29.9  25.6   MM   MM    MM
2026 07 18 17 30 230  7.0  8.0    MM    MM    MM  MM 1017.8  29.6  29.9  25.7   MM   MM    MM
2026 07 18 17 20 220  7.0  8.0   0.8     4   3.9 183 1017.9  29.7  29.9  25.3   MM   MM    MM
2026 07 18 17 10 220  7.0  8.0   0.8    MM   3.9 183 1017.9  29.6  29.9  25.2   MM   MM    MM
2026 07 18 17 00 220  7.0  8.0    MM    MM    MM  MM 1017.9  29.6  29.9  25.5   MM +0.0    MM
2026 07 18 16 50 210  7.0  8.0   0.8     4   3.7 173 1017.9  29.6  29.9  25.4   MM   MM    MM
2026 07 18 16 40 210  6.0  8.0   0.8    MM   3.7 173 1017.9  29.6  29.8  25.3   MM   MM    MM
2026 07 18 16 30 220  7.0  8.0    MM    MM    MM  MM 1017.9  29.6  29.8  25.2   MM   MM    MM
2026 07 18 16 20 210  7.0  9.0   0.8     4   3.5 194 1017.9  29.6  29.8  25.1   MM   MM    MM
2026 07 18 16 10 210  7.0  9.0   0.8    MM   3.5 194 1017.8  29.5  29.8  25.2   MM   MM    MM
2026 07 18 16 00 210  7.0  8.0    MM    MM    MM  MM 1017.8  29.5  29.8  25.2   MM +0.0    MM
2026 07 18 15 50 200  7.0  8.0   0.7     4   3.6 181 1017.9  29.5  29.8  25.2   MM   MM    MM
2026 07 18 15 40 210  7.0  8.0    MM    MM    MM  MM 1017.8  29.4  29.8  25.5   MM   MM    MM
2026 07 18 15 30 200  7.0  8.0    MM    MM    MM  MM 1017.8  29.4  29.7  25.4   MM   MM    MM
2026 07 18 15 20 200  7.0  8.0   0.7     4   3.6 191 1017.8  29.4  29.7  25.4   MM   MM    MM
2026 07 18 15 10 200  7.0  9.0   0.7    MM   3.6 191 1017.8  29.4  29.7  25.2   MM   MM    MM
2026 07 18 15 00 210  7.0  9.0    MM    MM    MM  MM 1017.8  29.4  29.7  25.2   MM +0.7    MM
2026 07 18 14 50 210  7.0  8.0   0.7     8   3.7 143 1017.8  29.4  29.7  25.2   MM   MM    MM
2026 07 18 14 40 200  7.0  9.0   0.7    MM   3.7 143 1017.7  29.4  29.7  25.1   MM   MM    MM
2026 07 18 14 30 200  8.0  9.0    MM    MM    MM  MM 1017.7  29.4  29.7  25.0   MM   MM    MM
2026 07 18 14 20 200  7.0  9.0   0.7     4   3.6 182 1017.7  29.4    MM  25.1   MM   MM    MM
2026 07 18 14 10 210  6.0  8.0    MM    MM    MM  MM 1017.6  29.4  29.7  25.2   MM   MM    MM
2026 07 18 14 00 210  6.0  8.0    MM    MM    MM  MM 1017.7  29.5  29.7  25.4   MM +0.8    MM
2026 07 18 13 50 210  6.0  7.0   0.6     8   3.6 113 1017.7  29.4  29.7  25.1   MM   MM    MM
2026 07 18 13 40 210  6.0  7.0    MM    MM    MM  MM 1017.8  29.4  29.7  25.1   MM   MM    MM
2026 07 18 13 30 210  6.0  7.0    MM    MM    MM  MM 1017.9  29.4  29.7  25.3   MM   MM    MM
2026 07 18 13 20 220  6.0  7.0   0.7     8   3.9 118 1017.9  29.3  29.7  25.2   MM   MM    MM
2026 07 18 13 10 220  6.0  7.0   0.7    MM   3.9 118 1017.8  29.3  29.7  25.1   MM   MM    MM
2026 07 18 13 00 220  6.0  7.0    MM    MM    MM  MM 1017.8  29.2  29.6  25.0   MM +0.8    MM
2026 07 18 12 50 220  6.0  7.0   0.6     8   3.9 114 1017.6  29.2  29.6  25.2   MM   MM    MM
2026 07 18 12 40 220  5.0  6.0   0.6    MM   3.9 114 1017.6  29.2  29.6  25.2   MM   MM    MM
2026 07 18 12 30 220  5.0  7.0    MM    MM    MM  MM 1017.5  29.2  29.6  25.1   MM   MM    MM
2026 07 18 12 20 210  6.0  7.0   0.6     4   3.8 166 1017.4  29.3  29.6  25.3   MM   MM    MM
2026 07 18 12 10 210  6.0  7.0   0.6    MM   3.8 166 1017.2  29.3  29.6  25.0   MM   MM    MM
2026 07 18 12 00 200  6.0  7.0    MM    MM    MM  MM 1017.1  29.2  29.6  25.2   MM +0.5    MM
2026 07 18 11 50 200  6.0  7.0   0.6     4   3.7 188 1017.0  29.3  29.6  25.3   MM   MM    MM
2026 07 18 11 40 200  6.0  7.0    MM    MM    MM  MM 1017.0  29.3  29.6  25.0   MM   MM    MM
2026 07 18 11 30 200  6.0  7.0    MM    MM    MM  MM 1016.9  29.2  29.6  25.0   MM   MM    MM
2026 07 18 11 20 200  5.0  6.0   0.7     4   3.9 190 1016.7  29.2  29.6  25.2   MM   MM    MM
2026 07 18 11 10 190  6.0  6.0   0.7    MM   3.9 190 1016.8  29.2  29.6  25.3   MM   MM    MM
2026 07 18 11 00 200  6.0  7.0    MM    MM    MM  MM 1016.9  29.2  29.6  25.4   MM -0.3    MM
2026 07 18 10 50 190  6.0  7.0   0.6     4   4.1 184 1016.7  29.2  29.6  25.5   MM   MM    MM
2026 07 18 10 40 190  6.0  7.0    MM    MM    MM  MM 1016.7  29.1  29.6  25.4   MM   MM    MM
2026 07 18 10 30 170  5.0  7.0    MM    MM    MM  MM 1016.7  29.1  29.6  26.0   MM   MM    MM
2026 07 18 10 20 170  5.0  6.0   0.7     4   4.1 174 1016.8  29.1  29.6  25.9   MM   MM    MM
2026 07 18 10 10 160  4.0  6.0   0.7    MM   4.1 174 1016.9  29.0  29.6  25.9   MM   MM    MM
2026 07 18 10 00 160  3.0  4.0    MM    MM    MM  MM 1017.0  28.9  29.6  25.8   MM +0.0    MM
2026 07 18 09 50 160  4.0  5.0   0.6     4   4.0 191 1017.0  28.9  29.6  25.9   MM   MM    MM
2026 07 18 09 40 160  4.0  5.0   0.6    MM   4.0 191 1016.9  29.0  29.6  26.0   MM   MM    MM
2026 07 18 09 30 170  4.0  5.0    MM    MM    MM  MM 1016.8  29.0  29.7  25.6   MM   MM    MM
2026 07 18 09 20 170  4.0  5.0   0.7     8   4.1 117 1016.7  29.0  29.7  25.7   MM   MM    MM
2026 07 18 09 10 180  4.0  5.0   0.7    MM   4.1 117 1016.6  29.1  29.7  25.7   MM   MM    MM
2026 07 18 09 00 190  4.0  5.0    MM    MM    MM  MM 1016.6  29.1  29.7  25.4   MM -1.0    MM
2026 07 18 08 50 200  4.0  5.0   0.7     4   4.0 190 1016.8  29.1  29.7  25.3   MM   MM    MM
2026 07 18 08 40 190  4.0  5.0    MM    MM    MM  MM 1016.8  29.1  29.7  25.2   MM   MM    MM
2026 07 18 08 30 210  4.0  5.0    MM    MM    MM  MM 1016.7  29.2  29.7  25.2   MM   MM    MM
2026 07 18 08 20 210  5.0  6.0   0.7     4   4.0 192 1017.0  29.3  29.7  25.0   MM   MM    MM
2026 07 18 08 10 210  5.0  6.0   0.7    MM   4.0 192 1017.0  29.3  29.7  24.6   MM   MM    MM
2026 07 18 08 00 210  6.0  6.0    MM    MM    MM  MM 1017.2  29.3  29.7  24.7   MM -0.8    MM
2026 07 18 07 50 210  5.0  6.0   0.7    MM   4.0 199 1017.2  29.3  29.8  24.2   MM   MM    MM
2026 07 18 07 40  MM   MM   MM   0.7     4   4.0 199     MM    MM    MM    MM   MM   MM    MM
2026 07 18 07 30 190  4.0  5.0    MM    MM    MM  MM 1017.1  29.2  29.8  23.7   MM   MM    MM
2026 07 18 07 20 190  4.0  5.0   0.7     8   4.1 125 1017.1    MM    MM    MM   MM   MM    MM
2026 07 18 07 10 190  5.0  5.0   0.7    MM   4.1 125 1016.9  29.0  29.8  25.4   MM   MM    MM
2026 07 18 07 00 190  5.0  5.0    MM    MM    MM  MM 1016.8  29.1  29.8  25.5   MM -1.8    MM
2026 07 18 06 50 190  4.0  5.0   0.6     4   3.9 195 1017.1  29.3  29.8  25.5   MM   MM    MM
2026 07 18 06 40 190  4.0  6.0    MM    MM    MM  MM 1017.1  29.4  29.9  25.3   MM   MM    MM
2026 07 18 06 30 200  5.0  6.0    MM    MM    MM  MM 1017.2  29.4  29.9  24.9   MM   MM    MM
2026 07 18 06 20 200  5.0  6.0   0.6     4   3.7 197 1017.2  29.4  29.8  24.9   MM   MM    MM
2026 07 18 06 10 210  5.0  6.0   0.6    MM   3.7 197 1017.3  29.4  29.8  25.0   MM   MM    MM
2026 07 18 06 00 220  5.0  6.0    MM    MM    MM  MM 1017.6  29.4  29.8  24.8   MM +0.0    MM
2026 07 18 05 50 210  5.0  6.0   0.6     8   3.8 123 1017.9  29.4  29.8  24.8   MM   MM    MM
2026 07 18 05 40 220  5.0  6.0   0.6    MM   3.8 123 1017.7  29.4  29.7  24.9   MM   MM    MM
2026 07 18 05 30 210  5.0  6.0    MM    MM    MM  MM 1017.7  29.5  29.7  25.0   MM   MM    MM
2026 07 18 05 20 220  6.0  6.0   0.6    MM   3.6 196 1017.8  29.5  29.7  24.8   MM   MM    MM
2026 07 18 05 10  MM   MM   MM   0.6     4   3.6 196     MM    MM    MM    MM   MM   MM    MM
2026 07 18 05 00 220  6.0  7.0    MM    MM    MM  MM 1018.0  29.5  29.7  24.9   MM +0.9    MM
2026 07 18 04 50 220  6.0  7.0   0.6     4   3.7 207 1018.0  29.5  29.7  24.9   MM   MM    MM
2026 07 18 04 40 220  6.0  7.0    MM    MM    MM  MM 1018.0  29.6  29.7  25.2   MM   MM    MM
2026 07 18 04 30 220  6.0  7.0    MM    MM    MM  MM 1018.2  29.5  29.6  24.7   MM   MM    MM
2026 07 18 04 20 220  6.0  8.0   0.6     3   3.5 200 1018.5  29.6  29.6  25.2   MM   MM    MM
2026 07 18 04 10 220  7.0  8.0   0.6    MM   3.5 200 1018.5  29.6  29.6  24.9   MM   MM    MM
2026 07 18 04 00 220  7.0  8.0    MM    MM    MM  MM 1018.6  29.6  29.7  25.0   MM +1.9    MM
2026 07 18 03 50 210  7.0  7.0   0.6     3   3.4 216 1018.5    MM  29.7    MM   MM   MM    MM
2026 07 18 03 40 210  7.0  8.0    MM    MM    MM  MM 1018.4  29.5  29.7  25.3   MM   MM    MM
2026 07 18 03 30 210  7.0  8.0    MM    MM    MM  MM 1018.4  29.5  29.7  25.3   MM   MM    MM
2026 07 18 03 20 200  6.0  7.0   0.6     4   3.8 208 1018.3  29.5    MM  25.5   MM   MM    MM
2026 07 18 03 10 200  6.0  7.0   0.6    MM   3.8 208 1017.9  29.4  29.7  25.4   MM   MM    MM
2026 07 18 03 00 200  6.0  7.0    MM    MM    MM  MM 1017.8  29.5  29.6  25.3   MM +0.9    MM
2026 07 18 02 50 200  5.0  6.0   0.6     8   3.5 137 1017.7  29.4  29.6  25.1   MM   MM    MM
2026 07 18 02 40 200  5.0  6.0   0.6    MM   3.5 137 1017.6  29.4  29.6  25.4   MM   MM    MM
2026 07 18 02 30 200  5.0  6.0    MM    MM    MM  MM 1017.4  29.5  29.6  25.3   MM   MM    MM
2026 07 18 02 20 200  5.0  6.0   0.6     8   3.5 118 1017.4  29.4  29.6  25.1   MM   MM    MM
2026 07 18 02 10 200  5.0  6.0    MM    MM    MM  MM 1017.3  29.4  29.6  24.9   MM   MM    MM
2026 07 18 02 00 200  5.0  6.0    MM    MM    MM  MM 1017.1  29.4  29.7  24.9   MM +0.4    MM
2026 07 18 01 50 200  5.0  6.0   0.6     3   3.5 211 1017.1  29.4  29.7  25.0   MM   MM    MM
2026 07 18 01 40 190  6.0  7.0    MM    MM    MM  MM 1016.9  29.4  29.7  25.0   MM   MM    MM
2026 07 18 01 30 190  6.0  7.0    MM    MM    MM  MM 1016.7  29.4  29.8  25.2   MM   MM    MM
2026 07 18 01 20 200  6.0  7.0   0.6     3   3.5 206 1016.8  29.4  29.8  25.4   MM   MM    MM
2026 07 18 01 10 200  6.0  7.0   0.6    MM   3.5 206 1016.8  29.4  29.8  25.5   MM   MM    MM
2026 07 18 01 00 190  6.0  7.0    MM    MM    MM  MM 1016.7  29.5  29.8  25.7   MM +0.0    MM
2026 07 18 00 50 190  7.0  8.0   0.5     8   3.4 116 1016.9  29.5  29.8  25.6   MM   MM    MM
2026 07 18 00 40 190  7.0  8.0    MM    MM    MM  MM 1016.8  29.6  29.8  25.7   MM   MM    MM
2026 07 18 00 30 190  7.0  8.0    MM    MM    MM  MM 1016.9  29.7    MM  25.8   MM   MM    MM
2026 07 18 00 20 190  6.0  8.0   0.5     8   3.4 102 1016.9  29.8  30.0  25.3   MM   MM    MM
2026 07 18 00 10 190  7.0  9.0   0.5    MM   3.4 102 1016.9  29.8  30.0  24.9   MM   MM    MM
2026 07 18 00 00 190  7.0  8.0    MM    MM    MM  MM 1016.9  29.8  30.1  25.3   MM +0.0    MM
2026 07 17 23 50 190  7.0  8.0   0.6     8   3.6 117 1017.0  29.9  30.1  25.4   MM   MM    MM
2026 07 17 23 40 190  7.0  8.0    MM    MM    MM  MM 1016.8  29.9  30.2  25.2   MM   MM    MM
2026 07 17 23 20 180  7.0  8.0   0.5     8   3.6 137 1016.8  30.0  30.2  25.1   MM   MM    MM
2026 07 17 23 10 180  7.0  8.0    MM    MM    MM  MM 1016.6  30.0  30.2  25.1   MM   MM    MM
2026 07 17 23 00 180  7.0  8.0    MM    MM    MM  MM 1016.7  30.1  30.2  25.0   MM -0.6    MM
2026 07 17 22 50 180  6.0  8.0   0.5     8   3.4 121 1016.7  30.1  30.3  25.2   MM   MM    MM
2026 07 17 22 40 180  6.0  7.0    MM    MM    MM  MM 1016.6  30.1  30.3  25.2   MM   MM    MM
2026 07 17 22 30 170  6.0  7.0    MM    MM    MM  MM 1016.6  30.1  30.3  25.2   MM   MM    MM
2026 07 17 22 20 170  6.0  7.0   0.5     8   3.8 123 1016.6  30.1  30.3  24.9   MM   MM    MM
2026 07 17 22 10 170  5.0  6.0   0.5    MM   3.8 123 1016.7  30.2  30.3  25.1   MM   MM    MM
2026 07 17 22 00 170  5.0  6.0    MM    MM    MM  MM 1016.8  30.2  30.3  24.8   MM -1.0    MM
2026 07 17 21 50 180  5.0  6.0   0.5     8   3.7 127 1016.8  30.1  30.3  25.0   MM   MM    MM
2026 07 17 21 40 180  5.0  6.0    MM    MM    MM  MM 1016.7  30.1  30.3  25.5   MM   MM    MM
2026 07 17 21 30 180  5.0  6.0    MM    MM    MM  MM 1016.7  30.2  30.3  25.8   MM   MM    MM
2026 07 17 21 20 180  5.0  6.0   0.5     7   3.8 130 1016.8  30.2    MM  25.7   MM   MM    MM
2026 07 17 21 10 180  5.0  6.0   0.5    MM   3.8 130 1016.8  30.1  30.3  25.8   MM   MM    MM
2026 07 17 21 00 180  5.0  6.0    MM    MM    MM  MM 1016.9  30.1  30.4  25.7   MM -1.2    MM
2026 07 17 20 50 180  5.0  6.0   0.5     8   4.0 112 1016.8  30.0  30.4  25.8   MM   MM    MM
2026 07 17 20 40 170  5.0  6.0   0.5    MM   4.0 112 1017.0  29.9  30.4  26.1   MM   MM    MM
2026 07 17 20 30 180  5.0  6.0    MM    MM    MM  MM 1017.0  29.9  30.4  26.1   MM   MM    MM
2026 07 17 20 20 180  5.0  6.0   0.4     9   4.3 126 1017.1  29.9  30.4  26.1   MM   MM    MM
2026 07 17 20 10 180  5.0  6.0   0.4    MM   4.3 126 1017.1  29.9  30.3  26.1   MM   MM    MM
2026 07 17 20 00 170  5.0  6.0    MM    MM    MM  MM 1017.3  29.9  30.3  26.1   MM -1.1    MM
2026 07 17 19 50 170  5.0  6.0   0.4    MM   4.3 125 1017.3  29.9  30.3  25.8   MM   MM    MM
2026 07 17 19 40  MM   MM   MM   0.4     7   4.3 125     MM    MM    MM    MM   MM   MM    MM
2026 07 17 19 30 170  4.0  6.0    MM    MM    MM  MM 1017.5  29.9  30.2  25.8   MM   MM    MM
2026 07 17 19 20 170  4.0  5.0   0.4     8   4.5 118 1017.6  29.9  30.2  25.7   MM   MM    MM
2026 07 17 19 10 170  4.0  5.0   0.4    MM   4.5 118 1017.8  29.9    MM  25.5   MM   MM    MM
2026 07 17 19 00 170  4.0  5.0    MM    MM    MM  MM 1017.8  29.9  30.1  25.9   MM -0.6    MM
2026 07 17 18 50 170  4.0  5.0   0.4    15   4.5 117 1017.9  29.8  30.3  25.8   MM   MM    MM
2026 07 17 18 40 170  4.0  5.0    MM    MM    MM  MM 1017.9  29.8  30.2  26.2   MM   MM    MM
2026 07 17 18 30 180  4.0  5.0    MM    MM    MM  MM 1018.0  29.7  30.1  26.2   MM   MM    MM
2026 07 17 18 20 170  5.0  5.0   0.5     8   4.7 129 1018.0  29.6  30.1  26.3   MM   MM    MM
2026 07 17 18 10 180  4.0  5.0   0.5    MM   4.7 129 1018.0  29.7  30.1  26.4   MM   MM    MM
2026 07 17 18 00 170  4.0  4.0    MM    MM    MM  MM 1018.1  29.6  30.1  26.3   MM +0.0    MM
2026 07 17 17 50 170  3.0  4.0   0.5     8   4.5 127 1018.1  29.6    MM  26.3   MM   MM    MM
2026 07 17 17 40 180  4.0  4.0    MM    MM    MM  MM 1018.2  29.6  29.9  26.4   MM   MM    MM
2026 07 17 17 30 180  4.0  4.0    MM    MM    MM  MM 1018.3  29.6  30.2  26.3   MM   MM    MM
2026 07 17 17 20 180  4.0  5.0   0.5     8   4.4 126 1018.3  29.5  29.9  26.3   MM   MM    MM
2026 07 17 17 10 180  4.0  5.0   0.5    MM   4.4 126 1018.4  29.6  29.9  26.4   MM   MM    MM
2026 07 17 17 00 180  4.0  5.0    MM    MM    MM  MM 1018.4  29.5  29.8  26.3   MM +0.8    MM
2026 07 17 16 50 180  3.0  4.0   0.5     8   4.5 128 1018.4  29.5  29.6  26.4   MM   MM    MM
2026 07 17 16 40 170  3.0  4.0    MM    MM    MM  MM 1018.4  29.4  29.7  26.4   MM   MM    MM
2026 07 17 16 30 180  4.0  5.0    MM    MM    MM  MM 1018.5  29.3  29.7  26.3   MM   MM    MM
2026 07 17 16 20 170  3.0  4.0   0.5     8   4.3 121 1018.4  29.3  29.7  26.4   MM   MM    MM
2026 07 17 16 10 190  3.0  4.0   0.5    MM   4.3 121 1018.4  29.3  29.8  26.5   MM   MM    MM
2026 07 17 16 00 190  2.0  3.0    MM    MM    MM  MM 1018.4  29.3  29.6  26.4   MM +0.9    MM
2026 07 17 15 50 190  1.0  2.0   0.5    15   4.1 132 1018.2  29.4  29.7  26.3   MM   MM    MM
2026 07 17 15 40 230  1.0  2.0    MM    MM    MM  MM 1018.2  29.5  29.6  26.3   MM   MM    MM
2026 07 17 15 30 240  1.0  1.0    MM    MM    MM  MM 1018.1  29.5  29.6  26.4   MM   MM    MM
2026 07 17 15 20 250  1.0  2.0   0.5     8   4.1 107 1018.0  29.4  29.6  26.4   MM   MM    MM
2026 07 17 15 10 250  2.0  2.0   0.5    MM   4.1 107 1018.0  29.3  29.6  26.4   MM   MM    MM
2026 07 17 15 00 250  2.0  2.0    MM    MM    MM  MM 1017.9  29.3  29.6  26.5   MM +0.5    MM
2026 07 17 14 50 260  3.0  3.0   0.5     8   4.2 121 1017.9  29.3  29.6  26.5   MM   MM    MM
2026 07 17 14 40 260  3.0  4.0    MM    MM    MM  MM 1017.8  29.2  29.6  26.4   MM   MM    MM
2026 07 17 14 30 250  3.0  4.0    MM    MM    MM  MM 1017.7  29.2  29.6  26.4   MM   MM    MM
2026 07 17 14 20 260  3.0  4.0   0.5     8   4.0 103 1017.7  29.2  29.5  26.4   MM   MM    MM
2026 07 17 14 10 260  3.0  4.0   0.5    MM   4.0 103 1017.7  29.2  29.5  26.4   MM   MM    MM
2026 07 17 14 00 260  3.0  4.0    MM    MM    MM  MM 1017.6  29.2  29.5  26.4   MM +0.0    MM
2026 07 17 13 50 260  3.0  3.0   0.5     9   3.8 123 1017.6  29.2  29.5  26.5   MM   MM    MM
2026 07 17 13 40 250  4.0  4.0    MM    MM    MM  MM 1017.6  29.2  29.5  26.6   MM   MM    MM
2026 07 17 13 30 240  4.0  5.0    MM    MM    MM  MM 1017.6  29.1  29.5  26.5   MM   MM    MM
2026 07 17 13 20 240  4.0  5.0   0.5     8   4.0 118 1017.5  29.1  29.5  26.4   MM   MM    MM
2026 07 17 13 10 240  5.0  5.0   0.5    MM   4.0 118 1017.5  29.1  29.5  26.4   MM   MM    MM
2026 07 17 13 00 240  5.0  6.0    MM    MM    MM  MM 1017.5  29.1  29.4  26.4   MM +0.3    MM
2026 07 17 12 50 240  5.0  5.0   0.5     9   4.0 114 1017.5  29.0  29.4  26.2   MM   MM    MM
2026 07 17 12 40 250  5.0  6.0    MM    MM    MM  MM 1017.6  29.0  29.4  26.1   MM   MM    MM
2026 07 17 12 30 240  5.0  6.0    MM    MM    MM  MM 1017.5  29.0  29.4  26.1   MM   MM    MM
2026 07 17 12 20 240  5.0  6.0   0.5     8   4.0 120 1017.5  29.1  29.4  26.1   MM   MM    MM
2026 07 17 12 10 240  5.0  6.0   0.5    MM   4.0 120 1017.5  29.1  29.4  25.9   MM   MM    MM
2026 07 17 12 00 240  5.0  6.0    MM    MM    MM  MM 1017.4  29.1    MM  25.7   MM +0.6    MM
2026 07 17 11 50 240  5.0  6.0   0.5     8   3.9 118 1017.4  29.1  29.4  25.7   MM   MM    MM
2026 07 17 11 40 240  5.0  6.0    MM    MM    MM  MM 1017.4  29.0  29.4  25.9   MM   MM    MM
2026 07 17 11 30 240  5.0  6.0    MM    MM    MM  MM 1017.5  28.9  29.4  26.0   MM   MM    MM
2026 07 17 11 20 240  5.0  6.0   0.5     8   4.2 129 1017.5  29.0  29.4  26.4   MM   MM    MM
2026 07 17 11 10 230  5.0  5.0   0.5    MM   4.2 129 1017.5  29.0  29.4  26.3   MM   MM    MM
2026 07 17 11 00 230  5.0  6.0    MM    MM    MM  MM 1017.4  29.0  29.4  26.1   MM +0.6    MM
2026 07 17 10 50 230  5.0  6.0   0.5     8   4.2 127 1017.3  29.0  29.4  26.1   MM   MM    MM
2026 07 17 10 40 230  5.0  6.0    MM    MM    MM  MM 1017.4  29.0  29.4  26.0   MM   MM    MM
2026 07 17 10 30 230  5.0  6.0    MM    MM    MM  MM 1017.4  29.0  29.4  26.0   MM   MM    MM
2026 07 17 10 20 230  5.0  6.0   0.5     8   4.2 118 1017.4  29.0  29.4  26.1   MM   MM    MM
2026 07 17 10 10 230  5.0  6.0   0.5    MM   4.2 118 1017.3  29.0  29.4  26.1   MM   MM    MM
2026 07 17 10 00 230  5.0  5.0    MM    MM    MM  MM 1017.2  29.0  29.4  26.1   MM +0.6    MM
2026 07 17 09 50 230  5.0  6.0   0.5     8   4.0 113 1017.3  29.0  29.4  26.2   MM   MM    MM
2026 07 17 09 40 230  5.0  6.0    MM    MM    MM  MM 1017.1  29.0  29.4  26.1   MM   MM    MM
2026 07 17 09 30 230  5.0  6.0    MM    MM    MM  MM 1017.1  29.0  29.4  25.9   MM   MM    MM
2026 07 17 09 20 230  5.0  6.0   0.5     9   3.9 123 1017.0  29.0  29.4  26.0   MM   MM    MM
2026 07 17 09 10 230  5.0  6.0   0.5    MM   3.9 123 1016.9  29.0  29.4  25.8   MM   MM    MM
2026 07 17 09 00 230  5.0  6.0    MM    MM    MM  MM 1016.8  29.1  29.4  25.8   MM +0.0    MM
2026 07 17 08 50 230  5.0  6.0   0.5     9   4.0 130 1016.9  29.1  29.3  25.5   MM   MM    MM
2026 07 17 08 40 230  5.0  6.0    MM    MM    MM  MM 1016.9  29.1  29.4  25.4   MM   MM    MM
2026 07 17 08 30 230  5.0  6.0    MM    MM    MM  MM 1016.9  29.1  29.5  25.4   MM   MM    MM
2026 07 17 08 20 230  5.0  6.0   0.6     8   4.2 110 1016.9  29.1  29.5  25.6   MM   MM    MM
2026 07 17 08 10 230  5.0  6.0    MM    MM    MM  MM 1016.9  29.2  29.5  25.4   MM   MM    MM
2026 07 17 08 00 240  5.0  6.0    MM    MM    MM  MM 1016.8  29.1  29.5  25.3   MM -0.0    MM
2026 07 17 07 50 230  4.0  5.0   0.5    MM   3.9 102 1016.8    MM  29.4    MM   MM   MM    MM
2026 07 17 07 40 240  4.0  5.0    MM    MM    MM  MM 1016.7  29.2  29.4  25.4   MM   MM    MM
2026 07 17 07 30 230  4.0  5.0    MM    MM    MM  MM 1016.6  29.1  29.4  25.4   MM   MM    MM
2026 07 17 07 20 230  4.0  5.0   0.5     8   3.8 121 1016.7  29.2  29.4  25.6   MM   MM    MM
2026 07 17 07 10 230  4.0  5.0    MM    MM    MM  MM 1016.6  29.2  29.4  25.4   MM   MM    MM
2026 07 17 07 00 230  4.0  5.0    MM    MM    MM  MM 1016.6  29.2    MM  25.1   MM -0.5    MM
2026 07 17 06 50 240  4.0  5.0   0.6    MM   3.8 108 1016.6  29.3  29.5  25.1   MM   MM    MM
2026 07 17 06 40  MM   MM   MM   0.6     8   3.8 108     MM    MM    MM    MM   MM   MM    MM
2026 07 17 06 30 240  4.0  6.0    MM    MM    MM  MM 1016.6  29.2    MM  25.2   MM   MM    MM
2026 07 17 06 20 230  5.0  6.0   0.5     3   3.6 222 1016.5  29.3  29.6  24.9   MM   MM    MM
2026 07 17 06 10 230  5.0  6.0    MM    MM    MM  MM 1016.6  29.3  29.6  24.8   MM   MM    MM
2026 07 17 06 00 230  6.0  6.0    MM    MM    MM  MM 1016.6  29.3  29.5  24.9   MM -0.3    MM
2026 07 17 05 50 230  6.0  7.0   0.6     8   3.6 124 1016.6  29.3  29.5  24.8   MM   MM    MM
2026 07 17 05 40 230  6.0  7.0    MM    MM    MM  MM 1016.7  29.3  29.5  24.9   MM   MM    MM
2026 07 17 05 30 230  5.0  6.0    MM    MM    MM  MM 1016.7  29.3  29.4  24.7   MM   MM    MM
2026 07 17 05 20 230  5.0  6.0   0.5     8   3.5 119 1016.8  29.4  29.4  24.9   MM   MM    MM
2026 07 17 05 10 230  6.0  7.0   0.5    MM   3.5 119 1017.0  29.4  29.4  24.3   MM   MM    MM
2026 07 17 05 00 220  6.0  7.0    MM    MM    MM  MM 1017.0  29.4  29.4  24.5   MM +0.5    MM
2026 07 17 04 50 220  6.0  7.0   0.5     3   3.5 220 1017.0  29.4  29.4  24.6   MM   MM    MM
2026 07 17 04 40 220  6.0  7.0    MM    MM    MM  MM 1017.0  29.4  29.4  24.4   MM   MM    MM
2026 07 17 04 30 220  6.0  7.0    MM    MM    MM  MM 1017.1  29.4  29.4  24.4   MM   MM    MM
2026 07 17 04 20 220  6.0  7.0   0.5     8   3.5 101 1017.2  29.3  29.4  24.7   MM   MM    MM
2026 07 17 04 10 220  6.0  7.0   0.5    MM   3.5 101 1017.2  29.3  29.4  24.8   MM   MM    MM
2026 07 17 04 00 220  6.0  7.0    MM    MM    MM  MM 1017.1  29.3  29.4  24.8   MM +1.0    MM
2026 07 17 03 50 220  6.0  7.0   0.6     8   3.4 107 1017.1  29.3  29.5  25.0   MM   MM    MM
2026 07 17 03 40 220  6.0  7.0    MM    MM    MM  MM 1017.1  29.3  29.5  24.8   MM   MM    MM
2026 07 17 03 30 210  6.0  7.0    MM    MM    MM  MM 1016.9  29.3  29.5  24.8   MM   MM    MM
2026 07 17 03 20 220  5.0  6.0   0.5     9   3.4 115 1017.0  29.4  29.5  25.1   MM   MM    MM
2026 07 17 03 10 220  5.0  6.0   0.5    MM   3.4 115 1016.9  29.4  29.5  24.8   MM   MM    MM
2026 07 17 03 00 210  5.0  6.0    MM    MM    MM  MM 1016.9  29.4  29.5  24.8   MM +1.1    MM
2026 07 17 02 50 210  5.0  6.0   0.5     8   3.5 102 1016.9  29.4  29.5  24.7   MM   MM    MM
2026 07 17 02 40 210  5.0  6.0    MM    MM    MM  MM 1016.8  29.4  29.6  24.6   MM   MM    MM
2026 07 17 02 30 210  6.0  7.0    MM    MM    MM  MM 1016.8  29.5  29.6  24.8   MM   MM    MM
2026 07 17 02 20 210  6.0  7.0   0.5     8   3.5  94 1016.7  29.5  29.6  24.7   MM   MM    MM
2026 07 17 02 10 210  6.0  7.0   0.5    MM   3.5  94 1016.7  29.5  29.7  24.6   MM   MM    MM
2026 07 17 02 00 210  6.0  7.0    MM    MM    MM  MM 1016.5  29.5  29.7  24.6   MM +0.5    MM
2026 07 17 01 50 210  7.0  8.0   0.5     8   3.7 113 1016.4  29.5  29.7  24.3   MM   MM    MM
2026 07 17 01 40 210  6.0  7.0    MM    MM    MM  MM 1016.4  29.5  29.8  24.4   MM   MM    MM
2026 07 17 01 30 210  6.0  7.0    MM    MM    MM  MM 1016.4  29.5  29.8  24.3   MM   MM    MM
2026 07 17 01 20 220  6.0  7.0   0.5     9   3.6 122 1016.3  29.5  29.7  24.4   MM   MM    MM
2026 07 17 01 10 210  6.0  7.0   0.5    MM   3.6 122 1016.2  29.5  29.7  24.5   MM   MM    MM
2026 07 17 01 00 210  6.0  7.0    MM    MM    MM  MM 1016.1  29.5  29.8  24.3   MM -0.0    MM
2026 07 17 00 50 210  5.0  6.0   0.5     8   4.0 104 1015.9  29.5  29.8  24.4   MM   MM    MM
2026 07 17 00 40 200  5.0  6.0    MM    MM    MM  MM 1016.0  29.5    MM  24.5   MM   MM    MM
2026 07 17 00 30 200  5.0  6.0    MM    MM    MM  MM 1015.9  29.5  29.8  24.5   MM   MM    MM
2026 07 17 00 20 200  5.0  6.0   0.4     8   4.0 114 1015.9  29.5  29.8  24.6   MM   MM    MM
2026 07 17 00 10 200  5.0  7.0   0.4    MM   4.0 114 1015.8  29.5  29.8  24.4   MM   MM    MM
2026 07 17 00 00 190  5.0  6.0    MM    MM    MM  MM 1015.8  29.5  29.8  24.7   MM -0.7    MM
2026 07 16 23 50 190  5.0  6.0   0.4     9   3.8 131 1015.8  29.5    MM  24.8   MM   MM    MM
2026 07 16 23 40 200  6.0  6.0   0.4    MM   3.8 131 1015.8  29.5  29.8  24.9   MM   MM    MM
2026 07 16 23 10 210  6.0  7.0   0.4    MM   4.8 115 1015.9  29.6  29.9  25.1   MM   MM    MM
2026 07 16 23 00 210  6.0  7.0    MM    MM    MM  MM 1016.0  29.6  30.0  25.4   MM -0.6    MM
2026 07 16 22 50 210  6.0  7.0   0.4     8   5.1 100 1016.0  29.6  30.0  25.5   MM   MM    MM
2026 07 16 22 40 210  6.0  7.0    MM    MM    MM  MM 1016.0  29.5  30.1  25.3   MM   MM    MM
2026 07 16 22 30 200  6.0  6.0    MM    MM    MM  MM 1016.0  29.6  30.2  25.3   MM   MM    MM
2026 07 16 22 20 200  5.0  6.0   0.4     8   5.6 128 1016.1  29.5  30.2  25.0   MM   MM    MM
2026 07 16 22 10 190  5.0  6.0   0.4    MM   5.6 128 1016.1  29.5  30.2  25.2   MM   MM    MM
2026 07 16 22 00 190  5.0  6.0    MM    MM    MM  MM 1016.1  29.5  30.2  25.1   MM -1.1    MM
2026 07 16 21 50 180  5.0  5.0   0.4     9   5.1 115 1015.9  29.5  30.1  25.0   MM   MM    MM
2026 07 16 21 40 180  4.0  6.0    MM    MM    MM  MM 1016.2  29.5  30.2  24.9   MM   MM    MM
2026 07 16 21 30 190  4.0  5.0    MM    MM    MM  MM 1016.3  29.5  30.2  24.6   MM   MM    MM
2026 07 16 21 20 190  4.0  5.0   0.4     9   5.6 115 1016.3  29.6  30.2  24.3   MM   MM    MM
2026 07 16 21 10 180  4.0  4.0    MM    MM    MM  MM 1016.5  29.6  30.2  24.0   MM   MM    MM
2026 07 16 21 00 190  3.0  4.0    MM    MM    MM  MM 1016.5  29.5  30.2  23.9   MM -1.0    MM
2026 07 16 20 50 190  3.0  4.0   0.4     9   5.9 106 1016.5  29.6  30.1  23.5   MM   MM    MM
2026 07 16 20 40 190  3.0  4.0    MM    MM    MM  MM 1016.5  29.5  30.0  23.2   MM   MM    MM
2026 07 16 20 30 190  3.0  4.0    MM    MM    MM  MM 1016.5  29.3  29.9  23.5   MM   MM    MM
2026 07 16 20 20 200  3.0  4.0   0.5     8   5.5 120 1016.5  29.2  30.1  23.8   MM   MM    MM
2026 07 16 20 10 200  3.0  4.0   0.5    MM   5.5 120 1016.6  29.2  30.0  23.9   MM   MM    MM
2026 07 16 20 00 200  3.0  4.0    MM    MM    MM  MM 1016.6  29.1  29.8  24.3   MM -1.1    MM
2026 07 16 19 50 210  3.0  4.0   0.5     9   6.0 127 1016.7  29.1  29.9  24.4   MM   MM    MM
2026 07 16 19 40 210  3.0  4.0   0.5    MM   6.0 127 1016.9  29.2  29.9  24.8   MM   MM    MM
2026 07 16 19 30 210  3.0  4.0    MM    MM    MM  MM 1017.0  29.1  30.1  24.3   MM   MM    MM
2026 07 16 19 20 210  3.0  4.0   0.5     9   5.7 119 1017.1  29.1  30.1  24.9   MM   MM    MM
2026 07 16 19 10 210  4.0  4.0    MM    MM    MM  MM 1017.2  29.0  30.1  24.7   MM   MM    MM
2026 07 16 19 00 220  3.0  4.0    MM    MM    MM  MM 1017.2  29.0  30.1  24.8   MM -0.6    MM
2026 07 16 18 50 220  3.0  4.0   0.5     8   6.0 128 1017.3  29.0  30.1  24.6   MM   MM    MM
2026 07 16 18 40 230  3.0  4.0    MM    MM    MM  MM 1017.4  28.9  29.9  24.5   MM   MM    MM
2026 07 16 18 30 230  3.0  4.0    MM    MM    MM  MM 1017.4  28.8  29.9  24.5   MM   MM    MM
2026 07 16 18 20 230  3.0  3.0   0.5     8   5.7 109 1017.4    MM  29.9    MM   MM   MM    MM
2026 07 16 18 10 240  2.0  3.0    MM    MM    MM  MM 1017.5  28.9  29.9  24.5   MM   MM    MM
2026 07 16 18 00 250  2.0  3.0    MM    MM    MM  MM 1017.5  28.8  29.9  24.4   MM +0.0    MM
2026 07 16 17 50 240  2.0  3.0   0.5    MM   5.6 121 1017.6    MM  29.9    MM   MM   MM    MM
2026 07 16 17 40 240  2.0  3.0   0.5    MM   5.6 121 1017.6  28.8  29.9  24.2   MM   MM    MM
2026 07 16 17 30 250  2.0  3.0    MM    MM    MM  MM 1017.6  28.8  29.7  24.1   MM   MM    MM
2026 07 16 17 20 260  2.0  3.0   0.5     8   5.7 110 1017.7  28.8  29.6  23.9   MM   MM    MM
2026 07 16 17 10 250  3.0  3.0   0.5    MM   5.7 110 1017.7  28.8  29.7  24.0   MM   MM    MM
2026 07 16 17 00 250  3.0  4.0    MM    MM    MM  MM 1017.7  28.8  29.8  24.1   MM +0.3    MM
2026 07 16 16 50 260  3.0  4.0   0.5     8   5.5 123 1017.8  28.8  29.9  24.1   MM   MM    MM
2026 07 16 16 40 250  3.0  4.0    MM    MM    MM  MM 1017.8  28.7  29.8  24.0   MM   MM    MM
2026 07 16 16 30 250  3.0  4.0    MM    MM    MM  MM 1017.7  28.7  29.7  24.1   MM   MM    MM
2026 07 16 16 20 260  3.0  4.0   0.5     8   5.5 118 1017.7  28.6  29.5  24.1   MM   MM    MM
2026 07 16 16 10 260  3.0  4.0   0.5    MM   5.5 118 1017.7  28.5  29.6  24.5   MM   MM    MM
2026 07 16 16 00 260  3.0  4.0    MM    MM    MM  MM 1017.8  28.5  29.5  24.6   MM +0.8    MM
2026 07 16 15 50 280  3.0  4.0   0.5     9   5.3 121 1017.9  28.5  29.6  24.6   MM   MM    MM
2026 07 16 15 40 280  3.0  3.0    MM    MM    MM  MM 1017.9  28.5  29.5  24.5   MM   MM    MM
2026 07 16 15 30 280  3.0  3.0    MM    MM    MM  MM 1018.0  28.5  29.6  24.7   MM   MM    MM
2026 07 16 15 20 280  2.0  3.0   0.5     8   5.3 109 1017.9  28.5  29.6  24.7   MM   MM    MM
2026 07 16 15 10 280  2.0  3.0   0.5    MM   5.3 109 1017.8  28.5  29.5  24.7   MM   MM    MM
2026 07 16 15 00 270  2.0  3.0    MM    MM    MM  MM 1017.7  28.5  29.5  24.6   MM +1.0    MM
2026 07 16 14 50 270  2.0  3.0   0.5     8   5.4 117 1017.8  28.5  29.5  24.7   MM   MM    MM
2026 07 16 14 40 270  2.0  3.0   0.5    MM   5.4 117 1017.7  28.6  29.4  24.9   MM   MM    MM
2026 07 16 14 30 280  3.0  4.0    MM    MM    MM  MM 1017.7  28.5  29.4  24.9   MM   MM    MM
2026 07 16 14 20 270  3.0  3.0   0.5     9   5.3 115 1017.6  28.6  29.4  25.0   MM   MM    MM
2026 07 16 14 10 270  3.0  3.0   0.5    MM   5.3 115 1017.5  28.5  29.4  24.9   MM   MM    MM
2026 07 16 14 00 250  2.0  3.0    MM    MM    MM  MM 1017.4  28.6  29.4  25.2   MM +0.9    MM
2026 07 16 13 50 260  2.0  3.0   0.5     9   5.1 113 1017.4  28.6  29.4  25.0   MM   MM    MM
2026 07 16 13 40 260  2.0  3.0    MM    MM    MM  MM 1017.4  28.7  29.4  24.9   MM   MM    MM
2026 07 16 13 30 270  2.0  2.0    MM    MM    MM  MM 1017.2  28.8  29.4  24.7   MM   MM    MM
2026 07 16 13 20 260  1.0  2.0   0.5     9   5.2 107 1017.0  29.0  29.4  24.8   MM   MM    MM
2026 07 16 13 10  MM  0.0  1.0   0.5    MM   5.2 107 1017.1  29.5  29.4  25.1   MM   MM    MM
2026 07 16 13 00  MM  0.0  0.0    MM    MM    MM  MM 1017.0  29.3  29.4  25.2   MM +0.5    MM
2026 07 16 12 50  MM  0.0  1.0   0.5     8   4.8 102 1017.0  28.6    MM  25.2   MM   MM    MM
2026 07 16 12 40 350  1.0  1.0    MM    MM    MM  MM 1016.9  28.4  29.4  25.1   MM   MM    MM
2026 07 16 12 30 350  1.0  1.0    MM    MM    MM  MM 1016.8  28.3  29.4  25.2   MM   MM    MM
2026 07 16 12 20 340  1.0  2.0   0.5     8   4.9 115 1016.7  28.3  29.4  25.4   MM   MM    MM
2026 07 16 12 10 340  1.0  2.0    MM    MM    MM  MM 1016.7  28.2  29.4  25.5   MM   MM    MM
2026 07 16 12 00 350  1.0  2.0    MM    MM    MM  MM 1016.7  28.1  29.3  25.6   MM +0.3    MM
2026 07 16 11 50 320  2.0  2.0   0.5    MM   4.7  99 1016.7    MM  29.3    MM   MM   MM    MM
2026 07 16 11 40 320  2.0  3.0   0.5    MM   4.7  99 1016.7  28.0  29.3  25.6   MM   MM    MM
2026 07 16 11 30 330  3.0  3.0    MM    MM    MM  MM 1016.6  28.0  29.3  25.6   MM   MM    MM
2026 07 16 11 20 330  3.0  4.0   0.5     8   4.8 128 1016.6  28.1  29.4  25.7   MM   MM    MM
2026 07 16 11 10 340  3.0  4.0   0.5    MM   4.8 128 1016.6  28.1  29.4  25.6   MM   MM    MM
2026 07 16 11 00 350  3.0  4.0    MM    MM    MM  MM 1016.5  28.1  29.4  25.6   MM +0.0    MM
2026 07 16 10 50 340  3.0  4.0   0.5     8   4.9 118 1016.6  28.2  29.4  25.8   MM   MM    MM
2026 07 16 10 40 330  3.0  4.0    MM    MM    MM  MM 1016.6  28.3  29.4  25.6   MM   MM    MM
2026 07 16 10 30 330  3.0  4.0    MM    MM    MM  MM 1016.6  28.2  29.4  25.3   MM   MM    MM
2026 07 16 10 20 320  3.0  4.0   0.5     8   5.1 124 1016.6  28.2  29.4  25.4   MM   MM    MM
2026 07 16 10 10 310  3.0  4.0   0.5    MM   5.1 124 1016.5  28.2  29.4  25.4   MM   MM    MM
2026 07 16 10 00 310  4.0  4.0    MM    MM    MM  MM 1016.5  28.2  29.4  25.4   MM -0.3    MM
2026 07 16 09 50 310  3.0  4.0   0.5     8   5.0 107 1016.5  28.2  29.4  25.6   MM   MM    MM
2026 07 16 09 40 310  4.0  5.0   0.5    MM   5.0 107 1016.4  28.2  29.4  25.4   MM   MM    MM
2026 07 16 09 30 300  4.0  5.0    MM    MM    MM  MM 1016.4  28.2  29.4  25.3   MM   MM    MM
2026 07 16 09 20 290  4.0  5.0   0.5     8   5.0 123 1016.4  28.2  29.4  25.3   MM   MM    MM
2026 07 16 09 10 300  4.0  5.0   0.5    MM   5.0 123 1016.4  28.2  29.4  25.3   MM   MM    MM
2026 07 16 09 00 290  4.0  5.0    MM    MM    MM  MM 1016.4  28.2  29.4  25.2   MM -0.8    MM
2026 07 16 08 50 290  4.0  5.0   0.5     8   5.3 127 1016.5  28.2  29.5  25.3   MM   MM    MM
2026 07 16 08 40 300  4.0  5.0    MM    MM    MM  MM 1016.5  28.3  29.5  25.5   MM   MM    MM
2026 07 16 08 30 300  4.0  5.0    MM    MM    MM  MM 1016.6  28.2  29.5  25.3   MM   MM    MM
2026 07 16 08 20 300  4.0  5.0   0.5     9   5.1 130 1016.6  28.2  29.4  25.1   MM   MM    MM
2026 07 16 08 10 300  4.0  5.0   0.5    MM   5.1 130 1016.5  28.3  29.4  25.2   MM   MM    MM
2026 07 16 08 00 300  4.0  5.0    MM    MM    MM  MM 1016.5  28.2  29.4  24.9   MM -1.0    MM
2026 07 16 07 50 290  4.0  4.0   0.5     8   4.8 129 1016.5  28.2  29.4  25.1   MM   MM    MM
2026 07 16 07 40 280  3.0  4.0    MM    MM    MM  MM 1016.5  28.3  29.4  25.4   MM   MM    MM
2026 07 16 07 30 280  3.0  4.0    MM    MM    MM  MM 1016.6  28.3  29.4  25.3   MM   MM    MM
2026 07 16 07 20 280  3.0  4.0   0.6    MM   5.0 127 1016.6    MM  29.4    MM   MM   MM    MM
2026 07 16 07 10 280  3.0  4.0    MM    MM    MM  MM 1016.6  28.2  29.5  25.1   MM   MM    MM
2026 07 16 07 00 280  3.0  3.0    MM    MM    MM  MM 1016.8  28.2    MM  25.1   MM -0.6    MM
2026 07 16 06 50 280  3.0  3.0   0.6     9   5.0 125 1016.9  28.3  29.4  25.1   MM   MM    MM
2026 07 16 06 40 270  3.0  3.0    MM    MM    MM  MM 1016.9  28.2  29.5  24.9   MM   MM    MM
2026 07 16 06 30 270  2.0  3.0    MM    MM    MM  MM 1017.0  28.3  29.5  25.1   MM   MM    MM
2026 07 16 06 20 280  2.0  3.0   0.6     8   4.9 109 1017.0  28.3  29.4  24.9   MM   MM    MM
2026 07 16 06 10 280  2.0  3.0   0.6    MM   4.9 109 1017.2  28.3  29.5  24.8   MM   MM    MM
2026 07 16 06 00 260  2.0  2.0    MM    MM    MM  MM 1017.2  28.3  29.4  24.9   MM +0.0    MM
2026 07 16 05 50 250  2.0  2.0   0.6     8   5.0 116 1017.2  28.3  29.4  24.8   MM   MM    MM
2026 07 16 05 40 250  2.0  2.0    MM    MM    MM  MM 1017.3  28.3  29.4  24.8   MM   MM    MM
2026 07 16 05 30 250  1.0  2.0    MM    MM    MM  MM 1017.3  28.3  29.5  24.9   MM   MM    MM
2026 07 16 05 20 270  1.0  2.0   0.6     8   4.9 118 1017.3  28.3  29.5  24.9   MM   MM    MM
2026 07 16 05 10 260  1.0  2.0   0.6    MM   4.9 118 1017.4  28.4  29.5  24.9   MM   MM    MM
2026 07 16 05 00 240  1.0  2.0    MM    MM    MM  MM 1017.5  28.3  29.5  24.7   MM +0.4    MM
2026 07 16 04 50 220  1.0  2.0   0.6     8   4.7 120 1017.5  28.4  29.5  24.8   MM   MM    MM
2026 07 16 04 40 200  1.0  2.0    MM    MM    MM  MM 1017.6  28.4  29.5  24.8   MM   MM    MM
2026 07 16 04 30 180  1.0  2.0    MM    MM    MM  MM 1017.4  28.4  29.5  24.8   MM   MM    MM
2026 07 16 04 20 190  1.0  2.0   0.6     8   4.8 110 1017.5  28.4  29.5  24.7   MM   MM    MM
2026 07 16 04 10 170  1.0  2.0    MM    MM    MM  MM 1017.4  28.4  29.5  24.6   MM   MM    MM
2026 07 16 04 00 160  1.0  1.0    MM    MM    MM  MM 1017.4  28.4  29.5  24.7   MM +1.0    MM
2026 07 16 03 50 170  2.0  2.0   0.6     8   4.7 113 1017.4  28.4  29.5  24.7   MM   MM    MM
2026 07 16 03 40 160  1.0  2.0    MM    MM    MM  MM 1017.4  28.4  29.5  24.7   MM   MM    MM
2026 07 16 03 30 140  1.0  2.0    MM    MM    MM  MM 1017.5  28.4  29.5  24.6   MM   MM    MM
2026 07 16 03 20 130  1.0  2.0   0.6     8   4.7 109 1017.5  28.4  29.5  24.8   MM   MM    MM
2026 07 16 03 10 120  1.0  2.0   0.6    MM   4.7 109 1017.4  28.4  29.5  24.9   MM   MM    MM
2026 07 16 03 00 120  2.0  2.0    MM    MM    MM  MM 1017.4  28.4  29.5  25.3   MM +1.2    MM
2026 07 16 02 50 140  2.0  2.0   0.7     9   4.5 120 1017.5  28.4  29.5  25.2   MM   MM    MM
2026 07 16 02 40 150  2.0  2.0   0.7    MM   4.5 120 1017.6  28.5  29.5  25.3   MM   MM    MM
2026 07 16 02 30 140  2.0  3.0    MM    MM    MM  MM 1017.5  28.5  29.5  25.2   MM   MM    MM
2026 07 16 02 20 130  2.0  3.0   0.7     8   4.6 109 1017.5  28.5  29.5  25.2   MM   MM    MM
2026 07 16 02 10 130  3.0  4.0   0.7    MM   4.6 109 1017.3  28.4  29.5  25.2   MM   MM    MM
2026 07 16 02 00 120  3.0  4.0    MM    MM    MM  MM 1017.1  28.4  29.5  25.2   MM +0.9    MM
2026 07 16 01 50 130  3.0  4.0   0.7     4   4.3 136 1017.1  28.4  29.5  25.2   MM   MM    MM
2026 07 16 01 40 120  4.0  4.0    MM    MM    MM  MM 1017.0  28.4  29.5  25.1   MM   MM    MM
2026 07 16 01 30 110  4.0  5.0    MM    MM    MM  MM 1016.8  28.5  29.5  25.3   MM   MM    MM
2026 07 16 01 20 120  4.0  5.0   0.7     8   4.3 112 1016.6  28.5  29.4  25.0   MM   MM    MM
2026 07 16 01 10 110  4.0  5.0   0.7    MM   4.3 112 1016.6  28.4  29.4  24.7   MM   MM    MM
2026 07 16 01 00 100  5.0  5.0    MM    MM    MM  MM 1016.4  28.4  29.4  24.8   MM +0.0    MM
2026 07 16 00 50 100  4.0  5.0   0.7     9   4.4 123 1016.4  28.4  29.4  24.7   MM   MM    MM
2026 07 16 00 40 100  4.0  5.0   0.7    MM   4.4 123 1016.3  28.4  29.4  24.5   MM   MM    MM
2026 07 16 00 30 100  5.0  5.0    MM    MM    MM  MM 1016.2  28.4  29.4  24.7   MM   MM    MM
2026 07 16 00 20 100  5.0  6.0   0.8     9   4.4 124 1016.2  28.4  29.4  24.5   MM   MM    MM
2026 07 16 00 10 100  5.0  6.0   0.8    MM   4.4 124 1016.2  28.4  29.4  24.5   MM   MM    MM
2026 07 16 00 00  90  5.0  6.0    MM    MM    MM  MM 1016.2  28.5  29.4  24.5   MM -0.6    MM
2026 07 15 23 50  90  5.0  6.0   0.8     5   4.2 191 1016.2  28.5  29.4  24.2   MM   MM    MM
2026 07 15 23 40  90  4.0  5.0    MM    MM    MM  MM 1016.2  28.5  29.4  24.2   MM   MM    MM
2026 07 15 23 10  80  5.0  6.0   0.8    MM   4.3 103 1016.1  28.5  29.4  24.4   MM   MM    MM
2026 07 15 23 00  70  5.0  6.0    MM    MM    MM  MM 1016.2  28.5  29.4  24.5   MM -0.9    MM
2026 07 15 22 50  70  5.0  6.0   0.9     5   4.3 190 1016.2  28.5  29.4  24.7   MM   MM    MM
2026 07 15 22 40  70  5.0  6.0    MM    MM    MM  MM 1016.1  28.5  29.4  24.6   MM   MM    MM
2026 07 15 22 30  70  5.0  6.0    MM    MM    MM  MM 1016.2  28.6  29.4  24.6   MM   MM    MM
2026 07 15 22 20  70  5.0  6.0   0.9     5   4.3 123 1016.4  28.6  29.4  24.5   MM   MM    MM
2026 07 15 22 10  60  6.0  6.0   0.9    MM   4.3 123 1016.4  28.6  29.4  24.6   MM   MM    MM
2026 07 15 22 00  60  5.0  6.0    MM    MM    MM  MM 1016.4  28.5  29.4  24.6   MM -1.1    MM
2026 07 15 21 50  60  6.0  7.0   0.9     5   4.3 131 1016.5  28.5  29.4  24.7   MM   MM    MM
2026 07 15 21 40  60  6.0  7.0    MM    MM    MM  MM 1016.5  28.6  29.4  24.9   MM   MM    MM
2026 07 15 21 30  60  6.0  7.0    MM    MM    MM  MM 1016.5  28.7  29.4  24.9   MM   MM    MM
2026 07 15 21 20  60  6.0  6.0   0.9     7   4.3  82 1016.7  28.6  29.4  24.6   MM   MM    MM
2026 07 15 21 10  60  6.0  7.0   0.9    MM   4.3  82 1016.7  28.6  29.4  24.7   MM   MM    MM
2026 07 15 21 00  60  6.0  7.0    MM    MM    MM  MM 1016.8  28.7  29.4  24.9   MM -1.2    MM
2026 07 15 20 50  60  6.0  7.0   0.9     7   4.3  83 1016.8  28.7  29.5  24.9   MM   MM    MM
2026 07 15 20 40  60  5.0  6.0    MM    MM    MM  MM 1016.9  28.7  29.5  24.7   MM   MM    MM
2026 07 15 20 30  50  5.0  6.0    MM    MM    MM  MM 1016.8  28.7  29.5  24.6   MM   MM    MM
2026 07 15 20 20  50  5.0  6.0   1.0     5   4.4  76 1016.9  28.7  29.5  24.6   MM   MM    MM
2026 07 15 20 10  50  5.0  6.0   1.0    MM   4.4  76 1017.0  28.7  29.5  24.6   MM   MM    MM
2026 07 15 20 00  50  5.0  6.0    MM    MM    MM  MM 1017.1  28.7  29.5  24.7   MM -1.0    MM
2026 07 15 19 50  50  5.0  6.0   0.9     8   4.4 109 1017.2  28.7  29.5  24.8   MM   MM    MM
2026 07 15 19 40  50  5.0  6.0    MM    MM    MM  MM 1017.4  28.7  29.4  24.8   MM   MM    MM
2026 07 15 19 30  50  5.0  6.0    MM    MM    MM  MM 1017.4  28.6  29.4  24.8   MM   MM    MM
2026 07 15 19 20  40  5.0  7.0   0.9     6   4.4  75 1017.5  28.6  29.4  24.9   MM   MM    MM
2026 07 15 19 10  50  6.0  7.0   0.9    MM   4.4  75 1017.5  28.6  29.4  24.9   MM   MM    MM
2026 07 15 19 00  50  5.0  6.0    MM    MM    MM  MM 1017.5  28.5  29.4  24.9   MM -0.6    MM
2026 07 15 18 50  60  5.0  6.0   1.0     6   4.5  63 1017.5  28.0    MM  24.9   MM   MM    MM
2026 07 15 18 40  60  5.0  6.0   1.0    MM   4.5  63 1017.6  27.7  29.3  25.3   MM   MM    MM
2026 07 15 18 30  60  5.0  7.0    MM    MM    MM  MM 1017.8  27.6  29.4  25.4   MM   MM    MM
2026 07 15 18 20  70  6.0  8.0   0.9     7   4.5  69 1017.9  27.3    MM  24.0   MM   MM    MM
2026 07 15 18 10  60  7.0  9.0   0.9    MM   4.5  69 1017.9  28.0  29.4  24.5   MM   MM    MM
2026 07 15 18 00  50  5.0  8.0    MM    MM    MM  MM 1018.0  28.0  29.4  25.1   MM +0.0    MM
2026 07 15 17 50  80  5.0  6.0   1.0     6   4.6  83 1018.0  28.0  29.5  25.4   MM   MM    MM
2026 07 15 17 40  50  6.0  8.0    MM    MM    MM  MM 1017.9  28.5  29.4  25.3   MM   MM    MM
2026 07 15 17 30  40  6.0  7.0    MM    MM    MM  MM 1017.8  28.6  29.5  25.0   MM   MM    MM
2026 07 15 17 20  40  5.0  6.0   1.0     6   4.7  62 1018.1  28.5  29.5  25.0   MM   MM    MM
2026 07 15 17 10  40  5.0  5.0   1.0    MM   4.7  62 1018.0  28.5  29.4  24.9   MM   MM    MM
2026 07 15 17 00  50  4.0  6.0    MM    MM    MM  MM 1018.1  28.5  29.4  24.8   MM +0.0    MM
2026 07 15 16 50  60  5.0  6.0   1.0     7   4.8  82 1018.1  28.3  29.4  24.5   MM   MM    MM
2026 07 15 16 40  60  6.0  6.0    MM    MM    MM  MM 1018.1  28.2  29.4  25.0   MM   MM    MM
2026 07 15 16 30  50  6.0  8.0    MM    MM    MM  MM 1018.1  28.3  29.4  25.1   MM   MM    MM
2026 07 15 16 20  40  6.0  8.0   1.0     6   5.0  71 1018.2  28.4  29.3  24.4   MM   MM    MM
2026 07 15 16 10  40  6.0  7.0   1.0    MM   5.0  71 1018.1  28.4  29.4  25.0   MM   MM    MM
2026 07 15 16 00  40  5.0  6.0    MM    MM    MM  MM 1018.1  28.5  29.3  24.9   MM +0.0    MM
2026 07 15 15 50  40  5.0  6.0   1.0     6   5.2  67 1018.0  28.6  29.4  24.8   MM   MM    MM
2026 07 15 15 40  60  4.0  6.0    MM    MM    MM  MM 1018.0  28.7  29.4  24.4   MM   MM    MM
2026 07 15 15 30  50  3.0  5.0    MM    MM    MM  MM 1018.1  28.7  29.4  24.1   MM   MM    MM
2026 07 15 15 20  60  3.0  5.0   0.9     8   5.1 118 1018.0  28.7  29.4  24.0   MM   MM    MM
2026 07 15 15 10  60  3.0  4.0   0.9    MM   5.1 118 1018.0  28.7  29.4  24.0   MM   MM    MM
2026 07 15 15 00  60  3.0  4.0    MM    MM    MM  MM 1018.1  28.6  29.3  23.8   MM +0.5    MM
2026 07 15 14 50  60  2.0  4.0   0.9     8   5.3 122 1018.1  28.7  29.3  24.0   MM   MM    MM
2026 07 15 14 40  60  3.0  3.0    MM    MM    MM  MM 1018.0  28.7  29.3  23.8   MM   MM    MM
2026 07 15 14 30  40  3.0  3.0    MM    MM    MM  MM 1018.0  28.7  29.3  24.0   MM   MM    MM
2026 07 15 14 20  40  3.0  4.0   1.0     6   5.3  72 1018.0  28.7  29.3  23.9   MM   MM    MM
2026 07 15 14 10  40  3.0  4.0   1.0    MM   5.3  72 1017.9  28.6  29.3  24.0   MM   MM    MM
2026 07 15 14 00  50  3.0  4.0    MM    MM    MM  MM 1018.0  28.6  29.3  24.0   MM +0.8    MM
2026 07 15 13 50  50  3.0  4.0   1.0     6   5.3  66 1017.9  28.7  29.2  24.0   MM   MM    MM
2026 07 15 13 40  50  3.0  3.0    MM    MM    MM  MM 1018.0  28.7  29.2  23.7   MM   MM    MM
2026 07 15 13 30  50  3.0  4.0    MM    MM    MM  MM 1018.0  28.7  29.2  23.6   MM   MM    MM
2026 07 15 13 20  60  3.0  3.0   1.0     6   5.2  58 1018.0  28.7  29.2  23.6   MM   MM    MM
2026 07 15 13 10  60  2.0  3.0   1.0    MM   5.2  58 1018.0  28.7  29.2  23.7   MM   MM    MM
2026 07 15 13 00  60  3.0  3.0    MM    MM    MM  MM 1018.0  28.7  29.2  23.8   MM +1.2    MM
2026 07 15 12 50  50  3.0  4.0   0.9     6   5.2  49 1017.9  28.6  29.2  24.0   MM   MM    MM
2026 07 15 12 40  50  4.0  4.0    MM    MM    MM  MM 1017.7  28.6  29.2  24.2   MM   MM    MM
2026 07 15 12 30  50  3.0  5.0    MM    MM    MM  MM 1017.7  28.6  29.2  24.4   MM   MM    MM
2026 07 15 12 20  50  4.0  4.0   1.0     6   5.1  54 1017.6  28.6  29.2  24.3   MM   MM    MM
2026 07 15 12 10  50  3.0  4.0   1.0    MM   5.1  54 1017.5  28.6  29.2  24.2   MM   MM    MM
2026 07 15 12 00  40  3.0  4.0    MM    MM    MM  MM 1017.6  28.6  29.2  24.3   MM +0.7    MM
2026 07 15 11 50  30  3.0  4.0   0.9     6   5.2  52 1017.4  28.5  29.1  24.1   MM   MM    MM
2026 07 15 11 40  40  3.0  4.0   0.9    MM   5.2  52 1017.5  28.5  29.1  24.4   MM   MM    MM
2026 07 15 11 30  20  3.0  3.0    MM    MM    MM  MM 1017.3  28.5  29.2  24.4   MM   MM    MM
2026 07 15 11 20  30  3.0  4.0   1.0     6   5.1  51 1017.3  28.4  29.2  24.3   MM   MM    MM
2026 07 15 11 10  30  3.0  4.0   1.0    MM   5.1  51 1017.2  28.4  29.2  24.0   MM   MM    MM
2026 07 15 11 00  30  2.0  3.0    MM    MM    MM  MM 1017.2  28.4  29.1  24.1   MM -0.0    MM
2026 07 15 10 50  30  3.0  4.0   1.2     6   5.3  47 1017.1  28.3  29.1  24.0   MM   MM    MM
2026 07 15 10 40  20  3.0  4.0   1.2    MM   5.3  47 1017.1  28.3  29.1  24.0   MM   MM    MM
2026 07 15 10 30  30  3.0  4.0    MM    MM    MM  MM 1017.1  28.2  29.1  24.0   MM   MM    MM
2026 07 15 10 20  30  3.0  4.0   1.1     6   5.1  48 1017.0  28.2  29.0  24.0   MM   MM    MM
2026 07 15 10 10  20  3.0  4.0   1.1    MM   5.1  48 1016.8  28.2  29.1  24.2   MM   MM    MM
2026 07 15 10 00  20  2.0  3.0    MM    MM    MM  MM 1016.8  28.2  29.1  23.9   MM -0.6    MM
2026 07 15 09 50  40  2.0  2.0   1.2     6   5.2  50 1016.9  28.2  29.1  23.9   MM   MM    MM
2026 07 15 09 40  50  1.0  2.0    MM    MM    MM  MM 1016.9  28.2  29.1  23.9   MM   MM    MM
2026 07 15 09 30  70  2.0  3.0    MM    MM    MM  MM 1016.9  28.2  29.2  23.9   MM   MM    MM
2026 07 15 09 20  60  3.0  3.0   1.2     6   5.1  58 1016.8  28.2  29.2  24.1   MM   MM    MM
2026 07 15 09 10  50  2.0  3.0   1.2    MM   5.1  58 1016.8  28.2  29.2  24.1   MM   MM    MM
2026 07 15 09 00  50  2.0  3.0    MM    MM    MM  MM 1016.9  28.2  29.3  24.0   MM -1.1    MM
2026 07 15 08 50  40  2.0  3.0   1.2     6   5.0  54 1016.9  28.2  29.3  24.0   MM   MM    MM
2026 07 15 08 40  40  2.0  3.0    MM    MM    MM  MM 1017.0  28.3  29.3  24.1   MM   MM    MM
2026 07 15 08 30  50  2.0  3.0    MM    MM    MM  MM 1017.0  28.2  29.3  24.1   MM   MM    MM
2026 07 15 08 20  40  3.0  4.0   1.2     6   5.0  57 1017.1  28.2  29.3  24.3   MM   MM    MM
2026 07 15 08 10  40  3.0  3.0    MM    MM    MM  MM 1017.0  28.2  29.3  24.4   MM   MM    MM
2026 07 15 08 00  50  2.0  3.0    MM    MM    MM  MM 1017.0  28.3    MM  24.7   MM -1.0    MM
2026 07 15 07 50  70  2.0  3.0   1.1     6   5.0  53 1017.1  28.3    MM  24.5   MM   MM    MM
2026 07 15 07 40  60  2.0  3.0    MM    MM    MM  MM 1017.4  28.3  29.4  24.4   MM   MM    MM
2026 07 15 07 30  70  2.0  3.0    MM    MM    MM  MM 1017.5  28.2  29.3  24.3   MM   MM    MM
2026 07 15 07 20  80  2.0  3.0   1.2     5   4.8  61 1017.4  28.3    MM  24.6   MM   MM    MM
2026 07 15 07 10  80  2.0  4.0    MM    MM    MM  MM 1017.4  28.3  29.3  24.7   MM   MM    MM
2026 07 15 07 00  80  3.0  3.0    MM    MM    MM  MM 1017.4  28.3    MM  24.6   MM -1.0    MM
2026 07 15 06 50  80  3.0  4.0   1.2     6   4.9  55 1017.5  28.3    MM  24.6   MM   MM    MM
2026 07 15 06 40  70  3.0  4.0    MM    MM    MM  MM 1017.6  28.3  29.3  24.6   MM   MM    MM
2026 07 15 06 30  70  3.0  4.0    MM    MM    MM  MM 1017.7  28.4  29.3  24.6   MM   MM    MM
2026 07 15 06 20  70  4.0  4.0   1.1     5   4.7  55 1017.8  28.4  29.3  24.5   MM   MM    MM
2026 07 15 06 10  80  3.0  4.0   1.1    MM   4.7  55 1017.9  28.4  29.3  24.5   MM   MM    MM
2026 07 15 06 00  80  3.0  4.0    MM    MM    MM  MM 1018.0  28.4  29.3  24.1   MM -0.4    MM
2026 07 15 05 50  80  4.0  4.0   1.1     6   4.8  61 1018.0  28.4  29.3  24.3   MM   MM    MM
2026 07 15 05 40  70  4.0  5.0   1.1    MM   4.8  61 1018.1  28.4  29.2  24.6   MM   MM    MM
2026 07 15 05 30  70  4.0  5.0    MM    MM    MM  MM 1018.1  28.5  29.3  24.4   MM   MM    MM
2026 07 15 05 20  60  5.0  6.0   1.1     6   4.8  55 1018.2  28.4  29.3  24.3   MM   MM    MM
2026 07 15 05 10  60  5.0  6.0   1.1    MM   4.8  55 1018.1  28.4  29.3  24.6   MM   MM    MM
2026 07 15 05 00  60  5.0  6.0    MM    MM    MM  MM 1018.0  28.4  29.3  24.7   MM +0.0    MM
2026 07 15 04 50  70  5.0  5.0   1.1     5   4.7  52 1018.3  28.5  29.3  24.5   MM   MM    MM
2026 07 15 04 40  60  5.0  5.0    MM    MM    MM  MM 1018.4  28.4  29.3  24.4   MM   MM    MM
2026 07 15 04 30  60  4.0  6.0    MM    MM    MM  MM 1018.4  28.5  29.3  24.5   MM   MM    MM
2026 07 15 04 20  70  5.0  5.0   1.1     8   4.7  87 1018.4  28.5  29.3  24.5   MM   MM    MM
2026 07 15 04 10  70  5.0  6.0   1.1    MM   4.7  87 1018.4  28.5  29.3  24.5   MM   MM    MM
2026 07 15 04 00  70  5.0  6.0    MM    MM    MM  MM 1018.4  28.4  29.3  24.5   MM +0.8    MM
2026 07 15 03 50  70  5.0  6.0   1.1     8   4.7  96 1018.5  28.5  29.3  25.0   MM   MM    MM
2026 07 15 03 40  70  5.0  6.0    MM    MM    MM  MM 1018.5  28.5  29.3  25.2   MM   MM    MM
2026 07 15 03 30  70  5.0  6.0    MM    MM    MM  MM 1018.4  28.4  29.3  24.8   MM   MM    MM
2026 07 15 03 20  70  6.0  7.0   1.1     5   4.6  43 1018.5  28.5  29.3  24.7   MM   MM    MM
2026 07 15 03 10  70  5.0  6.0   1.1    MM   4.6  43 1018.4  28.5  29.3  24.8   MM   MM    MM
2026 07 15 03 00  70  6.0  7.0    MM    MM    MM  MM 1018.4  28.4  29.3  24.4   MM +1.2    MM
2026 07 15 02 50  70  6.0  7.0   1.0     5   4.5  30 1018.4  28.5  29.3  24.9   MM   MM    MM
2026 07 15 02 40  70  5.0  7.0   1.0    MM   4.5  30 1018.4  28.5  29.3  24.6   MM   MM    MM
2026 07 15 02 30  60  6.0  7.0    MM    MM    MM  MM 1018.3  28.5  29.3  24.5   MM   MM    MM
2026 07 15 02 20  60  5.0  6.0   1.0     5   4.5  41 1018.3  28.5  29.3  24.5   MM   MM    MM
2026 07 15 02 10  60  5.0  6.0   1.0    MM   4.5  41 1018.3  28.4  29.3  24.2   MM   MM    MM
2026 07 15 02 00  70  5.0  6.0    MM    MM    MM  MM 1018.2  28.4  29.3  24.4   MM +1.4    MM
2026 07 15 01 50  70  5.0  6.0   1.0     5   4.5  28 1018.1  28.4  29.3  24.3   MM   MM    MM
2026 07 15 01 40  70  6.0  7.0   1.0    MM   4.5  28 1018.1  28.4  29.4  24.5   MM   MM    MM
2026 07 15 01 30  60  6.0  7.0    MM    MM    MM  MM 1018.0  28.4  29.4  24.4   MM   MM    MM
2026 07 15 01 20  70  6.0  7.0   1.0     8   4.4  98 1017.8  28.3  29.4  24.5   MM   MM    MM
2026 07 15 01 10  60  6.0  7.0   1.0    MM   4.4  98 1017.7  28.4  29.4  24.5   MM   MM    MM
2026 07 15 01 00  60  6.0  7.0    MM    MM    MM  MM 1017.6  28.3  29.5  24.2   MM +0.6    MM
2026 07 15 00 50  60  6.0  7.0   1.0     5   4.2  35 1017.4  28.4  29.5  24.3   MM   MM    MM
2026 07 15 00 40  60  6.0  7.0   1.0    MM   4.2  35 1017.2  28.3  29.5  24.2   MM   MM    MM
2026 07 15 00 30  60  6.0  8.0    MM    MM    MM  MM 1017.2  28.3    MM  24.3   MM   MM    MM
2026 07 15 00 20  60  7.0  8.0   0.9     7   4.3  82 1017.2  28.4  29.6  24.3   MM   MM    MM
2026 07 15 00 10  60  7.0  8.0   0.9    MM   4.3  82 1017.2  28.4  29.3  24.1   MM   MM    MM
2026 07 15 00 00  50  7.0  9.0    MM    MM    MM  MM 1017.2  28.4  29.4  24.4   MM -0.0    MM
2026 07 14 23 50  50  7.0  9.0   0.9     8   4.4  87 1017.3  28.4  29.4  24.5   MM   MM    MM
2026 07 14 23 40  50  7.0  9.0    MM    MM    MM  MM 1017.3  28.5  29.4  24.8   MM   MM    MM
2026 07 14 23 10  60  6.0  8.0   0.9    MM   4.4  32 1017.0  28.5  29.4  24.4   MM   MM    MM
2026 07 14 23 00  50  6.0  7.0    MM    MM    MM  MM 1016.8  28.5  29.4  24.4   MM -0.8    MM
2026 07 14 22 50  50  6.0  7.0   0.9     9   4.3 100 1016.9  28.5  29.4  24.3   MM   MM    MM
2026 07 14 22 40  50  6.0  7.0   0.9    MM   4.3 100 1016.8  28.5  29.5  24.2   MM   MM    MM
2026 07 14 22 30  40  6.0  7.0    MM    MM    MM  MM 1016.8  28.5  29.4  24.2   MM   MM    MM
2026 07 14 22 20  40  6.0  7.0   0.9     4   4.2  32 1016.9  28.5  29.4  24.3   MM   MM    MM
2026 07 14 22 10  50  6.0  7.0   0.9    MM   4.2  32 1016.9  28.6  29.4  24.4   MM   MM    MM
2026 07 14 22 00  50  6.0  7.0    MM    MM    MM  MM 1017.0  28.5  29.4  24.1   MM -1.1    MM
2026 07 14 21 50  50  7.0  8.0   1.0     4   4.2  18 1016.9  28.5  29.4  24.5   MM   MM    MM
2026 07 14 21 40  40  6.0  7.0   1.0    MM   4.2  18 1016.9  28.5  29.5  24.5   MM   MM    MM
2026 07 14 21 30  30  7.0  8.0    MM    MM    MM  MM 1017.0  28.5  29.5  24.3   MM   MM    MM
2026 07 14 21 20  30  7.0  8.0   1.0     4   4.1  31 1017.2  28.5  29.4  24.2   MM   MM    MM
2026 07 14 21 10  30  7.0  8.0   1.0    MM   4.1  31 1017.5  28.4  29.4  24.2   MM   MM    MM
2026 07 14 21 00  40  7.0  9.0    MM    MM    MM  MM 1017.3  28.5  29.4  24.2   MM -0.9    MM
2026 07 14 20 50  30  7.0  8.0   1.0     6   4.2 218 1017.5  28.4  29.4  24.3   MM   MM    MM
2026 07 14 20 40  30  7.0  9.0    MM    MM    MM  MM 1017.5  28.3  29.4  24.3   MM   MM    MM
2026 07 14 20 30  20  7.0  8.0    MM    MM    MM  MM 1017.6  28.2  29.4  24.5   MM   MM    MM
2026 07 14 20 20  30  7.0  8.0   1.0     8   4.4 103 1017.7  28.1  29.4  24.5   MM   MM    MM
2026 07 14 20 10  30  8.0  9.0   1.0    MM   4.4 103 1017.8  28.2  29.4  24.7   MM   MM    MM
2026 07 14 20 00  20  7.0 10.0    MM    MM    MM  MM 1017.6  28.0  29.4  24.9   MM -1.4    MM
2026 07 14 19 50 350  7.0 10.0   0.9     6   4.4 220 1018.0  27.1  29.4  24.9   MM   MM    MM
2026 07 14 19 40 330  5.0  8.0    MM    MM    MM  MM 1017.9  26.9  29.4  24.5   MM   MM    MM
2026 07 14 19 30 340  7.0 10.0    MM    MM    MM  MM 1018.2  26.6  29.4  24.1   MM   MM    MM
2026 07 14 19 20 360  8.0 11.0   1.0     6   4.5 213 1018.2  27.5    MM  24.9   MM   MM    MM
2026 07 14 19 10  10  6.0  7.0    MM    MM    MM  MM 1018.1  27.6  29.4  24.8   MM   MM    MM
2026 07 14 19 00  10  6.0  7.0    MM    MM    MM  MM 1018.1  27.5  29.4  24.2   MM -0.9    MM
2026 07 14 18 50  10  6.0  7.0   1.0    MM   4.6 209 1018.2    MM  29.4    MM   MM   MM    MM
2026 07 14 18 40  20  6.0  8.0    MM    MM    MM  MM 1018.2  27.5  29.5  23.4   MM   MM    MM
2026 07 14 18 30  20  6.0  7.0    MM    MM    MM  MM 1018.2  27.5  29.5  24.2   MM   MM    MM
2026 07 14 18 20  10  7.0  8.0   1.0     6   4.8 199 1018.2  27.6  29.5  24.2   MM   MM    MM
2026 07 14 18 10 350  6.0  7.0   1.0    MM   4.8 199 1018.2  27.9  29.5  25.2   MM   MM    MM
2026 07 14 18 00 360  5.0  6.0    MM    MM    MM  MM 1018.2  27.9  29.5  24.8   MM -0.7    MM
2026 07 14 17 50 360  5.0  6.0   1.0     6   4.9 215 1018.4  27.9  29.5  25.1   MM   MM    MM
2026 07 14 17 40 360  5.0  6.0    MM    MM    MM  MM 1018.4  28.2  29.4  25.2   MM   MM    MM
2026 07 14 17 30  10  3.0  5.0    MM    MM    MM  MM 1018.5  28.4  29.4  24.1   MM   MM    MM
2026 07 14 17 20 360  2.0  3.0   1.0     6   4.9 221 1018.7  28.4  29.4  23.5   MM   MM    MM
2026 07 14 17 10 360  2.0  2.0   1.0    MM   4.9 221 1018.9  28.4  29.4  23.5   MM   MM    MM
2026 07 14 17 00  30  1.0  2.0    MM    MM    MM  MM 1019.0  28.4  29.4  23.5   MM +0.5    MM
2026 07 14 16 50  40  2.0  3.0   0.9     6   4.9 210 1019.0  28.4  29.4  23.5   MM   MM    MM
2026 07 14 16 40  50  1.0  2.0    MM    MM    MM  MM 1018.9  28.5  29.4  23.6   MM   MM    MM
2026 07 14 16 30  70  1.0  2.0    MM    MM    MM  MM 1018.9  28.6  29.4  23.6   MM   MM    MM
2026 07 14 16 20  50  1.0  1.0   1.0     6   5.2 216 1019.0  28.6  29.4  23.5   MM   MM    MM
2026 07 14 16 10  40  1.0  2.0   1.0    MM   5.2 216 1019.0  28.6  29.3  23.5   MM   MM    MM
2026 07 14 16 00  MM  0.0  1.0    MM    MM    MM  MM 1019.0  28.5  29.3  23.5   MM +0.7    MM
2026 07 14 15 50  70  1.0  2.0   1.0     6   5.2 213 1019.0  28.5  29.3  23.6   MM   MM    MM
2026 07 14 15 40  60  1.0  2.0    MM    MM    MM  MM 1019.0  28.3  29.3  23.6   MM   MM    MM
2026 07 14 15 30  80  1.0  2.0    MM    MM    MM  MM 1018.9  28.3  29.2  23.9   MM   MM    MM
2026 07 14 15 20  70  1.0  2.0   0.9     6   5.2 216 1018.9  28.2  29.2  23.8   MM   MM    MM
2026 07 14 15 10  60  2.0  3.0   0.9    MM   5.2 216 1018.8  28.1  29.2  23.7   MM   MM    MM
2026 07 14 15 00  80  2.0  3.0    MM    MM    MM  MM 1018.9  28.2  29.2  24.0   MM +0.7    MM
2026 07 14 14 50  70  2.0  3.0   0.9     6   5.0 216 1018.8  28.2  29.3  24.0   MM   MM    MM
2026 07 14 14 40  70  2.0  3.0    MM    MM    MM  MM 1018.8  28.2  29.3  24.0   MM   MM    MM
2026 07 14 14 30  90  2.0  3.0    MM    MM    MM  MM 1018.7  28.1  29.2  23.9   MM   MM    MM
2026 07 14 14 20 100  3.0  4.0   1.0     6   5.4 206 1018.6  28.1  29.2  23.8   MM   MM    MM
2026 07 14 14 10 100  3.0  4.0   1.0    MM   5.4 206 1018.5  28.1  29.2  23.8   MM   MM    MM
2026 07 14 14 00 100  2.0  3.0    MM    MM    MM  MM 1018.5  27.9  29.2  23.7   MM +1.1    MM
2026 07 14 13 50 100  2.0  2.0   0.9     6   5.3 206 1018.6  27.9  29.2  24.2   MM   MM    MM
2026 07 14 13 40 100  2.0  3.0    MM    MM    MM  MM 1018.6  27.8  29.3  24.3   MM   MM    MM
2026 07 14 13 30  90  2.0  3.0    MM    MM    MM  MM 1018.4  27.7  29.3  24.2   MM   MM    MM
2026 07 14 13 20  90  2.0  3.0   1.0     6   5.1 207 1018.3  27.6  29.2  24.1   MM   MM    MM
2026 07 14 13 10  80  3.0  4.0   1.0    MM   5.1 207 1018.4  27.7  29.3  24.2   MM   MM    MM
2026 07 14 13 00  80  3.0  4.0    MM    MM    MM  MM 1018.3  27.7  29.3  23.6   MM +1.2    MM
2026 07 14 12 50  80  2.0  3.0   1.0     7   5.2 215 1018.3  27.3  29.3  22.4   MM   MM    MM
2026 07 14 12 40  80  2.0  4.0   1.0    MM   5.2 215 1018.3  26.9  29.3  22.7   MM   MM    MM
2026 07 14 12 30  70  4.0  5.0    MM    MM    MM  MM 1018.2  26.7  29.3  22.8   MM   MM    MM
2026 07 14 12 20  80  3.0  5.0   1.0     6   5.2 209 1018.2  26.8  29.3  23.2   MM   MM    MM
2026 07 14 12 10  60  1.0  3.0   1.0    MM   5.2 209 1018.1  26.4  29.3  23.4   MM   MM    MM
2026 07 14 12 00  10  3.0  4.0    MM    MM    MM  MM 1018.2  26.4  29.3  23.4   MM +1.2    MM
2026 07 14 11 50  20  3.0  4.0   1.1     6   5.2 219 1018.0  26.3  29.3  23.0   MM   MM    MM
2026 07 14 11 40  30  4.0  7.0    MM    MM    MM  MM 1017.8  26.3  29.3  22.7   MM   MM    MM
2026 07 14 11 30  60  6.0  9.0    MM    MM    MM  MM 1017.7  26.8  29.3  23.4   MM   MM    MM
2026 07 14 11 20 160  3.0  4.0   1.0     7   5.3 211 1017.9  27.5  29.3  23.4   MM   MM    MM
2026 07 14 11 10 170  4.0  5.0   1.0    MM   5.3 211 1017.7  27.3  29.3  23.8   MM   MM    MM
2026 07 14 11 00 180  4.0  5.0    MM    MM    MM  MM 1017.4  27.3  29.3  24.2   MM -0.0    MM
2026 07 14 10 50 190  5.0  6.0   1.1     6   5.4 218 1017.5  27.3  29.3  24.1   MM   MM    MM
2026 07 14 10 40 180  4.0  5.0   1.1    MM   5.4 218 1017.5  27.7  29.3  24.4   MM   MM    MM
2026 07 14 10 30 160  4.0  5.0    MM    MM    MM  MM 1017.5  27.5  29.3  24.2   MM   MM    MM
2026 07 14 10 20 160  4.0  4.0   1.1     6   5.5 211 1017.4  27.6  29.3  24.6   MM   MM    MM
2026 07 14 10 10 150  4.0  5.0   1.1    MM   5.5 211 1017.3  27.8    MM  24.7   MM   MM    MM
2026 07 14 10 00 160  4.0  5.0    MM    MM    MM  MM 1017.1  27.5  29.3  24.4   MM -0.5    MM
2026 07 14 09 50 180  3.0  5.0   1.1     6   5.3 213 1017.1  27.4  29.3  24.4   MM   MM    MM
2026 07 14 09 40 180  4.0  5.0    MM    MM    MM  MM 1016.9  27.5  29.3  24.5   MM   MM    MM
2026 07 14 09 30 150  3.0  5.0    MM    MM    MM  MM 1016.9  27.6  29.4  24.6   MM   MM    MM
2026 07 14 09 20 170  4.0  5.0   1.0     6   5.4 216 1016.9  27.8  29.4  24.7   MM   MM    MM
2026 07 14 09 10 150  4.0  5.0    MM    MM    MM  MM 1016.9  27.9  29.4  24.4   MM   MM    MM
2026 07 14 09 00 140  3.0  4.0    MM    MM    MM  MM 1017.0  28.0  29.4  24.5   MM -1.0    MM
2026 07 14 08 50 130  3.0  4.0   0.9     6   5.2 208 1016.9  28.0  29.4  24.4   MM   MM    MM
2026 07 14 08 40 130  3.0  4.0    MM    MM    MM  MM 1017.1  28.0  29.4  24.4   MM   MM    MM
2026 07 14 08 30 130  2.0  3.0    MM    MM    MM  MM 1017.1  28.1  29.4  24.3   MM   MM    MM
2026 07 14 08 20 110  2.0  3.0   0.8     5   5.2 205 1017.2  28.1  29.4  24.1   MM   MM    MM
2026 07 14 08 10 110  2.0  4.0    MM    MM    MM  MM 1017.3  28.1  29.4  24.0   MM   MM    MM
2026 07 14 08 00 120  3.0  4.0    MM    MM    MM  MM 1017.4  28.1    MM  23.9   MM -1.0    MM
2026 07 14 07 50 110  3.0  4.0   0.8     5   5.1 211 1017.4  28.1  29.4  24.1   MM   MM    MM
2026 07 14 07 40  90  2.0  3.0   0.8    MM   5.1 211 1017.3  28.1  29.5  24.2   MM   MM    MM
2026 07 14 07 30  90  2.0  3.0    MM    MM    MM  MM 1017.3  28.1  29.5  24.3   MM   MM    MM
2026 07 14 07 20  90  2.0  3.0   0.8     5   4.8 216 1017.3  28.1  29.5  24.4   MM   MM    MM
2026 07 14 07 10  80  2.0  3.0    MM    MM    MM  MM 1017.4  28.2  29.5  24.3   MM   MM    MM
2026 07 14 07 00  90  2.0  2.0    MM    MM    MM  MM 1017.6  28.1    MM  24.0   MM -0.9    MM
2026 07 14 06 50 100  2.0  2.0   0.8    MM   4.9 218 1017.7    MM  29.5    MM   MM   MM    MM
2026 07 14 06 40  80  1.0  2.0   0.8    MM   4.9 218 1017.7  28.2  29.5  24.3   MM   MM    MM
2026 07 14 06 30  70  1.0  2.0    MM    MM    MM  MM 1017.7  28.2  29.5  24.1   MM   MM    MM
2026 07 14 06 20  50  1.0  2.0   0.7     5   4.7 221 1017.9  28.2  29.5  24.1   MM   MM    MM
2026 07 14 06 10  20  1.0  2.0   0.7    MM   4.7 221 1018.0  28.2  29.5  23.9   MM   MM    MM
2026 07 14 06 00  20  1.0  2.0    MM    MM    MM  MM 1018.0  28.2  29.6  23.8   MM -0.5    MM
2026 07 14 05 50  30  1.0  2.0   0.7     9   4.6 107 1018.1  28.2    MM  24.0   MM   MM    MM
2026 07 14 05 40  50  1.0  2.0    MM    MM    MM  MM 1018.1  28.3  29.6  24.0   MM   MM    MM
2026 07 14 05 30  50  1.0  2.0    MM    MM    MM  MM 1018.1  28.3  29.6  23.6   MM   MM    MM
2026 07 14 05 20  MM  0.0  1.0   0.6     8   4.6 127 1018.2  28.2  29.6  23.2   MM   MM    MM
2026 07 14 05 10  MM  0.0  0.0    MM    MM    MM  MM 1018.3  28.2  29.6  23.2   MM   MM    MM
2026 07 14 05 00  MM  0.0  1.0    MM    MM    MM  MM 1018.4  28.3  29.6  23.4   MM +0.0    MM
2026 07 14 04 50  MM  0.0  1.0   0.7     8   4.6 118 1018.4  28.3  29.6  23.5   MM   MM    MM
2026 07 14 04 40 240  1.0  1.0    MM    MM    MM  MM 1018.6  28.3  29.6  23.4   MM   MM    MM
2026 07 14 04 30 230  1.0  2.0    MM    MM    MM  MM 1018.6  28.2  29.6  23.8   MM   MM    MM
2026 07 14 04 20 230  2.0  2.0   0.6     9   4.4 119 1018.5  28.2  29.6  24.1   MM   MM    MM
2026 07 14 04 10 220  1.0  2.0    MM    MM    MM  MM 1018.4  28.2  29.6  24.5   MM   MM    MM
2026 07 14 04 00 220  2.0  2.0    MM    MM    MM  MM 1018.5  28.3  29.6  24.5   MM +0.4    MM
2026 07 14 03 50 220  3.0  4.0   0.6    10   4.6 110 1018.5  28.2  29.6  24.3   MM   MM    MM
2026 07 14 03 40 230  3.0  4.0    MM    MM    MM  MM 1018.5  28.3  29.6  24.5   MM   MM    MM
2026 07 14 03 30 240  3.0  4.0    MM    MM    MM  MM 1018.6  28.3  29.6  24.6   MM   MM    MM
2026 07 14 03 20 240  4.0  5.0   0.6     8   4.6 119 1018.5  28.3  29.6  24.6   MM   MM    MM
2026 07 14 03 10 240  4.0  6.0   0.6    MM   4.6 119 1018.4  28.3  29.5  24.6   MM   MM    MM
2026 07 14 03 00 230  4.0  5.0    MM    MM    MM  MM 1018.5  28.3  29.5  24.6   MM +0.9    MM
2026 07 14 02 50 220  4.0  5.0   0.6     8   4.7 116 1018.5  28.4  29.5  24.8   MM   MM    MM
2026 07 14 02 40 220  3.0  4.0    MM    MM    MM  MM 1018.6  28.5  29.5  24.5   MM   MM    MM
2026 07 14 02 30 210  3.0  4.0    MM    MM    MM  MM 1018.6  28.5  29.5  24.3   MM   MM    MM
2026 07 14 02 20 210  4.0  5.0   0.6     9   4.8 110 1018.6  28.4  29.5  24.3   MM   MM    MM
2026 07 14 02 10 220  4.0  4.0   0.6    MM   4.8 110 1018.5  28.4  29.6  24.1   MM   MM    MM
2026 07 14 02 00 220  4.0  5.0    MM    MM    MM  MM 1018.5  28.4  29.5  24.2   MM +1.2    MM
2026 07 14 01 50 210  4.0  5.0   0.6     9   4.4 141 1018.4  28.4  29.5  24.3   MM   MM    MM
2026 07 14 01 40 210  4.0  5.0   0.6    MM   4.4 141 1018.2  28.4  29.5  24.2   MM   MM    MM
2026 07 14 01 30 210  4.0  5.0    MM    MM    MM  MM 1018.2  28.4  29.5  24.2   MM   MM    MM
2026 07 14 01 20 220  4.0  5.0   0.6    10   4.6 113 1018.3  28.4  29.5  24.1   MM   MM    MM
2026 07 14 01 10 220  4.0  5.0   0.6    MM   4.6 113 1018.1  28.3  29.5  24.1   MM   MM    MM
2026 07 14 01 00 210  3.0  5.0    MM    MM    MM  MM 1018.1  28.2  29.5  24.4   MM +1.1    MM
2026 07 14 00 50 210  4.0  5.0   0.5    MM   4.3 113 1018.0  28.2  29.5  24.3   MM   MM    MM
2026 07 14 00 40  MM   MM   MM   0.5    10   4.3 113     MM    MM    MM    MM   MM   MM    MM
2026 07 14 00 30 210  4.0  6.0    MM    MM    MM  MM 1017.7  28.2  29.6  24.2   MM   MM    MM
2026 07 14 00 20 220  4.0  6.0   0.6     9   4.4 118 1017.8  28.2  29.6  24.0   MM   MM    MM
2026 07 14 00 10 210  5.0  5.0   0.6    MM   4.4 118 1017.7  28.2  29.6  23.9   MM   MM    MM
2026 07 14 00 00 230  5.0  6.0    MM    MM    MM  MM 1017.6  28.2  29.7  23.8   MM -0.0    MM
2026 07 13 23 50 220  5.0  6.0   0.6    10   4.7 119 1017.6  28.3  29.7  23.8   MM   MM    MM
2026 07 13 23 40 220  5.0  6.0   0.6    MM   4.7 119 1017.6  28.2  29.7  23.6   MM   MM    MM
2026 07 13 23 10 210  4.0  5.0   0.5    MM   4.5 120 1017.5  28.3  29.7  23.4   MM   MM    MM
2026 07 13 23 00 220  4.0  5.0    MM    MM    MM  MM 1017.3  28.3  29.8  23.3   MM -0.4    MM
2026 07 13 22 50 210  4.0  5.0   0.6     9   4.7 118 1017.2  28.4  29.9  23.0   MM   MM    MM
2026 07 13 22 40 210  4.0  5.0   0.6    MM   4.7 118 1016.9  28.3  29.9  22.8   MM   MM    MM
2026 07 13 22 30 220  4.0  5.0    MM    MM    MM  MM 1016.8  28.3  29.9  23.8   MM   MM    MM
2026 07 13 22 20 210  3.0  4.0   0.6    10   4.5 106 1016.8  28.3  29.9  23.5   MM   MM    MM
2026 07 13 22 10 220  4.0  5.0   0.6    MM   4.5 106 1016.9  28.3  29.8  23.2   MM   MM    MM
2026 07 13 22 00 220  4.0  5.0    MM    MM    MM  MM 1017.0  28.3  29.9  23.4   MM -1.1    MM
2026 07 13 21 50 220  3.0  4.0   0.6    10   4.8 115 1017.2  28.3  29.8  23.5   MM   MM    MM
2026 07 13 21 40 220  3.0  5.0    MM    MM    MM  MM 1017.3  28.3  29.8  23.4   MM   MM    MM
2026 07 13 21 30 210  3.0  3.0    MM    MM    MM  MM 1017.2  28.2  29.8  22.9   MM   MM    MM
2026 07 13 21 20 220  3.0  4.0   0.6     9   4.7 124 1017.2  28.2    MM  22.9   MM   MM    MM
2026 07 13 21 10 220  2.0  4.0   0.6    MM   4.7 124 1017.4  28.1  29.7  22.8   MM   MM    MM
2026 07 13 21 00 230  2.0  3.0    MM    MM    MM  MM 1017.5  28.1  29.6  22.7   MM -1.3    MM
2026 07 13 20 50 230  2.0  3.0   0.6     9   4.6 129 1017.5    MM  29.7    MM   MM   MM    MM
2026 07 13 20 40 230  2.0  3.0    MM    MM    MM  MM 1017.5  28.1  29.6  22.7   MM   MM    MM
2026 07 13 20 30 230  2.0  2.0    MM    MM    MM  MM 1017.6  28.0  29.7  22.5   MM   MM    MM
2026 07 13 20 20 230  2.0  3.0   0.7     5   4.7 213 1017.7  28.0  29.6  22.6   MM   MM    MM
2026 07 13 20 10 220  2.0  3.0   0.7    MM   4.7 213 1017.7  27.9  29.7  22.4   MM   MM    MM
2026 07 13 20 00 190  2.0  3.0    MM    MM    MM  MM 1017.7  28.0  29.7  22.5   MM -1.6    MM
2026 07 13 19 50 170  1.0  2.0   0.7     5   4.7 222 1017.7  27.9  29.7  22.1   MM   MM    MM
2026 07 13 19 40 200  1.0  2.0    MM    MM    MM  MM 1017.6  28.0  29.7  22.3   MM   MM    MM
2026 07 13 19 30 230  1.0  2.0    MM    MM    MM  MM 1017.8  27.9  29.7  22.3   MM   MM    MM
2026 07 13 19 20 220  1.0  2.0   0.7    MM   4.7 219 1017.9  27.9  29.7  22.3   MM   MM    MM
2026 07 13 19 10 210  1.0  2.0   0.7    MM   4.7 219 1018.0  28.2  29.6  22.2   MM   MM    MM
2026 07 13 19 00  MM  0.0  1.0    MM    MM    MM  MM 1018.1  28.3    MM  22.0   MM -1.6    MM
2026 07 13 18 50  MM  0.0  1.0   0.7     5   4.7 213 1018.2  28.1    MM  21.9   MM   MM    MM
2026 07 13 18 40  MM  0.0  1.0    MM    MM    MM  MM 1018.3  28.1  29.6  22.0   MM   MM    MM
2026 07 13 18 30  MM  0.0  1.0    MM    MM    MM  MM 1018.4  28.1  29.6  22.1   MM   MM    MM
2026 07 13 18 20  MM  0.0  2.0   0.8     6   4.8 213 1018.6  27.8  29.6  22.1   MM   MM    MM
2026 07 13 18 10 220  1.0  2.0   0.8    MM   4.8 213 1018.7  27.7  29.6  22.3   MM   MM    MM
2026 07 13 18 00 280  1.0  2.0    MM    MM    MM  MM 1018.8  27.6  29.6  22.5   MM -0.8    MM
2026 07 13 17 50 270  2.0  3.0   0.8     5   4.8 218 1018.9  27.6  29.5  22.6   MM   MM    MM
2026 07 13 17 40 260  2.0  3.0    MM    MM    MM  MM 1018.9  27.6  29.6  22.5   MM   MM    MM
2026 07 13 17 30 280  3.0  4.0    MM    MM    MM  MM 1019.0  27.6  29.6  22.4   MM   MM    MM
2026 07 13 17 20 290  3.0  4.0   0.8     5   4.9 209 1019.1  27.6  29.5  22.3   MM   MM    MM
2026 07 13 17 10 280  3.0  4.0   0.8    MM   4.9 209 1019.2  27.7  29.5  22.6   MM   MM    MM
2026 07 13 17 00 270  3.0  4.0    MM    MM    MM  MM 1019.3  27.6  29.5  22.4   MM +0.0    MM
2026 07 13 16 50 250  3.0  4.0   0.9     6   4.9 204 1019.4  27.7  29.4  22.8   MM   MM    MM
2026 07 13 16 40 260  3.0  4.0    MM    MM    MM  MM 1019.5  27.7  29.4  22.6   MM   MM    MM
2026 07 13 16 30 260  2.0  4.0    MM    MM    MM  MM 1019.6  27.8  29.5  22.4   MM   MM    MM
2026 07 13 16 20 260  3.0  4.0   0.9     6   5.0 205 1019.6  27.8  29.4  22.2   MM   MM    MM
2026 07 13 16 10 270  3.0  4.0   0.9    MM   5.0 205 1019.7  27.8  29.4  21.9   MM   MM    MM
2026 07 13 16 00 270  3.0  4.0    MM    MM    MM  MM 1019.7  27.8  29.4  21.9   MM +0.6    MM
2026 07 13 15 50 270  3.0  4.0   0.9     6   5.0 206 1019.8  27.8  29.4  22.2   MM   MM    MM
2026 07 13 15 40 260  4.0  4.0    MM    MM    MM  MM 1019.8  27.8  29.4  22.6   MM   MM    MM
2026 07 13 15 30 260  3.0  5.0    MM    MM    MM  MM 1019.9  27.8  29.4  22.7   MM   MM    MM
2026 07 13 15 20 270  3.0  4.0   0.9     6   5.2 195 1019.8  27.7  29.4  22.5   MM   MM    MM
2026 07 13 15 10 270  3.0  4.0   0.9    MM   5.2 195 1019.8  27.7  29.4  22.4   MM   MM    MM
2026 07 13 15 00 270  3.0  4.0    MM    MM    MM  MM 1019.6  27.7  29.3  22.3   MM +0.6    MM
2026 07 13 14 50 260  3.0  4.0   0.9     5   5.2 211 1019.5  27.6  29.3  22.4   MM   MM    MM
2026 07 13 14 40 270  3.0  4.0    MM    MM    MM  MM 1019.5  27.6  29.3  22.7   MM   MM    MM
2026 07 13 14 30 260  3.0  3.0    MM    MM    MM  MM 1019.5  27.6  29.2  22.8   MM   MM    MM
2026 07 13 14 20 260  2.0  3.0   0.8     5   5.1 211 1019.5  27.6  29.2  22.4   MM   MM    MM
2026 07 13 14 10 260  2.0  3.0   0.8    MM   5.1 211 1019.3  27.6  29.2  22.1   MM   MM    MM
2026 07 13 14 00 270  2.0  2.0    MM    MM    MM  MM 1019.3  27.7  29.2  22.1   MM +0.8    MM
2026 07 13 13 50 280  2.0  2.0   0.8     5   4.8 210 1019.3  27.7  29.2  22.1   MM   MM    MM
2026 07 13 13 40 290  1.0  2.0    MM    MM    MM  MM 1019.4  27.7  29.2  22.1   MM   MM    MM
2026 07 13 13 30 320  1.0  2.0    MM    MM    MM  MM 1019.3  27.8  29.1  22.1   MM   MM    MM
2026 07 13 13 20 300  1.0  2.0   0.8     6   4.9 213 1019.2  27.7  29.2  22.2   MM   MM    MM
2026 07 13 13 10 300  2.0  3.0   0.8    MM   4.9 213 1019.1  27.5  29.1  22.1   MM   MM    MM
2026 07 13 13 00 290  2.0  3.0    MM    MM    MM  MM 1019.1  27.5  29.2  22.8   MM +0.9    MM
2026 07 13 12 50 290  2.0  3.0   0.8     5   4.8 219 1019.0  27.5  29.2  22.8   MM   MM    MM
2026 07 13 12 40 290  2.0  3.0    MM    MM    MM  MM 1019.0  27.4  29.2  22.7   MM   MM    MM
2026 07 13 12 30 290  3.0  4.0    MM    MM    MM  MM 1019.0  27.3  29.2  22.9   MM   MM    MM
2026 07 13 12 20 300  3.0  3.0   0.7     5   4.7 219 1018.9  27.4  29.1  23.2   MM   MM    MM
2026 07 13 12 10 300  3.0  4.0   0.7    MM   4.7 219 1019.0  27.4  29.1  23.1   MM   MM    MM
2026 07 13 12 00 320  3.0  4.0    MM    MM    MM  MM 1019.0  27.3  29.1  22.6   MM +1.3    MM
2026 07 13 11 50 310  3.0  4.0   0.8     6   4.7 226 1019.0  27.3  29.1  22.9   MM   MM    MM
2026 07 13 11 40 310  3.0  4.0    MM    MM    MM  MM 1019.0  27.3  29.1  23.4   MM   MM    MM
2026 07 13 11 30 320  3.0  4.0    MM    MM    MM  MM 1018.8  27.3  29.1  23.6   MM   MM    MM
2026 07 13 11 20 320  4.0  4.0   0.8     5   4.6 228 1018.7  27.2  29.1  23.4   MM   MM    MM
2026 07 13 11 10 320  4.0  5.0   0.8    MM   4.6 228 1018.6  27.2  29.1  23.4   MM   MM    MM
2026 07 13 11 00 310  4.0  5.0    MM    MM    MM  MM 1018.5  27.1  29.1  23.8   MM +0.9    MM
2026 07 13 10 50 310  4.0  5.0   0.9     6   4.6 234 1018.5  27.1  29.2  23.8   MM   MM    MM
2026 07 13 10 40 310  3.0  5.0    MM    MM    MM  MM 1018.4  27.0  29.1  23.6   MM   MM    MM
2026 07 13 10 30 300  4.0  5.0    MM    MM    MM  MM 1018.4  27.1  29.1  23.8   MM   MM    MM
2026 07 13 10 20 290  4.0  5.0   0.9     6   4.6 232 1018.3  27.1  29.2  23.9   MM   MM    MM
2026 07 13 10 10 290  4.0  5.0   0.9    MM   4.6 232 1018.2  27.1  29.2  23.9   MM   MM    MM
2026 07 13 10 00 290  4.0  5.0    MM    MM    MM  MM 1018.2  27.1    MM  23.9   MM +0.8    MM
2026 07 13 09 50 290  4.0  5.0   0.8     6   4.6 243 1018.1  27.1  29.2  24.0   MM   MM    MM
2026 07 13 09 40 290  4.0  4.0    MM    MM    MM  MM 1018.1  27.1  29.2  23.8   MM   MM    MM
2026 07 13 09 30 290  4.0  5.0    MM    MM    MM  MM 1018.1  27.1  29.2  23.9   MM   MM    MM
2026 07 13 09 20 280  4.0  5.0   1.0     5   4.7 234 1017.9  27.1  29.2  23.8   MM   MM    MM
2026 07 13 09 10 280  4.0  5.0   1.0    MM   4.7 234 1017.8  27.2  29.2  23.9   MM   MM    MM
2026 07 13 09 00 280  3.0  4.0    MM    MM    MM  MM 1017.7  27.2  29.2  23.8   MM +0.6    MM
2026 07 13 08 50 280  3.0  4.0   0.9     5   4.6 233 1017.8  27.2  29.2  23.8   MM   MM    MM
2026 07 13 08 40 290  2.0  3.0    MM    MM    MM  MM 1017.7  27.2    MM  23.7   MM   MM    MM
2026 07 13 08 30 310  1.0  2.0    MM    MM    MM  MM 1017.7  27.2  29.2  23.7   MM   MM    MM
2026 07 13 08 20 320  1.0  2.0   0.9     5   4.5 236 1017.6  27.1  29.2  23.6   MM   MM    MM
2026 07 13 08 10 320  2.0  3.0   0.9    MM   4.5 236 1017.6  27.2  29.2  23.8   MM   MM    MM
2026 07 13 08 00 310  1.0  2.0    MM    MM    MM  MM 1017.6  27.1  29.2  23.6   MM -0.0    MM
2026 07 13 07 50 320  2.0  3.0   0.8     5   4.4 233 1017.5  27.2  29.2  23.7   MM   MM    MM
2026 07 13 07 40 300  2.0  2.0    MM    MM    MM  MM 1017.6  27.2  29.2  23.6   MM   MM    MM
2026 07 13 07 30 340  1.0  2.0    MM    MM    MM  MM 1017.6  27.1  29.2  23.4   MM   MM    MM
2026 07 13 07 20 360  2.0  3.0   0.9     6   4.5 234 1017.5  27.2  29.2  23.6   MM   MM    MM
2026 07 13 07 10 360  2.0  4.0   0.9    MM   4.5 234 1017.4  27.2  29.2  23.6   MM   MM    MM
2026 07 13 07 00  10  3.0  4.0    MM    MM    MM  MM 1017.4  27.2  29.2  23.4   MM -0.6    MM
2026 07 13 06 50  10  3.0  4.0   1.1     6   4.5 244 1017.5  27.2  29.2  23.4   MM   MM    MM
2026 07 13 06 40  10  4.0  5.0    MM    MM    MM  MM 1017.3  27.2  29.2  23.3   MM   MM    MM
2026 07 13 06 30 360  4.0  5.0    MM    MM    MM  MM 1017.2  27.2  29.2  23.3   MM   MM    MM
2026 07 13 06 20 360  5.0  7.0   1.3     6   4.8 229 1017.1  27.2  29.2  23.6   MM   MM    MM
2026 07 13 06 10 350  5.0  7.0   1.3    MM   4.8 229 1017.1  27.2  29.2  23.7   MM   MM    MM
2026 07 13 06 00 330  5.0  6.0    MM    MM    MM  MM 1017.1  27.1  29.2  23.6   MM -2.1    MM
2026 07 13 05 50 310  5.0  6.0   1.4     6   4.7 237 1017.2  27.0  29.2  23.3   MM   MM    MM
2026 07 13 05 40 300  5.0  7.0    MM    MM    MM  MM 1017.3  27.0  29.2  23.3   MM   MM    MM
2026 07 13 05 30 300  6.0  8.0    MM    MM    MM  MM 1017.2  27.1  29.2  23.2   MM   MM    MM
2026 07 13 05 20 300  7.0  8.0   1.5     6   4.7 241 1017.4  27.2  29.2  23.3   MM   MM    MM
2026 07 13 05 10 290  8.0  9.0   1.5    MM   4.7 241 1017.6  27.2  29.3  23.0   MM   MM    MM
2026 07 13 05 00 290  8.0  9.0    MM    MM    MM  MM 1017.6  27.3  29.2  23.4   MM -1.2    MM
2026 07 13 04 50 280  9.0 10.0   1.4     5   4.4 243 1017.9  27.4  29.3  23.5   MM   MM    MM
2026 07 13 04 40 270  9.0 12.0    MM    MM    MM  MM 1017.8  27.6  29.3  23.5   MM   MM    MM
2026 07 13 04 30 280 10.0 11.0    MM    MM    MM  MM 1017.6  27.7  29.3  23.5   MM   MM    MM
2026 07 13 04 20 270 10.0 12.0   1.2     4   4.0 248 1017.6  27.8  29.3  23.6   MM   MM    MM
2026 07 13 04 10 280 10.0 13.0   1.2    MM   4.0 248 1017.7  27.9  29.3  23.6   MM   MM    MM
2026 07 13 04 00 280 11.0 14.0    MM    MM    MM  MM 1018.0  28.0  29.3  23.4   MM +0.5    MM
2026 07 13 03 50 280 11.0 14.0   1.3     5   4.0 229 1018.3  28.1  29.3  23.7   MM   MM    MM
2026 07 13 03 40 280 12.0 14.0    MM    MM    MM  MM 1018.7  28.2  29.3  24.1   MM   MM    MM
2026 07 13 03 30 280 12.0 14.0    MM    MM    MM  MM 1018.9  28.2  29.3  24.5   MM   MM    MM
2026 07 13 03 20 270 13.0 16.0   1.0     4   3.7 238 1019.0  28.2  29.3  24.9   MM   MM    MM
2026 07 13 03 10 270 12.0 15.0    MM    MM    MM  MM 1019.0  28.4  29.3  24.6   MM   MM    MM
2026 07 13 03 00 260 11.0 13.0    MM    MM    MM  MM 1019.2  28.4  29.3  23.9   MM +2.1    MM
2026 07 13 02 50 260 10.0 12.0   0.8     4   3.8 230 1019.2  28.4  29.3  24.2   MM   MM    MM
2026 07 13 02 40 260  9.0 11.0    MM    MM    MM  MM 1019.2  28.6  29.3  24.5   MM   MM    MM
2026 07 13 02 30 260  8.0  9.0    MM    MM    MM  MM 1019.1  28.3  29.3  24.5   MM   MM    MM
2026 07 13 02 20 260  9.0 10.0   0.8     9   3.9 131 1019.0  28.2  29.4  25.0   MM   MM    MM
2026 07 13 02 10 260  9.0 12.0   0.8    MM   3.9 131 1018.9  28.6  29.4  25.4   MM   MM    MM
2026 07 13 02 00 250  8.0 11.0    MM    MM    MM  MM 1018.8  29.3  29.4  26.4   MM +1.6    MM
2026 07 13 01 50 240  8.0  9.0   0.8     9   4.0 124 1018.8  29.2  29.4  26.4   MM   MM    MM
2026 07 13 01 40 230  7.0  9.0   0.8    MM   4.0 124 1018.4  29.2  29.4  26.4   MM   MM    MM
2026 07 13 01 30 230  7.0  8.0    MM    MM    MM  MM 1018.2  29.0  29.3  26.3   MM   MM    MM
2026 07 13 01 20 230  6.0  7.0   0.7     5   4.0 216 1017.9  29.0  29.3  26.5   MM   MM    MM
2026 07 13 01 10 220  6.0  8.0   0.7    MM   4.0 216 1017.6  29.0  29.4  26.3   MM   MM    MM
2026 07 13 01 00 230  7.0  8.0    MM    MM    MM  MM 1017.5  28.9  29.4  26.3   MM +0.5    MM
2026 07 13 00 50 230  7.0  8.0   0.7     5   4.0 215 1017.5  28.9  29.4  26.4   MM   MM    MM
2026 07 13 00 40 230  6.0  7.0    MM    MM    MM  MM 1017.5  28.8  29.4  26.4   MM   MM    MM
2026 07 13 00 30 220  6.0  7.0    MM    MM    MM  MM 1017.3  28.8    MM  26.4   MM   MM    MM
2026 07 13 00 20 220  7.0  8.0   0.7     9   4.4 129 1017.1  28.9  29.5  26.2   MM   MM    MM
2026 07 13 00 10 220  6.0  8.0   0.7    MM   4.4 129 1017.0  28.8  29.5  26.1   MM   MM    MM
2026 07 13 00 00 220  6.0  7.0    MM    MM    MM  MM 1017.1  28.9  29.5  26.2   MM -0.6    MM
2026 07 12 23 50 220  5.0  6.0   0.7     8   4.5 125 1017.2  28.9  29.5  26.1   MM   MM    MM
2026 07 12 23 40 220  5.0  5.0   0.7    MM   4.5 125 1017.0  28.8  29.5  25.8   MM   MM    MM
2026 07 12 23 30 220  5.0  6.0    MM    MM    MM  MM 1017.2  28.8  29.5  25.9   MM   MM    MM
2026 07 12 23 20 220  5.0  6.0   0.7     5   4.5 216 1017.2  28.8  29.4  26.1   MM   MM    MM
2026 07 12 23 10 220  5.0  6.0   0.7    MM   4.5 216 1017.4  28.7  29.4  26.0   MM   MM    MM
2026 07 12 23 00 210  5.0  6.0    MM    MM    MM  MM 1017.2  28.7  29.4  26.1   MM +0.0    MM
2026 07 12 22 50 210  5.0  6.0   0.7     5   4.4 216 1017.1  28.9  29.5  26.3   MM   MM    MM
2026 07 12 22 40 220  4.0  5.0    MM    MM    MM  MM 1017.4  28.8  29.5  25.8   MM   MM    MM
2026 07 12 22 30 210  3.0  3.0    MM    MM    MM  MM 1017.4  28.8  29.4  25.6   MM   MM    MM
2026 07 12 22 20 240  4.0  5.0   0.8     5   4.5 214 1017.3  28.9  29.5  25.8   MM   MM    MM
2026 07 12 22 10 240  5.0  6.0   0.8    MM   4.5 214 1017.3  28.9  29.5  25.8   MM   MM    MM
2026 07 12 22 00 230  5.0  6.0    MM    MM    MM  MM 1017.0  28.9  29.5  25.9   MM -0.7    MM
2026 07 12 21 50 230  5.0  6.0   0.8     5   4.4 215 1016.8  28.9  29.5  25.8   MM   MM    MM
2026 07 12 21 40 230  5.0  6.0    MM    MM    MM  MM 1016.9  28.9  29.5  25.8   MM   MM    MM
2026 07 12 21 30 240  5.0  6.0    MM    MM    MM  MM 1017.2  28.9  29.6  25.8   MM   MM    MM
2026 07 12 21 20 240  5.0  6.0   0.8     5   4.5 220 1017.4  28.9  29.6  25.6   MM   MM    MM
2026 07 12 21 10 230  5.0  6.0   0.8    MM   4.5 220 1017.6  29.0  29.7  25.8   MM   MM    MM
2026 07 12 21 00 230  6.0  7.0    MM    MM    MM  MM 1017.7  29.0  29.7  25.6   MM -0.9    MM
2026 07 12 20 50 220  5.0  6.0   0.7     5   4.4 214 1017.3  29.1  29.7  25.5   MM   MM    MM
2026 07 12 20 40 210  5.0  6.0   0.7    MM   4.4 214 1017.1  29.0  29.7  25.3   MM   MM    MM
2026 07 12 20 30 210  5.0  6.0    MM    MM    MM  MM 1017.1  29.1  29.8  25.4   MM   MM    MM
2026 07 12 20 20 220  5.0  6.0   0.8     5   4.6 218 1017.4  29.0  29.9  25.3   MM   MM    MM
2026 07 12 20 10 210  5.0  6.0   0.8    MM   4.6 218 1017.2  29.0  29.8  25.2   MM   MM    MM
2026 07 12 20 00 200  5.0  6.0    MM    MM    MM  MM 1017.3  28.9  29.8  25.1   MM -1.9    MM
2026 07 12 19 50 200  5.0  6.0   0.8     5   4.7 213 1017.3  28.9  29.8  25.2   MM   MM    MM
2026 07 12 19 40 210  4.0  5.0   0.8    MM   4.7 213 1017.5  29.0  29.9  25.1   MM   MM    MM
2026 07 12 19 30 210  4.0  5.0    MM    MM    MM  MM 1017.6  29.0  29.9  24.7   MM   MM    MM
2026 07 12 19 20 220  4.0  4.0   0.8     5   4.6 213 1017.7  29.0  29.8  24.4   MM   MM    MM
2026 07 12 19 10 210  3.0  4.0   0.8    MM   4.6 213 1017.8  29.0  29.8  24.3   MM   MM    MM
2026 07 12 19 00 220  3.0  4.0    MM    MM    MM  MM 1017.7  28.9  29.6  24.1   MM -1.9    MM
2026 07 12 18 50 220  3.0  3.0   0.9     5   4.6 211 1017.8  28.9  29.5  24.1   MM   MM    MM
2026 07 12 18 40 220  3.0  3.0   0.9    MM   4.6 211 1017.9  28.8  29.7  24.1   MM   MM    MM
2026 07 12 18 30 230  3.0  4.0    MM    MM    MM  MM 1018.1  28.8    MM  24.4   MM   MM    MM
2026 07 12 18 20 230  2.0  3.0   0.8     6   4.6 208 1018.3  28.7  29.7  24.2   MM   MM    MM
2026 07 12 18 10 230  3.0  3.0   0.8    MM   4.6 208 1018.5  28.7  29.7  24.3   MM   MM    MM
2026 07 12 18 00 220  3.0  3.0    MM    MM    MM  MM 1018.6  28.6  29.6  24.3   MM -0.7    MM
2026 07 12 17 50 240  3.0  4.0   1.0     6   4.7 207 1018.8  28.6  29.5  24.5   MM   MM    MM
2026 07 12 17 40 250  3.0  3.0    MM    MM    MM  MM 1018.8  28.6  29.5  24.4   MM   MM    MM
2026 07 12 17 30 250  3.0  4.0    MM    MM    MM  MM 1018.9  28.5  29.5  24.5   MM   MM    MM
2026 07 12 17 20 250  3.0  4.0   1.0     6   4.7 203 1019.1  28.5  29.5  24.5   MM   MM    MM
2026 07 12 17 10 260  3.0  4.0   1.0    MM   4.7 203 1019.1  28.5  29.4  24.5   MM   MM    MM
2026 07 12 17 00 260  3.0  4.0    MM    MM    MM  MM 1019.2  28.5  29.4  24.7   MM +0.0    MM
2026 07 12 16 50 270  3.0  4.0   1.0     6   4.6 208 1019.2  28.5  29.4  24.6   MM   MM    MM
2026 07 12 16 40 270  3.0  4.0   1.0    MM   4.6 208 1019.4  28.6  29.3  24.7   MM   MM    MM
2026 07 12 16 30 270  3.0  4.0    MM    MM    MM  MM 1019.3  28.5  29.3  24.5   MM   MM    MM
2026 07 12 16 20 270  4.0  4.0   1.0     6   4.6 217 1019.5  28.5  29.3  24.5   MM   MM    MM
2026 07 12 16 10 280  4.0  5.0   1.0    MM   4.6 217 1019.5  28.5  29.3  24.6   MM   MM    MM
2026 07 12 16 00 280  4.0  5.0    MM    MM    MM  MM 1019.6  28.5  29.3  24.6   MM +0.6    MM
2026 07 12 15 50 290  5.0  7.0   1.0     6   4.5 216 1019.5  28.5  29.3  24.5   MM   MM    MM
2026 07 12 15 40 290  5.0  5.0    MM    MM    MM  MM 1019.6  28.5  29.3  24.5   MM   MM    MM
2026 07 12 15 30 280  4.0  5.0    MM    MM    MM  MM 1019.5  28.5  29.2  24.5   MM   MM    MM
2026 07 12 15 20 270  4.0  4.0   1.1     6   4.5 216 1019.4  28.4  29.2  24.2   MM   MM    MM
2026 07 12 15 10 280  4.0  5.0   1.1    MM   4.5 216 1019.3  28.4  29.2  24.3   MM   MM    MM
2026 07 12 15 00 290  5.0  6.0    MM    MM    MM  MM 1019.3  28.4  29.2  24.2   MM +0.8    MM
2026 07 12 14 50 290  5.0  6.0   1.2     5   4.4 221 1019.2  28.4  29.2  24.1   MM   MM    MM
2026 07 12 14 40 290  5.0  7.0    MM    MM    MM  MM 1019.2  28.3  29.2  23.8   MM   MM    MM
2026 07 12 14 30 290  6.0  7.0    MM    MM    MM  MM 1019.1  28.4  29.1  24.1   MM   MM    MM
2026 07 12 14 20 290  6.0  7.0   1.2     6   4.4 209 1019.2  28.4  29.1  23.9   MM   MM    MM
2026 07 12 14 10 290  7.0  8.0   1.2    MM   4.4 209 1019.2  28.4  29.1  23.7   MM   MM    MM
2026 07 12 14 00 290  7.0  8.0    MM    MM    MM  MM 1019.2  28.4  29.1  23.9   MM +1.0    MM
2026 07 12 13 50 280  8.0  9.0   1.3     5   4.4 220 1019.1  28.5  29.1  23.9   MM   MM    MM
2026 07 12 13 40 280  8.0 10.0    MM    MM    MM  MM 1019.1  28.6  29.1  23.9   MM   MM    MM
2026 07 12 13 30 280  7.0  8.0    MM    MM    MM  MM 1019.0  28.7  29.1  23.9   MM   MM    MM
2026 07 12 13 20 270  7.0  8.0   1.2     6   4.3 218 1019.0  28.8  29.0  24.0   MM   MM    MM
2026 07 12 13 10 270  7.0  8.0   1.2    MM   4.3 218 1018.9  28.8  29.0  23.8   MM   MM    MM
2026 07 12 13 00 280  8.0  9.0    MM    MM    MM  MM 1019.0  28.8  29.0  23.9   MM +1.1    MM
2026 07 12 12 50 270  8.0  9.0   1.2     6   4.3 214 1018.8  28.8  29.0  24.0   MM   MM    MM
2026 07 12 12 40 280  7.0  9.0    MM    MM    MM  MM 1018.8  28.8  29.0  24.2   MM   MM    MM
2026 07 12 12 30 270  8.0  9.0    MM    MM    MM  MM 1018.7  28.7  29.0  24.1   MM   MM    MM
2026 07 12 12 20 270  8.0  9.0   1.3     5   4.4 218 1018.6  28.7  29.0  24.0   MM   MM    MM
2026 07 12 12 10 270  8.0  9.0   1.3    MM   4.4 218 1018.6  28.8  29.0  24.0   MM   MM    MM
2026 07 12 12 00 270  8.0 10.0    MM    MM    MM  MM 1018.5  28.8  29.0  24.1   MM +1.0    MM
2026 07 12 11 50 260  8.0  9.0   1.3     6   4.2 220 1018.4  28.7  29.0  24.3   MM   MM    MM
2026 07 12 11 40 260  8.0 10.0    MM    MM    MM  MM 1018.3  28.7  29.0  24.3   MM   MM    MM
2026 07 12 11 30 260  9.0 11.0    MM    MM    MM  MM 1018.3  28.6  29.0  24.4   MM   MM    MM
2026 07 12 11 20 260  9.0 11.0   1.3     6   4.3 210 1018.4  28.6    MM  24.2   MM   MM    MM
2026 07 12 11 10 250  9.0 11.0   1.3    MM   4.3 210 1018.2  28.7  29.0  24.0   MM   MM    MM
2026 07 12 11 00 250  9.0 10.0    MM    MM    MM  MM 1018.2  28.7  29.0  24.2   MM +0.8    MM
2026 07 12 10 50 250  9.0 11.0   1.2     6   4.3 223 1018.1  28.7  29.0  24.1   MM   MM    MM
2026 07 12 10 40 250  9.0 11.0   1.2    MM   4.3 223 1018.1  28.8  29.0  24.2   MM   MM    MM
2026 07 12 10 30 250  9.0 10.0    MM    MM    MM  MM 1018.0  28.7  29.0  24.3   MM   MM    MM
2026 07 12 10 20 250  9.0 10.0   1.2     6   4.2 215 1017.9  28.8  29.0  24.4   MM   MM    MM
2026 07 12 10 10 250  9.0 11.0   1.2    MM   4.2 215 1017.9  28.8  29.0  24.2   MM   MM    MM
2026 07 12 10 00 250  9.0 11.0    MM    MM    MM  MM 1017.9  28.8  29.0  24.0   MM +0.4    MM
2026 07 12 09 50 250  9.0 11.0   1.2     6   4.2 215 1017.7  28.8  29.0  23.8   MM   MM    MM
2026 07 12 09 40 250  9.0 10.0    MM    MM    MM  MM 1017.8  28.9  29.0  24.0   MM   MM    MM
2026 07 12 09 30 250  9.0 10.0    MM    MM    MM  MM 1017.7  29.0  29.0  23.8   MM   MM    MM
2026 07 12 09 20 250  9.0 11.0   1.1     5   4.2 206 1017.6  28.9  29.1  23.9   MM   MM    MM
2026 07 12 09 10 250  8.0 10.0   1.1    MM   4.2 206 1017.5  28.9  29.1  25.3   MM   MM    MM
2026 07 12 09 00 250  8.0  9.0    MM    MM    MM  MM 1017.5  28.8  29.1  25.3   MM -0.4    MM
2026 07 12 08 50 240  8.0 10.0   0.9     5   4.0 207 1017.5  28.8  29.1  25.3   MM   MM    MM
2026 07 12 08 40 240  8.0 10.0   0.9    MM   4.0 207 1017.5  28.8  29.1  25.1   MM   MM    MM
2026 07 12 08 30 240  9.0 10.0    MM    MM    MM  MM 1017.4  28.8  29.1  25.0   MM   MM    MM
2026 07 12 08 20 240  8.0 10.0   0.9     5   3.9 213 1017.4  28.8  29.1  25.0   MM   MM    MM
2026 07 12 08 10 230  8.0  9.0    MM    MM    MM  MM 1017.3  28.8  29.1  25.1   MM   MM    MM
2026 07 12 08 00 230  8.0  9.0    MM    MM    MM  MM 1017.4  28.8  29.1  24.9   MM -0.6    MM
2026 07 12 07 50 230  8.0 10.0   0.9     5   3.9 218 1017.4  28.8  29.1  24.8   MM   MM    MM
2026 07 12 07 40 230  9.0 10.0   0.9    MM   3.9 218 1017.4  28.7  29.1  24.9   MM   MM    MM
2026 07 12 07 30 230  8.0 10.0    MM    MM    MM  MM 1017.4  28.7  29.1  24.9   MM   MM    MM
2026 07 12 07 20 230  7.0  9.0   0.9     5   4.0 210 1017.4  28.6  29.1  24.9   MM   MM    MM
2026 07 12 07 10 230  7.0  8.0   0.9    MM   4.0 210 1017.5  28.7  29.1  25.2   MM   MM    MM
2026 07 12 07 00 230  7.0  9.0    MM    MM    MM  MM 1017.5  28.6  29.1  24.7   MM -0.9    MM
2026 07 12 06 50 230  7.0  8.0   0.9     5   4.0 210 1017.6  28.5  29.1  25.1   MM   MM    MM
2026 07 12 06 40 230  7.0  8.0    MM    MM    MM  MM 1017.6  28.5  29.1  25.2   MM   MM    MM
2026 07 12 06 30 230  7.0  8.0    MM    MM    MM  MM 1017.7  28.4  29.1  25.0   MM   MM    MM
2026 07 12 06 20 230  7.0  8.0   1.0     5   4.0 218 1017.6  28.3  29.1  25.0   MM   MM    MM
2026 07 12 06 10 240  7.0  8.0    MM    MM    MM  MM 1017.6  28.4  29.1  24.7   MM   MM    MM
2026 07 12 06 00 250  7.0  8.0    MM    MM    MM  MM 1017.9  28.5  29.1  24.4   MM -0.6    MM
2026 07 12 05 50 250  7.0  9.0   0.9     5   4.0 212 1017.8  28.5  29.1  23.9   MM   MM    MM
2026 07 12 05 40 250  7.0  8.0   0.9    MM   4.0 212 1017.9  28.6  29.1  23.9   MM   MM    MM
2026 07 12 05 30 250  7.0  9.0    MM    MM    MM  MM 1018.0  28.7  29.1  24.0   MM   MM    MM
2026 07 12 05 20 240  7.0  9.0   1.0     5   4.0 214 1018.0  28.7  29.1  24.4   MM   MM    MM
2026 07 12 05 10 240  8.0  9.0   1.0    MM   4.0 214 1018.0  28.9  29.1  25.0   MM   MM    MM
2026 07 12 05 00 240  8.0  9.0    MM    MM    MM  MM 1018.0  29.1  29.1  24.5   MM +0.3    MM
2026 07 12 04 50 230  8.0 10.0   1.0     5   4.0 210 1017.9  29.2  29.1  24.5   MM   MM    MM
2026 07 12 04 40 230  8.0 10.0    MM    MM    MM  MM 1018.0  29.3  29.1  23.9   MM   MM    MM
2026 07 12 04 30 230  9.0 11.0    MM    MM    MM  MM 1018.0  29.0  29.1  25.1   MM   MM    MM
2026 07 12 04 20 230  9.0 11.0   0.9     5   4.0 210 1018.1  29.2  29.1  25.5   MM   MM    MM
2026 07 12 04 10 230  9.0 11.0   0.9    MM   4.0 210 1018.3  29.2  29.1  25.3   MM   MM    MM
2026 07 12 04 00 220  8.0 10.0    MM    MM    MM  MM 1018.4  29.1  29.1  25.6   MM +1.0    MM
2026 07 12 03 50 220  7.0  9.0   0.9     5   4.0 206 1018.6  29.0  29.1  25.5   MM   MM    MM
2026 07 12 03 40 210  8.0  9.0   0.9    MM   4.0 206 1018.7  28.9  29.2  25.2   MM   MM    MM
2026 07 12 03 30 210  8.0 10.0    MM    MM    MM  MM 1018.6  28.9  29.1  24.7   MM   MM    MM
2026 07 12 03 20 210  8.0  9.0   0.9     5   3.9 205 1018.6  28.8  29.1  24.6   MM   MM    MM
2026 07 12 03 10 210  8.0 10.0   0.9    MM   3.9 205 1018.6  28.8  29.2  24.4   MM   MM    MM
2026 07 12 03 00 200  8.0  9.0    MM    MM    MM  MM 1018.5  28.7  29.2  24.1   MM +0.9    MM
2026 07 12 02 50 200  8.0  9.0   0.8     5   4.0 212 1018.4  28.6  29.2  23.8   MM   MM    MM
2026 07 12 02 40 190  8.0  9.0   0.8    MM   4.0 212 1018.3  28.5  29.2  23.9   MM   MM    MM
2026 07 12 02 30 200  7.0  9.0    MM    MM    MM  MM 1018.1  28.5  29.2  24.0   MM   MM    MM
2026 07 12 02 20 190  7.0  8.0   0.9     5   4.3 265 1017.9  28.5  29.2  23.8   MM   MM    MM
2026 07 12 02 10 190  7.0  8.0   0.9    MM   4.3 265 1017.8  28.4  29.2  23.5   MM   MM    MM
2026 07 12 02 00 190  7.0  8.0    MM    MM    MM  MM 1017.7  28.4  29.2  23.1   MM -0.6    MM
2026 07 12 01 50 200  6.0  7.0   0.9     5   4.2 257 1017.6  28.3  29.2  22.8   MM   MM    MM
2026 07 12 01 40 200  6.0  7.0   0.9    MM   4.2 257 1017.5  28.2  29.2  22.9   MM   MM    MM
2026 07 12 01 30 200  5.0  6.0    MM    MM    MM  MM 1017.4  28.1  29.2  22.7   MM   MM    MM
2026 07 12 01 20 190  4.0  5.0   1.1     5   4.2 252 1017.1  27.9  29.2  22.2   MM   MM    MM
2026 07 12 01 10 200  3.0  4.0   1.1    MM   4.2 252 1017.3  27.9  29.2  22.3   MM   MM    MM
2026 07 12 01 00 260  2.0  2.0    MM    MM    MM  MM 1017.4  27.8  29.2  21.9   MM +0.8    MM
2026 07 12 00 50 280  2.0  3.0   1.2     5   4.2 296 1017.4  27.9  29.2  21.8   MM   MM    MM
2026 07 12 00 40 310  2.0  3.0   1.2    MM   4.2 296 1017.4  27.9  29.2  21.6   MM   MM    MM
2026 07 12 00 30 330  3.0  4.0    MM    MM    MM  MM 1017.5  27.9  29.2  21.8   MM   MM    MM
2026 07 12 00 20 350  4.0  6.0   1.2     5   4.1 290 1017.5  27.9  29.2  22.3   MM   MM    MM
2026 07 12 00 10 350  6.0  8.0   1.2    MM   4.1 290 1017.4  27.7  29.2  22.6   MM   MM    MM
2026 07 12 00 00 340  7.0  8.0    MM    MM    MM  MM 1017.6  27.5  29.2  23.0   MM +0.8    MM
2026 07 11 23 50 340  7.0  9.0   1.2     4   4.0 293 1017.9  27.3  29.2  23.0   MM   MM    MM
2026 07 11 23 40 340  7.0  8.0    MM    MM    MM  MM 1018.2  27.1  29.2  23.2   MM   MM    MM
2026 07 11 23 20 330 10.0 11.0   1.1     5   3.7 221 1018.3  27.0  29.2  23.2   MM   MM    MM
2026 07 11 23 10 320 11.0 14.0   1.1    MM   3.7 221 1018.3  26.9  29.2  23.4   MM   MM    MM
2026 07 11 23 00 310 13.0 17.0    MM    MM    MM  MM 1018.3  27.1  29.2  23.4   MM +1.8    MM
2026 07 11 22 50 310 15.0 19.0   1.0     5   3.8 211 1018.5  27.4  29.2  23.2   MM   MM    MM
2026 07 11 22 40 320 13.0 16.0   1.0    MM   3.8 211 1018.5  27.7  29.2  23.5   MM   MM    MM
2026 07 11 22 30 300 13.0 18.0    MM    MM    MM  MM 1018.2  28.6  29.2  24.2   MM   MM    MM
2026 07 11 22 20 230  8.0  9.0   1.1     5   4.1 219 1017.2  29.7    MM  25.8   MM   MM    MM
2026 07 11 22 10 230  8.0  9.0   1.1    MM   4.1 219 1016.9  29.7  29.3  25.7   MM   MM    MM
2026 07 11 22 00 230  7.0  9.0    MM    MM    MM  MM 1016.6  29.7  29.3  25.7   MM -0.6    MM
2026 07 11 21 50 220  7.0  9.0   1.1     5   4.1 216 1016.5  29.6  29.3  25.6   MM   MM    MM
2026 07 11 21 40 220  7.0  9.0    MM    MM    MM  MM 1016.5  29.5  29.3  25.6   MM   MM    MM
2026 07 11 21 30 220  8.0  9.0    MM    MM    MM  MM 1016.5  29.5  29.2  25.7   MM   MM    MM
2026 07 11 21 20 220  8.0  9.0   1.1     5   4.1 218 1016.5  29.4  29.3  25.8   MM   MM    MM
2026 07 11 21 10 220  8.0 10.0    MM    MM    MM  MM 1016.6  29.3  29.3  25.6   MM   MM    MM
2026 07 11 21 00 220  8.0 10.0    MM    MM    MM  MM 1016.8  29.4  29.3  25.7   MM -1.5    MM
2026 07 11 20 50 220  8.0 10.0   1.2     5   4.2 217 1016.7  29.4  29.3  25.5   MM   MM    MM
2026 07 11 20 40 220  8.0  9.0    MM    MM    MM  MM 1016.7  29.3  29.3  25.5   MM   MM    MM
2026 07 11 20 30 220  8.0  9.0    MM    MM    MM  MM 1016.9  29.3  29.3  25.6   MM   MM    MM
2026 07 11 20 20 220  8.0 10.0   1.1     5   4.2 217 1016.9  29.3  29.2  25.6   MM   MM    MM
2026 07 11 20 10 220  8.0 10.0   1.1    MM   4.2 217 1016.6  29.2  29.2  25.4   MM   MM    MM
2026 07 11 20 00 220  8.0  9.0    MM    MM    MM  MM 1016.5  29.1  29.2  25.6   MM -2.3    MM
2026 07 11 19 50 230  8.0 10.0   1.2     6   4.3 209 1016.7  29.2  29.2  25.5   MM   MM    MM
2026 07 11 19 40 230  8.0  9.0    MM    MM    MM  MM 1016.8  29.2  29.2  25.5   MM   MM    MM
2026 07 11 19 30 220  8.0 10.0    MM    MM    MM  MM 1016.9  29.1  29.2  25.5   MM   MM    MM
2026 07 11 19 20 220  8.0 10.0   1.2     6   4.2 210 1017.0  29.1  29.2  25.5   MM   MM    MM
2026 07 11 19 10 230  8.0 10.0   1.2    MM   4.2 210 1017.2  29.2    MM  25.4   MM   MM    MM
2026 07 11 19 00 230  8.0 10.0    MM    MM    MM  MM 1017.2  29.1  29.2  25.4   MM -1.9    MM
2026 07 11 18 50 230  8.0  9.0   1.2     6   4.5 217 1017.4  29.1  29.2  25.5   MM   MM    MM
2026 07 11 18 40 230  8.0  9.0    MM    MM    MM  MM 1017.5  29.2  29.2  25.2   MM   MM    MM
2026 07 11 18 30 230  8.0  9.0    MM    MM    MM  MM 1017.6  29.2  29.2  25.0   MM   MM    MM
2026 07 11 18 20 230  8.0  9.0   1.3     6   4.4 211 1017.8  29.3  29.2  24.9   MM   MM    MM
2026 07 11 18 10 240  8.0  9.0   1.3    MM   4.4 211 1018.0  29.2  29.2  24.7   MM   MM    MM
2026 07 11 18 00 240  7.0  9.0    MM    MM    MM  MM 1018.3  29.2    MM  24.7   MM -0.7    MM
2026 07 11 17 50 250  8.0  9.0   1.3     6   4.5 212 1018.3  29.2    MM  24.5   MM   MM    MM
2026 07 11 17 40 250  7.0  9.0   1.3    MM   4.5 212 1018.5  29.1  29.2  24.7   MM   MM    MM
2026 07 11 17 30 250  7.0  9.0    MM    MM    MM  MM 1018.7  29.1  29.2  24.4   MM   MM    MM
2026 07 11 17 20 250  8.0  9.0   1.3     5   4.4 207 1018.7  29.1  29.1  24.3   MM   MM    MM
2026 07 11 17 10 250  8.0  9.0    MM    MM    MM  MM 1018.7  29.1  29.1  24.2   MM   MM    MM
2026 07 11 17 00 250  8.0 10.0    MM    MM    MM  MM 1018.8  29.1  29.1  24.1   MM -0.4    MM
2026 07 11 16 50 250  8.0 10.0   1.4     6   4.5 208 1018.9  29.1  29.1  24.3   MM   MM    MM
2026 07 11 16 40 250  8.0 10.0    MM    MM    MM  MM 1019.1  29.1  29.1  24.2   MM   MM    MM
2026 07 11 16 30 250  8.0 10.0    MM    MM    MM  MM 1019.2  29.1  29.1  24.3   MM   MM    MM
2026 07 11 16 20 250  9.0 10.0   1.4     6   4.5 206 1019.1  29.1  29.1  24.2   MM   MM    MM
2026 07 11 16 10 250  8.0 10.0   1.4    MM   4.5 206 1019.0  29.0  29.1  24.3   MM   MM    MM
2026 07 11 16 00 250  8.0 10.0    MM    MM    MM  MM 1019.1  29.1  29.1  24.5   MM +0.0    MM
2026 07 11 15 50 250  8.0 10.0   1.4     6   4.5 212 1019.1  29.1    MM  24.2   MM   MM    MM
2026 07 11 15 40 250  9.0 10.0    MM    MM    MM  MM 1019.2  29.1  29.1  24.0   MM   MM    MM
2026 07 11 15 30 250  9.0 10.0    MM    MM    MM  MM 1019.4  29.2  29.0  24.0   MM   MM    MM
2026 07 11 15 20 250  9.0 10.0   1.4     6   4.5 216 1019.4  29.2  29.0  24.1   MM   MM    MM
2026 07 11 15 10 240  8.0 10.0   1.4    MM   4.5 216 1019.1  29.2  29.0  24.1   MM   MM    MM
2026 07 11 15 00 240  8.0 10.0    MM    MM    MM  MM 1019.0  29.2  29.0  23.8   MM +0.5    MM
2026 07 11 14 50 240  9.0 11.0   1.4     6   4.6 208 1019.0  29.3  29.0  23.8   MM   MM    MM
2026 07 11 14 40 240  9.0 10.0    MM    MM    MM  MM 1019.0  29.2  29.0  23.8   MM   MM    MM
2026 07 11 14 30 240  9.0 10.0    MM    MM    MM  MM 1019.0  29.3  29.0  23.7   MM   MM    MM
2026 07 11 14 20 250  9.0 10.0   1.4     6   4.6 217 1019.1  29.3  29.0  23.7   MM   MM    MM
2026 07 11 14 10 250  9.0 11.0   1.4    MM   4.6 217 1019.1  29.3  29.0  23.8   MM   MM    MM
2026 07 11 14 00 250  9.0 11.0    MM    MM    MM  MM 1019.2  29.3  29.0  23.7   MM +1.2    MM
2026 07 11 13 50 250  9.0 10.0   1.4     6   4.6 205 1019.2  29.3  29.0  23.8   MM   MM    MM
2026 07 11 13 40 260  9.0 10.0    MM    MM    MM  MM 1019.2  29.4  29.0  24.1   MM   MM    MM
2026 07 11 13 30 260  9.0 10.0    MM    MM    MM  MM 1019.3  29.4  29.0  24.5   MM   MM    MM
2026 07 11 13 20 260  8.0 10.0   1.5     6   4.8 225 1019.3  29.3  29.0  24.8   MM   MM    MM
2026 07 11 13 10 260  9.0 10.0   1.5    MM   4.8 225 1019.2  29.3  29.0  25.2   MM   MM    MM
2026 07 11 13 00 250  9.0 11.0    MM    MM    MM  MM 1019.2  29.3  29.0  25.4   MM +1.5    MM
2026 07 11 12 50 250  8.0 10.0   1.6     6   4.6 220 1019.1  29.3    MM  25.7   MM   MM    MM
2026 07 11 12 40 250  8.0 10.0    MM    MM    MM  MM 1019.0  29.3  29.0  25.6   MM   MM    MM
2026 07 11 12 30 250  8.0 10.0    MM    MM    MM  MM 1018.8  29.4  28.9  25.6   MM   MM    MM
2026 07 11 12 20 250  8.0 10.0   1.5     6   4.5 217 1018.8  29.4  28.9  25.4   MM   MM    MM
2026 07 11 12 10 250  8.0 11.0   1.5    MM   4.5 217 1018.7  29.3  28.9  25.7   MM   MM    MM
2026 07 11 12 00 240  9.0 11.0    MM    MM    MM  MM 1018.5  29.3  28.9  25.7   MM +1.4    MM
2026 07 11 11 50 240  9.0 11.0   1.6     6   4.6 223 1018.5  29.3  28.9  25.5   MM   MM    MM
2026 07 11 11 40 240 10.0 12.0    MM    MM    MM  MM 1018.6  29.3  28.9  25.6   MM   MM    MM
2026 07 11 11 30 240  9.0 11.0    MM    MM    MM  MM 1018.4  29.2  28.9  26.1   MM   MM    MM
2026 07 11 11 20 240  9.0 11.0   1.5     6   4.6 222 1018.3  29.1  28.9  26.2   MM   MM    MM
2026 07 11 11 10 240  9.0 11.0   1.5    MM   4.6 222 1018.3  29.1  28.9  26.2   MM   MM    MM
2026 07 11 11 00 230  9.0 11.0    MM    MM    MM  MM 1018.0  29.1  28.9  26.2   MM +0.8    MM
2026 07 11 10 50 240  9.0 10.0   1.5     6   4.6 212 1018.0  29.1  28.9  26.2   MM   MM    MM
2026 07 11 10 40 230  9.0 10.0    MM    MM    MM  MM 1018.0  29.0  28.9  26.2   MM   MM    MM
2026 07 11 10 30 230  9.0 11.0    MM    MM    MM  MM 1018.0  29.0  28.9  26.2   MM   MM    MM
2026 07 11 10 20 230 10.0 12.0   1.5     6   4.6 216 1017.9  29.0  28.9  26.3   MM   MM    MM
2026 07 11 10 10 230 10.0 12.0   1.5    MM   4.6 216 1017.7  29.0  29.0  26.2   MM   MM    MM
2026 07 11 10 00 230 10.0 11.0    MM    MM    MM  MM 1017.7  29.0  29.0  26.1   MM +0.4    MM
2026 07 11 09 50 230 10.0 12.0   1.5     6   4.5 223 1017.5  29.0  29.0  26.0   MM   MM    MM
2026 07 11 09 40 230 10.0 12.0    MM    MM    MM  MM 1017.4  29.0  29.0  26.1   MM   MM    MM
2026 07 11 09 30 230 11.0 13.0    MM    MM    MM  MM 1017.4  29.0  29.0  26.1   MM   MM    MM
2026 07 11 09 20 220 10.0 12.0   1.4     6   4.5 212 1017.2  29.0  29.0  26.3   MM   MM    MM
2026 07 11 09 10 220 10.0 13.0   1.4    MM   4.5 212 1017.2  29.0  29.0  26.2   MM   MM    MM
2026 07 11 09 00 230 10.0 13.0    MM    MM    MM  MM 1017.1  29.0  29.0  26.1   MM -0.6    MM
2026 07 11 08 50 230 10.0 12.0   1.2     6   4.4 218 1017.1  29.1  29.0  26.2   MM   MM    MM
2026 07 11 08 40 230  9.0 12.0    MM    MM    MM  MM 1017.2  29.1  29.0  26.1   MM   MM    MM
2026 07 11 08 30 230  9.0 11.0    MM    MM    MM  MM 1017.3  29.1  29.0  26.1   MM   MM    MM
2026 07 11 08 20 230  8.0 11.0   1.2     6   4.5 206 1017.3  29.2  29.0  26.1   MM   MM    MM
2026 07 11 08 10 230  8.0 10.0   1.2    MM   4.5 206 1017.2  29.1  29.0  25.9   MM   MM    MM
2026 07 11 08 00 230  7.0  9.0    MM    MM    MM  MM 1017.2  29.1  29.1  26.1   MM -1.0    MM
2026 07 11 07 50 220  8.0  9.0   1.2     6   4.6 208 1017.1  29.0  29.1  26.1   MM   MM    MM
2026 07 11 07 40 220  8.0  9.0    MM    MM    MM  MM 1016.9  29.0  29.1  26.2   MM   MM    MM
2026 07 11 07 30 220  7.0  8.0    MM    MM    MM  MM 1016.9  29.0  29.1  26.1   MM   MM    MM
2026 07 11 07 20 220  8.0  9.0   1.2     6   4.6 210 1017.1  28.9  29.1  26.0   MM   MM    MM
2026 07 11 07 10 210  8.0  9.0   1.2    MM   4.6 210 1017.1  28.9  29.1  26.0   MM   MM    MM
2026 07 11 07 00 210  7.0  9.0    MM    MM    MM  MM 1017.3  28.9  29.1  25.8   MM -2.0    MM
2026 07 11 06 50 210  8.0  9.0   1.2     6   4.6 216 1017.3  28.9  29.1  25.5   MM   MM    MM
2026 07 11 06 40 210  7.0  9.0    MM    MM    MM  MM 1017.5  28.9  29.1  25.4   MM   MM    MM
2026 07 11 06 30 210  8.0  9.0    MM    MM    MM  MM 1017.6  28.9  29.1  25.0   MM   MM    MM
2026 07 11 06 20 210  8.0  9.0   1.2     6   4.5 215 1017.5  29.0  29.1  24.9   MM   MM    MM
2026 07 11 06 10 220  8.0  9.0    MM    MM    MM  MM 1017.7  29.1  29.1  24.8   MM   MM    MM
2026 07 11 06 00 220  7.0  9.0    MM    MM    MM  MM 1017.7  29.2  29.1  24.5   MM -2.8    MM
2026 07 11 05 50 220  7.0  9.0   1.2     6   4.6 203 1017.9  29.2  29.1  24.2   MM   MM    MM
2026 07 11 05 40 220  7.0  8.0    MM    MM    MM  MM 1017.9  29.3  29.1  24.0   MM   MM    MM
2026 07 11 05 30 220  7.0  8.0    MM    MM    MM  MM 1018.1  29.2  29.1  23.2   MM   MM    MM
2026 07 11 05 20 200  6.0  8.0   1.2     6   4.5 211 1018.2  29.0  29.1  22.9   MM   MM    MM
2026 07 11 05 10 200  6.0  7.0   1.2    MM   4.5 211 1018.2  28.8  29.1  23.1   MM   MM    MM
2026 07 11 05 00 220  6.0  7.0    MM    MM    MM  MM 1018.2  29.0  29.1  23.1   MM -0.3    MM
2026 07 11 04 50 230  4.0  6.0   1.2     6   4.5 209 1018.2  28.8  29.1  22.2   MM   MM    MM
2026 07 11 04 40 210  4.0  6.0    MM    MM    MM  MM 1018.3  28.5    MM  21.8   MM   MM    MM
2026 07 11 04 30 220  3.0  5.0    MM    MM    MM  MM 1018.5  27.9  29.1  21.9   MM   MM    MM
2026 07 11 04 20 220  3.0  6.0   1.2     5   4.4 233 1018.6  27.4  29.1  22.8   MM   MM    MM
2026 07 11 04 10 250  6.0  8.0   1.2    MM   4.4 233 1019.1  27.3  29.1  22.3   MM   MM    MM
2026 07 11 04 00 260  8.0 12.0    MM    MM    MM  MM 1019.3  26.8  29.1  22.3   MM +1.7    MM
2026 07 11 03 50 260  7.0 11.0   1.3     5   4.3 216 1019.4  26.6  29.1  22.3   MM   MM    MM
2026 07 11 03 40 260  4.0  7.0    MM    MM    MM  MM 1019.4  24.8  29.2  21.9   MM   MM    MM
2026 07 11 03 30 280  3.0  4.0    MM    MM    MM  MM 1019.7  23.8  29.2  22.8   MM   MM    MM
2026 07 11 03 20 310  6.0 11.0   1.5     4   3.9 264 1020.1  23.7  29.2  22.7   MM   MM    MM
2026 07 11 03 10 310 13.0 17.0    MM    MM    MM  MM 1020.3  23.9  29.2  22.7   MM   MM    MM
2026 07 11 03 00 300 18.0 29.0    MM    MM    MM  MM 1020.5  24.6  29.2  22.6   MM +3.6    MM
2026 07 11 02 50 300 15.0 23.0   1.1     5   4.1 213 1019.8  26.6  29.3  23.3   MM   MM    MM
2026 07 11 02 40 310 13.0 17.0    MM    MM    MM  MM 1019.2  27.7  29.3  23.4   MM   MM    MM
2026 07 11 02 30 300  9.0 14.0    MM    MM    MM  MM 1019.5  29.1  29.3  25.2   MM   MM    MM
2026 07 11 02 20 290  6.0  8.0   1.2     4   4.2 213 1019.2  29.5  29.3  26.4   MM   MM    MM
2026 07 11 02 10 270  6.0  9.0   1.2    MM   4.2 213 1019.0  29.4  29.3  26.1   MM   MM    MM
2026 07 11 02 00 230  6.0  8.0    MM    MM    MM  MM 1018.5  29.4  29.3  26.2   MM +1.6    MM
2026 07 11 01 50 220  6.0  8.0   1.1     4   4.1 217 1018.1  29.3  29.3  26.0   MM   MM    MM
2026 07 11 01 40 220  7.0  9.0    MM    MM    MM  MM 1017.8  29.3  29.3  26.1   MM   MM    MM
2026 07 11 01 30 220  8.0 10.0    MM    MM    MM  MM 1017.8  29.4  29.3  26.1   MM   MM    MM
2026 07 11 01 20 220  8.0 10.0   1.1     9   3.9 113 1017.8  29.4  29.3  25.9   MM   MM    MM
2026 07 11 01 10 220  8.0  9.0   1.1    MM   3.9 113 1017.8  29.4  29.3  25.7   MM   MM    MM
2026 07 11 01 00 220  7.0  9.0    MM    MM    MM  MM 1017.6  29.4  29.3  25.9   MM +0.3    MM
2026 07 11 00 50 210  8.0  9.0   1.0     4   4.0 229 1017.5  29.4  29.3  25.8   MM   MM    MM
2026 07 11 00 40 210  8.0 10.0   1.0    MM   4.0 229 1017.3  29.4  29.3  25.6   MM   MM    MM
2026 07 11 00 30 210  9.0 10.0    MM    MM    MM  MM 1017.2  29.3  29.3  25.7   MM   MM    MM
2026 07 11 00 20 210  8.0 10.0   1.0     5   4.0 201 1017.0  29.3  29.3  25.9   MM   MM    MM
2026 07 11 00 10 210  9.0 10.0   1.0    MM   4.0 201 1017.0  29.3  29.3  25.9   MM   MM    MM
2026 07 11 00 00 210  9.0 10.0    MM    MM    MM  MM 1016.9  29.3  29.3  25.8   MM -1.3    MM
2026 07 10 23 50 220  8.0 10.0   1.0     4   4.2 211 1016.9  29.4  29.3  26.0   MM   MM    MM
2026 07 10 23 40 220  8.0 10.0    MM    MM    MM  MM 1016.8  29.3  29.3  25.9   MM   MM    MM
2026 07 10 23 10 230  6.0  7.0   1.0    MM   4.3 198 1016.7  28.9  29.4  25.7   MM   MM    MM
2026 07 10 23 00 240  5.0  6.0    MM    MM    MM  MM 1016.9  28.7  29.4  25.2   MM -0.3    MM
2026 07 10 22 50 230  6.0  6.0   1.0     4   4.3 221 1016.8  28.8  29.4  25.2   MM   MM    MM
2026 07 10 22 40 230  6.0  6.0    MM    MM    MM  MM 1016.8  28.8  29.4  25.1   MM   MM    MM
2026 07 10 22 30 230  5.0  6.0    MM    MM    MM  MM 1016.8  28.7  29.4  24.5   MM   MM    MM
2026 07 10 22 20 250  5.0  5.0   1.0     6   4.2 203 1017.1  28.8  29.4  24.4   MM   MM    MM
2026 07 10 22 10 250  5.0  6.0    MM    MM    MM  MM 1017.0  28.8  29.4  24.1   MM   MM    MM
2026 07 10 22 00 270  4.0  6.0    MM    MM    MM  MM 1017.3  28.9  29.4  24.5   MM +0.0    MM
2026 07 10 21 50 240  5.0  6.0   1.0     5   4.2 203 1017.4  29.1  29.4  24.6   MM   MM    MM
2026 07 10 21 40 260  4.0  5.0    MM    MM    MM  MM 1017.7  29.0  29.4  23.9   MM   MM    MM
2026 07 10 21 30 280  5.0  5.0    MM    MM    MM  MM 1018.0  29.0  29.4  23.7   MM   MM    MM
2026 07 10 21 20 300  5.0  7.0   1.1     5   4.2 204 1018.0  28.6  29.4  22.7   MM   MM    MM
2026 07 10 21 10 290  5.0  8.0   1.1    MM   4.2 204 1018.1  28.6  29.4  23.1   MM   MM    MM
2026 07 10 21 00 240  7.0  8.0    MM    MM    MM  MM 1018.2  29.5  29.4  26.2   MM -0.0    MM
2026 07 10 20 50 230  8.0  9.0   1.2     5   4.1 203 1017.5  29.4  29.4  25.8   MM   MM    MM
2026 07 10 20 40 230  8.0 10.0    MM    MM    MM  MM 1017.5  29.4  29.4  26.0   MM   MM    MM
2026 07 10 20 30 220  9.0 10.0    MM    MM    MM  MM 1017.3  29.4  29.4  26.0   MM   MM    MM
2026 07 10 20 20 220  9.0 10.0   1.1     5   4.0 196 1017.0  29.4  29.4  25.8   MM   MM    MM
2026 07 10 20 10 210  9.0 11.0   1.1    MM   4.0 196 1017.2  29.4  29.4  26.0   MM   MM    MM
2026 07 10 20 00 220  9.0 11.0    MM    MM    MM  MM 1017.2  29.3  29.4  26.0   MM -1.6    MM
2026 07 10 19 50 210  9.0 11.0   1.2     5   4.2 190 1017.2  29.3  29.4  26.2   MM   MM    MM
2026 07 10 19 40 210  9.0 11.0    MM    MM    MM  MM 1016.9  29.3  29.4  26.3   MM   MM    MM
2026 07 10 19 30 210  9.0 11.0    MM    MM    MM  MM 1017.0  29.3  29.4  26.1   MM   MM    MM
2026 07 10 19 20 210  9.0 11.0   1.1     5   4.1 199 1017.1  29.3  29.3  26.1   MM   MM    MM
2026 07 10 19 10 210  9.0 10.0   1.1    MM   4.1 199 1017.3  29.3  29.3  26.0   MM   MM    MM
2026 07 10 19 00 210  8.0  9.0    MM    MM    MM  MM 1017.5  29.3  29.3  26.0   MM -1.8    MM
2026 07 10 18 50 220  8.0  9.0   1.1     6   4.3 196 1017.8  29.3  29.3  26.1   MM   MM    MM
2026 07 10 18 40 220  8.0  9.0    MM    MM    MM  MM 1017.9  29.3  29.3  26.1   MM   MM    MM
2026 07 10 18 30 220  8.0  9.0    MM    MM    MM  MM 1018.1  29.3  29.3  26.0   MM   MM    MM
2026 07 10 18 20 220  8.0  9.0   1.1     5   4.3 190 1018.3  29.3  29.3  25.9   MM   MM    MM
2026 07 10 18 10 220  8.0  9.0   1.1    MM   4.3 190 1018.4  29.3  29.3  26.0   MM   MM    MM
2026 07 10 18 00 220  8.0  9.0    MM    MM    MM  MM 1018.4  29.3  29.3  25.9   MM -0.7    MM
2026 07 10 17 50 220  8.0  9.0   1.1     5   4.3 195 1018.5  29.3  29.3  25.7   MM   MM    MM
2026 07 10 17 40 220  8.0  9.0    MM    MM    MM  MM 1018.6  29.3  29.2  25.7   MM   MM    MM
2026 07 10 17 30 220  8.0  9.0    MM    MM    MM  MM 1018.7  29.3  29.2  25.7   MM   MM    MM
2026 07 10 17 20 220  7.0  9.0   1.2     6   4.4 204 1018.8  29.3  29.2  25.7   MM   MM    MM
2026 07 10 17 10 230  7.0  9.0    MM    MM    MM  MM 1018.8  29.3  29.2  25.5   MM   MM    MM
2026 07 10 17 00 230  7.0  8.0    MM    MM    MM  MM 1018.8  29.2  29.2  25.4   MM +0.0    MM
2026 07 10 16 50 230  7.0  8.0   1.1     5   4.4 188 1018.9  29.2  29.2  25.4   MM   MM    MM
2026 07 10 16 40 240  7.0  9.0    MM    MM    MM  MM 1019.0  29.1  29.2  25.3   MM   MM    MM
2026 07 10 16 30 240  7.0  8.0    MM    MM    MM  MM 1019.2  29.1  29.1  25.4   MM   MM    MM
2026 07 10 16 20 240  7.0  8.0   1.3     6   4.6 209 1019.3  29.1  29.1  25.4   MM   MM    MM
2026 07 10 16 10 240  7.0  8.0   1.3    MM   4.6 209 1019.3  29.1  29.1  25.2   MM   MM    MM
2026 07 10 16 00 240  7.0  9.0    MM    MM    MM  MM 1019.3  29.1  29.1  25.2   MM +0.5    MM
2026 07 10 15 50 240  7.0  9.0   1.2     6   4.6 206 1019.4  29.0  29.1  24.8   MM   MM    MM
2026 07 10 15 40 250  7.0  8.0    MM    MM    MM  MM 1019.2  29.0  29.1  25.0   MM   MM    MM
2026 07 10 15 30 250  7.0  9.0    MM    MM    MM  MM 1019.2  29.0  29.1  24.7   MM   MM    MM
2026 07 10 15 20 250  7.0  9.0   1.3     6   4.8 204 1019.2  28.9  29.1  24.7   MM   MM    MM
2026 07 10 15 10 260  8.0  9.0   1.3    MM   4.8 204 1019.2  28.9  29.0  24.5   MM   MM    MM
2026 07 10 15 00 260  7.0  9.0    MM    MM    MM  MM 1019.1  28.9  29.0  24.7   MM +0.5    MM
2026 07 10 14 50 260  7.0  8.0   1.3     6   4.8 206 1018.9  29.1  29.0  24.4   MM   MM    MM
2026 07 10 14 40 260  7.0  9.0   1.3    MM   4.8 206 1019.0  29.2  29.0  23.8   MM   MM    MM
2026 07 10 14 30 260  7.0  9.0    MM    MM    MM  MM 1019.0  29.2  29.0  24.0   MM   MM    MM
2026 07 10 14 20 260  7.0  8.0   1.3     6   4.8 209 1019.0  29.3  29.0  24.2   MM   MM    MM
2026 07 10 14 10 250  7.0  8.0   1.3    MM   4.8 209 1018.9  29.3  29.0  24.1   MM   MM    MM
2026 07 10 14 00 250  6.0  8.0    MM    MM    MM  MM 1018.9  29.4  29.0  24.0   MM +1.1    MM
2026 07 10 13 50 260  6.0  7.0   1.3     6   4.9 203 1019.0  29.5  29.0  23.9   MM   MM    MM
2026 07 10 13 40 260  7.0  8.0    MM    MM    MM  MM 1018.8  29.5  29.0  23.4   MM   MM    MM
2026 07 10 13 30 260  7.0  8.0    MM    MM    MM  MM 1018.8  29.4  29.0  23.4   MM   MM    MM
2026 07 10 13 20 260  6.0  7.0   1.3     6   4.9 195 1018.8  29.3  29.0  24.8   MM   MM    MM
2026 07 10 13 10 260  6.0  7.0   1.3    MM   4.9 195 1018.8  29.3  29.0  25.2   MM   MM    MM
2026 07 10 13 00 260  6.0  7.0    MM    MM    MM  MM 1018.8  29.3  29.0  25.4   MM +1.5    MM
2026 07 10 12 50 250  6.0  7.0   1.2     5   4.6 186 1018.8  29.3  29.0  25.3   MM   MM    MM
2026 07 10 12 40 250  6.0  7.0    MM    MM    MM  MM 1018.7  29.3  29.0  25.3   MM   MM    MM
2026 07 10 12 30 250  6.0  7.0    MM    MM    MM  MM 1018.6  29.0  29.0  25.8   MM   MM    MM
2026 07 10 12 20 250  5.0  7.0   1.2     5   4.6 192 1018.7  28.8  29.0  26.7   MM   MM    MM
2026 07 10 12 10 250  6.0  7.0   1.2    MM   4.6 192 1018.6  29.0  29.0  27.5   MM   MM    MM
2026 07 10 12 00 240  6.0  7.0    MM    MM    MM  MM 1018.6  29.0  29.0  27.4   MM +1.3    MM
2026 07 10 11 50 240  6.0  8.0   1.0     5   4.4 190 1018.4  29.1  29.0  27.4   MM   MM    MM
2026 07 10 11 40 230  6.0  7.0    MM    MM    MM  MM 1018.3  29.1  29.0  27.4   MM   MM    MM
2026 07 10 11 30 240  6.0  8.0    MM    MM    MM  MM 1018.2  29.0  29.0  27.2   MM   MM    MM
2026 07 10 11 20 240  7.0  8.0   1.1     5   4.4 205 1018.1  29.0  29.0  27.1   MM   MM    MM
2026 07 10 11 10 240  7.0  9.0    MM    MM    MM  MM 1018.0  29.0  29.0  26.9   MM   MM    MM
2026 07 10 11 00 240  7.0  9.0    MM    MM    MM  MM 1017.8  29.0  29.0  26.8   MM +0.4    MM
2026 07 10 10 50 230  8.0  9.0   1.1     5   4.3 204 1017.7  29.0  29.0  26.6   MM   MM    MM
2026 07 10 10 40 230  8.0  9.0    MM    MM    MM  MM 1017.7  29.0  29.0  26.6   MM   MM    MM
2026 07 10 10 30 230  8.0  9.0    MM    MM    MM  MM 1017.6  29.0  29.0  26.5   MM   MM    MM
2026 07 10 10 20 230  8.0  9.0   1.1     5   4.6 218 1017.5  29.0  29.1  26.4   MM   MM    MM
2026 07 10 10 10 230  8.0  9.0   1.1    MM   4.6 218 1017.3  29.1  29.1  26.4   MM   MM    MM
2026 07 10 10 00 220  7.0  8.0    MM    MM    MM  MM 1017.3  29.2  29.1  26.0   MM +0.0    MM
2026 07 10 09 50 210  5.0  6.0   1.1     5   4.4 229 1017.3  28.8  29.1  23.5   MM   MM    MM
2026 07 10 09 40 220  5.0  5.0    MM    MM    MM  MM 1017.3  28.6  29.1  22.5   MM   MM    MM
2026 07 10 09 30 220  4.0  5.0    MM    MM    MM  MM 1017.3  28.0  29.1  22.5   MM   MM    MM
2026 07 10 09 20 230  4.0  6.0   1.1     5   4.2 226 1017.3  27.6  29.1  21.7   MM   MM    MM
2026 07 10 09 10 220  6.0  8.0   1.1    MM   4.2 226 1017.3  27.7  29.1  20.9   MM   MM    MM
2026 07 10 09 00 240  6.0  8.0    MM    MM    MM  MM 1017.3  27.3    MM  20.3   MM +0.0    MM
2026 07 10 08 50 260  9.0 12.0   1.2     5   4.3 212 1017.4  27.6  29.1  21.7   MM   MM    MM
2026 07 10 08 40 240  9.0 12.0    MM    MM    MM  MM 1017.6  28.8  29.1  25.4   MM   MM    MM
2026 07 10 08 30 240  8.0  9.0    MM    MM    MM  MM 1017.5  29.0  29.1  26.1   MM   MM    MM
2026 07 10 08 20 230  9.0 10.0   1.3     6   4.5 231 1017.5  29.0  29.1  25.8   MM   MM    MM
2026 07 10 08 10 230  8.0 10.0   1.3    MM   4.5 231 1017.4  29.0  29.1  25.8   MM   MM    MM
2026 07 10 08 00 240  8.0  9.0    MM    MM    MM  MM 1017.4  29.1  29.1  25.9   MM +0.3    MM
2026 07 10 07 50 240  7.0  9.0   1.4     6   4.6 228 1017.3  29.1  29.1  25.6   MM   MM    MM
2026 07 10 07 40 240  8.0  9.0    MM    MM    MM  MM 1017.3  29.2  29.1  25.6   MM   MM    MM
2026 07 10 07 30 240  8.0  9.0    MM    MM    MM  MM 1017.4  29.2  29.1  25.6   MM   MM    MM
2026 07 10 07 20 240  8.0  9.0   1.5     6   4.6 223 1017.5  29.2  29.1  25.4   MM   MM    MM
2026 07 10 07 10 240  8.0 10.0   1.5    MM   4.6 223 1017.4  29.3  29.1  25.6   MM   MM    MM
2026 07 10 07 00 240  9.0 11.0    MM    MM    MM  MM 1017.4  29.4  29.1  25.7   MM -0.0    MM
2026 07 10 06 50 240 10.0 12.0   1.5     6   4.4 222 1017.3  29.4    MM  25.6   MM   MM    MM
2026 07 10 06 40 240  9.0 11.0   1.5    MM   4.4 222 1017.3  29.4  29.2  25.9   MM   MM    MM
2026 07 10 06 30 240  9.0 11.0    MM    MM    MM  MM 1017.3  29.4  29.2  25.8   MM   MM    MM
2026 07 10 06 20 240  9.0 12.0   1.4     5   4.3 229 1017.3  29.4  29.2  25.8   MM   MM    MM
2026 07 10 06 10 250  9.0 12.0   1.4    MM   4.3 229 1017.1  29.5  29.2  25.7   MM   MM    MM
2026 07 10 06 00 250  9.0 11.0    MM    MM    MM  MM 1017.1  29.5  29.2  25.4   MM -0.6    MM
2026 07 10 05 50 240 10.0 12.0   1.5     5   4.4 217 1017.0  29.6  29.2  25.4   MM   MM    MM
2026 07 10 05 40 240  9.0 11.0    MM    MM    MM  MM 1017.0  29.6  29.2  25.4   MM   MM    MM
2026 07 10 05 30 240 10.0 12.0    MM    MM    MM  MM 1017.0  29.7  29.2  24.9   MM   MM    MM
2026 07 10 05 20 240 10.0 12.0   1.5     6   4.5 213 1017.0  29.9  29.2  24.4   MM   MM    MM
2026 07 10 05 10 240 10.0 12.0   1.5    MM   4.5 213 1017.0  29.8  29.2  23.2   MM   MM    MM
2026 07 10 05 00 240  9.0 11.0    MM    MM    MM  MM 1017.1  29.3  29.2  23.6   MM +0.0    MM
2026 07 10 04 50 230  9.0 11.0   1.5     5   4.3 217 1017.1  29.0  29.2  23.4   MM   MM    MM
2026 07 10 04 40 240  9.0 10.0    MM    MM    MM  MM 1017.2  28.9  29.2  23.7   MM   MM    MM
2026 07 10 04 30 240  9.0 12.0    MM    MM    MM  MM 1017.2  28.6  29.2  23.1   MM   MM    MM
2026 07 10 04 20 240  9.0 11.0   1.6     5   4.5 220 1017.4  28.3  29.2  23.1   MM   MM    MM
2026 07 10 04 10 240 10.0 11.0   1.6    MM   4.5 220 1017.3  28.3  29.2  23.5   MM   MM    MM
2026 07 10 04 00 240 10.0 12.0    MM    MM    MM  MM 1017.5  28.3  29.3  24.3   MM +1.5    MM
2026 07 10 03 50 240 11.0 14.0   1.4     5   4.3 222 1017.7  28.7  29.3  24.0   MM   MM    MM
2026 07 10 03 40 240 12.0 15.0    MM    MM    MM  MM 1017.7  28.6  29.3  24.0   MM   MM    MM
2026 07 10 03 30 250 11.0 13.0    MM    MM    MM  MM 1017.8  28.3  29.3  24.2   MM   MM    MM
2026 07 10 03 20 240 13.0 16.0   1.4     5   4.0 203 1017.8  29.1  29.3  24.6   MM   MM    MM
2026 07 10 03 10 220 12.0 15.0    MM    MM    MM  MM 1017.6  29.6  29.3  26.1   MM   MM    MM
2026 07 10 03 00 210 11.0 14.0    MM    MM    MM  MM 1017.7  29.6  29.3  26.3   MM +1.6    MM
2026 07 10 02 50 210 11.0 13.0   1.3     5   4.1 202 1017.4  29.6  29.3  26.2   MM   MM    MM
2026 07 10 02 40 210 10.0 12.0   1.3    MM   4.1 202 1017.2  29.7  29.3  26.3   MM   MM    MM
2026 07 10 02 30 210 10.0 12.0    MM    MM    MM  MM 1017.2  29.7  29.4  26.2   MM   MM    MM
2026 07 10 02 20 210 10.0 12.0   1.3     5   4.2 212 1017.0  29.7  29.4  26.1   MM   MM    MM
2026 07 10 02 10 210 10.0 12.0   1.3    MM   4.2 212 1017.0  29.7  29.4  26.0   MM   MM    MM
2026 07 10 02 00 210 10.0 11.0    MM    MM    MM  MM 1017.0  29.7  29.4  25.9   MM +0.9    MM
2026 07 10 01 50 200 10.0 12.0   1.3     5   4.2 210 1016.8  29.6  29.4  25.9   MM   MM    MM
2026 07 10 01 40 200 10.0 11.0   1.3    MM   4.2 210 1016.6  29.5  29.4  26.0   MM   MM    MM
2026 07 10 01 30 200 10.0 12.0    MM    MM    MM  MM 1016.3  29.5  29.4  26.1   MM   MM    MM
2026 07 10 01 20 200  9.0 12.0   1.3     5   4.2 213 1016.2  29.6  29.4  26.1   MM   MM    MM
2026 07 10 01 10 210 10.0 12.0    MM    MM    MM  MM 1016.3  29.6  29.4  25.8   MM   MM    MM
2026 07 10 01 00 200 10.0 12.0    MM    MM    MM  MM 1016.0  29.6  29.4  25.5   MM +0.0    MM
2026 07 10 00 50 200 10.0 12.0   1.3     5   4.2 209 1016.1  29.6  29.4  25.8   MM   MM    MM
2026 07 10 00 40 200 10.0 12.0    MM    MM    MM  MM 1016.1  29.6  29.4  25.8   MM   MM    MM
2026 07 10 00 30 200 10.0 12.0    MM    MM    MM  MM 1016.0  29.6  29.5  25.6   MM   MM    MM
2026 07 10 00 20 200 10.0 12.0   1.3     5   4.1 212 1016.1  29.6  29.5  25.5   MM   MM    MM
2026 07 10 00 10 200 10.0 12.0   1.3    MM   4.1 212 1016.0    MM  29.5    MM   MM   MM    MM
2026 07 10 00 00 200 10.0 11.0    MM    MM    MM  MM 1016.1  29.6  29.5  25.9   MM +0.0    MM
2026 07 09 23 50 200 10.0 12.0   1.3     5   4.1 204 1015.9  29.5  29.5  26.0   MM   MM    MM
2026 07 09 23 40 200  9.0 12.0   1.3    MM   4.1 204 1016.0  29.6  29.5  26.3   MM   MM    MM
2026 07 09 23 20 210 10.0 12.0   1.2     5   4.1 202 1015.9  29.5  29.5  26.2   MM   MM    MM
2026 07 09 23 10 210 10.0 12.0    MM    MM    MM  MM 1016.0  29.5  29.5  26.4   MM   MM    MM
2026 07 09 23 00 210 11.0 12.0    MM    MM    MM  MM 1016.1  29.5  29.5  26.4   MM -0.4    MM
2026 07 09 22 50 210 10.0 12.0   1.3     5   4.1 206 1016.1  29.5  29.5  26.5   MM   MM    MM
2026 07 09 22 40 200 10.0 12.0    MM    MM    MM  MM 1016.2  29.4  29.5  26.4   MM   MM    MM
2026 07 09 22 30 210 10.0 12.0    MM    MM    MM  MM 1016.2  29.4  29.5  26.5   MM   MM    MM
2026 07 09 22 20 200 10.0 12.0   1.2     5   4.1 202 1016.2  29.3  29.5  26.5   MM   MM    MM
2026 07 09 22 10 200 10.0 11.0   1.2    MM   4.1 202 1016.2  29.3  29.5  26.6   MM   MM    MM
2026 07 09 22 00 200  9.0 12.0    MM    MM    MM  MM 1016.2  29.3  29.5  26.7   MM -1.0    MM
2026 07 09 21 50 210 10.0 11.0   1.2     5   4.1 204 1016.1  29.2  29.5  26.6   MM   MM    MM
2026 07 09 21 40 200  9.0 11.0   1.2    MM   4.1 204 1016.0  29.2  29.5  26.8   MM   MM    MM
2026 07 09 21 30 200  9.0 11.0    MM    MM    MM  MM 1016.0  29.2  29.5  26.8   MM   MM    MM
2026 07 09 21 20 210  9.0 11.0   1.2     5   4.3 210 1015.9  29.2  29.5  26.7   MM   MM    MM
2026 07 09 21 10 210  9.0 11.0    MM    MM    MM  MM 1016.1  29.2  29.5  26.7   MM   MM    MM
2026 07 09 21 00 210  9.0 11.0   1.2    MM   4.3 210 1016.1  29.1  29.5  26.6   MM -1.5    MM
2026 07 09 20 50 200  9.0 11.0   1.2     9   4.3 124 1016.4  29.2  29.5  26.8   MM   MM    MM
2026 07 09 20 40 200  9.0 11.0   1.2    MM   4.3 124 1016.1  29.2  29.5  26.7   MM   MM    MM
2026 07 09 20 30 200  9.0 10.0    MM    MM    MM  MM 1016.1  29.2  29.5  26.8   MM   MM    MM
2026 07 09 20 20 210  8.0 10.0   1.1     5   4.4 205 1016.3  29.2  29.5  26.8   MM   MM    MM
2026 07 09 20 10 210  8.0 10.0   1.1    MM   4.4 205 1016.4  29.2  29.5  26.7   MM   MM    MM
2026 07 09 20 00 210  8.0 10.0    MM    MM    MM  MM 1016.5  29.1  29.5  26.7   MM -1.8    MM
2026 07 09 19 50 210  8.0  9.0   1.1     6   4.5 212 1016.7  29.2  29.5  26.8   MM   MM    MM
2026 07 09 19 40 210  8.0 10.0    MM    MM    MM  MM 1016.8  29.2  29.5  26.7   MM   MM    MM
2026 07 09 19 30 210  8.0  9.0    MM    MM    MM  MM 1016.9  29.2  29.5  26.7   MM   MM    MM
2026 07 09 19 20 210  8.0  9.0   1.1     6   4.4 209 1017.0  29.2  29.5  26.6   MM   MM    MM
2026 07 09 19 10 220  8.0 10.0   1.1    MM   4.4 209 1017.1  29.2  29.4  26.7   MM   MM    MM
2026 07 09 19 00 210  8.0  9.0    MM    MM    MM  MM 1017.2  29.3    MM  26.7   MM -1.2    MM
2026 07 09 18 50 210  8.0  9.0   1.1     5   4.3 200 1017.2  29.3  29.4  26.5   MM   MM    MM
2026 07 09 18 40 220  8.0  9.0    MM    MM    MM  MM 1017.4  29.3  29.4  26.5   MM   MM    MM
2026 07 09 18 30 220  7.0  9.0    MM    MM    MM  MM 1017.5  29.2  29.4  26.4   MM   MM    MM
2026 07 09 18 20 220  7.0  8.0   1.1     6   4.3 207 1017.5  29.3  29.4  26.6   MM   MM    MM
2026 07 09 18 10 220  7.0  8.0   1.1    MM   4.3 207 1017.5  29.2  29.4  26.2   MM   MM    MM
2026 07 09 18 00 230  7.0  8.0    MM    MM    MM  MM 1017.6  29.2  29.4  26.3   MM -0.8    MM
2026 07 09 17 50 230  7.0  8.0   1.2     6   4.4 213 1017.8  29.2  29.4  26.3   MM   MM    MM
2026 07 09 17 40 230  7.0  8.0    MM    MM    MM  MM 1017.9  29.1  29.4  26.4   MM   MM    MM
2026 07 09 17 30 230  7.0  8.0    MM    MM    MM  MM 1017.9  29.2  29.3  26.6   MM   MM    MM
2026 07 09 17 20 230  7.0  8.0   1.1     5   4.6 209 1018.1  29.2  29.3  26.3   MM   MM    MM
2026 07 09 17 10 230  7.0  9.0   1.1    MM   4.6 209 1018.2  29.1  29.3  26.2   MM   MM    MM
2026 07 09 17 00 240  8.0  9.0    MM    MM    MM  MM 1018.3  29.2  29.3  26.3   MM +0.0    MM
2026 07 09 16 50 240  8.0  9.0   1.1     6   4.3 218 1018.3  29.2  29.3  26.2   MM   MM    MM
2026 07 09 16 40 230  7.0  8.0   1.1    MM   4.3 218 1018.4  29.2  29.3  26.3   MM   MM    MM
2026 07 09 16 30 240  7.0  9.0    MM    MM    MM  MM 1018.4  29.2  29.3  26.0   MM   MM    MM
2026 07 09 16 20 240  7.0  9.0   1.2     6   4.4 208 1018.3  29.2  29.3  26.2   MM   MM    MM
2026 07 09 16 10 240  8.0  9.0   1.2    MM   4.4 208 1018.3  29.2  29.2  26.0   MM   MM    MM
2026 07 09 16 00 240  7.0  9.0    MM    MM    MM  MM 1018.4  29.1  29.2  25.9   MM +0.0    MM
2026 07 09 15 50 240  7.0  8.0   1.2     6   4.5 211 1018.5  29.1  29.2  26.1   MM   MM    MM
2026 07 09 15 40 240  7.0  8.0    MM    MM    MM  MM 1018.4  29.2  29.2  26.1   MM   MM    MM
2026 07 09 15 30 240  7.0  9.0    MM    MM    MM  MM 1018.5  29.2  29.2  26.1   MM   MM    MM
2026 07 09 15 20 240  7.0  8.0   1.3     6   4.6 202 1018.5  29.2  29.2  25.8   MM   MM    MM
2026 07 09 15 10 240  7.0  8.0   1.3    MM   4.6 202 1018.5  29.2  29.2  25.8   MM   MM    MM
2026 07 09 15 00 240  6.0  8.0    MM    MM    MM  MM 1018.4  29.2  29.2  25.9   MM +0.4    MM
2026 07 09 14 50 250  7.0  8.0   1.3     6   4.7 206 1018.4  29.2  29.2  25.8   MM   MM    MM
2026 07 09 14 40 250  7.0  8.0   1.3    MM   4.7 206 1018.3  29.3  29.2  25.9   MM   MM    MM
2026 07 09 14 30 250  7.0  8.0    MM    MM    MM  MM 1018.3  29.2  29.2  25.5   MM   MM    MM
2026 07 09 14 20 250  7.0  8.0   1.3     6   4.7 208 1018.3  29.3  29.2  25.7   MM   MM    MM
2026 07 09 14 10 250  7.0  8.0   1.3    MM   4.7 208 1018.5  29.3  29.1  25.7   MM   MM    MM
2026 07 09 14 00 250  7.0  8.0    MM    MM    MM  MM 1018.5  29.3  29.1  25.9   MM +0.7    MM
2026 07 09 13 50 250  7.0  8.0   1.4     6   4.8 211 1018.5  29.3  29.1  26.0   MM   MM    MM
2026 07 09 13 40 250  7.0  9.0    MM    MM    MM  MM 1018.5  29.3  29.1  26.0   MM   MM    MM
2026 07 09 13 30 250  7.0  9.0    MM    MM    MM  MM 1018.5  29.3  29.1  26.0   MM   MM    MM
2026 07 09 13 20 250  7.0  9.0   1.4     6   4.7 204 1018.5  29.3    MM  26.2   MM   MM    MM
2026 07 09 13 10 250  7.0  9.0   1.4    MM   4.7 204 1018.5  29.3  29.1  26.1   MM   MM    MM
2026 07 09 13 00 250  7.0  8.0    MM    MM    MM  MM 1018.5  29.4  29.1  26.2   MM +1.4    MM
2026 07 09 12 50 250  7.0  9.0   1.5     6   4.9 216 1018.5  29.4  29.1  26.2   MM   MM    MM
2026 07 09 12 40 250  7.0  8.0    MM    MM    MM  MM 1018.4  29.3  29.1  26.2   MM   MM    MM
2026 07 09 12 30 250  7.0  8.0    MM    MM    MM  MM 1018.3  29.4  29.1  26.5   MM   MM    MM
2026 07 09 12 20 250  7.0  9.0   1.4     6   4.9 201 1018.2  29.4  29.1  26.5   MM   MM    MM
2026 07 09 12 10 250  7.0  8.0   1.4    MM   4.9 201 1018.1  29.4  29.1  26.3   MM   MM    MM
2026 07 09 12 00 250  7.0  8.0    MM    MM    MM  MM 1018.0  29.3  29.1  26.3   MM +1.6    MM
2026 07 09 11 50 250  7.0  8.0   1.4     6   4.7 214 1018.0  29.3  29.1  26.2   MM   MM    MM
2026 07 09 11 40 250  7.0  8.0   1.4    MM   4.7 214 1018.0  29.4  29.1  26.3   MM   MM    MM
2026 07 09 11 30 250  7.0  8.0    MM    MM    MM  MM 1017.9  29.3  29.1  26.2   MM   MM    MM
2026 07 09 11 20 240  7.0  8.0   1.3     6   4.5 214 1017.9  29.2  29.1  26.4   MM   MM    MM
2026 07 09 11 10 240  6.0  8.0   1.3    MM   4.5 214 1017.8  29.1  29.1  27.0   MM   MM    MM
2026 07 09 11 00 240  6.0  7.0    MM    MM    MM  MM 1017.8  29.2  29.1  27.4   MM +1.6    MM
2026 07 09 10 50 240  7.0  8.0   1.5     6   4.6 216 1017.7  29.2  29.1  27.4   MM   MM    MM
2026 07 09 10 40 240  7.0  8.0   1.5    MM   4.6 216 1017.6  29.2  29.1  27.4   MM   MM    MM
2026 07 09 10 30 240  7.0  9.0    MM    MM    MM  MM 1017.5  29.1  29.1  27.3   MM   MM    MM
2026 07 09 10 20 240  8.0  9.0   1.4     6   4.6 226 1017.3  29.1  29.1  27.3   MM   MM    MM
2026 07 09 10 10 240  7.0  9.0   1.4    MM   4.6 226 1017.2  29.1    MM  27.3   MM   MM    MM
2026 07 09 10 00 240  8.0  9.0    MM    MM    MM  MM 1017.1  29.1  29.1  27.3   MM +1.1    MM
2026 07 09 09 50 240  8.0 10.0   1.5     6   4.6 218 1017.0  29.1  29.1  27.3   MM   MM    MM
2026 07 09 09 40 240  8.0 10.0    MM    MM    MM  MM 1017.0  29.1  29.1  27.2   MM   MM    MM
2026 07 09 09 30 230  9.0 11.0    MM    MM    MM  MM 1016.7  29.1  29.1  27.2   MM   MM    MM
2026 07 09 09 20 230  9.0 11.0   1.6     6   4.6 219 1016.6  29.1  29.2  27.1   MM   MM    MM
2026 07 09 09 10 230  9.0 11.0   1.6    MM   4.6 219 1016.5  29.1  29.2  27.2   MM   MM    MM
2026 07 09 09 00 230 10.0 12.0    MM    MM    MM  MM 1016.4  29.1  29.2  27.1   MM -0.0    MM
2026 07 09 08 50 230 10.0 12.0   1.7     6   4.6 230 1016.4  29.1  29.2  27.1   MM   MM    MM
2026 07 09 08 40 230 10.0 12.0    MM    MM    MM  MM 1016.4  29.1  29.2  27.0   MM   MM    MM
2026 07 09 08 30 230 10.0 12.0    MM    MM    MM  MM 1016.4  29.1  29.2  27.0   MM   MM    MM
2026 07 09 08 20 230 10.0 13.0   1.6     6   4.5 223 1016.3  29.1  29.2  26.9   MM   MM    MM
2026 07 09 08 10 230 11.0 13.0   1.6    MM   4.5 223 1016.3  29.1  29.2  26.9   MM   MM    MM
2026 07 09 08 00 230 11.0 13.0    MM    MM    MM  MM 1016.2  29.1  29.2  26.8   MM -0.6    MM
2026 07 09 07 50 230 11.0 13.0   1.6     5   4.3 223 1016.1  29.2  29.2  26.8   MM   MM    MM
2026 07 09 07 40 230 11.0 14.0    MM    MM    MM  MM 1016.2  29.2  29.2  26.7   MM   MM    MM
2026 07 09 07 30 230 11.0 13.0    MM    MM    MM  MM 1016.2  29.2  29.2  26.7   MM   MM    MM
2026 07 09 07 20 230 11.0 14.0   1.5     6   4.3 226 1016.2  29.2  29.2  26.6   MM   MM    MM
2026 07 09 07 10 230 11.0 13.0   1.5    MM   4.3 226 1016.2  29.2    MM  26.6   MM   MM    MM
2026 07 09 07 00 230 11.0 13.0    MM    MM    MM  MM 1016.0  29.3  29.2  26.6   MM -0.9    MM
2026 07 09 06 50 230 11.0 14.0   1.7     5   4.4 221 1016.1  29.3  29.2  26.5   MM   MM    MM
2026 07 09 06 40 230 11.0 14.0    MM    MM    MM  MM 1016.1  29.3  29.2  26.4   MM   MM    MM
2026 07 09 06 30 230 11.0 14.0    MM    MM    MM  MM 1016.2  29.3  29.2  26.3   MM   MM    MM
2026 07 09 06 20 230 11.0 14.0   1.5     5   4.3 221 1016.3  29.3  29.2  26.3   MM   MM    MM
2026 07 09 06 10 230 11.0 13.0   1.5    MM   4.3 221 1016.4  29.4  29.2  26.4   MM   MM    MM
2026 07 09 06 00 220 11.0 13.0    MM    MM    MM  MM 1016.5  29.3  29.2  26.2   MM -0.5    MM
2026 07 09 05 50 230 11.0 14.0   1.4     5   4.2 217 1016.5  29.3  29.2  26.2   MM   MM    MM
2026 07 09 05 40 220 11.0 14.0    MM    MM    MM  MM 1016.7  29.4  29.2  26.2   MM   MM    MM
2026 07 09 05 30 220 11.0 14.0    MM    MM    MM  MM 1016.7  29.4  29.2  26.2   MM   MM    MM
2026 07 09 05 20 220 11.0 14.0   1.3     5   4.1 208 1016.7  29.3  29.2  25.9   MM   MM    MM
2026 07 09 05 10 220 11.0 13.0    MM    MM    MM  MM 1016.8  29.3  29.2  26.2   MM   MM    MM
2026 07 09 05 00 220 11.0 13.0    MM    MM    MM  MM 1016.8  29.3  29.2  26.2   MM +0.0    MM
2026 07 09 04 50 220 11.0 13.0   1.2     5   4.1 210 1016.8  29.3  29.2  26.3   MM   MM    MM
2026 07 09 04 40 220 10.0 13.0    MM    MM    MM  MM 1016.8  29.3  29.2  26.4   MM   MM    MM
2026 07 09 04 30 220 10.0 12.0    MM    MM    MM  MM 1016.8  29.4  29.2  26.3   MM   MM    MM
2026 07 09 04 20 220 10.0 12.0   1.2     5   4.0 209 1016.7  29.4  29.2  26.2   MM   MM    MM
2026 07 09 04 10 220 10.0 12.0   1.2    MM   4.0 209 1016.9  29.4  29.2  26.0   MM   MM    MM
2026 07 09 04 00 220 10.0 12.0    MM    MM    MM  MM 1016.9  29.5  29.2  26.2   MM +0.7    MM
2026 07 09 03 50 220 10.0 12.0   1.1     5   3.9 209 1016.9  29.4  29.2  26.1   MM   MM    MM
2026 07 09 03 40 210  9.0 11.0    MM    MM    MM  MM 1017.0  29.5  29.2  26.4   MM   MM    MM
2026 07 09 03 30 210  9.0 11.0    MM    MM    MM  MM 1017.0  29.4  29.2  26.3   MM   MM    MM
2026 07 09 03 20 210  8.0 10.0   1.2     5   4.0 207 1017.1  29.4  29.2  26.3   MM   MM    MM
2026 07 09 03 10 210  8.0 10.0   1.2    MM   4.0 207 1017.0  29.4  29.2  26.4   MM   MM    MM
2026 07 09 03 00 210  8.0 10.0    MM    MM    MM  MM 1017.0  29.4  29.2  26.5   MM +0.7    MM
2026 07 09 02 50 210  9.0 10.0   1.2     5   3.9 214 1017.1  29.3  29.2  26.3   MM   MM    MM
2026 07 09 02 40 210  9.0 10.0    MM    MM    MM  MM 1017.1  29.3  29.2  26.4   MM   MM    MM
2026 07 09 02 30 210  9.0 10.0    MM    MM    MM  MM 1017.0  29.3  29.2  26.5   MM   MM    MM
2026 07 09 02 20 210  9.0 11.0   1.2     5   4.0 214 1016.8  29.3  29.2  26.5   MM   MM    MM
2026 07 09 02 10 210  9.0 11.0   1.2    MM   4.0 214 1016.8  29.3  29.2  26.6   MM   MM    MM
2026 07 09 02 00 210  9.0 11.0    MM    MM    MM  MM 1016.6  29.3  29.2  26.6   MM -0.0    MM
2026 07 09 01 50 210  9.0 11.0   1.2     5   4.1 210 1016.5  29.2  29.2  26.6   MM   MM    MM
2026 07 09 01 40 210  9.0 11.0    MM    MM    MM  MM 1016.3  29.2  29.2  26.7   MM   MM    MM
2026 07 09 01 30 210  9.0 11.0    MM    MM    MM  MM 1016.3  29.3  29.2  26.7   MM   MM    MM
2026 07 09 01 20 210  9.0 11.0   1.1     5   4.0 210 1016.3  29.3  29.2  26.6   MM   MM    MM
2026 07 09 01 10 210  9.0 11.0   1.1    MM   4.0 210 1016.2  29.3  29.2  26.5   MM   MM    MM
2026 07 09 01 00 210  9.0 11.0    MM    MM    MM  MM 1016.2  29.2  29.2  26.4   MM -0.3    MM
2026 07 09 00 50 210  9.0 11.0   1.1     5   4.0 206 1016.3  29.2  29.2  26.6   MM   MM    MM
2026 07 09 00 40 210  9.0 11.0   1.1    MM   4.0 206 1016.2  29.2  29.2  26.6   MM   MM    MM
2026 07 09 00 30 210  9.0 10.0    MM    MM    MM  MM 1016.2  29.2  29.2  26.7   MM   MM    MM
2026 07 09 00 20 210  9.0 10.0   1.1     5   3.9 213 1016.3  29.2  29.2  26.7   MM   MM    MM
2026 07 09 00 10 210  9.0 11.0   1.1    MM   3.9 213 1016.2  29.2    MM  26.7   MM   MM    MM
2026 07 09 00 00 210  9.0 10.0    MM    MM    MM  MM 1016.3  29.2  29.2  26.5   MM -0.5    MM
2026 07 08 23 50 210  8.0 10.0   1.0     4   3.9 215 1016.4  29.2  29.2  26.5   MM   MM    MM
2026 07 08 23 40 210  8.0  9.0    MM    MM    MM  MM 1016.5  29.2  29.2  26.4   MM   MM    MM
2026 07 08 23 30 210  8.0 10.0    MM    MM    MM  MM 1016.4  29.2  29.3  26.3   MM   MM    MM
2026 07 08 23 20 210  8.0 10.0   1.1     5   3.9 212 1016.6  29.2  29.3  26.4   MM   MM    MM
2026 07 08 23 10 210  8.0  9.0   1.1    MM   3.9 212 1016.6  29.2    MM  26.6   MM   MM    MM
2026 07 08 23 00 210  8.0  9.0    MM    MM    MM  MM 1016.5  29.1  29.3  26.4   MM -0.6    MM
2026 07 08 22 50 210  8.0 10.0   1.2     4   3.9 214 1016.6  29.1  29.3  26.6   MM   MM    MM
2026 07 08 22 40 210  9.0 10.0    MM    MM    MM  MM 1016.5  29.1  29.3  26.7   MM   MM    MM
2026 07 08 22 30 210  9.0 10.0    MM    MM    MM  MM 1016.4  29.1  29.3  26.6   MM   MM    MM
2026 07 08 22 20 210  9.0 10.0   1.1     4   3.8 217 1016.6  29.1  29.3  26.5   MM   MM    MM
2026 07 08 22 10 210  9.0 11.0   1.1    MM   3.8 217 1016.5  29.1  29.3  26.4   MM   MM    MM
2026 07 08 22 00 210  9.0 11.0    MM    MM    MM  MM 1016.5  29.2  29.3  26.4   MM -0.9    MM
2026 07 08 21 50 210  9.0 11.0   1.1     4   4.0 220 1016.8  29.2  29.3  26.2   MM   MM    MM
2026 07 08 21 40 210  9.0 11.0    MM    MM    MM  MM 1016.6  29.1  29.3  26.1   MM   MM    MM
2026 07 08 21 30 210 10.0 11.0    MM    MM    MM  MM 1016.6  29.1  29.3  26.1   MM   MM    MM
2026 07 08 21 20 210  9.0 11.0   0.9     4   3.7 221 1016.5  29.2  29.3  26.1   MM   MM    MM
2026 07 08 21 10 210 10.0 12.0   0.9    MM   3.7 221 1016.5  29.2  29.3  25.8   MM   MM    MM
2026 07 08 21 00 220  9.0 11.0    MM    MM    MM  MM 1016.8  29.1  29.3  25.8   MM -1.6    MM
2026 07 08 20 50 220  9.0 11.0   1.0     4   3.8 209 1017.0  29.1  29.3  26.1   MM   MM    MM
2026 07 08 20 40 210  9.0 10.0    MM    MM    MM  MM 1016.8  29.1  29.2  26.3   MM   MM    MM
2026 07 08 20 30 210  8.0 10.0    MM    MM    MM  MM 1016.6  29.0  29.2  26.3   MM   MM    MM
2026 07 08 20 20 210  8.0 10.0   0.9     5   3.9 204 1016.8  29.0  29.3  26.4   MM   MM    MM
2026 07 08 20 10 210  9.0 10.0   0.9    MM   3.9 204 1017.0  29.0  29.2  26.4   MM   MM    MM
2026 07 08 20 00 210  8.0 10.0    MM    MM    MM  MM 1017.1  29.0  29.2  26.3   MM -1.5    MM
2026 07 08 19 50 210  9.0 10.0   0.9     4   3.8 213 1017.3  29.0  29.2  26.2   MM   MM    MM
2026 07 08 19 40 220  9.0 10.0    MM    MM    MM  MM 1017.3  29.0  29.2  26.3   MM   MM    MM
2026 07 08 19 30 220  8.0 10.0    MM    MM    MM  MM 1017.3  29.0  29.2  26.4   MM   MM    MM
2026 07 08 19 20 210  8.0 10.0   1.0     5   4.0 199 1017.3  28.9  29.2  26.4   MM   MM    MM
2026 07 08 19 10 210  9.0 10.0    MM    MM    MM  MM 1017.2  28.9  29.2  26.3   MM   MM    MM
2026 07 08 19 00 210  8.0 10.0    MM    MM    MM  MM 1017.4  29.0  29.2  26.5   MM -1.8    MM
2026 07 08 18 50 220  8.0 10.0   1.0     6   4.0 191 1017.7  28.9  29.2  26.3   MM   MM    MM
2026 07 08 18 40 220  8.0 10.0    MM    MM    MM  MM 1017.9  29.0  29.2  26.5   MM   MM    MM
2026 07 08 18 30 220  8.0 10.0    MM    MM    MM  MM 1018.0  29.0  29.2  26.4   MM   MM    MM
2026 07 08 18 20 220  8.0 10.0   1.0     5   4.0 193 1018.2  29.0  29.2  26.4   MM   MM    MM
2026 07 08 18 10 220  8.0  9.0   1.0    MM   4.0 193 1018.3  29.0  29.2  26.4   MM   MM    MM
2026 07 08 18 00 220  8.0  9.0    MM    MM    MM  MM 1018.4  29.1    MM  26.4   MM -0.4    MM
2026 07 08 17 50 220  8.0  9.0   1.0     5   4.1 199 1018.5  29.0  29.2  26.2   MM   MM    MM
2026 07 08 17 40 220  8.0  9.0   1.0    MM   4.1 199 1018.6  29.0  29.2  26.2   MM   MM    MM
2026 07 08 17 30 220  8.0  9.0    MM    MM    MM  MM 1018.5  29.0  29.2  26.1   MM   MM    MM
2026 07 08 17 20 220  8.0  9.0   1.1     5   4.3 200 1018.5  29.0  29.2  26.1   MM   MM    MM
2026 07 08 17 10 220  7.0  8.0   1.1    MM   4.3 200 1018.6  29.0  29.1  26.1   MM   MM    MM
2026 07 08 17 00 230  7.0  9.0    MM    MM    MM  MM 1018.6  29.1  29.1  26.2   MM +0.0    MM
2026 07 08 16 50 230  7.0  8.0   1.1     5   4.2 190 1018.6  29.0  29.1  26.0   MM   MM    MM
2026 07 08 16 40 230  7.0  8.0    MM    MM    MM  MM 1018.7  29.0  29.1  25.8   MM   MM    MM
2026 07 08 16 30 230  7.0  8.0    MM    MM    MM  MM 1018.7  29.0  29.1  25.8   MM   MM    MM
2026 07 08 16 20 230  6.0  7.0   1.2     5   4.3 203 1018.9  29.1  29.1  25.8   MM   MM    MM
2026 07 08 16 10 230  6.0  7.0   1.2    MM   4.3 203 1019.0  29.1  29.1  25.8   MM   MM    MM
2026 07 08 16 00 230  6.0  7.0    MM    MM    MM  MM 1019.2  29.1  29.1  25.7   MM +0.8    MM
2026 07 08 15 50 240  7.0  8.0   1.2     6   4.4 185 1019.2  29.0  29.1  25.5   MM   MM    MM
2026 07 08 15 40 240  7.0  8.0    MM    MM    MM  MM 1019.1  29.0  29.0  25.6   MM   MM    MM
2026 07 08 15 30 240  7.0  8.0    MM    MM    MM  MM 1019.1  29.0  29.0  25.5   MM   MM    MM
2026 07 08 15 20 240  7.0  8.0   1.2     6   4.3 191 1019.0  29.0  29.0  25.5   MM   MM    MM
2026 07 08 15 10 240  7.0  8.0   1.2    MM   4.3 191 1019.0  29.0  29.0  25.6   MM   MM    MM
2026 07 08 15 00 240  7.0  8.0    MM    MM    MM  MM 1018.8  29.0  29.0  25.5   MM +0.8    MM
2026 07 08 14 50 240  7.0  8.0   1.2     6   4.4 190 1018.8  29.0  29.0  25.5   MM   MM    MM
2026 07 08 14 40 240  7.0  9.0   1.2    MM   4.4 190 1018.8  29.0  29.0  25.6   MM   MM    MM
2026 07 08 14 30 250  7.0  9.0    MM    MM    MM  MM 1018.7  28.9  29.0  25.5   MM   MM    MM
2026 07 08 14 20 250  7.0  9.0   1.3     5   4.4 192 1018.8  28.9  29.0  25.7   MM   MM    MM
2026 07 08 14 10 250  7.0  8.0   1.3    MM   4.4 192 1018.7  29.0  29.0  25.5   MM   MM    MM
2026 07 08 14 00 240  8.0  9.0    MM    MM    MM  MM 1018.6  29.0  29.0  25.5   MM +0.9    MM
2026 07 08 13 50 250  8.0  9.0   1.3     6   4.6 197 1018.5  28.9  29.0  25.2   MM   MM    MM
2026 07 08 13 40 250  8.0  9.0    MM    MM    MM  MM 1018.5  28.9  29.0  25.3   MM   MM    MM
2026 07 08 13 30 250  8.0  9.0    MM    MM    MM  MM 1018.5  29.0  29.0  25.5   MM   MM    MM
2026 07 08 13 20 250  8.0  9.0   1.3     5   4.3 198 1018.4  29.0  29.0  25.3   MM   MM    MM
2026 07 08 13 10 240  8.0  9.0   1.3    MM   4.3 198 1018.3  28.9  29.0  25.4   MM   MM    MM
2026 07 08 13 00 240  8.0 10.0    MM    MM    MM  MM 1018.4  28.9  29.0  25.6   MM +1.1    MM
2026 07 08 12 50 250  8.0 10.0   1.3     6   4.5 202 1018.3  29.0  28.9  25.8   MM   MM    MM
2026 07 08 12 40 250  8.0 10.0    MM    MM    MM  MM 1018.1  29.1  28.9  25.6   MM   MM    MM
2026 07 08 12 30 250  8.0 10.0    MM    MM    MM  MM 1018.0  29.1  28.9  25.4   MM   MM    MM
2026 07 08 12 20 240  8.0 10.0   1.2     6   4.5 200 1017.9  29.2  28.9  25.3   MM   MM    MM
2026 07 08 12 10 250  8.0 10.0    MM    MM    MM  MM 1018.0  29.1  28.9  25.2   MM   MM    MM
2026 07 08 12 00 240  8.0  9.0    MM    MM    MM  MM 1018.0  29.1  28.9  25.5   MM +0.8    MM
2026 07 08 11 50 240  7.0  8.0   1.2     6   4.4 211 1017.9  29.1  29.0  25.7   MM   MM    MM
2026 07 08 11 40 240  7.0  9.0   1.2    MM   4.4 211 1017.8  29.1  29.0  25.9   MM   MM    MM
2026 07 08 11 30 240  7.0  9.0    MM    MM    MM  MM 1017.9  29.1  29.0  25.9   MM   MM    MM
2026 07 08 11 20 240  7.0  9.0   1.3     5   4.5 195 1017.9  29.1    MM  25.9   MM   MM    MM
2026 07 08 11 10 240  7.0  9.0   1.3    MM   4.5 195 1017.7  29.1  29.0  26.1   MM   MM    MM
2026 07 08 11 00 240  7.0  9.0    MM    MM    MM  MM 1017.7  29.1  29.0  26.1   MM +0.7    MM
2026 07 08 10 50 240  8.0  9.0   1.4     5   4.5 210 1017.6  29.0  29.0  26.1   MM   MM    MM
2026 07 08 10 40 240  7.0  9.0    MM    MM    MM  MM 1017.5  29.1  29.0  26.3   MM   MM    MM
2026 07 08 10 30 240  7.0  9.0    MM    MM    MM  MM 1017.6  29.2  29.0  26.3   MM   MM    MM
2026 07 08 10 20 240  7.0  9.0   1.3     6   4.4 210 1017.6  29.1  29.0  26.2   MM   MM    MM
2026 07 08 10 10 240  8.0  9.0   1.3    MM   4.4 210 1017.4  29.0  29.0  26.5   MM   MM    MM
2026 07 08 10 00 230  8.0 10.0    MM    MM    MM  MM 1017.3  28.9  29.0  26.8   MM +0.4    MM
2026 07 08 09 50 230  8.0 10.0   1.4     6   4.4 213 1017.3  28.9  29.0  27.0   MM   MM    MM
2026 07 08 09 40 230  8.0 10.0    MM    MM    MM  MM 1017.2  28.9  29.0  27.1   MM   MM    MM
2026 07 08 09 30 230  8.0 10.0    MM    MM    MM  MM 1017.2  28.9  29.0  27.1   MM   MM    MM
2026 07 08 09 20 230  9.0 11.0   1.5     6   4.5 216 1017.2  28.9  29.0  27.1   MM   MM    MM
2026 07 08 09 10 230  9.0 10.0    MM    MM    MM  MM 1017.1  28.9  29.0  26.9   MM   MM    MM
2026 07 08 09 00 230  8.0 10.0    MM    MM    MM  MM 1017.2  28.9  29.0  26.9   MM +0.0    MM
2026 07 08 08 50 230  8.0 11.0   1.4     5   4.4 203 1017.3  28.9  29.0  26.8   MM   MM    MM
2026 07 08 08 40 230  8.0 10.0    MM    MM    MM  MM 1017.2  28.9  29.0  26.7   MM   MM    MM
2026 07 08 08 30 230  9.0 10.0    MM    MM    MM  MM 1017.1  28.9  29.0  26.6   MM   MM    MM
2026 07 08 08 20 230  9.0 11.0   1.4     6   4.4 216 1017.1  28.9  29.0  26.5   MM   MM    MM
2026 07 08 08 10 230  9.0 12.0   1.4    MM   4.4 216 1017.1  28.9  29.0  26.4   MM   MM    MM
2026 07 08 08 00 230  9.0 11.0    MM    MM    MM  MM 1017.0  28.9  29.0  26.4   MM +0.0    MM
2026 07 08 07 50 230  9.0 11.0   1.5     5   4.3 213 1017.2  28.9  29.0  26.4   MM   MM    MM
2026 07 08 07 40 230  9.0 11.0    MM    MM    MM  MM 1017.0  28.9  29.0  26.4   MM   MM    MM
2026 07 08 07 30 230  9.0 10.0    MM    MM    MM  MM 1017.0  28.9  29.0  26.4   MM   MM    MM
2026 07 08 07 20 230  9.0 11.0   1.5     5   4.4 211 1017.1  28.9  29.0  26.3   MM   MM    MM
2026 07 08 07 10 230  9.0 11.0    MM    MM    MM  MM 1016.9  28.9  29.0  26.2   MM   MM    MM
2026 07 08 07 00 230  9.0 11.0    MM    MM    MM  MM 1016.9  28.8    MM  26.1   MM -0.7    MM
2026 07 08 06 50 220  9.0 11.0   1.4    MM   4.2 216 1016.9    MM  29.0    MM   MM   MM    MM
2026 07 08 06 40 230 10.0 12.0   1.4    MM   4.2 216 1016.9  28.9    MM  26.1   MM   MM    MM
2026 07 08 06 30 220 10.0 12.0    MM    MM    MM  MM 1016.9  28.9    MM  26.0   MM   MM    MM
2026 07 08 06 20 220  9.0 11.0   1.5     5   4.3 219 1016.9  28.9  29.0  26.3   MM   MM    MM
2026 07 08 06 10 220  9.0 11.0   1.5    MM   4.3 219 1017.0  28.9  29.0  26.4   MM   MM    MM
2026 07 08 06 00 220 10.0 12.0    MM    MM    MM  MM 1017.0  29.0    MM  26.4   MM -0.8    MM
2026 07 08 05 50 220 10.0 12.0   1.4     5   4.2 210 1017.0  29.0  29.0  26.2   MM   MM    MM
2026 07 08 05 40 220 11.0 13.0    MM    MM    MM  MM 1016.9  29.0  29.0  26.1   MM   MM    MM
2026 07 08 05 30 220 10.0 12.0    MM    MM    MM  MM 1017.0  29.1  29.0  26.3   MM   MM    MM
2026 07 08 05 20 220 11.0 13.0   1.3     5   4.1 213 1017.0  29.1  29.0  25.9   MM   MM    MM
2026 07 08 05 10 210 10.0 12.0   1.3    MM   4.1 213 1017.1  29.1    MM  25.9   MM   MM    MM
2026 07 08 05 00 210 10.0 12.0    MM    MM    MM  MM 1017.1  29.1  29.0  25.9   MM +0.0    MM
2026 07 08 04 50 210 10.0 12.0   1.2     5   4.0 208 1017.2  29.1  29.1  25.9   MM   MM    MM
2026 07 08 04 40 210 10.0 12.0    MM    MM    MM  MM 1017.1  29.1  29.1  25.7   MM   MM    MM
2026 07 08 04 30 210  9.0 11.0    MM    MM    MM  MM 1017.2  29.2  29.1  25.8   MM   MM    MM
2026 07 08 04 20 210 10.0 12.0   1.3     5   4.1 208 1017.4  29.2  29.1  25.6   MM   MM    MM
2026 07 08 04 10 210 10.0 12.0   1.3    MM   4.1 208 1017.4  29.1  29.1  25.6   MM   MM    MM
2026 07 08 04 00 210 10.0 12.0    MM    MM    MM  MM 1017.6  29.2  29.1  25.8   MM +1.2    MM
2026 07 08 03 50 210  9.0 11.0   1.4     5   4.2 209 1017.6  29.1  29.1  25.8   MM   MM    MM
2026 07 08 03 40 210 10.0 12.0    MM    MM    MM  MM 1017.7  29.2  29.1  26.0   MM   MM    MM
2026 07 08 03 30 210 10.0 12.0    MM    MM    MM  MM 1017.7  29.2  29.1  25.9   MM   MM    MM
2026 07 08 03 20 210 10.0 12.0   1.2     5   4.0 214 1017.6  29.2  29.1  25.7   MM   MM    MM
2026 07 08 03 10 210 10.0 11.0    MM    MM    MM  MM 1017.8  29.2  29.1  25.7   MM   MM    MM
2026 07 08 03 00 210  9.0 11.0    MM    MM    MM  MM 1017.8  29.2  29.1  25.7   MM +1.4    MM
2026 07 08 02 50 210  9.0 11.0   1.2     5   4.1 204 1017.7  29.1  29.1  25.7   MM   MM    MM
2026 07 08 02 40 210  9.0 12.0   1.2    MM   4.1 204 1017.7  29.2  29.1  25.9   MM   MM    MM
2026 07 08 02 30 210 10.0 12.0    MM    MM    MM  MM 1017.6  29.1  29.1  25.7   MM   MM    MM
2026 07 08 02 20 210  9.0 11.0   1.2     5   4.0 208 1017.5  29.2  29.1  25.9   MM   MM    MM
2026 07 08 02 10 210  9.0 11.0   1.2    MM   4.0 208 1017.3  29.2  29.1  25.8   MM   MM    MM
2026 07 08 02 00 210  9.0 11.0    MM    MM    MM  MM 1017.2  29.1  29.1  25.7   MM +1.0    MM
2026 07 08 01 50 210  9.0 11.0   1.2     5   4.1 206 1017.0  29.1  29.1  25.8   MM   MM    MM
2026 07 08 01 40 210  9.0 12.0    MM    MM    MM  MM 1016.9  29.0  29.2  25.8   MM   MM    MM
2026 07 08 01 30 200  9.0 11.0    MM    MM    MM  MM 1016.8  29.0  29.2  25.9   MM   MM    MM
2026 07 08 01 20 200  9.0 11.0   1.1     5   3.9 203 1016.8  29.0  29.2  26.0   MM   MM    MM
2026 07 08 01 10 200  9.0 11.0   1.1    MM   3.9 203 1016.7  29.0  29.2  25.9   MM   MM    MM
2026 07 08 01 00 200  9.0 11.0    MM    MM    MM  MM 1016.4  29.1  29.2  25.9   MM -0.3    MM
2026 07 08 00 50 200  9.0 11.0   1.1     5   3.9 208 1016.4  29.0  29.2  25.5   MM   MM    MM
2026 07 08 00 40 200  9.0 11.0    MM    MM    MM  MM 1016.4  29.1  29.2  25.6   MM   MM    MM
2026 07 08 00 30 210  9.0 11.0    MM    MM    MM  MM 1016.4  29.0  29.2  25.5   MM   MM    MM
2026 07 08 00 20 200  9.0 11.0   1.1     5   3.8 202 1016.3  28.9  29.2  25.7   MM   MM    MM
2026 07 08 00 10 200 10.0 11.0    MM    MM    MM  MM 1016.4  28.8  29.2  25.8   MM   MM    MM
2026 07 08 00 00 200 10.0 12.0    MM    MM    MM  MM 1016.4  28.8  29.2  26.0   MM -0.6    MM
2026 07 07 23 50 200 10.0 12.0   1.1     5   3.8 210 1016.3  28.9  29.2  26.0   MM   MM    MM
2026 07 07 23 40 200 10.0 12.0    MM    MM    MM  MM 1016.1  28.9  29.2  25.9   MM   MM    MM
2026 07 07 23 10 200 10.0 12.0   1.0    MM   3.9 214 1016.1  28.7  29.2  25.9   MM   MM    MM
2026 07 07 23 00 200  9.0 11.0    MM    MM    MM  MM 1016.2  28.8  29.2  26.1   MM +0.0    MM
2026 07 07 22 40 200  9.0 11.0    MM    MM    MM  MM 1016.3  28.8  29.2  26.0   MM   MM    MM
2026 07 07 22 30 200  8.0 10.0    MM    MM    MM  MM 1016.2  28.8  29.2  26.0   MM   MM    MM
2026 07 07 22 20 200  8.0 10.0   1.0     4   3.9 205 1016.5  28.8  29.2  25.9   MM   MM    MM
2026 07 07 22 10 210  9.0 10.0   1.0    MM   3.9 205 1016.5  28.8  29.2  25.8   MM   MM    MM
2026 07 07 22 00 210  8.0 10.0    MM    MM    MM  MM 1016.7  28.8  29.2  25.7   MM -0.4    MM
2026 07 07 21 50 210  8.0 10.0   1.0     5   3.9 201 1016.7  28.9  29.2  25.7   MM   MM    MM
2026 07 07 21 40 210  8.0  9.0   1.0    MM   3.9 201 1016.8  28.8  29.2  25.5   MM   MM    MM
2026 07 07 21 30 200  8.0  9.0    MM    MM    MM  MM 1016.7  28.9  29.2  25.7   MM   MM    MM
2026 07 07 21 20 200  8.0  9.0   1.0     5   3.9 213 1016.8  28.9  29.2  25.7   MM   MM    MM
2026 07 07 21 10 200  8.0  9.0    MM    MM    MM  MM 1016.8  28.9  29.2  25.7   MM   MM    MM
2026 07 07 21 00 200  8.0  9.0    MM    MM    MM  MM 1017.0  28.9  29.2  25.6   MM -0.6    MM
2026 07 07 20 50 210  7.0  9.0   1.1     5   4.0 204 1017.3  29.0  29.2  25.7   MM   MM    MM
2026 07 07 20 40 210  8.0  9.0    MM    MM    MM  MM 1017.1  28.9  29.2  25.4   MM   MM    MM
2026 07 07 20 30 210  8.0  9.0    MM    MM    MM  MM 1017.1  29.0  29.2  25.6   MM   MM    MM
2026 07 07 20 20 210  8.0 10.0   1.0     5   4.0 205 1016.8  28.9    MM  25.2   MM   MM    MM
2026 07 07 20 10 200  9.0 10.0   1.0    MM   4.0 205 1016.4  28.8  29.2  25.6   MM   MM    MM
2026 07 07 20 00 200  9.0 10.0    MM    MM    MM  MM 1016.3  28.8  29.2  25.5   MM -1.9    MM
2026 07 07 19 50 210  8.0 10.0   1.0     5   3.9 201 1016.7  28.8  29.2  25.5   MM   MM    MM
2026 07 07 19 40 210  8.0 10.0    MM    MM    MM  MM 1016.9  28.8  29.1  25.5   MM   MM    MM
2026 07 07 19 30 210  8.0 10.0    MM    MM    MM  MM 1017.2  28.9  29.1  25.7   MM   MM    MM
2026 07 07 19 20 220  8.0 10.0   1.0     5   4.0 202 1017.3  28.8    MM  25.6   MM   MM    MM
2026 07 07 19 10 210  8.0 10.0   1.0    MM   4.0 202 1017.2  28.8  29.2  25.8   MM   MM    MM
2026 07 07 19 00 210  8.0  9.0    MM    MM    MM  MM 1017.1  28.8  29.1  25.9   MM -1.4    MM
2026 07 07 18 50 210  8.0 10.0   1.0     6   4.1 204 1016.9  28.7  29.1  25.6   MM   MM    MM
2026 07 07 18 40 210  8.0  9.0    MM    MM    MM  MM 1016.9  28.7  29.2  25.8   MM   MM    MM
2026 07 07 18 30 220  8.0  9.0    MM    MM    MM  MM 1017.1  28.8  29.1  25.9   MM   MM    MM
2026 07 07 18 20 210  8.0  9.0   1.0     6   4.0 205 1017.2  28.8  29.2  25.9   MM   MM    MM
2026 07 07 18 10 220  8.0  9.0    MM    MM    MM  MM 1017.4  28.8  29.1  25.7   MM   MM    MM
2026 07 07 18 00 220  8.0  9.0    MM    MM    MM  MM 1017.6  28.8  29.1  25.7   MM -1.2    MM
2026 07 07 17 50 220  8.0  9.0   1.1     5   4.1 207 1017.7  28.9  29.1  25.7   MM   MM    MM
2026 07 07 17 40 220  7.0  8.0    MM    MM    MM  MM 1017.9  28.8  29.1  25.4   MM   MM    MM
2026 07 07 17 30 220  7.0  8.0    MM    MM    MM  MM 1018.0  28.9  29.1  25.4   MM   MM    MM
2026 07 07 17 20 220  7.0  8.0   1.1     5   4.2 196 1018.0  28.8  29.1  25.4   MM   MM    MM
2026 07 07 17 10 220  7.0  8.0   1.1    MM   4.2 196 1018.0  28.8  29.1  25.5   MM   MM    MM
2026 07 07 17 00 220  6.0  7.0    MM    MM    MM  MM 1018.2  28.8  29.0  25.5   MM -0.4    MM
2026 07 07 16 50 220  6.0  7.0   1.1     6   4.2 191 1018.2  28.8  29.0  25.5   MM   MM    MM
2026 07 07 16 40 230  7.0  8.0    MM    MM    MM  MM 1018.3  28.8  29.0  25.3   MM   MM    MM
2026 07 07 16 30 230  7.0  8.0    MM    MM    MM  MM 1018.4  28.8  29.0  25.3   MM   MM    MM
2026 07 07 16 20 220  7.0  8.0   1.1     6   4.3 195 1018.3  28.8  29.0  25.5   MM   MM    MM
2026 07 07 16 10 230  7.0  8.0   1.1    MM   4.3 195 1018.4  28.8  29.0  25.4   MM   MM    MM
2026 07 07 16 00 230  6.0  8.0    MM    MM    MM  MM 1018.5  28.8  29.0  25.5   MM +0.3    MM
2026 07 07 15 50 230  7.0  8.0   1.1     6   4.3 197 1018.5  28.8  29.0  25.4   MM   MM    MM
2026 07 07 15 40 230  7.0  8.0    MM    MM    MM  MM 1018.8  28.9  29.0  25.6   MM   MM    MM
2026 07 07 15 30 240  6.0  7.0    MM    MM    MM  MM 1018.8  28.9  29.0  25.4   MM   MM    MM
2026 07 07 15 20 240  7.0  8.0   1.1     6   4.3 189 1018.9  28.9  29.0  25.4   MM   MM    MM
2026 07 07 15 10 240  7.0  8.0   1.1    MM   4.3 189 1018.8  28.9  28.9  25.4   MM   MM    MM
2026 07 07 15 00 240  7.0  8.0    MM    MM    MM  MM 1018.8  28.9  28.9  25.3   MM +1.1    MM
2026 07 07 14 50 240  7.0  8.0   1.2     6   4.4 199 1018.6  28.8  28.9  25.2   MM   MM    MM
2026 07 07 14 40 240  7.0  8.0    MM    MM    MM  MM 1018.6  28.8  28.9  25.4   MM   MM    MM
2026 07 07 14 30 240  7.0  8.0    MM    MM    MM  MM 1018.5  28.8  28.9  25.5   MM   MM    MM
2026 07 07 14 20 240  7.0  8.0   1.3     5   4.5 207 1018.6  28.8  28.9  25.5   MM   MM    MM
2026 07 07 14 10 240  7.0  8.0   1.3    MM   4.5 207 1018.6  28.8  28.9  25.6   MM   MM    MM
2026 07 07 14 00 240  7.0  8.0    MM    MM    MM  MM 1018.6  28.9  28.9  25.7   MM +1.3    MM
2026 07 07 13 50 240  7.0  8.0   1.3     6   4.5 207 1018.5  28.9  28.9  25.6   MM   MM    MM
2026 07 07 13 40 250  7.0  8.0    MM    MM    MM  MM 1018.4  28.9  28.9  25.5   MM   MM    MM
2026 07 07 13 30 250  7.0  9.0    MM    MM    MM  MM 1018.4  29.0  28.9  25.5   MM   MM    MM
2026 07 07 13 20 240  7.0  8.0   1.3     6   4.4 191 1018.3  28.9  28.9  25.4   MM   MM    MM
2026 07 07 13 10 250  7.0  9.0    MM    MM    MM  MM 1018.3  29.0  28.9  25.5   MM   MM    MM
2026 07 07 13 00 250  8.0  9.0    MM    MM    MM  MM 1018.2  28.9  28.9  25.5   MM +1.4    MM
2026 07 07 12 50 250  8.0  9.0   1.3     6   4.4 205 1017.9  29.0  28.9  25.7   MM   MM    MM
2026 07 07 12 40 250  7.0  9.0    MM    MM    MM  MM 1017.9  29.1  28.9  25.8   MM   MM    MM
2026 07 07 12 30 250  8.0  9.0    MM    MM    MM  MM 1017.8  29.1  28.9  25.7   MM   MM    MM
2026 07 07 12 20 250  8.0  9.0   1.3     6   4.4 207 1017.7  29.0  28.9  25.6   MM   MM    MM
2026 07 07 12 10 250  7.0  9.0   1.3    MM   4.4 207 1017.7  29.0  28.9  25.7   MM   MM    MM
2026 07 07 12 00 250  7.0  9.0    MM    MM    MM  MM 1017.7  29.0  28.9  25.8   MM +1.6    MM
2026 07 07 11 50 250  8.0 10.0   1.5     6   4.6 198 1017.6  28.8  28.9  25.9   MM   MM    MM
2026 07 07 11 40 240  7.0  9.0    MM    MM    MM  MM 1017.6  28.8  28.9  26.4   MM   MM    MM
2026 07 07 11 30 240  8.0  9.0    MM    MM    MM  MM 1017.6  28.7  28.9  26.4   MM   MM    MM
2026 07 07 11 20 240  8.0  9.0   1.4     5   4.5 197 1017.4  28.8  28.9  26.5   MM   MM    MM
2026 07 07 11 10 230  8.0  9.0   1.4    MM   4.5 197 1017.3  28.7  28.9  26.4   MM   MM    MM
2026 07 07 11 00 230  8.0  9.0    MM    MM    MM  MM 1017.3  28.7  28.9  26.4   MM +1.4    MM
2026 07 07 10 50 240  7.0  8.0   1.4     6   4.5 184 1017.3  28.6  28.9  26.1   MM   MM    MM
2026 07 07 10 40 240  7.0 10.0    MM    MM    MM  MM 1017.2  28.7  28.9  26.4   MM   MM    MM
2026 07 07 10 30 240  8.0 10.0    MM    MM    MM  MM 1017.1  28.7  28.9  26.4   MM   MM    MM
2026 07 07 10 20 230  8.0 11.0   1.6     6   4.6 194 1017.1  28.7  28.9  26.4   MM   MM    MM
2026 07 07 10 10 230  9.0 11.0    MM    MM    MM  MM 1017.0  28.7  28.9  26.3   MM   MM    MM
2026 07 07 10 00 230  9.0 11.0    MM    MM    MM  MM 1016.8  28.7  28.9  26.3   MM +0.7    MM
2026 07 07 09 50 230  9.0 11.0   1.7     6   4.8 196 1016.6  28.7  28.9  26.2   MM   MM    MM
2026 07 07 09 40 230  9.0 11.0   1.7    MM   4.8 196 1016.5  28.6  28.9  26.0   MM   MM    MM
2026 07 07 09 30 230  9.0 11.0    MM    MM    MM  MM 1016.5  28.6  28.9  26.0   MM   MM    MM
2026 07 07 09 20 230  9.0 11.0   1.7     6   4.7 212 1016.3  28.6  28.9  26.1   MM   MM    MM
2026 07 07 09 10 230  9.0 11.0   1.7    MM   4.7 212 1016.3  28.6  28.9  26.0   MM   MM    MM
2026 07 07 09 00 220  9.0 11.0    MM    MM    MM  MM 1016.1  28.6  28.9  26.0   MM +0.0    MM
2026 07 07 08 50 220  9.0 11.0   1.5     6   4.5 195 1015.9  28.6  28.8  25.9   MM   MM    MM
2026 07 07 08 40 220  9.0 11.0    MM    MM    MM  MM 1015.7  28.7  28.8  26.0   MM   MM    MM
2026 07 07 08 30 230  9.0 11.0    MM    MM    MM  MM 1015.9  28.7  28.8  25.9   MM   MM    MM
2026 07 07 08 20 230  9.0 10.0   1.5     6   4.5 195 1015.9  28.7  28.8  25.9   MM   MM    MM
2026 07 07 08 10 230 10.0 11.0   1.5    MM   4.5 195 1015.9  28.7  28.8  25.8   MM   MM    MM
2026 07 07 08 00 220  9.0 11.0    MM    MM    MM  MM 1015.9  28.8  28.8  26.0   MM -1.0    MM
2026 07 07 07 50 220 10.0 11.0   1.6     6   4.7 206 1015.8  28.8  28.8  25.7   MM   MM    MM
2026 07 07 07 40 220 10.0 11.0    MM    MM    MM  MM 1015.8  28.8  28.8  25.5   MM   MM    MM
2026 07 07 07 30 220  9.0 11.0    MM    MM    MM  MM 1015.9  28.8  28.9  25.6   MM   MM    MM
2026 07 07 07 20 220  9.0 11.0   1.6     5   4.5 200 1016.0  28.8  28.9  25.5   MM   MM    MM
2026 07 07 07 10 210  9.0 11.0   1.6    MM   4.5 200 1016.0  28.8  28.9  25.6   MM   MM    MM
2026 07 07 07 00 220  9.0 10.0    MM    MM    MM  MM 1016.1  28.8  28.9  25.5   MM -0.4    MM
2026 07 07 06 50 220  9.0 11.0   1.3     6   4.2 200 1016.0  28.8  28.9  25.6   MM   MM    MM
2026 07 07 06 40 220  9.0 11.0    MM    MM    MM  MM 1016.0  28.8  28.9  25.6   MM   MM    MM
2026 07 07 06 30 220 10.0 11.0    MM    MM    MM  MM 1016.1  28.7  28.9  25.5   MM   MM    MM
2026 07 07 06 20 220 10.0 12.0   1.4     5   4.3 203 1016.1  28.7  28.9  25.8   MM   MM    MM
2026 07 07 06 10 220 10.0 13.0   1.4    MM   4.3 203 1016.1  28.7  28.9  25.8   MM   MM    MM
2026 07 07 06 00 220 10.0 12.0    MM    MM    MM  MM 1016.3  28.8  28.9  25.8   MM -0.3    MM
2026 07 07 05 50 210  9.0 12.0   1.3     5   4.3 207 1016.5  29.0  28.9  25.6   MM   MM    MM
2026 07 07 05 40 210  9.0 11.0    MM    MM    MM  MM 1016.6  29.0  28.9  25.7   MM   MM    MM
2026 07 07 05 30 210  8.0 11.0    MM    MM    MM  MM 1016.7  29.1  28.9  26.5   MM   MM    MM
2026 07 07 05 20 200  8.0 10.0   1.5     5   4.3 204 1016.7  29.1  28.9  26.5   MM   MM    MM
2026 07 07 05 10 200  9.0 11.0   1.5    MM   4.3 204 1016.8  29.1  28.9  26.5   MM   MM    MM
2026 07 07 05 00 210  9.0 11.0    MM    MM    MM  MM 1016.9  29.1  28.9  26.6   MM +0.4    MM
2026 07 07 04 50 210 10.0 12.0   1.5     5   4.2 198 1016.8  29.2  28.9  26.5   MM   MM    MM
2026 07 07 04 40 200 10.0 11.0    MM    MM    MM  MM 1016.8  29.2  28.9  26.3   MM   MM    MM
2026 07 07 04 30 200 10.0 11.0    MM    MM    MM  MM 1016.7  29.2  28.9  26.3   MM   MM    MM
2026 07 07 04 20 200 10.0 12.0   1.3     5   4.1 201 1016.7  29.2  28.9  26.2   MM   MM    MM
2026 07 07 04 10 200  9.0 11.0   1.3    MM   4.1 201 1016.5  29.2  28.9  26.3   MM   MM    MM
2026 07 07 04 00 200  9.0 12.0    MM    MM    MM  MM 1016.5  29.2  28.9  26.2   MM +0.0    MM
2026 07 07 03 50 200 10.0 12.0   1.4     5   4.2 201 1016.5  29.3  28.9  26.2   MM   MM    MM
2026 07 07 03 40 200 10.0 12.0    MM    MM    MM  MM 1016.5  29.3  28.9  26.2   MM   MM    MM
2026 07 07 03 30 200 10.0 13.0    MM    MM    MM  MM 1016.5  29.3  28.9  26.1   MM   MM    MM
2026 07 07 03 20 200 10.0 12.0   1.3     5   4.0 198 1016.5  29.3  28.9  26.2   MM   MM    MM
2026 07 07 03 10 200 11.0 12.0   1.3    MM   4.0 198 1016.7  29.3  28.9  26.1   MM   MM    MM
2026 07 07 03 00 200 10.0 11.0    MM    MM    MM  MM 1016.6  29.3  28.9  26.2   MM +0.6    MM
2026 07 07 02 50 200 10.0 12.0   1.4     5   4.0 203 1016.6  29.3  29.0  26.0   MM   MM    MM
2026 07 07 02 40 200 10.0 12.0    MM    MM    MM  MM 1016.6  29.3  29.0  26.0   MM   MM    MM
2026 07 07 02 30 200 10.0 12.0    MM    MM    MM  MM 1016.6  29.3  29.0  26.1   MM   MM    MM
2026 07 07 02 20 190 10.0 12.0   1.3     5   4.0 196 1016.6  29.3  29.0  26.0   MM   MM    MM
2026 07 07 02 10 200  9.0 11.0   1.3    MM   4.0 196 1016.5  29.3  29.0  25.9   MM   MM    MM
2026 07 07 02 00 200 10.0 13.0    MM    MM    MM  MM 1016.5  29.3  29.0  25.7   MM +1.3    MM
2026 07 07 01 50 200 10.0 13.0   1.2     5   3.9 204 1016.4  29.3  29.0  25.8   MM   MM    MM
2026 07 07 01 40 200 10.0 12.0    MM    MM    MM  MM 1016.2  29.3  29.0  25.8   MM   MM    MM
2026 07 07 01 30 190 11.0 13.0    MM    MM    MM  MM 1016.0  29.3  29.0  25.7   MM   MM    MM
2026 07 07 01 20 190 11.0 13.0   1.1     4   3.8 198 1016.0  29.3  29.0  25.8   MM   MM    MM
2026 07 07 01 10 190 10.0 13.0   1.1    MM   3.8 198 1016.3  29.4  29.0  25.8   MM   MM    MM
2026 07 07 01 00 190 11.0 13.0    MM    MM    MM  MM 1016.4  29.3  29.0  25.5   MM +1.0    MM
2026 07 07 00 50 190 10.0 12.0   1.1     5   3.9 199 1016.2  29.3  29.0  25.7   MM   MM    MM
2026 07 07 00 40 190 10.0 12.0   1.1    MM   3.9 199 1015.8  29.3  29.0  25.6   MM   MM    MM
2026 07 07 00 30 190 10.0 12.0    MM    MM    MM  MM 1015.9  29.2  29.0  25.4   MM   MM    MM
2026 07 07 00 20 190 10.0 13.0   1.1     5   3.9 203 1016.1  29.2  29.0  25.6   MM   MM    MM
2026 07 07 00 10 190 10.0 12.0   1.1    MM   3.9 203 1015.8  29.3  29.1  25.6   MM   MM    MM
2026 07 07 00 00 190 10.0 12.0    MM    MM    MM  MM 1016.0  29.2  29.1  25.3   MM +0.6    MM
2026 07 06 23 50 190  9.0 11.0   1.0     5   4.0 210 1016.1  29.2  29.1  25.3   MM   MM    MM
2026 07 06 23 40 190 10.0 11.0   1.0    MM   4.0 210 1016.0  29.2  29.1  25.2   MM   MM    MM
2026 07 06 23 30 190 10.0 12.0    MM    MM    MM  MM 1015.7  29.1  29.1  25.3   MM   MM    MM
2026 07 06 23 20 190  9.0 10.0   1.0     5   3.9 205 1015.5  29.1  29.1  25.6   MM   MM    MM
2026 07 06 23 10 190  9.0 11.0   1.0    MM   3.9 205 1015.2  29.1  29.1  25.6   MM   MM    MM
2026 07 06 23 00 190  9.0 10.0    MM    MM    MM  MM 1015.2  29.1  29.1  25.6   MM +0.0    MM
2026 07 06 22 50 190  9.0 10.0   1.1     6   4.0 189 1015.2  29.1  29.1  25.5   MM   MM    MM
2026 07 06 22 40 190  9.0 11.0    MM    MM    MM  MM 1014.8  29.1  29.1  25.6   MM   MM    MM
2026 07 06 22 30 190  9.0 11.0    MM    MM    MM  MM 1014.9  29.1  29.1  25.4   MM   MM    MM
2026 07 06 22 20 190  9.0 10.0   1.1     5   4.0 186 1015.2  29.1  29.1  25.4   MM   MM    MM
2026 07 06 22 10 200  9.0 10.0   1.1    MM   4.0 186 1015.2  29.0  29.1  25.4   MM   MM    MM
2026 07 06 22 00 200  9.0 10.0    MM    MM    MM  MM 1015.4  29.0  29.1  25.5   MM -0.4    MM
2026 07 06 21 50 200  8.0 10.0   1.0     5   4.1 204 1015.5  28.9  29.1  25.7   MM   MM    MM
2026 07 06 21 40 200  8.0 10.0    MM    MM    MM  MM 1015.3  28.9  29.1  26.0   MM   MM    MM
2026 07 06 21 30 190  8.0 10.0    MM    MM    MM  MM 1015.3  28.9  29.2  26.0   MM   MM    MM
2026 07 06 21 20 200  8.0  9.0   1.1     5   4.3 202 1015.2  28.8  29.1  25.9   MM   MM    MM
2026 07 06 21 10 200  7.0  9.0   1.1    MM   4.3 202 1015.4  28.8  29.2  26.0   MM   MM    MM
2026 07 06 21 00 200  8.0  9.0    MM    MM    MM  MM 1015.4  28.8  29.2  26.0   MM -0.9    MM
2026 07 06 20 50 200  8.0 10.0   1.1     6   4.2 197 1015.2  28.8    MM  26.0   MM   MM    MM
2026 07 06 20 40 200  7.0  9.0    MM    MM    MM  MM 1015.0  28.7  29.2  25.9   MM   MM    MM
2026 07 06 20 30 200  7.0  8.0    MM    MM    MM  MM 1015.2  28.8  29.2  26.0   MM   MM    MM
2026 07 06 20 20 200  8.0  9.0   1.1     5   4.1 213 1015.3  28.7  29.2  25.9   MM   MM    MM
2026 07 06 20 10 200  7.0  9.0   1.1    MM   4.1 213 1015.3  28.8  29.1  26.0   MM   MM    MM
2026 07 06 20 00 210  7.0  9.0    MM    MM    MM  MM 1015.3  28.9    MM  25.9   MM -1.5    MM
2026 07 06 19 50 210  7.0  9.0   1.1     6   4.3 205 1015.4  28.9  29.1  25.6   MM   MM    MM
2026 07 06 19 40 220  8.0  9.0    MM    MM    MM  MM 1015.5  28.9  29.1  25.6   MM   MM    MM
2026 07 06 19 30 210  7.0  8.0    MM    MM    MM  MM 1015.6  28.8  29.0  25.5   MM   MM    MM
2026 07 06 19 20 210  7.0  8.0   1.1     6   4.2 201 1015.6  29.0    MM  25.8   MM   MM    MM
2026 07 06 19 10 220  7.0  9.0   1.1    MM   4.2 201 1015.8  28.9  29.0  25.3   MM   MM    MM
2026 07 06 19 00 220  7.0  9.0    MM    MM    MM  MM 1015.8  28.9    MM  25.6   MM -1.4    MM
2026 07 06 18 50 210  7.0  8.0   1.1     5   4.2 208 1015.9  28.9  29.0  25.6   MM   MM    MM
2026 07 06 18 40 220  7.0  8.0    MM    MM    MM  MM 1016.1  28.9  29.0  25.5   MM   MM    MM
2026 07 06 18 30 220  7.0  8.0    MM    MM    MM  MM 1016.1  28.9  29.0  25.6   MM   MM    MM
2026 07 06 18 20 230  7.0  9.0   1.1     6   4.3 198 1016.2  29.0  29.0  25.7   MM   MM    MM
2026 07 06 18 10 230  7.0  9.0   1.1    MM   4.3 198 1016.2  28.9  29.0  25.4   MM   MM    MM
2026 07 06 18 00 230  7.0  8.0    MM    MM    MM  MM 1016.3  29.0  28.9  25.5   MM -1.1    MM
2026 07 06 17 50 230  8.0  9.0   1.1     6   4.3 200 1016.4  28.9  28.9  25.0   MM   MM    MM
2026 07 06 17 40 230  7.0  9.0    MM    MM    MM  MM 1016.5  28.9  28.9  25.3   MM   MM    MM
2026 07 06 17 30 230  7.0  9.0    MM    MM    MM  MM 1016.6  28.9  28.9  25.3   MM   MM    MM
2026 07 06 17 20 230  7.0  8.0   1.1     5   4.2 205 1016.6  28.9  28.9  25.4   MM   MM    MM
2026 07 06 17 10 230  7.0  8.0   1.1    MM   4.2 205 1016.8  28.8  28.9  25.3   MM   MM    MM
2026 07 06 17 00 230  7.0  8.0    MM    MM    MM  MM 1016.8  28.9  28.8  25.7   MM -0.6    MM
2026 07 06 16 50 230  7.0  8.0   1.2     6   4.4 216 1016.8  28.9  28.8  25.7   MM   MM    MM
2026 07 06 16 40 240  7.0  8.0    MM    MM    MM  MM 1016.9  28.8  28.8  25.5   MM   MM    MM
2026 07 06 16 30 230  6.0  8.0    MM    MM    MM  MM 1017.0  28.9  28.8  25.7   MM   MM    MM
2026 07 06 16 20 240  7.0  8.0   1.3     6   4.5 204 1017.1  28.9  28.8  25.6   MM   MM    MM
2026 07 06 16 10 240  7.0  8.0    MM    MM    MM  MM 1017.2  28.9  28.8  25.5   MM   MM    MM
2026 07 06 16 00 240  7.0  8.0    MM    MM    MM  MM 1017.2  28.8  28.8  25.5   MM +0.0    MM
2026 07 06 15 50 240  7.0  8.0   1.4     6   4.6 205 1017.3  28.9  28.8  25.6   MM   MM    MM
2026 07 06 15 40 240  7.0  8.0    MM    MM    MM  MM 1017.4  28.9  28.7  25.7   MM   MM    MM
2026 07 06 15 30 240  7.0  9.0    MM    MM    MM  MM 1017.4  28.8  28.7  25.6   MM   MM    MM
2026 07 06 15 20 240  7.0  8.0   1.3     6   4.5 204 1017.5  28.9  28.7  26.0   MM   MM    MM
2026 07 06 15 10 240  7.0  9.0   1.3    MM   4.5 204 1017.4  28.9  28.7  26.0   MM   MM    MM
2026 07 06 15 00 240  8.0  9.0    MM    MM    MM  MM 1017.4  28.9  28.7  26.1   MM +0.9    MM
2026 07 06 14 50 240  7.0  8.0   1.3     6   4.5 197 1017.5  28.9  28.7  26.1   MM   MM    MM
2026 07 06 14 40 240  7.0  8.0    MM    MM    MM  MM 1017.5  28.9  28.7  26.1   MM   MM    MM
2026 07 06 14 30 240  7.0  8.0    MM    MM    MM  MM 1017.4  28.9  28.7  26.1   MM   MM    MM
2026 07 06 14 20 240  7.0  9.0   1.2     5   4.4 201 1017.5  28.8  28.7  26.1   MM   MM    MM
2026 07 06 14 10 240  7.0  9.0   1.2    MM   4.4 201 1017.4  28.8  28.7  26.3   MM   MM    MM
2026 07 06 14 00 240  7.0  8.0    MM    MM    MM  MM 1017.4  28.8  28.7  26.2   MM +1.6    MM
2026 07 06 13 50 230  7.0  9.0   1.2     5   4.4 199 1017.4  28.7  28.7  26.1   MM   MM    MM
2026 07 06 13 40 230  7.0  9.0    MM    MM    MM  MM 1017.4  28.8  28.7  26.5   MM   MM    MM
2026 07 06 13 30 230  7.0  8.0    MM    MM    MM  MM 1017.4  28.8  28.7  26.4   MM   MM    MM
2026 07 06 13 20 230  7.0  9.0   1.2     5   4.3 213 1017.5  28.7  28.7  26.3   MM   MM    MM
2026 07 06 13 10 230  7.0  9.0    MM    MM    MM  MM 1017.4  28.7  28.7  26.3   MM   MM    MM
2026 07 06 13 00 230  8.0  9.0    MM    MM    MM  MM 1017.2  28.7  28.7  26.2   MM +1.9    MM
2026 07 06 12 50 230  8.0  9.0   1.3     5   4.4 207 1017.1  28.7  28.7  26.1   MM   MM    MM
2026 07 06 12 40 230  8.0 10.0    MM    MM    MM  MM 1016.9  28.7    MM  26.2   MM   MM    MM
2026 07 06 12 30 230  8.0 10.0    MM    MM    MM  MM 1016.8  28.6  28.7  26.1   MM   MM    MM
2026 07 06 12 20 220  8.0  9.0   1.2     5   4.3 207 1016.7  28.7  28.7  26.4   MM   MM    MM
2026 07 06 12 10 220  7.0  9.0   1.2    MM   4.3 207 1016.7  28.7  28.7  26.4   MM   MM    MM
2026 07 06 12 00 220  8.0  9.0    MM    MM    MM  MM 1016.5  28.6  28.7  26.3   MM +1.9    MM
2026 07 06 11 50 220  8.0  9.0   1.3     5   4.3 204 1016.5  28.6  28.7  26.3   MM   MM    MM
2026 07 06 11 40 220  7.0  9.0    MM    MM    MM  MM 1016.5  28.6  28.7  26.3   MM   MM    MM
2026 07 06 11 30 210  8.0 10.0    MM    MM    MM  MM 1016.2  28.5  28.7  26.0   MM   MM    MM
2026 07 06 11 20 210  8.0  9.0   1.2     5   4.3 207 1016.2  28.5  28.7  26.0   MM   MM    MM
2026 07 06 11 10 210  8.0 10.0   1.2    MM   4.3 207 1016.0  28.5  28.7  26.0   MM   MM    MM
2026 07 06 11 00 220  8.0  9.0    MM    MM    MM  MM 1015.8  28.5  28.7  25.9   MM +1.3    MM
2026 07 06 10 50 220  7.0  9.0   1.1     5   4.1 206 1015.8  28.6  28.7  26.0   MM   MM    MM
2026 07 06 10 40 220  8.0  9.0    MM    MM    MM  MM 1015.7  28.6  28.7  25.8   MM   MM    MM
2026 07 06 10 30 220  8.0 10.0    MM    MM    MM  MM 1015.5  28.6  28.7  25.8   MM   MM    MM
2026 07 06 10 20 220  8.0 10.0   1.2     5   4.4 211 1015.5  28.6  28.7  25.8   MM   MM    MM
2026 07 06 10 10 220  8.0 10.0   1.2    MM   4.4 211 1015.3  28.6  28.7  25.7   MM   MM    MM
2026 07 06 10 00 230  8.0  9.0    MM    MM    MM  MM 1015.3  28.6  28.7  25.5   MM +0.3    MM
2026 07 06 09 50 230  8.0  9.0   1.2     5   4.3 202 1015.1  28.6  28.7  25.5   MM   MM    MM
2026 07 06 09 40 220  8.0  9.0    MM    MM    MM  MM 1015.0  28.6  28.7  25.6   MM   MM    MM
2026 07 06 09 30 220  8.0 10.0    MM    MM    MM  MM 1014.8  28.5  28.7  25.3   MM   MM    MM
2026 07 06 09 20 220  7.0  9.0   1.2     6   4.3 195 1014.7  28.5  28.7  25.7   MM   MM    MM
2026 07 06 09 10 220  7.0  9.0   1.2    MM   4.3 195 1014.6  28.5  28.7  25.8   MM   MM    MM
2026 07 06 09 00 220  8.0 10.0    MM    MM    MM  MM 1014.6  28.5  28.7  25.6   MM -0.3    MM
2026 07 06 08 50 220  8.0 10.0   1.3     5   4.4 206 1014.5  28.5  28.7  25.5   MM   MM    MM
2026 07 06 08 40 220  9.0 10.0    MM    MM    MM  MM 1014.6  28.6  28.7  25.4   MM   MM    MM
2026 07 06 08 30 230  8.0 10.0    MM    MM    MM  MM 1014.6  28.6  28.7  25.2   MM   MM    MM
2026 07 06 08 20 230  8.0 10.0   1.3     5   4.3 213 1014.6  28.6  28.7  25.0   MM   MM    MM
2026 07 06 08 10 230  8.0 10.0   1.3    MM   4.3 213 1014.6  28.6  28.7  25.0   MM   MM    MM
2026 07 06 08 00 220  8.0 10.0    MM    MM    MM  MM 1014.5  28.6  28.7  25.0   MM -0.4    MM
2026 07 06 07 50 230  9.0 11.0   1.2     5   4.1 212 1014.6  28.5  28.7  24.9   MM   MM    MM
2026 07 06 07 40 220  8.0 10.0    MM    MM    MM  MM 1014.5  28.6  28.7  25.3   MM   MM    MM
2026 07 06 07 30 220  9.0 10.0    MM    MM    MM  MM 1014.6  28.6  28.7  25.2   MM   MM    MM
2026 07 06 07 20 220  9.0 11.0   1.2    MM   4.2 212 1014.7    MM  28.7    MM   MM   MM    MM
2026 07 06 07 10 220  9.0 10.0   1.2    MM   4.2 212 1014.8  28.6  28.7  25.0   MM   MM    MM
2026 07 06 07 00 220  9.0 10.0    MM    MM    MM  MM 1015.0  28.7    MM  25.0   MM +0.0    MM
2026 07 06 06 50 220  9.0 11.0   1.2     5   4.1 210 1014.9  28.7  28.7  24.9   MM   MM    MM
2026 07 06 06 40 220  9.0 11.0    MM    MM    MM  MM 1015.1  28.6  28.7  24.8   MM   MM    MM
2026 07 06 06 30 220  9.0 11.0    MM    MM    MM  MM 1015.1  28.6  28.7  24.8   MM   MM    MM
2026 07 06 06 20 210  9.0 11.0   1.2     5   4.1 213 1015.1  28.6  28.7  24.9   MM   MM    MM
2026 07 06 06 10 210  9.0 11.0   1.2    MM   4.1 213 1014.9  28.6  28.7  25.1   MM   MM    MM
2026 07 06 06 00 210 10.0 12.0    MM    MM    MM  MM 1014.9  28.7  28.7  25.0   MM +0.7    MM
2026 07 06 05 50 210 10.0 12.0   1.1     5   3.9 210 1015.0  28.8  28.7  24.7   MM   MM    MM
2026 07 06 05 40 210 10.0 12.0    MM    MM    MM  MM 1014.9  28.7  28.7  25.0   MM   MM    MM
2026 07 06 05 30 210  9.0 11.0    MM    MM    MM  MM 1014.9  28.7  28.7  25.2   MM   MM    MM
2026 07 06 05 20 210  9.0 11.0   1.0     5   4.0 208 1015.0  28.7  28.7  25.3   MM   MM    MM
2026 07 06 05 10 210  8.0 10.0   1.0    MM   4.0 208 1015.0  28.8  28.7  25.3   MM   MM    MM
2026 07 06 05 00 210  8.0 10.0    MM    MM    MM  MM 1014.9  28.9  28.7  25.1   MM +0.7    MM
2026 07 06 04 50 200  8.0  9.0   0.9     5   3.9 211 1014.8  28.9  28.7  24.8   MM   MM    MM
2026 07 06 04 40 200  8.0  9.0    MM    MM    MM  MM 1014.8  28.9  28.7  24.9   MM   MM    MM
2026 07 06 04 30 210  8.0 10.0    MM    MM    MM  MM 1014.9  28.9  28.7  25.2   MM   MM    MM
2026 07 06 04 20 210  8.0  9.0   0.9     5   3.9 201 1015.0  28.7  28.7  25.5   MM   MM    MM
2026 07 06 04 10 210  8.0 10.0    MM    MM    MM  MM 1015.0  28.8  28.7  26.0   MM   MM    MM
2026 07 06 04 00 210  8.0  9.0    MM    MM    MM  MM 1015.0  28.7  28.7  25.7   MM +1.4    MM
2026 07 06 03 50 210  7.0  9.0   1.0     5   3.9 205 1015.0  28.8  28.7  26.2   MM   MM    MM
2026 07 06 03 40 210  7.0  9.0    MM    MM    MM  MM 1014.9  28.7  28.7  26.0   MM   MM    MM
2026 07 06 03 30 210  7.0  9.0    MM    MM    MM  MM 1014.8  28.7  28.7  26.2   MM   MM    MM
2026 07 06 03 20 210  7.0  9.0   1.0     5   4.0 213 1014.6  28.6  28.7  26.2   MM   MM    MM
2026 07 06 03 10 210  7.0  8.0   1.0    MM   4.0 213 1014.5  28.7  28.8  26.4   MM   MM    MM
2026 07 06 03 00 210  7.0  9.0    MM    MM    MM  MM 1014.2  28.7  28.8  26.4   MM +0.5    MM
2026 07 06 02 50 210  7.0  9.0   1.0     5   3.9 208 1014.3  28.7  28.8  26.5   MM   MM    MM
2026 07 06 02 40 210  7.0  9.0    MM    MM    MM  MM 1014.4  28.7  28.8  26.4   MM   MM    MM
2026 07 06 02 30 210  7.0  8.0    MM    MM    MM  MM 1014.3  28.7  28.8  26.4   MM   MM    MM
2026 07 06 02 20 220  7.0  8.0   0.9     5   3.9 218 1014.2  28.7  28.8  26.4   MM   MM    MM
2026 07 06 02 10 210  7.0  8.0   0.9    MM   3.9 218 1014.3  28.7  28.8  26.4   MM   MM    MM
2026 07 06 02 00 210  7.0  9.0    MM    MM    MM  MM 1014.2  28.7  28.8  26.5   MM -0.0    MM
2026 07 06 01 50 220  7.0  8.0   0.9     5   3.9 213 1014.2  28.7  28.8  26.6   MM   MM    MM
2026 07 06 01 40 220  7.0  8.0   0.9    MM   3.9 213 1014.2  28.7  28.8  26.6   MM   MM    MM
2026 07 06 01 30 210  7.0  8.0    MM    MM    MM  MM 1014.0  28.8  28.8  26.6   MM   MM    MM
2026 07 06 01 20 210  7.0  8.0   0.9     5   4.0 202 1013.8  28.8  28.8  26.4   MM   MM    MM
2026 07 06 01 10 210  7.0  8.0    MM    MM    MM  MM 1013.7  28.8  28.8  26.4   MM   MM    MM
2026 07 06 01 00 210  6.0  8.0    MM    MM    MM  MM 1013.6  28.9  28.8  26.4   MM -0.5    MM
2026 07 06 00 50 210  6.0  7.0   0.9     5   4.0 211 1013.6  28.9  28.9  26.1   MM   MM    MM
2026 07 06 00 40 210  6.0  7.0    MM    MM    MM  MM 1013.5  28.9  28.9  25.9   MM   MM    MM
2026 07 06 00 30 210  7.0  8.0    MM    MM    MM  MM 1013.4  29.0  28.9  25.9   MM   MM    MM
2026 07 06 00 20 210  6.0  8.0   0.9     5   4.0 200 1013.4  28.9  28.9  25.8   MM   MM    MM
2026 07 06 00 10 220  6.0  7.0   0.9    MM   4.0 200 1013.6  29.0  28.9  26.1   MM   MM    MM
2026 07 06 00 00 220  6.0  7.0    MM    MM    MM  MM 1013.7  28.9  28.9  26.1   MM +0.0    MM
2026 07 05 23 50 230  6.0  8.0   0.9     5   4.0 198 1013.8  28.8  28.9  26.2   MM   MM    MM
2026 07 05 23 40 220  6.0  7.0    MM    MM    MM  MM 1013.8  28.8  28.9  26.4   MM   MM    MM
2026 07 05 23 30 220  6.0  7.0    MM    MM    MM  MM 1013.9  28.8  28.9  26.5   MM   MM    MM
2026 07 05 23 20 230  7.0  8.0   0.9     5   4.0 202 1014.1  28.7  28.9  26.5   MM   MM    MM
2026 07 05 23 10 230  7.0  8.0   0.9    MM   4.0 202 1014.3  28.8  28.9  26.7   MM   MM    MM
2026 07 05 23 00 230  6.0  8.0    MM    MM    MM  MM 1014.2  28.8  28.9  26.8   MM -0.0    MM
2026 07 05 22 50 220  6.0  8.0   1.0     5   4.1 185 1014.3  28.8  28.9  26.8   MM   MM    MM
2026 07 05 22 40 220  7.0  8.0   1.0    MM   4.1 185 1014.2  28.7  28.9  26.7   MM   MM    MM
2026 07 05 22 30 210  7.0  9.0    MM    MM    MM  MM 1014.2  28.8  28.9  26.8   MM   MM    MM
2026 07 05 22 20 210  8.0  9.0   1.1     5   4.2 193 1014.2  28.8  28.9  26.7   MM   MM    MM
2026 07 05 22 10 210  7.0  9.0   1.1    MM   4.2 193 1014.0  28.8  28.9  26.6   MM   MM    MM
2026 07 05 22 00 210  7.0  9.0    MM    MM    MM  MM 1014.1  28.8  28.9  26.5   MM -0.0    MM
2026 07 05 21 50 210  7.0  8.0   0.9     5   4.1 195 1014.0  28.8  29.0  26.4   MM   MM    MM
2026 07 05 21 40 210  8.0  9.0    MM    MM    MM  MM 1014.0  28.7  29.0  26.2   MM   MM    MM
2026 07 05 21 30 210  7.0  9.0    MM    MM    MM  MM 1014.0  28.7  29.0  26.3   MM   MM    MM
2026 07 05 21 20 210  7.0  8.0   0.9     5   4.1 196 1013.9  28.7  29.0  26.4   MM   MM    MM
2026 07 05 21 10 210  7.0  8.0   0.9    MM   4.1 196 1013.6  28.7  29.0  26.5   MM   MM    MM
2026 07 05 21 00 210  7.0  9.0    MM    MM    MM  MM 1013.7  28.7  29.0  26.5   MM -1.3    MM
2026 07 05 20 50 210  8.0  9.0   0.9     5   4.0 208 1013.9  28.7  29.0  26.5   MM   MM    MM
2026 07 05 20 40 210  7.0  9.0   0.9    MM   4.0 208 1013.9  28.8  29.0  26.5   MM   MM    MM
2026 07 05 20 30 210  7.0  9.0    MM    MM    MM  MM 1013.8  28.7  29.0  26.3   MM   MM    MM
2026 07 05 20 20 210  7.0  8.0   0.9     5   4.1 191 1013.6  28.7    MM  26.5   MM   MM    MM
2026 07 05 20 10 210  7.0  8.0   0.9    MM   4.1 191 1013.8  28.7  29.0  26.5   MM   MM    MM
2026 07 05 20 00 200  7.0  8.0    MM    MM    MM  MM 1014.1  28.7  29.0  26.4   MM -1.7    MM
2026 07 05 19 50 200  6.0  7.0   0.8     5   4.2 209 1014.0  28.7    MM  26.3   MM   MM    MM
2026 07 05 19 40 210  7.0  8.0    MM    MM    MM  MM 1014.3  28.7  28.9  26.2   MM   MM    MM
2026 07 05 19 30 200  7.0  8.0    MM    MM    MM  MM 1014.3  28.7  28.9  26.3   MM   MM    MM
2026 07 05 19 20 200  7.0  8.0   0.9     5   4.2 203 1014.3  28.7  28.9  26.4   MM   MM    MM
2026 07 05 19 10 190  7.0  8.0   0.9    MM   4.2 203 1013.9  28.7  28.9  26.4   MM   MM    MM
2026 07 05 19 00 190  6.0  8.0    MM    MM    MM  MM 1014.0  28.7  28.9  26.4   MM -2.0    MM
2026 07 05 18 50 200  7.0  8.0   0.9     5   4.2 185 1014.4  28.7  28.9  26.2   MM   MM    MM
2026 07 05 18 40 200  7.0  8.0    MM    MM    MM  MM 1014.7  28.7  28.9  26.3   MM   MM    MM
2026 07 05 18 30 200  7.0  8.0    MM    MM    MM  MM 1015.0  28.7  28.9  26.2   MM   MM    MM
2026 07 05 18 20 200  6.0  7.0   0.9     5   4.4 199 1015.1  28.7  28.9  26.2   MM   MM    MM
2026 07 05 18 10 190  6.0  7.0   0.9    MM   4.4 199 1015.1  28.6  28.9  26.1   MM   MM    MM
2026 07 05 18 00 190  6.0  7.0    MM    MM    MM  MM 1015.0  28.7  28.9  26.3   MM -0.4    MM
2026 07 05 17 50 190  6.0  8.0   0.8     5   4.4 204 1015.0  28.7  28.9  26.3   MM   MM    MM
2026 07 05 17 40 190  6.0  7.0    MM    MM    MM  MM 1015.2  28.7  28.9  26.3   MM   MM    MM
2026 07 05 17 30 200  6.0  7.0    MM    MM    MM  MM 1015.5  28.7  28.9  26.3   MM   MM    MM
2026 07 05 17 20 200  6.0  7.0   0.8     5   4.4 207 1015.6  28.8  28.9  26.4   MM   MM    MM
2026 07 05 17 10 210  5.0  6.0   0.8    MM   4.4 207 1015.7  28.7  28.9  26.1   MM   MM    MM
2026 07 05 17 00 200  5.0  6.0    MM    MM    MM  MM 1015.8  28.6  28.9  26.2   MM +0.0    MM
2026 07 05 16 50 190  5.0  6.0   0.8     5   4.4 209 1016.0  28.6  28.9  26.4   MM   MM    MM
2026 07 05 16 40 190  5.0  6.0    MM    MM    MM  MM 1016.0  28.6  28.9  26.3   MM   MM    MM
2026 07 05 16 30 190  5.0  5.0    MM    MM    MM  MM 1016.0  28.6  28.9  26.3   MM   MM    MM
2026 07 05 16 20 190  5.0  6.0   0.8     5   4.4 213 1016.0  28.6  28.9  26.2   MM   MM    MM
2026 07 05 16 10 190  5.0  5.0   0.8    MM   4.4 213 1016.0  28.6  28.8  26.3   MM   MM    MM
2026 07 05 16 00 200  5.0  6.0    MM    MM    MM  MM 1016.0  28.5  28.8  26.2   MM +0.4    MM
2026 07 05 15 50 210  5.0  6.0   0.8     5   4.4 207 1016.0  28.6  28.8  26.3   MM   MM    MM
2026 07 05 15 40 210  5.0  6.0    MM    MM    MM  MM 1015.9  28.5  28.8  26.2   MM   MM    MM
2026 07 05 15 30 210  5.0  6.0    MM    MM    MM  MM 1015.7  28.5  28.8  26.2   MM   MM    MM
2026 07 05 15 20 210  5.0  6.0   0.8     5   4.3 213 1015.6  28.5  28.8  26.1   MM   MM    MM
2026 07 05 15 10 210  5.0  6.0   0.8    MM   4.3 213 1015.6  28.5  28.7  26.1   MM   MM    MM
2026 07 05 15 00 210  4.0  5.0    MM    MM    MM  MM 1015.4  28.5  28.7  26.1   MM +0.0    MM
2026 07 05 14 50 210  5.0  6.0   0.8     5   4.3 209 1015.4  28.5  28.7  26.0   MM   MM    MM
2026 07 05 14 40 210  5.0  6.0    MM    MM    MM  MM 1015.6  28.5  28.7  26.0   MM   MM    MM
2026 07 05 14 30 210  5.0  6.0    MM    MM    MM  MM 1015.5  28.5  28.6  26.0   MM   MM    MM
2026 07 05 14 20 220  5.0  6.0   0.8     4   4.3 203 1015.5  28.5  28.6  26.0   MM   MM    MM
2026 07 05 14 10 220  5.0  5.0   0.8    MM   4.3 203 1015.5  28.5  28.6  26.0   MM   MM    MM
2026 07 05 14 00 220  5.0  6.0    MM    MM    MM  MM 1015.6  28.5  28.6  25.9   MM +0.4    MM
2026 07 05 13 50 240  4.0  5.0   0.8     8   4.2 120 1015.8  28.5  28.6  25.9   MM   MM    MM
2026 07 05 13 40 230  5.0  5.0    MM    MM    MM  MM 1015.9  28.4  28.6  25.6   MM   MM    MM
2026 07 05 13 30 220  5.0  6.0    MM    MM    MM  MM 1015.8  28.5  28.6  25.8   MM   MM    MM
2026 07 05 13 20 220  5.0  6.0   0.7     9   4.3 119 1015.7  28.5  28.6  25.9   MM   MM    MM
2026 07 05 13 10 210  5.0  6.0   0.7    MM   4.3 119 1015.7  28.5  28.6  25.8   MM   MM    MM
2026 07 05 13 00 210  5.0  6.0    MM    MM    MM  MM 1015.6  28.4  28.6  25.7   MM +0.4    MM
2026 07 05 12 50 210  5.0  6.0   0.7     8   4.1 105 1015.6  28.4  28.6  25.7   MM   MM    MM
2026 07 05 12 40 210  5.0  6.0    MM    MM    MM  MM 1015.7  28.4  28.6  25.8   MM   MM    MM
2026 07 05 12 30 210  5.0  6.0    MM    MM    MM  MM 1015.5  28.4  28.5  25.9   MM   MM    MM
2026 07 05 12 20 210  5.0  5.0   0.8     4   4.1 224 1015.5  28.4  28.5  25.9   MM   MM    MM
2026 07 05 12 10 210  5.0  6.0   0.8    MM   4.1 224 1015.4  28.4  28.5  25.8   MM   MM    MM
2026 07 05 12 00 210  5.0  5.0    MM    MM    MM  MM 1015.4  28.4  28.5  25.7   MM +0.0    MM
2026 07 05 11 50 210  5.0  5.0   0.8     8   4.2 121 1015.4  28.3  28.5  25.7   MM   MM    MM
2026 07 05 11 40 210  5.0  6.0    MM    MM    MM  MM 1015.5  28.3  28.5  25.8   MM   MM    MM
2026 07 05 11 30 210  5.0  6.0    MM    MM    MM  MM 1015.4  28.3  28.5  25.9   MM   MM    MM
2026 07 05 11 20 210  5.0  6.0   0.8     4   4.1 213 1015.3  28.2  28.5  25.7   MM   MM    MM
2026 07 05 11 10 200  5.0  6.0   0.8    MM   4.1 213 1015.3  28.3  28.5  25.8   MM   MM    MM
2026 07 05 11 00 210  6.0  6.0    MM    MM    MM  MM 1015.2  28.2  28.5  25.6   MM +0.3    MM
2026 07 05 10 50 220  5.0  6.0   0.7     8   4.1 115 1015.1  28.2  28.5  25.6   MM   MM    MM
2026 07 05 10 40 220  4.0  5.0    MM    MM    MM  MM 1015.2  28.2  28.5  25.7   MM   MM    MM
2026 07 05 10 30 220  4.0  5.0    MM    MM    MM  MM 1015.2  28.3  28.4  25.6   MM   MM    MM
2026 07 05 10 20 220  5.0  6.0   0.8     8   4.1 114 1015.1  28.2  28.4  25.3   MM   MM    MM
2026 07 05 10 10 220  4.0  5.0   0.8    MM   4.1 114 1015.2  28.2  28.4  25.4   MM   MM    MM
2026 07 05 10 00 220  5.0  6.0    MM    MM    MM  MM 1015.2  28.2  28.4  25.3   MM -0.0    MM
2026 07 05 09 50 220  5.0  5.0   0.8     8   4.2 117 1015.2  28.2  28.4  25.4   MM   MM    MM
2026 07 05 09 40 220  5.0  6.0    MM    MM    MM  MM 1015.2  28.3  28.4  25.4   MM   MM    MM
2026 07 05 09 30 230  5.0  6.0    MM    MM    MM  MM 1015.2  28.3  28.4  25.3   MM   MM    MM
2026 07 05 09 20 220  5.0  6.0   0.8     8   4.2 113 1015.1  28.3  28.4  25.3   MM   MM    MM
2026 07 05 09 10 230  6.0  7.0   0.8    MM   4.2 113 1015.2  28.3  28.4  25.3   MM   MM    MM
2026 07 05 09 00 230  6.0  7.0    MM    MM    MM  MM 1015.2  28.3  28.4  25.2   MM -0.4    MM
2026 07 05 08 50 230  6.0  7.0   0.8     9   4.0 111 1015.1  28.3  28.4  25.2   MM   MM    MM
2026 07 05 08 40 230  6.0  8.0    MM    MM    MM  MM 1015.0  28.3  28.4  25.3   MM   MM    MM
2026 07 05 08 30 230  7.0  8.0    MM    MM    MM  MM 1015.0  28.3  28.4  25.2   MM   MM    MM
2026 07 05 08 20 230  6.0  8.0   0.8     9   4.0 117 1015.0  28.4  28.4  25.3   MM   MM    MM
2026 07 05 08 10 230  7.0  8.0   0.8    MM   4.0 117 1015.0  28.4  28.5  25.4   MM   MM    MM
2026 07 05 08 00 230  7.0  8.0    MM    MM    MM  MM 1014.9  28.3  28.5  25.2   MM -0.8    MM
2026 07 05 07 50 230  6.0  7.0   0.7     9   4.0  89 1015.0  28.4  28.5  25.4   MM   MM    MM
2026 07 05 07 40 230  7.0  8.0    MM    MM    MM  MM 1014.9  28.4  28.5  25.2   MM   MM    MM
2026 07 05 07 30 230  6.0  8.0    MM    MM    MM  MM 1015.1  28.5  28.5  25.2   MM   MM    MM
2026 07 05 07 20 230  6.0  8.0   0.8     9   4.1 108 1015.2  28.5  28.5  25.0   MM   MM    MM
2026 07 05 07 10 230  6.0  7.0   0.8    MM   4.1 108 1015.2  28.5  28.5  25.1   MM   MM    MM
2026 07 05 07 00 220  6.0  7.0    MM    MM    MM  MM 1015.2  28.5  28.5  25.0   MM -0.5    MM
2026 07 05 06 50 220  6.0  7.0   0.7     9   4.1 116 1015.2  28.5  28.5  24.7   MM   MM    MM
2026 07 05 06 40 220  5.0  6.0   0.7    MM   4.1 116 1015.3  28.5  28.4  24.7   MM   MM    MM
2026 07 05 06 30 220  5.0  6.0    MM    MM    MM  MM 1015.3  28.5  28.3  24.7   MM   MM    MM
2026 07 05 06 20 220  5.0  6.0   0.8     9   4.3 110 1015.5  28.5  28.3  24.4   MM   MM    MM
2026 07 05 06 10 220  5.0  6.0   0.8    MM   4.3 110 1015.6  28.5  28.3  24.3   MM   MM    MM
2026 07 05 06 00 220  5.0  7.0    MM    MM    MM  MM 1015.6  28.5    MM  24.4   MM +0.0    MM
2026 07 05 05 50 220  6.0  6.0   0.8     4   3.9 193 1015.6  28.5  28.3  24.1   MM   MM    MM
2026 07 05 05 40 220  6.0  7.0    MM    MM    MM  MM 1015.7  28.6  28.3  24.4   MM   MM    MM
2026 07 05 05 30 210  6.0  7.0    MM    MM    MM  MM 1015.8  28.6  28.3  24.2   MM   MM    MM
2026 07 05 05 20 210  7.0  8.0   0.8     9   4.0 108 1015.6  28.6  28.3  24.0   MM   MM    MM
2026 07 05 05 10 210  7.0  9.0   0.8    MM   4.0 108 1015.6  28.6  28.3  23.9   MM   MM    MM
2026 07 05 05 00 210  7.0  8.0    MM    MM    MM  MM 1015.7  28.6  28.3  24.0   MM +0.3    MM
2026 07 05 04 50 210  6.0  7.0   0.7     8   3.9 108 1015.7  28.6  28.3  23.8   MM   MM    MM
2026 07 05 04 40 210  6.0  7.0    MM    MM    MM  MM 1015.6  28.6  28.4  23.7   MM   MM    MM
2026 07 05 04 30 210  6.0  7.0    MM    MM    MM  MM 1015.6  28.7  28.4  23.6   MM   MM    MM
2026 07 05 04 20 210  6.0  8.0   0.7     9   3.9  98 1015.6  28.7  28.4  23.6   MM   MM    MM
2026 07 05 04 10 210  7.0  8.0   0.7    MM   3.9  98 1015.7  28.7  28.5  23.5   MM   MM    MM
2026 07 05 04 00 210  6.0  8.0    MM    MM    MM  MM 1015.7  28.7  28.5  23.4   MM +0.5    MM
2026 07 05 03 50 210  7.0  8.0   0.7     8   3.8 112 1015.8  28.7  28.5  23.5   MM   MM    MM
2026 07 05 03 40 210  7.0  8.0   0.7    MM   3.8 112 1015.7  28.8  28.5  23.5   MM   MM    MM
2026 07 05 03 30 210  7.0  9.0    MM    MM    MM  MM 1015.7  28.8  28.5  23.4   MM   MM    MM
2026 07 05 03 20 210  7.0  8.0   0.7     9   3.9 109 1015.6  28.7  28.6  23.8   MM   MM    MM
2026 07 05 03 10 210  7.0  9.0    MM    MM    MM  MM 1015.7  28.7  28.6  24.4   MM   MM    MM
2026 07 05 03 00 200  7.0  8.0    MM    MM    MM  MM 1015.7  28.7  28.6  24.9   MM +0.7    MM
2026 07 05 02 50 180  7.0  9.0   0.7     8   4.0 112 1015.7  28.7  28.6  24.9   MM   MM    MM
2026 07 05 02 40 180  7.0  8.0    MM    MM    MM  MM 1015.7  28.7  28.6  24.9   MM   MM    MM
2026 07 05 02 30 180  7.0  8.0    MM    MM    MM  MM 1015.7  28.7  28.6  24.9   MM   MM    MM
2026 07 05 02 20 180  7.0  8.0   0.6     8   4.0 112 1015.8  28.7  28.5  24.9   MM   MM    MM
2026 07 05 02 10 180  6.0  8.0   0.6    MM   4.0 112 1015.7  28.7  28.5  25.1   MM   MM    MM
2026 07 05 02 00 180  6.0  8.0    MM    MM    MM  MM 1015.4  28.8  28.5  25.0   MM +0.0    MM
2026 07 05 01 50 180  7.0  8.0   0.7     8   3.9 120 1015.4  28.8  28.5  24.6   MM   MM    MM
2026 07 05 01 40 180  7.0  8.0    MM    MM    MM  MM 1015.3  28.7  28.6  24.4   MM   MM    MM
2026 07 05 01 30 180  7.0  8.0    MM    MM    MM  MM 1015.3  28.8  28.6  24.8   MM   MM    MM
2026 07 05 01 20 180  6.0  8.0   0.7     9   3.8 116 1015.4  28.8  28.6  24.8   MM   MM    MM
2026 07 05 01 10 180  7.0  8.0   0.7    MM   3.8 116 1015.4  28.8  28.6  24.8   MM   MM    MM
2026 07 05 01 00 170  7.0  8.0    MM    MM    MM  MM 1015.2  28.8  28.6  24.7   MM -0.4    MM
2026 07 05 00 50 170  6.0  8.0   0.6     8   3.9 123 1015.1  28.8  28.6  24.7   MM   MM    MM
2026 07 05 00 40 170  7.0  8.0    MM    MM    MM  MM 1015.0  28.8  28.7  24.8   MM   MM    MM
2026 07 05 00 30 170  7.0  8.0    MM    MM    MM  MM 1015.1  28.8  28.7  24.7   MM   MM    MM
2026 07 05 00 20 170  7.0  8.0   0.7     8   4.0 119 1015.0  28.8  28.8  24.5   MM   MM    MM
2026 07 05 00 10 170  7.0  8.0   0.7    MM   4.0 119 1015.0  28.8  28.9  24.6   MM   MM    MM
2026 07 05 00 00 160  7.0  8.0    MM    MM    MM  MM 1015.0  28.8  28.9  24.5   MM -1.3    MM
2026 07 04 23 50 160  6.0  7.0   0.6     9   3.9 118 1015.0  28.8  28.9  24.7   MM   MM    MM
2026 07 04 23 40 160  6.0  7.0    MM    MM    MM  MM 1015.0  28.8  28.9  24.7   MM   MM    MM
2026 07 04 23 10 150  6.0  7.0   0.6    MM   3.9 125 1015.3  28.9  28.9  24.6   MM   MM    MM
2026 07 04 23 00 150  6.0  7.0    MM    MM    MM  MM 1015.2  28.8  28.9  24.3   MM -1.3    MM
2026 07 04 22 50 150  6.0  7.0   0.6     8   4.4 125 1015.3  28.8  29.0  24.3   MM   MM    MM
2026 07 04 22 40 150  6.0  8.0    MM    MM    MM  MM 1015.4  28.8  29.1  24.3   MM   MM    MM
2026 07 04 22 30 150  6.0  8.0    MM    MM    MM  MM 1015.3  28.8  29.1  24.2   MM   MM    MM
2026 07 04 22 20 150  6.0  7.0   0.6     9   4.3 119 1015.4  28.8  29.1  24.3   MM   MM    MM
2026 07 04 22 10 150  6.0  7.0   0.6    MM   4.3 119 1015.5  28.8  29.2  24.2   MM   MM    MM
2026 07 04 22 00 150  6.0  7.0    MM    MM    MM  MM 1015.6  28.8  29.3  24.2   MM -1.4    MM
2026 07 04 21 50 150  6.0  7.0   0.6     9   5.0 129 1015.6  28.8  29.4  24.2   MM   MM    MM
2026 07 04 21 40 150  6.0  7.0    MM    MM    MM  MM 1015.8  28.8  29.3  24.3   MM   MM    MM
2026 07 04 21 30 140  6.0  7.0    MM    MM    MM  MM 1016.0  28.8  29.4  24.3   MM   MM    MM
2026 07 04 21 20 140  6.0  7.0   0.6     8   5.2 125 1016.1  28.8  29.4  24.2   MM   MM    MM
2026 07 04 21 10 140  5.0  6.0   0.6    MM   5.2 125 1016.2  28.8  29.4  24.1   MM   MM    MM
2026 07 04 21 00 150  5.0  6.0    MM    MM    MM  MM 1016.3  28.8  29.4  24.0   MM -1.3    MM
2026 07 04 20 50 150  5.0  6.0   0.6     9   5.8 127 1016.3  28.8  29.4  24.1   MM   MM    MM
2026 07 04 20 40 150  5.0  6.0    MM    MM    MM  MM 1016.3  28.8  29.3  23.9   MM   MM    MM
2026 07 04 20 30 140  4.0  5.0    MM    MM    MM  MM 1016.3  28.8  29.2  23.8   MM   MM    MM
2026 07 04 20 20 140  4.0  6.0   0.6     9   6.4 131 1016.3  28.8  28.8  23.8   MM   MM    MM
2026 07 04 20 10 140  5.0  6.0    MM    MM    MM  MM 1016.3  28.7  28.5  23.7   MM   MM    MM
2026 07 04 20 00 140  4.0  5.0    MM    MM    MM  MM 1016.5  28.7    MM  23.8   MM -1.3    MM
2026 07 04 19 50 140  4.0  5.0   0.6     9   6.5 127 1016.5  28.7  28.5  23.8   MM   MM    MM
2026 07 04 19 40 140  4.0  5.0    MM    MM    MM  MM 1016.8  28.7  28.6  23.9   MM   MM    MM
2026 07 04 19 30 150  4.0  4.0    MM    MM    MM  MM 1016.7  28.6  28.5  23.4   MM   MM    MM
2026 07 04 19 20 140  3.0  4.0   0.6     9   6.4 123 1016.8  28.7  28.6  23.6   MM   MM    MM
2026 07 04 19 10 150  3.0  4.0   0.6    MM   6.4 123 1016.9  28.6  28.6  23.4   MM   MM    MM
2026 07 04 19 00 150  3.0  4.0    MM    MM    MM  MM 1017.0  28.6  28.5  23.4   MM -1.3    MM
2026 07 04 18 50 160  3.0  4.0   0.6     9   6.2 126 1017.1  28.6    MM  23.3   MM   MM    MM
2026 07 04 18 40 160  3.0  4.0    MM    MM    MM  MM 1017.1  28.5  28.5  23.1   MM   MM    MM
2026 07 04 18 30 150  2.0  3.0    MM    MM    MM  MM 1017.2  28.5  28.7  23.2   MM   MM    MM
2026 07 04 18 20 130  1.0  3.0   0.6     9   6.2 129 1017.3  28.5  28.5  23.0   MM   MM    MM
2026 07 04 18 10 150  1.0  2.0   0.6    MM   6.2 129 1017.6  28.5  28.4  22.8   MM   MM    MM
2026 07 04 18 00 130  1.0  3.0    MM    MM    MM  MM 1017.6  28.5  28.4  22.7   MM -0.6    MM
2026 07 04 17 50 150  1.0  2.0   0.6     8   6.4 133 1017.7  28.6  28.4  23.0   MM   MM    MM
2026 07 04 17 40 110  1.0  2.0    MM    MM    MM  MM 1017.7  28.4  28.4  22.8   MM   MM    MM
2026 07 04 17 30 110  1.0  2.0    MM    MM    MM  MM 1017.8  28.4  28.4  23.1   MM   MM    MM
2026 07 04 17 20 140  1.0  2.0   0.6     8   6.5 113 1017.7  28.4  28.4  23.0   MM   MM    MM
2026 07 04 17 10 130  1.0  2.0   0.6    MM   6.5 113 1017.8  28.3  28.4  22.9   MM   MM    MM
2026 07 04 17 00 150  1.0  2.0    MM    MM    MM  MM 1017.8  28.3  28.3  22.8   MM -0.5    MM
2026 07 04 16 50  MM  0.0  1.0   0.6     9   6.3 131 1018.0  28.7  28.3  23.0   MM   MM    MM
2026 07 04 16 40  MM  0.0  1.0    MM    MM    MM  MM 1018.1  28.4  28.4  22.9   MM   MM    MM
2026 07 04 16 30  80  1.0  2.0    MM    MM    MM  MM 1018.0  28.6  28.3  23.2   MM   MM    MM
2026 07 04 16 20  70  1.0  2.0   0.6     9   6.5 135 1018.1  28.6  28.4  23.1   MM   MM    MM
2026 07 04 16 10  MM  0.0  1.0    MM    MM    MM  MM 1018.2  28.6  28.3  23.2   MM   MM    MM
2026 07 04 16 00  MM  0.0  1.0    MM    MM    MM  MM 1018.3  28.4    MM  23.3   MM +0.0    MM
2026 07 04 15 50  MM  0.0  1.0   0.6     9   6.4 128 1018.5  28.1  28.4  23.3   MM   MM    MM
2026 07 04 15 40 220  1.0  2.0    MM    MM    MM  MM 1018.5  28.0  28.4  23.3   MM   MM    MM
2026 07 04 15 30 210  1.0  2.0    MM    MM    MM  MM 1018.6  28.0  28.3  23.2   MM   MM    MM
2026 07 04 15 20 240  1.0  2.0   0.6     7   6.3 109 1018.5  28.0  28.3  23.3   MM   MM    MM
2026 07 04 15 10 240  1.0  2.0   0.6    MM   6.3 109 1018.4  28.0  28.4  23.4   MM   MM    MM
2026 07 04 15 00 260  1.0  2.0    MM    MM    MM  MM 1018.2  28.0  28.3  23.3   MM +0.4    MM
2026 07 04 14 50  MM  0.0  1.0   0.6     8   6.3 122 1018.1  27.9  28.3  23.3   MM   MM    MM
2026 07 04 14 40 240  1.0  1.0    MM    MM    MM  MM 1018.2  28.0  28.3  23.4   MM   MM    MM
2026 07 04 14 30 240  1.0  2.0    MM    MM    MM  MM 1018.2  28.0  28.3  23.4   MM   MM    MM
2026 07 04 14 20 230  1.0  2.0   0.6     7   6.1 107 1018.2  28.0  28.2  23.4   MM   MM    MM
2026 07 04 14 10 230  2.0  2.0   0.6    MM   6.1 107 1018.2  28.0  28.2  23.4   MM   MM    MM
2026 07 04 14 00 230  1.0  2.0    MM    MM    MM  MM 1018.3  28.0  28.2  23.4   MM +1.0    MM
2026 07 04 13 50 220  1.0  2.0   0.6     8   6.2 101 1018.3  27.9  28.2  23.4   MM   MM    MM
2026 07 04 13 40 240  1.0  2.0    MM    MM    MM  MM 1018.3  28.0  28.2  23.5   MM   MM    MM
2026 07 04 13 30 240  2.0  2.0    MM    MM    MM  MM 1018.2  28.0  28.2  23.5   MM   MM    MM
2026 07 04 13 20 240  2.0  3.0   0.6     7   6.0 114 1018.2  28.0  28.2  23.5   MM   MM    MM
2026 07 04 13 10 230  1.0  2.0   0.6    MM   6.0 114 1018.2  28.3  28.2  23.7   MM   MM    MM
2026 07 04 13 00 190  2.0  2.0    MM    MM    MM  MM 1018.2  28.2  28.1  23.4   MM +1.3    MM
2026 07 04 12 50 180  2.0  2.0   0.6     9   5.8 133 1018.2  28.2  28.1  23.5   MM   MM    MM
2026 07 04 12 40 180  2.0  3.0   0.6    MM   5.8 133 1018.2  28.2  28.1  23.5   MM   MM    MM
2026 07 04 12 30 180  2.0  3.0    MM    MM    MM  MM 1018.1  28.1  28.1  23.4   MM   MM    MM
2026 07 04 12 20 180  2.0  3.0   0.6     8   5.8 110 1018.0  28.1  28.0  23.4   MM   MM    MM
2026 07 04 12 10 180  3.0  3.0   0.6    MM   5.8 110 1017.8  28.0  28.0  23.3   MM   MM    MM
2026 07 04 12 00 190  2.0  3.0    MM    MM    MM  MM 1017.8  28.1  28.0  23.4   MM +1.1    MM
2026 07 04 11 50 190  2.0  3.0   0.6     7   6.1 116 1017.7  28.0  28.0  23.3   MM   MM    MM
2026 07 04 11 40 180  3.0  3.0    MM    MM    MM  MM 1017.5  28.0  28.0  23.6   MM   MM    MM
2026 07 04 11 30 180  2.0  3.0    MM    MM    MM  MM 1017.6  27.9  28.0  23.3   MM   MM    MM
2026 07 04 11 20 190  2.0  3.0   0.6     8   5.8 115 1017.5  27.9  28.0  23.4   MM   MM    MM
2026 07 04 11 10 190  2.0  3.0   0.6    MM   5.8 115 1017.5  27.9  28.0  23.4   MM   MM    MM
2026 07 04 11 00 190  3.0  3.0    MM    MM    MM  MM 1017.3  27.9    MM  23.4   MM +0.3    MM
2026 07 04 10 50 190  3.0  4.0   0.6     9   5.9 124 1017.3  27.8  28.0  23.2   MM   MM    MM
2026 07 04 10 40 190  3.0  4.0    MM    MM    MM  MM 1017.2  27.8  28.0  23.4   MM   MM    MM
2026 07 04 10 30 190  3.0  4.0    MM    MM    MM  MM 1017.2  27.8  28.0  23.5   MM   MM    MM
2026 07 04 10 20 190  3.0  4.0   0.6     8   5.8 121 1017.1  27.8  28.0  23.6   MM   MM    MM
2026 07 04 10 10 190  4.0  5.0   0.6    MM   5.8 121 1017.0  27.8  28.1  23.6   MM   MM    MM
2026 07 04 10 00 190  4.0  4.0    MM    MM    MM  MM 1016.9  27.8  28.1  23.7   MM -0.3    MM
2026 07 04 09 50 190  3.0  4.0   0.6     9   6.1 120 1016.9  27.8  28.1  23.8   MM   MM    MM
2026 07 04 09 40 190  3.0  4.0    MM    MM    MM  MM 1016.7  27.8  28.1  23.7   MM   MM    MM
2026 07 04 09 30 180  3.0  4.0    MM    MM    MM  MM 1016.7  27.8  28.1  23.6   MM   MM    MM
2026 07 04 09 20 190  4.0  5.0   0.6     8   6.3 118 1016.8  27.8  28.1  23.6   MM   MM    MM
2026 07 04 09 10 190  4.0  5.0   0.6    MM   6.3 118 1016.7  27.8  28.2  23.7   MM   MM    MM
2026 07 04 09 00 170  4.0  4.0    MM    MM    MM  MM 1016.7  27.8  28.2  23.7   MM -1.1    MM
2026 07 04 08 50 170  3.0  4.0   0.7     8   6.6 119 1016.7  27.9  28.2  23.8   MM   MM    MM
2026 07 04 08 40 180  4.0  4.0    MM    MM    MM  MM 1016.7  27.9  28.2  23.6   MM   MM    MM
2026 07 04 08 30 180  3.0  4.0    MM    MM    MM  MM 1016.8  27.9  28.2  23.4   MM   MM    MM
2026 07 04 08 20 190  3.0  4.0   0.6     9   6.5 134 1016.9  27.9  28.2  23.2   MM   MM    MM
2026 07 04 08 10 180  3.0  4.0   0.6    MM   6.5 134 1017.0  27.9  28.3  23.5   MM   MM    MM
2026 07 04 08 00 180  3.0  4.0    MM    MM    MM  MM 1017.0  27.8    MM  23.4   MM -1.2    MM
2026 07 04 07 50 180  3.0  3.0   0.6     9   6.4 126 1017.0  27.8  28.3  23.6   MM   MM    MM
2026 07 04 07 40 180  2.0  3.0    MM    MM    MM  MM 1017.0  27.9  28.3  23.8   MM   MM    MM
2026 07 04 07 30 200  2.0  2.0    MM    MM    MM  MM 1017.1  27.9  28.4  23.6   MM   MM    MM
2026 07 04 07 20 190  2.0  3.0   0.6     8   6.4 123 1017.0  27.8  28.4  23.4   MM   MM    MM
2026 07 04 07 10 160  2.0  3.0   0.6    MM   6.4 123 1017.1  27.8  28.4  24.1   MM   MM    MM
2026 07 04 07 00 160  2.0  3.0    MM    MM    MM  MM 1017.2  27.8    MM  24.1   MM -1.5    MM
2026 07 04 06 50 160  2.0  3.0   0.6     8   6.2 116 1017.2  27.8  28.5  24.1   MM   MM    MM
2026 07 04 06 40 150  2.0  3.0    MM    MM    MM  MM 1017.5  27.8  28.5  24.2   MM   MM    MM
2026 07 04 06 30 150  3.0  3.0    MM    MM    MM  MM 1017.6  27.8  28.5  24.2   MM   MM    MM
2026 07 04 06 20 150  3.0  3.0   0.7     8   6.4 126 1017.5  27.8  28.5  24.0   MM   MM    MM
2026 07 04 06 10 150  3.0  4.0    MM    MM    MM  MM 1017.7  27.8  28.5  24.0   MM   MM    MM
2026 07 04 06 00 150  3.0  4.0    MM    MM    MM  MM 1017.8  27.8    MM  23.9   MM -1.0    MM
2026 07 04 05 50 150  3.0  4.0   0.6     8   6.2 127 1017.9  27.8  28.5  24.0   MM   MM    MM
2026 07 04 05 40 150  3.0  4.0    MM    MM    MM  MM 1018.0  27.8  28.5  24.0   MM   MM    MM
2026 07 04 05 30 150  3.0  3.0    MM    MM    MM  MM 1017.8  27.8  28.5  24.0   MM   MM    MM
2026 07 04 05 20 140  3.0  3.0   0.7     8   6.4 123 1018.1  27.8  28.5  23.9   MM   MM    MM
2026 07 04 05 10 140  3.0  4.0   0.7    MM   6.4 123 1018.1  27.8  28.5  23.9   MM   MM    MM
2026 07 04 05 00 140  2.0  3.0    MM    MM    MM  MM 1018.2  27.8    MM  23.7   MM +0.0    MM
2026 07 04 04 50 150  2.0  3.0   0.7     8   6.5 113 1018.3  27.8  28.5  23.7   MM   MM    MM
2026 07 04 04 40 140  2.0  3.0    MM    MM    MM  MM 1018.5  27.8  28.5  23.7   MM   MM    MM
2026 07 04 04 30 140  2.0  3.0    MM    MM    MM  MM 1018.6  27.8  28.5  23.7   MM   MM    MM
2026 07 04 04 20 140  3.0  3.0   0.7     8   6.5 119 1018.6  27.8  28.5  23.6   MM   MM    MM
2026 07 04 04 10 140  3.0  4.0   0.7    MM   6.5 119 1018.7  27.9  28.5  23.7   MM   MM    MM
2026 07 04 04 00 140  3.0  4.0    MM    MM    MM  MM 1018.7  27.9  28.5  23.6   MM +0.8    MM
2026 07 04 03 50 130  4.0  5.0   0.6     8   6.4 115 1018.5  27.9  28.5  23.4   MM   MM    MM
2026 07 04 03 40 130  4.0  4.0   0.6    MM   6.4 115 1018.5  28.0  28.5  23.5   MM   MM    MM
2026 07 04 03 30 140  4.0  4.0    MM    MM    MM  MM 1018.6  28.0  28.5  23.0   MM   MM    MM
2026 07 04 03 20 140  3.0  4.0   0.6     9   6.3 119 1018.8  28.0  28.6  23.2   MM   MM    MM
2026 07 04 03 10 140  3.0  4.0   0.6    MM   6.3 119 1018.9  27.9  28.6  23.1   MM   MM    MM
2026 07 04 03 00 140  3.0  4.0    MM    MM    MM  MM 1018.8  27.9  28.6  23.3   MM +1.2    MM
2026 07 04 02 50 140  4.0  4.0   0.6     9   6.3 110 1018.8  27.8  28.6  23.2   MM   MM    MM
2026 07 04 02 40 140  3.0  4.0    MM    MM    MM  MM 1018.7  27.9  28.6  23.5   MM   MM    MM
2026 07 04 02 30 130  3.0  4.0    MM    MM    MM  MM 1018.8  27.9  28.6  23.4   MM   MM    MM
2026 07 04 02 20 130  3.0  4.0   0.6     8   6.3 117 1018.9  27.9  28.5  23.3   MM   MM    MM
2026 07 04 02 10 130  3.0  4.0    MM    MM    MM  MM 1018.6  27.8  28.5  23.2   MM   MM    MM
2026 07 04 02 00 140  3.0  4.0    MM    MM    MM  MM 1018.4  27.8    MM  23.4   MM +0.7    MM
2026 07 04 01 50 130  4.0  4.0   0.6     8   6.1 108 1018.4  27.8  28.3  23.3   MM   MM    MM
2026 07 04 01 40 130  4.0  5.0    MM    MM    MM  MM 1018.1  27.8  28.4  23.3   MM   MM    MM
2026 07 04 01 30 130  4.0  4.0    MM    MM    MM  MM 1018.1  27.8  28.4  23.3   MM   MM    MM
2026 07 04 01 20 120  4.0  4.0   0.6     8   6.2 126 1018.0  27.7  28.5  23.4   MM   MM    MM
2026 07 04 01 10 130  3.0  4.0   0.6    MM   6.2 126 1017.9  27.7  28.5  23.5   MM   MM    MM
2026 07 04 01 00 130  3.0  4.0    MM    MM    MM  MM 1017.9  27.7  28.4  23.5   MM -0.0    MM
2026 07 04 00 50 130  3.0  4.0   0.5     8   5.9 121 1018.0  27.7  28.5  23.5   MM   MM    MM
2026 07 04 00 40 130  4.0  5.0    MM    MM    MM  MM 1017.6  27.7  28.6  23.6   MM   MM    MM
2026 07 04 00 30 130  4.0  5.0    MM    MM    MM  MM 1017.4  27.7  28.7  23.4   MM   MM    MM
2026 07 04 00 20 130  4.0  5.0   0.7     8   6.5 118 1017.4  27.8  28.7  23.3   MM   MM    MM
2026 07 04 00 10 140  4.0  5.0   0.7    MM   6.5 118 1017.6  27.8  28.6  23.1   MM   MM    MM
2026 07 04 00 00 130  4.0  4.0    MM    MM    MM  MM 1017.6  27.9  28.6  23.1   MM -0.7    MM
2026 07 03 23 50 130  4.0  4.0   0.6     7   6.0 113 1017.7  28.0  28.7  22.8   MM   MM    MM
2026 07 03 23 40 130  3.0  4.0    MM    MM    MM  MM 1017.6  28.0  28.9  22.7   MM   MM    MM
2026 07 03 23 30 130  3.0  4.0    MM    MM    MM  MM 1017.5  28.1  28.9  22.7   MM   MM    MM
2026 07 03 23 20 130  3.0  4.0   0.6     7   6.0 103 1017.6  28.1  29.0  22.8   MM   MM    MM
2026 07 03 23 10 120  3.0  4.0   0.6    MM   6.0 103 1017.5  28.1  29.0  22.8   MM   MM    MM
2026 07 03 23 00 110  3.0  4.0    MM    MM    MM  MM 1017.7  28.0    MM  22.5   MM -1.3    MM
2026 07 03 22 50 110  3.0  4.0   0.6     8   5.9 128 1017.8  28.0  28.7  22.4   MM   MM    MM
2026 07 03 22 40 100  3.0  4.0    MM    MM    MM  MM 1017.7  28.0  28.8  22.3   MM   MM    MM
2026 07 03 22 30 110  3.0  4.0    MM    MM    MM  MM 1017.6  28.0  28.8  22.4   MM   MM    MM
2026 07 03 22 20 110  3.0  4.0   0.7     8   6.2 122 1017.5  28.0    MM  22.3   MM   MM    MM
2026 07 03 22 10 110  3.0  3.0   0.7    MM   6.2 122 1017.7  28.0  29.0  22.4   MM   MM    MM
2026 07 03 22 00 110  3.0  4.0    MM    MM    MM  MM 1017.7  27.9  28.9  22.1   MM -1.7    MM
2026 07 03 21 50 100  2.0  3.0   0.6     8   6.1 126 1017.8  28.0  29.0  22.4   MM   MM    MM
2026 07 03 21 40 110  2.0  3.0    MM    MM    MM  MM 1018.1  27.9    MM  22.4   MM   MM    MM
2026 07 03 21 30 100  2.0  3.0    MM    MM    MM  MM 1018.3  27.9    MM  22.5   MM   MM    MM
2026 07 03 21 20 110  3.0  4.0   0.6     8   5.9 119 1018.2  27.8    MM  22.4   MM   MM    MM
2026 07 03 21 10 100  3.0  4.0   0.6    MM   5.9 119 1018.3  27.8  29.0  22.6   MM   MM    MM
2026 07 03 21 00 100  2.0  4.0    MM    MM    MM  MM 1018.3  27.8  29.1  22.5   MM -1.6    MM
2026 07 03 20 50  90  3.0  3.0   0.7     8   6.1 122 1018.4  27.8  28.8  22.5   MM   MM    MM
2026 07 03 20 40  90  3.0  4.0   0.7    MM   6.1 122 1018.4  27.8  29.0  22.6   MM   MM    MM
2026 07 03 20 30  90  2.0  3.0    MM    MM    MM  MM 1018.6  27.7  28.8  22.2   MM   MM    MM
2026 07 03 20 20  80  2.0  3.0   0.7     8   6.2 123 1018.7    MM  28.9    MM   MM   MM    MM
2026 07 03 20 10  80  2.0  3.0    MM    MM    MM  MM 1018.9  27.7  28.8  22.2   MM   MM    MM
2026 07 03 20 00  70  2.0  3.0    MM    MM    MM  MM 1019.0  27.7    MM  22.4   MM -1.1    MM
2026 07 03 19 50  70  2.0  4.0   0.6     8   5.9 123 1019.2  27.7  28.6  22.3   MM   MM    MM
2026 07 03 19 40  70  2.0  3.0    MM    MM    MM  MM 1019.3  27.7  28.8  22.3   MM   MM    MM
2026 07 03 19 30  80  3.0  3.0    MM    MM    MM  MM 1019.3  27.7  28.7  22.4   MM   MM    MM
2026 07 03 19 20  80  2.0  3.0   0.7     8   6.2 114 1019.4  27.6    MM  22.2   MM   MM    MM
2026 07 03 19 10  70  2.0  3.0   0.7    MM   6.2 114 1019.4  27.6  28.7  22.3   MM   MM    MM
2026 07 03 19 00  80  2.0  3.0    MM    MM    MM  MM 1019.4  27.6    MM  22.5   MM -0.8    MM
2026 07 03 18 50  70  2.0  3.0   0.7     9   6.0 123 1019.5  27.6  28.8  22.5   MM   MM    MM
2026 07 03 18 40  80  2.0  3.0    MM    MM    MM  MM 1019.6  27.5  28.7  22.3   MM   MM    MM
2026 07 03 18 30  60  2.0  3.0    MM    MM    MM  MM 1019.4  27.5  28.6  22.2   MM   MM    MM
2026 07 03 18 20  60  2.0  2.0   0.7     8   6.3 120 1019.6  27.5  28.7  22.2   MM   MM    MM
2026 07 03 18 10  60  2.0  3.0   0.7    MM   6.3 120 1019.7  27.5  28.7  22.2   MM   MM    MM
2026 07 03 18 00  60  2.0  3.0    MM    MM    MM  MM 1019.9  27.5  28.6  22.3   MM -0.4    MM
2026 07 03 17 50  70  2.0  3.0   0.7     8   6.2 128 1019.8  27.4  28.5  22.2   MM   MM    MM
2026 07 03 17 40  50  3.0  3.0    MM    MM    MM  MM 1019.8  27.4  28.5  22.3   MM   MM    MM
2026 07 03 17 30  60  3.0  4.0    MM    MM    MM  MM 1019.8  27.4  28.4  22.4   MM   MM    MM
2026 07 03 17 20  60  3.0  3.0   0.7     8   6.3 122 1019.9  27.4  28.4  22.5   MM   MM    MM
2026 07 03 17 10  50  2.0  3.0   0.7    MM   6.3 122 1020.0  27.4  28.4  22.4   MM   MM    MM
2026 07 03 17 00  60  3.0  4.0    MM    MM    MM  MM 1020.1  27.3  28.5  22.3   MM +0.0    MM
2026 07 03 16 50  60  3.0  4.0   0.7     8   6.2 106 1020.1  27.4  28.4  22.5   MM   MM    MM
2026 07 03 16 40  50  3.0  4.0   0.7    MM   6.2 106 1020.1  27.4  28.3  22.4   MM   MM    MM
2026 07 03 16 30  40  3.0  3.0    MM    MM    MM  MM 1020.1  27.4  28.3  22.4   MM   MM    MM
2026 07 03 16 20  50  3.0  4.0   0.7     8   6.2 109 1020.2  27.4  28.3  22.3   MM   MM    MM
2026 07 03 16 10  50  3.0  3.0   0.7    MM   6.2 109 1020.2  27.4  28.3  22.4   MM   MM    MM
2026 07 03 16 00  50  3.0  4.0    MM    MM    MM  MM 1020.2  27.4  28.2  22.4   MM +0.0    MM
2026 07 03 15 50  50  3.0  4.0   0.7     8   6.1 116 1020.2  27.4  28.3  22.3   MM   MM    MM
2026 07 03 15 40  50  3.0  4.0    MM    MM    MM  MM 1020.2  27.4  28.3  22.3   MM   MM    MM
2026 07 03 15 30  40  3.0  4.0    MM    MM    MM  MM 1020.2  27.3  28.3  22.2   MM   MM    MM
2026 07 03 15 20  30  3.0  4.0   0.7     8   6.1 116 1020.3  27.4  28.3  22.5   MM   MM    MM
2026 07 03 15 10  30  3.0  4.0    MM    MM    MM  MM 1020.2  27.3  28.2  22.3   MM   MM    MM
2026 07 03 15 00  40  3.0  3.0    MM    MM    MM  MM 1020.3  27.4    MM  22.6   MM +0.9    MM
2026 07 03 14 50  40  3.0  3.0   0.8     8   6.3 117 1020.3  27.4  28.2  22.5   MM   MM    MM
2026 07 03 14 40  40  3.0  3.0    MM    MM    MM  MM 1020.2  27.4  28.1  22.5   MM   MM    MM
2026 07 03 14 30  40  2.0  3.0    MM    MM    MM  MM 1020.1  27.4  28.2  22.5   MM   MM    MM
2026 07 03 14 20  40  2.0  3.0   0.7     8   6.2 118 1020.1  27.5  28.1  22.7   MM   MM    MM
2026 07 03 14 10  30  2.0  3.0   0.7    MM   6.2 118 1020.0  27.5  28.1  22.7   MM   MM    MM
2026 07 03 14 00  40  2.0  3.0    MM    MM    MM  MM 1020.0  27.5  28.1  22.7   MM +1.1    MM
2026 07 03 13 50  40  2.0  3.0   0.7     8   6.1 110 1019.9  27.4  28.1  22.6   MM   MM    MM
2026 07 03 13 40  30  2.0  3.0    MM    MM    MM  MM 1020.0  27.4  28.1  22.7   MM   MM    MM
2026 07 03 13 30  20  2.0  3.0    MM    MM    MM  MM 1020.0  27.4  28.0  22.6   MM   MM    MM
2026 07 03 13 20  20  2.0  2.0   0.7     8   6.2 116 1020.2  27.5  28.0  22.6   MM   MM    MM
2026 07 03 13 10  30  1.0  2.0    MM    MM    MM  MM 1020.2  27.5  28.0  22.5   MM   MM    MM
2026 07 03 13 00  30  1.0  2.0    MM    MM    MM  MM 1020.2    MM  28.0    MM   MM +1.4    MM
2026 07 03 12 50  40  2.0  2.0   0.7     7   6.1 111 1020.1  27.6  28.0  22.6   MM   MM    MM
2026 07 03 12 40  50  1.0  2.0    MM    MM    MM  MM 1020.0  27.7  28.0  22.6   MM   MM    MM
2026 07 03 12 30  50  2.0  2.0    MM    MM    MM  MM 1020.0  27.6  28.0  22.6   MM   MM    MM
2026 07 03 12 20  40  2.0  2.0   0.7     8   6.1 114 1019.7  27.5  28.0  22.7   MM   MM    MM
2026 07 03 12 10  40  2.0  3.0    MM    MM    MM  MM 1019.6  27.5  28.0  22.7   MM   MM    MM
2026 07 03 12 00  50  2.0  3.0    MM    MM    MM  MM 1019.4  27.6  28.0  22.9   MM +1.0    MM
2026 07 03 11 50  60  2.0  3.0   0.7     8   6.0 113 1019.2  27.6  28.0  22.9   MM   MM    MM
2026 07 03 11 40  50  2.0  3.0    MM    MM    MM  MM 1019.3  27.5  28.0  22.8   MM   MM    MM
2026 07 03 11 30  50  2.0  3.0    MM    MM    MM  MM 1019.3  27.4  28.0  22.8   MM   MM    MM
2026 07 03 11 20  50  2.0  3.0   0.7     8   6.2 116 1019.1  27.4  28.0  22.7   MM   MM    MM
2026 07 03 11 10  60  2.0  3.0    MM    MM    MM  MM 1019.1  27.4  28.0  22.7   MM   MM    MM
2026 07 03 11 00  60  2.0  3.0    MM    MM    MM  MM 1018.9  27.4  27.9  22.8   MM +0.6    MM
2026 07 03 10 50  70  2.0  3.0   0.7     8   5.8 124 1018.9  27.4  27.9  22.8   MM   MM    MM
2026 07 03 10 40  80  2.0  3.0    MM    MM    MM  MM 1018.9  27.3  27.9  22.7   MM   MM    MM
2026 07 03 10 30  80  2.0  2.0    MM    MM    MM  MM 1018.9  27.3  27.9  22.6   MM   MM    MM
2026 07 03 10 20  80  2.0  2.0   0.7     8   5.8 123 1018.9  27.3  27.9  22.6   MM   MM    MM
2026 07 03 10 10  80  2.0  2.0   0.7    MM   5.8 123 1018.8  27.3  27.9  22.7   MM   MM    MM
2026 07 03 10 00  70  2.0  2.0    MM    MM    MM  MM 1018.8  27.2  27.9  22.6   MM +0.5    MM
2026 07 03 09 50  70  2.0  2.0   0.7     8   5.5 129 1018.7  27.3  27.9  22.7   MM   MM    MM
2026 07 03 09 40  90  2.0  2.0    MM    MM    MM  MM 1018.6  27.3  27.9  22.7   MM   MM    MM
2026 07 03 09 30 100  2.0  2.0    MM    MM    MM  MM 1018.5  27.2  27.9  22.6   MM   MM    MM
2026 07 03 09 20  90  1.0  2.0   0.8     8   5.5 107 1018.4  27.3  27.9  22.8   MM   MM    MM
2026 07 03 09 10  90  2.0  2.0   0.8    MM   5.5 107 1018.3  27.3  27.9  22.8   MM   MM    MM
2026 07 03 09 00  80  1.0  2.0    MM    MM    MM  MM 1018.4  27.3  27.9  22.7   MM +0.0    MM
2026 07 03 08 50  80  1.0  2.0   0.8     8   5.5 111 1018.4  27.3  27.9  22.8   MM   MM    MM
2026 07 03 08 40  80  1.0  2.0    MM    MM    MM  MM 1018.4  27.3  27.9  22.9   MM   MM    MM
2026 07 03 08 30  90  1.0  2.0    MM    MM    MM  MM 1018.4  27.3  27.9  22.8   MM   MM    MM
2026 07 03 08 20  90  1.0  2.0   0.8     8   5.4 130 1018.3  27.3  27.9  22.9   MM   MM    MM
2026 07 03 08 10 110  1.0  2.0   0.8    MM   5.4 130 1018.3  27.4  27.9  22.8   MM   MM    MM
2026 07 03 08 00 100  2.0  2.0    MM    MM    MM  MM 1018.3  27.4    MM  22.8   MM -0.5    MM
2026 07 03 07 50 100  2.0  3.0   0.8     8   5.4 108 1018.3  27.4  27.9  22.8   MM   MM    MM
2026 07 03 07 40 110  2.0  2.0    MM    MM    MM  MM 1018.3  27.4  27.9  22.9   MM   MM    MM
2026 07 03 07 30 110  2.0  3.0    MM    MM    MM  MM 1018.2  27.4  27.9  22.9   MM   MM    MM
2026 07 03 07 20 110  3.0  3.0   0.8     8   5.6 126 1018.1  27.4  27.9  22.9   MM   MM    MM
2026 07 03 07 10 120  3.0  4.0   0.8    MM   5.6 126 1018.1  27.4  28.0  22.9   MM   MM    MM
2026 07 03 07 00 120  3.0  4.0    MM    MM    MM  MM 1018.3  27.4  27.9  23.0   MM -0.6    MM
2026 07 03 06 50 130  3.0  5.0   0.8     8   5.7 122 1018.4  27.4  27.9  23.2   MM   MM    MM
2026 07 03 06 40 130  4.0  5.0    MM    MM    MM  MM 1018.4  27.4  27.9  23.2   MM   MM    MM
2026 07 03 06 30 130  4.0  5.0    MM    MM    MM  MM 1018.3  27.4  27.9  23.2   MM   MM    MM
2026 07 03 06 20 130  4.0  5.0   0.8     8   5.5 110 1018.4  27.4  27.9  23.1   MM   MM    MM
2026 07 03 06 10 120  4.0  5.0   0.8    MM   5.5 110 1018.4  27.4  27.9  23.1   MM   MM    MM
2026 07 03 06 00 120  4.0  5.0    MM    MM    MM  MM 1018.5  27.4    MM  23.0   MM -0.5    MM
2026 07 03 05 50 120  4.0  5.0   0.8     9   5.8 116 1018.5  27.4  27.9  23.0   MM   MM    MM
2026 07 03 05 40 120  4.0  5.0    MM    MM    MM  MM 1018.6  27.4  27.9  22.9   MM   MM    MM
2026 07 03 05 30 120  4.0  5.0    MM    MM    MM  MM 1018.7  27.4  27.9  22.9   MM   MM    MM
2026 07 03 05 20 130  4.0  5.0   0.9     8   5.9 119 1018.8  27.5  27.9  22.9   MM   MM    MM
2026 07 03 05 10 130  4.0  5.0   0.9    MM   5.9 119 1018.7  27.5  27.9  22.7   MM   MM    MM
2026 07 03 05 00 110  4.0  4.0    MM    MM    MM  MM 1018.8  27.5  27.9  22.8   MM +0.0    MM
2026 07 03 04 50 120  4.0  5.0   0.8     8   5.7 111 1019.0  27.5  27.9  22.9   MM   MM    MM
2026 07 03 04 40 120  4.0  5.0    MM    MM    MM  MM 1019.0  27.5  27.9  22.8   MM   MM    MM
2026 07 03 04 30 130  4.0  5.0    MM    MM    MM  MM 1019.0  27.5  27.9  22.9   MM   MM    MM
2026 07 03 04 20 120  4.0  5.0   0.9     8   5.6 110 1019.0  27.5  27.9  22.8   MM   MM    MM
2026 07 03 04 10 120  4.0  5.0    MM    MM    MM  MM 1018.9  27.5  27.9  22.8   MM   MM    MM
2026 07 03 04 00 110  4.0  5.0    MM    MM    MM  MM 1018.9  27.5    MM  22.7   MM +0.3    MM
2026 07 03 03 50 110  4.0  5.0   0.8     8   5.7 113 1018.8  27.5  27.9  22.7   MM   MM    MM
2026 07 03 03 40 110  4.0  5.0    MM    MM    MM  MM 1018.8  27.5  28.0  22.8   MM   MM    MM
2026 07 03 03 30 120  4.0  5.0    MM    MM    MM  MM 1018.9  27.5  27.9  22.6   MM   MM    MM
2026 07 03 03 20 120  4.0  5.0   0.8     8   5.5 105 1019.0  27.5  27.9  22.7   MM   MM    MM
2026 07 03 03 10 110  4.0  5.0   0.8    MM   5.5 105 1019.0  27.5  28.0  22.6   MM   MM    MM
2026 07 03 03 00 100  4.0  5.0    MM    MM    MM  MM 1019.0  27.4  28.0  22.7   MM +0.4    MM
2026 07 03 02 50 110  4.0  5.0   0.9     8   5.4 105 1019.0  27.5  28.0  22.9   MM   MM    MM
2026 07 03 02 40 110  5.0  5.0    MM    MM    MM  MM 1018.9  27.4  28.0  22.6   MM   MM    MM
2026 07 03 02 30 100  5.0  6.0    MM    MM    MM  MM 1018.9  27.4  28.0  22.7   MM   MM    MM
2026 07 03 02 20 100  5.0  6.0   0.8     8   5.4  87 1018.9  27.3  28.0  22.7   MM   MM    MM
2026 07 03 02 10 100  5.0  6.0   0.8    MM   5.4  87 1018.8  27.4  28.0  23.0   MM   MM    MM
2026 07 03 02 00 100  5.0  6.0    MM    MM    MM  MM 1018.9  27.3  28.0  22.8   MM +0.4    MM
2026 07 03 01 50 100  5.0  6.0   0.8     8   5.2 113 1018.8  27.3  28.0  22.7   MM   MM    MM
2026 07 03 01 40 100  5.0  6.0    MM    MM    MM  MM 1018.7  27.3  28.0  22.7   MM   MM    MM
2026 07 03 01 30 100  5.0  6.0    MM    MM    MM  MM 1018.6  27.3  28.1  22.6   MM   MM    MM
2026 07 03 01 20  90  5.0  5.0   0.8     8   5.5  99 1018.6  27.3  28.1  22.5   MM   MM    MM
2026 07 03 01 10  90  5.0  6.0   0.8    MM   5.5  99 1018.6  27.3  28.1  22.5   MM   MM    MM
2026 07 03 01 00 100  5.0  6.0    MM    MM    MM  MM 1018.6  27.3  28.1  22.4   MM +0.0    MM
2026 07 03 00 50  80  4.0  5.0   0.7     8   5.2 102 1018.5  27.3  28.1  22.4   MM   MM    MM
2026 07 03 00 40  80  5.0  6.0   0.7    MM   5.2 102 1018.5  27.3  28.2  22.4   MM   MM    MM
2026 07 03 00 30  90  5.0  6.0    MM    MM    MM  MM 1018.6  27.3  28.2  22.3   MM   MM    MM
2026 07 03 00 20  90  4.0  5.0   0.8     8   5.7  77 1018.6  27.3  28.2  22.3   MM   MM    MM
2026 07 03 00 10  90  5.0  6.0   0.8    MM   5.7  77 1018.7  27.3  28.2  22.3   MM   MM    MM
2026 07 03 00 00  90  4.0  5.0    MM    MM    MM  MM 1018.6  27.3    MM  22.3   MM -0.5    MM
2026 07 02 23 50  80  4.0  5.0   0.8     9   6.1 111 1018.7  27.4  28.3  22.4   MM   MM    MM
2026 07 02 23 40  80  4.0  5.0    MM    MM    MM  MM 1018.7  27.3  28.3  22.2   MM   MM    MM
2026 07 02 23 10  80  4.0  5.0   0.8    MM   5.7 102 1018.6  27.3  28.3  22.0   MM   MM    MM
2026 07 02 23 00  80  4.0  5.0    MM    MM    MM  MM 1018.5  27.3  28.4  22.0   MM -0.6    MM
2026 07 02 22 50  90  4.0  5.0   0.8     8   5.8 108 1018.5  27.3  28.4  22.0   MM   MM    MM
2026 07 02 22 40  80  4.0  5.0    MM    MM    MM  MM 1018.5  27.3  28.4  22.1   MM   MM    MM
2026 07 02 22 30  80  4.0  5.0    MM    MM    MM  MM 1018.6  27.3  28.4  22.0   MM   MM    MM
2026 07 02 22 20  80  4.0  5.0   0.8     8   5.9  98 1018.5  27.3  28.4  22.0   MM   MM    MM
2026 07 02 22 10  70  4.0  5.0   0.8    MM   5.9  98 1018.6  27.3  28.4  21.9   MM   MM    MM
2026 07 02 22 00  70  4.0  5.0    MM    MM    MM  MM 1018.7  27.3  28.4  21.8   MM -1.0    MM
2026 07 02 21 50  70  4.0  5.0   0.8     8   5.6  97 1018.8  27.3  28.4  21.7   MM   MM    MM
2026 07 02 21 40  70  4.0  5.0    MM    MM    MM  MM 1018.7  27.3  28.4  21.7   MM   MM    MM
2026 07 02 21 30  70  4.0  5.0    MM    MM    MM  MM 1018.8  27.3  28.4  21.6   MM   MM    MM
2026 07 02 21 20  70  4.0  5.0   0.8     8   5.6 103 1018.9  27.3  28.4  21.7   MM   MM    MM
2026 07 02 21 10  70  4.0  4.0   0.8    MM   5.6 103 1019.0  27.2  28.5  21.3   MM   MM    MM
2026 07 02 21 00  80  4.0  5.0    MM    MM    MM  MM 1019.1  27.2  28.5  21.3   MM -0.8    MM
2026 07 02 20 50  70  4.0  5.0   0.7     8   5.4 102 1019.0  27.2  28.5  21.4   MM   MM    MM
2026 07 02 20 40  70  4.0  5.0    MM    MM    MM  MM 1019.0  27.1  28.5  21.2   MM   MM    MM
2026 07 02 20 30  70  4.0  5.0    MM    MM    MM  MM 1019.1  27.1  28.5  21.1   MM   MM    MM
2026 07 02 20 20  70  4.0  5.0   0.8     7   5.7 102 1019.1  27.1  28.5  20.9   MM   MM    MM
2026 07 02 20 10  80  3.0  5.0   0.8    MM   5.7 102 1019.2  27.0  28.5  20.4   MM   MM    MM
2026 07 02 20 00  80  4.0  5.0    MM    MM    MM  MM 1019.1  27.0  28.5  20.9   MM -1.0    MM
2026 07 02 19 50  60  4.0  5.0   0.8     8   5.7  90 1019.2  26.9  28.5  21.0   MM   MM    MM
2026 07 02 19 40  60  4.0  5.0    MM    MM    MM  MM 1019.3  26.9    MM  21.1   MM   MM    MM
2026 07 02 19 30  70  4.0  5.0    MM    MM    MM  MM 1019.4  27.0  28.5  21.5   MM   MM    MM
2026 07 02 19 20  70  4.0  5.0   0.9    MM   5.8 103 1019.4    MM  28.5    MM   MM   MM    MM
2026 07 02 19 10  70  4.0  5.0   0.9    MM   5.8 103 1019.5  26.9  28.5  21.1   MM   MM    MM
2026 07 02 19 00  60  4.0  5.0    MM    MM    MM  MM 1019.7  26.9    MM  21.2   MM +0.0    MM
2026 07 02 18 50  60  4.0  5.0   0.8     7   5.8 103 1019.7  26.9  28.5  21.4   MM   MM    MM
2026 07 02 18 40  50  4.0  5.0    MM    MM    MM  MM 1019.8  26.9  28.5  21.4   MM   MM    MM
2026 07 02 18 30  60  3.0  4.0    MM    MM    MM  MM 1020.0  26.8  28.4  21.2   MM   MM    MM
2026 07 02 18 20  70  3.0  5.0   0.8     9   5.8 121 1019.9  26.8  28.4  21.2   MM   MM    MM
2026 07 02 18 10  60  3.0  5.0   0.8    MM   5.8 121 1019.9  26.8  28.4  20.9   MM   MM    MM
2026 07 02 18 00  60  3.0  5.0    MM    MM    MM  MM 1019.9  26.8  28.4  20.9   MM +0.0    MM
2026 07 02 17 50  50  3.0  4.0   0.8     8   5.7 104 1019.9  26.7  28.4  20.8   MM   MM    MM
2026 07 02 17 40  40  3.0  4.0    MM    MM    MM  MM 1019.9  26.7  28.3  20.8   MM   MM    MM
2026 07 02 17 30  40  2.0  3.0    MM    MM    MM  MM 1020.1  26.7  28.4  20.9   MM   MM    MM
2026 07 02 17 20  40  2.0  4.0   0.8     8   5.8 110 1020.1  26.7  28.4  20.9   MM   MM    MM
2026 07 02 17 10  30  3.0  4.0    MM    MM    MM  MM 1020.1  26.7  28.3  21.1   MM   MM    MM
2026 07 02 17 00  40  3.0  3.0    MM    MM    MM  MM 1020.1  26.6  28.3  20.9   MM +0.4    MM
2026 07 02 16 50  40  2.0  3.0   0.9     8   6.0 109 1020.1  26.6  28.2  21.0   MM   MM    MM
2026 07 02 16 40  30  3.0  3.0    MM    MM    MM  MM 1020.0  26.6  28.2  21.0   MM   MM    MM
2026 07 02 16 30  50  3.0  4.0    MM    MM    MM  MM 1019.8  26.6  28.2  21.0   MM   MM    MM
2026 07 02 16 20  60  3.0  3.0   0.9     8   6.1 105 1019.8  26.6  28.2  21.1   MM   MM    MM
2026 07 02 16 10  50  3.0  4.0   0.9    MM   6.1 105 1019.8  26.6  28.2  21.1   MM   MM    MM
2026 07 02 16 00  50  3.0  4.0    MM    MM    MM  MM 1019.9  26.7  28.1  21.3   MM +0.7    MM
2026 07 02 15 50  40  3.0  3.0   0.9     8   6.1 111 1020.0  26.7  28.1  21.2   MM   MM    MM
2026 07 02 15 40  40  3.0  4.0    MM    MM    MM  MM 1020.0  26.7  28.1  21.3   MM   MM    MM
2026 07 02 15 30  40  3.0  3.0    MM    MM    MM  MM 1020.0  26.7  28.1  21.3   MM   MM    MM
2026 07 02 15 20  40  3.0  4.0   0.9     8   6.2 114 1020.1  26.7  28.1  21.2   MM   MM    MM
2026 07 02 15 10  30  3.0  4.0   0.9    MM   6.2 114 1019.9  26.7  28.0  21.4   MM   MM    MM
2026 07 02 15 00  30  3.0  4.0    MM    MM    MM  MM 1019.9  26.7  28.0  21.4   MM +0.9    MM
2026 07 02 14 50  40  3.0  5.0   0.9     8   6.3 108 1019.8  26.7  28.0  21.3   MM   MM    MM
2026 07 02 14 40  30  3.0  4.0    MM    MM    MM  MM 1019.9  26.7  28.0  21.3   MM   MM    MM
2026 07 02 14 30  20  3.0  5.0    MM    MM    MM  MM 1019.8  26.7  28.0  21.2   MM   MM    MM
2026 07 02 14 20  40  3.0  4.0   0.8     9   5.8 110 1019.7  26.8  28.0  21.4   MM   MM    MM
2026 07 02 14 10  40  3.0  4.0    MM    MM    MM  MM 1019.7  26.7  27.9  21.3   MM   MM    MM
2026 07 02 14 00  30  3.0  4.0    MM    MM    MM  MM 1019.7  26.7  27.9  21.3   MM +1.2    MM
2026 07 02 13 50  20  3.0  4.0   0.8     8   5.7 103 1019.7  26.7  27.9  21.4   MM   MM    MM
2026 07 02 13 40  30  3.0  4.0    MM    MM    MM  MM 1019.6  26.8  27.9  21.5   MM   MM    MM
2026 07 02 13 30  20  3.0  4.0    MM    MM    MM  MM 1019.6  26.8  27.9  21.5   MM   MM    MM
2026 07 02 13 20  20  3.0  4.0   0.8     9   5.8  99 1019.4  26.7  27.9  21.3   MM   MM    MM
2026 07 02 13 10  30  3.0  4.0   0.8    MM   5.8  99 1019.2  26.8  27.9  21.5   MM   MM    MM
2026 07 02 13 00  40  3.0  3.0    MM    MM    MM  MM 1019.2  26.7    MM  21.3   MM +0.8    MM
2026 07 02 12 50  30  3.0  3.0   0.8     8   5.7  97 1019.1  26.8  27.9  21.4   MM   MM    MM
2026 07 02 12 40  30  2.0  3.0    MM    MM    MM  MM 1019.1  26.8  27.9  21.2   MM   MM    MM
2026 07 02 12 30  20  2.0  3.0    MM    MM    MM  MM 1019.1  26.8  27.9  21.1   MM   MM    MM
2026 07 02 12 20  10  2.0  3.0   0.7     8   5.4  92 1019.0  26.7  27.9  21.1   MM   MM    MM
2026 07 02 12 10  20  3.0  3.0   0.7    MM   5.4  92 1019.0  26.8  27.9  21.2   MM   MM    MM
2026 07 02 12 00  30  2.0  3.0    MM    MM    MM  MM 1019.0  26.8    MM  21.1   MM +1.2    MM
2026 07 02 11 50  40  2.0  3.0   0.8     8   5.6 111 1018.7  26.8  27.9  21.2   MM   MM    MM
2026 07 02 11 40  40  2.0  3.0    MM    MM    MM  MM 1018.6  26.8  27.9  21.2   MM   MM    MM
2026 07 02 11 30  40  2.0  2.0    MM    MM    MM  MM 1018.5  26.7  27.9  21.2   MM   MM    MM
2026 07 02 11 20  30  2.0  3.0   0.8     8   5.5 100 1018.4  26.7  27.9  21.3   MM   MM    MM
2026 07 02 11 10  40  2.0  3.0    MM    MM    MM  MM 1018.4  26.7  27.8  21.4   MM   MM    MM
2026 07 02 11 00  40  2.0  3.0    MM    MM    MM  MM 1018.5  26.7    MM  21.3   MM +0.7    MM
2026 07 02 10 50  40  2.0  3.0   0.9     8   5.7 101 1018.6  26.6  27.9  21.2   MM   MM    MM
2026 07 02 10 40  40  2.0  3.0    MM    MM    MM  MM 1018.6  26.6  27.9  21.3   MM   MM    MM
2026 07 02 10 30  60  2.0  2.0    MM    MM    MM  MM 1018.5  26.5  27.9  21.2   MM   MM    MM
2026 07 02 10 20  50  1.0  2.0   0.9     8   5.5  98 1018.5  26.5  27.9  21.2   MM   MM    MM
2026 07 02 10 10  70  2.0  2.0   0.9    MM   5.5  98 1018.5  26.5  27.9  21.3   MM   MM    MM
2026 07 02 10 00  90  2.0  2.0    MM    MM    MM  MM 1018.4  26.5  27.9  21.2   MM +0.6    MM
2026 07 02 09 50  70  1.0  2.0   0.9     8   5.4 110 1018.3  26.5  27.9  21.2   MM   MM    MM
2026 07 02 09 40  70  1.0  3.0   0.9    MM   5.4 110 1018.2  26.5  27.9  21.3   MM   MM    MM
2026 07 02 09 30  70  1.0  2.0    MM    MM    MM  MM 1018.1  26.5  27.9  21.2   MM   MM    MM
2026 07 02 09 20  70  2.0  2.0   0.8     8   5.2  99 1018.0  26.5  27.9  21.2   MM   MM    MM
2026 07 02 09 10  70  2.0  3.0    MM    MM    MM  MM 1018.0  26.6  27.9  21.4   MM   MM    MM
2026 07 02 09 00  90  2.0  3.0    MM    MM    MM  MM 1017.8  26.5    MM  21.3   MM +0.0    MM
2026 07 02 08 50  90  2.0  4.0   0.8     8   5.1 103 1017.7  26.6  27.9  21.5   MM   MM    MM
2026 07 02 08 40  90  2.0  3.0    MM    MM    MM  MM 1017.8  26.6  27.9  21.4   MM   MM    MM
2026 07 02 08 30  90  2.0  3.0    MM    MM    MM  MM 1017.9  26.6  27.9  21.2   MM   MM    MM
2026 07 02 08 20  90  2.0  3.0   0.9     8   5.2 104 1018.1  26.6  27.9  21.3   MM   MM    MM
2026 07 02 08 10  80  2.0  3.0   0.9    MM   5.2 104 1017.9  26.6  27.9  21.4   MM   MM    MM
2026 07 02 08 00  80  2.0  3.0    MM    MM    MM  MM 1017.8  26.6    MM  21.5   MM -0.5    MM
2026 07 02 07 50 100  2.0  3.0   0.9     8   5.3 116 1017.8  26.7    MM  21.6   MM   MM    MM
2026 07 02 07 40 110  3.0  3.0   0.9    MM   5.3 116 1017.7  26.7  27.9  21.5   MM   MM    MM
2026 07 02 07 30 110  3.0  4.0    MM    MM    MM  MM 1017.8  26.7  27.9  21.5   MM   MM    MM
2026 07 02 07 20 100  3.0  4.0   0.9     8   5.2 115 1017.8  26.7  27.9  21.5   MM   MM    MM
2026 07 02 07 10 100  3.0  4.0   0.9    MM   5.2 115 1017.7  26.7  27.9  21.5   MM   MM    MM
2026 07 02 07 00 100  3.0  4.0    MM    MM    MM  MM 1017.8  26.7    MM  21.4   MM -0.6    MM
2026 07 02 06 50 100  3.0  4.0   0.9     8   5.2  97 1018.0  26.7    MM  21.4   MM   MM    MM
2026 07 02 06 40 110  3.0  5.0   0.9    MM   5.2  97 1018.0  26.7  28.0  21.4   MM   MM    MM
2026 07 02 06 30 110  4.0  5.0    MM    MM    MM  MM 1017.9  26.7  28.0  21.3   MM   MM    MM
2026 07 02 06 20 110  4.0  5.0   1.0     8   5.3 122 1018.0  26.8  28.0  21.5   MM   MM    MM
2026 07 02 06 10 100  4.0  5.0   1.0    MM   5.3 122 1018.0  26.8  27.9  21.5   MM   MM    MM
2026 07 02 06 00 100  4.0  6.0    MM    MM    MM  MM 1018.0  26.7    MM  21.2   MM -0.4    MM
2026 07 02 05 50  90  4.0  6.0   1.1     8   5.5 114 1018.1  26.7  27.9  21.1   MM   MM    MM
2026 07 02 05 40  90  4.0  6.0    MM    MM    MM  MM 1018.2  26.8  27.9  21.4   MM   MM    MM
2026 07 02 05 30  90  4.0  5.0    MM    MM    MM  MM 1018.2  26.8  27.9  21.1   MM   MM    MM
2026 07 02 05 20  90  4.0  6.0   0.9     8   4.9 115 1018.3  26.8  27.9  20.9   MM   MM    MM
2026 07 02 05 10  90  4.0  5.0   0.9    MM   4.9 115 1018.3  26.8  27.9  20.9   MM   MM    MM
2026 07 02 05 00  90  4.0  6.0    MM    MM    MM  MM 1018.3  26.8  27.9  21.0   MM +0.3    MM
2026 07 02 04 50  90  4.0  5.0   1.0     8   5.2 114 1018.3  26.8  27.9  21.0   MM   MM    MM
2026 07 02 04 40  90  5.0  6.0    MM    MM    MM  MM 1018.3  26.8  28.0  21.0   MM   MM    MM
2026 07 02 04 30  80  5.0  6.0    MM    MM    MM  MM 1018.3  26.8  28.0  20.9   MM   MM    MM
2026 07 02 04 20  90  5.0  6.0   1.0     8   5.1 105 1018.2  26.8  28.0  20.9   MM   MM    MM
2026 07 02 04 10  90  5.0  6.0   1.0    MM   5.1 105 1018.3  26.8  28.0  20.6   MM   MM    MM
2026 07 02 04 00  90  5.0  7.0    MM    MM    MM  MM 1018.4  26.8  28.0  20.8   MM +0.5    MM
2026 07 02 03 50  90  5.0  7.0   0.9     8   4.8 115 1018.4  26.8  28.0  20.4   MM   MM    MM
2026 07 02 03 40  90  6.0  7.0    MM    MM    MM  MM 1018.4  26.8  28.0  20.6   MM   MM    MM
2026 07 02 03 30  90  5.0  7.0    MM    MM    MM  MM 1018.3  26.8  28.0  20.7   MM   MM    MM
2026 07 02 03 20  90  6.0  7.0   1.0     8   5.0 115 1018.4  26.9  28.0  20.7   MM   MM    MM
2026 07 02 03 10  90  6.0  7.0   1.0    MM   5.0 115 1018.4  26.8  28.0  20.3   MM   MM    MM
2026 07 02 03 00  80  6.0  7.0    MM    MM    MM  MM 1018.4  26.8  28.0  20.4   MM +0.5    MM
2026 07 02 02 50  90  6.0  7.0   0.9     8   5.0 113 1018.3  26.8  28.1  20.6   MM   MM    MM
2026 07 02 02 40  80  6.0  7.0    MM    MM    MM  MM 1018.1  26.8  28.1  20.4   MM   MM    MM
2026 07 02 02 30  80  6.0  8.0    MM    MM    MM  MM 1018.0  26.9  28.1  20.7   MM   MM    MM
2026 07 02 02 20  80  6.0  7.0   1.0     8   5.1 103 1018.0  26.9  28.1  20.9   MM   MM    MM
2026 07 02 02 10  80  6.0  7.0   1.0    MM   5.1 103 1018.1  26.9  28.1  20.6   MM   MM    MM
2026 07 02 02 00  80  6.0  7.0    MM    MM    MM  MM 1018.0  26.9    MM  20.8   MM -0.3    MM
2026 07 02 01 50  70  6.0  7.0   0.9     9   4.9 110 1018.0  26.9  28.1  20.6   MM   MM    MM
2026 07 02 01 40  80  6.0  7.0    MM    MM    MM  MM 1018.0  26.9  28.1  20.4   MM   MM    MM
2026 07 02 01 30  80  6.0  7.0    MM    MM    MM  MM 1017.9  26.9  28.1  20.5   MM   MM    MM
2026 07 02 01 20  80  6.0  7.0   0.9     8   4.8  91 1018.0  26.9  28.0  20.4   MM   MM    MM
2026 07 02 01 10  80  6.0  7.0    MM    MM    MM  MM 1018.0  26.8  28.0  20.4   MM   MM    MM
2026 07 02 01 00  80  6.0  7.0    MM    MM    MM  MM 1017.9  26.8    MM  20.4   MM -0.6    MM
2026 07 02 00 50  70  6.0  7.0   0.9     8   4.9 103 1018.0  26.9  28.1  20.5   MM   MM    MM
2026 07 02 00 40  70  6.0  7.0    MM    MM    MM  MM 1017.9  26.9  28.1  20.6   MM   MM    MM
2026 07 02 00 30  70  6.0  7.0    MM    MM    MM  MM 1017.9  26.9    MM  20.5   MM   MM    MM
2026 07 02 00 20  70  6.0  7.0   0.9     8   4.9 101 1017.9  27.0  28.1  20.3   MM   MM    MM
2026 07 02 00 10  70  6.0  7.0   0.9    MM   4.9 101 1017.8  27.0  28.1  20.2   MM   MM    MM
2026 07 02 00 00  60  5.0  6.0    MM    MM    MM  MM 1017.9  27.0    MM  20.4   MM -1.0    MM
2026 07 01 23 50  60  5.0  7.0   0.8     7   4.9 102 1017.9  27.1  28.1  20.3   MM   MM    MM
2026 07 01 23 40  70  5.0  6.0    MM    MM    MM  MM 1018.0  27.1  28.1  20.2   MM   MM    MM
2026 07 01 23 30  60  5.0  6.0    MM    MM    MM  MM 1018.1  27.2  28.1  20.2   MM   MM    MM
2026 07 01 23 20  60  5.0  6.0   0.9     8   4.8 101 1018.1  27.2  28.1  20.1   MM   MM    MM
2026 07 01 23 10  70  5.0  6.0   0.9    MM   4.8 101 1018.2  27.2  28.1  20.3   MM   MM    MM
2026 07 01 23 00  70  5.0  6.0    MM    MM    MM  MM 1018.3  27.2  28.2  20.0   MM -0.8    MM
2026 07 01 22 50  60  4.0  5.0   0.9     8   4.9  94 1018.3  27.3  28.2  20.1   MM   MM    MM
2026 07 01 22 40  60  4.0  6.0    MM    MM    MM  MM 1018.2  27.3  28.2  20.1   MM   MM    MM
2026 07 01 22 30  60  4.0  5.0    MM    MM    MM  MM 1018.3  27.3  28.2  20.0   MM   MM    MM
2026 07 01 22 20  50  5.0  6.0   0.9     8   5.0  98 1018.3  27.3  28.2  20.1   MM   MM    MM
2026 07 01 22 10  40  4.0  6.0   0.9    MM   5.0  98 1018.3  27.3  28.2  19.9   MM   MM    MM
2026 07 01 22 00  50  4.0  6.0    MM    MM    MM  MM 1018.5  27.3  28.3  20.2   MM -0.9    MM
2026 07 01 21 50  50  4.0  6.0   1.0     8   4.9 101 1018.5  27.2  28.2  20.0   MM   MM    MM
2026 07 01 21 40  40  4.0  5.0    MM    MM    MM  MM 1018.6  27.3  28.2  20.0   MM   MM    MM
2026 07 01 21 30  50  4.0  5.0    MM    MM    MM  MM 1018.6  27.3    MM  20.1   MM   MM    MM
2026 07 01 21 20  50  5.0  5.0   0.9     8   4.8 103 1018.7  27.3  28.2  19.7   MM   MM    MM
2026 07 01 21 10  40  4.0  5.0   0.9    MM   4.8 103 1018.8  27.3  28.3  20.1   MM   MM    MM
2026 07 01 21 00  50  4.0  5.0    MM    MM    MM  MM 1018.9  27.2  28.3  20.0   MM -0.9    MM
2026 07 01 20 50  40  4.0  5.0   1.0     7   4.7  98 1018.9  27.2  28.3  19.9   MM   MM    MM
2026 07 01 20 40  50  4.0  5.0   1.0    MM   4.7  98 1018.9  27.2  28.3  19.8   MM   MM    MM
2026 07 01 20 30  50  4.0  6.0    MM    MM    MM  MM 1018.7  27.2  28.3  19.6   MM   MM    MM
2026 07 01 20 20  60  4.0  5.0   0.9     8   4.6  97 1018.9  27.2  28.3  19.4   MM   MM    MM
2026 07 01 20 10  40  4.0  5.0   0.9    MM   4.6  97 1019.0  27.2  28.3  19.3   MM   MM    MM
2026 07 01 20 00  40  3.0  5.0    MM    MM    MM  MM 1019.1  27.2  28.3  19.4   MM -0.9    MM
2026 07 01 19 50  50  4.0  5.0   0.9     8   4.7 105 1019.1  27.2  28.3  19.4   MM   MM    MM
2026 07 01 19 40  60  4.0  5.0    MM    MM    MM  MM 1019.1  27.2  28.3  19.6   MM   MM    MM
2026 07 01 19 30  60  4.0  5.0    MM    MM    MM  MM 1019.2  27.2  28.3  19.6   MM   MM    MM
2026 07 01 19 20  70  4.0  5.0   0.9     8   4.7 103 1019.2  27.2    MM  19.4   MM   MM    MM
2026 07 01 19 10  60  3.0  5.0   0.9    MM   4.7 103 1019.3  27.1  28.2  19.3   MM   MM    MM
2026 07 01 19 00  70  4.0  5.0    MM    MM    MM  MM 1019.4  27.2  28.2  19.5   MM -0.9    MM
2026 07 01 18 50  60  4.0  5.0   1.0     8   4.8 103 1019.5  27.2  28.2  19.6   MM   MM    MM
2026 07 01 18 40  60  4.0  5.0    MM    MM    MM  MM 1019.5  27.2  28.2  19.7   MM   MM    MM
2026 07 01 18 30  70  4.0  5.0    MM    MM    MM  MM 1019.5  27.2  28.2  19.4   MM   MM    MM
2026 07 01 18 20  70  4.0  6.0   1.0     7   4.7 102 1019.6  27.2  28.2  19.7   MM   MM    MM
2026 07 01 18 10  60  4.0  5.0   1.0    MM   4.7 102 1019.7  27.2  28.1  19.7   MM   MM    MM
2026 07 01 18 00  60  4.0  5.0    MM    MM    MM  MM 1019.8  27.1  28.1  19.8   MM +0.0    MM
2026 07 01 17 50  60  4.0  6.0   0.9     8   4.8 108 1019.7  27.2  28.1  19.9   MM   MM    MM
2026 07 01 17 40  60  5.0  6.0    MM    MM    MM  MM 1019.7  27.1  28.1  19.5   MM   MM    MM
2026 07 01 17 30  60  5.0  6.0    MM    MM    MM  MM 1019.8  27.1  28.1  20.1   MM   MM    MM
2026 07 01 17 20  60  5.0  6.0   1.1     8   5.0 114 1019.8  27.1  28.1  20.0   MM   MM    MM
2026 07 01 17 10  60  5.0  6.0   1.1    MM   5.0 114 1019.9  27.1  28.1  19.9   MM   MM    MM
2026 07 01 17 00  70  5.0  6.0    MM    MM    MM  MM 1020.0  27.1  28.1  19.9   MM +0.3    MM
2026 07 01 16 50  60  4.0  6.0   1.0     5   4.8  82 1020.1  27.0  28.1  20.0   MM   MM    MM
2026 07 01 16 40  60  5.0  6.0    MM    MM    MM  MM 1020.1  27.1  28.1  20.3   MM   MM    MM
2026 07 01 16 30  60  5.0  6.0    MM    MM    MM  MM 1020.1  27.0  28.0  20.2   MM   MM    MM
2026 07 01 16 20  60  4.0  6.0   1.0     9   4.7 108 1020.1  27.1  28.0  20.4   MM   MM    MM
2026 07 01 16 10  60  5.0  6.0    MM    MM    MM  MM 1020.1  27.0  28.0  20.0   MM   MM    MM
2026 07 01 16 00  60  5.0  6.0    MM    MM    MM  MM 1020.3  27.0  28.0  20.2   MM +1.0    MM
2026 07 01 15 50  60  5.0  6.0   1.1     8   4.8 100 1020.2  27.0  28.0  20.0   MM   MM    MM
2026 07 01 15 40  60  5.0  7.0    MM    MM    MM  MM 1020.2  26.9  28.0  20.2   MM   MM    MM
2026 07 01 15 30  70  5.0  6.0    MM    MM    MM  MM 1020.1  27.0  28.0  20.4   MM   MM    MM
2026 07 01 15 20  70  5.0  6.0   1.0     8   4.7 122 1020.0  26.9  27.9  20.2   MM   MM    MM
2026 07 01 15 10  70  5.0  6.0    MM    MM    MM  MM 1019.9  26.9  27.9  20.3   MM   MM    MM
2026 07 01 15 00  70  5.0  7.0    MM    MM    MM  MM 1019.8  27.0  27.9  20.4   MM +1.3    MM
2026 07 01 14 50  60  5.0  6.0   1.0     7   4.9  96 1019.8  27.0  27.9  20.4   MM   MM    MM
2026 07 01 14 40  60  5.0  7.0    MM    MM    MM  MM 1019.8  27.0  27.9  20.5   MM   MM    MM
2026 07 01 14 30  70  5.0  7.0    MM    MM    MM  MM 1019.8  27.0  27.9  20.5   MM   MM    MM
2026 07 01 14 20  60  5.0  6.0   1.0     8   4.8 103 1019.8  27.0  27.9  20.6   MM   MM    MM
2026 07 01 14 10  60  5.0  7.0   1.0    MM   4.8 103 1019.6  27.0  27.9  20.5   MM   MM    MM
2026 07 01 14 00  60  5.0  7.0    MM    MM    MM  MM 1019.7  27.0  27.9  20.4   MM +1.6    MM
2026 07 01 13 50  60  5.0  7.0   1.0     8   4.8  93 1019.6  27.0  27.9  20.6   MM   MM    MM
2026 07 01 13 40  60  5.0  7.0    MM    MM    MM  MM 1019.5  26.9  27.9  20.5   MM   MM    MM
2026 07 01 13 30  50  6.0  7.0    MM    MM    MM  MM 1019.5  26.9  27.9  20.8   MM   MM    MM
2026 07 01 13 20  60  6.0  7.0   1.1     8   4.9  98 1019.5  26.9  27.9  20.8   MM   MM    MM
2026 07 01 13 10  60  6.0  7.0   1.1    MM   4.9  98 1019.3  26.9    MM  20.8   MM   MM    MM
2026 07 01 13 00  70  6.0  7.0    MM    MM    MM  MM 1019.3  26.9  27.9  20.6   MM +1.7    MM
2026 07 01 12 50  60  6.0  7.0   1.0     6   4.8  74 1019.3  26.8  27.9  20.7   MM   MM    MM
2026 07 01 12 40  70  6.0  8.0    MM    MM    MM  MM 1019.0  26.8  27.9  21.0   MM   MM    MM
2026 07 01 12 30  60  6.0  7.0    MM    MM    MM  MM 1018.9  26.8  27.9  20.8   MM   MM    MM
2026 07 01 12 20  60  6.0  7.0   1.0     8   4.8 104 1018.7  26.8  27.9  20.8   MM   MM    MM
2026 07 01 12 10  60  6.0  8.0   1.0    MM   4.8 104 1018.6  26.8  27.9  20.9   MM   MM    MM
2026 07 01 12 00  60  6.0  8.0    MM    MM    MM  MM 1018.5  26.8  27.9  21.1   MM +1.0    MM
2026 07 01 11 50  60  6.0  7.0   1.0     6   4.7  61 1018.5  26.8  27.9  21.1   MM   MM    MM
2026 07 01 11 40  60  6.0  7.0   1.0    MM   4.7  61 1018.4  26.7  27.9  21.1   MM   MM    MM
2026 07 01 11 30  60  6.0  8.0    MM    MM    MM  MM 1018.2  26.7  27.9  21.4   MM   MM    MM
2026 07 01 11 20  60  6.0  7.0   1.0     6   4.7  77 1018.2  26.7  27.9  21.2   MM   MM    MM
2026 07 01 11 10  60  6.0  8.0   1.0    MM   4.7  77 1018.1  26.8  27.9  21.3   MM   MM    MM
2026 07 01 11 00  60  6.0  8.0    MM    MM    MM  MM 1018.1  26.7  27.9  21.1   MM +0.7    MM
2026 07 01 10 50  60  7.0  8.0   1.0     8   4.8  89 1018.1  26.7  27.9  21.0   MM   MM    MM
2026 07 01 10 40  60  7.0  8.0    MM    MM    MM  MM 1017.8  26.8  27.9  21.2   MM   MM    MM
2026 07 01 10 30  60  6.0  7.0    MM    MM    MM  MM 1017.8  26.8  27.9  20.9   MM   MM    MM
2026 07 01 10 20  70  6.0  7.0   1.1     6   4.6  69 1017.8  26.8  27.9  21.1   MM   MM    MM
2026 07 01 10 10  70  6.0  7.0   1.1    MM   4.6  69 1017.7  26.8  27.9  20.9   MM   MM    MM
2026 07 01 10 00  60  6.0  7.0    MM    MM    MM  MM 1017.6  26.8  27.9  21.0   MM +0.0    MM
2026 07 01 09 50  60  6.0  7.0   1.0     6   4.5  64 1017.6  26.8  27.9  21.0   MM   MM    MM
2026 07 01 09 40  60  6.0  7.0    MM    MM    MM  MM 1017.6  26.8  27.9  21.3   MM   MM    MM
2026 07 01 09 30  60  6.0  8.0    MM    MM    MM  MM 1017.6  26.9  27.9  21.5   MM   MM    MM
2026 07 01 09 20  60  7.0  8.0   1.1     6   4.7  70 1017.5  26.9  27.9  21.2   MM   MM    MM
2026 07 01 09 10  60  6.0  7.0   1.1    MM   4.7  70 1017.5  26.9  28.0  21.3   MM   MM    MM
2026 07 01 09 00  70  6.0  7.0    MM    MM    MM  MM 1017.5  27.0  28.0  21.3   MM -0.3    MM
2026 07 01 08 50  70  6.0  7.0   1.1     6   4.6  67 1017.4  26.9  28.0  21.0   MM   MM    MM
2026 07 01 08 40  70  6.0  7.0    MM    MM    MM  MM 1017.3  27.0  28.0  21.3   MM   MM    MM
2026 07 01 08 30  70  6.0  7.0    MM    MM    MM  MM 1017.3  27.1  28.0  21.2   MM   MM    MM
2026 07 01 08 20  70  5.0  7.0   1.1     6   4.6  63 1017.4  27.1  28.0  20.8   MM   MM    MM
2026 07 01 08 10  70  6.0  7.0   1.1    MM   4.6  63 1017.4  27.1  28.0  20.7   MM   MM    MM
2026 07 01 08 00  80  6.0  7.0    MM    MM    MM  MM 1017.4  27.1  28.0  20.8   MM -1.0    MM
2026 07 01 07 50  70  6.0  7.0   1.1     5   4.5  65 1017.4  27.1  28.0  21.2   MM   MM    MM
2026 07 01 07 40  70  6.0  7.0    MM    MM    MM  MM 1017.5  27.1  28.0  21.4   MM   MM    MM
2026 07 01 07 30  70  6.0  7.0    MM    MM    MM  MM 1017.3  27.1  28.0  21.5   MM   MM    MM
2026 07 01 07 20  70  6.0  7.0   1.2     6   4.6  61 1017.4  27.1  28.0  21.7   MM   MM    MM
2026 07 01 07 10  70  6.0  7.0   1.2    MM   4.6  61 1017.3  27.0  28.0  21.7   MM   MM    MM
2026 07 01 07 00  70  6.0  7.0    MM    MM    MM  MM 1017.4  27.1  28.0  22.1   MM -1.4    MM
2026 07 01 06 50  70  6.0  7.0   1.1     6   4.7  75 1017.6  27.2  28.0  22.0   MM   MM    MM
2026 07 01 06 40  70  6.0  7.0    MM    MM    MM  MM 1017.5  27.2  28.0  21.9   MM   MM    MM
2026 07 01 06 30  80  6.0  7.0    MM    MM    MM  MM 1017.7  27.3  28.0  22.1   MM   MM    MM
2026 07 01 06 20  80  5.0  7.0   1.1     6   4.7  64 1017.6  27.4  28.0  22.0   MM   MM    MM
2026 07 01 06 10  80  6.0  7.0   1.1    MM   4.7  64 1017.7  27.4  28.0  22.0   MM   MM    MM
2026 07 01 06 00  70  5.0  6.0    MM    MM    MM  MM 1017.8  27.3    MM  22.2   MM -1.2    MM
2026 07 01 05 50  70  6.0  6.0   1.2     6   4.7  61 1018.0  27.3  28.0  22.4   MM   MM    MM
2026 07 01 05 40  70  5.0  6.0    MM    MM    MM  MM 1018.2  27.4  28.0  22.8   MM   MM    MM
2026 07 01 05 30  70  6.0  7.0    MM    MM    MM  MM 1018.2  27.4  28.0  22.8   MM   MM    MM
2026 07 01 05 20  70  6.0  7.0   1.2     6   4.7  63 1018.3  27.4  28.0  22.8   MM   MM    MM
2026 07 01 05 10  70  6.0  7.0   1.2    MM   4.7  63 1018.4  27.4  28.0  22.7   MM   MM    MM
2026 07 01 05 00  80  6.0  7.0    MM    MM    MM  MM 1018.4  27.5  28.0  22.8   MM +0.0    MM
2026 07 01 04 50  80  6.0  8.0   1.3     6   4.8  65 1018.5  27.5  28.0  22.8   MM   MM    MM
2026 07 01 04 40  80  6.0  7.0    MM    MM    MM  MM 1018.5  27.5  28.0  23.0   MM   MM    MM
2026 07 01 04 30  80  6.0  7.0    MM    MM    MM  MM 1018.6  27.5  28.0  23.0   MM   MM    MM
2026 07 01 04 20  80  6.0  8.0   1.2     6   4.5  60 1018.6  27.6  28.1  22.8   MM   MM    MM
2026 07 01 04 10  80  6.0  8.0   1.2    MM   4.5  60 1018.8  27.6  28.0  22.7   MM   MM    MM
2026 07 01 04 00  80  7.0  8.0    MM    MM    MM  MM 1018.8  27.5  28.0  22.4   MM +0.6    MM
2026 07 01 03 50  80  7.0  8.0   1.1     6   4.5  62 1018.8  27.6  28.1  22.7   MM   MM    MM
2026 07 01 03 40  80  7.0  8.0    MM    MM    MM  MM 1018.9  27.6  28.0  22.7   MM   MM    MM
2026 07 01 03 30  80  7.0  8.0    MM    MM    MM  MM 1018.9  27.6  28.1  23.1   MM   MM    MM
2026 07 01 03 20  80  7.0  8.0   1.2     6   4.6  69 1019.0  27.6  28.1  23.0   MM   MM    MM
2026 07 01 03 10  70  7.0  8.0   1.2    MM   4.6  69 1019.0  27.5  28.1  23.1   MM   MM    MM
2026 07 01 03 00  70  7.0  8.0    MM    MM    MM  MM 1019.0  27.5  28.1  23.6   MM +1.0    MM
2026 07 01 02 50  70  7.0  8.0   1.2     6   4.5  61 1018.9  27.5  28.1  23.6   MM   MM    MM
2026 07 01 02 40  70  7.0  9.0    MM    MM    MM  MM 1018.9  27.5  28.1  23.7   MM   MM    MM
2026 07 01 02 30  70  7.0  8.0    MM    MM    MM  MM 1018.9  27.5  28.1  23.8   MM   MM    MM
2026 07 01 02 20  70  7.0  8.0   1.2     6   4.5  64 1018.8  27.5  28.1  24.0   MM   MM    MM
2026 07 01 02 10  70  7.0  9.0   1.2    MM   4.5  64 1018.7  27.4  28.1  23.9   MM   MM    MM
2026 07 01 02 00  70  7.0  9.0    MM    MM    MM  MM 1018.6  27.5  28.1  24.1   MM +0.9    MM
2026 07 01 01 50  70  8.0  9.0   1.3     6   4.6  61 1018.6  27.5  28.1  24.1   MM   MM    MM
2026 07 01 01 40  60  7.0  9.0    MM    MM    MM  MM 1018.5  27.5  28.1  24.1   MM   MM    MM
2026 07 01 01 30  70  7.0  8.0    MM    MM    MM  MM 1018.5  27.5  28.1  24.1   MM   MM    MM
2026 07 01 01 20  60  7.0  8.0   1.3     6   4.6  64 1018.4  27.5  28.1  24.1   MM   MM    MM
2026 07 01 01 10  70  7.0  9.0   1.3    MM   4.6  64 1018.3  27.4  28.1  24.0   MM   MM    MM
2026 07 01 01 00  60  7.0  9.0    MM    MM    MM  MM 1018.2  27.5  28.1  24.1   MM +0.3    MM
2026 07 01 00 50  60  8.0  9.0   1.2     6   4.4  62 1018.2  27.4  28.1  24.0   MM   MM    MM
2026 07 01 00 40  60  7.0  9.0    MM    MM    MM  MM 1018.1  27.5  28.1  24.2   MM   MM    MM
2026 07 01 00 30  60  7.0  9.0    MM    MM    MM  MM 1018.0  27.5  28.1  24.1   MM   MM    MM
2026 07 01 00 20  60  7.0  9.0   1.2     6   4.5  58 1018.0  27.4  28.1  24.0   MM   MM    MM
2026 07 01 00 10  60  7.0  8.0   1.2    MM   4.5  58 1018.0  27.5  28.1  24.4   MM   MM    MM
2026 07 01 00 00  60  8.0  9.0    MM    MM    MM  MM 1018.0  27.5  28.1  24.2   MM -0.0    MM
2026 06 30 23 50  60  8.0  9.0   1.2     6   4.6  68 1017.9  27.5  28.1  24.1   MM   MM    MM
2026 06 30 23 40  60  8.0  9.0   1.2    MM   4.6  68 1017.9  27.5  28.2  24.1   MM   MM    MM
2026 06 30 23 00  60  7.0  9.0   1.3    MM   4.6  60 1017.7  27.3  28.2  24.2   MM -0.7    MM
2026 06 30 22 50  50  8.0  9.0   1.3     6   4.5  58 1017.8  27.3  28.2  24.1   MM   MM    MM
2026 06 30 22 40  50  8.0  9.0    MM    MM    MM  MM 1017.8  27.3  28.2  24.2   MM   MM    MM
2026 06 30 22 30  50  8.0  9.0    MM    MM    MM  MM 1017.7  27.2  28.2  24.1   MM   MM    MM
2026 06 30 22 20  50  8.0  9.0   1.2     6   4.4  63 1017.8  27.2  28.2  24.1   MM   MM    MM
2026 06 30 22 10  60  7.0  9.0    MM    MM    MM  MM 1017.7  27.1  28.2  24.2   MM   MM    MM
2026 06 30 22 00  60  7.0  9.0    MM    MM    MM  MM 1017.9  27.0  28.2  24.0   MM -1.0    MM
2026 06 30 21 50  50  7.0  8.0   1.3     6   4.4  71 1018.1  27.0  28.2  24.1   MM   MM    MM
2026 06 30 21 40  50  7.0  9.0    MM    MM    MM  MM 1018.1  27.0  28.3  24.1   MM   MM    MM
2026 06 30 21 30  50  8.0  9.0    MM    MM    MM  MM 1018.2  27.0  28.3  24.0   MM   MM    MM
2026 06 30 21 20  40  8.0  9.0   1.2     6   4.4  70 1018.0  27.0  28.3  23.9   MM   MM    MM
2026 06 30 21 10  40  7.0  9.0   1.2    MM   4.4  70 1018.1  27.0  28.3  23.9   MM   MM    MM
2026 06 30 21 00  40  8.0  9.0    MM    MM    MM  MM 1018.1  26.9  28.3  23.7   MM -1.2    MM
2026 06 30 20 50  40  8.0  9.0   1.3     6   4.4  69 1018.1  27.0  28.3  24.0   MM   MM    MM
2026 06 30 20 40  40  8.0  9.0    MM    MM    MM  MM 1018.0  26.9  28.3  23.8   MM   MM    MM
2026 06 30 20 30  40  8.0 10.0    MM    MM    MM  MM 1018.1  26.9  28.3  23.9   MM   MM    MM
2026 06 30 20 20  40  8.0  9.0   1.2     6   4.2  72 1018.4  26.9  28.3  23.9   MM   MM    MM
2026 06 30 20 10  30  8.0  9.0   1.2    MM   4.2  72 1018.3  26.9  28.3  23.8   MM   MM    MM
2026 06 30 20 00  30  8.0 10.0    MM    MM    MM  MM 1018.4  26.9  28.3  23.8   MM -1.0    MM
2026 06 30 19 50  30  8.0 10.0   1.2     6   4.3  64 1018.5  26.9  28.3  23.7   MM   MM    MM
2026 06 30 19 40  30  8.0 10.0    MM    MM    MM  MM 1018.6  26.9  28.3  23.7   MM   MM    MM
2026 06 30 19 30  30  8.0 10.0    MM    MM    MM  MM 1018.8  26.9  28.3  23.7   MM   MM    MM
2026 06 30 19 20  30  8.0  9.0   1.1     5   4.2  60 1018.9  27.0  28.3  23.8   MM   MM    MM
2026 06 30 19 10  30  8.0  9.0   1.1    MM   4.2  60 1018.8  27.0  28.3  23.8   MM   MM    MM
2026 06 30 19 00  30  8.0  9.0    MM    MM    MM  MM 1018.9  27.0  28.4  23.8   MM -0.7    MM
2026 06 30 18 50  30  7.0  9.0   1.2     6   4.3  59 1019.0  27.0  28.4  23.8   MM   MM    MM
2026 06 30 18 40  30  7.0  9.0    MM    MM    MM  MM 1019.1  26.9    MM  23.7   MM   MM    MM
2026 06 30 18 30  20  7.0  8.0    MM    MM    MM  MM 1019.1  26.9  28.4  23.7   MM   MM    MM
2026 06 30 18 20  20  7.0  8.0   1.2     6   4.4  71 1019.2  26.9  28.3  23.7   MM   MM    MM
2026 06 30 18 10  20  7.0  8.0   1.2    MM   4.4  71 1019.3  26.9  28.4  23.6   MM   MM    MM
2026 06 30 18 00  30  7.0  8.0    MM    MM    MM  MM 1019.3  26.9    MM  23.6   MM +0.0    MM
2026 06 30 17 50  30  7.0  8.0   1.2     6   4.4  77 1019.3  26.8  28.4  23.4   MM   MM    MM
2026 06 30 17 40  20  7.0  9.0   1.2    MM   4.4  77 1019.5  26.8  28.4  23.5   MM   MM    MM
2026 06 30 17 30  20  7.0  9.0    MM    MM    MM  MM 1019.4  26.8  28.4  23.6   MM   MM    MM
2026 06 30 17 20  20  7.0  9.0   1.2     6   4.4  69 1019.5  26.8  28.4  23.6   MM   MM    MM
2026 06 30 17 10  20  8.0  9.0   1.2    MM   4.4  69 1019.5  26.7  28.3  23.2   MM   MM    MM
2026 06 30 17 00  20  7.0  8.0    MM    MM    MM  MM 1019.4  26.7  28.3  23.3   MM +0.0    MM
2026 06 30 16 50  20  7.0  8.0   1.1     6   4.4  74 1019.4  26.6  28.3  23.1   MM   MM    MM
2026 06 30 16 40  30  7.0  8.0    MM    MM    MM  MM 1019.4  26.6  28.3  23.1   MM   MM    MM
2026 06 30 16 30  20  7.0  8.0    MM    MM    MM  MM 1019.5  26.7  28.3  23.2   MM   MM    MM
2026 06 30 16 20  20  7.0  9.0   1.2     6   4.5  61 1019.6  26.7  28.3  23.0   MM   MM    MM
2026 06 30 16 10  20  7.0  9.0   1.2    MM   4.5  61 1019.5  26.7  28.3  22.9   MM   MM    MM
2026 06 30 16 00  20  7.0  8.0    MM    MM    MM  MM 1019.6  26.6  28.3  22.9   MM +0.7    MM
2026 06 30 15 50  20  7.0  9.0   1.2     7   4.5  66 1019.5  26.6  28.3  22.8   MM   MM    MM
2026 06 30 15 40  20  7.0  8.0    MM    MM    MM  MM 1019.5  26.6  28.3  22.9   MM   MM    MM
2026 06 30 15 30  20  7.0  8.0    MM    MM    MM  MM 1019.4  26.6  28.3  22.6   MM   MM    MM
2026 06 30 15 20  20  7.0  8.0   1.2     6   4.7  65 1019.5  26.7  28.3  22.1   MM   MM    MM
2026 06 30 15 10  20  7.0  8.0   1.2    MM   4.7  65 1019.6  26.7  28.3  21.9   MM   MM    MM
2026 06 30 15 00  20  7.0  9.0    MM    MM    MM  MM 1019.4  26.6  28.3  21.9   MM +1.1    MM
2026 06 30 14 50  20  7.0  8.0   1.2     6   4.5  65 1019.4  26.8  28.2  22.2   MM   MM    MM
2026 06 30 14 40  20  7.0  8.0    MM    MM    MM  MM 1019.4  26.8  28.2  21.9   MM   MM    MM
2026 06 30 14 30  20  7.0  8.0    MM    MM    MM  MM 1019.4  26.8  28.2  21.9   MM   MM    MM
2026 06 30 14 20  20  7.0  8.0   1.2     6   4.6  68 1019.2  26.8  28.2  22.1   MM   MM    MM
2026 06 30 14 10  10  8.0  9.0   1.2    MM   4.6  68 1019.2  26.8  28.2  22.2   MM   MM    MM
2026 06 30 14 00  10  8.0  9.0    MM    MM    MM  MM 1019.3  26.8  28.2  22.1   MM +1.5    MM
2026 06 30 13 50  10  7.0  8.0   1.2     6   4.6  68 1019.2  26.9  28.2  22.6   MM   MM    MM
2026 06 30 13 40  20  7.0  9.0    MM    MM    MM  MM 1019.2  26.9  28.2  23.0   MM   MM    MM
2026 06 30 13 30  20  7.0  9.0    MM    MM    MM  MM 1019.2  26.9  28.2  22.9   MM   MM    MM
2026 06 30 13 20  20  7.0  8.0   1.1     6   4.4  70 1019.1  26.9  28.2  22.9   MM   MM    MM
2026 06 30 13 10  20  7.0  8.0   1.1    MM   4.4  70 1019.1  27.0  28.2  23.1   MM   MM    MM
2026 06 30 13 00  30  7.0  9.0    MM    MM    MM  MM 1018.9  26.9  28.2  23.0   MM +1.4    MM
2026 06 30 12 50  30  7.0  9.0   1.1     7   4.5  71 1019.0  26.9    MM  22.9   MM   MM    MM
2026 06 30 12 40  30  7.0  8.0    MM    MM    MM  MM 1018.9  26.9  28.2  23.0   MM   MM    MM
2026 06 30 12 30  30  7.0  9.0    MM    MM    MM  MM 1018.8  26.9  28.2  22.9   MM   MM    MM
2026 06 30 12 20  40  7.0  8.0   1.0     7   4.4  68 1018.7  26.9  28.2  23.3   MM   MM    MM
2026 06 30 12 10  30  7.0  9.0   1.0    MM   4.4  68 1018.6  26.9  28.2  23.4   MM   MM    MM
2026 06 30 12 00  30  7.0  9.0    MM    MM    MM  MM 1018.3  26.9    MM  23.5   MM +0.9    MM
2026 06 30 11 50  40  7.0  9.0   1.0     6   4.4  80 1018.4  27.0  28.2  23.7   MM   MM    MM
2026 06 30 11 40  30  7.0  8.0    MM    MM    MM  MM 1018.2  27.1  28.2  23.7   MM   MM    MM
2026 06 30 11 30  30  7.0  9.0    MM    MM    MM  MM 1018.1  27.0  28.2  23.4   MM   MM    MM
2026 06 30 11 20  30  7.0  8.0   0.9     5   4.3  80 1018.0  27.0  28.2  23.5   MM   MM    MM
2026 06 30 11 10  30  6.0  7.0   0.9    MM   4.3  80 1017.9  27.1  28.2  23.5   MM   MM    MM
2026 06 30 11 00  30  6.0  8.0    MM    MM    MM  MM 1017.8  27.0  28.2  23.3   MM -0.0    MM
2026 06 30 10 50  30  7.0  8.0   0.8     5   4.2  73 1017.8  27.1  28.2  23.5   MM   MM    MM
2026 06 30 10 40  30  7.0  9.0    MM    MM    MM  MM 1017.7  27.1  28.2  23.6   MM   MM    MM
2026 06 30 10 30  40  7.0  8.0    MM    MM    MM  MM 1017.5  27.0  28.2  23.4   MM   MM    MM
2026 06 30 10 20  40  6.0  8.0   0.8     5   4.4  77 1017.4  27.1  28.2  23.7   MM   MM    MM
2026 06 30 10 10  40  6.0  7.0   0.8    MM   4.4  77 1017.4  27.1  28.2  23.7   MM   MM    MM
2026 06 30 10 00  40  5.0  6.0    MM    MM    MM  MM 1017.5  27.1  28.2  23.6   MM +0.0    MM
2026 06 30 09 50  40  5.0  6.0   0.9     8   4.3 150 1017.6  27.0  28.2  23.6   MM   MM    MM
2026 06 30 09 40  40  5.0  6.0    MM    MM    MM  MM 1017.5  27.1  28.2  23.7   MM   MM    MM
2026 06 30 09 30  40  5.0  6.0    MM    MM    MM  MM 1017.5  27.0  28.2  23.6   MM   MM    MM
2026 06 30 09 20  50  5.0  6.0   0.8     5   4.4  69 1017.4  27.1  28.2  23.9   MM   MM    MM
2026 06 30 09 10  40  5.0  6.0   0.8    MM   4.4  69 1017.5  27.1  28.2  23.9   MM   MM    MM
2026 06 30 09 00  40  5.0  6.0    MM    MM    MM  MM 1017.4  27.1  28.2  23.8   MM -0.9    MM
2026 06 30 08 50  40  4.0  6.0   0.8     4   4.3  56 1017.5  27.1  28.2  23.9   MM   MM    MM
2026 06 30 08 40  40  4.0  5.0    MM    MM    MM  MM 1017.6  27.0  28.2  23.7   MM   MM    MM
2026 06 30 08 30  50  4.0  5.0    MM    MM    MM  MM 1017.5  27.0  28.2  23.6   MM   MM    MM
2026 06 30 08 20  40  5.0  6.0   0.8     8   4.3 135 1017.5  27.1  28.2  23.7   MM   MM    MM
2026 06 30 08 10  40  4.0  6.0   0.8    MM   4.3 135 1017.7  27.1  28.3  23.6   MM   MM    MM
2026 06 30 08 00  40  4.0  5.0    MM    MM    MM  MM 1017.7  27.1  28.3  23.5   MM -1.0    MM
2026 06 30 07 50  50  5.0  6.0   0.8    11   4.3 125 1017.6  27.1  28.3  23.5   MM   MM    MM
2026 06 30 07 40  50  5.0  6.0    MM    MM    MM  MM 1017.6  27.1  28.3  23.6   MM   MM    MM
2026 06 30 07 30  50  5.0  7.0    MM    MM    MM  MM 1017.5  27.1  28.3  23.7   MM   MM    MM
2026 06 30 07 20  50  5.0  6.0   0.8     8   4.3 150 1017.5  27.2  28.3  23.8   MM   MM    MM
2026 06 30 07 10  50  5.0  6.0    MM    MM    MM  MM 1017.6  27.2  28.3  23.7   MM   MM    MM
2026 06 30 07 00  50  4.0  5.0    MM    MM    MM  MM 1017.6  27.2  28.3  23.7   MM -0.9    MM
2026 06 30 06 50  40  4.0  5.0   0.8     9   4.4 123 1017.8  27.3  28.3  23.9   MM   MM    MM
2026 06 30 06 40  40  4.0  5.0    MM    MM    MM  MM 1017.9  27.3    MM  23.8   MM   MM    MM
2026 06 30 06 30  50  4.0  5.0    MM    MM    MM  MM 1018.0  27.3  28.3  23.6   MM   MM    MM
2026 06 30 06 20  70  3.0  5.0   0.8     8   4.6 145 1018.0  27.3  28.3  23.7   MM   MM    MM
2026 06 30 06 10  70  4.0  5.0   0.8    MM   4.6 145 1018.1  27.3  28.3  23.7   MM   MM    MM
2026 06 30 06 00  70  4.0  4.0    MM    MM    MM  MM 1018.3  27.4  28.3  23.9   MM +0.0    MM
2026 06 30 05 50  70  4.0  4.0   0.8     8   4.4 135 1018.4  27.4  28.3  24.0   MM   MM    MM
2026 06 30 05 40  70  4.0  4.0   0.8    MM   4.4 135 1018.5  27.4  28.3  23.9   MM   MM    MM
2026 06 30 05 30  70  4.0  5.0    MM    MM    MM  MM 1018.5  27.4  28.3  23.8   MM   MM    MM
2026 06 30 05 20  70  4.0  5.0   0.7     8   4.5 136 1018.5  27.4  28.3  24.0   MM   MM    MM
2026 06 30 05 10  80  4.0  4.0   0.7    MM   4.5 136 1018.6  27.3  28.3  23.8   MM   MM    MM
2026 06 30 05 00  90  3.0  4.0    MM    MM    MM  MM 1018.7  27.4  28.3  23.9   MM +0.4    MM
2026 06 30 04 50  80  4.0  4.0   0.8     9   4.5 136 1018.7  27.4  28.3  23.8   MM   MM    MM
2026 06 30 04 40  90  3.0  4.0    MM    MM    MM  MM 1018.6  27.4  28.3  24.0   MM   MM    MM
2026 06 30 04 30  90  4.0  5.0    MM    MM    MM  MM 1018.6  27.4  28.3  24.0   MM   MM    MM
2026 06 30 04 20  90  4.0  5.0   0.8    11   4.6 123 1018.6  27.4  28.3  24.2   MM   MM    MM
2026 06 30 04 10  90  4.0  5.0   0.8    MM   4.6 123 1018.6  27.4  28.3  24.2   MM   MM    MM
2026 06 30 04 00  90  4.0  5.0    MM    MM    MM  MM 1018.5  27.5  28.3  24.2   MM +1.0    MM
2026 06 30 03 50  90  4.0  5.0   0.8     8   4.8 128 1018.5  27.6    MM  24.0   MM   MM    MM
2026 06 30 03 40 100  4.0  5.0    MM    MM    MM  MM 1018.6  27.7  28.3  24.0   MM   MM    MM
2026 06 30 03 30  90  4.0  5.0    MM    MM    MM  MM 1018.6  27.6  28.3  23.6   MM   MM    MM
2026 06 30 03 20  90  4.0  5.0   0.8     8   4.6 122 1018.6  27.7  28.3  23.9   MM   MM    MM
2026 06 30 03 10  80  4.0  5.0   0.8    MM   4.6 122 1018.5  27.6  28.3  23.9   MM   MM    MM
2026 06 30 03 00  80  4.0  4.0    MM    MM    MM  MM 1018.5  27.6  28.3  24.1   MM +1.3    MM
2026 06 30 02 50  90  4.0  4.0   0.8     7   4.7 143 1018.4  27.6  28.3  24.2   MM   MM    MM
2026 06 30 02 40  90  4.0  5.0   0.8    MM   4.7 143 1018.5  27.6  28.3  24.1   MM   MM    MM
2026 06 30 02 30 100  3.0  4.0    MM    MM    MM  MM 1018.6  27.6  28.3  24.3   MM   MM    MM
2026 06 30 02 20 100  3.0  4.0   0.8     8   4.7 121 1018.6  27.7  28.3  24.3   MM   MM    MM
2026 06 30 02 10  90  4.0  5.0   0.8    MM   4.7 121 1018.5  27.7  28.3  24.4   MM   MM    MM
2026 06 30 02 00 100  4.0  5.0    MM    MM    MM  MM 1018.3  27.7  28.3  24.4   MM +1.7    MM
2026 06 30 01 50 100  3.0  4.0   0.8    11   4.6 109 1018.2  27.7  28.3  24.4   MM   MM    MM
2026 06 30 01 40  90  3.0  4.0   0.8    MM   4.6 109 1018.0  27.7  28.3  24.4   MM   MM    MM
2026 06 30 01 30  90  4.0  5.0    MM    MM    MM  MM 1017.9  27.7  28.3  24.4   MM   MM    MM
2026 06 30 01 20  80  4.0  5.0   0.8     8   4.6 116 1017.7  27.7  28.3  24.3   MM   MM    MM
2026 06 30 01 10  80  4.0  5.0   0.8    MM   4.6 116 1017.3  27.7  28.3  24.1   MM   MM    MM
2026 06 30 01 00  80  4.0  5.0    MM    MM    MM  MM 1017.5  27.8  28.3  24.2   MM +0.6    MM
2026 06 30 00 50  80  4.0  5.0   0.8     8   4.5 107 1017.3  27.9  28.4  24.1   MM   MM    MM
2026 06 30 00 40  90  3.0  4.0    MM    MM    MM  MM 1017.2  27.9  28.4  23.8   MM   MM    MM
2026 06 30 00 30  80  3.0  4.0    MM    MM    MM  MM 1017.3  27.9  28.4  23.7   MM   MM    MM
2026 06 30 00 20  90  4.0  5.0   0.8     8   4.5 122 1017.2  27.8  28.4  23.7   MM   MM    MM
2026 06 30 00 10  90  3.0  4.0   0.8    MM   4.5 122 1017.2  27.9  28.4  24.0   MM   MM    MM
2026 06 30 00 00  90  4.0  5.0    MM    MM    MM  MM 1017.2  28.0    MM  23.9   MM -0.0    MM
2026 06 29 23 50  80  4.0  5.0   0.8     9   4.3 104 1017.0  27.9    MM  23.7   MM   MM    MM
2026 06 29 23 40  80  5.0  6.0    MM    MM    MM  MM 1016.9  27.9  28.4  23.8   MM   MM    MM
2026 06 29 23 20  80  5.0  6.0   0.8    10   4.4 112 1016.6  28.0  28.4  23.9   MM   MM    MM
2026 06 29 23 10  80  5.0  6.0   0.8    MM   4.4 112 1016.6  28.0  28.5  23.7   MM   MM    MM
2026 06 29 23 00  80  5.0  6.0    MM    MM    MM  MM 1016.6  28.1  28.5  23.8   MM -0.6    MM
2026 06 29 22 50  80  5.0  5.0   0.8     4   4.2  26 1016.6  28.1  28.5  23.8   MM   MM    MM
2026 06 29 22 40  70  4.0  5.0    MM    MM    MM  MM 1016.6  28.1  28.4  23.8   MM   MM    MM
2026 06 29 22 30  70  5.0  5.0    MM    MM    MM  MM 1016.7  28.1  28.4  23.6   MM   MM    MM
2026 06 29 22 20  70  4.0  5.0   0.8     4   4.3  35 1016.7  28.1  28.4  23.5   MM   MM    MM
2026 06 29 22 10  70  4.0  6.0   0.8    MM   4.3  35 1016.9  28.1  28.5  23.5   MM   MM    MM
2026 06 29 22 00  70  4.0  6.0    MM    MM    MM  MM 1016.9  28.1  28.5  23.5   MM -0.6    MM
2026 06 29 21 50  70  5.0  5.0   0.8    11   4.4 120 1017.0  28.1  28.5  23.4   MM   MM    MM
2026 06 29 21 40  60  5.0  6.0    MM    MM    MM  MM 1017.1  28.0  28.5  23.3   MM   MM    MM
2026 06 29 21 30  60  5.0  6.0    MM    MM    MM  MM 1017.1  28.0  28.5  23.4   MM   MM    MM
2026 06 29 21 20  60  5.0  6.0   0.8     5   4.1 208 1017.0  28.0    MM  23.5   MM   MM    MM
2026 06 29 21 10  60  5.0  6.0   0.8    MM   4.1 208 1017.1  28.0  28.5  23.4   MM   MM    MM
2026 06 29 21 00  60  5.0  6.0    MM    MM    MM  MM 1017.0  27.9  28.5  23.5   MM -0.8    MM
2026 06 29 20 50  50  5.0  7.0   0.8    11   4.2 134 1017.1  27.8  28.5  23.5   MM   MM    MM
2026 06 29 20 40  60  6.0  7.0    MM    MM    MM  MM 1017.1  27.5  28.6  23.7   MM   MM    MM
2026 06 29 20 30  50  6.0  7.0    MM    MM    MM  MM 1017.2  27.3  28.6  24.2   MM   MM    MM
2026 06 29 20 20  60  6.0  7.0   0.9     9   4.3 135 1017.1  27.2  28.6  24.4   MM   MM    MM
2026 06 29 20 10  60  6.0  8.0   0.9    MM   4.3 135 1017.2  27.3  28.6  24.6   MM   MM    MM
2026 06 29 20 00  60  6.0  8.0    MM    MM    MM  MM 1017.2  27.5  28.6  24.9   MM -0.5    MM
2026 06 29 19 50  60  6.0  7.0   0.9     9   4.3 131 1017.0  27.6  28.5  24.6   MM   MM    MM
2026 06 29 19 40  60  6.0  7.0    MM    MM    MM  MM 1017.2  27.6  28.6  24.4   MM   MM    MM
2026 06 29 19 30  60  6.0  7.0    MM    MM    MM  MM 1017.2  27.6  28.6  24.5   MM   MM    MM
2026 06 29 19 20  60  6.0  7.0   0.9    MM   4.4 151 1017.3  27.6    MM  24.4   MM   MM    MM
2026 06 29 19 10  MM   MM   MM   0.9     8   4.4 151     MM    MM    MM    MM   MM   MM    MM
2026 06 29 19 00  50  6.0  7.0    MM    MM    MM  MM 1017.5  27.6  28.6  24.3   MM +0.0    MM
2026 06 29 18 50  50  5.0  6.0   0.8     8   4.5 154 1017.6  27.5  28.6  24.4   MM   MM    MM
2026 06 29 18 40  50  5.0  6.0    MM    MM    MM  MM 1017.7  27.6    MM  24.4   MM   MM    MM
2026 06 29 18 30  40  5.0  6.0    MM    MM    MM  MM 1017.7  27.5  28.6  24.0   MM   MM    MM
2026 06 29 18 20  40  6.0  6.0   0.9     8   4.5 123 1017.7  27.6  28.6  24.1   MM   MM    MM
2026 06 29 18 10  40  6.0  7.0   0.9    MM   4.5 123 1017.8  27.7  28.6  24.1   MM   MM    MM
2026 06 29 18 00  30  6.0  6.0    MM    MM    MM  MM 1017.8  27.9  28.6  24.0   MM +0.5    MM
2026 06 29 17 50  30  5.0  6.0   0.8     9   4.5 150 1017.7  27.9  28.6  23.9   MM   MM    MM
2026 06 29 17 40  30  5.0  6.0    MM    MM    MM  MM 1017.8  28.1  28.6  24.2   MM   MM    MM
2026 06 29 17 30  20  5.0  6.0    MM    MM    MM  MM 1017.7  28.3  28.6  23.8   MM   MM    MM
2026 06 29 17 20  20  5.0  6.0   0.9     8   4.5 145 1017.8  28.5  28.6  23.3   MM   MM    MM
2026 06 29 17 10  10  5.0  6.0   0.9    MM   4.5 145 1017.8  28.5  28.5  23.2   MM   MM    MM
2026 06 29 17 00 360  5.0  6.0    MM    MM    MM  MM 1017.7  28.4  28.5  23.6   MM +0.8    MM
2026 06 29 16 50 360  5.0  6.0   0.9     5   4.7 195 1017.6  28.3  28.5  24.0   MM   MM    MM
2026 06 29 16 40 360  5.0  5.0    MM    MM    MM  MM 1017.6  28.4  28.5  24.2   MM   MM    MM
2026 06 29 16 30 360  4.0  5.0    MM    MM    MM  MM 1017.5  28.3  28.5  23.9   MM   MM    MM
2026 06 29 16 20 360  4.0  4.0   0.9     5   4.6 200 1017.5  28.4  28.4  24.0   MM   MM    MM
2026 06 29 16 10 360  4.0  5.0   0.9    MM   4.6 200 1017.5  28.3  28.4  23.6   MM   MM    MM
2026 06 29 16 00 350  4.0  5.0    MM    MM    MM  MM 1017.6  28.4  28.4  23.7   MM +1.0    MM
2026 06 29 15 50 350  4.0  5.0   0.9     6   4.8 198 1017.5  28.3  28.4  23.4   MM   MM    MM
2026 06 29 15 40 360  4.0  5.0    MM    MM    MM  MM 1017.5  28.2  28.4  23.4   MM   MM    MM
2026 06 29 15 30 350  4.0  5.0    MM    MM    MM  MM 1017.4  28.3  28.4  23.6   MM   MM    MM
2026 06 29 15 20 350  5.0  5.0   0.9     6   4.8 202 1017.4  28.3  28.3  23.6   MM   MM    MM
2026 06 29 15 10 360  5.0  5.0   0.9    MM   4.8 202 1017.3  28.2  28.3  23.5   MM   MM    MM
2026 06 29 15 00 350  4.0  5.0    MM    MM    MM  MM 1017.3  28.4  28.3  24.1   MM +1.2    MM
2026 06 29 14 50 350  4.0  5.0   1.0     5   4.9 206 1017.2  28.4  28.3  24.3   MM   MM    MM
2026 06 29 14 40 350  4.0  5.0    MM    MM    MM  MM 1017.1  28.3  28.3  24.2   MM   MM    MM
2026 06 29 14 30 340  4.0  5.0    MM    MM    MM  MM 1017.1  28.2  28.2  24.3   MM   MM    MM
2026 06 29 14 20 330  4.0  5.0   1.0     5   4.9 208 1017.0  28.1  28.2  24.4   MM   MM    MM
2026 06 29 14 10 330  4.0  5.0    MM    MM    MM  MM 1016.9  28.1  28.2  24.7   MM   MM    MM
2026 06 29 14 00 320  4.0  5.0    MM    MM    MM  MM 1016.9  28.1  28.2  24.8   MM +1.4    MM
2026 06 29 13 50 320  4.0  5.0   0.9     5   4.8 200 1016.9  28.1  28.2  24.6   MM   MM    MM
2026 06 29 13 40 320  4.0  5.0    MM    MM    MM  MM 1016.9  28.1  28.2  24.6   MM   MM    MM
2026 06 29 13 30 320  5.0  5.0    MM    MM    MM  MM 1016.7  28.0  28.2  24.5   MM   MM    MM
2026 06 29 13 20 310  5.0  5.0   1.0     5   5.0 202 1016.7  28.0  28.2  24.5   MM   MM    MM
2026 06 29 13 10 310  4.0  5.0   1.0    MM   5.0 202 1016.7  28.0  28.2  24.6   MM   MM    MM
2026 06 29 13 00 310  5.0  5.0    MM    MM    MM  MM 1016.6  28.1  28.2  24.5   MM +1.6    MM
2026 06 29 12 50 310  5.0  5.0   1.0     5   4.9 214 1016.5  28.1  28.2  24.2   MM   MM    MM
2026 06 29 12 40 310  5.0  6.0    MM    MM    MM  MM 1016.4  28.1  28.2  24.0   MM   MM    MM
2026 06 29 12 30 310  5.0  6.0    MM    MM    MM  MM 1016.3  28.2  28.2  24.4   MM   MM    MM
2026 06 29 12 20 300  5.0  6.0   0.9     5   4.8 211 1016.1  28.1  28.2  24.2   MM   MM    MM
2026 06 29 12 10 300  5.0  6.0   0.9    MM   4.8 211 1016.0  28.2  28.2  24.3   MM   MM    MM
2026 06 29 12 00 290  4.0  5.0    MM    MM    MM  MM 1016.1  28.1  28.2  23.9   MM +1.0    MM
2026 06 29 11 50 280  5.0  5.0   1.0     5   4.7 215 1016.0  28.1  28.2  23.8   MM   MM    MM
2026 06 29 11 40 270  4.0  5.0    MM    MM    MM  MM 1015.8  28.1  28.1  23.7   MM   MM    MM
2026 06 29 11 30 280  5.0  5.0    MM    MM    MM  MM 1015.6  28.1  28.2  23.6   MM   MM    MM
2026 06 29 11 20 270  5.0  5.0   1.0     5   4.8 203 1015.6  28.1  28.2  23.5   MM   MM    MM
2026 06 29 11 10 280  5.0  6.0   1.0    MM   4.8 203 1015.6  28.0  28.1  23.7   MM   MM    MM
2026 06 29 11 00 260  4.0  6.0    MM    MM    MM  MM 1015.5  27.8  28.1  23.9   MM +0.4    MM
2026 06 29 10 50 240  4.0  5.0   1.0     5   4.7 207 1015.5  27.5  28.2  24.5   MM   MM    MM
2026 06 29 10 40 230  4.0  5.0   1.0    MM   4.7 207 1015.4  27.2  28.2  24.4   MM   MM    MM
2026 06 29 10 30 240  5.0  5.0    MM    MM    MM  MM 1015.4  27.2  28.2  24.4   MM   MM    MM
2026 06 29 10 20 250  5.0  5.0   1.1     5   4.6 217 1015.3  27.0  28.2  24.0   MM   MM    MM
2026 06 29 10 10 260  5.0  6.0   1.1    MM   4.6 217 1015.1  26.9  28.2  23.8   MM   MM    MM
2026 06 29 10 00 260  5.0  7.0    MM    MM    MM  MM 1015.0  27.1  28.2  23.9   MM +0.0    MM
2026 06 29 09 50 250  4.0  6.0   1.1     5   4.3 221 1015.0  26.8  28.2  23.6   MM   MM    MM
2026 06 29 09 40 240  8.0 14.0    MM    MM    MM  MM 1015.0  26.6  28.2  23.6   MM   MM    MM
2026 06 29 09 30 250  9.0 12.0    MM    MM    MM  MM 1015.2  26.4  28.2  24.1   MM   MM    MM
2026 06 29 09 20 250  9.0 11.0   1.1     5   4.6 217 1015.1  26.4  28.2  24.0   MM   MM    MM
2026 06 29 09 10 260  8.0 10.0   1.1    MM   4.6 217 1015.1  26.8  28.2  24.3   MM   MM    MM
2026 06 29 09 00 260  8.0  9.0    MM    MM    MM  MM 1015.1  27.2  28.2  24.6   MM -0.7    MM
2026 06 29 08 50 260  7.0  9.0   1.1     5   4.7 219 1015.0  27.3  28.2  24.5   MM   MM    MM
2026 06 29 08 40 260  7.0  9.0    MM    MM    MM  MM 1015.2  27.5  28.2  24.9   MM   MM    MM
2026 06 29 08 30 250  9.0 10.0    MM    MM    MM  MM 1015.2  27.4  28.2  24.8   MM   MM    MM
2026 06 29 08 20 260  9.0 11.0   1.0     5   4.8 210 1015.2  27.7  28.2  25.1   MM   MM    MM
2026 06 29 08 10 270  6.0  9.0   1.0    MM   4.8 210 1015.1  27.5  28.2  25.1   MM   MM    MM
2026 06 29 08 00 300  6.0  7.0    MM    MM    MM  MM 1015.1  27.4  28.2  24.5   MM -2.0    MM
2026 06 29 07 50 280  5.0  8.0   1.1     5   4.9 214 1015.4  27.9  28.2  24.2   MM   MM    MM
2026 06 29 07 40 280  4.0  4.0    MM    MM    MM  MM 1015.4  28.2  28.2  23.6   MM   MM    MM
2026 06 29 07 30 280  4.0  4.0    MM    MM    MM  MM 1015.3  27.9  28.2  23.4   MM   MM    MM
2026 06 29 07 20 260  4.0  5.0   1.0    MM   5.0 203 1015.2    MM  28.2    MM   MM   MM    MM
2026 06 29 07 10 230  5.0  7.0    MM    MM    MM  MM 1015.1  28.0  28.2  25.1   MM   MM    MM
2026 06 29 07 00 210  6.0  7.0    MM    MM    MM  MM 1014.8  28.0  28.2  24.8   MM -1.3    MM
2026 06 29 06 50 210  4.0  5.0   1.0     5   4.8 208 1015.0  28.0  28.2  24.5   MM   MM    MM
2026 06 29 06 40 210  4.0  5.0    MM    MM    MM  MM 1015.1  28.0  28.2  24.0   MM   MM    MM
2026 06 29 06 30 210  4.0  5.0    MM    MM    MM  MM 1015.2  28.1  28.2  23.5   MM   MM    MM
2026 06 29 06 20 220  4.0  5.0   1.1     5   4.8 216 1015.3  28.0  28.2  23.2   MM   MM    MM
2026 06 29 06 10 220  4.0  5.0   1.1    MM   4.8 216 1015.7  27.8  28.2  22.2   MM   MM    MM
2026 06 29 06 00 210  4.0  6.0    MM    MM    MM  MM 1015.8  26.7  28.2  21.9   MM -1.2    MM
2026 06 29 05 50 220  3.0  5.0   1.0     5   4.4 207 1016.0  25.6  28.2  23.3   MM   MM    MM
2026 06 29 05 40 220  3.0  4.0    MM    MM    MM  MM 1015.8  25.5  28.2  23.8   MM   MM    MM
2026 06 29 05 30 250  2.0  4.0    MM    MM    MM  MM 1016.1  24.9  28.2  23.3   MM   MM    MM
2026 06 29 05 20 300  3.0  4.0   1.1     5   4.4 212 1016.4  24.5  28.2  23.1   MM   MM    MM
2026 06 29 05 10 330  4.0  6.0   1.1    MM   4.4 212 1016.6  24.2  28.2  22.8   MM   MM    MM
2026 06 29 05 00 330  6.0  8.0    MM    MM    MM  MM 1017.1  24.3  28.2  22.9   MM +1.6    MM
2026 06 29 04 50 330 13.0 21.0   1.1     5   4.7 205 1017.4  25.5  28.2  22.6   MM   MM    MM
2026 06 29 04 40 270  8.0 13.0    MM    MM    MM  MM 1016.7  27.8  28.3  23.8   MM   MM    MM
2026 06 29 04 30 230  4.0  5.0    MM    MM    MM  MM 1016.2  28.1  28.3  24.3   MM   MM    MM
2026 06 29 04 20 230  4.0  5.0   1.2     5   4.6 206 1016.1  28.2  28.3  24.0   MM   MM    MM
2026 06 29 04 10 220  4.0  5.0   1.2    MM   4.6 206 1016.1  28.1  28.3  23.7   MM   MM    MM
2026 06 29 04 00 230  4.0  4.0    MM    MM    MM  MM 1016.1  28.0  28.3  23.4   MM +1.0    MM
2026 06 29 03 50 240  4.0  5.0   1.1     5   4.4 199 1016.3  28.0  28.3  22.9   MM   MM    MM
2026 06 29 03 40 260  5.0  6.0    MM    MM    MM  MM 1016.4  27.6  28.3  22.9   MM   MM    MM
2026 06 29 03 30 300  5.0  7.0    MM    MM    MM  MM 1016.6  26.5  28.3  23.3   MM   MM    MM
2026 06 29 03 20 310  7.0 12.0   1.2     5   4.3 218 1017.0  26.5  28.3  24.2   MM   MM    MM
2026 06 29 03 10 290 11.0 14.0    MM    MM    MM  MM 1017.3  27.4  28.3  23.6   MM   MM    MM
2026 06 29 03 00 230  9.0 14.0    MM    MM    MM  MM 1017.0  28.7  28.3  26.0   MM +2.6    MM
2026 06 29 02 50 210  9.0 10.0   1.2     4   4.2 229 1016.0  28.7  28.3  26.1   MM   MM    MM
2026 06 29 02 40 210  9.0 11.0    MM    MM    MM  MM 1015.8  28.7  28.3  26.1   MM   MM    MM
2026 06 29 02 30 210  9.0 10.0    MM    MM    MM  MM 1015.6  28.7  28.3  26.1   MM   MM    MM
2026 06 29 02 20 210  9.0 11.0   1.2     4   4.3 222 1015.5  28.6  28.3  26.0   MM   MM    MM
2026 06 29 02 10 210  9.0 10.0   1.2    MM   4.3 222 1015.5  28.7  28.3  26.2   MM   MM    MM
2026 06 29 02 00 210  9.0 11.0    MM    MM    MM  MM 1015.5  28.7  28.3  26.1   MM +1.1    MM
2026 06 29 01 50 210  9.0 10.0   1.2     5   4.3 212 1015.4  28.7  28.3  26.0   MM   MM    MM
2026 06 29 01 40 210  9.0 11.0    MM    MM    MM  MM 1015.4  28.7  28.3  25.9   MM   MM    MM
2026 06 29 01 30 210  8.0 10.0    MM    MM    MM  MM 1015.4  28.7  28.3  25.9   MM   MM    MM
2026 06 29 01 20 210  9.0 10.0   1.2     4   4.2 215 1015.3  28.6  28.3  25.8   MM   MM    MM
2026 06 29 01 10 210  8.0 10.0    MM    MM    MM  MM 1015.2  28.7  28.3  26.1   MM   MM    MM
2026 06 29 01 00 210  9.0 11.0   1.2    MM   4.2 215 1015.1  28.7  28.3  25.9   MM +0.4    MM
2026 06 29 00 50 200  8.0 11.0   1.1     4   4.2 212 1015.1  28.8    MM  25.8   MM   MM    MM
2026 06 29 00 40 200  9.0 11.0    MM    MM    MM  MM 1014.9  28.8  28.3  25.5   MM   MM    MM
2026 06 29 00 30 200  9.0 11.0    MM    MM    MM  MM 1014.7  28.8    MM  25.5   MM   MM    MM
2026 06 29 00 20 200  9.0 11.0   1.2     5   4.2 217 1014.6  28.7  28.3  25.3   MM   MM    MM
2026 06 29 00 10 200  9.0 11.0    MM    MM    MM  MM 1014.4  28.7  28.3  25.4   MM   MM    MM
2026 06 29 00 00 200  9.0 10.0    MM    MM    MM  MM 1014.4  28.7  28.3  25.5   MM -0.6    MM
2026 06 28 23 50 200  9.0 11.0   1.2     5   4.1 209 1014.4  28.6    MM  25.5   MM   MM    MM
2026 06 28 23 40 200  9.0 10.0    MM    MM    MM  MM 1014.3  28.7  28.3  25.8   MM   MM    MM
2026 06 28 23 10 200  9.0 10.0   1.1    MM   4.1 136 1014.5  28.7  28.3  25.7   MM   MM    MM
2026 06 28 23 00 200  9.0 11.0    MM    MM    MM  MM 1014.4  28.6  28.4  25.7   MM -1.2    MM
2026 06 28 22 50 200  9.0 11.0   1.1     5   4.2 198 1014.4  28.7  28.4  25.7   MM   MM    MM
2026 06 28 22 40 200  9.0 11.0    MM    MM    MM  MM 1014.5  28.7  28.4  25.8   MM   MM    MM
2026 06 28 22 30 200  9.0 11.0    MM    MM    MM  MM 1014.5  28.6  28.4  25.9   MM   MM    MM
2026 06 28 22 20 200  9.0 10.0   1.1     4   4.1 205 1014.7  28.7  28.4  26.0   MM   MM    MM
2026 06 28 22 10 200  8.0 10.0    MM    MM    MM  MM 1014.6  28.6  28.4  25.9   MM   MM    MM
2026 06 28 22 00 200  8.0  9.0    MM    MM    MM  MM 1014.7  28.7  28.4  26.0   MM -1.8    MM
2026 06 28 21 50 200  8.0 10.0   1.0     8   4.2 134 1014.8  28.7  28.5  26.0   MM   MM    MM
2026 06 28 21 40 200  8.0 10.0    MM    MM    MM  MM 1014.8  28.6  28.4  25.9   MM   MM    MM
2026 06 28 21 30 200  8.0  9.0    MM    MM    MM  MM 1014.8  28.6  28.4  26.1   MM   MM    MM
2026 06 28 21 20 200  8.0  9.0   1.1     5   4.3 203 1014.9  28.6  28.4  26.1   MM   MM    MM
2026 06 28 21 10 200  8.0  9.0    MM    MM    MM  MM 1015.0  28.5  28.4  26.1   MM   MM    MM
2026 06 28 21 00 200  8.0  9.0    MM    MM    MM  MM 1015.0  28.6  28.4  26.3   MM -2.1    MM
2026 06 28 20 50 200  8.0  9.0   1.0     8   4.2 131 1015.0  28.6  28.4  26.1   MM   MM    MM
2026 06 28 20 40 200  8.0  9.0    MM    MM    MM  MM 1015.2  28.6  28.4  26.0   MM   MM    MM
2026 06 28 20 30 210  7.0  9.0    MM    MM    MM  MM 1015.3  28.5  28.4  26.0   MM   MM    MM
2026 06 28 20 20 210  8.0  9.0   1.1     8   4.3 126 1015.4  28.5  28.4  26.1   MM   MM    MM
2026 06 28 20 10 210  8.0  9.0    MM    MM    MM  MM 1015.4  28.4  28.4  26.0   MM   MM    MM
2026 06 28 20 00 210  8.0 10.0    MM    MM    MM  MM 1015.6  28.4  28.4  26.0   MM -1.8    MM
2026 06 28 19 50 210  8.0  9.0   1.0     5   4.2 210 1015.8  28.4  28.4  26.2   MM   MM    MM
2026 06 28 19 40 210  8.0  9.0    MM    MM    MM  MM 1015.9  28.3  28.4  26.0   MM   MM    MM
2026 06 28 19 30 210  7.0  9.0    MM    MM    MM  MM 1016.1  28.3  28.4  26.1   MM   MM    MM
2026 06 28 19 20 210  8.0  9.0   1.0     9   4.3 127 1016.2  28.3  28.4  26.1   MM   MM    MM
2026 06 28 19 10 220  8.0  9.0   1.0    MM   4.3 127 1016.4  28.3  28.4  26.0   MM   MM    MM
2026 06 28 19 00 220  8.0  9.0    MM    MM    MM  MM 1016.5  28.3  28.3  26.0   MM -1.0    MM
2026 06 28 18 50 220  8.0  9.0   1.0     5   4.3 186 1016.6  28.3  28.3  25.8   MM   MM    MM
2026 06 28 18 40 220  8.0  9.0    MM    MM    MM  MM 1016.8  28.2  28.3  25.7   MM   MM    MM
2026 06 28 18 30 220  8.0  9.0    MM    MM    MM  MM 1016.9  28.2  28.3  25.8   MM   MM    MM
2026 06 28 18 20 220  7.0  9.0   1.1     8   4.5 134 1016.9  28.2  28.3  25.8   MM   MM    MM
2026 06 28 18 10 220  8.0  9.0    MM    MM    MM  MM 1017.1  28.1  28.3  25.7   MM   MM    MM
2026 06 28 18 00 220  7.0  8.0    MM    MM    MM  MM 1017.1  28.1  28.3  25.8   MM -0.6    MM
2026 06 28 17 50 220  7.0  8.0   1.0     9   4.6 122 1017.2  28.1  28.3  25.8   MM   MM    MM
2026 06 28 17 40 230  7.0  9.0    MM    MM    MM  MM 1017.4  28.1  28.3  25.8   MM   MM    MM
2026 06 28 17 30 220  7.0  8.0    MM    MM    MM  MM 1017.4  28.1  28.3  25.8   MM   MM    MM
2026 06 28 17 20 220  7.0  9.0   1.0     8   4.3 129 1017.4  28.1  28.2  25.7   MM   MM    MM
2026 06 28 17 10 220  7.0  9.0   1.0    MM   4.3 129 1017.4  28.1  28.2  25.8   MM   MM    MM
2026 06 28 17 00 220  7.0  9.0    MM    MM    MM  MM 1017.4  28.1  28.2  25.7   MM +0.0    MM
2026 06 28 16 50 220  7.0  9.0   1.0     8   4.5 132 1017.5  28.2  28.2  25.7   MM   MM    MM
2026 06 28 16 40 220  7.0  9.0    MM    MM    MM  MM 1017.5  28.1  28.2  25.5   MM   MM    MM
2026 06 28 16 30 220  7.0  8.0    MM    MM    MM  MM 1017.5  28.1  28.2  25.6   MM   MM    MM
2026 06 28 16 20 220  7.0  8.0   1.1     9   4.7 120 1017.5  28.2  28.2  25.6   MM   MM    MM
2026 06 28 16 10 220  7.0  8.0    MM    MM    MM  MM 1017.4  28.1  28.2  25.5   MM   MM    MM
2026 06 28 16 00 220  7.0  8.0    MM    MM    MM  MM 1017.5  28.1  28.2  25.5   MM +0.0    MM
2026 06 28 15 50 220  7.0  8.0   1.0     9   4.5 122 1017.4  28.0  28.2  25.5   MM   MM    MM
2026 06 28 15 40 220  7.0  8.0   1.0    MM   4.5 122 1017.5  28.1  28.2  25.6   MM   MM    MM
2026 06 28 15 30 230  6.0  8.0    MM    MM    MM  MM 1017.5  28.1  28.2  25.5   MM   MM    MM
2026 06 28 15 20 220  6.0  8.0   1.0     5   4.6 195 1017.5  28.1  28.2  25.4   MM   MM    MM
2026 06 28 15 10 220  6.0  7.0   1.0    MM   4.6 195 1017.7  28.1  28.1  25.3   MM   MM    MM
2026 06 28 15 00 230  6.0  7.0    MM    MM    MM  MM 1017.7  28.1  28.1  25.3   MM +0.5    MM
2026 06 28 14 50 230  6.0  7.0   1.0     5   4.6 193 1017.6  28.2  28.1  25.3   MM   MM    MM
2026 06 28 14 40 240  5.0  6.0    MM    MM    MM  MM 1017.6  28.1  28.0  25.1   MM   MM    MM
2026 06 28 14 30 250  5.0  6.0    MM    MM    MM  MM 1017.5  28.1  27.9  25.2   MM   MM    MM
2026 06 28 14 20 250  5.0  6.0   1.1     5   4.6 211 1017.6  28.1  27.9  25.1   MM   MM    MM
2026 06 28 14 10 250  5.0  6.0   1.1    MM   4.6 211 1017.7  28.1  27.9  25.2   MM   MM    MM
2026 06 28 14 00 250  6.0  6.0    MM    MM    MM  MM 1017.6  28.1  27.9  25.1   MM +0.8    MM
2026 06 28 13 50 250  6.0  7.0   1.0     5   4.5 216 1017.6  28.1  27.9  25.1   MM   MM    MM
2026 06 28 13 40 250  6.0  7.0    MM    MM    MM  MM 1017.6  28.2  27.8  25.1   MM   MM    MM
2026 06 28 13 30 250  6.0  7.0    MM    MM    MM  MM 1017.5  28.1  27.8  24.8   MM   MM    MM
2026 06 28 13 20 250  6.0  6.0   1.1     5   4.5 203 1017.6  28.2  27.8  24.9   MM   MM    MM
2026 06 28 13 10 250  6.0  7.0    MM    MM    MM  MM 1017.5  28.1  27.8  24.8   MM   MM    MM
2026 06 28 13 00 240  6.0  6.0    MM    MM    MM  MM 1017.5  28.2  27.8  25.1   MM +0.9    MM
2026 06 28 12 50 240  6.0  7.0   1.1     5   4.4 221 1017.5  28.2  27.8  25.2   MM   MM    MM
2026 06 28 12 40 240  6.0  7.0   1.1    MM   4.4 221 1017.4  28.2  27.8  25.2   MM   MM    MM
2026 06 28 12 30 250  6.0  7.0    MM    MM    MM  MM 1017.4  28.1  27.8  25.2   MM   MM    MM
2026 06 28 12 20 250  6.0  7.0   1.0     5   4.4 203 1017.4  28.0  27.8  25.4   MM   MM    MM
2026 06 28 12 10 250  6.0  7.0   1.0    MM   4.4 203 1017.3  28.0  27.8  25.8   MM   MM    MM
2026 06 28 12 00 250  6.0  7.0    MM    MM    MM  MM 1017.2  28.0  27.8  25.9   MM +0.4    MM
2026 06 28 11 50 240  6.0  7.0   1.1     5   4.5 195 1017.3  28.0  27.8  26.0   MM   MM    MM
2026 06 28 11 40 240  6.0  8.0    MM    MM    MM  MM 1017.2  28.0  27.8  25.9   MM   MM    MM
2026 06 28 11 30 240  7.0  8.0    MM    MM    MM  MM 1017.0  27.9  27.8  25.9   MM   MM    MM
2026 06 28 11 20 240  6.0  8.0   1.1     5   4.5 204 1016.9  28.0  27.8  26.1   MM   MM    MM
2026 06 28 11 10 240  6.0  8.0   1.1    MM   4.5 204 1016.8  27.9  27.7  26.1   MM   MM    MM
2026 06 28 11 00 240  6.0  7.0    MM    MM    MM  MM 1016.8  27.9  27.7  26.2   MM +0.0    MM
2026 06 28 10 50 240  6.0  7.0   1.1     5   4.5 214 1016.8  27.9  27.7  26.1   MM   MM    MM
2026 06 28 10 40 230  6.0  7.0    MM    MM    MM  MM 1016.7  27.9  27.7  26.0   MM   MM    MM
2026 06 28 10 30 240  6.0  7.0    MM    MM    MM  MM 1016.6  27.9  27.7  25.9   MM   MM    MM
2026 06 28 10 20 230  6.0  7.0   1.2     5   4.5 211 1016.6  27.9  27.7  25.9   MM   MM    MM
2026 06 28 10 10 230  6.0  7.0    MM    MM    MM  MM 1016.7  27.9  27.7  25.9   MM   MM    MM
2026 06 28 10 00 230  6.0  7.0    MM    MM    MM  MM 1016.6  27.9  27.7  25.8   MM -0.6    MM
2026 06 28 09 50 230  6.0  7.0   1.0     5   4.4 199 1016.6  27.9  27.7  25.8   MM   MM    MM
2026 06 28 09 40 230  6.0  7.0    MM    MM    MM  MM 1016.7  28.0  27.7  25.8   MM   MM    MM
2026 06 28 09 30 230  6.0  7.0    MM    MM    MM  MM 1016.7  28.0  27.7  25.8   MM   MM    MM
2026 06 28 09 20 230  6.0  7.0   1.1     5   4.4 208 1016.7  28.0  27.7  25.8   MM   MM    MM
2026 06 28 09 10 230  6.0  8.0    MM    MM    MM  MM 1016.7  28.0  27.7  25.7   MM   MM    MM
2026 06 28 09 00 230  6.0  7.0    MM    MM    MM  MM 1016.8  28.0  27.7  25.8   MM -0.8    MM
2026 06 28 08 50 240  7.0  8.0   1.1     5   4.3 214 1016.8  28.0  27.7  25.8   MM   MM    MM
2026 06 28 08 40 240  7.0  8.0    MM    MM    MM  MM 1016.8  27.9  27.7  25.7   MM   MM    MM
2026 06 28 08 30 240  7.0  8.0    MM    MM    MM  MM 1016.8  27.9  27.8  25.8   MM   MM    MM
2026 06 28 08 20 240  7.0  8.0   1.2     5   4.2 226 1016.7  27.9  27.8  25.9   MM   MM    MM
2026 06 28 08 10 240  7.0  9.0    MM    MM    MM  MM 1016.8  27.9  27.8  25.9   MM   MM    MM
2026 06 28 08 00 230  7.0  9.0    MM    MM    MM  MM 1016.8  27.9  27.8  25.9   MM -1.0    MM
2026 06 28 07 50 230  8.0  9.0   1.2    MM   4.4 214 1016.9  28.0  27.8  25.9   MM   MM    MM
2026 06 28 07 40  MM   MM   MM   1.2     5   4.4 214     MM    MM    MM    MM   MM   MM    MM
2026 06 28 07 30 230  8.0 10.0    MM    MM    MM  MM 1016.9  28.0  27.8  25.8   MM   MM    MM
2026 06 28 07 20 230  8.0 10.0   1.1    MM   4.2 222 1017.0  28.0  27.8  25.7   MM   MM    MM
2026 06 28 07 10  MM   MM   MM   1.1     5   4.2 222     MM    MM    MM    MM   MM   MM    MM
2026 06 28 07 00 230  8.0 10.0    MM    MM    MM  MM 1017.2  28.0  27.8  25.8   MM -1.0    MM
2026 06 28 06 50 230  8.0 10.0   1.1     5   4.2 212 1017.3  28.1  27.8  25.8   MM   MM    MM
2026 06 28 06 40 230  9.0 11.0    MM    MM    MM  MM 1017.3  28.1  27.8  25.6   MM   MM    MM
2026 06 28 06 30 230  8.0 10.0    MM    MM    MM  MM 1017.4  28.1  27.9  25.5   MM   MM    MM
2026 06 28 06 20 230  8.0 10.0   1.0     4   4.1 200 1017.5  28.2  27.9  25.6   MM   MM    MM
2026 06 28 06 10 230  8.0  9.0    MM    MM    MM  MM 1017.6  28.2  27.9  25.5   MM   MM    MM
2026 06 28 06 00 220  8.0  9.0    MM    MM    MM  MM 1017.6  28.2  27.9  25.4   MM -0.7    MM
2026 06 28 05 50 230  8.0  9.0   1.1     5   4.1 206 1017.7  28.2  27.9  25.2   MM   MM    MM
2026 06 28 05 40 230  8.0 10.0    MM    MM    MM  MM 1017.7  28.2  27.9  25.3   MM   MM    MM
2026 06 28 05 30 220  8.0 10.0    MM    MM    MM  MM 1017.7  28.2  27.9  25.4   MM   MM    MM
2026 06 28 05 20 220  8.0 10.0   1.0     4   4.2 206 1017.7  28.2  27.9  25.3   MM   MM    MM
2026 06 28 05 10 220  8.0 10.0   1.0    MM   4.2 206 1017.8  28.2  27.9  25.3   MM   MM    MM
2026 06 28 05 00 220  8.0 10.0    MM    MM    MM  MM 1017.8  28.2  27.9  25.2   MM -0.6    MM
2026 06 28 04 50 210  8.0 10.0   1.0     5   4.2 213 1017.9  28.1  27.9  25.2   MM   MM    MM
2026 06 28 04 40 220  8.0  9.0    MM    MM    MM  MM 1018.0  28.1  28.0  25.3   MM   MM    MM
2026 06 28 04 30 220  8.0  9.0    MM    MM    MM  MM 1018.0  28.2  28.0  25.4   MM   MM    MM
2026 06 28 04 20 210  8.0  9.0   1.0     4   4.2 209 1018.1  28.1  28.0  25.2   MM   MM    MM
2026 06 28 04 10 210  7.0  9.0    MM    MM    MM  MM 1018.2  28.1  28.0  25.3   MM   MM    MM
2026 06 28 04 00 220  8.0  9.0    MM    MM    MM  MM 1018.2  28.1  28.0  25.1   MM +0.0    MM
2026 06 28 03 50 220  7.0  8.0   1.0     8   4.3 129 1018.3  28.2  28.0  25.3   MM   MM    MM
2026 06 28 03 40 220  7.0  8.0    MM    MM    MM  MM 1018.2  28.2  28.0  25.0   MM   MM    MM
2026 06 28 03 30 220  7.0  8.0    MM    MM    MM  MM 1018.4  28.2  28.0  25.0   MM   MM    MM
2026 06 28 03 20 210  7.0  9.0   1.0     5   4.1 202 1018.4  28.2    MM  25.0   MM   MM    MM
2026 06 28 03 10 200  7.0  9.0    MM    MM    MM  MM 1018.2  28.2  28.0  25.0   MM   MM    MM
2026 06 28 03 00 200  7.0  9.0    MM    MM    MM  MM 1018.3  28.2  28.0  24.9   MM +0.4    MM
2026 06 28 02 50 200  7.0  8.0   1.0     8   4.3 128 1018.4  28.2  28.0  24.8   MM   MM    MM
2026 06 28 02 40 210  7.0  9.0    MM    MM    MM  MM 1018.4  28.2  28.0  24.8   MM   MM    MM
2026 06 28 02 30 210  7.0  9.0    MM    MM    MM  MM 1018.4  28.2  28.0  24.8   MM   MM    MM
2026 06 28 02 20 210  7.0  9.0   1.0     5   4.2 193 1018.4  28.2  28.0  24.8   MM   MM    MM
2026 06 28 02 10 210  7.0  9.0   1.0    MM   4.2 193 1018.5  28.2  28.0  25.0   MM   MM    MM
2026 06 28 02 00 210  7.0  8.0    MM    MM    MM  MM 1018.4  28.1  28.0  25.1   MM +0.6    MM
2026 06 28 01 50 210  7.0  8.0   1.0     5   4.3 199 1018.3  28.2  28.0  25.1   MM   MM    MM
2026 06 28 01 40 210  8.0  9.0    MM    MM    MM  MM 1018.2  28.1  28.0  25.0   MM   MM    MM
2026 06 28 01 30 210  7.0  9.0    MM    MM    MM  MM 1018.2  28.1  28.0  25.2   MM   MM    MM
2026 06 28 01 20 200  8.0  9.0   1.0     5   4.1 198 1018.2  28.1  28.0  25.1   MM   MM    MM
2026 06 28 01 10 200  7.0  9.0    MM    MM    MM  MM 1018.0  28.1  28.0  25.3   MM   MM    MM
2026 06 28 01 00 200  8.0 10.0    MM    MM    MM  MM 1018.0  28.0  28.0  25.1   MM +0.7    MM
2026 06 28 00 50 200  8.0  9.0   1.0     9   4.2 118 1017.8  28.0  28.0  25.2   MM   MM    MM
2026 06 28 00 40 200  8.0  9.0    MM    MM    MM  MM 1017.7  28.0  28.1  25.3   MM   MM    MM
2026 06 28 00 30 200  8.0  9.0    MM    MM    MM  MM 1017.6  28.0  28.1  25.1   MM   MM    MM
2026 06 28 00 20 200  8.0  9.0   1.0     8   4.1 120 1017.7  28.0  28.1  25.2   MM   MM    MM
2026 06 28 00 10 200  8.0  9.0    MM    MM    MM  MM 1017.7  28.0  28.1  25.2   MM   MM    MM
2026 06 28 00 00 200  8.0  9.0    MM    MM    MM  MM 1017.9  28.1  28.1  25.4   MM -0.0    MM
2026 06 27 23 50 200  8.0  9.0   1.0     8   4.1 121 1017.8  28.1  28.1  25.3   MM   MM    MM
2026 06 27 23 40 200  8.0 10.0   1.0    MM   4.1 121 1017.8  28.1  28.1  25.3   MM   MM    MM
2026 06 27 23 10 200  8.0  9.0   1.0    MM   4.1 119 1017.7  28.1  28.1  24.8   MM   MM    MM
2026 06 27 23 00 200  8.0  9.0    MM    MM    MM  MM 1017.8  28.1  28.2  24.9   MM -1.0    MM
2026 06 27 22 50 200  8.0  9.0   1.0     9   4.0 133 1017.7  28.1  28.2  24.8   MM   MM    MM
2026 06 27 22 40 200  8.0  9.0    MM    MM    MM  MM 1017.8  28.1  28.2  24.9   MM   MM    MM
2026 06 27 22 30 200  8.0  9.0    MM    MM    MM  MM 1017.6  28.1  28.2  25.0   MM   MM    MM
2026 06 27 22 20 200  8.0  9.0   1.0     5   4.2 192 1017.6  28.0  28.2  24.8   MM   MM    MM
2026 06 27 22 10 190  8.0  9.0   1.0    MM   4.2 192 1017.4  28.0  28.2  25.0   MM   MM    MM
2026 06 27 22 00 190  8.0  9.0    MM    MM    MM  MM 1017.3  28.0  28.2  24.9   MM -2.0    MM
2026 06 27 21 50 190  8.0  9.0   0.9     8   4.1 133 1017.5  28.0  28.2  24.8   MM   MM    MM
2026 06 27 21 40 200  8.0 10.0    MM    MM    MM  MM 1017.6  28.0  28.2  24.7   MM   MM    MM
2026 06 27 21 30 200  7.0  9.0    MM    MM    MM  MM 1017.7  28.0  28.2  24.8   MM   MM    MM
2026 06 27 21 20 190  8.0  9.0   0.9     9   4.1 137 1017.8  28.1  28.2  24.7   MM   MM    MM
2026 06 27 21 10 190  7.0  9.0   0.9    MM   4.1 137 1017.9  28.1  28.2  24.6   MM   MM    MM
2026 06 27 21 00 190  7.0  9.0    MM    MM    MM  MM 1018.0  28.0  28.2  24.5   MM -1.9    MM
2026 06 27 20 50 200  7.0  8.0   1.0     8   4.4 132 1018.1  28.1  28.2  24.5   MM   MM    MM
2026 06 27 20 40 200  7.0  8.0    MM    MM    MM  MM 1018.3  28.1  28.2  24.3   MM   MM    MM
2026 06 27 20 30 200  7.0  8.0    MM    MM    MM  MM 1018.4  28.1  28.2  24.3   MM   MM    MM
2026 06 27 20 20 200  7.0  8.0   1.0     9   4.3 132 1018.5  28.1  28.2  24.2   MM   MM    MM
2026 06 27 20 10 200  7.0  8.0   1.0    MM   4.3 132 1018.5  28.1  28.2  24.3   MM   MM    MM
2026 06 27 20 00 200  7.0  8.0    MM    MM    MM  MM 1018.8  28.1  28.2  24.3   MM -1.8    MM
2026 06 27 19 50 210  6.0  7.0   1.0     9   4.2 129 1018.9  28.1  28.2  24.3   MM   MM    MM
2026 06 27 19 40 210  6.0  7.0   1.0    MM   4.2 129 1019.0  28.1  28.2  24.2   MM   MM    MM
2026 06 27 19 30 220  7.0  8.0    MM    MM    MM  MM 1019.1  28.1  28.2  24.1   MM   MM    MM
2026 06 27 19 20 230  6.0  8.0   1.0     9   4.6 126 1019.1  28.1    MM  24.2   MM   MM    MM
2026 06 27 19 10 220  7.0  8.0    MM    MM    MM  MM 1019.2  28.1  28.2  24.1   MM   MM    MM
2026 06 27 19 00 220  7.0  8.0    MM    MM    MM  MM 1019.3  28.1  28.2  24.2   MM -1.4    MM
2026 06 27 18 50 220  7.0  8.0   1.0     9   4.4 114 1019.5  28.0  28.2  24.4   MM   MM    MM
2026 06 27 18 40 220  7.0  8.0    MM    MM    MM  MM 1019.5  28.0  28.2  24.7   MM   MM    MM
2026 06 27 18 30 220  7.0  8.0    MM    MM    MM  MM 1019.6  28.0  28.2  24.5   MM   MM    MM
2026 06 27 18 20 220  6.0  7.0   1.0     9   4.5 128 1019.7  27.9  28.2  24.4   MM   MM    MM
2026 06 27 18 10 220  6.0  8.0   1.0    MM   4.5 128 1019.8  27.8  28.2  24.8   MM   MM    MM
2026 06 27 18 00 210  6.0  7.0    MM    MM    MM  MM 1019.9  27.8  28.2  25.2   MM -0.9    MM
2026 06 27 17 50 200  6.0  7.0   1.0     8   4.5 128 1020.0  27.7  28.1  25.2   MM   MM    MM
2026 06 27 17 40 200  6.0  8.0    MM    MM    MM  MM 1020.1  27.7  28.1  25.1   MM   MM    MM
2026 06 27 17 30 200  6.0  7.0    MM    MM    MM  MM 1020.2  27.8  28.2  25.1   MM   MM    MM
2026 06 27 17 20 200  6.0  7.0   1.0     9   4.5 126 1020.3  27.9  28.2  25.1   MM   MM    MM
2026 06 27 17 10 210  6.0  7.0   1.0    MM   4.5 126 1020.4  27.9  28.1  24.7   MM   MM    MM
2026 06 27 17 00 210  5.0  6.0    MM    MM    MM  MM 1020.6  27.9  28.1  24.7   MM +0.0    MM
2026 06 27 16 50 220  5.0  6.0   1.0     5   4.5 197 1020.6  27.8  28.1  24.4   MM   MM    MM
2026 06 27 16 40 220  5.0  6.0    MM    MM    MM  MM 1020.7  27.8  28.1  24.1   MM   MM    MM
2026 06 27 16 30 210  4.0  5.0    MM    MM    MM  MM 1020.8  27.9  28.0  24.0   MM   MM    MM
2026 06 27 16 20 220  4.0  5.0   1.1     5   4.5 186 1020.8  28.0  28.0  23.9   MM   MM    MM
2026 06 27 16 10 230  4.0  5.0    MM    MM    MM  MM 1020.7  27.9  28.0  23.6   MM   MM    MM
2026 06 27 16 00 230  5.0  5.0    MM    MM    MM  MM 1020.7  27.9  27.9  23.6   MM +0.0    MM
2026 06 27 15 50 230  4.0  5.0   1.0     5   4.4 180 1020.5  27.9  27.9  23.7   MM   MM    MM
2026 06 27 15 40 230  4.0  5.0    MM    MM    MM  MM 1020.5  27.8  27.9  23.6   MM   MM    MM
2026 06 27 15 30 230  5.0  6.0    MM    MM    MM  MM 1020.5  27.8  27.9  23.8   MM   MM    MM
2026 06 27 15 20 230  5.0  5.0   1.1     5   4.5 204 1020.6  27.6  27.9  24.0   MM   MM    MM
2026 06 27 15 10 220  5.0  6.0    MM    MM    MM  MM 1020.8  27.8  27.9  25.0   MM   MM    MM
2026 06 27 15 00 230  5.0  6.0    MM    MM    MM  MM 1020.8  27.8  27.9  24.8   MM +0.7    MM
2026 06 27 14 50 230  6.0  7.0   1.1     9   4.4 131 1020.8  27.8  27.9  24.7   MM   MM    MM
2026 06 27 14 40 230  6.0  7.0    MM    MM    MM  MM 1020.9  27.8  27.8  24.6   MM   MM    MM
2026 06 27 14 30 230  6.0  7.0    MM    MM    MM  MM 1020.8  27.8  27.8  24.6   MM   MM    MM
2026 06 27 14 20 230  6.0  7.0   1.1     5   4.4 215 1020.7  27.9  27.8  24.6   MM   MM    MM
2026 06 27 14 10 240  6.0  8.0    MM    MM    MM  MM 1020.7  27.9  27.8  24.0   MM   MM    MM
2026 06 27 14 00 230  5.0  7.0    MM    MM    MM  MM 1020.6  27.9  27.8  24.0   MM +0.6    MM
2026 06 27 13 50 230  7.0  8.0   1.1     9   4.3 129 1020.7  28.0  27.8  23.9   MM   MM    MM
2026 06 27 13 40 230  6.0  7.0    MM    MM    MM  MM 1020.8  27.9  27.7  23.4   MM   MM    MM
2026 06 27 13 30 230  6.0  8.0    MM    MM    MM  MM 1020.7  27.7  27.7  23.0   MM   MM    MM
2026 06 27 13 20 240  7.0  8.0   1.1     5   4.2 204 1020.6  27.5  27.7  23.4   MM   MM    MM
2026 06 27 13 10 230  8.0 10.0    MM    MM    MM  MM 1020.6  27.8  27.7  24.6   MM   MM    MM
2026 06 27 13 00 220  7.0  8.0    MM    MM    MM  MM 1020.6  28.0  27.7  25.4   MM +1.1    MM
2026 06 27 12 50 220  7.0  8.0   1.0     5   4.2 215 1020.6  28.1  27.7  25.6   MM   MM    MM
2026 06 27 12 40 220  7.0  8.0    MM    MM    MM  MM 1020.7  28.1  27.7  25.4   MM   MM    MM
2026 06 27 12 30 220  7.0  8.0    MM    MM    MM  MM 1020.9  28.0  27.7  25.2   MM   MM    MM
2026 06 27 12 20 220  7.0  8.0   1.1     5   4.2 215 1020.7  28.1  27.7  25.4   MM   MM    MM
2026 06 27 12 10 230  7.0  9.0    MM    MM    MM  MM 1020.3  28.1  27.7  25.2   MM   MM    MM
2026 06 27 12 00 230  7.0  8.0    MM    MM    MM  MM 1020.1  28.0  27.7  25.1   MM +0.7    MM
2026 06 27 11 50 220  7.0  9.0   1.0     5   4.2 206 1020.1  28.0  27.7  25.1   MM   MM    MM
2026 06 27 11 40 220  7.0  9.0    MM    MM    MM  MM 1020.2  28.0  27.7  25.1   MM   MM    MM
2026 06 27 11 30 220  7.0  8.0    MM    MM    MM  MM 1020.2  28.1  27.7  25.2   MM   MM    MM
2026 06 27 11 20 220  7.0  9.0   1.0     5   4.2 192 1020.2  28.1  27.7  25.1   MM   MM    MM
2026 06 27 11 10 220  7.0  8.0    MM    MM    MM  MM 1020.1  28.1  27.7  25.2   MM   MM    MM
2026 06 27 11 00 220  7.0  8.0    MM    MM    MM  MM 1020.0  28.1  27.7  25.1   MM +0.3    MM
2026 06 27 10 50 220  7.0  8.0   1.0     5   4.2 201 1020.0  28.0  27.7  25.0   MM   MM    MM
2026 06 27 10 40 220  7.0  8.0    MM    MM    MM  MM 1019.9  28.0  27.7  25.1   MM   MM    MM
2026 06 27 10 30 220  7.0  8.0    MM    MM    MM  MM 1019.7  27.9  27.7  25.1   MM   MM    MM
2026 06 27 10 20 220  7.0  8.0   1.0     5   4.3 205 1019.5  28.0  27.7  25.3   MM   MM    MM
2026 06 27 10 10 220  7.0  8.0    MM    MM    MM  MM 1019.4  27.9  27.7  25.2   MM   MM    MM
2026 06 27 10 00 220  7.0  8.0    MM    MM    MM  MM 1019.5  27.9  27.7  25.2   MM -0.4    MM
2026 06 27 09 50 220  7.0  8.0   1.1     5   4.4 209 1019.4  27.8  27.7  25.3   MM   MM    MM
2026 06 27 09 40 220  7.0  8.0   1.1    MM   4.4 209 1019.4  27.8  27.7  25.6   MM   MM    MM
2026 06 27 09 30 220  7.0  8.0    MM    MM    MM  MM 1019.5  27.8  27.7  25.7   MM   MM    MM
2026 06 27 09 20 220  7.0  9.0   1.2     5   4.4 201 1019.4  27.8  27.7  25.8   MM   MM    MM
2026 06 27 09 10 220  7.0  8.0   1.2    MM   4.4 201 1019.4  27.9  27.7  25.8   MM   MM    MM
2026 06 27 09 00 220  7.0  8.0    MM    MM    MM  MM 1019.4  27.9  27.7  25.8   MM -0.8    MM
2026 06 27 08 50 220  6.0  7.0   1.1     5   4.2 207 1019.5  27.9  27.8  25.8   MM   MM    MM
2026 06 27 08 40 220  7.0  8.0    MM    MM    MM  MM 1019.6  27.9  27.8  25.8   MM   MM    MM
2026 06 27 08 30 230  6.0  8.0    MM    MM    MM  MM 1019.6  27.9  27.8  25.8   MM   MM    MM
2026 06 27 08 20 220  6.0  7.0   1.1     5   4.4 202 1019.5  27.9  27.8  25.8   MM   MM    MM
2026 06 27 08 10 220  7.0  7.0    MM    MM    MM  MM 1019.6  27.9  27.8  25.8   MM   MM    MM
2026 06 27 08 00 220  7.0  8.0    MM    MM    MM  MM 1019.7  27.9    MM  25.8   MM -0.7    MM
2026 06 27 07 50 220  6.0  7.0   1.2     5   4.3 197 1019.7  28.0  27.8  25.9   MM   MM    MM
2026 06 27 07 40 210  6.0  8.0   1.2    MM   4.3 197 1019.7  28.0  27.8  25.8   MM   MM    MM
2026 06 27 07 30 210  6.0  7.0    MM    MM    MM  MM 1019.8  28.1  27.8  25.8   MM   MM    MM
2026 06 27 07 20 220  6.0  8.0   1.1     5   4.3 213 1019.8  28.1  27.8  25.6   MM   MM    MM
2026 06 27 07 10 220  6.0  8.0    MM    MM    MM  MM 1019.9  28.1  27.8  25.6   MM   MM    MM
2026 06 27 07 00 210  7.0  8.0    MM    MM    MM  MM 1019.9  28.1  27.8  25.5   MM -0.6    MM
2026 06 27 06 50 220  7.0  8.0   1.0     5   4.2 205 1020.1  28.1  27.8  25.5   MM   MM    MM
2026 06 27 06 40 210  7.0  8.0    MM    MM    MM  MM 1020.1  28.1  27.8  25.5   MM   MM    MM
2026 06 27 06 30 210  7.0  9.0    MM    MM    MM  MM 1020.0  28.1  27.8  25.6   MM   MM    MM
2026 06 27 06 20 210  7.0  8.0   1.1     5   4.2 204 1020.0  28.1  27.8  25.6   MM   MM    MM
2026 06 27 06 10 210  8.0  9.0   1.1    MM   4.2 204 1020.1  28.1  27.8  25.5   MM   MM    MM
2026 06 27 06 00 210  7.0  9.0    MM    MM    MM  MM 1020.2  28.1  27.8  25.6   MM -0.7    MM
2026 06 27 05 50 210  7.0  9.0   1.1     5   4.1 208 1020.2  28.1  27.8  25.6   MM   MM    MM
2026 06 27 05 40 210  7.0  9.0    MM    MM    MM  MM 1020.3  28.2  27.8  25.6   MM   MM    MM
2026 06 27 05 30 210  7.0  9.0    MM    MM    MM  MM 1020.3  28.1  27.8  25.4   MM   MM    MM
2026 06 27 05 20 210  8.0  9.0   1.1     5   4.3 204 1020.4  28.2  27.8  25.5   MM   MM    MM
2026 06 27 05 10 210  8.0  9.0    MM    MM    MM  MM 1020.4  28.2  27.8  25.5   MM   MM    MM
2026 06 27 05 00 200  8.0  9.0    MM    MM    MM  MM 1020.4  28.2  27.8  25.5   MM +0.0    MM
2026 06 27 04 50 200  8.0  9.0   1.1     5   4.2 205 1020.4  28.2  27.8  25.6   MM   MM    MM
2026 06 27 04 40 210  8.0  9.0    MM    MM    MM  MM 1020.4  28.2  27.8  25.6   MM   MM    MM
2026 06 27 04 30 210  8.0  9.0    MM    MM    MM  MM 1020.4  28.1  27.8  25.4   MM   MM    MM
2026 06 27 04 20 210  7.0  9.0   1.0     5   4.3 201 1020.5  28.2  27.8  25.7   MM   MM    MM
2026 06 27 04 10 210  7.0  9.0   1.0    MM   4.3 201 1020.6  28.2  27.8  25.6   MM   MM    MM
2026 06 27 04 00 200  7.0  9.0    MM    MM    MM  MM 1020.5  28.2  27.8  25.5   MM +0.0    MM
2026 06 27 03 50 200  7.0  9.0   1.0     5   4.2 198 1020.5  28.2  27.8  25.5   MM   MM    MM
2026 06 27 03 40 210  8.0  9.0    MM    MM    MM  MM 1020.7  28.2  27.8  25.4   MM   MM    MM
2026 06 27 03 30 200  7.0  9.0    MM    MM    MM  MM 1020.8  28.2  27.8  25.4   MM   MM    MM
2026 06 27 03 20 200  7.0  8.0   1.0     5   4.2 197 1020.9  28.3  27.8  25.4   MM   MM    MM
2026 06 27 03 10 210  8.0  9.0    MM    MM    MM  MM 1020.9  28.3  27.9  25.2   MM   MM    MM
2026 06 27 03 00 210  8.0  9.0    MM    MM    MM  MM 1020.9  28.3  27.8  25.1   MM +0.9    MM
2026 06 27 02 50 200  8.0 10.0   1.0     5   4.2 209 1021.0  28.3  27.8  24.9   MM   MM    MM
2026 06 27 02 40 200  8.0  9.0    MM    MM    MM  MM 1020.8  28.4  27.9  25.1   MM   MM    MM
2026 06 27 02 30 200  8.0 10.0    MM    MM    MM  MM 1020.7  28.3  27.9  24.8   MM   MM    MM
2026 06 27 02 20 200  7.0  9.0   1.0     5   4.2 183 1020.6  28.4  27.9  24.9   MM   MM    MM
2026 06 27 02 10 200  7.0  9.0    MM    MM    MM  MM 1020.6  28.4  27.9  24.8   MM   MM    MM
2026 06 27 02 00 200  7.0  9.0    MM    MM    MM  MM 1020.5  28.4  27.8  24.9   MM +0.7    MM
2026 06 27 01 50 200  7.0  9.0   1.0     4   4.0 195 1020.4  28.4  27.8  25.1   MM   MM    MM
2026 06 27 01 40 190  8.0 10.0    MM    MM    MM  MM 1020.3  28.3  27.8  24.9   MM   MM    MM
2026 06 27 01 30 190  7.0  9.0    MM    MM    MM  MM 1020.2  28.3  27.8  25.1   MM   MM    MM
2026 06 27 01 20 200  7.0  9.0   0.9     4   4.0 192 1020.2  28.3  27.8  25.2   MM   MM    MM
2026 06 27 01 10 190  7.0  9.0    MM    MM    MM  MM 1020.1  28.3  27.8  25.5   MM   MM    MM
2026 06 27 01 00 190  7.0  9.0    MM    MM    MM  MM 1020.3  28.3  27.9  25.3   MM +0.6    MM
2026 06 27 00 50 190  7.0  9.0   0.9     4   4.0 188 1020.3  28.3  27.9  25.2   MM   MM    MM
2026 06 27 00 40 190  7.0  8.0    MM    MM    MM  MM 1020.1  28.4  27.9  25.1   MM   MM    MM
2026 06 27 00 30 190  7.0  9.0    MM    MM    MM  MM 1020.3  28.4  27.9  24.8   MM   MM    MM
2026 06 27 00 20 190  7.0  9.0   0.9     5   4.1 167 1020.1  28.4  27.9  24.9   MM   MM    MM
2026 06 27 00 10 190  8.0  9.0    MM    MM    MM  MM 1020.1  28.3  27.9  24.9   MM   MM    MM
2026 06 27 00 00 180  8.0 10.0    MM    MM    MM  MM 1020.0  28.3  27.9  24.9   MM -0.0    MM
2026 06 26 23 50 180  8.0  9.0   0.9     8   4.1 127 1020.0  28.4  28.0  24.9   MM   MM    MM
2026 06 26 23 40 190  8.0  9.0    MM    MM    MM  MM 1020.0  28.3  27.9  24.5   MM   MM    MM
2026 06 26 23 10 190  8.0 10.0   0.9    MM   3.9 155 1020.0  28.4  27.9  24.1   MM   MM    MM
2026 06 26 23 00 190  8.0 10.0    MM    MM    MM  MM 1019.8  28.3  28.0  24.2   MM -0.6    MM
2026 06 26 22 50 190  8.0  9.0   0.8     8   3.8 124 1019.7  28.2  28.0  24.9   MM   MM    MM
2026 06 26 22 40 190  7.0  9.0    MM    MM    MM  MM 1019.6  28.2  28.0  25.0   MM   MM    MM
2026 06 26 22 30 190  8.0  9.0    MM    MM    MM  MM 1019.5  28.2  28.0  24.8   MM   MM    MM
2026 06 26 22 20 190  7.0  8.0   0.8     8   4.0 115 1019.7  28.3  28.0  25.0   MM   MM    MM
2026 06 26 22 10 190  8.0  9.0    MM    MM    MM  MM 1019.6  28.3  28.0  24.9   MM   MM    MM
2026 06 26 22 00 200  7.0  9.0    MM    MM    MM  MM 1019.7  28.3  28.1  24.7   MM -1.1    MM
2026 06 26 21 50 190  8.0  9.0   0.8     8   4.0 131 1019.7  28.3  28.1  24.9   MM   MM    MM
2026 06 26 21 40 200  7.0  9.0    MM    MM    MM  MM 1019.8  28.3  28.0  25.1   MM   MM    MM
2026 06 26 21 30 190  7.0  9.0    MM    MM    MM  MM 1019.8  28.3  28.0  25.2   MM   MM    MM
2026 06 26 21 20 200  7.0  8.0   0.7     8   4.0 125 1019.9  28.3  28.0  25.2   MM   MM    MM
2026 06 26 21 10 200  7.0  8.0    MM    MM    MM  MM 1019.9  28.3  28.0  25.2   MM   MM    MM
2026 06 26 21 00 200  7.0  8.0    MM    MM    MM  MM 1020.0  28.3  28.0  25.1   MM -1.3    MM
2026 06 26 20 50 190  7.0  8.0   0.7     6   4.2 140 1020.1  28.2  28.0  25.1   MM   MM    MM
2026 06 26 20 40 190  7.0  8.0   0.7    MM   4.2 140 1020.0  28.2  28.0  25.2   MM   MM    MM
2026 06 26 20 30 190  7.0  8.0    MM    MM    MM  MM 1020.1  28.2  28.1  25.5   MM   MM    MM
2026 06 26 20 20 190  6.0  8.0   0.7     5   4.2 144 1020.1  28.3  28.1  25.7   MM   MM    MM
2026 06 26 20 10 190  6.0  7.0   0.7    MM   4.2 144 1020.3  28.3  28.1  25.6   MM   MM    MM
2026 06 26 20 00 200  6.0  7.0    MM    MM    MM  MM 1020.4  28.2  28.1  25.3   MM -0.8    MM
2026 06 26 19 50 200  5.0  7.0   0.8     8   4.4 130 1020.4  28.2  28.1  25.4   MM   MM    MM
2026 06 26 19 40 200  5.0  6.0    MM    MM    MM  MM 1020.5  28.3  28.1  25.6   MM   MM    MM
2026 06 26 19 30 200  5.0  6.0    MM    MM    MM  MM 1020.6  28.3  28.1  25.3   MM   MM    MM
2026 06 26 19 20 210  5.0  6.0   0.8     8   4.2 116 1020.7  28.3  28.1  25.2   MM   MM    MM
2026 06 26 19 10 200  5.0  6.0    MM    MM    MM  MM 1020.8  28.3  28.1  25.3   MM   MM    MM
2026 06 26 19 00 210  5.0  6.0    MM    MM    MM  MM 1020.8  28.3  28.1  25.1   MM -1.0    MM
2026 06 26 18 50 210  5.0  6.0   0.8     5   4.2 140 1021.0  28.2  28.1  25.2   MM   MM    MM
2026 06 26 18 40 210  5.0  6.0    MM    MM    MM  MM 1021.0  28.1  28.1  25.2   MM   MM    MM
2026 06 26 18 30 210  5.0  6.0    MM    MM    MM  MM 1021.1  28.2  28.1  25.6   MM   MM    MM
2026 06 26 18 20 210  5.0  6.0   0.8     4   4.0 162 1021.2  28.3  28.0  25.6   MM   MM    MM
2026 06 26 18 10 210  5.0  6.0    MM    MM    MM  MM 1021.3  28.2  28.0  25.4   MM   MM    MM
2026 06 26 18 00 210  5.0  6.0    MM    MM    MM  MM 1021.3  28.2  28.0  25.4   MM -0.6    MM
2026 06 26 17 50 210  6.0  6.0   0.8     8   4.2 129 1021.3  28.2  28.0  25.5   MM   MM    MM
2026 06 26 17 40 210  5.0  6.0   0.8    MM   4.2 129 1021.2  28.2  28.0  25.6   MM   MM    MM
2026 06 26 17 30 200  6.0  6.0    MM    MM    MM  MM 1021.2  28.2  28.0  25.5   MM   MM    MM
2026 06 26 17 20 210  5.0  7.0   0.7     8   4.2 124 1021.2  28.1  28.0  25.4   MM   MM    MM
2026 06 26 17 10 200  6.0  7.0   0.7    MM   4.2 124 1021.2  28.2  27.9  25.6   MM   MM    MM
2026 06 26 17 00 200  5.0  7.0    MM    MM    MM  MM 1021.2  28.1  28.0  25.6   MM -0.3    MM
2026 06 26 16 50 210  6.0  7.0   0.7     5   4.3 132 1021.4  28.1  27.9  25.7   MM   MM    MM
2026 06 26 16 40 200  5.0  6.0    MM    MM    MM  MM 1021.4  28.1  27.9  25.8   MM   MM    MM
2026 06 26 16 30 210  5.0  6.0    MM    MM    MM  MM 1021.5  28.2  27.9  25.9   MM   MM    MM
2026 06 26 16 20 220  5.0  6.0   0.6     6   4.4 123 1021.5  28.2  27.9  25.7   MM   MM    MM
2026 06 26 16 10 220  5.0  6.0    MM    MM    MM  MM 1021.8  28.1  27.9  25.6   MM   MM    MM
2026 06 26 16 00 210  5.0  6.0    MM    MM    MM  MM 1021.8  28.0  27.8  25.5   MM +0.6    MM
2026 06 26 15 50 210  5.0  6.0   0.6     8   4.8 130 1021.9  28.0  27.8  25.8   MM   MM    MM
2026 06 26 15 40 200  5.0  6.0    MM    MM    MM  MM 1022.0  28.0  27.8  25.9   MM   MM    MM
2026 06 26 15 30 170  4.0  5.0    MM    MM    MM  MM 1022.1  28.0  27.8  25.8   MM   MM    MM
2026 06 26 15 20 160  4.0  5.0   0.6     8   4.8 123 1022.1  27.9  27.7  25.4   MM   MM    MM
2026 06 26 15 10 160  4.0  5.0    MM    MM    MM  MM 1022.1  28.0  27.7  25.2   MM   MM    MM
2026 06 26 15 00 150  4.0  4.0    MM    MM    MM  MM 1021.9  28.0  27.7  24.8   MM +1.3    MM
2026 06 26 14 50 150  3.0  4.0   0.7     8   4.8 131 1021.9  28.0  27.7  24.5   MM   MM    MM
2026 06 26 14 40 150  3.0  3.0    MM    MM    MM  MM 1021.8  28.0  27.7  24.2   MM   MM    MM
2026 06 26 14 30 140  3.0  4.0    MM    MM    MM  MM 1021.6  27.8  27.7  23.8   MM   MM    MM
2026 06 26 14 20 130  4.0  5.0   0.6     5   4.6 111 1021.6  27.6  27.6  23.6   MM   MM    MM
2026 06 26 14 10 140  3.0  4.0   0.6    MM   4.6 111 1021.6  27.6  27.6  23.6   MM   MM    MM
2026 06 26 14 00 140  4.0  4.0    MM    MM    MM  MM 1021.5  27.5  27.6  23.5   MM +1.3    MM
2026 06 26 13 50 150  3.0  4.0   0.6     8   4.8 137 1021.3  27.6  27.6  23.6   MM   MM    MM
2026 06 26 13 40 150  3.0  4.0    MM    MM    MM  MM 1021.2  27.6  27.5  23.6   MM   MM    MM
2026 06 26 13 30 140  3.0  4.0    MM    MM    MM  MM 1021.3  27.7  27.5  23.9   MM   MM    MM
2026 06 26 13 20 150  3.0  4.0   0.7     8   4.6 126 1021.2  27.6  27.5  24.0   MM   MM    MM
2026 06 26 13 10 140  3.0  4.0    MM    MM    MM  MM 1021.2  27.7  27.5  24.6   MM   MM    MM
2026 06 26 13 00 150  2.0  3.0    MM    MM    MM  MM 1021.2  27.7  27.5  24.5   MM +1.4    MM
2026 06 26 12 50 150  2.0  4.0   0.7     6   4.5  93 1021.1  27.3  27.5  23.8   MM   MM    MM
2026 06 26 12 40 140  3.0  4.0    MM    MM    MM  MM 1021.1  27.5  27.5  24.6   MM   MM    MM
2026 06 26 12 30 120  2.0  3.0    MM    MM    MM  MM 1020.9  27.8  27.5  25.2   MM   MM    MM
2026 06 26 12 20 120  2.0  3.0   0.7     8   4.6 113 1020.6  27.8  27.5  25.4   MM   MM    MM
2026 06 26 12 10 120  3.0  4.0    MM    MM    MM  MM 1020.5  27.6  27.5  25.3   MM   MM    MM
2026 06 26 12 00 110  2.0  3.0    MM    MM    MM  MM 1020.6  27.8  27.5  25.7   MM +1.2    MM
2026 06 26 11 50 100  2.0  2.0   0.7     7   4.5 109 1020.6  28.0  27.5  25.8   MM   MM    MM
2026 06 26 11 40 110  1.0  2.0    MM    MM    MM  MM 1020.3  27.8  27.5  25.5   MM   MM    MM
2026 06 26 11 30 120  1.0  2.0    MM    MM    MM  MM 1020.3  27.8  27.5  25.7   MM   MM    MM
2026 06 26 11 20 120  1.0  2.0   0.7     8   4.5 128 1020.4  27.8  27.5  25.7   MM   MM    MM
2026 06 26 11 10 130  1.0  2.0   0.7    MM   4.5 128 1020.5  27.7  27.5  25.6   MM   MM    MM
2026 06 26 11 00 150  1.0  1.0    MM    MM    MM  MM 1020.2  27.7  27.5  25.6   MM +1.1    MM
2026 06 26 10 50 150  1.0  1.0   0.7     8   4.8 115 1020.1  27.6  27.5  25.4   MM   MM    MM
2026 06 26 10 40  MM  0.0  1.0    MM    MM    MM  MM 1020.1  27.6  27.5  25.4   MM   MM    MM
2026 06 26 10 30  MM  0.0  1.0    MM    MM    MM  MM 1019.9  27.6  27.5  25.4   MM   MM    MM
2026 06 26 10 20 210  1.0  1.0   0.7     8   4.4 125 1019.9  27.6  27.5  25.4   MM   MM    MM
2026 06 26 10 10 190  1.0  2.0   0.7    MM   4.4 125 1019.9  27.7  27.5  25.4   MM   MM    MM
2026 06 26 10 00 190  1.0  2.0    MM    MM    MM  MM 1019.8  27.7  27.5  25.3   MM +0.7    MM
2026 06 26 09 50 190  2.0  2.0   0.7     8   4.4 130 1019.8  27.7  27.5  25.3   MM   MM    MM
2026 06 26 09 40 210  2.0  2.0    MM    MM    MM  MM 1019.8  27.7  27.5  25.2   MM   MM    MM
2026 06 26 09 30 210  2.0  3.0    MM    MM    MM  MM 1019.6  27.7  27.5  25.1   MM   MM    MM
2026 06 26 09 20 210  3.0  3.0   0.7     8   4.3 114 1019.5  27.7  27.5  25.1   MM   MM    MM
2026 06 26 09 10 210  3.0  3.0    MM    MM    MM  MM 1019.5  27.8  27.5  25.1   MM   MM    MM
2026 06 26 09 00 210  3.0  4.0    MM    MM    MM  MM 1019.4  27.8  27.5  25.1   MM -0.0    MM
2026 06 26 08 50 210  4.0  4.0   0.7     5   4.2 151 1019.3  27.8  27.5  25.0   MM   MM    MM
2026 06 26 08 40 210  4.0  5.0   0.7    MM   4.2 151 1019.2  27.8  27.5  24.9   MM   MM    MM
2026 06 26 08 30 210  4.0  5.0    MM    MM    MM  MM 1019.2  27.8  27.5  24.9   MM   MM    MM
2026 06 26 08 20 200  4.0  5.0   0.7     8   4.3 107 1019.2  27.9    MM  24.9   MM   MM    MM
2026 06 26 08 10 200  4.0  5.0   0.7    MM   4.3 107 1019.2  27.9  27.5  24.7   MM   MM    MM
2026 06 26 08 00 200  5.0  6.0    MM    MM    MM  MM 1019.1  27.9  27.5  24.6   MM -0.4    MM
2026 06 26 07 50 200  5.0  6.0   0.7    MM   4.3 138 1019.0  27.9  27.5  24.6   MM   MM    MM
2026 06 26 07 40  MM   MM   MM   0.7     6   4.3 138     MM    MM    MM    MM   MM   MM    MM
2026 06 26 07 30 210  4.0  5.0    MM    MM    MM  MM 1019.1  27.9    MM  24.2   MM   MM    MM
2026 06 26 07 20 210  4.0  5.0   0.7     5   4.4 147 1019.1  27.9  27.5  24.1   MM   MM    MM
2026 06 26 07 10 200  4.0  5.0    MM    MM    MM  MM 1019.1  28.0  27.5  24.0   MM   MM    MM
2026 06 26 07 00 200  5.0  6.0    MM    MM    MM  MM 1019.1  28.0    MM  23.8   MM -0.6    MM
2026 06 26 06 50 200  5.0  6.0   0.6     7   4.4 128 1018.9  28.0  27.5  23.6   MM   MM    MM
2026 06 26 06 40 200  5.0  6.0    MM    MM    MM  MM 1019.0  28.0  27.5  23.6   MM   MM    MM
2026 06 26 06 30 190  5.0  6.0    MM    MM    MM  MM 1019.0  27.9  27.6  23.5   MM   MM    MM
2026 06 26 06 20 190  4.0  5.0   0.6     8   4.5 118 1019.1  28.0  27.6  23.6   MM   MM    MM
2026 06 26 06 10 190  4.0  5.0   0.6    MM   4.5 118 1019.2  28.0  27.6  23.4   MM   MM    MM
2026 06 26 06 00 190  5.0  6.0    MM    MM    MM  MM 1019.2  28.0  27.6  23.3   MM -0.6    MM
2026 06 26 05 50 190  5.0  6.0   0.6     7   4.8 130 1019.2  27.9  27.6  23.2   MM   MM    MM
2026 06 26 05 40 190  5.0  5.0    MM    MM    MM  MM 1019.2  27.9  27.6  23.2   MM   MM    MM
2026 06 26 05 30 180  5.0  6.0    MM    MM    MM  MM 1019.1  27.9  27.6  23.1   MM   MM    MM
2026 06 26 05 20 190  5.0  6.0   0.6     8   5.0 139 1019.3  27.9    MM  23.3   MM   MM    MM
2026 06 26 05 10 180  5.0  6.0   0.6    MM   5.0 139 1019.4  27.8  27.6  23.4   MM   MM    MM
2026 06 26 05 00 180  4.0  5.0    MM    MM    MM  MM 1019.5  27.8  27.6  23.4   MM +0.3    MM
2026 06 26 04 50 180  4.0  5.0   0.6     7   5.0 123 1019.4  27.7  27.6  23.5   MM   MM    MM
2026 06 26 04 40 180  3.0  4.0    MM    MM    MM  MM 1019.5  27.8  27.6  23.7   MM   MM    MM
2026 06 26 04 30 180  3.0  4.0    MM    MM    MM  MM 1019.6  27.8  27.6  23.4   MM   MM    MM
2026 06 26 04 20 170  3.0  4.0   0.6     7   5.0 138 1019.6  27.8  27.6  23.1   MM   MM    MM
2026 06 26 04 10 170  3.0  4.0    MM    MM    MM  MM 1019.6  27.7  27.6  23.3   MM   MM    MM
2026 06 26 04 00 170  4.0  4.0    MM    MM    MM  MM 1019.7  27.7  27.6  23.5   MM +1.2    MM
2026 06 26 03 50 170  4.0  5.0   0.7     7   5.2 128 1019.7  27.7  27.7  23.6   MM   MM    MM
2026 06 26 03 40 170  4.0  5.0    MM    MM    MM  MM 1019.7  27.8  27.7  23.5   MM   MM    MM
2026 06 26 03 30 170  4.0  5.0    MM    MM    MM  MM 1019.7  27.8  27.7  23.5   MM   MM    MM
2026 06 26 03 20 170  4.0  5.0   0.6     7   5.0 115 1019.9  27.8  27.8  23.5   MM   MM    MM
2026 06 26 03 10 170  4.0  4.0    MM    MM    MM  MM 1019.9  27.9  27.8  23.6   MM   MM    MM
2026 06 26 03 00 170  3.0  4.0    MM    MM    MM  MM 1019.8  27.8  27.8  23.2   MM +1.4    MM
2026 06 26 02 50 170  3.0  4.0   0.7     8   5.4 128 1019.8  27.9  27.8  23.4   MM   MM    MM
2026 06 26 02 40 170  4.0  4.0    MM    MM    MM  MM 1019.7  27.8  27.8  23.3   MM   MM    MM
2026 06 26 02 30 160  4.0  5.0    MM    MM    MM  MM 1019.5  27.7  27.9  23.5   MM   MM    MM
2026 06 26 02 20 160  3.0  4.0   0.6     8   5.3 123 1019.3  27.7  27.8  23.6   MM   MM    MM
2026 06 26 02 10 150  3.0  4.0   0.6    MM   5.3 123 1019.3  27.8  27.9  23.7   MM   MM    MM
2026 06 26 02 00 150  3.0  4.0    MM    MM    MM  MM 1019.2  27.7  27.9  23.5   MM +1.3    MM
2026 06 26 01 50 140  3.0  3.0   0.7     7   5.3 129 1019.1  27.7  27.8  23.6   MM   MM    MM
2026 06 26 01 40 140  3.0  4.0    MM    MM    MM  MM 1019.0  27.6  27.8  23.7   MM   MM    MM
2026 06 26 01 30 150  3.0  4.0    MM    MM    MM  MM 1018.8  27.6  27.8  23.7   MM   MM    MM
2026 06 26 01 20 160  4.0  4.0   0.7     6   5.3 139 1018.6  27.6  27.9  23.7   MM   MM    MM
2026 06 26 01 10 160  4.0  4.0   0.7    MM   5.3 139 1018.5  27.6  27.9  23.6   MM   MM    MM
2026 06 26 01 00 150  4.0  5.0    MM    MM    MM  MM 1018.5  27.6  27.9  23.5   MM +0.8    MM
2026 06 26 00 50 150  4.0  4.0   0.7     8   5.2 134 1018.6  27.6  27.9  23.6   MM   MM    MM
2026 06 26 00 40 150  4.0  4.0    MM    MM    MM  MM 1018.6  27.6  27.9  23.5   MM   MM    MM
2026 06 26 00 30 140  4.0  4.0    MM    MM    MM  MM 1018.5  27.5  27.9  23.3   MM   MM    MM
2026 06 26 00 20 130  3.0  4.0   0.7     7   5.5 120 1018.5  27.6  28.0  23.6   MM   MM    MM
2026 06 26 00 10 130  3.0  4.0    MM    MM    MM  MM 1018.5  27.6  28.1  23.6   MM   MM    MM
2026 06 26 00 00 130  3.0  3.0    MM    MM    MM  MM 1018.4  27.7  28.0  23.4   MM +0.3    MM
