timestamp,wind_dir,wind_speed,wave_height,pressure,air_temp,water_temp,wave_height_1h,wave_height_3h,wave_height_6h,wind_speed_1h,wind_speed_3h,wind_speed_6h,pressure_1h,pressure_3h,pressure_6h,wave_height_roll_mean_3h,wave_height_roll_std_3h,wave_height_roll_mean_6h,wave_height_roll_std_6h,wind_speed_roll_mean_3h,wind_speed_roll_std_3h,wind_speed_roll_mean_6h,wind_speed_roll_std_6h,pressure_drop_6h,pressure_drop_3h,wind_dir_sin,wind_dir_cos,hour_sin,hour_cos,target_wave_height_3h,target_wind_speed_3h
2026-06-26 02:50:00,140.0,3.0,0.4,1019.5,27.6,,0.4,0.4,0.4,2.0,2.0,0.0,1019.5,1019.2,1019.0,0.4,0.0,0.4,0.0,2.3333333333333335,0.5773502691896257,1.8333333333333333,0.752772652709081,0.5,0.2999999999999545,0.6427876096865395,-0.7660444431189779,0.49999999999999994,0.8660254037844387,0.5,4.0
2026-06-26 04:20:00,160.0,4.0,0.4,1019.7,28.2,,0.4,0.4,0.5,4.0,4.0,4.0,1019.7,1019.8,1019.6,0.4,0.0,0.4,0.0,4.0,0.0,4.0,0.0,0.10000000000002274,-0.09999999999990905,0.3420201433256689,-0.9396926207859083,0.8660254037844386,0.5000000000000001,0.4,4.0
2026-06-26 05:20:00,180.0,4.0,0.4,1019.6,28.1,,0.4,0.4,0.4,4.0,4.0,4.0,1019.7,1019.8,1019.7,0.4,0.0,0.4,0.0,4.0,0.0,4.0,0.0,-0.10000000000002274,-0.1999999999999318,1.2246467991473532e-16,-1.0,0.9659258262890683,0.25881904510252074,0.4,3.0
2026-06-26 06:50:00,260.0,3.0,0.3,1019.3,27.0,,0.3,0.4,0.4,2.0,3.0,3.0,1019.4,1019.5,1019.6,0.3,0.0,0.3333333333333333,0.05773502691896262,2.3333333333333335,0.5773502691896257,2.5,0.5477225575051661,-0.3000000000000682,-0.20000000000004547,-0.984807753012208,-0.17364817766693033,1.0,6.123233995736766e-17,0.4,2.0
2026-06-26 18:50:00,180.0,5.0,0.5,1021.2,28.2,,0.5,0.5,0.5,5.0,4.0,4.0,1021.2,1021.7,1022.0,0.5,0.0,0.5,0.0,5.0,0.0,4.666666666666667,0.5163977794943241,-0.7999999999999545,-0.5,1.2246467991473532e-16,-1.0,-1.0,-1.8369701987210297e-16,0.5,4.0
2026-06-26 20:20:00,180.0,5.0,0.5,1021.0,28.5,,0.5,0.5,0.5,4.0,4.0,4.0,1021.1,1021.3,1021.5,0.5,0.0,0.5,0.0,4.666666666666667,0.5773502691896258,4.333333333333333,0.5163977794943221,-0.5,-0.2999999999999545,1.2246467991473532e-16,-1.0,-0.8660254037844386,0.5000000000000001,0.5,5.0
2026-06-27 04:20:00,140.0,7.0,0.6,1021.1,28.5,,0.6,0.6,0.5,7.0,7.0,6.0,1020.9,1021.0,1021.0,0.6,0.0,0.6,0.0,7.0,0.0,6.666666666666667,0.5163977794943221,0.10000000000002274,0.10000000000002274,0.6427876096865395,-0.7660444431189779,0.8660254037844386,0.5000000000000001,0.6,6.0
2026-06-27 06:20:00,160.0,5.0,0.6,1020.4,28.5,,0.6,0.6,0.6,6.0,6.0,6.0,1020.5,1020.8,1021.0,0.6,0.0,0.6,0.0,5.666666666666667,0.5773502691896258,5.833333333333333,0.40824829046386296,-0.6000000000000227,-0.39999999999997726,0.3420201433256689,-0.9396926207859083,1.0,6.123233995736766e-17,0.5,4.0
2026-06-27 07:50:00,180.0,3.0,0.5,1019.9,28.3,,0.5,0.5,0.5,3.0,4.0,4.0,1020.1,1020.1,1020.3,0.5,0.0,0.5,0.0,3.0,0.0,3.5,0.5477225575051679,-0.39999999999997726,-0.20000000000004547,1.2246467991473532e-16,-1.0,0.9659258262890683,-0.25881904510252063,0.5,3.0
2026-06-27 11:20:00,190.0,3.0,0.5,1020.1,27.8,,0.5,0.6,0.6,3.0,3.0,2.0,1020.1,1020.1,1019.8,0.5,0.0,0.5333333333333333,0.05773502691896258,3.0,0.0,3.0,0.0,0.3000000000000682,0.0,-0.17364817766693047,-0.984807753012208,0.258819045102521,-0.9659258262890682,0.5,3.0
2026-06-27 16:50:00,160.0,3.0,0.6,1021.1,28.5,,0.6,0.6,0.6,3.0,3.0,3.0,1021.2,1021.2,1021.4,0.6,0.0,0.6,0.0,3.0,0.0,3.0,0.0,-0.2999999999999545,-0.10000000000002274,0.3420201433256689,-0.9396926207859083,-0.8660254037844385,-0.5000000000000004,0.5,3.0
2026-06-27 18:20:00,140.0,3.0,0.6,1020.6,28.7,,0.6,0.5,0.5,3.0,2.0,3.0,1020.8,1021.0,1021.2,0.6,0.0,0.5666666666666667,0.05773502691896255,3.0,0.0,2.8333333333333335,0.408248290463863,-0.6000000000000227,-0.39999999999997726,0.6427876096865395,-0.7660444431189779,-1.0,-1.8369701987210297e-16,0.6,3.0
2026-06-27 19:20:00,140.0,4.0,0.6,1020.1,28.9,,0.6,0.6,0.6,4.0,3.0,3.0,1020.2,1020.4,1020.6,0.6,0.0,0.6,0.0,3.6666666666666665,0.5773502691896257,3.3333333333333335,0.5163977794943223,-0.5,-0.2999999999999545,0.6427876096865395,-0.7660444431189779,-0.9659258262890684,0.2588190451025203,0.6,4.0
2026-06-27 19:50:00,140.0,4.0,0.6,1019.8,29.0,,0.6,0.6,0.6,3.0,4.0,3.0,1019.8,1020.1,1020.4,0.6,0.0,0.6,0.0,3.6666666666666665,0.5773502691896257,3.6666666666666665,0.5163977794943226,-0.6000000000000227,-0.3000000000000682,0.6427876096865395,-0.7660444431189779,-0.9659258262890684,0.2588190451025203,0.6,5.0
2026-06-27 20:20:00,150.0,5.0,0.6,1019.4,29.0,,0.6,0.6,0.6,4.0,4.0,4.0,1019.5,1019.8,1020.1,0.6,0.0,0.6,0.0,4.333333333333333,0.5773502691896258,4.0,0.6324555320336762,-0.7000000000000455,-0.39999999999997726,0.49999999999999994,-0.8660254037844387,-0.8660254037844386,0.5000000000000001,0.5,3.0
2026-06-27 21:20:00,130.0,3.0,0.6,1018.4,29.1,,0.6,0.5,0.6,3.0,3.0,5.0,1018.7,1019.2,1019.4,0.6,0.0,0.5666666666666668,0.05773502691896256,3.0,0.0,3.3333333333333335,0.516397779494323,-1.0,-0.8000000000000682,0.766044443118978,-0.6427876096865394,-0.7071067811865477,0.7071067811865474,0.6,5.0
2026-06-27 22:20:00,140.0,5.0,0.6,1018.1,29.2,,0.6,0.6,0.6,5.0,5.0,3.0,1018.1,1017.9,1018.4,0.6,0.0,0.6,0.0,5.0,0.0,4.833333333333333,0.40824829046386363,-0.2999999999999545,0.20000000000004547,0.6427876096865395,-0.7660444431189779,-0.5000000000000004,0.8660254037844384,0.5,5.0
2026-06-28 06:20:00,240.0,4.0,0.5,1018.0,27.5,,0.5,0.5,0.5,3.0,3.0,4.0,1018.1,1018.1,1018.5,0.5,0.0,0.5,0.0,3.3333333333333335,0.5773502691896257,3.5,0.5477225575051664,-0.5,-0.10000000000002274,-0.8660254037844385,-0.5000000000000004,1.0,6.123233995736766e-17,0.4,3.0
2026-06-28 07:20:00,240.0,3.0,0.5,1017.5,27.1,,0.5,0.4,0.5,3.0,3.0,4.0,1017.5,1017.5,1018.0,0.5,0.0,0.4666666666666666,0.05773502691896256,3.0,0.0,3.0,0.0,-0.5,0.0,-0.8660254037844385,-0.5000000000000004,0.9659258262890683,-0.25881904510252063,0.5,3.0
2026-06-28 07:50:00,260.0,3.0,0.5,1017.6,27.1,,0.5,0.5,0.4,3.0,3.0,3.0,1017.6,1017.5,1017.5,0.5,0.0,0.5,0.0,3.0,0.0,3.0,0.0,0.10000000000002274,0.10000000000002274,-0.984807753012208,-0.17364817766693033,0.9659258262890683,-0.25881904510252063,0.5,3.0
2026-06-28 08:50:00,260.0,3.0,0.5,1017.6,27.2,,0.5,0.5,0.5,2.0,3.0,3.0,1017.4,1017.5,1017.6,0.5,0.0,0.5,0.0,2.3333333333333335,0.5773502691896257,2.6666666666666665,0.5163977794943223,0.0,0.10000000000002274,-0.984807753012208,-0.17364817766693033,0.8660254037844387,-0.4999999999999998,0.5,2.0
2026-06-28 09:20:00,270.0,2.0,0.5,1017.5,27.2,,0.5,0.5,0.5,2.0,3.0,3.0,1017.6,1017.6,1017.5,0.5,0.0,0.5,0.0,2.3333333333333335,0.5773502691896257,2.3333333333333335,0.5163977794943226,0.0,-0.10000000000002274,-1.0,-1.8369701987210297e-16,0.7071067811865476,-0.7071067811865475,0.5,3.0
2026-06-28 11:20:00,230.0,3.0,0.5,1018.0,27.1,,0.5,0.5,0.5,3.0,3.0,2.0,1018.0,1017.9,1017.6,0.5,0.0,0.5,0.0,3.0,0.0,2.8333333333333335,0.408248290463863,0.39999999999997726,0.10000000000002274,-0.7660444431189779,-0.6427876096865395,0.258819045102521,-0.9659258262890682,0.5,3.0
2026-06-28 14:20:00,230.0,3.0,0.5,1019.0,27.5,,0.5,0.5,0.5,3.0,2.0,3.0,1018.9,1019.0,1018.7,0.5,0.0,0.5,0.0,3.0,0.0,2.8333333333333335,0.408248290463863,0.2999999999999545,0.0,-0.7660444431189779,-0.6427876096865395,-0.4999999999999997,-0.8660254037844388,0.5,2.0
2026-06-28 15:20:00,270.0,2.0,0.5,1019.5,27.6,,0.5,0.5,0.5,2.0,2.0,3.0,1019.5,1019.3,1019.0,0.5,0.0,0.5,0.0,2.0,0.0,2.3333333333333335,0.5163977794943226,0.5,0.20000000000004547,-1.0,-1.8369701987210297e-16,-0.7071067811865471,-0.7071067811865479,0.5,2.0
2026-06-28 15:50:00,290.0,2.0,0.5,1019.5,27.6,,0.5,0.5,0.5,2.0,2.0,2.0,1019.7,1019.5,1019.3,0.5,0.0,0.5,0.0,2.0,0.0,2.0,0.0,0.20000000000004547,0.0,-0.9396926207859083,0.342020143325669,-0.7071067811865471,-0.7071067811865479,0.6,2.0
2026-06-28 17:20:00,,0.0,0.6,1019.2,28.2,,0.6,0.6,0.6,0.0,0.0,2.0,1019.2,1019.2,1019.3,0.6,0.0,0.6,0.0,0.3333333333333333,0.5773502691896258,0.5,0.5477225575051655,-0.09999999999990905,0.0,,,-0.9659258262890683,-0.25881904510252063,0.5,1.0
2026-06-28 19:20:00,130.0,2.0,0.6,1018.2,28.9,,0.6,0.6,0.6,2.0,1.0,1.0,1018.2,1018.5,1018.8,0.6,0.0,0.6,0.0,2.0,0.0,1.3333333333333333,0.8164965809277258,-0.599999999999909,-0.2999999999999545,0.766044443118978,-0.6427876096865394,-0.9659258262890684,0.2588190451025203,0.6,3.0
2026-06-28 22:20:00,140.0,5.0,0.6,1017.0,29.4,,0.6,0.5,0.5,5.0,4.0,4.0,1017.1,1017.1,1017.3,0.6,0.0,0.5666666666666667,0.05773502691896255,5.0,0.0,4.5,0.5477225575051659,-0.2999999999999545,-0.10000000000002274,0.6427876096865395,-0.7660444431189779,-0.5000000000000004,0.8660254037844384,0.5,6.0
2026-06-29 02:20:00,180.0,5.0,0.5,1017.3,28.8,,0.5,0.6,0.5,5.0,5.0,6.0,1017.4,1017.3,1017.3,0.5,0.0,0.5333333333333333,0.05773502691896256,5.0,0.0,5.0,0.0,0.0,0.0,1.2246467991473532e-16,-1.0,0.49999999999999994,0.8660254037844387,0.6,5.0
2026-06-29 04:20:00,180.0,5.0,0.5,1017.6,28.8,,0.5,0.6,0.6,6.0,6.0,6.0,1017.6,1017.6,1017.3,0.5,0.0,0.5333333333333333,0.05773502691896258,5.666666666666667,0.5773502691896258,5.833333333333333,0.40824829046386296,0.3000000000000682,0.0,1.2246467991473532e-16,-1.0,0.8660254037844386,0.5000000000000001,0.5,5.0
2026-06-29 04:50:00,190.0,5.0,0.5,1017.7,28.5,,0.5,0.5,0.6,5.0,5.0,6.0,1017.8,1017.6,1017.6,0.5,0.0,0.5,0.0,5.0,0.0,5.333333333333333,0.5163977794943221,0.10000000000002274,0.10000000000002274,-0.17364817766693047,-0.984807753012208,0.8660254037844386,0.5000000000000001,0.5,5.0
2026-06-29 05:20:00,200.0,5.0,0.5,1017.6,28.4,,0.5,0.5,0.5,5.0,5.0,5.0,1017.7,1017.7,1017.6,0.5,0.0,0.5,0.0,5.0,0.0,5.0,0.0,0.0,-0.10000000000002274,-0.34202014332566866,-0.9396926207859084,0.9659258262890683,0.25881904510252074,0.5,5.0
2026-06-29 06:20:00,200.0,5.0,0.5,1017.5,28.3,,0.5,0.5,0.5,5.0,5.0,5.0,1017.6,1017.6,1017.6,0.5,0.0,0.5,0.0,5.0,0.0,5.0,0.0,-0.10000000000002274,-0.10000000000002274,-0.34202014332566866,-0.9396926207859084,1.0,6.123233995736766e-17,0.5,5.0
2026-06-29 08:20:00,200.0,6.0,0.5,1016.9,28.0,,0.5,0.6,0.6,6.0,6.0,6.0,1016.9,1017.0,1016.8,0.5,0.0,0.5333333333333333,0.05773502691896258,5.666666666666667,0.5773502691896258,5.833333333333333,0.408248290463863,0.10000000000002274,-0.10000000000002274,-0.34202014332566866,-0.9396926207859084,0.8660254037844387,-0.4999999999999998,0.6,5.0
2026-06-29 08:50:00,210.0,5.0,0.6,1016.9,27.9,,0.6,0.5,0.6,5.0,6.0,6.0,1017.0,1016.9,1017.0,0.6,0.0,0.5499999999999999,0.05773502691896256,5.333333333333333,0.5773502691896258,5.5,0.5477225575051659,-0.10000000000002274,0.0,-0.5000000000000001,-0.8660254037844386,0.8660254037844387,-0.4999999999999998,0.6,5.0
2026-06-29 09:20:00,200.0,5.0,0.6,1016.6,27.8,,0.6,0.6,0.5,6.0,5.0,6.0,1016.7,1016.9,1016.9,0.6,0.0,0.6,0.0,5.333333333333333,0.5773502691896258,5.333333333333333,0.5163977794943221,-0.2999999999999545,-0.2999999999999545,-0.34202014332566866,-0.9396926207859084,0.7071067811865476,-0.7071067811865475,0.5,5.0
2026-06-29 10:20:00,220.0,5.0,0.5,1017.0,27.6,,0.5,0.5,0.6,5.0,5.0,5.0,1017.0,1016.9,1016.6,0.5,0.0,0.5,0.0,5.0,0.0,5.0,0.0,0.39999999999997726,0.10000000000002274,-0.6427876096865393,-0.766044443118978,0.49999999999999994,-0.8660254037844387,0.5,5.0
2026-06-29 12:20:00,220.0,3.0,0.5,1017.9,27.8,,0.5,0.5,0.5,4.0,4.0,5.0,1017.8,1017.6,1017.3,0.5,0.0,0.5,0.0,3.6666666666666665,0.5773502691896257,4.166666666666667,0.752772652709081,0.6000000000000227,0.2999999999999545,-0.6427876096865393,-0.766044443118978,1.2246467991473532e-16,-1.0,0.5,3.0
2026-06-29 13:20:00,220.0,4.0,0.5,1018.4,27.8,,0.5,0.5,0.5,3.0,3.0,3.0,1018.4,1018.4,1017.9,0.5,0.0,0.5,0.0,3.3333333333333335,0.5773502691896257,3.1666666666666665,0.408248290463863,0.5,0.0,-0.6427876096865393,-0.766044443118978,-0.2588190451025208,-0.9659258262890683,0.5,3.0
2026-06-29 15:20:00,220.0,3.0,0.4,1018.8,27.9,,0.4,0.4,0.5,3.0,3.0,4.0,1018.7,1018.6,1018.4,0.4,0.0,0.4,0.0,3.0,0.0,3.3333333333333335,0.5163977794943223,0.39999999999997726,0.1999999999999318,-0.6427876096865393,-0.766044443118978,-0.7071067811865471,-0.7071067811865479,0.4,3.0
2026-06-29 16:20:00,210.0,3.0,0.4,1018.7,28.1,,0.4,0.4,0.4,3.0,3.0,3.0,1018.7,1018.8,1018.8,0.4,0.0,0.4,0.0,3.0,0.0,3.0,0.0,-0.09999999999990905,-0.09999999999990905,-0.5000000000000001,-0.8660254037844386,-0.8660254037844385,-0.5000000000000004,0.4,3.0
2026-06-29 17:20:00,190.0,3.0,0.5,1018.8,28.4,,0.5,0.4,0.4,3.0,3.0,3.0,1018.8,1018.9,1018.7,0.5,0.0,0.4666666666666666,0.05773502691896256,3.0,0.0,3.0,0.0,0.09999999999990905,-0.10000000000002274,-0.17364817766693047,-0.984807753012208,-0.9659258262890683,-0.25881904510252063,0.4,4.0
2026-06-29 18:20:00,170.0,3.0,0.5,1018.4,28.5,,0.5,0.4,0.5,3.0,4.0,3.0,1018.4,1018.6,1018.8,0.5,0.0,0.4666666666666666,0.05773502691896256,3.3333333333333335,0.5773502691896257,3.3333333333333335,0.5163977794943223,-0.39999999999997726,-0.20000000000004547,0.17364817766693028,-0.984807753012208,-1.0,-1.8369701987210297e-16,0.4,3.0
2026-06-29 20:20:00,150.0,2.0,0.4,1017.7,29.3,,0.4,0.5,0.4,2.0,4.0,3.0,1017.7,1017.5,1018.0,0.4,0.0,0.43333333333333335,0.05773502691896256,2.3333333333333335,0.5773502691896257,2.8333333333333335,0.752772652709081,-0.2999999999999545,0.20000000000004547,0.49999999999999994,-0.8660254037844387,-0.8660254037844386,0.5000000000000001,0.5,2.0
2026-06-29 21:20:00,140.0,3.0,0.5,1017.0,29.5,,0.5,0.5,0.4,3.0,2.0,2.0,1017.0,1017.2,1017.7,0.5,0.0,0.5,0.0,2.6666666666666665,0.5773502691896257,2.3333333333333335,0.5163977794943223,-0.7000000000000455,-0.20000000000004547,0.6427876096865395,-0.7660444431189779,-0.7071067811865477,0.7071067811865474,0.5,2.0
2026-06-29 22:20:00,170.0,3.0,0.4,1017.1,29.7,,0.4,0.5,0.5,3.0,2.0,3.0,1017.1,1017.2,1017.0,0.4,0.0,0.43333333333333335,0.05773502691896256,3.0,0.0,2.8333333333333335,0.4082482904638636,0.10000000000002274,-0.10000000000002274,0.17364817766693028,-0.984807753012208,-0.5000000000000004,0.8660254037844384,0.5,3.0
2026-06-30 01:20:00,210.0,3.0,0.5,1016.5,28.9,,0.5,0.4,0.5,3.0,4.0,4.0,1016.6,1016.7,1016.8,0.5,0.0,0.4666666666666666,0.05773502691896256,3.0,0.0,3.5,0.5477225575051664,-0.2999999999999545,-0.20000000000004547,-0.5000000000000001,-0.8660254037844386,0.25881904510252074,0.9659258262890683,0.4,2.0
2026-06-30 02:20:00,190.0,2.0,0.4,1016.8,28.7,,0.4,0.4,0.5,3.0,2.0,3.0,1016.8,1016.6,1016.5,0.4,0.0,0.4,0.0,2.6666666666666665,0.5773502691896257,2.3333333333333335,0.5163977794943235,0.2999999999999545,0.1999999999999318,-0.17364817766693047,-0.984807753012208,0.49999999999999994,0.8660254037844387,0.4,2.0
2026-06-30 03:20:00,190.0,3.0,0.4,1017.3,28.8,,0.4,0.4,0.4,2.0,2.0,2.0,1017.3,1017.1,1016.8,0.4,0.0,0.4,0.0,2.3333333333333335,0.5773502691896257,2.1666666666666665,0.408248290463863,0.5,0.1999999999999318,-0.17364817766693047,-0.984807753012208,0.7071067811865476,0.7071067811865476,0.4,3.0
2026-06-30 04:20:00,230.0,4.0,0.4,1017.5,28.7,,0.4,0.4,0.4,4.0,3.0,3.0,1017.4,1017.4,1017.3,0.4,0.0,0.4,0.0,3.6666666666666665,0.5773502691896257,3.3333333333333335,0.5163977794943223,0.20000000000004547,0.10000000000002274,-0.7660444431189779,-0.6427876096865395,0.8660254037844386,0.5000000000000001,0.5,5.0
2026-06-30 04:50:00,240.0,5.0,0.5,1017.5,28.5,,0.5,0.4,0.4,5.0,4.0,3.0,1017.6,1017.5,1017.4,0.5,0.0,0.45000000000000007,0.05773502691896253,4.666666666666667,0.5773502691896258,4.166666666666667,0.7527726527090816,0.10000000000002274,0.0,-0.8660254037844385,-0.5000000000000004,0.8660254037844386,0.5000000000000001,0.4,5.0
2026-06-30 05:20:00,270.0,5.0,0.4,1017.4,27.8,,0.4,0.5,0.4,5.0,5.0,4.0,1017.5,1017.5,1017.5,0.4,0.0,0.44999999999999996,0.05773502691896253,5.0,0.0,4.833333333333333,0.40824829046386496,-0.10000000000002274,-0.10000000000002274,-1.0,-1.8369701987210297e-16,0.9659258262890683,0.25881904510252074,0.5,5.0
2026-06-30 06:20:00,260.0,4.0,0.5,1016.5,27.8,,0.5,0.5,0.4,4.0,5.0,5.0,1016.7,1017.0,1017.4,0.5,0.0,0.5,0.0,4.333333333333333,0.5773502691896258,4.666666666666667,0.5163977794943221,-0.8999999999999773,-0.5,-0.984807753012208,-0.17364817766693033,1.0,6.123233995736766e-17,0.5,4.0
2026-06-30 07:20:00,260.0,3.0,0.5,1015.9,27.6,,0.5,0.5,0.5,3.0,4.0,4.0,1016.0,1016.1,1016.5,0.5,0.0,0.5,0.0,3.3333333333333335,0.5773502691896257,3.6666666666666665,0.5163977794943223,-0.6000000000000227,-0.20000000000004547,-0.984807753012208,-0.17364817766693033,0.9659258262890683,-0.25881904510252063,0.5,1.0
2026-06-30 08:20:00,340.0,1.0,0.5,1016.0,27.5,,0.5,0.5,0.5,1.0,1.0,3.0,1016.0,1015.7,1015.9,0.5,0.0,0.5,0.0,1.0,0.0,1.3333333333333333,0.5163977794943246,0.10000000000002274,0.2999999999999545,-0.3420201433256686,0.9396926207859084,0.8660254037844387,-0.4999999999999998,0.5,1.0
2026-06-30 09:20:00,360.0,1.0,0.5,1015.9,27.6,,0.5,0.5,0.5,1.0,1.0,1.0,1015.9,1015.9,1016.0,0.5,0.0,0.5,0.0,1.0,0.0,1.0,0.0,-0.10000000000002274,0.0,-2.4492935982947064e-16,1.0,0.7071067811865476,-0.7071067811865475,0.5,2.0
2026-06-30 10:20:00,20.0,2.0,0.5,1016.1,27.8,,0.5,0.5,0.5,2.0,2.0,1.0,1016.2,1016.1,1015.9,0.5,0.0,0.5,0.0,2.0,0.0,1.6666666666666667,0.5163977794943222,0.20000000000004547,0.0,0.3420201433256687,0.9396926207859084,0.49999999999999994,-0.8660254037844387,0.5,2.0
2026-06-30 11:20:00,30.0,3.0,0.4,1016.2,28.2,,0.4,0.5,0.5,2.0,2.0,2.0,1016.2,1016.2,1016.1,0.4,0.0,0.43333333333333335,0.05773502691896256,2.3333333333333335,0.5773502691896257,2.1666666666666665,0.408248290463863,0.10000000000002274,0.0,0.49999999999999994,0.8660254037844387,0.258819045102521,-0.9659258262890682,0.5,1.0
2026-06-30 13:20:00,210.0,1.0,0.5,1017.2,28.8,,0.5,0.5,0.5,1.0,1.0,0.0,1017.1,1017.7,1016.6,0.5,0.0,0.5,0.0,1.0,0.0,0.6666666666666666,0.5163977794943193,0.6000000000000227,-0.5,-0.5000000000000001,-0.8660254037844386,-0.2588190451025208,-0.9659258262890683,0.5,2.0
2026-06-30 14:20:00,220.0,2.0,0.6,1017.4,28.2,,0.6,0.5,0.5,1.0,2.0,1.0,1017.4,1017.4,1017.2,0.6,0.0,0.5666666666666667,0.05773502691896255,1.6666666666666667,0.5773502691896258,1.6666666666666667,0.5163977794943222,0.1999999999999318,0.0,-0.6427876096865393,-0.766044443118978,-0.4999999999999997,-0.8660254037844388,0.5,2.0
2026-06-30 15:20:00,200.0,2.0,0.5,1017.6,28.4,,0.5,0.5,0.6,2.0,2.0,2.0,1017.6,1017.6,1017.4,0.5,0.0,0.5,0.0,2.0,0.0,2.0,0.0,0.20000000000004547,0.0,-0.34202014332566866,-0.9396926207859084,-0.7071067811865471,-0.7071067811865479,0.5,3.0
2026-06-30 16:20:00,230.0,3.0,0.5,1017.5,28.4,,0.5,0.5,0.5,2.0,3.0,2.0,1017.6,1017.6,1017.6,0.5,0.0,0.5,0.0,2.3333333333333335,0.5773502691896257,2.6666666666666665,0.5163977794943226,-0.10000000000002274,-0.10000000000002274,-0.7660444431189779,-0.6427876096865395,-0.8660254037844385,-0.5000000000000004,0.5,2.0
2026-06-30 17:20:00,220.0,1.0,0.5,1016.7,28.5,,0.5,0.5,0.5,2.0,2.0,3.0,1016.9,1017.1,1017.5,0.5,0.0,0.5,0.0,1.6666666666666667,0.5773502691896258,1.8333333333333333,0.408248290463863,-0.7999999999999545,-0.39999999999997726,-0.6427876096865393,-0.766044443118978,-0.9659258262890683,-0.25881904510252063,0.5,0.0
2026-06-30 18:20:00,340.0,1.0,0.5,1016.4,28.6,,0.5,0.5,0.5,1.0,0.0,1.0,1016.2,1016.2,1016.7,0.5,0.0,0.5,0.0,1.0,0.0,0.5,0.5477225575051655,-0.3000000000000682,0.1999999999999318,-0.3420201433256686,0.9396926207859084,-1.0,-1.8369701987210297e-16,0.5,4.0
2026-06-30 19:20:00,50.0,5.0,0.4,1016.3,27.3,,0.4,0.5,0.5,5.0,4.0,1.0,1016.3,1016.5,1016.4,0.4,0.0,0.43333333333333335,0.05773502691896256,5.0,0.0,4.166666666666667,1.1690451944500122,-0.10000000000002274,-0.20000000000004547,0.766044443118978,0.6427876096865394,-0.9659258262890684,0.2588190451025203,0.5,4.0
2026-06-30 20:20:00,60.0,4.0,0.4,1016.0,28.6,,0.4,0.5,0.4,4.0,4.0,5.0,1016.0,1016.1,1016.3,0.4,0.0,0.43333333333333335,0.05773502691896256,4.0,0.0,4.333333333333333,0.5163977794943221,-0.2999999999999545,-0.10000000000002274,0.8660254037844386,0.5000000000000001,-0.8660254037844386,0.5000000000000001,0.5,4.0
2026-06-30 20:50:00,40.0,4.0,0.5,1016.2,28.8,,0.5,0.4,0.5,4.0,4.0,4.0,1016.0,1016.0,1016.1,0.5,0.0,0.45,0.05773502691896256,4.0,0.0,4.0,0.0,0.10000000000002274,0.20000000000004547,0.6427876096865393,0.766044443118978,-0.8660254037844386,0.5000000000000001,0.5,3.0
2026-06-30 21:20:00,40.0,3.0,0.5,1016.1,28.7,,0.5,0.5,0.4,4.0,4.0,4.0,1016.1,1016.2,1016.0,0.5,0.0,0.5,0.0,3.6666666666666665,0.5773502691896257,3.8333333333333335,0.408248290463863,0.10000000000002274,-0.10000000000002274,0.6427876096865393,0.766044443118978,-0.7071067811865477,0.7071067811865474,0.5,3.0
2026-06-30 22:20:00,350.0,3.0,0.5,1016.3,28.9,,0.5,0.5,0.5,4.0,3.0,3.0,1016.2,1016.2,1016.1,0.5,0.0,0.5,0.0,3.6666666666666665,0.5773502691896257,3.3333333333333335,0.5163977794943226,0.1999999999999318,0.09999999999990905,-0.1736481776669304,0.984807753012208,-0.5000000000000004,0.8660254037844384,0.5,8.0
2026-06-30 22:50:00,270.0,8.0,0.5,1016.3,27.1,,0.5,0.5,0.5,5.0,3.0,3.0,1016.5,1016.3,1016.2,0.5,0.0,0.5,0.0,5.333333333333333,2.5166114784235836,4.5,1.8708286933869704,0.09999999999990905,0.0,-1.0,-1.8369701987210297e-16,-0.5000000000000004,0.8660254037844384,0.5,3.0
2026-06-30 23:40:00,280.0,3.0,0.5,1016.0,26.7,,0.5,0.5,0.5,8.0,5.0,4.0,1016.3,1016.5,1016.2,0.5,0.0,0.5,0.0,6.333333333333333,2.8867513459481287,5.0,2.449489742783178,-0.20000000000004547,-0.5,-0.9848077530122081,0.17364817766692997,-0.25881904510252157,0.9659258262890681,0.7,2.0
2026-06-30 23:50:00,290.0,3.0,0.5,1015.9,26.7,,0.5,0.5,0.5,3.0,8.0,3.0,1016.0,1016.3,1016.3,0.5,0.0,0.5,0.0,4.666666666666667,2.8867513459481287,5.0,2.449489742783178,-0.39999999999997726,-0.39999999999997726,-0.9396926207859083,0.342020143325669,-0.25881904510252157,0.9659258262890681,0.7,1.0
2026-07-01 00:20:00,320.0,1.0,0.7,1015.8,26.9,,0.7,0.5,0.5,2.0,3.0,8.0,1016.0,1015.9,1016.3,0.7,0.0,0.58,0.10954451150103316,1.6666666666666667,0.5773502691896258,3.1666666666666665,2.4832774042918904,-0.5,-0.10000000000002274,-0.6427876096865396,0.7660444431189778,0.0,1.0,0.7,4.0
2026-07-01 02:20:00,40.0,6.0,0.6,1015.4,28.8,,0.6,0.7,0.7,7.0,6.0,5.0,1015.4,1015.4,1015.5,0.6,0.0,0.6333333333333333,0.05773502691896255,6.333333333333333,0.5773502691896258,5.5,1.2247448713915885,-0.10000000000002274,0.0,0.6427876096865393,0.766044443118978,0.49999999999999994,0.8660254037844387,0.7,6.0
2026-07-01 03:20:00,50.0,5.0,0.7,1015.8,28.6,,0.7,0.7,0.6,6.0,6.0,6.0,1015.7,1015.6,1015.4,0.7,0.0,0.7,0.0,5.666666666666667,0.5773502691896258,6.0,0.6324555320336757,0.39999999999997726,0.1999999999999318,0.766044443118978,0.6427876096865394,0.7071067811865476,0.7071067811865476,0.6,5.0
2026-07-01 04:20:00,50.0,5.0,0.6,1015.9,28.7,,0.6,0.6,0.7,6.0,5.0,5.0,1015.9,1015.9,1015.8,0.6,0.0,0.6,0.0,5.666666666666667,0.5773502691896258,5.333333333333333,0.5163977794943226,0.10000000000002274,0.0,0.766044443118978,0.6427876096865394,0.8660254037844386,0.5000000000000001,0.6,5.0
2026-07-01 05:20:00,70.0,5.0,0.7,1015.5,28.7,,0.7,0.6,0.6,5.0,5.0,5.0,1015.4,1015.8,1015.9,0.7,0.0,0.6666666666666666,0.05773502691896258,5.0,0.0,5.333333333333333,0.5163977794943226,-0.39999999999997726,-0.2999999999999545,0.9396926207859083,0.3420201433256688,0.9659258262890683,0.25881904510252074,0.7,5.0
2026-07-01 06:20:00,60.0,4.0,0.7,1015.1,28.6,,0.7,0.7,0.7,4.0,5.0,5.0,1015.1,1015.4,1015.5,0.7,0.0,0.7,0.0,4.0,0.0,4.5,0.5477225575051659,-0.39999999999997726,-0.2999999999999545,0.8660254037844386,0.5000000000000001,1.0,6.123233995736766e-17,0.7,4.0
2026-07-01 07:20:00,60.0,4.0,0.8,1015.0,28.6,,0.8,0.7,0.7,4.0,4.0,4.0,1014.8,1014.9,1015.1,0.8,0.0,0.7666666666666666,0.057735026918962644,4.0,0.0,3.8333333333333335,0.408248290463863,-0.10000000000002274,0.10000000000002274,0.8660254037844386,0.5000000000000001,0.9659258262890683,-0.25881904510252063,0.8,7.0
2026-07-01 08:20:00,130.0,1.0,0.8,1014.5,26.6,,0.8,0.8,0.8,2.0,7.0,4.0,1014.7,1014.9,1015.0,0.8,0.0,0.8,0.0,2.3333333333333335,1.5275252316519454,4.5,2.73861278752583,-0.5,-0.39999999999997726,0.766044443118978,-0.6427876096865394,0.8660254037844387,-0.4999999999999998,0.9,1.0
2026-07-01 09:20:00,50.0,4.0,0.9,1014.4,28.1,,0.9,0.9,0.8,2.0,1.0,1.0,1014.4,1014.6,1014.5,0.9,0.0,0.9,0.0,2.3333333333333335,1.5275252316519465,1.6666666666666667,1.2110601416389966,-0.10000000000002274,-0.20000000000004547,0.766044443118978,0.6427876096865394,0.7071067811865476,-0.7071067811865475,0.9,4.0
2026-07-01 10:20:00,50.0,4.0,0.9,1014.8,28.4,,0.9,0.9,0.9,4.0,4.0,4.0,1014.7,1014.6,1014.4,0.9,0.0,0.9,0.0,4.0,0.0,4.0,0.0,0.39999999999997726,0.1999999999999318,0.766044443118978,0.6427876096865394,0.49999999999999994,-0.8660254037844387,0.9,4.0
2026-07-01 11:20:00,50.0,4.0,0.9,1015.0,28.5,,0.9,0.9,0.9,4.0,4.0,4.0,1014.9,1014.8,1014.8,0.9,0.0,0.9,0.0,4.0,0.0,4.0,0.0,0.20000000000004547,0.20000000000004547,0.766044443118978,0.6427876096865394,0.258819045102521,-0.9659258262890682,0.8,4.0
2026-07-01 12:20:00,50.0,4.0,0.8,1015.7,28.7,,0.8,0.8,0.9,4.0,4.0,4.0,1015.5,1015.3,1015.0,0.8,0.0,0.8,0.0,4.0,0.0,4.0,0.0,0.7000000000000455,0.40000000000009095,0.766044443118978,0.6427876096865394,1.2246467991473532e-16,-1.0,0.9,4.0
2026-07-01 13:20:00,40.0,4.0,0.9,1016.2,28.7,,0.9,0.9,0.8,4.0,4.0,4.0,1016.1,1016.0,1015.7,0.9,0.0,0.9,0.0,4.0,0.0,4.0,0.0,0.5,0.20000000000004547,0.6427876096865393,0.766044443118978,-0.2588190451025208,-0.9659258262890683,0.8,4.0
2026-07-01 14:20:00,40.0,5.0,0.8,1016.5,28.8,,0.8,0.8,0.9,5.0,4.0,4.0,1016.5,1016.4,1016.2,0.8,0.0,0.8,0.0,4.666666666666667,0.5773502691896258,4.5,0.5477225575051659,0.2999999999999545,0.10000000000002274,0.6427876096865393,0.766044443118978,-0.4999999999999997,-0.8660254037844388,0.8,5.0
2026-07-01 17:20:00,50.0,5.0,0.8,1016.8,28.7,,0.8,0.8,0.8,5.0,5.0,5.0,1016.8,1016.8,1016.9,0.8,0.0,0.8,0.0,5.0,0.0,5.0,0.0,-0.10000000000002274,0.0,0.766044443118978,0.6427876096865394,-0.9659258262890683,-0.25881904510252063,0.8,6.0
2026-07-01 18:20:00,50.0,5.0,0.8,1016.5,28.7,,0.8,0.8,0.8,5.0,6.0,5.0,1016.6,1016.7,1016.8,0.8,0.0,0.8,0.0,5.333333333333333,0.5773502691896258,5.5,0.5477225575051659,-0.2999999999999545,-0.20000000000004547,0.766044443118978,0.6427876096865394,-1.0,-1.8369701987210297e-16,0.9,4.0
2026-07-01 20:20:00,40.0,7.0,0.8,1016.0,28.5,,0.8,0.8,0.9,7.0,5.0,5.0,1016.0,1016.2,1016.6,0.8,0.0,0.8,0.0,6.333333333333333,1.1547005383792515,5.5,1.2247448713915903,-0.6000000000000227,-0.20000000000004547,0.6427876096865393,0.766044443118978,-0.8660254037844386,0.5000000000000001,0.9,5.0
2026-07-01 23:20:00,70.0,7.0,0.9,1015.7,28.4,,0.9,1.0,1.0,7.0,7.0,7.0,1015.5,1015.5,1015.3,0.9,0.0,0.9333333333333332,0.05773502691896255,7.0,0.0,7.0,0.0,0.40000000000009095,0.20000000000004547,0.9396926207859083,0.3420201433256688,-0.25881904510252157,0.9659258262890681,1.0,6.0
2026-07-02 00:20:00,70.0,6.0,1.1,1015.4,28.3,,1.1,1.0,0.9,6.0,6.0,7.0,1015.5,1015.7,1015.7,1.1,0.0,1.0666666666666667,0.05773502691896271,6.0,0.0,6.166666666666667,0.4082482904638632,-0.3000000000000682,-0.3000000000000682,0.9396926207859083,0.3420201433256688,0.0,1.0,1.0,6.0
2026-07-02 01:50:00,60.0,6.0,1.0,1015.7,28.4,,1.0,1.0,1.0,5.0,6.0,6.0,1015.8,1015.6,1015.3,1.0,0.0,1.0,0.0,5.333333333333333,0.5773502691896258,5.666666666666667,0.5163977794943221,0.40000000000009095,0.10000000000002274,0.8660254037844386,0.5000000000000001,0.25881904510252074,0.9659258262890683,1.0,6.0
2026-07-02 02:20:00,60.0,6.0,1.0,1015.7,28.3,,1.0,1.0,1.0,6.0,6.0,6.0,1015.8,1015.7,1015.6,1.0,0.0,1.0,0.0,6.0,0.0,5.666666666666667,0.5163977794943221,0.10000000000002274,0.0,0.8660254037844386,0.5000000000000001,0.49999999999999994,0.8660254037844387,1.0,6.0
2026-07-02 03:20:00,60.0,6.0,1.0,1015.8,28.3,,1.0,1.0,1.0,6.0,6.0,6.0,1015.8,1015.8,1015.7,1.0,0.0,1.0,0.0,6.0,0.0,6.0,0.0,0.09999999999990905,0.0,0.8660254037844386,0.5000000000000001,0.7071067811865476,0.7071067811865476,1.0,6.0
2026-07-02 03:50:00,60.0,6.0,1.0,1015.8,28.2,,1.0,1.0,1.0,7.0,6.0,6.0,1015.7,1015.8,1015.8,1.0,0.0,1.0,0.0,6.333333333333333,0.5773502691896258,6.166666666666667,0.40824829046386296,0.0,0.0,0.8660254037844386,0.5000000000000001,0.7071067811865476,0.7071067811865476,1.1,6.0
2026-07-02 04:20:00,60.0,6.0,1.1,1015.9,28.3,,1.1,1.0,1.0,6.0,6.0,6.0,1015.8,1015.8,1015.8,1.1,0.0,1.05,0.05773502691896274,6.0,0.0,6.166666666666667,0.40824829046386296,0.10000000000002274,0.10000000000002274,0.8660254037844386,0.5000000000000001,0.8660254037844386,0.5000000000000001,1.1,5.0
2026-07-02 06:20:00,70.0,5.0,1.2,1015.7,28.1,,1.2,1.1,1.1,5.0,5.0,5.0,1015.7,1015.8,1016.0,1.2,0.0,1.1666666666666667,0.05773502691896261,5.0,0.0,5.166666666666667,0.40824829046386296,-0.2999999999999545,-0.09999999999990905,0.9396926207859083,0.3420201433256688,1.0,6.123233995736766e-17,1.2,5.0
2026-07-02 06:50:00,70.0,5.0,1.2,1016.3,28.1,,1.2,1.2,1.1,4.0,5.0,5.0,1015.7,1015.7,1015.8,1.2,0.0,1.2,0.0,4.666666666666667,0.5773502691896258,4.833333333333333,0.40824829046386296,0.5,0.599999999999909,0.9396926207859083,0.3420201433256688,1.0,6.123233995736766e-17,1.2,4.0
2026-07-02 07:20:00,60.0,4.0,1.2,1015.5,28.0,,1.2,1.2,1.2,4.0,5.0,5.0,1015.6,1016.3,1015.7,1.2,0.0,1.2,0.0,4.333333333333333,0.5773502691896258,4.5,0.5477225575051659,-0.20000000000004547,-0.7999999999999545,0.8660254037844386,0.5000000000000001,0.9659258262890683,-0.25881904510252063,1.1,3.0
2026-07-02 07:50:00,60.0,3.0,1.1,1015.4,27.9,,1.1,1.2,1.2,4.0,4.0,5.0,1015.4,1015.5,1016.3,1.1,0.0,1.15,0.05773502691896256,3.6666666666666665,0.5773502691896257,4.0,0.6324555320336763,-0.8999999999999773,-0.10000000000002274,0.8660254037844386,0.5000000000000001,0.9659258262890683,-0.25881904510252063,1.1,4.0
2026-07-02 08:20:00,50.0,4.0,1.1,1015.6,27.9,,1.1,1.1,1.2,4.0,3.0,4.0,1015.6,1015.4,1015.5,1.1,0.0,1.1,0.0,4.0,0.0,3.8333333333333335,0.4082482904638641,0.10000000000002274,0.20000000000004547,0.766044443118978,0.6427876096865394,0.8660254037844387,-0.4999999999999998,1.1,4.0
2026-07-02 09:20:00,60.0,4.0,1.1,1015.5,27.9,,1.1,1.1,1.1,4.0,4.0,4.0,1015.4,1015.4,1015.6,1.1,0.0,1.1,0.0,4.0,0.0,4.0,0.0,-0.10000000000002274,0.10000000000002274,0.8660254037844386,0.5000000000000001,0.7071067811865476,-0.7071067811865475,1.1,4.0
2026-07-02 10:20:00,50.0,3.0,1.1,1015.6,27.9,,1.1,1.1,1.1,4.0,4.0,4.0,1015.4,1015.4,1015.5,1.1,0.0,1.1,0.0,3.6666666666666665,0.5773502691896257,3.8333333333333335,0.408248290463863,0.10000000000002274,0.20000000000004547,0.766044443118978,0.6427876096865394,0.49999999999999994,-0.8660254037844387,1.0,3.0
2026-07-02 11:20:00,50.0,3.0,1.0,1016.1,28.0,,1.0,1.0,1.1,3.0,3.0,3.0,1016.2,1016.0,1015.6,1.0,0.0,1.0,0.0,3.0,0.0,3.0,0.0,0.5,0.10000000000002274,0.766044443118978,0.6427876096865394,0.258819045102521,-0.9659258262890682,0.9,3.0
2026-07-02 12:20:00,60.0,3.0,1.0,1016.8,28.4,,1.0,0.9,1.0,2.0,3.0,3.0,1016.5,1016.4,1016.1,1.0,0.0,0.9666666666666667,0.05773502691896256,2.6666666666666665,0.5773502691896257,2.8333333333333335,0.408248290463863,0.6999999999999318,0.39999999999997726,0.8660254037844386,0.5000000000000001,1.2246467991473532e-16,-1.0,0.9,3.0
2026-07-02 12:50:00,60.0,3.0,0.9,1017.3,28.4,,0.9,1.0,0.9,3.0,3.0,3.0,1017.1,1016.8,1016.4,0.9,0.0,0.95,0.057735026918962554,2.6666666666666665,0.5773502691896257,2.6666666666666665,0.5163977794943223,0.8999999999999773,0.5,0.8660254037844386,0.5000000000000001,1.2246467991473532e-16,-1.0,0.9,2.0
2026-07-02 13:20:00,60.0,2.0,0.9,1017.4,28.4,,0.9,0.9,1.0,2.0,3.0,3.0,1017.3,1017.3,1016.8,0.9,0.0,0.9,0.0,2.0,0.0,2.3333333333333335,0.5163977794943226,0.6000000000000227,0.10000000000002274,0.8660254037844386,0.5000000000000001,-0.2588190451025208,-0.9659258262890683,1.0,3.0
2026-07-02 15:20:00,20.0,2.0,1.0,1017.8,28.4,,1.0,1.0,1.0,2.0,2.0,2.0,1017.8,1017.6,1017.5,1.0,0.0,1.0,0.0,2.0,0.0,2.0,0.0,0.2999999999999545,0.1999999999999318,0.3420201433256687,0.9396926207859084,-0.7071067811865471,-0.7071067811865479,0.9,2.0
2026-07-02 17:20:00,360.0,3.0,0.9,1017.7,28.5,,0.9,0.9,0.9,3.0,2.0,2.0,1017.8,1017.9,1017.9,0.9,0.0,0.9,0.0,2.6666666666666665,0.5773502691896257,2.3333333333333335,0.5163977794943223,-0.1999999999999318,-0.1999999999999318,-2.4492935982947064e-16,1.0,-0.9659258262890683,-0.25881904510252063,0.9,4.0
2026-07-02 18:20:00,350.0,4.0,0.9,1017.6,28.2,,0.9,0.9,0.9,4.0,4.0,3.0,1017.6,1017.6,1017.7,0.9,0.0,0.9,0.0,4.0,0.0,3.6666666666666665,0.5163977794943223,-0.10000000000002274,0.0,-0.1736481776669304,0.984807753012208,-1.0,-1.8369701987210297e-16,0.9,5.0
2026-07-02 18:50:00,360.0,5.0,0.9,1017.4,28.1,,0.9,0.9,0.9,4.0,4.0,4.0,1017.4,1017.6,1017.6,0.9,0.0,0.9,0.0,4.333333333333333,0.5773502691896258,4.166666666666667,0.40824829046386296,-0.20000000000004547,-0.20000000000004547,-2.4492935982947064e-16,1.0,-1.0,-1.8369701987210297e-16,1.0,5.0
2026-07-02 20:20:00,20.0,5.0,1.0,1016.6,28.1,,1.0,1.0,1.0,5.0,5.0,5.0,1016.5,1016.8,1017.1,1.0,0.0,1.0,0.0,5.0,0.0,5.0,0.0,-0.5,-0.1999999999999318,0.3420201433256687,0.9396926207859084,-0.8660254037844386,0.5000000000000001,0.9,4.0
2026-07-02 21:20:00,10.0,3.0,1.0,1016.5,28.2,,1.0,0.9,1.0,4.0,4.0,5.0,1016.5,1016.8,1016.6,1.0,0.0,0.9666666666666667,0.05773502691896256,3.6666666666666665,0.5773502691896257,3.8333333333333335,0.408248290463863,-0.10000000000002274,-0.2999999999999545,0.17364817766693033,0.984807753012208,-0.7071067811865477,0.7071067811865474,1.0,4.0
2026-07-02 22:20:00,30.0,4.0,1.0,1016.3,28.7,,1.0,1.0,1.0,3.0,4.0,3.0,1016.3,1016.3,1016.5,1.0,0.0,1.0,0.0,3.6666666666666665,0.5773502691896257,3.8333333333333335,0.408248290463863,-0.20000000000004547,0.0,0.49999999999999994,0.8660254037844387,-0.5000000000000004,0.8660254037844384,1.0,4.0
2026-07-03 00:20:00,50.0,4.0,1.0,1016.8,28.8,,1.0,1.0,0.9,3.0,5.0,4.0,1016.7,1016.9,1016.8,1.0,0.0,1.0,0.0,3.3333333333333335,0.5773502691896257,3.5,0.8366600265340759,0.0,-0.10000000000002274,0.766044443118978,0.6427876096865394,0.0,1.0,1.0,4.0
2026-07-03 01:20:00,60.0,4.0,1.0,1017.0,28.9,,1.0,1.0,1.0,4.0,4.0,4.0,1016.9,1016.9,1016.8,1.0,0.0,1.0,0.0,3.6666666666666665,0.5773502691896257,3.8333333333333335,0.4082482904638631,0.20000000000004547,0.10000000000002274,0.8660254037844386,0.5000000000000001,0.25881904510252074,0.9659258262890683,1.0,4.0
2026-07-03 02:20:00,80.0,3.0,0.9,1017.3,28.7,,0.9,1.0,1.0,4.0,4.0,4.0,1017.1,1017.1,1017.0,0.9,0.0,0.9333333333333332,0.05773502691896255,3.6666666666666665,0.5773502691896257,3.8333333333333335,0.408248290463863,0.2999999999999545,0.1999999999999318,0.984807753012208,0.17364817766693041,0.49999999999999994,0.8660254037844387,0.9,3.0
2026-07-03 03:20:00,80.0,4.0,1.1,1017.3,28.6,,1.1,0.9,0.9,3.0,3.0,3.0,1017.3,1017.4,1017.3,1.1,0.0,1.0333333333333334,0.11547005383792522,3.3333333333333335,0.5773502691896257,3.1666666666666665,0.408248290463863,0.0,-0.10000000000002274,0.984807753012208,0.17364817766693041,0.7071067811865476,0.7071067811865476,0.9,4.0
2026-07-03 04:20:00,90.0,4.0,1.1,1017.4,28.7,,1.1,0.9,1.1,4.0,4.0,4.0,1017.5,1017.4,1017.3,1.1,0.0,1.0333333333333334,0.1154700538379252,4.0,0.0,4.0,0.0,0.10000000000002274,0.0,1.0,6.123233995736766e-17,0.8660254037844386,0.5000000000000001,1.1,4.0
2026-07-03 05:20:00,120.0,3.0,1.1,1017.4,28.6,,1.1,1.1,1.1,3.0,4.0,4.0,1017.3,1017.3,1017.4,1.1,0.0,1.1,0.0,3.0,0.0,3.3333333333333335,0.5163977794943226,0.0,0.10000000000002274,0.8660254037844387,-0.4999999999999998,0.9659258262890683,0.25881904510252074,1.0,3.0
2026-07-03 06:20:00,160.0,2.0,1.0,1017.0,28.4,,1.0,1.0,1.1,2.0,3.0,3.0,1017.2,1017.3,1017.4,1.0,0.0,1.0,0.0,2.3333333333333335,0.5773502691896257,2.6666666666666665,0.5163977794943223,-0.39999999999997726,-0.2999999999999545,0.3420201433256689,-0.9396926207859083,1.0,6.123233995736766e-17,1.0,3.0
2026-07-03 07:20:00,150.0,3.0,1.1,1016.3,28.5,,1.1,1.0,1.0,3.0,3.0,2.0,1016.3,1016.6,1017.0,1.1,0.0,1.0666666666666667,0.057735026918962484,3.0,0.0,2.8333333333333335,0.408248290463863,-0.7000000000000455,-0.3000000000000682,0.49999999999999994,-0.8660254037844387,0.9659258262890683,-0.25881904510252063,1.0,2.0
2026-07-03 08:20:00,170.0,2.0,1.1,1016.2,28.4,,1.1,1.0,1.1,2.0,2.0,3.0,1016.3,1016.4,1016.3,1.1,0.0,1.0666666666666667,0.057735026918962595,2.0,0.0,2.1666666666666665,0.4082482904638636,-0.09999999999990905,-0.1999999999999318,0.17364817766693028,-0.984807753012208,0.8660254037844387,-0.4999999999999998,1.2,2.0
2026-07-03 09:20:00,150.0,1.0,1.1,1016.5,28.1,,1.1,1.2,1.1,2.0,2.0,2.0,1016.3,1016.2,1016.2,1.1,0.0,1.1333333333333335,0.05773502691896253,1.6666666666666667,0.5773502691896258,1.8333333333333333,0.408248290463863,0.2999999999999545,0.2999999999999545,0.49999999999999994,-0.8660254037844387,0.7071067811865476,-0.7071067811865475,1.2,1.0
2026-07-03 10:20:00,200.0,1.0,1.1,1017.0,28.0,,1.1,1.2,1.1,1.0,1.0,1.0,1016.8,1016.7,1016.5,1.1,0.0,1.1333333333333333,0.05773502691896253,1.0,0.0,1.0,0.0,0.5,0.2999999999999545,-0.34202014332566866,-0.9396926207859084,0.49999999999999994,-0.8660254037844387,0.9,1.0
2026-07-03 14:20:00,290.0,1.0,1.0,1018.7,27.9,,1.0,0.9,1.0,1.0,2.0,2.0,1018.6,1018.7,1018.6,1.0,0.0,0.9666666666666667,0.05773502691896255,1.0,0.0,1.5,0.5477225575051661,0.10000000000002274,0.0,-0.9396926207859083,0.342020143325669,-0.4999999999999997,-0.8660254037844388,0.9,2.0
2026-07-03 16:20:00,330.0,1.0,0.8,1018.8,28.3,,0.8,0.9,0.9,1.0,1.0,2.0,1018.8,1019.0,1019.2,0.8,0.0,0.8333333333333334,0.05773502691896258,1.0,0.0,1.1666666666666667,0.40824829046386285,-0.40000000000009095,-0.20000000000004547,-0.5000000000000004,0.8660254037844384,-0.8660254037844385,-0.5000000000000004,0.8,2.0
2026-07-03 17:20:00,20.0,2.0,0.9,1018.5,28.4,,0.9,0.8,0.8,2.0,2.0,1.0,1018.4,1018.6,1018.8,0.9,0.0,0.8666666666666667,0.05773502691896255,2.0,0.0,2.0,0.0,-0.2999999999999545,-0.10000000000002274,0.3420201433256687,0.9396926207859084,-0.9659258262890683,-0.25881904510252063,0.8,2.0
2026-07-03 18:20:00,30.0,2.0,0.8,1018.1,28.5,,0.8,0.8,0.9,2.0,2.0,2.0,1018.3,1018.4,1018.5,0.8,0.0,0.8,0.0,2.3333333333333335,0.5773502691896257,2.1666666666666665,0.408248290463863,-0.39999999999997726,-0.2999999999999545,0.49999999999999994,0.8660254037844387,-1.0,-1.8369701987210297e-16,0.7,2.0
2026-07-03 19:20:00,30.0,3.0,0.8,1018.2,28.6,,0.8,0.7,0.8,3.0,2.0,2.0,1017.7,1018.1,1018.1,0.8,0.0,0.7666666666666666,0.057735026918962644,2.6666666666666665,0.5773502691896257,2.3333333333333335,0.5163977794943223,0.10000000000002274,0.10000000000002274,0.49999999999999994,0.8660254037844387,-0.9659258262890684,0.2588190451025203,0.7,3.0
2026-07-03 20:20:00,50.0,3.0,0.7,1017.0,28.8,,0.7,0.7,0.8,3.0,3.0,3.0,1017.2,1017.4,1018.2,0.7,0.0,0.7,0.0,3.0,0.0,3.0,0.0,-1.2000000000000455,-0.39999999999997726,0.766044443118978,0.6427876096865394,-0.8660254037844386,0.5000000000000001,0.8,4.0
2026-07-03 21:50:00,70.0,4.0,0.7,1017.3,29.2,,0.7,0.8,0.8,4.0,3.0,4.0,1016.7,1017.0,1017.0,0.7,0.0,0.7333333333333334,0.057735026918962644,3.6666666666666665,0.5773502691896257,3.6666666666666665,0.5163977794943223,0.2999999999999545,0.2999999999999545,0.9396926207859083,0.3420201433256688,-0.7071067811865477,0.7071067811865474,0.8,3.0
2026-07-03 22:50:00,90.0,3.0,0.7,1016.9,29.2,,0.7,0.8,0.7,3.0,3.0,4.0,1016.7,1016.7,1017.3,0.7,0.0,0.7333333333333334,0.057735026918962644,3.0,0.0,3.0,0.0,-0.39999999999997726,0.1999999999999318,1.0,6.123233995736766e-17,-0.5000000000000004,0.8660254037844384,0.7,3.0
2026-07-03 23:20:00,120.0,3.0,0.7,1017.4,29.2,,0.7,0.7,0.8,3.0,3.0,3.0,1017.2,1016.9,1016.7,0.7,0.0,0.7,0.0,3.0,0.0,3.0,0.0,0.6999999999999318,0.5,0.8660254037844387,-0.4999999999999998,-0.25881904510252157,0.9659258262890681,0.7,3.0
2026-07-04 00:20:00,120.0,3.0,0.7,1017.3,29.0,,0.7,0.7,0.7,3.0,3.0,3.0,1017.6,1017.9,1017.4,0.7,0.0,0.7,0.0,3.0,0.0,2.8333333333333335,0.408248290463863,-0.10000000000002274,-0.6000000000000227,0.8660254037844387,-0.4999999999999998,0.0,1.0,0.7,4.0
2026-07-04 00:50:00,100.0,4.0,0.7,1017.1,28.9,,0.7,0.7,0.7,4.0,3.0,3.0,1017.2,1017.3,1017.9,0.7,0.0,0.7,0.0,3.6666666666666665,0.5773502691896257,3.3333333333333335,0.5163977794943223,-0.7999999999999545,-0.1999999999999318,0.984807753012208,-0.1736481776669303,0.0,1.0,0.7,5.0
2026-07-04 01:20:00,110.0,5.0,0.7,1017.0,29.0,,0.7,0.7,0.7,4.0,4.0,3.0,1017.0,1017.1,1017.3,0.7,0.0,0.7,0.0,4.333333333333333,0.5773502691896258,4.0,0.6324555320336762,-0.2999999999999545,-0.10000000000002274,0.9396926207859084,-0.3420201433256687,0.25881904510252074,0.9659258262890683,0.7,4.0
2026-07-04 03:20:00,140.0,3.0,0.6,1017.6,29.0,,0.6,0.5,0.6,3.0,3.0,4.0,1017.5,1017.6,1017.6,0.6,0.0,0.5666666666666668,0.05773502691896258,3.0,0.0,3.0,0.0,0.0,0.0,0.6427876096865395,-0.7660444431189779,0.7071067811865476,0.7071067811865476,0.6,3.0
2026-07-04 03:50:00,150.0,3.0,0.6,1017.7,29.0,,0.6,0.6,0.5,3.0,3.0,3.0,1017.6,1017.6,1017.6,0.6,0.0,0.6,0.0,3.0,0.0,3.0,0.0,0.10000000000002274,0.10000000000002274,0.49999999999999994,-0.8660254037844387,0.7071067811865476,0.7071067811865476,0.6,3.0
2026-07-04 04:20:00,160.0,3.0,0.6,1017.5,29.0,,0.6,0.6,0.6,3.0,3.0,3.0,1017.6,1017.7,1017.6,0.6,0.0,0.6,0.0,3.0,0.0,3.0,0.0,-0.10000000000002274,-0.20000000000004547,0.3420201433256689,-0.9396926207859083,0.8660254037844386,0.5000000000000001,0.6,4.0
2026-07-04 05:20:00,190.0,4.0,0.7,1017.4,28.7,,0.7,0.6,0.6,4.0,4.0,3.0,1017.5,1017.3,1017.5,0.7,0.0,0.6666666666666666,0.05773502691896258,4.0,0.0,3.8333333333333335,0.4082482904638636,-0.10000000000002274,0.10000000000002274,-0.17364817766693047,-0.984807753012208,0.9659258262890683,0.25881904510252074,0.6,3.0
2026-07-04 07:20:00,230.0,2.0,0.6,1017.3,28.3,,0.6,0.6,0.6,2.0,2.0,3.0,1016.8,1016.8,1017.1,0.6,0.0,0.6,0.0,2.0,0.0,2.1666666666666665,0.4082482904638636,0.1999999999999318,0.5,-0.7660444431189779,-0.6427876096865395,0.9659258262890683,-0.25881904510252063,0.6,1.0
2026-07-04 08:20:00,240.0,1.0,0.6,1016.5,28.0,,0.6,0.6,0.6,1.0,1.0,2.0,1016.6,1016.8,1017.3,0.6,0.0,0.6,0.0,1.0,0.0,1.0,0.0,-0.7999999999999545,-0.2999999999999545,-0.8660254037844385,-0.5000000000000004,0.8660254037844387,-0.4999999999999998,0.6,0.0
2026-07-04 09:20:00,160.0,2.0,0.6,1016.3,27.9,,0.6,0.6,0.6,2.0,0.0,1.0,1016.4,1016.2,1016.5,0.6,0.0,0.6,0.0,1.6666666666666667,0.5773502691896257,1.0,0.8944271909999159,-0.20000000000004547,0.09999999999990905,0.3420201433256689,-0.9396926207859083,0.7071067811865476,-0.7071067811865475,0.6,4.0
2026-07-04 10:20:00,220.0,3.0,0.6,1016.2,27.9,,0.6,0.6,0.6,3.0,4.0,2.0,1016.2,1016.1,1016.3,0.6,0.0,0.6,0.0,3.3333333333333335,0.5773502691896257,3.6666666666666665,0.5163977794943206,-0.09999999999990905,0.10000000000002274,-0.6427876096865393,-0.766044443118978,0.49999999999999994,-0.8660254037844387,0.5,3.0
2026-07-04 11:20:00,240.0,3.0,0.6,1016.8,27.8,,0.6,0.5,0.6,3.0,3.0,3.0,1016.6,1016.4,1016.2,0.6,0.0,0.5666666666666668,0.05773502691896256,3.0,0.0,3.0,0.0,0.599999999999909,0.39999999999997726,-0.8660254037844385,-0.5000000000000004,0.258819045102521,-0.9659258262890682,0.6,3.0
2026-07-04 12:20:00,250.0,2.0,0.6,1017.2,27.7,,0.6,0.6,0.6,2.0,3.0,3.0,1017.1,1016.8,1016.8,0.6,0.0,0.6,0.0,2.0,0.0,2.5,0.5477225575051664,0.40000000000009095,0.40000000000009095,-0.9396926207859084,-0.34202014332566855,1.2246467991473532e-16,-1.0,0.6,2.0
2026-07-04 13:20:00,260.0,3.0,0.6,1017.9,27.7,,0.6,0.6,0.6,3.0,2.0,2.0,1017.9,1017.5,1017.2,0.6,0.0,0.6,0.0,2.6666666666666665,0.5773502691896257,2.3333333333333335,0.5163977794943223,0.6999999999999318,0.39999999999997726,-0.984807753012208,-0.17364817766693033,-0.2588190451025208,-0.9659258262890683,0.5,2.0
2026-07-04 14:20:00,250.0,3.0,0.5,1018.1,27.7,,0.5,0.5,0.6,2.0,2.0,3.0,1018.1,1017.9,1017.9,0.5,0.0,0.5,0.0,2.3333333333333335,0.5773502691896257,2.3333333333333335,0.5163977794943223,0.20000000000004547,0.20000000000004547,-0.9396926207859084,-0.34202014332566855,-0.4999999999999997,-0.8660254037844388,0.5,2.0
2026-07-04 15:20:00,240.0,2.0,0.5,1018.2,27.7,,0.5,0.5,0.5,2.0,2.0,3.0,1018.3,1018.1,1018.1,0.5,0.0,0.5,0.0,2.0,0.0,2.0,0.0,0.10000000000002274,0.10000000000002274,-0.8660254037844385,-0.5000000000000004,-0.7071067811865471,-0.7071067811865479,0.5,2.0
2026-07-04 17:20:00,170.0,2.0,0.5,1017.6,28.2,,0.5,0.5,0.5,2.0,2.0,2.0,1017.7,1018.1,1018.1,0.5,0.0,0.5,0.0,2.0,0.0,2.0,0.0,-0.5,-0.5,0.17364817766693028,-0.984807753012208,-0.9659258262890683,-0.25881904510252063,0.5,2.0
2026-07-04 18:20:00,150.0,2.0,0.5,1017.4,28.4,,0.5,0.5,0.5,2.0,2.0,2.0,1017.4,1017.3,1017.6,0.5,0.0,0.5,0.0,2.0,0.0,2.0,0.0,-0.20000000000004547,0.10000000000002274,0.49999999999999994,-0.8660254037844387,-1.0,-1.8369701987210297e-16,0.5,2.0
2026-07-04 18:50:00,150.0,2.0,0.5,1017.4,28.6,,0.5,0.5,0.5,2.0,2.0,2.0,1017.4,1017.4,1017.3,0.5,0.0,0.5,0.0,2.0,0.0,2.0,0.0,0.10000000000002274,0.0,0.49999999999999994,-0.8660254037844387,-1.0,-1.8369701987210297e-16,0.4,3.0
2026-07-04 19:20:00,130.0,3.0,0.4,1016.8,28.7,,0.4,0.5,0.5,3.0,2.0,2.0,1016.9,1017.4,1017.4,0.4,0.0,0.45,0.05773502691896253,2.6666666666666665,0.5773502691896257,2.3333333333333335,0.5163977794943223,-0.6000000000000227,-0.6000000000000227,0.766044443118978,-0.6427876096865394,-0.9659258262890684,0.2588190451025203,0.5,4.0
2026-07-04 22:20:00,170.0,4.0,0.5,1017.0,29.7,,0.5,0.5,0.5,5.0,5.0,5.0,1017.0,1016.2,1016.2,0.5,0.0,0.5,0.0,4.666666666666667,0.5773502691896258,4.666666666666667,0.5163977794943221,0.7999999999999545,0.7999999999999545,0.17364817766693028,-0.984807753012208,-0.5000000000000004,0.8660254037844384,0.5,5.0
2026-07-05 00:20:00,300.0,6.0,0.6,1016.7,26.5,,0.6,0.4,0.5,9.0,11.0,6.0,1017.2,1017.6,1017.3,0.6,0.0,0.525,0.09574271077563383,8.333333333333334,2.081665999466133,8.833333333333334,2.316606713852538,-0.599999999999909,-0.8999999999999773,-0.8660254037844386,0.5000000000000001,0.0,1.0,0.7,1.0
2026-07-05 01:20:00,150.0,3.0,0.7,1015.7,28.2,,0.7,0.7,0.6,2.0,1.0,6.0,1015.7,1015.9,1016.7,0.7,0.0,0.7,0.0,2.0,1.0,1.8333333333333333,0.9831920802501747,-1.0,-0.1999999999999318,0.49999999999999994,-0.8660254037844387,0.25881904510252074,0.9659258262890683,0.6,4.0
2026-07-05 02:20:00,150.0,5.0,0.6,1015.4,28.6,,0.6,0.6,0.7,4.0,4.0,3.0,1015.4,1015.4,1015.7,0.6,0.0,0.6,0.0,4.333333333333333,0.5773502691896258,4.0,0.6324555320336708,-0.3000000000000682,0.0,0.49999999999999994,-0.8660254037844387,0.49999999999999994,0.8660254037844387,0.5,6.0
2026-07-05 03:20:00,170.0,5.0,0.5,1016.2,28.3,,0.5,0.5,0.6,5.0,6.0,5.0,1016.1,1015.9,1015.4,0.5,0.0,0.5,0.0,5.333333333333333,0.5773502691896258,5.666666666666667,0.5163977794943087,0.8000000000000682,0.3000000000000682,0.17364817766693028,-0.984807753012208,0.7071067811865476,0.7071067811865476,0.5,5.0
2026-07-05 04:20:00,180.0,4.0,0.5,1016.5,28.3,,0.5,0.5,0.5,5.0,5.0,5.0,1016.4,1016.2,1016.2,0.5,0.0,0.5,0.0,4.333333333333333,0.5773502691896258,4.5,0.5477225575051586,0.2999999999999545,0.2999999999999545,1.2246467991473532e-16,-1.0,0.8660254037844386,0.5000000000000001,0.5,3.0
2026-07-05 05:20:00,230.0,4.0,0.5,1016.5,28.1,,0.5,0.5,0.5,3.0,3.0,4.0,1016.4,1016.4,1016.5,0.5,0.0,0.5,0.0,3.3333333333333335,0.5773502691896257,3.5,0.5477225575051622,0.0,0.10000000000002274,-0.7660444431189779,-0.6427876096865395,0.9659258262890683,0.25881904510252074,0.5,5.0
2026-07-05 06:20:00,210.0,6.0,0.5,1016.0,28.3,,0.5,0.5,0.5,6.0,5.0,4.0,1016.1,1016.2,1016.5,0.5,0.0,0.5,0.0,6.0,0.0,5.333333333333333,0.8164965809277187,-0.5,-0.20000000000004547,-0.5000000000000001,-0.8660254037844386,1.0,6.123233995736766e-17,0.5,7.0
2026-07-05 06:50:00,210.0,7.0,0.5,1015.5,28.3,,0.5,0.5,0.5,6.0,6.0,5.0,1015.8,1016.0,1016.2,0.5,0.0,0.5,0.0,6.333333333333333,0.5773502691896258,6.166666666666667,0.40824829046386296,-0.7000000000000455,-0.5,-0.5000000000000001,-0.8660254037844386,1.0,6.123233995736766e-17,0.5,8.0
2026-07-05 07:20:00,210.0,8.0,0.5,1015.7,28.1,,0.5,0.5,0.5,8.0,7.0,6.0,1015.7,1015.5,1016.0,0.5,0.0,0.5,0.0,7.666666666666667,0.5773502691896258,7.0,0.8944271909999154,-0.2999999999999545,0.20000000000004547,-0.5000000000000001,-0.8660254037844386,0.9659258262890683,-0.25881904510252063,0.6,7.0
2026-07-05 08:20:00,220.0,6.0,0.7,1016.1,28.0,,0.7,0.6,0.5,6.0,7.0,8.0,1016.2,1015.9,1015.7,0.7,0.0,0.6666666666666666,0.05773502691896256,6.333333333333333,0.5773502691896258,6.833333333333333,0.75277265270908,0.39999999999997726,0.20000000000004547,-0.6427876096865393,-0.766044443118978,0.8660254037844387,-0.4999999999999998,0.7,6.0
2026-07-05 09:20:00,220.0,5.0,0.7,1016.4,28.0,,0.7,0.7,0.7,5.0,6.0,6.0,1016.3,1016.2,1016.1,0.7,0.0,0.7,0.0,5.333333333333333,0.5773502691896258,5.666666666666667,0.5163977794943221,0.2999999999999545,0.1999999999999318,-0.6427876096865393,-0.766044443118978,0.7071067811865476,-0.7071067811865475,0.6,4.0
2026-07-05 10:20:00,230.0,5.0,0.6,1016.7,27.9,,0.6,0.6,0.7,5.0,4.0,5.0,1016.7,1016.6,1016.4,0.6,0.0,0.6,0.0,4.666666666666667,0.5773502691896258,4.666666666666667,0.5163977794943232,0.3000000000000682,0.10000000000002274,-0.7660444431189779,-0.6427876096865395,0.49999999999999994,-0.8660254037844387,0.6,5.0
2026-07-05 11:20:00,220.0,5.0,0.6,1016.8,27.8,,0.6,0.6,0.6,5.0,5.0,5.0,1016.8,1016.6,1016.7,0.6,0.0,0.6,0.0,5.0,0.0,5.0,0.0,0.09999999999990905,0.1999999999999318,-0.6427876096865393,-0.766044443118978,0.258819045102521,-0.9659258262890682,0.6,5.0
2026-07-05 12:20:00,220.0,4.0,0.6,1017.4,27.7,,0.6,0.6,0.6,4.0,5.0,5.0,1017.4,1017.3,1016.8,0.6,0.0,0.6,0.0,4.0,0.0,4.5,0.5477225575051659,0.6000000000000227,0.10000000000002274,-0.6427876096865393,-0.766044443118978,1.2246467991473532e-16,-1.0,0.6,4.0
2026-07-05 13:20:00,240.0,5.0,0.6,1017.6,27.9,,0.6,0.6,0.6,5.0,4.0,4.0,1017.6,1017.5,1017.4,0.6,0.0,0.6,0.0,5.0,0.0,4.666666666666667,0.5163977794943221,0.20000000000004547,0.10000000000002274,-0.8660254037844385,-0.5000000000000004,-0.2588190451025208,-0.9659258262890683,0.5,5.0
2026-07-05 14:20:00,240.0,4.0,0.5,1017.8,27.9,,0.5,0.5,0.6,5.0,5.0,5.0,1017.7,1017.6,1017.6,0.5,0.0,0.5,0.0,4.666666666666667,0.5773502691896258,4.666666666666667,0.5163977794943221,0.1999999999999318,0.1999999999999318,-0.8660254037844385,-0.5000000000000004,-0.4999999999999997,-0.8660254037844388,0.5,5.0
2026-07-05 15:20:00,230.0,4.0,0.5,1018.0,28.1,,0.5,0.5,0.5,5.0,5.0,4.0,1017.9,1017.9,1017.8,0.5,0.0,0.5,0.0,4.333333333333333,0.5773502691896258,4.333333333333333,0.5163977794943221,0.20000000000004547,0.10000000000002274,-0.7660444431189779,-0.6427876096865395,-0.7071067811865471,-0.7071067811865479,0.5,3.0
2026-07-05 16:20:00,210.0,3.0,0.5,1017.8,28.2,,0.5,0.5,0.5,3.0,3.0,4.0,1017.9,1018.1,1018.0,0.5,0.0,0.5,0.0,3.0,0.0,3.3333333333333335,0.5163977794943235,-0.20000000000004547,-0.3000000000000682,-0.5000000000000001,-0.8660254037844386,-0.8660254037844385,-0.5000000000000004,0.4,3.0
2026-07-05 17:20:00,160.0,3.0,0.4,1017.4,28.4,,0.4,0.4,0.5,2.0,3.0,3.0,1017.4,1017.7,1017.8,0.4,0.0,0.4,0.0,2.3333333333333335,0.5773502691896257,2.6666666666666665,0.5163977794943223,-0.39999999999997726,-0.3000000000000682,0.3420201433256689,-0.9396926207859083,-0.9659258262890683,-0.25881904510252063,0.4,4.0
2026-07-05 17:50:00,150.0,4.0,0.4,1017.2,28.4,,0.4,0.4,0.4,3.0,3.0,3.0,1017.3,1017.4,1017.7,0.4,0.0,0.4,0.0,3.3333333333333335,0.5773502691896257,2.8333333333333335,0.752772652709081,-0.5,-0.1999999999999318,0.49999999999999994,-0.8660254037844387,-0.9659258262890683,-0.25881904510252063,0.4,3.0
2026-07-05 18:20:00,150.0,3.0,0.4,1016.9,28.5,,0.4,0.4,0.4,3.0,4.0,3.0,1017.1,1017.2,1017.4,0.4,0.0,0.4,0.0,3.3333333333333335,0.5773502691896257,3.3333333333333335,0.5163977794943213,-0.5,-0.3000000000000682,0.49999999999999994,-0.8660254037844387,-1.0,-1.8369701987210297e-16,0.4,4.0
2026-07-05 19:20:00,140.0,4.0,0.4,1015.7,28.7,,0.4,0.4,0.4,4.0,4.0,3.0,1015.7,1016.3,1016.9,0.4,0.0,0.4,0.0,4.0,0.0,4.0,0.0,-1.1999999999999318,-0.599999999999909,0.6427876096865395,-0.7660444431189779,-0.9659258262890684,0.2588190451025203,0.4,3.0
2026-07-05 20:20:00,150.0,4.0,0.4,1015.7,28.9,,0.4,0.4,0.4,3.0,3.0,4.0,1015.6,1015.7,1015.7,0.4,0.0,0.4,0.0,3.6666666666666665,0.5773502691896257,3.6666666666666665,0.5163977794943223,0.0,0.0,0.49999999999999994,-0.8660254037844387,-0.8660254037844386,0.5000000000000001,0.4,4.0
2026-07-05 21:20:00,150.0,3.0,0.4,1016.1,29.3,,0.4,0.4,0.4,3.0,4.0,4.0,1016.2,1016.1,1015.7,0.4,0.0,0.4,0.0,3.3333333333333335,0.5773502691896257,3.6666666666666665,0.5163977794943223,0.39999999999997726,0.0,0.49999999999999994,-0.8660254037844387,-0.7071067811865477,0.7071067811865474,0.4,3.0
2026-07-05 22:20:00,150.0,3.0,0.4,1016.0,29.3,,0.4,0.4,0.4,3.0,3.0,3.0,1015.9,1015.7,1016.1,0.4,0.0,0.4,0.0,3.0,0.0,3.0,0.0,-0.10000000000002274,0.2999999999999545,0.49999999999999994,-0.8660254037844387,-0.5000000000000004,0.8660254037844384,0.4,2.0
2026-07-05 23:20:00,260.0,5.0,0.4,1016.0,27.0,,0.4,0.4,0.4,6.0,2.0,3.0,1016.3,1015.9,1016.0,0.4,0.0,0.4,0.0,5.666666666666667,0.5773502691896258,4.0,1.8973665961010273,0.0,0.10000000000002274,-0.984807753012208,-0.17364817766693033,-0.25881904510252157,0.9659258262890681,0.4,1.0
2026-07-06 00:20:00,200.0,1.0,0.4,1015.4,26.9,,0.4,0.4,0.4,1.0,1.0,5.0,1015.5,1015.4,1016.0,0.4,0.0,0.4,0.0,0.6666666666666666,0.5773502691896258,1.1666666666666667,0.9831920802501757,-0.6000000000000227,0.0,-0.34202014332566866,-0.9396926207859084,0.0,1.0,0.4,1.0
2026-07-06 02:20:00,150.0,2.0,0.5,1015.7,27.8,,0.5,0.5,0.4,2.0,2.0,2.0,1015.6,1016.0,1015.9,0.5,0.0,0.5,0.0,2.0,0.0,2.1666666666666665,0.40824829046386407,-0.1999999999999318,-0.2999999999999545,0.49999999999999994,-0.8660254037844387,0.49999999999999994,0.8660254037844387,0.4,3.0
2026-07-06 03:20:00,190.0,6.0,0.4,1016.0,28.6,,0.4,0.4,0.5,7.0,3.0,2.0,1016.0,1015.9,1015.7,0.4,0.0,0.4,0.0,6.0,0.9999999999999998,4.166666666666667,2.136976056643281,0.2999999999999545,0.10000000000002274,-0.17364817766693047,-0.984807753012208,0.7071067811865476,0.7071067811865476,0.5,6.0
2026-07-06 03:50:00,180.0,6.0,0.5,1016.2,28.4,,0.5,0.4,0.4,6.0,6.0,3.0,1016.1,1016.0,1015.9,0.5,0.0,0.45000000000000007,0.05773502691896253,6.0,0.0,6.0,0.6324555320336768,0.3000000000000682,0.20000000000004547,1.2246467991473532e-16,-1.0,0.7071067811865476,0.7071067811865476,0.5,6.0
2026-07-06 05:20:00,190.0,7.0,0.6,1016.6,28.6,,0.6,0.5,0.5,7.0,7.0,6.0,1016.8,1016.7,1016.4,0.6,0.0,0.5666666666666667,0.05773502691896255,7.0,0.0,6.666666666666667,0.5163977794943221,0.20000000000004547,-0.10000000000002274,-0.17364817766693047,-0.984807753012208,0.9659258262890683,0.25881904510252074,0.5,6.0
2026-07-06 05:50:00,200.0,6.0,0.5,1016.7,28.4,,0.5,0.6,0.5,6.0,7.0,7.0,1016.6,1016.6,1016.7,0.5,0.0,0.55,0.05773502691896256,6.0,0.0,6.5,0.5477225575051659,0.0,0.10000000000002274,-0.34202014332566866,-0.9396926207859084,0.9659258262890683,0.25881904510252074,0.6,5.0
2026-07-06 06:20:00,210.0,5.0,0.6,1016.6,28.2,,0.6,0.5,0.6,5.0,6.0,7.0,1016.5,1016.7,1016.6,0.6,0.0,0.55,0.05773502691896256,5.0,0.0,5.5,0.5477225575051659,0.0,-0.10000000000002274,-0.5000000000000001,-0.8660254037844386,1.0,6.123233995736766e-17,0.5,4.0
2026-07-06 07:20:00,210.0,5.0,0.6,1016.3,28.1,,0.6,0.5,0.6,5.0,4.0,5.0,1016.2,1016.2,1016.6,0.6,0.0,0.5666666666666667,0.05773502691896256,5.0,0.0,4.666666666666667,0.5163977794943232,-0.3000000000000682,0.09999999999990905,-0.5000000000000001,-0.8660254037844386,0.9659258262890683,-0.25881904510252063,0.6,5.0
2026-07-06 08:20:00,220.0,5.0,0.6,1016.2,27.7,,0.6,0.6,0.6,5.0,5.0,5.0,1016.3,1016.2,1016.3,0.6,0.0,0.6,0.0,5.0,0.0,5.0,0.0,-0.09999999999990905,0.0,-0.6427876096865393,-0.766044443118978,0.8660254037844387,-0.4999999999999998,0.6,5.0
2026-07-06 09:20:00,220.0,6.0,0.6,1016.4,27.6,,0.6,0.6,0.6,5.0,5.0,5.0,1016.2,1016.2,1016.2,0.6,0.0,0.6,0.0,5.333333333333333,0.5773502691896258,5.166666666666667,0.40824829046386296,0.1999999999999318,0.1999999999999318,-0.6427876096865393,-0.766044443118978,0.7071067811865476,-0.7071067811865475,0.6,5.0
2026-07-06 10:20:00,220.0,6.0,0.5,1016.8,27.7,,0.5,0.6,0.6,6.0,5.0,6.0,1016.8,1016.6,1016.4,0.5,0.0,0.5333333333333333,0.05773502691896258,6.0,0.0,5.5,0.5477225575051659,0.39999999999997726,0.1999999999999318,-0.6427876096865393,-0.766044443118978,0.49999999999999994,-0.8660254037844387,0.6,5.0
2026-07-06 11:20:00,210.0,5.0,0.6,1017.2,27.8,,0.6,0.6,0.5,5.0,5.0,6.0,1017.1,1017.1,1016.8,0.6,0.0,0.6,0.0,5.0,0.0,5.333333333333333,0.5163977794943221,0.40000000000009095,0.10000000000002274,-0.5000000000000001,-0.8660254037844386,0.258819045102521,-0.9659258262890682,0.6,5.0
2026-07-06 12:20:00,230.0,4.0,0.5,1017.9,27.8,,0.5,0.6,0.6,4.0,5.0,5.0,1017.8,1017.4,1017.2,0.5,0.0,0.5333333333333333,0.05773502691896258,4.333333333333333,0.5773502691896258,4.666666666666667,0.5163977794943221,0.6999999999999318,0.5,-0.7660444431189779,-0.6427876096865395,1.2246467991473532e-16,-1.0,0.5,4.0
2026-07-06 14:20:00,220.0,3.0,0.4,1018.4,27.7,,0.4,0.5,0.5,3.0,3.0,4.0,1018.5,1018.5,1018.5,0.4,0.0,0.43333333333333335,0.05773502691896256,3.0,0.0,3.3333333333333335,0.5163977794943226,-0.10000000000002274,-0.10000000000002274,-0.6427876096865393,-0.766044443118978,-0.4999999999999997,-0.8660254037844388,0.4,2.0
2026-07-06 15:20:00,230.0,3.0,0.4,1018.8,27.9,,0.4,0.4,0.4,3.0,2.0,3.0,1018.7,1018.7,1018.4,0.4,0.0,0.4,0.0,3.0,0.0,2.6666666666666665,0.5163977794943223,0.39999999999997726,0.09999999999990905,-0.7660444431189779,-0.6427876096865395,-0.7071067811865471,-0.7071067811865479,0.4,2.0
2026-07-06 16:20:00,210.0,2.0,0.4,1018.6,28.1,,0.4,0.4,0.4,2.0,2.0,3.0,1018.7,1018.7,1018.8,0.4,0.0,0.4,0.0,2.0,0.0,2.0,0.0,-0.1999999999999318,-0.10000000000002274,-0.5000000000000001,-0.8660254037844386,-0.8660254037844385,-0.5000000000000004,0.4,2.0
2026-07-06 17:20:00,190.0,3.0,0.4,1018.3,28.3,,0.4,0.4,0.4,3.0,2.0,2.0,1018.5,1018.6,1018.6,0.4,0.0,0.4,0.0,3.0,0.0,2.5,0.5477225575051664,-0.3000000000000682,-0.3000000000000682,-0.17364817766693047,-0.984807753012208,-0.9659258262890683,-0.25881904510252063,0.4,3.0
2026-07-06 19:20:00,150.0,3.0,0.4,1017.1,28.9,,0.4,0.4,0.4,3.0,3.0,2.0,1017.1,1017.2,1017.4,0.4,0.0,0.4,0.0,3.0,0.0,2.6666666666666665,0.5163977794943223,-0.2999999999999545,-0.10000000000002274,0.49999999999999994,-0.8660254037844387,-0.9659258262890684,0.2588190451025203,0.4,4.0
2026-07-06 20:20:00,150.0,5.0,0.3,1016.9,29.5,,0.3,0.4,0.4,4.0,4.0,3.0,1017.1,1016.6,1017.1,0.3,0.0,0.3333333333333333,0.05773502691896262,4.333333333333333,0.5773502691896258,4.0,0.6324555320336762,-0.20000000000004547,0.2999999999999545,0.49999999999999994,-0.8660254037844387,-0.8660254037844386,0.5000000000000001,0.3,5.0
2026-07-06 21:20:00,150.0,6.0,0.3,1017.6,29.8,,0.3,0.3,0.3,6.0,5.0,5.0,1017.4,1017.2,1016.9,0.3,0.0,0.3,0.0,6.0,0.0,5.5,0.5477225575051675,0.7000000000000455,0.39999999999997726,0.49999999999999994,-0.8660254037844387,-0.7071067811865477,0.7071067811865474,0.4,7.0
2026-07-06 22:20:00,180.0,7.0,0.4,1018.4,29.7,,0.4,0.4,0.3,7.0,7.0,6.0,1018.5,1017.9,1017.6,0.4,0.0,0.4,0.0,7.0,0.0,6.833333333333333,0.4082482904638671,0.7999999999999545,0.5,1.2246467991473532e-16,-1.0,-0.5000000000000004,0.8660254037844384,0.4,6.0
2026-07-06 23:20:00,290.0,10.0,0.4,1018.2,26.8,,0.4,0.4,0.4,10.0,6.0,7.0,1018.3,1018.4,1018.4,0.4,0.0,0.4,0.0,9.333333333333334,1.1547005383792512,7.833333333333333,1.8348478592697184,-0.1999999999999318,-0.1999999999999318,-0.9396926207859083,0.342020143325669,-0.25881904510252157,0.9659258262890681,0.4,4.0
2026-07-07 00:20:00,220.0,3.0,0.5,1018.1,27.7,,0.5,0.4,0.4,3.0,4.0,10.0,1018.3,1018.1,1018.2,0.5,0.0,0.4666666666666666,0.05773502691896256,2.6666666666666665,0.577350269189626,3.5,1.0488088481701519,-0.10000000000002274,0.0,-0.6427876096865393,-0.766044443118978,0.0,1.0,0.5,4.0
2026-07-07 01:20:00,200.0,3.0,0.6,1017.9,27.7,,0.6,0.5,0.5,2.0,4.0,3.0,1017.9,1017.9,1018.1,0.6,0.0,0.5666666666666667,0.05773502691896255,2.6666666666666665,0.5773502691896257,3.0,0.6324555320336768,-0.20000000000004547,0.0,-0.34202014332566866,-0.9396926207859084,0.25881904510252074,0.9659258262890683,0.6,2.0
2026-07-07 02:20:00,170.0,1.0,0.5,1018.4,27.4,,0.5,0.6,0.6,2.0,2.0,3.0,1018.4,1018.1,1017.9,0.5,0.0,0.5333333333333333,0.05773502691896258,2.0,0.9999999999999999,2.1666666666666665,0.7527726527090817,0.5,0.2999999999999545,0.17364817766693028,-0.984807753012208,0.49999999999999994,0.8660254037844387,0.5,3.0
2026-07-07 03:20:00,170.0,2.0,0.6,1019.0,27.4,,0.6,0.5,0.5,2.0,3.0,1.0,1018.8,1018.7,1018.4,0.6,0.0,0.5666666666666668,0.05773502691896255,2.3333333333333335,0.5773502691896257,2.1666666666666665,0.7527726527090819,0.6000000000000227,0.2999999999999545,0.17364817766693028,-0.984807753012208,0.7071067811865476,0.7071067811865476,0.5,4.0
2026-07-07 04:20:00,210.0,4.0,0.5,1018.7,27.4,,0.5,0.5,0.6,4.0,4.0,2.0,1018.8,1019.0,1019.0,0.5,0.0,0.5,0.0,4.0,0.0,3.5,0.8366600265340775,-0.2999999999999545,-0.2999999999999545,-0.5000000000000001,-0.8660254037844386,0.8660254037844386,0.5000000000000001,0.5,4.0
2026-07-07 06:20:00,220.0,5.0,0.4,1018.0,27.3,,0.4,0.5,0.4,5.0,5.0,4.0,1018.1,1018.1,1018.1,0.4,0.0,0.43333333333333335,0.05773502691896256,5.0,0.0,4.666666666666667,0.5163977794943221,-0.10000000000002274,-0.10000000000002274,-0.6427876096865393,-0.766044443118978,1.0,6.123233995736766e-17,0.4,6.0
2026-07-07 07:20:00,200.0,6.0,0.4,1017.6,27.1,,0.4,0.4,0.4,6.0,6.0,5.0,1017.7,1017.8,1018.0,0.4,0.0,0.4,0.0,6.0,0.0,5.666666666666667,0.5163977794943221,-0.39999999999997726,-0.1999999999999318,-0.34202014332566866,-0.9396926207859084,0.9659258262890683,-0.25881904510252063,0.4,5.0
2026-07-07 08:20:00,190.0,5.0,0.4,1017.4,27.3,,0.4,0.4,0.4,5.0,5.0,6.0,1017.5,1017.5,1017.6,0.4,0.0,0.4,0.0,5.0,0.0,5.166666666666667,0.4082482904638632,-0.20000000000004547,-0.10000000000002274,-0.17364817766693047,-0.984807753012208,0.8660254037844387,-0.4999999999999998,0.4,5.0
2026-07-07 09:20:00,210.0,5.0,0.4,1017.8,27.7,,0.4,0.4,0.4,5.0,5.0,5.0,1017.6,1017.4,1017.4,0.4,0.0,0.4,0.0,5.0,0.0,5.0,0.0,0.39999999999997726,0.39999999999997726,-0.5000000000000001,-0.8660254037844386,0.7071067811865476,-0.7071067811865475,0.4,5.0
2026-07-07 10:20:00,230.0,4.0,0.4,1018.3,27.5,,0.4,0.4,0.4,4.0,5.0,5.0,1018.3,1018.0,1017.8,0.4,0.0,0.4,0.0,4.333333333333333,0.5773502691896258,4.666666666666667,0.5163977794943221,0.5,0.2999999999999545,-0.7660444431189779,-0.6427876096865395,0.49999999999999994,-0.8660254037844387,0.4,4.0
2026-07-07 11:20:00,220.0,4.0,0.4,1019.2,27.5,,0.4,0.4,0.4,4.0,4.0,4.0,1019.0,1018.9,1018.3,0.4,0.0,0.4,0.0,4.0,0.0,4.0,0.0,0.900000000000091,0.3000000000000682,-0.6427876096865393,-0.766044443118978,0.258819045102521,-0.9659258262890682,0.4,4.0
2026-07-07 12:20:00,220.0,4.0,0.4,1019.7,27.6,,0.4,0.4,0.4,4.0,4.0,4.0,1019.6,1019.2,1019.2,0.4,0.0,0.4,0.0,4.0,0.0,4.0,0.0,0.5,0.5,-0.6427876096865393,-0.766044443118978,1.2246467991473532e-16,-1.0,0.4,4.0
2026-07-07 14:20:00,230.0,4.0,0.4,1020.6,27.4,,0.4,0.4,0.4,4.0,4.0,4.0,1020.4,1020.3,1020.4,0.4,0.0,0.4,0.0,3.6666666666666665,0.5773502691896257,3.5,0.5477225575051664,0.20000000000004547,0.3000000000000682,-0.7660444431189779,-0.6427876096865395,-0.4999999999999997,-0.8660254037844388,0.4,3.0
2026-07-07 15:20:00,220.0,3.0,0.4,1020.9,27.6,,0.4,0.4,0.4,3.0,3.0,4.0,1020.9,1020.7,1020.6,0.4,0.0,0.4,0.0,3.0,0.0,3.1666666666666665,0.4082482904638636,0.2999999999999545,0.1999999999999318,-0.6427876096865393,-0.766044443118978,-0.7071067811865471,-0.7071067811865479,0.4,3.0
2026-07-07 16:20:00,210.0,3.0,0.4,1020.7,27.8,,0.4,0.4,0.4,3.0,3.0,3.0,1020.7,1020.9,1020.9,0.4,0.0,0.4,0.0,3.0,0.0,3.0,0.0,-0.1999999999999318,-0.1999999999999318,-0.5000000000000001,-0.8660254037844386,-0.8660254037844385,-0.5000000000000004,0.4,2.0
2026-07-07 17:20:00,240.0,1.0,0.4,1020.4,28.2,,0.4,0.4,0.4,1.0,2.0,3.0,1020.4,1020.4,1020.7,0.4,0.0,0.4,0.0,1.0,0.0,1.5,0.5477225575051671,-0.3000000000000682,0.0,-0.8660254037844385,-0.5000000000000004,-0.9659258262890683,-0.25881904510252063,0.4,1.0
2026-07-07 18:20:00,200.0,1.0,0.4,1019.8,28.3,,0.4,0.4,0.4,1.0,1.0,1.0,1019.9,1020.0,1020.4,0.4,0.0,0.4,0.0,1.0,0.0,1.0,0.0,-0.6000000000000227,-0.20000000000004547,-0.34202014332566866,-0.9396926207859084,-1.0,-1.8369701987210297e-16,0.4,2.0
2026-07-07 19:20:00,160.0,2.0,0.4,1019.4,28.7,,0.4,0.4,0.4,2.0,2.0,1.0,1019.5,1019.5,1019.8,0.4,0.0,0.4,0.0,1.6666666666666667,0.5773502691896258,1.8333333333333333,0.40824829046386285,-0.39999999999997726,-0.10000000000002274,0.3420201433256689,-0.9396926207859083,-0.9659258262890684,0.2588190451025203,0.4,3.0
2026-07-07 20:20:00,150.0,4.0,0.4,1018.7,29.2,,0.4,0.4,0.4,4.0,3.0,2.0,1018.7,1019.1,1019.4,0.4,0.0,0.4,0.0,3.6666666666666665,0.5773502691896257,3.1666666666666665,0.7527726527090809,-0.6999999999999318,-0.39999999999997726,0.49999999999999994,-0.8660254037844387,-0.8660254037844386,0.5000000000000001,0.4,4.0
2026-07-07 22:20:00,150.0,6.0,0.4,1017.9,29.8,,0.4,0.4,0.4,6.0,5.0,5.0,1018.1,1018.2,1018.5,0.4,0.0,0.4,0.0,6.0,0.0,5.5,0.5477225575051671,-0.6000000000000227,-0.3000000000000682,0.49999999999999994,-0.8660254037844387,-0.5000000000000004,0.8660254037844384,0.4,6.0
2026-07-08 00:50:00,170.0,6.0,0.4,1018.9,30.0,,0.4,0.4,0.4,6.0,6.0,6.0,1019.0,1018.9,1018.1,0.4,0.0,0.4,0.0,6.0,0.0,6.0,0.0,0.7999999999999545,0.0,0.17364817766693028,-0.984807753012208,0.0,1.0,0.4,6.0
2026-07-08 01:20:00,170.0,6.0,0.4,1019.0,29.9,,0.4,0.4,0.4,6.0,6.0,6.0,1019.1,1018.9,1018.9,0.4,0.0,0.4,0.0,6.0,0.0,6.0,0.0,0.10000000000002274,0.10000000000002274,0.17364817766693028,-0.984807753012208,0.25881904510252074,0.9659258262890683,0.5,7.0
2026-07-08 02:20:00,180.0,7.0,0.5,1019.2,29.6,,0.5,0.5,0.4,7.0,7.0,6.0,1019.0,1019.0,1019.0,0.5,0.0,0.5,0.0,7.0,0.0,6.666666666666667,0.5163977794943221,0.20000000000004547,0.20000000000004547,1.2246467991473532e-16,-1.0,0.49999999999999994,0.8660254037844387,0.6,7.0
2026-07-08 03:20:00,190.0,6.0,0.7,1019.8,29.5,,0.7,0.6,0.5,6.0,7.0,7.0,1019.9,1019.6,1019.2,0.7,0.0,0.6666666666666666,0.05773502691896256,6.333333333333333,0.5773502691896258,6.666666666666667,0.5163977794943221,0.599999999999909,0.1999999999999318,-0.17364817766693047,-0.984807753012208,0.7071067811865476,0.7071067811865476,0.6,6.0
2026-07-08 03:50:00,190.0,6.0,0.6,1019.8,29.5,,0.6,0.7,0.6,6.0,6.0,7.0,1020.0,1019.8,1019.6,0.6,0.0,0.6499999999999999,0.057735026918962554,6.0,0.0,6.166666666666667,0.4082482904638632,0.1999999999999318,0.0,-0.17364817766693047,-0.984807753012208,0.7071067811865476,0.7071067811865476,0.6,6.0
2026-07-08 04:20:00,200.0,6.0,0.6,1019.8,29.4,,0.6,0.6,0.7,6.0,6.0,6.0,1019.9,1019.8,1019.8,0.6,0.0,0.6,0.0,6.0,0.0,6.0,0.0,0.0,0.0,-0.34202014332566866,-0.9396926207859084,0.8660254037844386,0.5000000000000001,0.7,7.0
2026-07-08 05:20:00,200.0,7.0,0.7,1019.1,29.2,,0.7,0.7,0.6,7.0,7.0,6.0,1019.2,1019.2,1019.8,0.7,0.0,0.7,0.0,6.666666666666667,0.5773502691896258,6.833333333333333,0.4082482904638632,-0.6999999999999318,-0.10000000000002274,-0.34202014332566866,-0.9396926207859084,0.9659258262890683,0.25881904510252074,0.7,7.0
2026-07-08 05:50:00,190.0,7.0,0.7,1018.8,29.0,,0.7,0.7,0.7,7.0,7.0,7.0,1018.8,1019.1,1019.2,0.7,0.0,0.7,0.0,7.0,0.0,6.833333333333333,0.4082482904638632,-0.40000000000009095,-0.3000000000000682,-0.17364817766693047,-0.984807753012208,0.9659258262890683,0.25881904510252074,0.7,7.0
2026-07-08 06:20:00,200.0,7.0,0.7,1018.9,29.0,,0.7,0.7,0.7,7.0,7.0,7.0,1018.9,1018.8,1019.1,0.7,0.0,0.7,0.0,7.0,0.0,7.0,0.0,-0.20000000000004547,0.10000000000002274,-0.34202014332566866,-0.9396926207859084,1.0,6.123233995736766e-17,0.7,7.0
2026-07-08 08:20:00,220.0,5.0,0.6,1019.1,28.5,,0.6,0.6,0.6,5.0,6.0,6.0,1019.1,1018.8,1018.9,0.6,0.0,0.6,0.0,5.333333333333333,0.5773502691896258,5.666666666666667,0.5163977794943221,0.20000000000004547,0.3000000000000682,-0.6427876096865393,-0.766044443118978,0.8660254037844387,-0.4999999999999998,0.6,5.0
2026-07-08 09:50:00,220.0,5.0,0.5,1019.5,28.4,,0.5,0.5,0.6,5.0,5.0,5.0,1019.4,1019.3,1019.1,0.5,0.0,0.5,0.0,5.0,0.0,5.0,0.0,0.39999999999997726,0.20000000000004547,-0.6427876096865393,-0.766044443118978,0.7071067811865476,-0.7071067811865475,0.5,4.0
2026-07-08 10:20:00,230.0,4.0,0.5,1019.7,28.3,,0.5,0.5,0.5,4.0,5.0,5.0,1019.7,1019.5,1019.3,0.5,0.0,0.5,0.0,4.333333333333333,0.5773502691896258,4.666666666666667,0.5163977794943221,0.40000000000009095,0.20000000000004547,-0.7660444431189779,-0.6427876096865395,0.49999999999999994,-0.8660254037844387,0.5,4.0
2026-07-08 11:20:00,230.0,4.0,0.5,1020.2,28.2,,0.5,0.5,0.5,4.0,4.0,4.0,1020.1,1019.8,1019.7,0.5,0.0,0.5,0.0,4.0,0.0,4.0,0.0,0.5,0.40000000000009095,-0.7660444431189779,-0.6427876096865395,0.258819045102521,-0.9659258262890682,0.5,3.0
2026-07-08 11:50:00,220.0,3.0,0.5,1020.5,28.4,,0.5,0.5,0.5,3.0,4.0,4.0,1020.4,1020.2,1019.8,0.5,0.0,0.5,0.0,3.0,0.0,3.5,0.5477225575051664,0.7000000000000455,0.2999999999999545,-0.6427876096865393,-0.766044443118978,0.258819045102521,-0.9659258262890682,0.5,3.0
2026-07-08 12:20:00,220.0,3.0,0.5,1020.8,28.4,,0.5,0.5,0.5,3.0,3.0,4.0,1020.8,1020.5,1020.2,0.5,0.0,0.5,0.0,3.0,0.0,3.0,0.0,0.599999999999909,0.2999999999999545,-0.6427876096865393,-0.766044443118978,1.2246467991473532e-16,-1.0,0.5,4.0
2026-07-08 13:20:00,230.0,4.0,0.5,1021.3,28.4,,0.5,0.5,0.5,4.0,4.0,3.0,1021.1,1021.1,1020.8,0.5,0.0,0.5,0.0,4.0,0.0,3.8333333333333335,0.4082482904638636,0.5,0.1999999999999318,-0.7660444431189779,-0.6427876096865395,-0.2588190451025208,-0.9659258262890683,0.6,4.0
2026-07-08 13:50:00,220.0,4.0,0.6,1021.2,28.5,,0.6,0.5,0.5,4.0,4.0,4.0,1021.2,1021.3,1021.1,0.6,0.0,0.5499999999999999,0.05773502691896254,4.0,0.0,4.0,0.0,0.10000000000002274,-0.09999999999990905,-0.6427876096865393,-0.766044443118978,-0.2588190451025208,-0.9659258262890683,0.5,4.0
2026-07-08 14:20:00,220.0,4.0,0.5,1021.1,28.5,,0.5,0.6,0.5,4.0,4.0,4.0,1021.3,1021.2,1021.3,0.5,0.0,0.5499999999999999,0.05773502691896254,4.0,0.0,4.0,0.0,-0.1999999999999318,-0.10000000000002274,-0.6427876096865393,-0.766044443118978,-0.4999999999999997,-0.8660254037844388,0.5,3.0
2026-07-08 15:20:00,220.0,3.0,0.5,1021.4,28.6,,0.5,0.5,0.5,3.0,3.0,4.0,1021.4,1021.3,1021.1,0.5,0.0,0.5,0.0,3.0,0.0,3.1666666666666665,0.4082482904638636,0.2999999999999545,0.10000000000002274,-0.6427876096865393,-0.766044443118978,-0.7071067811865471,-0.7071067811865479,0.5,3.0
2026-07-08 15:50:00,210.0,3.0,0.5,1021.1,28.7,,0.5,0.5,0.5,3.0,3.0,3.0,1021.2,1021.4,1021.3,0.5,0.0,0.5,0.0,3.0,0.0,3.0,0.0,-0.1999999999999318,-0.2999999999999545,-0.5000000000000001,-0.8660254037844386,-0.7071067811865471,-0.7071067811865479,0.5,4.0
2026-07-08 16:20:00,200.0,4.0,0.5,1020.9,28.9,,0.5,0.5,0.5,4.0,3.0,3.0,1020.9,1021.1,1021.4,0.5,0.0,0.5,0.0,3.6666666666666665,0.5773502691896257,3.3333333333333335,0.5163977794943223,-0.5,-0.20000000000004547,-0.34202014332566866,-0.9396926207859084,-0.8660254037844385,-0.5000000000000004,0.5,3.0
2026-07-08 16:50:00,200.0,3.0,0.5,1020.8,28.9,,0.5,0.5,0.5,4.0,4.0,3.0,1020.9,1020.9,1021.1,0.5,0.0,0.5,0.0,3.6666666666666665,0.5773502691896257,3.6666666666666665,0.5163977794943226,-0.3000000000000682,-0.10000000000002274,-0.34202014332566866,-0.9396926207859084,-0.8660254037844385,-0.5000000000000004,0.5,3.0
2026-07-08 17:20:00,190.0,3.0,0.5,1020.9,29.0,,0.5,0.5,0.5,3.0,3.0,4.0,1020.9,1020.8,1020.9,0.5,0.0,0.5,0.0,3.0,0.0,3.3333333333333335,0.5163977794943223,0.0,0.10000000000002274,-0.17364817766693047,-0.984807753012208,-0.9659258262890683,-0.25881904510252063,0.5,3.0
2026-07-08 18:20:00,170.0,2.0,0.5,1020.6,29.4,,0.5,0.5,0.5,2.0,3.0,3.0,1020.7,1020.8,1020.9,0.5,0.0,0.5,0.0,2.3333333333333335,0.5773502691896257,2.6666666666666665,0.5163977794943223,-0.2999999999999545,-0.1999999999999318,0.17364817766693028,-0.984807753012208,-1.0,-1.8369701987210297e-16,0.5,3.0
2026-07-08 20:20:00,140.0,4.0,0.5,1019.5,30.0,,0.5,0.5,0.5,4.0,4.0,4.0,1019.5,1019.8,1019.9,0.5,0.0,0.5,0.0,4.0,0.0,4.0,0.0,-0.39999999999997726,-0.2999999999999545,0.6427876096865395,-0.7660444431189779,-0.8660254037844386,0.5000000000000001,0.5,5.0
2026-07-08 21:20:00,140.0,5.0,0.6,1018.7,30.2,,0.6,0.5,0.5,5.0,5.0,4.0,1019.0,1019.2,1019.5,0.6,0.0,0.5666666666666667,0.05773502691896255,5.0,0.0,4.833333333333333,0.4082482904638632,-0.7999999999999545,-0.5,0.6427876096865395,-0.7660444431189779,-0.7071067811865477,0.7071067811865474,0.6,6.0
2026-07-08 23:20:00,150.0,7.0,0.6,1018.7,30.6,,0.6,0.6,0.6,7.0,7.0,6.0,1018.6,1018.6,1018.5,0.6,0.0,0.6,0.0,7.0,0.0,6.833333333333333,0.4082482904638632,0.20000000000004547,0.10000000000002274,0.49999999999999994,-0.8660254037844387,-0.25881904510252157,0.9659258262890681,0.6,7.0
2026-07-09 00:20:00,150.0,8.0,0.6,1018.7,30.4,,0.6,0.6,0.6,8.0,7.0,7.0,1018.7,1018.7,1018.7,0.6,0.0,0.6,0.0,7.666666666666667,0.5773502691896258,7.333333333333333,0.5163977794943221,0.0,0.0,0.49999999999999994,-0.8660254037844387,0.0,1.0,0.7,7.0
2026-07-09 01:20:00,160.0,8.0,0.7,1018.8,30.2,,0.7,0.7,0.6,8.0,7.0,8.0,1018.8,1018.7,1018.7,0.7,0.0,0.7,0.0,7.666666666666667,0.5773502691896258,7.333333333333333,0.5163977794943221,0.09999999999990905,0.09999999999990905,0.3420201433256689,-0.9396926207859083,0.25881904510252074,0.9659258262890683,0.7,7.0
2026-07-09 02:20:00,170.0,8.0,0.8,1019.0,29.6,,0.8,0.7,0.7,8.0,7.0,8.0,1019.0,1019.0,1018.8,0.8,0.0,0.7666666666666667,0.057735026918962644,8.0,0.0,7.666666666666667,0.5163977794943221,0.20000000000004547,0.0,0.17364817766693028,-0.984807753012208,0.49999999999999994,0.8660254037844387,0.7,7.0
2026-07-09 03:20:00,170.0,7.0,0.7,1019.5,29.6,,0.7,0.7,0.8,7.0,7.0,8.0,1019.5,1019.3,1019.0,0.7,0.0,0.7,0.0,7.333333333333333,0.5773502691896258,7.5,0.5477225575051659,0.5,0.20000000000004547,0.17364817766693028,-0.984807753012208,0.7071067811865476,0.7071067811865476,0.8,7.0
2026-07-09 04:20:00,180.0,8.0,0.8,1019.5,29.5,,0.8,0.8,0.7,7.0,7.0,7.0,1019.6,1019.6,1019.5,0.8,0.0,0.8,0.0,7.666666666666667,0.5773502691896258,7.333333333333333,0.5163977794943221,0.0,-0.10000000000002274,1.2246467991473532e-16,-1.0,0.8660254037844386,0.5000000000000001,0.7,7.0
2026-07-09 05:50:00,200.0,6.0,0.8,1019.0,29.3,,0.8,0.7,0.7,7.0,8.0,7.0,1019.0,1019.0,1019.2,0.8,0.0,0.7666666666666666,0.057735026918962644,6.666666666666667,0.5773502691896258,7.166666666666667,0.752772652709081,-0.20000000000004547,0.0,-0.34202014332566866,-0.9396926207859084,0.9659258262890683,0.25881904510252074,0.8,6.0
2026-07-09 06:20:00,190.0,6.0,0.8,1018.8,29.1,,0.8,0.8,0.7,6.0,6.0,8.0,1019.0,1019.0,1019.0,0.8,0.0,0.8,0.0,6.0,0.0,6.333333333333333,0.5163977794943218,-0.20000000000004547,-0.20000000000004547,-0.17364817766693047,-0.984807753012208,1.0,6.123233995736766e-17,0.8,6.0
2026-07-09 06:50:00,200.0,6.0,0.8,1018.8,29.0,,0.8,0.8,0.8,6.0,6.0,6.0,1018.8,1018.8,1019.0,0.8,0.0,0.8,0.0,6.0,0.0,6.0,0.0,-0.20000000000004547,0.0,-0.34202014332566866,-0.9396926207859084,1.0,6.123233995736766e-17,0.8,6.0
2026-07-09 07:20:00,200.0,6.0,0.8,1018.7,29.0,,0.8,0.8,0.8,6.0,6.0,6.0,1018.7,1018.8,1018.8,0.8,0.0,0.8,0.0,6.0,0.0,6.0,0.0,-0.09999999999990905,-0.09999999999990905,-0.34202014332566866,-0.9396926207859084,0.9659258262890683,-0.25881904510252063,0.8,7.0
2026-07-09 09:20:00,210.0,6.0,0.9,1019.0,28.4,,0.9,0.8,0.9,6.0,7.0,6.0,1019.0,1019.0,1019.0,0.9,0.0,0.8666666666666667,0.05773502691896258,6.0,0.0,6.333333333333333,0.5163977794943221,0.0,0.0,-0.5000000000000001,-0.8660254037844386,0.7071067811865476,-0.7071067811865475,0.9,5.0
2026-07-09 09:50:00,220.0,5.0,0.9,1019.1,28.3,,0.9,0.9,0.8,6.0,6.0,7.0,1019.0,1019.0,1019.0,0.9,0.0,0.9,0.0,5.666666666666667,0.5773502691896258,5.833333333333333,0.40824829046386296,0.10000000000002274,0.10000000000002274,-0.6427876096865393,-0.766044443118978,0.7071067811865476,-0.7071067811865475,0.8,5.0
2026-07-09 10:20:00,230.0,5.0,0.8,1019.3,28.2,,0.8,0.9,0.9,5.0,5.0,6.0,1019.3,1019.1,1019.0,0.8,0.0,0.8500000000000001,0.05773502691896256,5.0,0.0,5.333333333333333,0.5163977794943221,0.2999999999999545,0.1999999999999318,-0.7660444431189779,-0.6427876096865395,0.49999999999999994,-0.8660254037844387,0.8,5.0
2026-07-09 10:50:00,230.0,5.0,0.8,1019.6,28.1,,0.8,0.8,0.9,5.0,5.0,5.0,1019.7,1019.3,1019.1,0.8,0.0,0.8,0.0,5.0,0.0,5.0,0.0,0.5,0.3000000000000682,-0.7660444431189779,-0.6427876096865395,0.49999999999999994,-0.8660254037844387,0.8,5.0
2026-07-09 11:20:00,220.0,5.0,0.8,1020.1,28.1,,0.8,0.8,0.8,5.0,5.0,5.0,1019.9,1019.6,1019.3,0.8,0.0,0.8,0.0,5.0,0.0,5.0,0.0,0.8000000000000682,0.5,-0.6427876096865393,-0.766044443118978,0.258819045102521,-0.9659258262890682,0.8,4.0
2026-07-09 12:20:00,220.0,3.0,0.8,1020.9,28.2,,0.8,0.8,0.8,3.0,4.0,5.0,1020.9,1020.5,1020.1,0.8,0.0,0.8,0.0,3.0,0.0,3.6666666666666665,0.8164965809277253,0.7999999999999545,0.39999999999997726,-0.6427876096865393,-0.766044443118978,1.2246467991473532e-16,-1.0,0.8,3.0
2026-07-09 13:20:00,220.0,3.0,0.7,1021.0,28.1,,0.7,0.8,0.8,3.0,3.0,3.0,1021.0,1020.9,1020.9,0.7,0.0,0.7333333333333334,0.057735026918962644,3.0,0.0,3.0,0.0,0.10000000000002274,0.10000000000002274,-0.6427876096865393,-0.766044443118978,-0.2588190451025208,-0.9659258262890683,0.7,3.0
2026-07-09 14:20:00,210.0,3.0,0.7,1021.0,28.2,,0.7,0.7,0.7,3.0,3.0,3.0,1021.1,1021.1,1021.0,0.7,0.0,0.7,0.0,3.0,0.0,3.0,0.0,0.0,-0.10000000000002274,-0.5000000000000001,-0.8660254037844386,-0.4999999999999997,-0.8660254037844388,0.7,3.0
2026-07-09 16:20:00,220.0,3.0,0.7,1020.8,28.4,,0.7,0.7,0.6,3.0,3.0,3.0,1020.9,1020.9,1021.1,0.7,0.0,0.7,0.0,3.0,0.0,3.0,0.0,-0.3000000000000682,-0.10000000000002274,-0.6427876096865393,-0.766044443118978,-0.8660254037844385,-0.5000000000000004,0.7,3.0
2026-07-09 17:20:00,190.0,3.0,0.6,1020.3,28.6,,0.6,0.7,0.7,3.0,3.0,3.0,1020.4,1020.7,1020.8,0.6,0.0,0.6333333333333333,0.05773502691896255,3.0,0.0,2.8333333333333335,0.408248290463863,-0.5,-0.40000000000009095,-0.17364817766693047,-0.984807753012208,-0.9659258262890683,-0.25881904510252063,0.6,2.0
2026-07-09 18:20:00,170.0,1.0,0.6,1019.8,29.0,,0.6,0.6,0.6,2.0,2.0,3.0,1019.8,1019.9,1020.3,0.6,0.0,0.6,0.0,1.6666666666666667,0.5773502691896258,2.0,0.6324555320336762,-0.5,-0.10000000000002274,0.17364817766693028,-0.984807753012208,-1.0,-1.8369701987210297e-16,0.6,1.0
2026-07-09 19:20:00,140.0,2.0,0.6,1019.2,29.3,,0.6,0.6,0.6,2.0,1.0,1.0,1019.4,1019.8,1019.8,0.6,0.0,0.6,0.0,2.0,0.0,1.5,0.5477225575051665,-0.599999999999909,-0.599999999999909,0.6427876096865395,-0.7660444431189779,-0.9659258262890684,0.2588190451025203,0.6,3.0
2026-07-09 20:20:00,150.0,4.0,0.6,1019.5,29.7,,0.6,0.6,0.6,4.0,3.0,2.0,1019.3,1019.2,1019.2,0.6,0.0,0.6,0.0,4.0,0.0,3.5,0.5477225575051666,0.2999999999999545,0.2999999999999545,0.49999999999999994,-0.8660254037844387,-0.8660254037844386,0.5000000000000001,0.5,5.0
2026-07-09 21:20:00,150.0,5.0,0.6,1019.2,29.8,,0.6,0.5,0.6,5.0,5.0,4.0,1019.2,1019.2,1019.5,0.6,0.0,0.5666666666666667,0.05773502691896256,5.0,0.0,4.666666666666667,0.5163977794943221,-0.2999999999999545,0.0,0.49999999999999994,-0.8660254037844387,-0.7071067811865477,0.7071067811865474,0.6,5.0
2026-07-09 22:20:00,150.0,5.0,0.6,1019.0,29.7,,0.6,0.6,0.6,6.0,5.0,5.0,1019.0,1019.1,1019.2,0.6,0.0,0.6,0.0,5.333333333333333,0.5773502691896258,5.166666666666667,0.40824829046386296,-0.20000000000004547,-0.10000000000002274,0.49999999999999994,-0.8660254037844387,-0.5000000000000004,0.8660254037844384,0.6,5.0
2026-07-10 02:20:00,160.0,7.0,0.6,1020.2,29.5,,0.6,0.6,0.6,7.0,7.0,7.0,1020.2,1020.0,1019.5,0.6,0.0,0.6,0.0,7.0,0.0,7.0,0.0,0.7000000000000455,0.20000000000004547,0.3420201433256689,-0.9396926207859083,0.49999999999999994,0.8660254037844387,0.7,6.0
2026-07-10 03:20:00,170.0,6.0,0.7,1020.1,29.3,,0.7,0.7,0.6,7.0,6.0,7.0,1020.1,1020.4,1020.2,0.7,0.0,0.7,0.0,6.333333333333333,0.5773502691896258,6.333333333333333,0.5163977794943221,-0.10000000000002274,-0.2999999999999545,0.17364817766693028,-0.984807753012208,0.7071067811865476,0.7071067811865476,0.8,7.0
2026-07-10 03:50:00,170.0,7.0,0.8,1020.1,29.1,,0.8,0.7,0.7,7.0,6.0,6.0,1020.1,1020.1,1020.4,0.8,0.0,0.75,0.05773502691896264,7.0,0.0,6.666666666666667,0.5163977794943221,-0.2999999999999545,0.0,0.17364817766693028,-0.984807753012208,0.7071067811865476,0.7071067811865476,0.7,7.0
2026-07-10 04:20:00,180.0,7.0,0.7,1020.1,29.1,,0.7,0.8,0.7,7.0,7.0,6.0,1020.1,1020.1,1020.1,0.7,0.0,0.75,0.05773502691896264,6.666666666666667,0.5773502691896258,6.833333333333333,0.4082482904638632,0.0,0.0,1.2246467991473532e-16,-1.0,0.8660254037844386,0.5000000000000001,0.8,7.0
2026-07-10 05:20:00,180.0,7.0,0.8,1019.6,28.7,,0.8,0.8,0.7,7.0,7.0,7.0,1019.7,1020.0,1020.1,0.8,0.0,0.8,0.0,7.0,0.0,6.833333333333333,0.4082482904638632,-0.5,-0.39999999999997726,1.2246467991473532e-16,-1.0,0.9659258262890683,0.25881904510252074,0.7,6.0
2026-07-10 06:20:00,190.0,6.0,0.8,1019.0,28.4,,0.8,0.7,0.8,6.0,6.0,7.0,1019.2,1019.4,1019.6,0.8,0.0,0.7666666666666666,0.057735026918962644,6.0,0.0,6.166666666666667,0.4082482904638632,-0.6000000000000227,-0.39999999999997726,-0.17364817766693047,-0.984807753012208,1.0,6.123233995736766e-17,0.7,5.0
2026-07-10 06:50:00,190.0,5.0,0.7,1019.0,28.4,,0.7,0.8,0.7,6.0,6.0,6.0,1019.0,1019.0,1019.4,0.7,0.0,0.75,0.057735026918962644,5.666666666666667,0.5773502691896258,5.833333333333333,0.40824829046386296,-0.39999999999997726,0.0,-0.17364817766693047,-0.984807753012208,1.0,6.123233995736766e-17,0.8,5.0
2026-07-10 07:20:00,190.0,5.0,0.8,1018.8,28.3,,0.8,0.7,0.8,5.0,5.0,6.0,1018.7,1019.0,1019.0,0.8,0.0,0.75,0.057735026918962644,5.0,0.0,5.333333333333333,0.5163977794943221,-0.20000000000004547,-0.20000000000004547,-0.17364817766693047,-0.984807753012208,0.9659258262890683,-0.25881904510252063,0.7,6.0
2026-07-10 08:20:00,190.0,5.0,0.7,1018.7,28.3,,0.7,0.7,0.8,6.0,6.0,5.0,1018.7,1018.6,1018.8,0.7,0.0,0.7,0.0,5.666666666666667,0.5773502691896258,5.666666666666667,0.5163977794943221,-0.09999999999990905,0.10000000000002274,-0.17364817766693047,-0.984807753012208,0.8660254037844387,-0.4999999999999998,0.7,5.0
2026-07-10 09:20:00,190.0,5.0,0.7,1018.5,28.1,,0.7,0.7,0.7,5.0,5.0,5.0,1018.5,1018.7,1018.7,0.7,0.0,0.7,0.0,5.333333333333333,0.5773502691896258,5.166666666666667,0.4082482904638632,-0.20000000000004547,-0.20000000000004547,-0.17364817766693047,-0.984807753012208,0.7071067811865476,-0.7071067811865475,0.7,5.0
2026-07-10 10:20:00,210.0,4.0,0.7,1018.7,28.0,,0.7,0.7,0.7,5.0,5.0,5.0,1018.8,1018.7,1018.5,0.7,0.0,0.7,0.0,4.666666666666667,0.5773502691896258,4.833333333333333,0.40824829046386296,0.20000000000004547,0.0,-0.5000000000000001,-0.8660254037844386,0.49999999999999994,-0.8660254037844387,0.7,4.0
2026-07-10 11:20:00,220.0,4.0,0.7,1019.4,27.8,,0.7,0.7,0.7,4.0,4.0,4.0,1019.2,1019.1,1018.7,0.7,0.0,0.7,0.0,4.0,0.0,4.0,0.0,0.6999999999999318,0.2999999999999545,-0.6427876096865393,-0.766044443118978,0.258819045102521,-0.9659258262890682,0.7,3.0
2026-07-10 12:20:00,240.0,2.0,0.7,1020.1,27.7,,0.7,0.7,0.7,3.0,3.0,4.0,1020.0,1019.8,1019.4,0.7,0.0,0.7,0.0,2.6666666666666665,0.5773502691896257,3.0,0.6324555320336762,0.7000000000000455,0.3000000000000682,-0.8660254037844385,-0.5000000000000004,1.2246467991473532e-16,-1.0,0.6,2.0
2026-07-10 13:20:00,230.0,3.0,0.6,1020.7,27.5,,0.6,0.6,0.7,3.0,2.0,2.0,1020.6,1020.4,1020.1,0.6,0.0,0.6,0.0,2.6666666666666665,0.5773502691896257,2.5,0.5477225575051664,0.6000000000000227,0.3000000000000682,-0.7660444431189779,-0.6427876096865395,-0.2588190451025208,-0.9659258262890683,0.6,2.0
2026-07-10 14:20:00,230.0,2.0,0.6,1021.2,27.7,,0.6,0.6,0.6,2.0,2.0,3.0,1021.1,1021.0,1020.7,0.6,0.0,0.6,0.0,2.0,0.0,2.0,0.0,0.5,0.20000000000004547,-0.7660444431189779,-0.6427876096865395,-0.4999999999999997,-0.8660254037844388,0.6,2.0
2026-07-10 14:50:00,250.0,2.0,0.6,1021.4,27.8,,0.6,0.6,0.6,2.0,2.0,2.0,1021.4,1021.2,1021.0,0.6,0.0,0.6,0.0,2.0,0.0,2.0,0.0,0.39999999999997726,0.1999999999999318,-0.9396926207859084,-0.34202014332566855,-0.4999999999999997,-0.8660254037844388,0.6,2.0
2026-07-10 15:20:00,280.0,2.0,0.6,1021.6,27.5,,0.6,0.6,0.6,2.0,2.0,2.0,1021.6,1021.4,1021.2,0.6,0.0,0.6,0.0,2.0,0.0,2.0,0.0,0.39999999999997726,0.20000000000004547,-0.9848077530122081,0.17364817766692997,-0.7071067811865471,-0.7071067811865479,0.5,2.0
2026-07-10 17:20:00,200.0,2.0,0.5,1021.0,28.7,,0.5,0.5,0.6,1.0,2.0,1.0,1021.1,1020.9,1021.3,0.5,0.0,0.5,0.0,1.6666666666666667,0.5773502691896258,1.5,0.5477225575051661,-0.2999999999999545,0.10000000000002274,-0.34202014332566866,-0.9396926207859084,-0.9659258262890683,-0.25881904510252063,0.5,2.0
2026-07-10 18:20:00,160.0,3.0,0.6,1020.6,29.2,,0.6,0.5,0.5,2.0,2.0,2.0,1020.6,1020.7,1021.0,0.6,0.0,0.5666666666666668,0.05773502691896255,2.3333333333333335,0.5773502691896257,2.1666666666666665,0.408248290463863,-0.39999999999997726,-0.10000000000002274,0.3420201433256689,-0.9396926207859083,-1.0,-1.8369701987210297e-16,0.5,2.0
2026-07-10 19:20:00,130.0,2.0,0.6,1019.6,29.3,,0.6,0.5,0.6,2.0,2.0,3.0,1019.8,1020.2,1020.6,0.6,0.0,0.5666666666666668,0.05773502691896256,2.0,0.0,2.1666666666666665,0.408248290463863,-1.0,-0.6000000000000227,0.766044443118978,-0.6427876096865394,-0.9659258262890684,0.2588190451025203,0.5,3.0
2026-07-10 20:20:00,130.0,3.0,0.5,1019.3,29.7,,0.5,0.5,0.6,3.0,3.0,2.0,1019.4,1019.3,1019.6,0.5,0.0,0.5,0.0,3.0,0.0,2.8333333333333335,0.4082482904638636,-0.3000000000000682,0.0,0.766044443118978,-0.6427876096865394,-0.8660254037844386,0.5000000000000001,0.5,4.0
2026-07-10 21:20:00,130.0,5.0,0.6,1019.2,29.9,,0.6,0.5,0.5,5.0,4.0,3.0,1019.2,1019.3,1019.3,0.6,0.0,0.5666666666666668,0.05773502691896255,4.666666666666667,0.5773502691896258,4.0,0.8944271909999164,-0.09999999999990905,-0.09999999999990905,0.766044443118978,-0.6427876096865394,-0.7071067811865477,0.7071067811865474,0.6,6.0
2026-07-11 01:20:00,210.0,5.0,0.6,1020.0,28.9,,0.6,0.6,0.6,5.0,4.0,5.0,1020.0,1019.8,1019.8,0.6,0.0,0.6,0.0,5.0,0.0,4.5,0.5477225575051659,0.20000000000004547,0.20000000000004547,-0.5000000000000001,-0.8660254037844386,0.25881904510252074,0.9659258262890683,0.6,3.0
2026-07-11 01:50:00,190.0,3.0,0.6,1019.9,28.9,,0.6,0.6,0.6,4.0,5.0,4.0,1019.7,1020.0,1019.8,0.6,0.0,0.6,0.0,3.6666666666666665,0.5773502691896257,4.333333333333333,0.8164965809277258,0.10000000000002274,-0.10000000000002274,-0.17364817766693047,-0.984807753012208,0.25881904510252074,0.9659258262890683,0.7,3.0
2026-07-11 02:20:00,190.0,3.0,0.7,1020.1,28.9,,0.7,0.6,0.6,3.0,3.0,5.0,1020.1,1019.9,1020.0,0.7,0.0,0.6499999999999999,0.05773502691896256,3.0,0.0,3.3333333333333335,0.5163977794943206,0.10000000000002274,0.20000000000004547,-0.17364817766693047,-0.984807753012208,0.49999999999999994,0.8660254037844387,0.7,4.0
2026-07-11 04:20:00,260.0,4.0,0.7,1020.4,28.2,,0.7,0.7,0.7,5.0,3.0,4.0,1020.4,1020.2,1020.2,0.7,0.0,0.7,0.0,4.333333333333333,0.5773502691896256,3.6666666666666665,0.816496580927726,0.1999999999999318,0.1999999999999318,-0.984807753012208,-0.17364817766693033,0.8660254037844386,0.5000000000000001,0.7,2.0
2026-07-11 05:20:00,240.0,3.0,0.7,1020.6,27.9,,0.7,0.7,0.7,3.0,2.0,4.0,1020.6,1020.4,1020.4,0.7,0.0,0.7,0.0,3.0,0.0,2.8333333333333335,0.40824829046386235,0.20000000000004547,0.20000000000004547,-0.8660254037844385,-0.5000000000000004,0.9659258262890683,0.25881904510252074,0.7,2.0
2026-07-11 07:20:00,230.0,4.0,0.6,1020.3,27.8,,0.6,0.6,0.6,4.0,3.0,2.0,1020.3,1020.3,1020.4,0.6,0.0,0.6,0.0,3.6666666666666665,0.5773502691896257,3.0,0.8944271909999159,-0.10000000000002274,0.0,-0.7660444431189779,-0.6427876096865395,0.9659258262890683,-0.25881904510252063,0.6,5.0
2026-07-11 08:20:00,210.0,11.0,0.7,1020.0,27.4,,0.7,0.6,0.6,8.0,5.0,4.0,1020.0,1020.0,1020.3,0.7,0.0,0.6666666666666666,0.05773502691896258,8.0,3.0,6.333333333333333,2.658320271650252,-0.2999999999999545,0.0,-0.5000000000000001,-0.8660254037844386,0.8660254037844387,-0.4999999999999998,0.8,11.0
2026-07-11 09:20:00,210.0,10.0,0.9,1019.9,26.8,,0.9,0.8,0.7,10.0,11.0,11.0,1019.9,1020.0,1020.0,0.9,0.0,0.8666666666666667,0.05773502691896251,10.333333333333334,0.5773502691896255,10.333333333333334,0.5163977794943271,-0.10000000000002274,-0.10000000000002274,-0.5000000000000001,-0.8660254037844386,0.7071067811865476,-0.7071067811865475,1.0,9.0
2026-07-11 10:20:00,240.0,7.0,1.1,1019.8,26.6,,1.1,1.0,0.9,8.0,9.0,10.0,1019.8,1019.6,1019.9,1.1,0.0,1.0666666666666667,0.05773502691896271,7.666666666666667,0.5773502691896258,8.5,1.048808848170158,-0.10000000000002274,0.1999999999999318,-0.8660254037844385,-0.5000000000000004,0.49999999999999994,-0.8660254037844387,1.1,6.0
2026-07-11 11:20:00,230.0,6.0,1.1,1020.1,26.4,,1.1,1.1,1.1,6.0,6.0,7.0,1020.1,1019.7,1019.8,1.1,0.0,1.1,0.0,6.0,0.0,6.333333333333333,0.5163977794943464,0.3000000000000682,0.39999999999997726,-0.7660444431189779,-0.6427876096865395,0.258819045102521,-0.9659258262890682,1.1,4.0
2026-07-11 12:50:00,320.0,4.0,0.9,1020.6,26.7,,0.9,1.0,1.1,3.0,4.0,4.0,1020.5,1020.4,1020.3,0.9,0.0,0.9333333333333335,0.05773502691896248,3.6666666666666665,0.5773502691896257,3.6666666666666665,0.5163977794943614,0.3000000000000682,0.20000000000004547,-0.6427876096865396,0.7660444431189778,1.2246467991473532e-16,-1.0,0.8,4.0
2026-07-11 13:20:00,340.0,4.0,0.8,1020.8,26.7,,0.8,0.9,1.0,4.0,4.0,4.0,1020.8,1020.6,1020.4,0.8,0.0,0.8500000000000001,0.05773502691896252,4.0,0.0,3.8333333333333335,0.4082482904639117,0.39999999999997726,0.1999999999999318,-0.3420201433256686,0.9396926207859084,-0.2588190451025208,-0.9659258262890683,0.7,5.0
2026-07-11 14:20:00,340.0,3.0,0.6,1021.0,27.1,,0.6,0.7,0.8,4.0,5.0,4.0,1021.1,1020.8,1020.8,0.6,0.0,0.6333333333333334,0.05773502691896251,3.6666666666666665,0.5773502691896257,4.0,0.6324555320337067,0.20000000000004547,0.20000000000004547,-0.3420201433256686,0.9396926207859084,-0.4999999999999997,-0.8660254037844388,0.6,3.0
2026-07-11 15:20:00,360.0,2.0,0.5,1021.4,27.9,,0.5,0.6,0.6,2.0,3.0,3.0,1021.4,1021.1,1021.0,0.5,0.0,0.5333333333333333,0.05773502691896258,2.3333333333333335,0.5773502691896257,2.6666666666666665,0.5163977794943618,0.39999999999997726,0.2999999999999545,-2.4492935982947064e-16,1.0,-0.7071067811865471,-0.7071067811865479,0.6,3.0
2026-07-11 16:20:00,10.0,3.0,0.5,1021.4,28.4,,0.5,0.6,0.5,2.0,3.0,2.0,1021.3,1021.4,1021.4,0.5,0.0,0.5333333333333333,0.05773502691896256,2.3333333333333335,0.5773502691896257,2.3333333333333335,0.5163977794943625,0.0,0.0,0.17364817766693033,0.984807753012208,-0.8660254037844385,-0.5000000000000004,0.5,2.0
2026-07-11 17:50:00,150.0,2.0,0.5,1021.3,29.1,,0.5,0.5,0.5,2.0,1.0,2.0,1021.4,1021.3,1021.3,0.5,0.0,0.5,0.0,1.6666666666666667,0.5773502691896258,1.3333333333333333,0.5163977794943645,0.0,0.0,0.49999999999999994,-0.8660254037844387,-0.9659258262890683,-0.25881904510252063,0.5,3.0
2026-07-11 18:20:00,170.0,3.0,0.5,1021.0,29.4,,0.5,0.5,0.5,3.0,2.0,1.0,1021.2,1021.3,1021.3,0.5,0.0,0.5,0.0,3.0,0.0,2.3333333333333335,0.8164965809277515,-0.2999999999999545,-0.2999999999999545,0.17364817766693028,-0.984807753012208,-1.0,-1.8369701987210297e-16,0.5,4.0
2026-07-11 20:20:00,160.0,6.0,0.5,1019.6,29.2,,0.5,0.5,0.5,5.0,5.0,5.0,1019.6,1020.0,1020.4,0.5,0.0,0.5,0.0,5.333333333333333,0.5773502691896258,5.166666666666667,0.40824829046386296,-0.7999999999999545,-0.39999999999997726,0.3420201433256689,-0.9396926207859083,-0.8660254037844386,0.5000000000000001,0.5,6.0
2026-07-11 21:20:00,160.0,7.0,0.5,1019.1,29.5,,0.5,0.5,0.5,7.0,6.0,6.0,1019.2,1019.3,1019.6,0.5,0.0,0.5,0.0,7.0,0.0,6.5,0.5477225575051671,-0.5,-0.1999999999999318,0.3420201433256689,-0.9396926207859083,-0.7071067811865477,0.7071067811865474,0.5,7.0
2026-07-11 22:20:00,160.0,7.0,0.5,1018.7,29.7,,0.5,0.5,0.5,7.0,7.0,7.0,1018.7,1018.8,1019.1,0.5,0.0,0.5,0.0,7.0,0.0,7.0,0.0,-0.39999999999997726,-0.09999999999990905,0.3420201433256689,-0.9396926207859083,-0.5000000000000004,0.8660254037844384,0.5,6.0
2026-07-12 01:20:00,170.0,7.0,0.6,1019.8,29.6,,0.6,0.6,0.6,7.0,7.0,7.0,1019.8,1019.5,1019.4,0.6,0.0,0.6,0.0,7.0,0.0,7.0,0.0,0.39999999999997726,0.2999999999999545,0.17364817766693028,-0.984807753012208,0.25881904510252074,0.9659258262890683,0.6,7.0
2026-07-12 02:20:00,170.0,7.0,0.6,1020.2,29.4,,0.6,0.6,0.6,7.0,7.0,7.0,1020.1,1019.9,1019.8,0.6,0.0,0.6,0.0,7.0,0.0,6.833333333333333,0.40824829046386296,0.40000000000009095,0.3000000000000682,0.17364817766693028,-0.984807753012208,0.49999999999999994,0.8660254037844387,0.7,6.0
2026-07-12 03:20:00,190.0,6.0,0.6,1020.6,29.0,,0.6,0.7,0.6,6.0,6.0,7.0,1020.6,1020.6,1020.2,0.6,0.0,0.6333333333333334,0.05773502691896256,6.0,0.0,6.0,0.0,0.39999999999997726,0.0,-0.17364817766693047,-0.984807753012208,0.7071067811865476,0.7071067811865476,0.7,6.0
2026-07-12 04:20:00,200.0,6.0,0.6,1020.4,28.9,,0.6,0.7,0.6,7.0,6.0,6.0,1020.6,1020.7,1020.6,0.6,0.0,0.6333333333333334,0.05773502691896256,6.666666666666667,0.5773502691896258,6.333333333333333,0.5163977794943221,-0.20000000000004547,-0.3000000000000682,-0.34202014332566866,-0.9396926207859084,0.8660254037844386,0.5000000000000001,0.6,7.0
2026-07-12 06:20:00,220.0,7.0,0.6,1019.5,28.5,,0.6,0.6,0.6,7.0,7.0,7.0,1019.6,1019.7,1019.9,0.6,0.0,0.6,0.0,7.0,0.0,7.0,0.0,-0.39999999999997726,-0.20000000000004547,-0.6427876096865393,-0.766044443118978,1.0,6.123233995736766e-17,0.6,7.0
2026-07-12 07:20:00,240.0,7.0,0.6,1019.1,28.1,,0.6,0.6,0.6,6.0,7.0,7.0,1019.2,1019.3,1019.5,0.6,0.0,0.6,0.0,6.666666666666667,0.5773502691896258,6.833333333333333,0.40824829046386296,-0.39999999999997726,-0.1999999999999318,-0.8660254037844385,-0.5000000000000004,0.9659258262890683,-0.25881904510252063,0.7,6.0
2026-07-12 09:20:00,270.0,4.0,0.5,1018.9,28.2,,0.5,0.6,0.6,5.0,5.0,6.0,1018.8,1019.0,1019.0,0.5,0.0,0.5333333333333333,0.05773502691896258,4.666666666666667,0.5773502691896258,5.0,0.6324555320336763,-0.10000000000002274,-0.10000000000002274,-1.0,-1.8369701987210297e-16,0.7071067811865476,-0.7071067811865475,0.5,5.0
2026-07-12 10:20:00,280.0,5.0,0.5,1019.5,28.1,,0.5,0.5,0.5,4.0,5.0,4.0,1019.5,1019.1,1018.9,0.5,0.0,0.5,0.0,4.666666666666667,0.5773502691896258,4.5,0.5477225575051671,0.6000000000000227,0.39999999999997726,-0.9848077530122081,0.17364817766692997,0.49999999999999994,-0.8660254037844387,0.5,4.0
2026-07-12 11:20:00,300.0,4.0,0.5,1020.5,28.0,,0.5,0.5,0.5,4.0,4.0,5.0,1020.3,1020.0,1019.5,0.5,0.0,0.5,0.0,4.0,0.0,4.166666666666667,0.40824829046386496,1.0,0.5,-0.8660254037844386,0.5000000000000001,0.258819045102521,-0.9659258262890682,0.5,3.0
2026-07-12 12:20:00,270.0,3.0,0.5,1021.3,28.1,,0.5,0.5,0.5,3.0,3.0,4.0,1021.1,1020.8,1020.5,0.5,0.0,0.5,0.0,3.0,0.0,3.3333333333333335,0.5163977794943226,0.7999999999999545,0.5,-1.0,-1.8369701987210297e-16,1.2246467991473532e-16,-1.0,0.5,3.0
2026-07-12 13:20:00,270.0,3.0,0.5,1021.9,28.1,,0.5,0.5,0.5,3.0,3.0,3.0,1021.8,1021.5,1021.3,0.5,0.0,0.5,0.0,3.0,0.0,3.0,0.0,0.6000000000000227,0.39999999999997726,-1.0,-1.8369701987210297e-16,-0.2588190451025208,-0.9659258262890683,0.5,2.0
2026-07-12 14:20:00,280.0,2.0,0.5,1021.6,28.2,,0.5,0.5,0.5,2.0,2.0,3.0,1021.7,1021.8,1021.9,0.5,0.0,0.5,0.0,2.0,0.0,2.0,0.0,-0.2999999999999545,-0.1999999999999318,-0.9848077530122081,0.17364817766692997,-0.4999999999999997,-0.8660254037844388,0.4,2.0
2026-07-12 15:20:00,260.0,2.0,0.4,1022.0,28.2,,0.4,0.4,0.5,2.0,2.0,2.0,1021.9,1021.7,1021.6,0.4,0.0,0.4,0.0,2.0,0.0,2.0,0.0,0.39999999999997726,0.2999999999999545,-0.984807753012208,-0.17364817766693033,-0.7071067811865471,-0.7071067811865479,0.4,1.0
2026-07-12 16:20:00,200.0,2.0,0.4,1021.7,28.5,,0.4,0.4,0.4,2.0,1.0,2.0,1021.8,1021.9,1022.0,0.4,0.0,0.4,0.0,1.6666666666666667,0.5773502691896258,1.6666666666666667,0.5163977794943222,-0.2999999999999545,-0.1999999999999318,-0.34202014332566866,-0.9396926207859084,-0.8660254037844385,-0.5000000000000004,0.4,4.0
2026-07-12 17:20:00,170.0,3.0,0.4,1021.2,28.6,,0.4,0.4,0.4,3.0,4.0,2.0,1021.3,1021.3,1021.7,0.4,0.0,0.4,0.0,3.3333333333333335,0.5773502691896257,3.3333333333333335,0.5163977794943224,-0.5,-0.09999999999990905,0.17364817766693028,-0.984807753012208,-0.9659258262890683,-0.25881904510252063,0.4,2.0
2026-07-12 18:20:00,150.0,3.0,0.4,1020.3,28.8,,0.4,0.4,0.4,3.0,2.0,3.0,1020.6,1021.2,1021.2,0.4,0.0,0.4,0.0,2.6666666666666665,0.5773502691896257,2.6666666666666665,0.5163977794943224,-0.900000000000091,-0.900000000000091,0.49999999999999994,-0.8660254037844387,-1.0,-1.8369701987210297e-16,0.4,2.0
2026-07-12 19:20:00,130.0,1.0,0.4,1020.0,29.0,,0.4,0.4,0.4,1.0,2.0,3.0,1020.1,1020.1,1020.3,0.4,0.0,0.4,0.0,1.3333333333333333,0.5773502691896258,2.0,0.8944271909999157,-0.2999999999999545,-0.10000000000002274,0.766044443118978,-0.6427876096865394,-0.9659258262890684,0.2588190451025203,0.5,3.0
2026-07-12 20:20:00,280.0,11.0,0.4,1020.4,27.7,,0.4,0.5,0.4,9.0,3.0,1.0,1020.5,1020.3,1020.0,0.4,0.0,0.4333333333333334,0.05773502691896256,9.0,2.000000000000001,5.333333333333333,4.273952113286562,0.39999999999997726,0.10000000000002274,-0.9848077530122081,0.17364817766692997,-0.8660254037844386,0.5000000000000001,0.5,9.0
2026-07-12 21:20:00,280.0,8.0,0.6,1020.1,26.5,,0.6,0.5,0.4,8.0,9.0,11.0,1020.3,1020.7,1020.4,0.6,0.0,0.5666666666666668,0.057735026918962526,7.666666666666667,0.5773502691896265,8.5,1.0488088481701539,-0.2999999999999545,-0.6000000000000227,-0.9848077530122081,0.17364817766692997,-0.7071067811865477,0.7071067811865474,0.7,6.0
2026-07-12 21:50:00,250.0,6.0,0.7,1019.8,26.9,,0.7,0.6,0.5,6.0,8.0,9.0,1019.9,1020.1,1020.7,0.7,0.0,0.65,0.057735026918962554,6.333333333333333,0.5773502691896258,7.0,0.8944271909999172,-0.900000000000091,-0.3000000000000682,-0.9396926207859084,-0.34202014332566855,-0.7071067811865477,0.7071067811865474,0.6,5.0
2026-07-12 22:20:00,230.0,5.0,0.6,1019.5,26.8,,0.6,0.7,0.6,5.0,6.0,8.0,1019.8,1019.8,1020.1,0.6,0.0,0.65,0.057735026918962554,5.333333333333333,0.5773502691896258,5.833333333333333,0.7527726527090802,-0.6000000000000227,-0.2999999999999545,-0.7660444431189779,-0.6427876096865395,-0.5000000000000004,0.8660254037844384,0.7,5.0
2026-07-12 22:50:00,220.0,5.0,0.7,1019.0,27.0,,0.7,0.6,0.7,5.0,5.0,6.0,1019.1,1019.5,1019.8,0.7,0.0,0.65,0.057735026918962554,5.0,0.0,5.166666666666667,0.4082482904638595,-0.7999999999999545,-0.5,-0.6427876096865393,-0.766044443118978,-0.5000000000000004,0.8660254037844384,0.6,5.0
2026-07-12 23:20:00,250.0,5.0,0.6,1019.3,27.1,,0.6,0.7,0.6,6.0,5.0,5.0,1019.4,1019.0,1019.5,0.6,0.0,0.65,0.057735026918962554,5.666666666666667,0.5773502691896258,5.333333333333333,0.5163977794943221,-0.20000000000004547,0.2999999999999545,-0.9396926207859084,-0.34202014332566855,-0.25881904510252157,0.9659258262890681,0.6,7.0
2026-07-12 23:50:00,250.0,7.0,0.6,1019.4,27.5,,0.6,0.6,0.7,6.0,5.0,5.0,1019.5,1019.3,1019.0,0.6,0.0,0.6,0.0,6.333333333333333,0.5773502691896258,6.0,0.6324555320336763,0.39999999999997726,0.10000000000002274,-0.9396926207859084,-0.34202014332566855,-0.25881904510252157,0.9659258262890681,0.6,7.0
2026-07-13 00:20:00,260.0,7.0,0.6,1019.7,27.7,,0.6,0.6,0.6,7.0,7.0,5.0,1019.6,1019.4,1019.3,0.6,0.0,0.6,0.0,7.0,0.0,6.666666666666667,0.5163977794943235,0.40000000000009095,0.3000000000000682,-0.984807753012208,-0.17364817766693033,0.0,1.0,0.6,5.0
2026-07-13 01:20:00,230.0,6.0,0.6,1019.8,27.9,,0.6,0.6,0.6,6.0,5.0,7.0,1019.7,1019.7,1019.7,0.6,0.0,0.6,0.0,5.666666666666667,0.5773502691896258,5.666666666666667,0.516397779494322,0.09999999999990905,0.09999999999990905,-0.7660444431189779,-0.6427876096865395,0.25881904510252074,0.9659258262890683,0.6,6.0
2026-07-13 01:50:00,220.0,6.0,0.6,1020.5,27.0,,0.6,0.6,0.6,6.0,6.0,5.0,1020.2,1019.8,1019.7,0.6,0.0,0.6,0.0,5.666666666666667,0.5773502691896258,5.666666666666667,0.516397779494322,0.7999999999999545,0.7000000000000455,-0.6427876096865393,-0.766044443118978,0.25881904510252074,0.9659258262890683,0.6,4.0
2026-07-13 02:20:00,220.0,4.0,0.6,1020.4,26.5,,0.6,0.6,0.6,5.0,6.0,6.0,1020.5,1020.5,1019.8,0.6,0.0,0.6,0.0,5.0,1.0,5.333333333333333,0.8164965809277257,0.6000000000000227,-0.10000000000002274,-0.6427876096865393,-0.766044443118978,0.49999999999999994,0.8660254037844387,0.6,5.0
2026-07-13 04:20:00,250.0,6.0,0.6,1020.7,26.9,,0.6,0.6,0.6,6.0,6.0,5.0,1020.9,1021.0,1020.9,0.6,0.0,0.6,0.0,6.0,0.0,5.833333333333333,0.408248290463863,-0.1999999999999318,-0.2999999999999545,-0.9396926207859084,-0.34202014332566855,0.8660254037844386,0.5000000000000001,0.6,6.0
2026-07-13 05:20:00,260.0,5.0,0.6,1019.8,27.3,,0.6,0.6,0.6,5.0,6.0,6.0,1020.0,1020.2,1020.7,0.6,0.0,0.6,0.0,5.333333333333333,0.5773502691896258,5.833333333333333,0.752772652709081,-0.900000000000091,-0.40000000000009095,-0.984807753012208,-0.17364817766693033,0.9659258262890683,0.25881904510252074,0.6,3.0
2026-07-13 06:20:00,270.0,3.0,0.5,1019.0,27.4,,0.5,0.6,0.6,3.0,3.0,5.0,1019.0,1019.5,1019.8,0.5,0.0,0.5333333333333333,0.05773502691896258,3.0,0.0,3.3333333333333335,0.5163977794943188,-0.7999999999999545,-0.5,-1.0,-1.8369701987210297e-16,1.0,6.123233995736766e-17,0.5,3.0
2026-07-13 07:20:00,220.0,4.0,0.5,1018.9,27.6,,0.5,0.5,0.5,3.0,3.0,3.0,1018.9,1019.0,1019.0,0.5,0.0,0.5,0.0,3.6666666666666665,0.5773502691896257,3.6666666666666665,0.5163977794943191,-0.10000000000002274,-0.10000000000002274,-0.6427876096865393,-0.766044443118978,0.9659258262890683,-0.25881904510252063,0.5,4.0
2026-07-13 08:20:00,220.0,3.0,0.5,1018.7,27.5,,0.5,0.5,0.5,3.0,4.0,4.0,1018.7,1018.8,1018.9,0.5,0.0,0.5,0.0,3.3333333333333335,0.5773502691896257,3.6666666666666665,0.5163977794943223,-0.1999999999999318,-0.09999999999990905,-0.6427876096865393,-0.766044443118978,0.8660254037844387,-0.4999999999999998,0.5,4.0
2026-07-13 09:20:00,240.0,4.0,0.5,1018.6,27.0,,0.5,0.5,0.5,5.0,4.0,3.0,1018.6,1018.8,1018.7,0.5,0.0,0.5,0.0,4.666666666666667,0.5773502691896258,4.333333333333333,0.516397779494321,-0.10000000000002274,-0.1999999999999318,-0.8660254037844385,-0.5000000000000004,0.7071067811865476,-0.7071067811865475,0.4,5.0
2026-07-13 10:20:00,250.0,5.0,0.5,1019.5,26.7,,0.5,0.4,0.5,5.0,5.0,4.0,1019.4,1019.1,1018.6,0.5,0.0,0.4666666666666668,0.05773502691896256,5.0,0.0,4.666666666666667,0.516397779494321,0.8999999999999773,0.39999999999997726,-0.9396926207859084,-0.34202014332566855,0.49999999999999994,-0.8660254037844387,0.5,5.0
2026-07-13 11:20:00,250.0,5.0,0.5,1020.4,27.0,,0.5,0.5,0.5,4.0,5.0,5.0,1020.2,1020.0,1019.5,0.5,0.0,0.5,0.0,4.333333333333333,0.5773502691896258,4.666666666666667,0.5163977794943221,0.8999999999999773,0.39999999999997726,-0.9396926207859084,-0.34202014332566855,0.258819045102521,-0.9659258262890682,0.5,4.0
2026-07-13 12:20:00,270.0,3.0,0.5,1020.6,26.8,,0.5,0.5,0.5,3.0,4.0,5.0,1020.7,1020.6,1020.4,0.5,0.0,0.5,0.0,3.3333333333333335,0.5773502691896257,3.8333333333333335,0.752772652709081,0.20000000000004547,0.0,-1.0,-1.8369701987210297e-16,1.2246467991473532e-16,-1.0,0.5,4.0
2026-07-13 13:20:00,260.0,4.0,0.6,1021.1,26.8,,0.6,0.5,0.5,4.0,4.0,3.0,1021.0,1020.9,1020.6,0.6,0.0,0.5666666666666668,0.05773502691896255,4.0,0.0,3.6666666666666665,0.5163977794943223,0.5,0.20000000000004547,-0.984807753012208,-0.17364817766693033,-0.2588190451025208,-0.9659258262890683,0.5,4.0
2026-07-13 14:20:00,270.0,4.0,0.5,1021.3,26.9,,0.5,0.5,0.6,4.0,4.0,4.0,1021.2,1021.1,1021.1,0.5,0.0,0.5,0.0,4.0,0.0,4.0,0.0,0.1999999999999318,0.1999999999999318,-1.0,-1.8369701987210297e-16,-0.4999999999999997,-0.8660254037844388,0.5,4.0
2026-07-13 15:20:00,270.0,3.0,0.5,1021.5,27.1,,0.5,0.5,0.5,3.0,4.0,4.0,1021.5,1021.4,1021.3,0.5,0.0,0.5,0.0,3.0,0.0,3.5,0.5477225575051664,0.20000000000004547,0.10000000000002274,-1.0,-1.8369701987210297e-16,-0.7071067811865471,-0.7071067811865479,0.5,3.0
2026-07-13 16:20:00,240.0,2.0,0.5,1021.2,27.1,,0.5,0.5,0.5,2.0,3.0,3.0,1021.2,1021.4,1021.5,0.5,0.0,0.5,0.0,2.0,0.0,2.5,0.5477225575051664,-0.2999999999999545,-0.1999999999999318,-0.8660254037844385,-0.5000000000000004,-0.8660254037844385,-0.5000000000000004,0.5,1.0
2026-07-13 17:20:00,210.0,1.0,0.5,1020.7,27.7,,0.5,0.5,0.5,0.0,1.0,2.0,1020.9,1021.1,1021.2,0.5,0.0,0.5,0.0,0.6666666666666666,0.5773502691896258,0.8333333333333334,0.4082482904638653,-0.5,-0.39999999999997726,-0.5000000000000001,-0.8660254037844386,-0.9659258262890683,-0.25881904510252063,0.5,2.0
2026-07-13 19:20:00,180.0,2.0,0.4,1019.5,27.9,,0.4,0.5,0.4,2.0,2.0,2.0,1019.7,1019.9,1020.2,0.4,0.0,0.45000000000000007,0.05773502691896256,2.0,0.0,2.0,0.0,-0.7000000000000455,-0.39999999999997726,1.2246467991473532e-16,-1.0,-0.9659258262890684,0.2588190451025203,0.5,2.0
2026-07-13 20:20:00,140.0,2.0,0.4,1019.1,28.4,,0.4,0.5,0.4,2.0,2.0,2.0,1019.2,1019.5,1019.5,0.4,0.0,0.4333333333333334,0.05773502691896256,2.0,0.0,2.0,0.0,-0.39999999999997726,-0.39999999999997726,0.6427876096865395,-0.7660444431189779,-0.8660254037844386,0.5000000000000001,0.4,2.0
2026-07-13 21:20:00,120.0,1.0,0.4,1019.1,28.7,,0.4,0.4,0.4,1.0,2.0,2.0,1019.1,1018.9,1019.1,0.4,0.0,0.4,0.0,1.3333333333333333,0.5773502691896258,1.6666666666666667,0.5163977794943222,0.0,0.20000000000004547,0.8660254037844387,-0.4999999999999998,-0.7071067811865477,0.7071067811865474,0.5,2.0
2026-07-13 22:20:00,290.0,16.0,0.5,1020.7,24.7,,0.5,0.5,0.4,15.0,2.0,1.0,1020.5,1019.1,1019.1,0.5,0.0,0.5,0.0,12.0,6.082762530298219,6.666666666666667,7.004760286167306,1.6000000000000227,1.6000000000000227,-0.9396926207859083,0.342020143325669,-0.5000000000000004,0.8660254037844384,0.9,11.0
2026-07-13 22:50:00,310.0,11.0,0.9,1020.3,24.0,,0.9,0.5,0.5,12.0,16.0,2.0,1020.6,1020.7,1019.1,0.9,0.0,0.7000000000000001,0.23094010767585035,12.333333333333334,1.5275252316519445,12.166666666666666,3.9707262140150985,1.1999999999999318,-0.40000000000009095,-0.7660444431189781,0.6427876096865393,-0.5000000000000004,0.8660254037844384,1.1,7.0
2026-07-13 23:40:00,310.0,7.0,1.1,1020.1,25.8,,1.1,0.9,0.5,10.0,11.0,16.0,1019.8,1020.3,1020.7,1.1,0.0,1.0,0.11547005383792543,9.333333333333334,2.081665999466133,10.833333333333334,2.3166067138525412,-0.6000000000000227,-0.1999999999999318,-0.7660444431189781,0.6427876096865393,-0.25881904510252157,0.9659258262890681,1.0,6.0
2026-07-14 01:20:00,280.0,5.0,0.9,1020.2,27.2,,0.9,1.0,1.0,5.0,4.0,6.0,1020.0,1019.7,1019.3,0.9,0.0,0.9333333333333332,0.05773502691896255,5.0,0.0,4.833333333333333,0.4082482904638523,0.900000000000091,0.5,-0.9848077530122081,0.17364817766692997,0.25881904510252074,0.9659258262890683,0.8,5.0
2026-07-14 01:50:00,300.0,5.0,0.8,1020.1,27.9,,0.8,0.9,1.0,5.0,5.0,4.0,1020.1,1020.2,1019.7,0.8,0.0,0.8500000000000001,0.05773502691896256,5.0,0.0,5.0,0.0,0.39999999999997726,-0.10000000000002274,-0.8660254037844386,0.5000000000000001,0.25881904510252074,0.9659258262890683,0.7,7.0
2026-07-14 02:20:00,250.0,7.0,0.7,1020.6,27.7,,0.7,0.8,0.9,7.0,5.0,5.0,1020.6,1020.1,1020.2,0.7,0.0,0.75,0.05773502691896272,6.666666666666667,0.5773502691896258,5.833333333333333,0.9831920802501751,0.39999999999997726,0.5,-0.9396926207859084,-0.34202014332566855,0.49999999999999994,0.8660254037844387,0.6,6.0
2026-07-14 02:50:00,220.0,6.0,0.6,1020.5,26.5,,0.6,0.7,0.8,6.0,7.0,5.0,1020.6,1020.6,1020.1,0.6,0.0,0.6499999999999999,0.05773502691896261,6.333333333333333,0.5773502691896258,6.5,0.5477225575051659,0.39999999999997726,-0.10000000000002274,-0.6427876096865393,-0.766044443118978,0.49999999999999994,0.8660254037844387,0.6,6.0
2026-07-14 03:20:00,210.0,6.0,0.6,1020.6,26.1,,0.6,0.6,0.7,5.0,6.0,7.0,1020.4,1020.5,1020.6,0.6,0.0,0.6,0.0,5.333333333333333,0.5773502691896258,5.833333333333333,0.7527726527090802,0.0,0.10000000000002274,-0.5000000000000001,-0.8660254037844386,0.7071067811865476,0.7071067811865476,0.6,5.0
2026-07-14 04:20:00,210.0,5.0,0.6,1021.0,26.5,,0.6,0.6,0.6,5.0,5.0,6.0,1020.9,1020.8,1020.6,0.6,0.0,0.6,0.0,5.0,0.0,4.833333333333333,0.4082482904638577,0.39999999999997726,0.20000000000004547,-0.5000000000000001,-0.8660254037844386,0.8660254037844386,0.5000000000000001,0.6,6.0
2026-07-14 10:20:00,270.0,4.0,0.5,1019.0,26.7,,0.5,0.5,0.5,4.0,3.0,4.0,1019.1,1018.9,1018.7,0.5,0.0,0.5,0.0,3.6666666666666665,0.5773502691896257,3.5,0.5477225575051664,0.2999999999999545,0.10000000000002274,-1.0,-1.8369701987210297e-16,0.49999999999999994,-0.8660254037844387,0.5,3.0
2026-07-14 11:20:00,260.0,3.0,0.5,1019.3,27.1,,0.5,0.5,0.5,4.0,3.0,4.0,1019.3,1019.2,1019.0,0.5,0.0,0.5,0.0,3.6666666666666665,0.5773502691896257,3.3333333333333335,0.5163977794943226,0.2999999999999545,0.09999999999990905,-0.984807753012208,-0.17364817766693033,0.258819045102521,-0.9659258262890682,0.5,3.0
2026-07-14 12:20:00,260.0,3.0,0.6,1019.8,27.7,,0.6,0.5,0.5,4.0,3.0,3.0,1019.8,1019.5,1019.3,0.6,0.0,0.5666666666666667,0.05773502691896255,3.3333333333333335,0.5773502691896257,3.1666666666666665,0.408248290463863,0.5,0.2999999999999545,-0.984807753012208,-0.17364817766693033,1.2246467991473532e-16,-1.0,0.6,4.0
2026-07-14 13:20:00,230.0,4.0,0.6,1020.2,27.3,,0.6,0.6,0.6,4.0,4.0,3.0,1020.2,1020.1,1019.8,0.6,0.0,0.6,0.0,4.0,0.0,4.0,0.0,0.40000000000009095,0.10000000000002274,-0.7660444431189779,-0.6427876096865395,-0.2588190451025208,-0.9659258262890683,0.5,5.0
2026-07-14 13:50:00,220.0,5.0,0.5,1020.5,27.3,,0.5,0.6,0.6,5.0,4.0,4.0,1020.4,1020.2,1020.1,0.5,0.0,0.5499999999999999,0.05773502691896256,4.666666666666667,0.5773502691896258,4.333333333333333,0.5163977794943221,0.39999999999997726,0.2999999999999545,-0.6427876096865393,-0.766044443118978,-0.2588190451025208,-0.9659258262890683,0.6,5.0
2026-07-14 15:20:00,210.0,5.0,0.6,1020.5,26.9,,0.6,0.6,0.6,5.0,5.0,5.0,1020.5,1020.4,1020.4,0.6,0.0,0.6,0.0,5.0,0.0,4.666666666666667,0.5163977794943221,0.10000000000002274,0.10000000000002274,-0.5000000000000001,-0.8660254037844386,-0.7071067811865471,-0.7071067811865479,0.6,5.0
2026-07-14 15:50:00,220.0,5.0,0.6,1020.5,27.3,,0.6,0.6,0.6,5.0,5.0,5.0,1020.4,1020.5,1020.4,0.6,0.0,0.6,0.0,5.0,0.0,5.0,0.0,0.10000000000002274,0.0,-0.6427876096865393,-0.766044443118978,-0.7071067811865471,-0.7071067811865479,0.6,4.0
2026-07-14 16:20:00,220.0,4.0,0.6,1020.4,27.5,,0.6,0.6,0.6,4.0,5.0,5.0,1020.4,1020.5,1020.5,0.6,0.0,0.6,0.0,4.0,0.0,4.5,0.5477225575051659,-0.10000000000002274,-0.10000000000002274,-0.6427876096865393,-0.766044443118978,-0.8660254037844385,-0.5000000000000004,0.6,4.0
2026-07-14 17:20:00,210.0,3.0,0.6,1020.1,28.3,,0.6,0.6,0.6,3.0,4.0,4.0,1020.2,1020.2,1020.4,0.6,0.0,0.6,0.0,3.0,0.0,3.5,0.5477225575051664,-0.2999999999999545,-0.10000000000002274,-0.5000000000000001,-0.8660254037844386,-0.9659258262890683,-0.25881904510252063,0.5,3.0
2026-07-14 18:20:00,190.0,3.0,0.6,1019.4,28.6,,0.6,0.5,0.6,3.0,3.0,3.0,1019.6,1020.0,1020.1,0.6,0.0,0.5666666666666668,0.05773502691896256,3.0,0.0,3.0,0.0,-0.7000000000000455,-0.6000000000000227,-0.17364817766693047,-0.984807753012208,-1.0,-1.8369701987210297e-16,0.6,3.0
2026-07-14 20:20:00,140.0,3.0,0.5,1018.1,29.3,,0.5,0.5,0.5,3.0,3.0,3.0,1018.4,1018.4,1018.4,0.5,0.0,0.5,0.0,3.0,0.0,3.0,0.0,-0.2999999999999545,-0.2999999999999545,0.6427876096865395,-0.7660444431189779,-0.8660254037844386,0.5000000000000001,0.5,4.0
2026-07-14 22:20:00,310.0,12.0,0.9,1019.8,24.7,,0.9,0.5,0.5,13.0,12.0,3.0,1019.6,1019.8,1019.3,0.9,0.0,0.7666666666666666,0.23094010767585035,12.333333333333334,0.5773502691896255,12.333333333333334,0.5163977794943146,0.5,0.0,-0.7660444431189781,0.6427876096865393,-0.5000000000000004,0.8660254037844384,1.0,0.0
2026-07-15 01:20:00,240.0,6.0,0.6,1019.0,27.1,,0.6,0.7,0.7,6.0,2.0,1.0,1019.0,1018.6,1018.5,0.6,0.0,0.6333333333333333,0.05773502691896255,5.666666666666667,0.5773502691896265,3.8333333333333335,2.04124145231932,0.5,0.39999999999997726,-0.8660254037844385,-0.5000000000000004,0.25881904510252074,0.9659258262890683,0.5,6.0
2026-07-15 02:20:00,220.0,5.0,0.5,1020.1,26.2,,0.5,0.5,0.6,5.0,6.0,6.0,1019.9,1019.5,1019.0,0.5,0.0,0.5,0.0,5.333333333333333,0.5773502691896258,5.666666666666667,0.5163977794943221,1.1000000000000227,0.6000000000000227,-0.6427876096865393,-0.766044443118978,0.49999999999999994,0.8660254037844387,0.7,7.0
2026-07-15 03:20:00,220.0,7.0,0.7,1020.8,27.4,,0.7,0.7,0.5,7.0,7.0,5.0,1020.8,1020.6,1020.1,0.7,0.0,0.7,0.0,7.0,0.0,6.833333333333333,0.40824829046386274,0.6999999999999318,0.1999999999999318,-0.6427876096865393,-0.766044443118978,0.7071067811865476,0.7071067811865476,0.6,8.0
2026-07-15 04:20:00,220.0,6.0,0.7,1020.6,26.7,,0.7,0.6,0.7,7.0,8.0,7.0,1020.7,1020.7,1020.8,0.7,0.0,0.6666666666666666,0.05773502691896256,7.0,1.0,7.166666666666667,0.752772652709081,-0.1999999999999318,-0.10000000000002274,-0.6427876096865393,-0.766044443118978,0.8660254037844386,0.5000000000000001,0.7,7.0
2026-07-15 05:20:00,240.0,7.0,0.7,1019.8,26.6,,0.7,0.7,0.7,7.0,7.0,6.0,1019.8,1020.0,1020.6,0.7,0.0,0.7,0.0,7.0,0.0,6.833333333333333,0.40824829046386324,-0.8000000000000682,-0.20000000000004547,-0.8660254037844385,-0.5000000000000004,0.9659258262890683,0.25881904510252074,0.7,7.0
2026-07-15 06:20:00,270.0,7.0,0.7,1020.0,26.6,,0.7,0.7,0.7,7.0,7.0,7.0,1020.0,1020.1,1019.8,0.7,0.0,0.7,0.0,7.333333333333333,0.5773502691896258,7.166666666666667,0.40824829046386296,0.20000000000004547,-0.10000000000002274,-1.0,-1.8369701987210297e-16,1.0,6.123233995736766e-17,0.7,6.0
2026-07-15 09:20:00,280.0,4.0,0.7,1018.6,25.7,,0.7,0.7,0.7,4.0,5.0,5.0,1018.6,1018.8,1018.9,0.7,0.0,0.7,0.0,4.333333333333333,0.5773502691896258,4.5,0.5477225575051671,-0.2999999999999545,-0.1999999999999318,-0.9848077530122081,0.17364817766692997,0.7071067811865476,-0.7071067811865475,0.7,4.0
2026-07-15 10:20:00,280.0,3.0,0.7,1018.6,25.8,,0.7,0.7,0.7,3.0,4.0,4.0,1018.4,1018.5,1018.6,0.7,0.0,0.7,0.0,3.0,0.0,3.3333333333333335,0.5163977794943233,0.0,0.10000000000002274,-0.9848077530122081,0.17364817766692997,0.49999999999999994,-0.8660254037844387,0.7,4.0
2026-07-15 11:20:00,260.0,3.0,0.6,1018.6,25.8,,0.6,0.7,0.7,3.0,4.0,3.0,1018.6,1018.9,1018.6,0.6,0.0,0.6333333333333333,0.05773502691896255,3.3333333333333335,0.5773502691896257,3.6666666666666665,0.5163977794943236,0.0,-0.2999999999999545,-0.984807753012208,-0.17364817766693033,0.258819045102521,-0.9659258262890682,0.6,4.0
2026-07-15 12:20:00,250.0,4.0,0.6,1019.2,25.8,,0.6,0.6,0.6,4.0,4.0,3.0,1019.0,1019.0,1018.6,0.6,0.0,0.6,0.0,4.0,0.0,4.0,0.0,0.6000000000000227,0.20000000000004547,-0.9396926207859084,-0.34202014332566855,1.2246467991473532e-16,-1.0,0.6,4.0
2026-07-15 13:20:00,260.0,4.0,0.6,1019.5,25.7,,0.6,0.6,0.6,4.0,4.0,4.0,1019.5,1019.5,1019.2,0.6,0.0,0.6,0.0,4.0,0.0,4.166666666666667,0.40824829046386296,0.2999999999999545,0.0,-0.984807753012208,-0.17364817766693033,-0.2588190451025208,-0.9659258262890683,0.7,3.0
2026-07-15 14:20:00,290.0,3.0,0.6,1019.7,26.0,,0.6,0.7,0.6,3.0,3.0,4.0,1019.6,1019.4,1019.5,0.6,0.0,0.6333333333333333,0.05773502691896256,3.0,0.0,3.3333333333333335,0.5163977794943226,0.20000000000004547,0.3000000000000682,-0.9396926207859083,0.342020143325669,-0.4999999999999997,-0.8660254037844388,0.6,3.0
2026-07-15 14:50:00,280.0,3.0,0.6,1019.7,26.1,,0.6,0.6,0.7,3.0,3.0,3.0,1019.7,1019.7,1019.4,0.6,0.0,0.6,0.0,3.0,0.0,3.0,0.0,0.3000000000000682,0.0,-0.9848077530122081,0.17364817766692997,-0.4999999999999997,-0.8660254037844388,0.6,3.0
2026-07-15 15:20:00,300.0,3.0,0.6,1019.8,26.3,,0.6,0.6,0.6,3.0,3.0,3.0,1019.8,1019.7,1019.7,0.6,0.0,0.6,0.0,3.0,0.0,3.0,0.0,0.09999999999990905,0.09999999999990905,-0.8660254037844386,0.5000000000000001,-0.7071067811865471,-0.7071067811865479,0.6,3.0
2026-07-15 16:20:00,280.0,4.0,0.6,1020.0,26.5,,0.6,0.6,0.6,3.0,3.0,3.0,1020.0,1020.1,1019.8,0.6,0.0,0.6,0.0,3.3333333333333335,0.5773502691896257,3.1666666666666665,0.408248290463863,0.20000000000004547,-0.10000000000002274,-0.9848077530122081,0.17364817766692997,-0.8660254037844385,-0.5000000000000004,0.6,3.0
2026-07-15 17:20:00,300.0,3.0,0.6,1019.6,26.9,,0.6,0.6,0.6,3.0,3.0,4.0,1019.7,1019.9,1020.0,0.6,0.0,0.6,0.0,3.0,0.0,3.0,0.0,-0.39999999999997726,-0.2999999999999545,-0.8660254037844386,0.5000000000000001,-0.9659258262890683,-0.25881904510252063,0.6,2.0
2026-07-15 19:20:00,60.0,2.0,0.6,1018.7,28.0,,0.6,0.6,0.6,1.0,1.0,2.0,1018.7,1018.8,1019.0,0.6,0.0,0.6,0.0,1.3333333333333333,0.5773502691896258,1.5,0.5477225575051661,-0.2999999999999545,-0.09999999999990905,0.8660254037844386,0.5000000000000001,-0.9659258262890684,0.2588190451025203,0.6,1.0
2026-07-15 20:20:00,90.0,2.0,0.6,1018.2,28.4,,0.6,0.6,0.6,2.0,1.0,2.0,1018.2,1018.4,1018.7,0.6,0.0,0.6,0.0,1.6666666666666667,0.5773502691896258,1.3333333333333333,0.5163977794943222,-0.5,-0.1999999999999318,1.0,6.123233995736766e-17,-0.8660254037844386,0.5000000000000001,0.5,3.0
2026-07-15 21:20:00,110.0,3.0,0.6,1017.6,28.8,,0.6,0.5,0.6,3.0,3.0,2.0,1017.7,1017.9,1018.2,0.6,0.0,0.5666666666666668,0.05773502691896256,3.0,0.0,2.8333333333333335,0.4082482904638645,-0.6000000000000227,-0.2999999999999545,0.9396926207859084,-0.3420201433256687,-0.7071067811865477,0.7071067811865474,0.6,4.0
2026-07-15 22:20:00,130.0,4.0,0.5,1017.2,29.0,,0.5,0.6,0.6,4.0,4.0,3.0,1017.2,1017.4,1017.6,0.5,0.0,0.5333333333333333,0.05773502691896258,4.0,0.0,3.6666666666666665,0.5163977794943226,-0.39999999999997726,-0.1999999999999318,0.766044443118978,-0.6427876096865394,-0.5000000000000004,0.8660254037844384,0.5,5.0
2026-07-16 01:20:00,160.0,5.0,0.6,1017.6,29.2,,0.6,0.6,0.6,5.0,5.0,5.0,1017.6,1017.4,1017.3,0.6,0.0,0.6,0.0,5.0,0.0,4.833333333333333,0.40824829046386296,0.3000000000000682,0.20000000000004547,0.3420201433256689,-0.9396926207859083,0.25881904510252074,0.9659258262890683,0.6,5.0
2026-07-16 02:20:00,170.0,5.0,0.6,1017.9,29.2,,0.6,0.6,0.6,4.0,5.0,5.0,1017.8,1017.8,1017.6,0.6,0.0,0.6,0.0,4.666666666666667,0.5773502691896258,4.833333333333333,0.40824829046386296,0.2999999999999545,0.10000000000002274,0.17364817766693028,-0.984807753012208,0.49999999999999994,0.8660254037844387,0.6,5.0
2026-07-16 03:20:00,180.0,5.0,0.6,1018.1,29.0,,0.6,0.6,0.6,5.0,5.0,5.0,1018.1,1018.1,1017.9,0.6,0.0,0.6,0.0,5.0,0.0,5.0,0.0,0.20000000000004547,0.0,1.2246467991473532e-16,-1.0,0.7071067811865476,0.7071067811865476,0.6,5.0
2026-07-16 05:20:00,200.0,5.0,0.6,1017.9,28.4,,0.6,0.6,0.6,6.0,5.0,5.0,1017.9,1017.9,1018.0,0.6,0.0,0.6,0.0,5.333333333333333,0.5773502691896258,5.166666666666667,0.40824829046386296,-0.10000000000002274,0.0,-0.34202014332566866,-0.9396926207859084,0.9659258262890683,0.25881904510252074,0.5,5.0
2026-07-16 06:20:00,230.0,5.0,0.6,1017.7,28.3,,0.6,0.5,0.6,5.0,5.0,5.0,1017.8,1017.8,1017.9,0.6,0.0,0.5666666666666667,0.05773502691896256,5.0,0.0,5.0,0.0,-0.1999999999999318,-0.09999999999990905,-0.7660444431189779,-0.6427876096865395,1.0,6.123233995736766e-17,0.6,5.0
2026-07-16 08:20:00,280.0,5.0,0.6,1017.6,27.9,,0.6,0.6,0.5,4.0,4.0,5.0,1017.6,1017.8,1017.7,0.6,0.0,0.6,0.0,4.333333333333333,0.5773502691896258,4.333333333333333,0.5163977794943221,-0.10000000000002274,-0.1999999999999318,-0.9848077530122081,0.17364817766692997,0.8660254037844387,-0.4999999999999998,0.6,5.0
2026-07-16 08:50:00,290.0,5.0,0.6,1017.5,27.8,,0.6,0.6,0.6,5.0,5.0,4.0,1017.5,1017.6,1017.8,0.6,0.0,0.6,0.0,5.0,0.0,4.666666666666667,0.5163977794943221,-0.2999999999999545,-0.10000000000002274,-0.9396926207859083,0.342020143325669,0.8660254037844387,-0.4999999999999998,0.5,6.0
2026-07-16 09:20:00,290.0,6.0,0.5,1017.4,27.6,,0.5,0.6,0.6,6.0,5.0,5.0,1017.4,1017.5,1017.6,0.5,0.0,0.5499999999999999,0.05773502691896256,5.666666666666667,0.5773502691896258,5.333333333333333,0.5163977794943221,-0.20000000000004547,-0.10000000000002274,-0.9396926207859083,0.342020143325669,0.7071067811865476,-0.7071067811865475,0.5,5.0
2026-07-16 10:20:00,290.0,5.0,0.5,1017.5,27.4,,0.5,0.5,0.5,5.0,5.0,6.0,1017.6,1017.5,1017.4,0.5,0.0,0.5,0.0,5.0,0.0,5.333333333333333,0.5163977794943221,0.10000000000002274,0.0,-0.9396926207859083,0.342020143325669,0.49999999999999994,-0.8660254037844387,0.5,5.0
2026-07-16 11:20:00,280.0,5.0,0.5,1017.8,27.3,,0.5,0.5,0.5,5.0,5.0,5.0,1017.7,1017.6,1017.5,0.5,0.0,0.5,0.0,5.0,0.0,5.0,0.0,0.2999999999999545,0.1999999999999318,-0.9848077530122081,0.17364817766692997,0.258819045102521,-0.9659258262890682,0.5,5.0
2026-07-16 13:20:00,270.0,5.0,0.5,1018.3,27.4,,0.5,0.6,0.6,5.0,5.0,5.0,1018.3,1018.2,1018.1,0.5,0.0,0.5333333333333333,0.05773502691896258,5.0,0.0,5.0,0.0,0.1999999999999318,0.09999999999990905,-1.0,-1.8369701987210297e-16,-0.2588190451025208,-0.9659258262890683,0.6,4.0
2026-07-16 14:20:00,250.0,5.0,0.6,1018.8,27.3,,0.6,0.6,0.5,5.0,4.0,5.0,1018.7,1018.5,1018.3,0.6,0.0,0.6,0.0,5.0,0.0,4.833333333333333,0.40824829046386296,0.5,0.2999999999999545,-0.9396926207859084,-0.34202014332566855,-0.4999999999999997,-0.8660254037844388,0.6,4.0
2026-07-16 15:20:00,230.0,4.0,0.6,1019.2,27.4,,0.6,0.6,0.6,4.0,4.0,5.0,1019.1,1019.0,1018.8,0.6,0.0,0.6,0.0,4.0,0.0,4.166666666666667,0.4082482904638632,0.40000000000009095,0.20000000000004547,-0.7660444431189779,-0.6427876096865395,-0.7071067811865471,-0.7071067811865479,0.5,4.0
2026-07-16 17:20:00,210.0,3.0,0.5,1018.5,28.1,,0.5,0.5,0.5,3.0,4.0,3.0,1018.7,1018.8,1019.0,0.5,0.0,0.5,0.0,3.3333333333333335,0.5773502691896257,3.5,0.5477225575051664,-0.5,-0.2999999999999545,-0.5000000000000001,-0.8660254037844386,-0.9659258262890683,-0.25881904510252063,0.5,3.0
2026-07-16 18:20:00,200.0,2.0,0.5,1018.1,28.5,,0.5,0.5,0.5,3.0,3.0,3.0,1018.1,1018.2,1018.5,0.5,0.0,0.5,0.0,2.6666666666666665,0.5773502691896257,2.6666666666666665,0.5163977794943236,-0.39999999999997726,-0.10000000000002274,-0.34202014332566866,-0.9396926207859084,-1.0,-1.8369701987210297e-16,0.5,2.0
2026-07-16 20:20:00,150.0,1.0,0.5,1017.1,29.1,,0.5,0.5,0.5,1.0,1.0,1.0,1017.1,1017.5,1017.7,0.5,0.0,0.5,0.0,1.0,0.0,1.3333333333333333,0.5163977794943264,-0.6000000000000227,-0.39999999999997726,0.49999999999999994,-0.8660254037844387,-0.8660254037844386,0.5000000000000001,0.5,1.0
2026-07-16 22:20:00,170.0,4.0,0.4,1016.8,29.5,,0.4,0.5,0.5,5.0,4.0,2.0,1016.8,1016.8,1016.8,0.4,0.0,0.43333333333333335,0.05773502691896256,4.333333333333333,0.5773502691896258,3.8333333333333335,0.7527726527090808,0.0,0.0,0.17364817766693028,-0.984807753012208,-0.5000000000000004,0.8660254037844384,0.4,3.0
2026-07-17 01:20:00,210.0,4.0,0.5,1017.0,27.6,,0.5,0.4,0.4,3.0,3.0,6.0,1017.0,1016.8,1016.9,0.5,0.0,0.4666666666666666,0.05773502691896256,3.6666666666666665,0.577350269189626,3.8333333333333335,0.7527726527090797,0.10000000000002274,0.20000000000004547,-0.5000000000000001,-0.8660254037844386,0.25881904510252074,0.9659258262890683,0.4,3.0
2026-07-17 02:20:00,220.0,5.0,0.4,1017.4,28.0,,0.4,0.4,0.5,4.0,3.0,4.0,1017.2,1017.1,1017.0,0.4,0.0,0.4,0.0,4.333333333333333,0.5773502691896258,4.0,0.632455532033675,0.39999999999997726,0.2999999999999545,-0.6427876096865393,-0.766044443118978,0.49999999999999994,0.8660254037844387,0.5,5.0
2026-07-17 02:50:00,230.0,5.0,0.5,1017.5,27.7,,0.5,0.4,0.4,5.0,5.0,3.0,1017.5,1017.4,1017.1,0.5,0.0,0.45000000000000007,0.05773502691896253,5.0,0.0,4.666666666666667,0.5163977794943231,0.39999999999997726,0.10000000000002274,-0.7660444431189779,-0.6427876096865395,0.49999999999999994,0.8660254037844387,0.5,4.0
2026-07-17 04:20:00,200.0,3.0,0.5,1017.8,27.4,,0.5,0.5,0.5,3.0,3.0,4.0,1017.6,1017.7,1017.6,0.5,0.0,0.5,0.0,3.0,0.0,3.3333333333333335,0.5163977794943223,0.1999999999999318,0.09999999999990905,-0.34202014332566866,-0.9396926207859084,0.8660254037844386,0.5000000000000001,0.5,4.0
2026-07-17 06:20:00,230.0,5.0,0.5,1017.4,27.2,,0.5,0.5,0.5,5.0,4.0,4.0,1017.4,1017.5,1017.6,0.5,0.0,0.5,0.0,5.0,0.0,4.5,0.5477225575051659,-0.20000000000004547,-0.10000000000002274,-0.7660444431189779,-0.6427876096865395,1.0,6.123233995736766e-17,0.5,5.0
2026-07-17 06:50:00,240.0,5.0,0.5,1017.4,27.1,,0.5,0.5,0.5,5.0,5.0,4.0,1017.3,1017.4,1017.5,0.5,0.0,0.5,0.0,5.0,0.0,5.0,0.0,-0.10000000000002274,0.0,-0.8660254037844385,-0.5000000000000004,1.0,6.123233995736766e-17,0.5,4.0
2026-07-17 09:20:00,200.0,3.0,0.5,1017.2,27.4,,0.5,0.5,0.4,3.0,2.0,3.0,1017.2,1017.1,1017.2,0.5,0.0,0.5,0.0,3.0,0.0,2.6666666666666665,0.5163977794943223,0.0,0.10000000000002274,-0.34202014332566866,-0.9396926207859084,0.7071067811865476,-0.7071067811865475,0.4,2.0
2026-07-17 10:20:00,230.0,3.0,0.4,1017.4,27.3,,0.4,0.4,0.5,3.0,2.0,3.0,1017.4,1017.3,1017.2,0.4,0.0,0.4,0.0,2.6666666666666665,0.5773502691896257,2.5,0.5477225575051664,0.1999999999999318,0.10000000000002274,-0.7660444431189779,-0.6427876096865395,0.49999999999999994,-0.8660254037844387,0.4,4.0
2026-07-17 11:20:00,230.0,5.0,0.4,1017.7,27.2,,0.4,0.4,0.4,5.0,4.0,3.0,1017.7,1017.8,1017.4,0.4,0.0,0.4,0.0,4.666666666666667,0.5773502691896258,4.166666666666667,0.7527726527090793,0.3000000000000682,-0.09999999999990905,-0.7660444431189779,-0.6427876096865395,0.258819045102521,-0.9659258262890682,0.4,5.0
2026-07-17 13:20:00,200.0,3.0,0.4,1018.1,27.1,,0.4,0.5,0.4,4.0,4.0,5.0,1018.0,1018.1,1017.9,0.4,0.0,0.43333333333333335,0.05773502691896256,3.6666666666666665,0.5773502691896257,3.8333333333333335,0.408248290463863,0.20000000000004547,0.0,-0.34202014332566866,-0.9396926207859084,-0.2588190451025208,-0.9659258262890683,0.4,4.0
2026-07-17 14:20:00,220.0,5.0,0.5,1018.4,27.2,,0.5,0.4,0.4,4.0,4.0,3.0,1018.2,1018.0,1018.1,0.5,0.0,0.4666666666666666,0.05773502691896256,4.333333333333333,0.5773502691896258,4.0,0.6324555320336759,0.2999999999999545,0.39999999999997726,-0.6427876096865393,-0.766044443118978,-0.4999999999999997,-0.8660254037844388,0.5,5.0
2026-07-17 14:50:00,230.0,5.0,0.5,1018.7,27.2,,0.5,0.5,0.4,5.0,5.0,4.0,1018.6,1018.4,1018.0,0.5,0.0,0.5,0.0,5.0,0.0,4.666666666666667,0.5163977794943221,0.7000000000000455,0.3000000000000682,-0.7660444431189779,-0.6427876096865395,-0.4999999999999997,-0.8660254037844388,0.5,4.0
2026-07-17 15:20:00,240.0,4.0,0.5,1018.6,27.1,,0.5,0.5,0.5,5.0,5.0,5.0,1018.7,1018.7,1018.4,0.5,0.0,0.5,0.0,4.666666666666667,0.5773502691896258,4.833333333333333,0.40824829046386296,0.20000000000004547,-0.10000000000002274,-0.8660254037844385,-0.5000000000000004,-0.7071067811865471,-0.7071067811865479,0.5,3.0
2026-07-17 16:20:00,220.0,2.0,0.5,1018.7,27.2,,0.5,0.5,0.5,2.0,3.0,4.0,1018.7,1018.7,1018.6,0.5,0.0,0.5,0.0,2.3333333333333335,0.5773502691896257,2.8333333333333335,0.7527726527090793,0.10000000000002274,0.0,-0.6427876096865393,-0.766044443118978,-0.8660254037844385,-0.5000000000000004,0.5,2.0
2026-07-17 18:20:00,160.0,3.0,0.4,1017.9,28.0,,0.4,0.5,0.5,3.0,2.0,2.0,1017.9,1018.1,1018.4,0.4,0.0,0.43333333333333335,0.05773502691896256,2.6666666666666665,0.5773502691896257,2.3333333333333335,0.5163977794943223,-0.5,-0.20000000000004547,0.3420201433256689,-0.9396926207859083,-1.0,-1.8369701987210297e-16,0.4,4.0
2026-07-17 19:20:00,150.0,4.0,0.4,1017.2,28.4,,0.4,0.4,0.4,4.0,4.0,3.0,1017.3,1017.6,1017.9,0.4,0.0,0.4,0.0,4.0,0.0,3.6666666666666665,0.5163977794943223,-0.6999999999999318,-0.39999999999997726,0.49999999999999994,-0.8660254037844387,-0.9659258262890684,0.2588190451025203,0.4,5.0
2026-07-17 20:20:00,140.0,5.0,0.4,1017.1,28.9,,0.4,0.4,0.4,5.0,5.0,4.0,1017.1,1017.1,1017.2,0.4,0.0,0.4,0.0,5.0,0.0,5.0,0.0,-0.10000000000002274,0.0,0.6427876096865395,-0.7660444431189779,-0.8660254037844386,0.5000000000000001,0.4,5.0
2026-07-17 21:20:00,160.0,4.0,0.4,1017.2,29.2,,0.4,0.4,0.4,4.0,5.0,5.0,1017.2,1017.4,1017.1,0.4,0.0,0.4,0.0,4.333333333333333,0.5773502691896258,4.666666666666667,0.5163977794943221,0.10000000000002274,-0.1999999999999318,0.3420201433256689,-0.9396926207859083,-0.7071067811865477,0.7071067811865474,0.4,4.0
2026-07-17 22:20:00,220.0,4.0,0.4,1016.8,28.9,,0.4,0.4,0.4,4.0,4.0,4.0,1017.0,1016.9,1017.2,0.4,0.0,0.4,0.0,4.0,0.0,4.0,0.0,-0.40000000000009095,-0.10000000000002274,-0.6427876096865393,-0.766044443118978,-0.5000000000000004,0.8660254037844384,0.4,3.0
2026-07-18 01:20:00,200.0,4.0,0.4,1017.4,28.0,,0.4,0.4,0.4,4.0,3.0,3.0,1017.6,1017.6,1017.3,0.4,0.0,0.4,0.0,4.0,0.0,3.5,0.5477225575051664,0.10000000000002274,-0.20000000000004547,-0.34202014332566866,-0.9396926207859084,0.25881904510252074,0.9659258262890683,0.4,4.0
2026-07-18 04:20:00,220.0,7.0,0.6,1017.8,26.8,,0.6,0.5,0.4,8.0,7.0,5.0,1017.5,1017.3,1017.2,0.6,0.0,0.5666666666666668,0.057735026918962526,7.333333333333333,0.5773502691896258,7.0,0.6324555320336805,0.599999999999909,0.5,-0.6427876096865393,-0.766044443118978,0.8660254037844386,0.5000000000000001,0.6,7.0
2026-07-18 06:20:00,240.0,5.0,0.8,1018.3,26.4,,0.8,0.8,0.7,4.0,5.0,5.0,1018.4,1018.4,1018.2,0.8,0.0,0.8,0.0,4.666666666666667,0.5773502691896258,4.833333333333333,0.40824829046386296,0.09999999999990905,-0.10000000000002274,-0.8660254037844385,-0.5000000000000004,1.0,6.123233995736766e-17,0.7,4.0
2026-07-18 08:20:00,220.0,3.0,0.6,1017.5,26.3,,0.6,0.6,0.6,3.0,3.0,3.0,1017.4,1017.7,1017.9,0.6,0.0,0.6,0.0,3.0,0.0,3.1666666666666665,0.40824829046386274,-0.39999999999997726,-0.20000000000004547,-0.6427876096865393,-0.766044443118978,0.8660254037844387,-0.4999999999999998,0.5,3.0
2026-07-18 09:20:00,180.0,3.0,0.6,1017.4,26.3,,0.6,0.5,0.6,2.0,3.0,3.0,1017.3,1017.3,1017.5,0.6,0.0,0.5666666666666668,0.05773502691896256,2.3333333333333335,0.5773502691896257,2.6666666666666665,0.5163977794943223,-0.10000000000002274,0.10000000000002274,1.2246467991473532e-16,-1.0,0.7071067811865476,-0.7071067811865475,0.5,3.0
2026-07-18 09:50:00,170.0,3.0,0.5,1017.3,26.5,,0.5,0.6,0.5,3.0,3.0,3.0,1017.4,1017.4,1017.3,0.5,0.0,0.55,0.05773502691896257,3.0,0.0,2.6666666666666665,0.5163977794943223,0.0,-0.10000000000002274,0.17364817766693028,-0.984807753012208,0.7071067811865476,-0.7071067811865475,0.5,2.0
2026-07-18 10:20:00,180.0,2.0,0.5,1017.8,26.5,,0.5,0.5,0.6,3.0,3.0,3.0,1017.6,1017.3,1017.4,0.5,0.0,0.5,0.0,2.6666666666666665,0.5773502691896257,2.8333333333333335,0.408248290463863,0.39999999999997726,0.5,1.2246467991473532e-16,-1.0,0.49999999999999994,-0.8660254037844387,0.4,2.0
2026-07-18 11:20:00,190.0,2.0,0.4,1018.4,26.7,,0.4,0.4,0.5,2.0,2.0,2.0,1018.1,1018.1,1017.8,0.4,0.0,0.4,0.0,2.0,0.0,2.0,0.0,0.6000000000000227,0.2999999999999545,-0.17364817766693047,-0.984807753012208,0.258819045102521,-0.9659258262890682,0.4,2.0
2026-07-18 12:20:00,180.0,2.0,0.4,1018.3,27.1,,0.4,0.4,0.4,2.0,2.0,2.0,1018.3,1018.2,1018.4,0.4,0.0,0.4,0.0,2.0,0.0,2.0,0.0,-0.10000000000002274,0.09999999999990905,1.2246467991473532e-16,-1.0,1.2246467991473532e-16,-1.0,0.4,2.0
2026-07-18 12:50:00,160.0,2.0,0.4,1018.6,27.2,,0.4,0.4,0.4,2.0,2.0,2.0,1018.5,1018.3,1018.2,0.4,0.0,0.4,0.0,2.0,0.0,2.0,0.0,0.39999999999997726,0.3000000000000682,0.3420201433256689,-0.9396926207859083,1.2246467991473532e-16,-1.0,0.3,4.0
2026-07-18 13:20:00,150.0,4.0,0.3,1018.7,27.7,,0.3,0.4,0.4,3.0,2.0,2.0,1018.7,1018.6,1018.3,0.3,0.0,0.35000000000000003,0.05773502691896258,3.3333333333333335,0.5773502691896257,2.6666666666666665,0.8164965809277264,0.40000000000009095,0.10000000000002274,0.49999999999999994,-0.8660254037844387,-0.2588190451025208,-0.9659258262890683,0.4,5.0
2026-07-18 14:20:00,160.0,6.0,0.3,1018.8,28.4,,0.3,0.4,0.3,5.0,5.0,4.0,1018.8,1018.6,1018.7,0.3,0.0,0.3333333333333333,0.0577350269189626,5.666666666666667,0.5773502691896258,5.166666666666667,0.7527726527090841,0.09999999999990905,0.1999999999999318,0.3420201433256689,-0.9396926207859083,-0.4999999999999997,-0.8660254037844388,0.3,6.0
2026-07-18 15:20:00,170.0,6.0,0.3,1019.1,28.6,,0.3,0.3,0.3,6.0,6.0,6.0,1019.0,1018.7,1018.8,0.3,0.0,0.3,0.0,6.0,0.0,6.0,0.0,0.3000000000000682,0.39999999999997726,0.17364817766693028,-0.984807753012208,-0.7071067811865471,-0.7071067811865479,0.4,6.0
2026-07-18 15:50:00,180.0,6.0,0.4,1018.8,28.6,,0.4,0.3,0.3,6.0,6.0,6.0,1018.9,1019.1,1018.7,0.4,0.0,0.35,0.05773502691896258,6.0,0.0,6.0,0.0,0.09999999999990905,-0.3000000000000682,1.2246467991473532e-16,-1.0,-0.7071067811865471,-0.7071067811865479,0.4,7.0
2026-07-18 16:20:00,170.0,7.0,0.4,1018.5,28.6,,0.4,0.4,0.3,6.0,6.0,6.0,1018.5,1018.8,1019.1,0.4,0.0,0.4,0.0,6.333333333333333,0.5773502691896258,6.166666666666667,0.40824829046386296,-0.6000000000000227,-0.2999999999999545,0.17364817766693028,-0.984807753012208,-0.8660254037844385,-0.5000000000000004,0.4,6.0
2026-07-18 18:20:00,150.0,6.0,0.4,1018.2,29.0,,0.4,0.4,0.4,6.0,5.0,6.0,1018.3,1018.4,1018.7,0.4,0.0,0.4,0.0,5.666666666666667,0.5773502691896258,5.333333333333333,0.5163977794943221,-0.5,-0.1999999999999318,0.49999999999999994,-0.8660254037844387,-1.0,-1.8369701987210297e-16,0.5,5.0
2026-07-18 20:20:00,170.0,7.0,0.4,1016.9,29.3,,0.4,0.5,0.5,6.0,5.0,5.0,1016.9,1017.1,1017.8,0.4,0.0,0.43333333333333335,0.05773502691896256,6.333333333333333,0.5773502691896258,5.666666666666667,0.8164965809277258,-0.8999999999999773,-0.20000000000004547,0.17364817766693028,-0.984807753012208,-0.8660254037844386,0.5000000000000001,0.5,7.0
2026-07-18 21:20:00,170.0,6.0,0.5,1016.3,29.3,,0.5,0.5,0.4,7.0,7.0,7.0,1016.4,1016.5,1016.9,0.5,0.0,0.5,0.0,6.666666666666667,0.5773502691896258,6.666666666666667,0.5163977794943198,-0.6000000000000227,-0.20000000000004547,0.17364817766693028,-0.984807753012208,-0.7071067811865477,0.7071067811865474,0.5,6.0
2026-07-18 22:20:00,170.0,5.0,0.5,1016.2,29.3,,0.5,0.5,0.5,6.0,6.0,6.0,1016.2,1016.1,1016.3,0.5,0.0,0.5,0.0,5.666666666666667,0.5773502691896258,5.833333333333333,0.40824829046386296,-0.09999999999990905,0.10000000000002274,0.17364817766693028,-0.984807753012208,-0.5000000000000004,0.8660254037844384,0.5,5.0
2026-07-19 01:20:00,150.0,7.0,0.5,1015.9,29.1,,0.5,0.6,0.5,7.0,7.0,7.0,1015.7,1016.0,1016.1,0.5,0.0,0.5333333333333333,0.05773502691896256,7.0,0.0,7.0,0.0,-0.20000000000004547,-0.10000000000002274,0.49999999999999994,-0.8660254037844387,0.25881904510252074,0.9659258262890683,0.6,7.0
2026-07-19 02:20:00,150.0,7.0,0.6,1016.4,29.0,,0.6,0.6,0.5,7.0,7.0,7.0,1016.3,1016.1,1015.9,0.6,0.0,0.6,0.0,7.0,0.0,7.0,0.0,0.5,0.2999999999999545,0.49999999999999994,-0.8660254037844387,0.49999999999999994,0.8660254037844387,0.5,7.0
2026-07-19 03:20:00,150.0,6.0,0.6,1016.6,29.0,,0.6,0.5,0.6,7.0,7.0,7.0,1016.6,1016.5,1016.4,0.6,0.0,0.5666666666666667,0.05773502691896256,6.666666666666667,0.5773502691896258,6.833333333333333,0.40824829046386296,0.20000000000004547,0.10000000000002274,0.49999999999999994,-0.8660254037844387,0.7071067811865476,0.7071067811865476,0.5,6.0
2026-07-19 04:20:00,160.0,6.0,0.5,1016.8,29.2,,0.5,0.5,0.6,7.0,6.0,6.0,1016.7,1016.5,1016.6,0.5,0.0,0.5,0.0,6.333333333333333,0.5773502691896258,6.166666666666667,0.40824829046386296,0.1999999999999318,0.2999999999999545,0.3420201433256689,-0.9396926207859083,0.8660254037844386,0.5000000000000001,0.5,6.0
2026-07-19 05:20:00,170.0,5.0,0.4,1016.8,29.1,,0.4,0.5,0.5,6.0,6.0,6.0,1016.8,1016.9,1016.8,0.4,0.0,0.43333333333333335,0.05773502691896256,5.666666666666667,0.5773502691896258,5.833333333333333,0.40824829046386296,0.0,-0.10000000000002274,0.17364817766693028,-0.984807753012208,0.9659258262890683,0.25881904510252074,0.5,5.0
2026-07-19 06:20:00,170.0,5.0,0.5,1016.4,28.9,,0.5,0.5,0.4,5.0,5.0,5.0,1016.5,1016.5,1016.8,0.5,0.0,0.5,0.0,5.0,0.0,5.166666666666667,0.4082482904638632,-0.39999999999997726,-0.10000000000002274,0.17364817766693028,-0.984807753012208,1.0,6.123233995736766e-17,0.5,5.0
2026-07-19 07:50:00,160.0,5.0,0.4,1015.9,28.8,,0.4,0.4,0.5,5.0,5.0,5.0,1016.1,1016.0,1016.2,0.4,0.0,0.4,0.0,5.333333333333333,0.5773502691896258,5.166666666666667,0.40824829046386296,-0.3000000000000682,-0.10000000000002274,0.3420201433256689,-0.9396926207859083,0.9659258262890683,-0.25881904510252063,0.4,6.0
2026-07-19 09:20:00,140.0,5.0,0.5,1015.7,28.6,,0.5,0.5,0.4,5.0,5.0,6.0,1015.7,1015.8,1015.7,0.5,0.0,0.5,0.0,5.0,0.0,5.333333333333333,0.5163977794943221,0.0,-0.09999999999990905,0.6427876096865395,-0.7660444431189779,0.7071067811865476,-0.7071067811865475,0.5,5.0
2026-07-19 10:20:00,140.0,5.0,0.5,1015.8,28.5,,0.5,0.5,0.5,5.0,5.0,5.0,1015.7,1015.8,1015.7,0.5,0.0,0.5,0.0,5.0,0.0,5.0,0.0,0.09999999999990905,0.0,0.6427876096865395,-0.7660444431189779,0.49999999999999994,-0.8660254037844387,0.5,4.0
2026-07-19 10:50:00,150.0,4.0,0.5,1016.2,28.5,,0.5,0.5,0.5,5.0,5.0,5.0,1016.2,1015.8,1015.8,0.5,0.0,0.5,0.0,4.666666666666667,0.5773502691896258,4.833333333333333,0.40824829046386296,0.40000000000009095,0.40000000000009095,0.49999999999999994,-0.8660254037844387,0.49999999999999994,-0.8660254037844387,0.5,5.0
2026-07-19 11:20:00,150.0,5.0,0.5,1016.3,28.7,,0.5,0.5,0.5,5.0,4.0,5.0,1016.4,1016.2,1015.8,0.5,0.0,0.5,0.0,5.0,0.0,4.833333333333333,0.40824829046386296,0.5,0.09999999999990905,0.49999999999999994,-0.8660254037844387,0.258819045102521,-0.9659258262890682,0.4,6.0
2026-07-19 12:20:00,150.0,7.0,0.5,1016.3,28.8,,0.5,0.4,0.5,7.0,6.0,5.0,1016.3,1016.2,1016.3,0.5,0.0,0.4666666666666666,0.05773502691896256,6.666666666666667,0.5773502691896258,6.333333333333333,0.5163977794943232,0.0,0.09999999999990905,0.49999999999999994,-0.8660254037844387,1.2246467991473532e-16,-1.0,0.5,5.0
2026-07-19 13:20:00,160.0,6.0,0.5,1016.4,28.9,,0.5,0.5,0.5,5.0,5.0,7.0,1016.4,1016.3,1016.3,0.5,0.0,0.5,0.0,5.333333333333333,0.5773502691896258,5.4,0.5477225575051657,0.10000000000002274,0.10000000000002274,0.3420201433256689,-0.9396926207859083,-0.2588190451025208,-0.9659258262890683,0.5,5.0
2026-07-19 15:20:00,170.0,5.0,0.5,1017.0,28.5,,0.5,0.5,0.5,5.0,4.0,5.0,1016.9,1016.8,1016.6,0.5,0.0,0.5,0.0,4.666666666666667,0.5773502691896258,4.666666666666667,0.5163977794943205,0.39999999999997726,0.20000000000004547,0.17364817766693028,-0.984807753012208,-0.7071067811865471,-0.7071067811865479,0.5,5.0
2026-07-19 16:20:00,160.0,7.0,0.5,1016.8,28.8,,0.5,0.5,0.5,6.0,5.0,5.0,1016.6,1016.8,1017.0,0.5,0.0,0.5,0.0,6.333333333333333,0.5773502691896258,5.5,1.0488088481701514,-0.20000000000004547,0.0,0.3420201433256689,-0.9396926207859083,-0.8660254037844385,-0.5000000000000004,0.5,5.0
2026-07-19 17:20:00,160.0,5.0,0.5,1016.5,28.8,,0.5,0.5,0.5,5.0,5.0,7.0,1016.5,1016.8,1016.8,0.5,0.0,0.5,0.0,5.0,0.0,5.166666666666667,0.4082482904638629,-0.2999999999999545,-0.2999999999999545,0.3420201433256689,-0.9396926207859083,-0.9659258262890683,-0.25881904510252063,0.5,5.0
2026-07-19 18:20:00,150.0,5.0,0.5,1015.4,29.0,,0.5,0.5,0.5,5.0,5.0,5.0,1015.6,1016.0,1016.5,0.5,0.0,0.5,0.0,5.0,0.0,5.166666666666667,0.40824829046386296,-1.1000000000000227,-0.6000000000000227,0.49999999999999994,-0.8660254037844387,-1.0,-1.8369701987210297e-16,0.5,5.0
2026-07-19 19:20:00,150.0,6.0,0.5,1015.1,29.3,,0.5,0.5,0.5,6.0,5.0,5.0,1015.2,1015.3,1015.4,0.5,0.0,0.5,0.0,5.666666666666667,0.5773502691896258,5.333333333333333,0.5163977794943221,-0.2999999999999545,-0.1999999999999318,0.49999999999999994,-0.8660254037844387,-0.9659258262890684,0.2588190451025203,0.6,6.0
2026-07-19 20:20:00,140.0,7.0,0.6,1014.3,29.3,,0.6,0.6,0.5,7.0,6.0,6.0,1014.6,1014.8,1015.1,0.6,0.0,0.6,0.0,7.0,0.0,6.666666666666667,0.5163977794943221,-0.8000000000000682,-0.5,0.6427876096865395,-0.7660444431189779,-0.8660254037844386,0.5000000000000001,0.6,8.0
2026-07-19 20:50:00,150.0,8.0,0.6,1014.9,29.3,,0.6,0.6,0.6,8.0,7.0,6.0,1014.3,1014.3,1014.8,0.6,0.0,0.6,0.0,7.666666666666667,0.5773502691896258,7.333333333333333,0.5163977794943232,0.10000000000002274,0.6000000000000227,0.49999999999999994,-0.8660254037844387,-0.8660254037844386,0.5000000000000001,0.6,7.0
2026-07-19 22:20:00,150.0,7.0,0.7,1014.5,29.3,,0.7,0.7,0.6,7.0,8.0,7.0,1014.5,1014.3,1014.3,0.7,0.0,0.7,0.0,7.333333333333333,0.5773502691896258,7.333333333333333,0.5163977794943234,0.20000000000004547,0.20000000000004547,0.49999999999999994,-0.8660254037844387,-0.5000000000000004,0.8660254037844384,0.7,6.0
2026-07-19 22:50:00,160.0,6.0,0.7,1014.3,29.3,,0.7,0.7,0.7,6.0,7.0,8.0,1014.4,1014.5,1014.3,0.7,0.0,0.7,0.0,6.0,0.0,6.666666666666667,0.8164965809277268,0.0,-0.20000000000004547,0.3420201433256689,-0.9396926207859083,-0.5000000000000004,0.8660254037844384,0.7,6.0
2026-07-20 00:20:00,160.0,7.0,0.7,1014.4,29.0,,0.7,0.6,0.7,6.0,6.0,6.0,1014.4,1014.0,1014.4,0.7,0.0,0.6749999999999999,0.049999999999999975,6.666666666666667,0.5773502691896258,6.333333333333333,0.5163977794943221,0.0,0.39999999999997726,0.3420201433256689,-0.9396926207859083,0.0,1.0,0.6,7.0
2026-07-20 00:50:00,150.0,7.0,0.6,1014.4,28.9,,0.6,0.7,0.6,6.0,7.0,6.0,1014.6,1014.4,1014.0,0.6,0.0,0.6499999999999999,0.05773502691896254,6.333333333333333,0.5773502691896258,6.5,0.5477225575051659,0.39999999999997726,0.0,0.49999999999999994,-0.8660254037844387,0.0,1.0,0.6,7.0
2026-07-20 01:20:00,150.0,7.0,0.6,1014.5,29.0,,0.6,0.6,0.7,6.0,7.0,7.0,1014.4,1014.4,1014.4,0.6,0.0,0.6,0.0,6.666666666666667,0.5773502691896258,6.5,0.5477225575051659,0.10000000000002274,0.10000000000002274,0.49999999999999994,-0.8660254037844387,0.25881904510252074,0.9659258262890683,0.7,6.0
2026-07-20 02:20:00,150.0,7.0,0.7,1014.9,28.9,,0.7,0.7,0.6,8.0,6.0,7.0,1014.7,1014.5,1014.5,0.7,0.0,0.7,0.0,7.333333333333333,0.5773502691896258,6.833333333333333,0.752772652709081,0.39999999999997726,0.39999999999997726,0.49999999999999994,-0.8660254037844387,0.49999999999999994,0.8660254037844387,0.7,7.0
2026-07-20 03:20:00,160.0,7.0,0.7,1015.2,28.8,,0.7,0.7,0.7,7.0,7.0,7.0,1015.1,1015.1,1014.9,0.7,0.0,0.7,0.0,7.0,0.0,7.0,0.0,0.3000000000000682,0.10000000000002274,0.3420201433256689,-0.9396926207859083,0.7071067811865476,0.7071067811865476,0.7,7.0
2026-07-20 04:20:00,160.0,8.0,0.8,1015.2,28.8,,0.8,0.7,0.7,8.0,7.0,7.0,1015.2,1015.4,1015.2,0.8,0.0,0.7666666666666666,0.057735026918962644,7.666666666666667,0.5773502691896258,7.333333333333333,0.5163977794943221,0.0,-0.1999999999999318,0.3420201433256689,-0.9396926207859083,0.8660254037844386,0.5000000000000001,0.8,7.0
2026-07-20 06:20:00,170.0,5.0,0.9,1014.9,28.4,,0.9,0.9,0.8,5.0,6.0,7.0,1014.9,1014.9,1015.0,0.9,0.0,0.9,0.0,5.333333333333333,0.5773502691896258,6.0,0.8944271909999154,-0.10000000000002274,0.0,0.17364817766693028,-0.984807753012208,1.0,6.123233995736766e-17,0.7,5.0
2026-07-20 06:50:00,170.0,5.0,0.7,1014.6,28.2,,0.7,0.9,0.9,5.0,5.0,6.0,1014.7,1014.9,1014.9,0.7,0.0,0.8,0.11547005383792516,5.0,0.0,5.166666666666667,0.40824829046386046,-0.2999999999999545,-0.2999999999999545,0.17364817766693028,-0.984807753012208,1.0,6.123233995736766e-17,0.7,5.0
2026-07-20 07:50:00,180.0,5.0,0.7,1014.2,28.1,,0.7,0.7,0.7,5.0,5.0,5.0,1014.2,1014.4,1014.6,0.7,0.0,0.7,0.0,5.0,0.0,5.0,0.0,-0.39999999999997726,-0.1999999999999318,1.2246467991473532e-16,-1.0,0.9659258262890683,-0.25881904510252063,0.7,6.0
2026-07-20 08:20:00,180.0,6.0,0.7,1014.1,28.0,,0.7,0.7,0.7,6.0,5.0,5.0,1014.1,1014.2,1014.4,0.7,0.0,0.7,0.0,6.0,0.0,5.5,0.5477225575051659,-0.2999999999999545,-0.10000000000002274,1.2246467991473532e-16,-1.0,0.8660254037844387,-0.4999999999999998,0.7,5.0
2026-07-20 08:50:00,170.0,5.0,0.7,1014.1,28.0,,0.7,0.7,0.7,6.0,6.0,5.0,1014.3,1014.1,1014.2,0.7,0.0,0.7,0.0,5.333333333333333,0.5773502691896258,5.666666666666667,0.5163977794943221,-0.10000000000002274,0.0,0.17364817766693028,-0.984807753012208,0.8660254037844387,-0.4999999999999998,0.7,6.0
2026-07-20 09:20:00,170.0,6.0,0.7,1014.3,27.9,,0.7,0.7,0.7,6.0,5.0,6.0,1014.3,1014.1,1014.1,0.7,0.0,0.7,0.0,5.666666666666667,0.5773502691896258,5.5,0.5477225575051659,0.1999999999999318,0.1999999999999318,0.17364817766693028,-0.984807753012208,0.7071067811865476,-0.7071067811865475,0.6,5.0
2026-07-20 10:20:00,170.0,4.0,0.6,1014.5,27.8,,0.6,0.6,0.7,4.0,5.0,6.0,1014.4,1014.4,1014.3,0.6,0.0,0.6,0.0,4.333333333333333,0.5773502691896258,5.0,0.8944271909999154,0.20000000000004547,0.10000000000002274,0.17364817766693028,-0.984807753012208,0.49999999999999994,-0.8660254037844387,0.6,5.0
2026-07-20 11:20:00,170.0,6.0,0.6,1014.5,27.6,,0.6,0.6,0.6,5.0,5.0,4.0,1014.5,1014.4,1014.5,0.6,0.0,0.6,0.0,5.333333333333333,0.5773502691896258,5.0,0.6324555320336751,0.0,0.10000000000002274,0.17364817766693028,-0.984807753012208,0.258819045102521,-0.9659258262890682,0.6,6.0
2026-07-20 13:20:00,180.0,6.0,0.6,1015.5,27.8,,0.6,0.6,0.6,6.0,5.0,6.0,1015.5,1015.4,1015.1,0.6,0.0,0.6,0.0,5.666666666666667,0.5773502691896258,5.5,0.5477225575051659,0.39999999999997726,0.10000000000002274,1.2246467991473532e-16,-1.0,-0.2588190451025208,-0.9659258262890683,0.6,6.0
2026-07-20 14:20:00,180.0,5.0,0.6,1016.2,27.9,,0.6,0.6,0.6,5.0,6.0,6.0,1016.1,1015.9,1015.5,0.6,0.0,0.6,0.0,5.333333333333333,0.5773502691896258,5.666666666666667,0.5163977794943221,0.7000000000000455,0.3000000000000682,1.2246467991473532e-16,-1.0,-0.4999999999999997,-0.8660254037844388,0.5,5.0
2026-07-20 15:20:00,180.0,5.0,0.6,1016.2,27.9,,0.6,0.5,0.6,5.0,5.0,5.0,1016.2,1016.1,1016.2,0.6,0.0,0.5666666666666668,0.05773502691896256,5.0,0.0,5.0,0.0,0.0,0.10000000000002274,1.2246467991473532e-16,-1.0,-0.7071067811865471,-0.7071067811865479,0.6,5.0
2026-07-20 16:20:00,170.0,5.0,0.6,1016.0,28.1,,0.6,0.6,0.6,5.0,5.0,5.0,1016.0,1016.1,1016.2,0.6,0.0,0.6,0.0,5.0,0.0,5.0,0.0,-0.20000000000004547,-0.10000000000002274,0.17364817766693028,-0.984807753012208,-0.8660254037844385,-0.5000000000000004,0.6,5.0
2026-07-20 16:50:00,170.0,5.0,0.6,1016.0,28.2,,0.6,0.6,0.6,5.0,5.0,5.0,1015.9,1016.0,1016.1,0.6,0.0,0.6,0.0,5.0,0.0,5.0,0.0,-0.10000000000002274,0.0,0.17364817766693028,-0.984807753012208,-0.8660254037844385,-0.5000000000000004,0.6,5.0
2026-07-20 17:20:00,160.0,5.0,0.6,1015.5,28.3,,0.6,0.6,0.6,5.0,5.0,5.0,1015.6,1016.0,1016.0,0.6,0.0,0.6,0.0,5.0,0.0,5.0,0.0,-0.5,-0.5,0.3420201433256689,-0.9396926207859083,-0.9659258262890683,-0.25881904510252063,0.6,6.0
2026-07-20 18:50:00,160.0,6.0,0.6,1015.6,28.8,,0.6,0.5,0.6,5.0,5.0,6.0,1015.5,1015.4,1015.6,0.6,0.0,0.5666666666666668,0.05773502691896258,5.333333333333333,0.5773502691896258,5.166666666666667,0.40824829046386296,0.0,0.20000000000004547,0.3420201433256689,-0.9396926207859083,-1.0,-1.8369701987210297e-16,0.6,6.0
2026-07-20 19:20:00,160.0,6.0,0.6,1015.3,28.8,,0.6,0.6,0.5,6.0,6.0,5.0,1015.3,1015.6,1015.4,0.6,0.0,0.6,0.0,6.0,0.0,5.666666666666667,0.5163977794943221,-0.10000000000002274,-0.3000000000000682,0.3420201433256689,-0.9396926207859083,-0.9659258262890684,0.2588190451025203,0.6,8.0
2026-07-20 20:20:00,180.0,5.0,0.6,1014.2,28.5,,0.6,0.6,0.6,6.0,8.0,6.0,1014.1,1014.9,1015.3,0.6,0.0,0.6,0.0,6.0,1.0,6.666666666666667,1.0327955589886448,-1.099999999999909,-0.6999999999999318,1.2246467991473532e-16,-1.0,-0.8660254037844386,0.5000000000000001,0.6,5.0
2026-07-20 21:20:00,140.0,5.0,0.6,1014.4,28.4,,0.6,0.6,0.6,5.0,5.0,5.0,1014.1,1014.4,1014.2,0.6,0.0,0.6,0.0,5.0,0.0,5.0,0.0,0.1999999999999318,0.0,0.6427876096865395,-0.7660444431189779,-0.7071067811865477,0.7071067811865474,0.6,8.0
2026-07-20 22:20:00,170.0,8.0,0.7,1014.6,28.8,,0.7,0.6,0.6,8.0,8.0,5.0,1014.6,1014.6,1014.4,0.7,0.0,0.6666666666666666,0.05773502691896258,8.0,0.0,7.5,0.8366600265340755,0.20000000000004547,0.0,0.17364817766693028,-0.984807753012208,-0.5000000000000004,0.8660254037844384,0.7,7.0
2026-07-20 23:20:00,150.0,7.0,0.7,1013.9,28.5,,0.7,0.7,0.7,7.0,7.0,8.0,1014.0,1014.3,1014.6,0.7,0.0,0.7,0.0,7.0,0.0,7.333333333333333,0.5163977794943221,-0.7000000000000455,-0.39999999999997726,0.49999999999999994,-0.8660254037844387,-0.25881904510252157,0.9659258262890681,0.7,8.0
2026-07-20 23:50:00,160.0,8.0,0.7,1014.3,28.5,,0.7,0.7,0.7,8.0,7.0,7.0,1014.1,1013.9,1014.3,0.7,0.0,0.7,0.0,8.0,0.0,7.5,0.5477225575051659,0.0,0.39999999999997726,0.3420201433256689,-0.9396926207859083,-0.25881904510252157,0.9659258262890681,0.7,7.0
2026-07-21 00:50:00,150.0,7.0,0.8,1014.8,28.6,,0.8,0.7,0.7,7.0,7.0,8.0,1014.7,1014.8,1014.3,0.8,0.0,0.7666666666666666,0.057735026918962644,7.0,0.0,7.166666666666667,0.4082482904638632,0.5,0.0,0.49999999999999994,-0.8660254037844387,0.0,1.0,0.8,7.0
2026-07-21 01:20:00,150.0,7.0,0.8,1014.7,28.7,,0.8,0.8,0.7,8.0,7.0,7.0,1014.7,1014.8,1014.8,0.8,0.0,0.8,0.0,7.333333333333333,0.5773502691896258,7.166666666666667,0.40824829046386296,-0.09999999999990905,-0.09999999999990905,0.49999999999999994,-0.8660254037844387,0.25881904510252074,0.9659258262890683,0.9,8.0
2026-07-21 02:20:00,160.0,9.0,0.8,1015.3,28.6,,0.8,0.9,0.8,8.0,8.0,7.0,1015.3,1015.1,1014.7,0.8,0.0,0.8333333333333334,0.05773502691896256,8.0,1.0,8.0,0.6324555320336763,0.599999999999909,0.1999999999999318,0.3420201433256689,-0.9396926207859083,0.49999999999999994,0.8660254037844387,0.9,10.0
2026-07-21 03:20:00,160.0,9.0,1.1,1015.5,29.1,,1.1,0.9,0.8,10.0,10.0,9.0,1015.4,1015.1,1015.3,1.1,0.0,1.0333333333333334,0.11547005383792502,9.666666666666666,0.5773502691896255,9.833333333333334,0.7527726527090821,0.20000000000004547,0.39999999999997726,0.3420201433256689,-0.9396926207859083,0.7071067811865476,0.7071067811865476,1.2,9.0
2026-07-21 04:20:00,170.0,9.0,1.0,1015.4,28.7,,1.0,1.2,1.1,9.0,9.0,9.0,1015.4,1015.5,1015.5,1.0,0.0,1.0666666666666667,0.115470053837925,9.0,0.0,9.0,0.0,-0.10000000000002274,-0.10000000000002274,0.17364817766693028,-0.984807753012208,0.8660254037844386,0.5000000000000001,1.0,8.0
2026-07-21 08:20:00,170.0,7.0,0.9,1014.6,28.1,,0.9,0.9,0.8,7.0,7.0,7.0,1014.5,1014.6,1014.6,0.9,0.0,0.9,0.0,7.0,0.0,7.333333333333333,0.5163977794943223,0.0,0.0,0.17364817766693028,-0.984807753012208,0.8660254037844387,-0.4999999999999998,0.9,7.0
2026-07-21 09:20:00,180.0,7.0,0.9,1014.6,28.0,,0.9,0.9,0.9,7.0,7.0,7.0,1014.6,1014.4,1014.6,0.9,0.0,0.9,0.0,7.0,0.0,7.0,0.0,0.0,0.20000000000004547,1.2246467991473532e-16,-1.0,0.7071067811865476,-0.7071067811865475,0.8,7.0
2026-07-21 09:50:00,170.0,7.0,0.8,1014.9,28.0,,0.8,0.9,0.9,7.0,7.0,7.0,1014.8,1014.6,1014.4,0.8,0.0,0.85,0.05773502691896256,7.0,0.0,7.0,0.0,0.5,0.2999999999999545,0.17364817766693028,-0.984807753012208,0.7071067811865476,-0.7071067811865475,0.8,7.0
2026-07-21 10:20:00,180.0,7.0,0.8,1015.4,28.0,,0.8,0.8,0.9,7.0,7.0,7.0,1015.2,1014.9,1014.6,0.8,0.0,0.8,0.0,7.0,0.0,7.0,0.0,0.7999999999999545,0.5,1.2246467991473532e-16,-1.0,0.49999999999999994,-0.8660254037844387,0.8,7.0
2026-07-21 11:20:00,180.0,7.0,0.8,1016.0,28.0,,0.8,0.8,0.8,7.0,7.0,7.0,1016.0,1015.9,1015.4,0.8,0.0,0.8,0.0,6.666666666666667,0.5773502691896258,6.833333333333333,0.40824829046386296,0.6000000000000227,0.10000000000002274,1.2246467991473532e-16,-1.0,0.258819045102521,-0.9659258262890682,0.7,7.0
2026-07-21 12:20:00,170.0,6.0,0.7,1016.2,28.0,,0.7,0.7,0.8,7.0,7.0,7.0,1016.2,1016.2,1016.0,0.7,0.0,0.7,0.0,6.333333333333333,0.5773502691896258,6.666666666666667,0.5163977794943221,0.20000000000004547,0.0,0.17364817766693028,-0.984807753012208,1.2246467991473532e-16,-1.0,0.7,6.0
2026-07-21 12:50:00,170.0,6.0,0.7,1016.5,28.0,,0.7,0.7,0.7,6.0,6.0,7.0,1016.5,1016.2,1016.2,0.7,0.0,0.7,0.0,6.0,0.0,6.166666666666667,0.4082482904638632,0.2999999999999545,0.2999999999999545,0.17364817766693028,-0.984807753012208,1.2246467991473532e-16,-1.0,0.6,5.0
2026-07-21 13:20:00,180.0,5.0,0.6,1016.8,28.0,,0.6,0.7,0.7,6.0,6.0,6.0,1016.7,1016.5,1016.2,0.6,0.0,0.6499999999999999,0.05773502691896254,5.666666666666667,0.5773502691896258,5.833333333333333,0.40824829046386296,0.599999999999909,0.2999999999999545,1.2246467991473532e-16,-1.0,-0.2588190451025208,-0.9659258262890683,0.7,5.0
2026-07-21 15:20:00,180.0,5.0,0.6,1017.5,28.1,,0.6,0.7,0.6,5.0,5.0,5.0,1017.5,1017.4,1017.3,0.6,0.0,0.6333333333333333,0.05773502691896258,5.0,0.0,5.0,0.0,0.20000000000004547,0.10000000000002274,1.2246467991473532e-16,-1.0,-0.7071067811865471,-0.7071067811865479,0.6,5.0
2026-07-21 16:20:00,170.0,5.0,0.6,1017.3,28.2,,0.6,0.6,0.6,5.0,5.0,5.0,1017.4,1017.4,1017.5,0.6,0.0,0.6,0.0,5.0,0.0,5.0,0.0,-0.20000000000004547,-0.10000000000002274,0.17364817766693028,-0.984807753012208,-0.8660254037844385,-0.5000000000000004,0.6,6.0
2026-07-21 17:20:00,170.0,6.0,0.6,1017.0,28.3,,0.6,0.6,0.6,6.0,6.0,5.0,1017.0,1017.2,1017.3,0.6,0.0,0.6,0.0,6.0,0.0,5.833333333333333,0.4082482904638632,-0.2999999999999545,-0.20000000000004547,0.17364817766693028,-0.984807753012208,-0.9659258262890683,-0.25881904510252063,0.6,6.0
2026-07-21 18:20:00,160.0,6.0,0.6,1016.7,28.6,,0.6,0.6,0.6,6.0,6.0,6.0,1016.7,1016.6,1017.0,0.6,0.0,0.6,0.0,6.0,0.0,6.0,0.0,-0.2999999999999545,0.10000000000002274,0.3420201433256689,-0.9396926207859083,-1.0,-1.8369701987210297e-16,0.6,6.0
2026-07-21 18:50:00,160.0,6.0,0.6,1016.5,28.7,,0.6,0.6,0.6,6.0,6.0,6.0,1016.5,1016.7,1016.6,0.6,0.0,0.6,0.0,6.0,0.0,6.0,0.0,-0.10000000000002274,-0.20000000000004547,0.3420201433256689,-0.9396926207859083,-1.0,-1.8369701987210297e-16,0.6,6.0
2026-07-21 19:50:00,150.0,6.0,0.6,1016.2,29.0,,0.6,0.6,0.6,7.0,6.0,6.0,1016.3,1016.4,1016.5,0.6,0.0,0.6,0.0,6.666666666666667,0.5773502691896258,6.333333333333333,0.5163977794943221,-0.2999999999999545,-0.1999999999999318,0.49999999999999994,-0.8660254037844387,-0.9659258262890684,0.2588190451025203,0.7,7.0
2026-07-21 20:20:00,140.0,7.0,0.7,1015.9,29.0,,0.7,0.6,0.6,7.0,6.0,6.0,1016.0,1016.2,1016.4,0.7,0.0,0.6499999999999999,0.05773502691896256,7.0,0.0,6.833333333333333,0.4082482904638632,-0.5,-0.3000000000000682,0.6427876096865395,-0.7660444431189779,-0.8660254037844386,0.5000000000000001,0.6,7.0
2026-07-21 22:20:00,140.0,6.0,0.6,1015.5,29.1,,0.6,0.6,0.6,7.0,7.0,7.0,1015.5,1015.5,1015.7,0.6,0.0,0.6,0.0,6.666666666666667,0.5773502691896258,6.833333333333333,0.40824829046386296,-0.20000000000004547,0.0,0.6427876096865395,-0.7660444431189779,-0.5000000000000004,0.8660254037844384,0.7,7.0
2026-07-22 00:50:00,140.0,8.0,0.7,1015.2,28.9,,0.7,0.7,0.7,7.0,7.0,7.0,1015.4,1015.3,1015.4,0.7,0.0,0.7,0.0,7.666666666666667,0.5773502691896258,7.5,0.5477225575051659,-0.1999999999999318,-0.09999999999990905,0.6427876096865395,-0.7660444431189779,0.0,1.0,0.7,7.0
2026-07-22 01:20:00,150.0,7.0,0.7,1015.3,28.8,,0.7,0.7,0.7,8.0,8.0,7.0,1015.2,1015.2,1015.3,0.7,0.0,0.7,0.0,7.666666666666667,0.5773502691896258,7.666666666666667,0.5163977794943221,0.0,0.09999999999990905,0.49999999999999994,-0.8660254037844387,0.25881904510252074,0.9659258262890683,0.7,7.0
2026-07-22 02:20:00,150.0,6.0,0.7,1016.2,28.6,,0.7,0.7,0.7,7.0,7.0,7.0,1016.1,1015.8,1015.3,0.7,0.0,0.7,0.0,6.666666666666667,0.5773502691896258,6.833333333333333,0.40824829046386296,0.900000000000091,0.40000000000009095,0.49999999999999994,-0.8660254037844387,0.49999999999999994,0.8660254037844387,0.7,6.0
2026-07-22 03:20:00,160.0,6.0,0.7,1016.5,28.4,,0.7,0.7,0.7,6.0,6.0,6.0,1016.5,1016.5,1016.2,0.7,0.0,0.7,0.0,6.0,0.0,6.0,0.0,0.2999999999999545,0.0,0.3420201433256689,-0.9396926207859083,0.7071067811865476,0.7071067811865476,0.7,5.0
2026-07-22 04:20:00,170.0,4.0,0.7,1017.1,28.2,,0.7,0.7,0.7,4.0,5.0,6.0,1017.2,1017.0,1016.5,0.7,0.0,0.7,0.0,4.0,0.0,4.666666666666667,0.8164965809277251,0.6000000000000227,0.10000000000002274,0.17364817766693028,-0.984807753012208,0.8660254037844386,0.5000000000000001,0.7,4.0
2026-07-22 05:20:00,170.0,4.0,0.6,1016.8,28.0,,0.6,0.7,0.7,4.0,4.0,4.0,1017.0,1017.1,1017.1,0.6,0.0,0.6333333333333333,0.05773502691896255,4.0,0.0,4.0,0.0,-0.3000000000000682,-0.3000000000000682,0.17364817766693028,-0.984807753012208,0.9659258262890683,0.25881904510252074,0.7,5.0
2026-07-22 12:20:00,200.0,3.0,0.6,1016.9,27.3,,0.6,0.6,0.5,3.0,3.0,4.0,1016.6,1016.5,1016.0,0.6,0.0,0.6,0.0,3.3333333333333335,0.5773502691896257,3.5,0.5477225575051659,0.8999999999999773,0.39999999999997726,-0.34202014332566866,-0.9396926207859084,1.2246467991473532e-16,-1.0,0.6,2.0
2026-07-22 13:20:00,180.0,2.0,0.5,1017.1,27.4,,0.5,0.6,0.6,2.0,2.0,3.0,1017.2,1017.1,1016.9,0.5,0.0,0.5333333333333333,0.05773502691896258,2.0,0.0,2.0,0.0,0.20000000000004547,0.0,1.2246467991473532e-16,-1.0,-0.2588190451025208,-0.9659258262890683,0.5,1.0
2026-07-22 14:20:00,170.0,2.0,0.6,1017.2,27.6,,0.6,0.5,0.5,1.0,1.0,2.0,1017.3,1017.4,1017.1,0.6,0.0,0.5666666666666667,0.05773502691896255,1.3333333333333333,0.5773502691896258,1.5,0.5477225575051661,0.10000000000002274,-0.1999999999999318,0.17364817766693028,-0.984807753012208,-0.4999999999999997,-0.8660254037844388,0.5,3.0
2026-07-22 15:20:00,170.0,3.0,0.5,1017.4,27.8,,0.5,0.5,0.6,3.0,3.0,2.0,1017.5,1017.4,1017.2,0.5,0.0,0.5,0.0,3.0,0.0,2.8333333333333335,0.40824829046386363,0.1999999999999318,0.0,0.17364817766693028,-0.984807753012208,-0.7071067811865471,-0.7071067811865479,0.5,3.0
2026-07-22 15:50:00,180.0,3.0,0.5,1017.9,28.0,,0.5,0.5,0.5,3.0,3.0,3.0,1017.7,1017.4,1017.4,0.5,0.0,0.5,0.0,3.0,0.0,3.0,0.0,0.5,0.5,1.2246467991473532e-16,-1.0,-0.7071067811865471,-0.7071067811865479,0.5,3.0
2026-07-22 20:20:00,140.0,4.0,0.6,1016.4,29.6,,0.6,0.5,0.5,4.0,4.0,3.0,1016.5,1016.6,1016.6,0.6,0.0,0.5666666666666667,0.05773502691896255,4.0,0.0,4.0,0.0,-0.20000000000004547,-0.20000000000004547,0.6427876096865395,-0.7660444431189779,-0.8660254037844386,0.5000000000000001,0.5,5.0
2026-07-22 21:20:00,130.0,5.0,0.5,1016.2,29.6,,0.5,0.5,0.6,5.0,5.0,4.0,1016.1,1016.2,1016.4,0.5,0.0,0.5,0.0,5.0,0.0,4.666666666666667,0.5163977794943221,-0.1999999999999318,0.0,0.766044443118978,-0.6427876096865394,-0.7071067811865477,0.7071067811865474,0.5,5.0
2026-07-22 21:50:00,130.0,5.0,0.5,1016.1,29.6,,0.5,0.5,0.5,5.0,5.0,5.0,1016.1,1016.2,1016.2,0.5,0.0,0.5,0.0,4.666666666666667,0.5773502691896258,4.833333333333333,0.4082482904638632,-0.10000000000002274,-0.10000000000002274,0.766044443118978,-0.6427876096865394,-0.7071067811865477,0.7071067811865474,0.5,5.0
2026-07-22 22:20:00,120.0,5.0,0.5,1016.2,29.3,,0.5,0.5,0.5,5.0,5.0,5.0,1016.2,1016.1,1016.2,0.5,0.0,0.5,0.0,5.0,0.0,4.833333333333333,0.4082482904638632,0.0,0.10000000000002274,0.8660254037844387,-0.4999999999999998,-0.5000000000000004,0.8660254037844384,0.6,5.0
2026-07-23 00:20:00,120.0,5.0,0.6,1016.7,29.1,,0.6,0.6,0.6,5.0,5.0,5.0,1016.7,1016.5,1016.5,0.6,0.0,0.6,0.0,5.0,0.0,5.0,0.0,0.20000000000004547,0.20000000000004547,0.8660254037844387,-0.4999999999999998,0.0,1.0,0.5,5.0
2026-07-23 01:20:00,130.0,5.0,0.6,1017.2,28.8,,0.6,0.5,0.6,5.0,5.0,5.0,1017.0,1016.9,1016.7,0.6,0.0,0.5666666666666668,0.05773502691896256,5.0,0.0,5.0,0.0,0.5,0.3000000000000682,0.766044443118978,-0.6427876096865394,0.25881904510252074,0.9659258262890683,0.5,5.0
2026-07-23 03:20:00,140.0,5.0,0.6,1017.4,28.5,,0.6,0.6,0.6,5.0,5.0,5.0,1017.5,1017.4,1017.5,0.6,0.0,0.6,0.0,5.0,0.0,5.0,0.0,-0.10000000000002274,0.0,0.6427876096865395,-0.7660444431189779,0.7071067811865476,0.7071067811865476,0.6,4.0
2026-07-23 04:20:00,140.0,5.0,0.6,1017.4,28.5,,0.6,0.6,0.6,5.0,4.0,5.0,1017.4,1017.4,1017.4,0.6,0.0,0.6,0.0,4.666666666666667,0.5773502691896258,4.666666666666667,0.5163977794943221,0.0,0.0,0.6427876096865395,-0.7660444431189779,0.8660254037844386,0.5000000000000001,0.6,5.0
2026-07-23 05:20:00,140.0,5.0,0.6,1017.3,28.5,,0.6,0.6,0.6,5.0,5.0,5.0,1017.4,1017.4,1017.4,0.6,0.0,0.6,0.0,5.0,0.0,4.833333333333333,0.4082482904638632,-0.10000000000002274,-0.10000000000002274,0.6427876096865395,-0.7660444431189779,0.9659258262890683,0.25881904510252074,0.6,5.0
2026-07-23 06:20:00,140.0,4.0,0.6,1017.0,28.5,,0.6,0.6,0.6,5.0,5.0,5.0,1016.9,1017.0,1017.3,0.6,0.0,0.6,0.0,4.666666666666667,0.5773502691896258,4.833333333333333,0.40824829046386296,-0.2999999999999545,0.0,0.6427876096865395,-0.7660444431189779,1.0,6.123233995736766e-17,0.7,4.0
2026-07-23 07:20:00,160.0,3.0,0.6,1016.9,28.4,,0.6,0.7,0.6,4.0,4.0,4.0,1017.0,1017.0,1017.0,0.6,0.0,0.6333333333333333,0.05773502691896256,3.6666666666666665,0.5773502691896257,3.8333333333333335,0.408248290463863,-0.10000000000002274,-0.10000000000002274,0.3420201433256689,-0.9396926207859083,0.9659258262890683,-0.25881904510252063,0.6,3.0
2026-07-23 10:20:00,140.0,1.0,0.6,1018.0,27.8,,0.6,0.6,0.6,2.0,2.0,2.0,1017.9,1017.7,1017.4,0.6,0.0,0.6,0.0,1.6666666666666667,0.5773502691896258,1.8333333333333333,0.408248290463863,0.6000000000000227,0.2999999999999545,0.6427876096865395,-0.7660444431189779,0.49999999999999994,-0.8660254037844387,0.6,1.0
2026-07-23 11:20:00,120.0,1.0,0.6,1018.4,27.8,,0.6,0.6,0.6,1.0,1.0,1.0,1018.4,1018.2,1018.0,0.6,0.0,0.6,0.0,1.0,0.0,1.0,0.0,0.39999999999997726,0.1999999999999318,0.8660254037844387,-0.4999999999999998,0.258819045102521,-0.9659258262890682,0.6,2.0
2026-07-23 12:20:00,130.0,1.0,0.7,1018.7,27.8,,0.7,0.6,0.6,1.0,2.0,1.0,1018.7,1018.4,1018.4,0.7,0.0,0.6666666666666666,0.05773502691896258,1.0,0.0,1.3333333333333333,0.5163977794943222,0.3000000000000682,0.3000000000000682,0.766044443118978,-0.6427876096865394,1.2246467991473532e-16,-1.0,0.6,1.0
2026-07-23 13:20:00,,0.0,0.6,1019.3,28.9,,0.6,0.6,0.7,0.0,1.0,1.0,1019.2,1019.1,1018.7,0.6,0.0,0.6,0.0,0.0,0.0,0.3333333333333333,0.5163977794943226,0.599999999999909,0.1999999999999318,,,-0.2588190451025208,-0.9659258262890683,0.6,1.0
2026-07-23 13:50:00,360.0,1.0,0.6,1019.3,28.8,,0.6,0.6,0.6,0.0,0.0,1.0,1019.4,1019.3,1019.1,0.6,0.0,0.6,0.0,0.3333333333333333,0.5773502691896258,0.16666666666666666,0.408248290463863,0.1999999999999318,0.0,-2.4492935982947064e-16,1.0,-0.2588190451025208,-0.9659258262890683,0.6,1.0
2026-07-23 14:20:00,20.0,1.0,0.6,1019.6,28.7,,0.6,0.6,0.6,0.0,1.0,0.0,1019.5,1019.3,1019.3,0.6,0.0,0.6,0.0,0.3333333333333333,0.5773502691896258,0.3333333333333333,0.5163977794943223,0.3000000000000682,0.3000000000000682,0.3420201433256687,0.9396926207859084,-0.4999999999999997,-0.8660254037844388,0.6,1.0
2026-07-23 15:20:00,40.0,1.0,0.6,1019.9,28.7,,0.6,0.6,0.6,1.0,1.0,1.0,1019.9,1019.8,1019.6,0.6,0.0,0.6,0.0,1.0,0.0,1.0,0.0,0.2999999999999545,0.10000000000002274,0.6427876096865393,0.766044443118978,-0.7071067811865471,-0.7071067811865479,0.6,2.0
2026-07-23 16:20:00,30.0,2.0,0.6,1019.5,28.8,,0.6,0.6,0.6,2.0,2.0,1.0,1019.6,1019.5,1019.9,0.6,0.0,0.6,0.0,2.0,0.0,1.6666666666666667,0.5163977794943222,-0.39999999999997726,0.0,0.49999999999999994,0.8660254037844387,-0.8660254037844385,-0.5000000000000004,0.6,1.0
2026-07-23 17:20:00,40.0,2.0,0.6,1019.3,29.1,,0.6,0.6,0.6,2.0,1.0,2.0,1019.2,1019.4,1019.5,0.6,0.0,0.6,0.0,2.0,0.0,1.5,0.5477225575051661,-0.20000000000004547,-0.10000000000002274,0.6427876096865393,0.766044443118978,-0.9659258262890683,-0.25881904510252063,0.6,2.0
2026-07-23 18:20:00,60.0,3.0,0.5,1018.5,28.9,,0.5,0.6,0.6,2.0,2.0,2.0,1018.6,1019.0,1019.3,0.5,0.0,0.5333333333333333,0.05773502691896258,2.3333333333333335,0.5773502691896257,2.1666666666666665,0.408248290463863,-0.7999999999999545,-0.5,0.8660254037844386,0.5000000000000001,-1.0,-1.8369701987210297e-16,0.5,2.0
2026-07-23 19:20:00,60.0,3.0,0.5,1017.9,29.1,,0.5,0.5,0.5,2.0,2.0,3.0,1018.0,1018.1,1018.5,0.5,0.0,0.5,0.0,2.6666666666666665,0.5773502691896257,2.6666666666666665,0.5163977794943226,-0.6000000000000227,-0.20000000000004547,0.8660254037844386,0.5000000000000001,-0.9659258262890684,0.2588190451025203,0.5,2.0
2026-07-23 20:20:00,70.0,3.0,0.5,1017.7,29.3,,0.5,0.5,0.5,3.0,2.0,3.0,1017.7,1017.7,1017.9,0.5,0.0,0.5,0.0,3.0,0.0,2.5,0.5477225575051664,-0.1999999999999318,0.0,0.9396926207859083,0.3420201433256688,-0.8660254037844386,0.5000000000000001,0.5,3.0
2026-07-23 21:20:00,90.0,3.0,0.5,1017.6,29.4,,0.5,0.5,0.5,3.0,3.0,3.0,1017.7,1017.8,1017.7,0.5,0.0,0.5,0.0,3.0,0.0,3.0,0.0,-0.10000000000002274,-0.1999999999999318,1.0,6.123233995736766e-17,-0.7071067811865477,0.7071067811865474,0.6,3.0
2026-07-24 00:50:00,100.0,5.0,0.6,1018.1,29.0,,0.6,0.6,0.6,4.0,4.0,4.0,1018.0,1018.1,1017.9,0.6,0.0,0.6,0.0,4.333333333333333,0.5773502691896258,4.166666666666667,0.40824829046386296,0.20000000000004547,0.0,0.984807753012208,-0.1736481776669303,0.0,1.0,0.6,5.0
2026-07-24 01:20:00,100.0,5.0,0.6,1018.2,28.9,,0.6,0.6,0.6,5.0,5.0,4.0,1018.2,1018.1,1018.1,0.6,0.0,0.6,0.0,5.0,0.0,4.666666666666667,0.5163977794943221,0.10000000000002274,0.10000000000002274,0.984807753012208,-0.1736481776669303,0.25881904510252074,0.9659258262890683,0.6,4.0
2026-07-24 01:50:00,100.0,4.0,0.6,1018.6,28.9,,0.6,0.6,0.6,5.0,5.0,5.0,1018.4,1018.2,1018.1,0.6,0.0,0.6,0.0,4.666666666666667,0.5773502691896258,4.833333333333333,0.40824829046386296,0.5,0.39999999999997726,0.984807753012208,-0.1736481776669303,0.25881904510252074,0.9659258262890683,0.6,4.0
2026-07-24 02:20:00,100.0,4.0,0.6,1018.7,28.8,,0.6,0.6,0.6,4.0,4.0,5.0,1018.7,1018.6,1018.2,0.6,0.0,0.6,0.0,4.0,0.0,4.333333333333333,0.5163977794943221,0.5,0.10000000000002274,0.984807753012208,-0.1736481776669303,0.49999999999999994,0.8660254037844387,0.6,4.0
2026-07-24 04:20:00,100.0,4.0,0.7,1019.0,28.7,,0.7,0.6,0.7,4.0,4.0,4.0,1018.9,1019.0,1019.1,0.7,0.0,0.6666666666666666,0.05773502691896255,4.0,0.0,4.0,0.0,-0.10000000000002274,0.0,0.984807753012208,-0.1736481776669303,0.8660254037844386,0.5000000000000001,0.7,3.0
2026-07-24 05:20:00,100.0,4.0,0.7,1018.4,28.5,,0.7,0.7,0.7,4.0,3.0,4.0,1018.5,1018.8,1019.0,0.7,0.0,0.7,0.0,3.6666666666666665,0.5773502691896257,3.6666666666666665,0.5163977794943223,-0.6000000000000227,-0.39999999999997726,0.984807753012208,-0.1736481776669303,0.9659258262890683,0.25881904510252074,0.7,4.0
2026-07-24 06:20:00,90.0,4.0,0.7,1018.2,28.5,,0.7,0.7,0.7,4.0,4.0,4.0,1018.2,1018.3,1018.4,0.7,0.0,0.7,0.0,4.0,0.0,4.0,0.0,-0.1999999999999318,-0.09999999999990905,1.0,6.123233995736766e-17,1.0,6.123233995736766e-17,0.8,4.0
2026-07-24 08:20:00,90.0,3.0,0.8,1017.5,28.4,,0.8,0.7,0.8,3.0,4.0,4.0,1017.6,1017.5,1017.7,0.8,0.0,0.7666666666666667,0.057735026918962644,3.3333333333333335,0.5773502691896257,3.6666666666666665,0.5163977794943223,-0.20000000000004547,0.0,1.0,6.123233995736766e-17,0.8660254037844387,-0.4999999999999998,0.7,3.0
2026-07-24 09:20:00,90.0,3.0,0.8,1017.3,28.3,,0.8,0.7,0.8,3.0,3.0,3.0,1017.4,1017.6,1017.5,0.8,0.0,0.7666666666666666,0.057735026918962644,3.0,0.0,2.8333333333333335,0.408248290463864,-0.20000000000004547,-0.3000000000000682,1.0,6.123233995736766e-17,0.7071067811865476,-0.7071067811865475,0.9,3.0
2026-07-24 11:20:00,90.0,2.0,0.9,1018.1,28.3,,0.9,0.8,0.9,2.0,3.0,2.0,1018.0,1017.9,1017.7,0.9,0.0,0.8666666666666667,0.05773502691896258,2.0,0.0,2.3333333333333335,0.5163977794943226,0.39999999999997726,0.20000000000004547,1.0,6.123233995736766e-17,0.258819045102521,-0.9659258262890682,1.0,3.0
2026-07-24 12:20:00,70.0,2.0,0.9,1018.7,28.5,,0.9,1.0,0.9,2.0,3.0,2.0,1018.6,1018.5,1018.1,0.9,0.0,0.9333333333333332,0.05773502691896256,2.3333333333333335,0.5773502691896257,2.6666666666666665,0.5163977794943223,0.6000000000000227,0.20000000000004547,0.9396926207859083,0.3420201433256688,1.2246467991473532e-16,-1.0,1.0,2.0
2026-07-24 13:20:00,60.0,1.0,1.0,1019.0,28.2,,1.0,1.0,0.9,1.0,2.0,2.0,1019.0,1019.0,1018.7,1.0,0.0,1.0,0.0,1.3333333333333333,0.5773502691896258,1.5,0.5477225575051673,0.2999999999999545,0.0,0.8660254037844386,0.5000000000000001,-0.2588190451025208,-0.9659258262890683,1.0,1.0
2026-07-24 14:20:00,50.0,1.0,1.0,1019.3,28.5,,1.0,1.0,1.0,1.0,1.0,1.0,1019.2,1019.2,1019.0,1.0,0.0,1.0,0.0,1.0,0.0,1.0,0.0,0.2999999999999545,0.09999999999990905,0.766044443118978,0.6427876096865394,-0.4999999999999997,-0.8660254037844388,1.0,1.0
2026-07-24 15:20:00,80.0,3.0,0.9,1019.3,28.4,,0.9,1.0,1.0,1.0,1.0,1.0,1019.3,1019.3,1019.3,0.9,0.0,0.9333333333333332,0.05773502691896255,1.6666666666666667,1.1547005383792517,1.3333333333333333,0.816496580927726,0.0,0.0,0.984807753012208,0.17364817766693041,-0.7071067811865471,-0.7071067811865479,0.9,3.0
2026-07-24 16:20:00,90.0,1.0,1.0,1019.4,28.8,,1.0,0.9,0.9,2.0,3.0,3.0,1019.4,1019.5,1019.3,1.0,0.0,0.9666666666666667,0.05773502691896258,1.6666666666666667,0.5773502691896258,2.3333333333333335,0.816496580927726,0.10000000000002274,-0.10000000000002274,1.0,6.123233995736766e-17,-0.8660254037844385,-0.5000000000000004,0.9,1.0
2026-07-24 17:20:00,50.0,2.0,0.9,1019.0,28.7,,0.9,0.9,1.0,2.0,1.0,1.0,1019.1,1019.2,1019.4,0.9,0.0,0.9,0.0,1.6666666666666667,0.5773502691896258,1.3333333333333333,0.5163977794943222,-0.39999999999997726,-0.20000000000004547,0.766044443118978,0.6427876096865394,-0.9659258262890683,-0.25881904510252063,0.8,3.0
2026-07-24 18:20:00,60.0,2.0,0.8,1018.5,29.1,,0.8,0.8,0.9,3.0,3.0,2.0,1018.6,1018.7,1019.0,0.8,0.0,0.8,0.0,2.6666666666666665,0.5773502691896257,2.5,0.5477225575051659,-0.5,-0.20000000000004547,0.8660254037844386,0.5000000000000001,-1.0,-1.8369701987210297e-16,0.8,3.0
2026-07-24 18:50:00,60.0,3.0,0.8,1018.4,29.1,,0.8,0.8,0.8,3.0,2.0,3.0,1018.4,1018.5,1018.7,0.8,0.0,0.8,0.0,3.0,0.0,2.8333333333333335,0.40824829046386224,-0.3000000000000682,-0.10000000000002274,0.8660254037844386,0.5000000000000001,-1.0,-1.8369701987210297e-16,0.8,3.0
2026-07-24 19:50:00,60.0,3.0,0.8,1018.1,29.3,,0.8,0.8,0.8,3.0,3.0,3.0,1018.1,1018.2,1018.4,0.8,0.0,0.8,0.0,3.3333333333333335,0.5773502691896258,3.2,0.44721359549995787,-0.2999999999999545,-0.10000000000002274,0.8660254037844386,0.5000000000000001,-0.9659258262890684,0.2588190451025203,0.8,4.0
2026-07-24 21:20:00,80.0,3.0,0.8,1017.6,29.1,,0.8,0.8,0.8,3.0,4.0,4.0,1017.5,1017.7,1017.8,0.8,0.0,0.8,0.0,3.0,0.0,3.5,0.5477225575051664,-0.1999999999999318,-0.10000000000002274,0.984807753012208,0.17364817766693041,-0.7071067811865477,0.7071067811865474,0.8,3.0
2026-07-24 22:20:00,80.0,3.0,0.7,1017.3,29.0,,0.7,0.8,0.8,3.0,3.0,3.0,1017.2,1017.2,1017.6,0.7,0.0,0.7333333333333334,0.057735026918962644,3.0,0.0,3.0,0.0,-0.3000000000000682,0.09999999999990905,0.984807753012208,0.17364817766693041,-0.5000000000000004,0.8660254037844384,0.8,3.0
2026-07-25 00:20:00,100.0,3.0,0.8,1018.1,28.9,,0.8,0.7,0.8,3.0,3.0,3.0,1017.9,1017.8,1017.5,0.8,0.0,0.775,0.050000000000000044,3.0,0.0,3.0,0.0,0.6000000000000227,0.3000000000000682,0.984807753012208,-0.1736481776669303,0.0,1.0,0.8,2.0
2026-07-25 01:50:00,100.0,2.0,0.8,1018.7,28.6,,0.8,0.8,0.8,2.0,2.0,2.0,1018.5,1018.4,1018.4,0.8,0.0,0.8,0.0,2.0,0.0,2.0,0.0,0.3000000000000682,0.3000000000000682,0.984807753012208,-0.1736481776669303,0.25881904510252074,0.9659258262890683,0.7,2.0
2026-07-25 02:20:00,70.0,2.0,0.7,1019.2,28.6,,0.7,0.8,0.8,2.0,2.0,2.0,1019.0,1018.7,1018.4,0.7,0.0,0.75,0.05773502691896264,2.0,0.0,2.0,0.0,0.8000000000000682,0.5,0.9396926207859083,0.3420201433256688,0.49999999999999994,0.8660254037844387,0.7,2.0
2026-07-25 02:50:00,90.0,2.0,0.7,1019.3,28.6,,0.7,0.7,0.8,1.0,2.0,2.0,1019.4,1019.2,1018.7,0.7,0.0,0.7,0.0,1.6666666666666667,0.5773502691896258,1.8333333333333333,0.408248290463863,0.599999999999909,0.09999999999990905,1.0,6.123233995736766e-17,0.49999999999999994,0.8660254037844387,0.7,2.0
2026-07-25 03:20:00,110.0,2.0,0.7,1019.4,28.5,,0.7,0.7,0.7,2.0,2.0,2.0,1019.3,1019.3,1019.2,0.7,0.0,0.7,0.0,2.0,0.0,1.8333333333333333,0.408248290463863,0.1999999999999318,0.10000000000002274,0.9396926207859084,-0.3420201433256687,0.7071067811865476,0.7071067811865476,0.6,5.0
2026-07-25 04:20:00,90.0,2.0,0.7,1019.5,28.1,,0.7,0.6,0.7,3.0,5.0,2.0,1019.5,1019.5,1019.4,0.7,0.0,0.6666666666666666,0.05773502691896256,3.0,1.0000000000000009,3.6666666666666665,1.632993161855452,0.10000000000002274,0.0,1.0,6.123233995736766e-17,0.8660254037844386,0.5000000000000001,0.7,2.0
2026-07-25 05:50:00,180.0,2.0,0.6,1019.1,28.2,,0.6,0.7,0.7,1.0,1.0,2.0,1019.0,1019.1,1019.2,0.6,0.0,0.6333333333333333,0.05773502691896255,1.3333333333333333,0.5773502691896258,1.1666666666666667,0.408248290463863,-0.10000000000002274,0.0,1.2246467991473532e-16,-1.0,0.9659258262890683,0.25881904510252074,0.7,4.0
2026-07-25 07:20:00,160.0,3.0,0.7,1017.8,28.1,,0.7,0.7,0.7,4.0,4.0,4.0,1017.9,1018.2,1018.7,0.7,0.0,0.7,0.0,3.6666666666666665,0.5773502691896257,4.0,0.6324555320336742,-0.900000000000091,-0.40000000000009095,0.3420201433256689,-0.9396926207859083,0.9659258262890683,-0.25881904510252063,0.7,3.0
2026-07-25 09:20:00,160.0,3.0,0.7,1017.5,28.2,,0.7,0.6,0.7,3.0,4.0,3.0,1017.6,1017.5,1017.6,0.7,0.0,0.6666666666666666,0.05773502691896255,3.3333333333333335,0.5773502691896257,4.0,0.8944271909999147,-0.10000000000002274,0.0,0.3420201433256689,-0.9396926207859083,0.7071067811865476,-0.7071067811865475,0.8,3.0
2026-07-25 10:50:00,210.0,2.0,0.8,1017.6,27.8,,0.8,0.7,0.8,2.0,2.0,3.0,1017.5,1017.4,1017.6,0.8,0.0,0.7666666666666667,0.05773502691896262,2.0,0.0,2.5,0.8366600265340766,0.0,0.20000000000004547,-0.5000000000000001,-0.8660254037844386,0.49999999999999994,-0.8660254037844387,0.7,2.0
2026-07-25 11:20:00,240.0,2.0,0.7,1017.8,27.7,,0.7,0.8,0.7,2.0,2.0,2.0,1017.7,1017.6,1017.4,0.7,0.0,0.75,0.05773502691896263,2.0,0.0,2.0,0.0,0.39999999999997726,0.1999999999999318,-0.8660254037844385,-0.5000000000000004,0.258819045102521,-0.9659258262890682,0.8,1.0
2026-07-25 13:20:00,330.0,2.0,0.8,1018.8,27.8,,0.8,0.7,0.8,2.0,2.0,2.0,1018.8,1018.7,1018.3,0.8,0.0,0.7666666666666667,0.05773502691896262,2.0,0.0,1.8333333333333333,0.4082482904638634,0.5,0.09999999999990905,-0.5000000000000004,0.8660254037844384,-0.2588190451025208,-0.9659258262890683,0.8,1.0
2026-07-25 14:20:00,320.0,2.0,0.7,1019.2,27.7,,0.7,0.8,0.8,2.0,1.0,2.0,1019.2,1019.1,1018.8,0.7,0.0,0.7333333333333334,0.057735026918962644,2.0,0.0,1.5,0.5477225575051661,0.40000000000009095,0.10000000000002274,-0.6427876096865396,0.7660444431189778,-0.4999999999999997,-0.8660254037844388,0.7,2.0
2026-07-25 16:20:00,10.0,1.0,0.6,1019.5,28.4,,0.6,0.6,0.6,0.0,1.0,1.0,1019.6,1019.5,1019.4,0.6,0.0,0.6,0.0,0.6666666666666666,0.5773502691896258,0.8333333333333334,0.408248290463863,0.10000000000002274,0.0,0.17364817766693033,0.984807753012208,-0.8660254037844385,-0.5000000000000004,0.6,1.0
2026-07-25 17:20:00,360.0,1.0,0.6,1019.1,28.5,,0.6,0.6,0.6,1.0,1.0,1.0,1019.3,1019.4,1019.5,0.6,0.0,0.6,0.0,1.0,0.0,1.0,0.0,-0.39999999999997726,-0.2999999999999545,-2.4492935982947064e-16,1.0,-0.9659258262890683,-0.25881904510252063,0.6,1.0
2026-07-25 18:20:00,70.0,2.0,0.6,1018.4,28.9,,0.6,0.6,0.6,2.0,1.0,1.0,1018.4,1018.7,1019.1,0.6,0.0,0.6,0.0,1.6666666666666667,0.5773502691896258,1.1666666666666667,0.752772652709081,-0.7000000000000455,-0.3000000000000682,0.9396926207859083,0.3420201433256688,-1.0,-1.8369701987210297e-16,0.6,2.0
2026-07-25 18:50:00,90.0,2.0,0.6,1018.5,29.0,,0.6,0.6,0.6,2.0,2.0,1.0,1018.3,1018.4,1018.7,0.6,0.0,0.6,0.0,2.0,0.0,1.8333333333333333,0.4082482904638628,-0.20000000000004547,0.10000000000002274,1.0,6.123233995736766e-17,-1.0,-1.8369701987210297e-16,0.6,3.0
2026-07-25 19:20:00,100.0,3.0,0.6,1017.9,29.0,,0.6,0.6,0.6,3.0,2.0,2.0,1018.1,1018.5,1018.4,0.6,0.0,0.6,0.0,2.6666666666666665,0.5773502691896257,2.3333333333333335,0.5163977794943223,-0.5,-0.6000000000000227,0.984807753012208,-0.1736481776669303,-0.9659258262890684,0.2588190451025203,0.6,4.0
2026-07-25 20:20:00,120.0,3.0,0.6,1017.4,29.3,,0.6,0.6,0.6,3.0,4.0,3.0,1017.4,1017.5,1017.9,0.6,0.0,0.6,0.0,3.0,0.0,3.1666666666666665,0.4082482904638636,-0.5,-0.10000000000002274,0.8660254037844387,-0.4999999999999998,-0.8660254037844386,0.5000000000000001,0.6,3.0
2026-07-25 21:20:00,140.0,3.0,0.6,1017.1,29.4,,0.6,0.6,0.6,4.0,3.0,3.0,1017.3,1017.3,1017.4,0.6,0.0,0.6,0.0,3.3333333333333335,0.5773502691896257,3.1666666666666665,0.408248290463863,-0.2999999999999545,-0.1999999999999318,0.6427876096865395,-0.7660444431189779,-0.7071067811865477,0.7071067811865474,0.6,4.0
2026-07-25 22:20:00,150.0,3.0,0.6,1016.7,29.3,,0.6,0.6,0.6,3.0,4.0,3.0,1016.8,1016.8,1017.1,0.6,0.0,0.6,0.0,3.0,0.0,3.3333333333333335,0.5163977794943223,-0.39999999999997726,-0.09999999999990905,0.49999999999999994,-0.8660254037844387,-0.5000000000000004,0.8660254037844384,0.5,4.0
2026-07-26 03:50:00,200.0,6.0,0.6,1016.9,27.7,,0.6,0.6,0.6,4.0,4.0,2.0,1017.0,1017.3,1017.3,0.6,0.0,0.6,0.0,4.666666666666667,1.1547005383792515,3.8333333333333335,1.329160135825126,-0.39999999999997726,-0.39999999999997726,-0.34202014332566866,-0.9396926207859084,0.7071067811865476,0.7071067811865476,0.6,6.0
2026-07-26 04:20:00,210.0,6.0,0.6,1016.8,27.9,,0.6,0.6,0.6,6.0,6.0,4.0,1016.7,1016.9,1017.3,0.6,0.0,0.6,0.0,6.0,0.0,5.333333333333333,1.032795558988646,-0.5,-0.10000000000002274,-0.5000000000000001,-0.8660254037844386,0.8660254037844386,0.5000000000000001,0.6,5.0
2026-07-26 05:20:00,240.0,5.0,0.5,1016.1,27.7,,0.5,0.6,0.6,5.0,5.0,6.0,1016.1,1016.4,1016.8,0.5,0.0,0.5333333333333333,0.05773502691896258,5.0,0.0,5.166666666666667,0.4082482904638632,-0.6999999999999318,-0.2999999999999545,-0.8660254037844385,-0.5000000000000004,0.9659258262890683,0.25881904510252074,0.5,4.0
2026-07-26 07:20:00,230.0,5.0,0.5,1015.0,27.1,,0.5,0.6,0.5,5.0,5.0,5.0,1015.1,1015.4,1015.7,0.5,0.0,0.5333333333333333,0.05773502691896255,5.0,0.0,4.833333333333333,0.4082482904638632,-0.7000000000000455,-0.39999999999997726,-0.7660444431189779,-0.6427876096865395,0.9659258262890683,-0.25881904510252063,0.6,5.0
2026-07-26 11:20:00,230.0,5.0,0.6,1015.5,26.1,,0.6,0.6,0.6,5.0,5.0,5.0,1015.4,1015.4,1015.4,0.6,0.0,0.6,0.0,5.0,0.0,5.0,0.0,0.10000000000002274,0.10000000000002274,-0.7660444431189779,-0.6427876096865395,0.258819045102521,-0.9659258262890682,0.6,4.0
2026-07-26 14:20:00,240.0,4.0,0.6,1016.2,26.1,,0.6,0.6,0.6,4.0,4.0,4.0,1016.2,1016.1,1016.0,0.6,0.0,0.6,0.0,4.0,0.0,4.0,0.0,0.20000000000004547,0.10000000000002274,-0.8660254037844385,-0.5000000000000004,-0.4999999999999997,-0.8660254037844388,0.5,4.0
2026-07-26 17:20:00,320.0,1.0,0.5,1015.9,27.1,,0.5,0.6,0.6,2.0,1.0,2.0,1016.0,1016.1,1016.6,0.5,0.0,0.5333333333333333,0.05773502691896258,1.3333333333333333,0.5773502691896258,1.5,0.5477225575051671,-0.7000000000000455,-0.20000000000004547,-0.6427876096865396,0.7660444431189778,-0.9659258262890683,-0.25881904510252063,0.5,1.0
2026-07-26 18:20:00,360.0,1.0,0.5,1014.7,27.4,,0.5,0.5,0.5,1.0,1.0,1.0,1015.1,1015.3,1015.9,0.5,0.0,0.5,0.0,1.0,0.0,1.1666666666666667,0.40824829046386485,-1.1999999999999318,-0.599999999999909,-2.4492935982947064e-16,1.0,-1.0,-1.8369701987210297e-16,0.5,1.0
2026-07-26 18:50:00,360.0,1.0,0.5,1014.6,27.5,,0.5,0.5,0.5,1.0,1.0,1.0,1014.5,1014.7,1015.3,0.5,0.0,0.5,0.0,1.3333333333333333,0.5773502691896258,1.1666666666666667,0.40824829046386485,-0.6999999999999318,-0.10000000000002274,-2.4492935982947064e-16,1.0,-1.0,-1.8369701987210297e-16,0.4,1.0
2026-07-26 19:20:00,80.0,1.0,0.4,1014.1,27.8,,0.4,0.5,0.5,1.0,1.0,1.0,1014.2,1014.6,1014.7,0.4,0.0,0.45000000000000007,0.05773502691896253,1.3333333333333333,0.5773502691896258,1.3333333333333333,0.5163977794943235,-0.6000000000000227,-0.5,0.984807753012208,0.17364817766693041,-0.9659258262890684,0.2588190451025203,0.4,1.0
2026-07-26 23:20:00,220.0,4.0,0.4,1013.5,28.1,,0.4,0.5,0.5,5.0,4.0,3.0,1013.6,1014.0,1013.9,0.4,0.0,0.4333333333333334,0.05773502691896256,4.333333333333333,0.5773502691896258,4.166666666666667,0.40824829046386313,-0.39999999999997726,-0.5,-0.6427876096865393,-0.766044443118978,-0.25881904510252157,0.9659258262890681,0.5,5.0
2026-07-26 23:50:00,220.0,5.0,0.5,1013.5,27.9,,0.5,0.4,0.5,5.0,4.0,4.0,1013.5,1013.5,1014.0,0.5,0.0,0.45000000000000007,0.05773502691896256,5.0,0.0,4.666666666666667,0.5163977794943222,-0.5,0.0,-0.6427876096865393,-0.766044443118978,-0.25881904510252157,0.9659258262890681,0.5,4.0
2026-07-27 00:20:00,230.0,4.0,0.5,1013.6,28.0,,0.5,0.5,0.4,5.0,5.0,4.0,1013.5,1013.5,1013.5,0.5,0.0,0.5,0.0,4.666666666666667,0.5773502691896258,4.833333333333333,0.40824829046386296,0.10000000000002274,0.10000000000002274,-0.7660444431189779,-0.6427876096865395,0.0,1.0,0.5,6.0
2026-07-27 01:20:00,240.0,6.0,0.5,1013.5,27.4,,0.5,0.5,0.5,6.0,6.0,4.0,1013.8,1013.8,1013.6,0.5,0.0,0.5,0.0,6.0,0.0,5.666666666666667,0.8164965809277256,-0.10000000000002274,-0.2999999999999545,-0.8660254037844385,-0.5000000000000004,0.25881904510252074,0.9659258262890683,0.5,5.0
2026-07-27 04:20:00,240.0,4.0,0.5,1013.8,27.0,,0.5,0.5,0.5,4.0,4.0,5.0,1013.8,1013.7,1013.4,0.5,0.0,0.5,0.0,3.6666666666666665,0.5773502691896257,3.8333333333333335,0.408248290463863,0.39999999999997726,0.09999999999990905,-0.8660254037844385,-0.5000000000000004,0.8660254037844386,0.5000000000000001,0.5,5.0
2026-07-27 05:20:00,240.0,6.0,0.5,1013.8,26.8,,0.5,0.5,0.5,5.0,5.0,4.0,1013.9,1014.0,1013.8,0.5,0.0,0.5,0.0,5.0,1.0,4.833333333333333,0.752772652709081,0.0,-0.20000000000004547,-0.8660254037844385,-0.5000000000000004,0.9659258262890683,0.25881904510252074,0.5,7.0
2026-07-27 06:20:00,250.0,7.0,0.6,1012.9,26.4,,0.6,0.5,0.5,7.0,7.0,6.0,1013.0,1013.3,1013.8,0.6,0.0,0.5666666666666668,0.05773502691896255,7.0,0.0,6.666666666666667,0.8164965809277271,-0.8999999999999773,-0.39999999999997726,-0.9396926207859084,-0.34202014332566855,1.0,6.123233995736766e-17,0.7,8.0
2026-07-27 07:20:00,250.0,7.0,0.6,1012.7,26.1,,0.6,0.7,0.6,6.0,8.0,7.0,1012.7,1012.8,1012.9,0.6,0.0,0.6333333333333333,0.05773502691896256,6.666666666666667,0.5773502691896258,7.166666666666667,0.752772652709081,-0.1999999999999318,-0.09999999999990905,-0.9396926207859084,-0.34202014332566855,0.9659258262890683,-0.25881904510252063,0.7,6.0
2026-07-27 09:20:00,260.0,6.0,0.7,1012.2,25.8,,0.7,0.7,0.7,6.0,7.0,7.0,1012.4,1012.4,1012.5,0.7,0.0,0.7,0.0,6.0,0.0,6.333333333333333,0.516397779494322,-0.2999999999999545,-0.1999999999999318,-0.984807753012208,-0.17364817766693033,0.7071067811865476,-0.7071067811865475,0.7,6.0
2026-07-27 10:20:00,260.0,5.0,0.6,1012.1,25.9,,0.6,0.7,0.7,6.0,6.0,6.0,1012.1,1012.2,1012.2,0.6,0.0,0.6333333333333333,0.05773502691896255,5.666666666666667,0.5773502691896258,5.833333333333333,0.40824829046386296,-0.10000000000002274,-0.10000000000002274,-0.984807753012208,-0.17364817766693033,0.49999999999999994,-0.8660254037844387,0.7,5.0
2026-07-27 12:20:00,260.0,6.0,0.5,1012.2,25.9,,0.5,0.6,0.6,5.0,6.0,5.0,1012.3,1012.4,1012.3,0.5,0.0,0.5333333333333333,0.05773502691896258,5.666666666666667,0.5773502691896258,5.833333333333333,0.4082482904638632,-0.09999999999990905,-0.1999999999999318,-0.984807753012208,-0.17364817766693033,1.2246467991473532e-16,-1.0,0.6,7.0
2026-07-27 13:20:00,300.0,6.0,0.6,1012.4,25.8,,0.6,0.6,0.5,8.0,7.0,6.0,1012.6,1012.7,1012.2,0.6,0.0,0.6,0.0,7.0,1.0,6.666666666666667,0.8164965809277269,0.1999999999999318,-0.3000000000000682,-0.8660254037844386,0.5000000000000001,-0.2588190451025208,-0.9659258262890683,0.6,5.0
2026-07-27 15:20:00,260.0,3.0,0.6,1013.0,26.2,,0.6,0.5,0.5,3.0,4.0,5.0,1012.8,1012.5,1012.5,0.6,0.0,0.5666666666666668,0.05773502691896255,3.3333333333333335,0.5773502691896257,4.0,0.8944271909999172,0.5,0.5,-0.984807753012208,-0.17364817766693033,-0.7071067811865471,-0.7071067811865479,0.6,3.0
2026-07-27 16:20:00,240.0,3.0,0.6,1013.0,26.4,,0.6,0.6,0.6,3.0,3.0,3.0,1013.0,1013.4,1013.0,0.6,0.0,0.6,0.0,3.0,0.0,3.0,0.0,0.0,-0.39999999999997726,-0.8660254037844385,-0.5000000000000004,-0.8660254037844385,-0.5000000000000004,0.5,2.0
2026-07-27 17:20:00,190.0,3.0,0.4,1012.4,26.5,,0.4,0.5,0.6,3.0,2.0,3.0,1012.3,1012.8,1013.0,0.4,0.0,0.4333333333333334,0.057735026918962595,3.0,0.0,2.6666666666666665,0.5163977794943223,-0.6000000000000227,-0.39999999999997726,-0.17364817766693047,-0.984807753012208,-0.9659258262890683,-0.25881904510252063,0.4,3.0
2026-07-27 18:20:00,170.0,3.0,0.4,1011.6,26.6,,0.4,0.4,0.4,3.0,3.0,3.0,1011.6,1012.1,1012.4,0.4,0.0,0.4,0.0,3.0,0.0,3.0,0.0,-0.7999999999999545,-0.5,0.17364817766693028,-0.984807753012208,-1.0,-1.8369701987210297e-16,0.4,3.0
2026-07-27 21:20:00,210.0,3.0,0.3,1010.5,27.8,,0.3,0.3,0.3,2.0,2.0,3.0,1010.5,1010.8,1011.1,0.3,0.0,0.3,0.0,2.3333333333333335,0.5773502691896257,2.1666666666666665,0.408248290463863,-0.6000000000000227,-0.2999999999999545,-0.5000000000000001,-0.8660254037844386,-0.7071067811865477,0.7071067811865474,0.3,6.0
2026-07-27 21:50:00,310.0,6.0,0.3,1010.2,27.4,,0.3,0.3,0.3,7.0,3.0,2.0,1010.5,1010.5,1010.8,0.3,0.0,0.3,0.0,6.666666666666667,0.5773502691896258,4.5,2.4289915602982237,-0.599999999999909,-0.2999999999999545,-0.7660444431189781,0.6427876096865393,-0.7071067811865477,0.7071067811865474,0.3,3.0
2026-07-28 01:20:00,270.0,1.0,0.4,1010.5,26.7,,0.4,0.4,0.3,0.0,1.0,1.0,1010.5,1010.2,1010.4,0.4,0.0,0.4,0.0,0.3333333333333333,0.5773502691896258,0.5,0.5477225575051646,0.10000000000002274,0.2999999999999545,-1.0,-1.8369701987210297e-16,0.25881904510252074,0.9659258262890683,0.4,2.0
2026-07-28 02:20:00,260.0,3.0,0.4,1010.8,26.6,,0.4,0.4,0.4,2.0,2.0,1.0,1010.6,1010.7,1010.5,0.4,0.0,0.4,0.0,2.3333333333333335,0.5773502691896257,2.0,0.6324555320336757,0.2999999999999545,0.09999999999990905,-0.984807753012208,-0.17364817766693033,0.49999999999999994,0.8660254037844387,0.4,3.0
2026-07-28 03:20:00,270.0,3.0,0.4,1011.6,26.4,,0.4,0.4,0.4,3.0,3.0,3.0,1011.6,1011.2,1010.8,0.4,0.0,0.4,0.0,3.0,0.0,2.8333333333333335,0.4082482904638646,0.8000000000000682,0.39999999999997726,-1.0,-1.8369701987210297e-16,0.7071067811865476,0.7071067811865476,0.4,3.0
2026-07-28 04:20:00,260.0,4.0,0.4,1011.9,26.7,,0.4,0.4,0.4,3.0,3.0,3.0,1011.9,1011.9,1011.6,0.4,0.0,0.4,0.0,3.6666666666666665,0.5773502691896257,3.3333333333333335,0.5163977794943223,0.2999999999999545,0.0,-0.984807753012208,-0.17364817766693033,0.8660254037844386,0.5000000000000001,0.4,4.0
2026-07-28 06:20:00,260.0,4.0,0.4,1010.5,26.5,,0.4,0.4,0.4,4.0,4.0,4.0,1010.7,1011.0,1011.4,0.4,0.0,0.4,0.0,4.0,0.0,4.0,0.0,-0.8999999999999773,-0.5,-0.984807753012208,-0.17364817766693033,1.0,6.123233995736766e-17,0.5,3.0
2026-07-28 06:50:00,250.0,3.0,0.5,1010.5,26.4,,0.5,0.4,0.4,4.0,4.0,4.0,1010.5,1010.5,1011.0,0.5,0.0,0.45000000000000007,0.05773502691896253,3.6666666666666665,0.5773502691896257,3.8333333333333335,0.408248290463863,-0.5,0.0,-0.9396926207859084,-0.34202014332566855,1.0,6.123233995736766e-17,0.5,3.0
2026-07-28 07:20:00,250.0,3.0,0.5,1010.1,26.4,,0.5,0.5,0.4,3.0,3.0,4.0,1010.2,1010.5,1010.5,0.5,0.0,0.5,0.0,3.0,0.0,3.3333333333333335,0.5163977794943226,-0.39999999999997726,-0.39999999999997726,-0.9396926207859084,-0.34202014332566855,0.9659258262890683,-0.25881904510252063,0.5,3.0
2026-07-28 09:20:00,230.0,4.0,0.4,1010.0,26.2,,0.4,0.5,0.4,4.0,4.0,4.0,1010.0,1010.0,1010.0,0.4,0.0,0.4333333333333334,0.05773502691896256,4.0,0.0,4.0,0.0,0.0,0.0,-0.7660444431189779,-0.6427876096865395,0.7071067811865476,-0.7071067811865475,0.4,4.0
2026-07-28 10:20:00,230.0,4.0,0.4,1010.4,26.2,,0.4,0.4,0.4,4.0,4.0,4.0,1010.5,1010.2,1010.0,0.4,0.0,0.4,0.0,4.0,0.0,3.8333333333333335,0.408248290463863,0.39999999999997726,0.1999999999999318,-0.7660444431189779,-0.6427876096865395,0.49999999999999994,-0.8660254037844387,0.4,4.0
2026-07-28 13:20:00,240.0,3.0,0.4,1011.1,26.0,,0.4,0.4,0.3,3.0,3.0,3.0,1011.1,1011.0,1010.5,0.4,0.0,0.4,0.0,3.0,0.0,3.0,0.0,0.6000000000000227,0.10000000000002274,-0.8660254037844385,-0.5000000000000004,-0.2588190451025208,-0.9659258262890683,0.4,3.0
2026-07-28 14:20:00,250.0,3.0,0.4,1011.4,26.1,,0.4,0.4,0.4,3.0,3.0,3.0,1011.3,1011.2,1011.1,0.4,0.0,0.4,0.0,3.0,0.0,3.0,0.0,0.2999999999999545,0.1999999999999318,-0.9396926207859084,-0.34202014332566855,-0.4999999999999997,-0.8660254037844388,0.4,3.0
2026-07-28 15:20:00,250.0,3.0,0.4,1012.0,26.2,,0.4,0.4,0.4,3.0,3.0,3.0,1012.0,1011.9,1011.4,0.4,0.0,0.4,0.0,3.0,0.0,3.0,0.0,0.6000000000000227,0.10000000000002274,-0.9396926207859084,-0.34202014332566855,-0.7071067811865471,-0.7071067811865479,0.4,2.0
2026-07-28 19:20:00,160.0,4.0,0.4,1011.1,27.5,,0.4,0.4,0.4,3.0,2.0,2.0,1011.1,1011.1,1011.1,0.4,0.0,0.4,0.0,3.0,0.9999999999999999,2.5,0.8366600265340756,0.0,0.0,0.3420201433256689,-0.9396926207859083,-0.9659258262890684,0.2588190451025203,0.4,4.0
2026-07-28 20:20:00,190.0,7.0,0.4,1011.3,27.6,,0.4,0.4,0.4,5.0,4.0,4.0,1011.4,1011.1,1011.1,0.4,0.0,0.4,0.0,5.333333333333333,1.5275252316519468,4.333333333333333,1.505545305418162,0.1999999999999318,0.1999999999999318,-0.17364817766693047,-0.984807753012208,-0.8660254037844386,0.5000000000000001,0.4,8.0
2026-07-28 21:20:00,250.0,6.0,0.4,1011.0,26.7,,0.4,0.4,0.4,7.0,8.0,7.0,1011.0,1011.1,1011.3,0.4,0.0,0.4,0.0,7.0,1.0,7.333333333333333,0.8164965809277233,-0.2999999999999545,-0.10000000000002274,-0.9396926207859084,-0.34202014332566855,-0.7071067811865477,0.7071067811865474,0.4,6.0
2026-07-28 22:20:00,230.0,3.0,0.5,1010.1,26.0,,0.5,0.4,0.4,5.0,6.0,6.0,1010.4,1010.4,1011.0,0.5,0.0,0.46666666666666673,0.05773502691896256,4.333333333333333,1.1547005383792515,5.166666666666667,1.1690451944500158,-0.8999999999999773,-0.2999999999999545,-0.7660444431189779,-0.6427876096865395,-0.5000000000000004,0.8660254037844384,0.5,5.0
2026-07-29 01:20:00,220.0,5.0,0.7,1010.8,26.9,,0.7,0.6,0.6,5.0,5.0,5.0,1010.7,1010.5,1010.5,0.7,0.0,0.6666666666666666,0.05773502691896258,5.0,0.0,5.0,0.0,0.2999999999999545,0.2999999999999545,-0.6427876096865393,-0.766044443118978,0.25881904510252074,0.9659258262890683,0.8,5.0
2026-07-29 02:20:00,210.0,5.0,0.8,1011.1,26.8,,0.8,0.8,0.7,5.0,5.0,5.0,1011.1,1010.9,1010.8,0.8,0.0,0.8,0.0,5.0,0.0,5.0,0.0,0.3000000000000682,0.20000000000004547,-0.5000000000000001,-0.8660254037844386,0.49999999999999994,0.8660254037844387,0.8,5.0
2026-07-29 02:50:00,220.0,5.0,0.8,1011.5,26.8,,0.8,0.8,0.8,5.0,5.0,5.0,1011.4,1011.1,1010.9,0.8,0.0,0.8,0.0,5.0,0.0,5.0,0.0,0.6000000000000227,0.39999999999997726,-0.6427876096865393,-0.766044443118978,0.49999999999999994,0.8660254037844387,0.7,6.0
2026-07-29 03:20:00,220.0,6.0,0.7,1011.4,26.7,,0.7,0.8,0.8,6.0,5.0,5.0,1011.4,1011.5,1011.1,0.7,0.0,0.75,0.05773502691896264,6.0,0.0,5.5,0.5477225575051659,0.2999999999999545,-0.10000000000002274,-0.6427876096865393,-0.766044443118978,0.7071067811865476,0.7071067811865476,0.7,6.0
2026-07-29 04:20:00,230.0,6.0,0.7,1011.4,26.6,,0.7,0.7,0.7,6.0,6.0,6.0,1011.3,1011.3,1011.4,0.7,0.0,0.7,0.0,6.0,0.0,6.0,0.0,0.0,0.10000000000002274,-0.7660444431189779,-0.6427876096865395,0.8660254037844386,0.5000000000000001,0.6,6.0
2026-07-29 05:20:00,230.0,6.0,0.6,1011.1,26.6,,0.6,0.6,0.7,6.0,6.0,6.0,1011.4,1011.4,1011.4,0.6,0.0,0.6,0.0,6.0,0.0,6.0,0.0,-0.2999999999999545,-0.2999999999999545,-0.7660444431189779,-0.6427876096865395,0.9659258262890683,0.25881904510252074,0.7,6.0
2026-07-29 06:20:00,230.0,7.0,0.7,1010.8,26.5,,0.7,0.7,0.6,6.0,6.0,6.0,1010.8,1010.9,1011.1,0.7,0.0,0.7,0.0,6.666666666666667,0.5773502691896258,6.333333333333333,0.5163977794943221,-0.3000000000000682,-0.10000000000002274,-0.7660444431189779,-0.6427876096865395,1.0,6.123233995736766e-17,0.7,6.0
2026-07-29 10:20:00,240.0,5.0,0.8,1010.5,26.0,,0.8,0.8,0.8,5.0,6.0,5.0,1010.5,1010.2,1010.2,0.8,0.0,0.8,0.0,5.0,0.0,5.333333333333333,0.5163977794943221,0.2999999999999545,0.2999999999999545,-0.8660254037844385,-0.5000000000000004,0.49999999999999994,-0.8660254037844387,0.7,5.0
2026-07-29 11:20:00,240.0,5.0,0.7,1011.2,26.1,,0.7,0.7,0.8,5.0,5.0,5.0,1011.1,1011.0,1010.5,0.7,0.0,0.7,0.0,5.0,0.0,5.0,0.0,0.7000000000000455,0.20000000000004547,-0.8660254037844385,-0.5000000000000004,0.258819045102521,-0.9659258262890682,0.7,4.0
2026-07-29 12:20:00,230.0,5.0,0.7,1011.8,26.2,,0.7,0.7,0.7,5.0,4.0,5.0,1011.6,1011.4,1011.2,0.7,0.0,0.7,0.0,4.666666666666667,0.5773502691896258,4.666666666666667,0.5163977794943221,0.599999999999909,0.39999999999997726,-0.7660444431189779,-0.6427876096865395,1.2246467991473532e-16,-1.0,0.7,5.0
2026-07-29 13:20:00,220.0,6.0,0.7,1012.1,26.2,,0.7,0.7,0.7,5.0,5.0,5.0,1011.9,1011.9,1011.8,0.7,0.0,0.7,0.0,5.333333333333333,0.5773502691896258,5.166666666666667,0.40824829046386296,0.3000000000000682,0.20000000000004547,-0.6427876096865393,-0.766044443118978,-0.2588190451025208,-0.9659258262890683,0.6,6.0
2026-07-29 14:50:00,220.0,4.0,0.6,1012.9,26.4,,0.6,0.6,0.6,4.0,5.0,6.0,1012.9,1012.8,1012.4,0.6,0.0,0.6,0.0,4.0,0.0,4.5,0.5477225575051659,0.5,0.10000000000002274,-0.6427876096865393,-0.766044443118978,-0.4999999999999997,-0.8660254037844388,0.6,4.0
2026-07-29 17:20:00,190.0,5.0,0.5,1012.6,27.2,,0.5,0.5,0.5,6.0,5.0,5.0,1012.7,1012.8,1012.8,0.5,0.0,0.5,0.0,5.333333333333333,0.5773502691896258,5.166666666666667,0.40824829046386296,-0.1999999999999318,-0.1999999999999318,-0.17364817766693047,-0.984807753012208,-0.9659258262890683,-0.25881904510252063,0.4,5.0
2026-07-29 18:20:00,190.0,6.0,0.5,1012.3,27.4,,0.5,0.4,0.5,6.0,5.0,5.0,1012.3,1012.4,1012.6,0.5,0.0,0.46666666666666673,0.05773502691896256,6.0,0.0,5.5,0.5477225575051659,-0.3000000000000682,-0.10000000000002274,-0.17364817766693047,-0.984807753012208,-1.0,-1.8369701987210297e-16,0.5,7.0
2026-07-29 19:20:00,210.0,8.0,0.5,1011.6,27.4,,0.5,0.5,0.5,8.0,7.0,6.0,1011.6,1011.9,1012.3,0.5,0.0,0.5,0.0,8.0,0.0,7.5,0.5477225575051659,-0.6999999999999318,-0.2999999999999545,-0.5000000000000001,-0.8660254037844386,-0.9659258262890684,0.2588190451025203,0.5,7.0
2026-07-29 20:20:00,210.0,8.0,0.7,1011.1,27.7,,0.7,0.5,0.5,7.0,7.0,8.0,1011.1,1011.4,1011.6,0.7,0.0,0.6333333333333334,0.11547005383792512,7.666666666666667,0.5773502691896258,7.666666666666667,0.5163977794943221,-0.5,-0.2999999999999545,-0.5000000000000001,-0.8660254037844386,-0.8660254037844386,0.5000000000000001,0.7,7.0
2026-07-29 21:20:00,200.0,7.0,0.7,1010.6,27.6,,0.7,0.7,0.7,7.0,7.0,8.0,1010.8,1010.9,1011.1,0.7,0.0,0.7,0.0,7.0,0.0,7.0,0.0,-0.5,-0.2999999999999545,-0.34202014332566866,-0.9396926207859084,-0.7071067811865477,0.7071067811865474,0.7,6.0
2026-07-29 22:20:00,220.0,7.0,0.7,1010.4,28.5,,0.7,0.7,0.7,8.0,6.0,7.0,1010.4,1010.5,1010.6,0.7,0.0,0.7,0.0,7.333333333333333,0.5773502691896258,6.833333333333333,0.752772652709081,-0.20000000000004547,-0.10000000000002274,-0.6427876096865393,-0.766044443118978,-0.5000000000000004,0.8660254037844384,0.7,7.0
2026-07-30 01:20:00,220.0,6.0,0.7,1012.1,27.9,,0.7,0.7,0.7,6.0,6.0,6.0,1012.0,1011.9,1011.4,0.7,0.0,0.7,0.0,6.0,0.0,6.0,0.0,0.7000000000000455,0.20000000000004547,-0.6427876096865393,-0.766044443118978,0.25881904510252074,0.9659258262890683,0.6,6.0
2026-07-30 01:50:00,230.0,6.0,0.6,1012.4,27.9,,0.6,0.7,0.7,6.0,6.0,6.0,1012.1,1012.1,1011.9,0.6,0.0,0.6499999999999999,0.05773502691896254,6.0,0.0,6.0,0.0,0.5,0.2999999999999545,-0.7660444431189779,-0.6427876096865395,0.25881904510252074,0.9659258262890683,0.6,5.0
2026-07-30 02:20:00,230.0,5.0,0.6,1013.0,28.1,,0.6,0.6,0.7,6.0,6.0,6.0,1012.9,1012.4,1012.1,0.6,0.0,0.6,0.0,5.666666666666667,0.5773502691896258,5.833333333333333,0.40824829046386296,0.8999999999999773,0.6000000000000227,-0.7660444431189779,-0.6427876096865395,0.49999999999999994,0.8660254037844387,0.6,6.0
2026-07-30 03:20:00,220.0,7.0,0.6,1012.9,27.8,,0.6,0.6,0.6,6.0,6.0,5.0,1012.9,1013.0,1013.0,0.6,0.0,0.6,0.0,6.333333333333333,0.5773502691896258,6.166666666666667,0.40824829046386296,-0.10000000000002274,-0.10000000000002274,-0.6427876096865393,-0.766044443118978,0.7071067811865476,0.7071067811865476,0.6,7.0
2026-07-30 04:20:00,230.0,7.0,0.6,1013.0,27.7,,0.6,0.6,0.6,7.0,7.0,7.0,1013.0,1013.0,1012.9,0.6,0.0,0.6,0.0,7.0,0.0,7.0,0.0,0.10000000000002274,0.0,-0.7660444431189779,-0.6427876096865395,0.8660254037844386,0.5000000000000001,0.6,7.0
2026-07-30 05:20:00,220.0,7.0,0.6,1013.0,27.3,,0.6,0.6,0.6,7.0,7.0,7.0,1013.1,1013.1,1013.0,0.6,0.0,0.6,0.0,7.0,0.0,7.0,0.0,0.0,-0.10000000000002274,-0.6427876096865393,-0.766044443118978,0.9659258262890683,0.25881904510252074,0.6,8.0
2026-07-30 07:20:00,230.0,8.0,0.7,1012.1,27.0,,0.7,0.7,0.6,8.0,8.0,8.0,1012.1,1012.3,1012.4,0.7,0.0,0.7,0.0,8.0,0.0,8.0,0.0,-0.2999999999999545,-0.1999999999999318,-0.7660444431189779,-0.6427876096865395,0.9659258262890683,-0.25881904510252063,0.6,7.0
2026-07-30 08:20:00,230.0,7.0,0.7,1012.2,26.8,,0.7,0.6,0.7,7.0,7.0,8.0,1012.1,1012.1,1012.1,0.7,0.0,0.6666666666666666,0.05773502691896256,7.0,0.0,7.333333333333333,0.5163977794943221,0.10000000000002274,0.10000000000002274,-0.7660444431189779,-0.6427876096865395,0.8660254037844387,-0.4999999999999998,0.7,6.0
2026-07-30 09:20:00,230.0,7.0,0.7,1012.4,26.7,,0.7,0.7,0.7,6.0,6.0,7.0,1012.3,1012.5,1012.2,0.7,0.0,0.7,0.0,6.333333333333333,0.5773502691896258,6.333333333333333,0.5163977794943221,0.1999999999999318,-0.10000000000002274,-0.7660444431189779,-0.6427876096865395,0.7071067811865476,-0.7071067811865475,0.7,6.0
2026-07-30 11:20:00,230.0,7.0,0.7,1013.2,26.8,,0.7,0.7,0.7,6.0,7.0,6.0,1013.2,1012.9,1012.4,0.7,0.0,0.7,0.0,6.666666666666667,0.5773502691896258,6.666666666666667,0.5163977794943221,0.8000000000000682,0.3000000000000682,-0.7660444431189779,-0.6427876096865395,0.258819045102521,-0.9659258262890682,0.7,7.0
2026-07-30 12:20:00,230.0,6.0,0.7,1014.0,26.7,,0.7,0.7,0.7,6.0,7.0,7.0,1013.9,1013.5,1013.2,0.7,0.0,0.7,0.0,6.0,0.0,6.5,0.5477225575051659,0.7999999999999545,0.5,-0.7660444431189779,-0.6427876096865395,1.2246467991473532e-16,-1.0,0.7,6.0
2026-07-30 13:20:00,210.0,6.0,0.7,1014.3,26.8,,0.7,0.7,0.7,6.0,6.0,6.0,1014.3,1014.3,1014.0,0.7,0.0,0.7,0.0,6.0,0.0,6.0,0.0,0.2999999999999545,0.0,-0.5000000000000001,-0.8660254037844386,-0.2588190451025208,-0.9659258262890683,0.6,6.0
2026-07-30 14:20:00,220.0,6.0,0.6,1014.7,26.8,,0.6,0.6,0.7,6.0,6.0,6.0,1014.6,1014.4,1014.3,0.6,0.0,0.6,0.0,6.0,0.0,6.0,0.0,0.40000000000009095,0.3000000000000682,-0.6427876096865393,-0.766044443118978,-0.4999999999999997,-0.8660254037844388,0.6,5.0
2026-07-30 15:20:00,220.0,5.0,0.6,1014.9,26.9,,0.6,0.6,0.6,5.0,5.0,6.0,1014.7,1014.9,1014.7,0.6,0.0,0.6,0.0,5.0,0.0,5.333333333333333,0.5163977794943221,0.1999999999999318,0.0,-0.6427876096865393,-0.766044443118978,-0.7071067811865471,-0.7071067811865479,0.6,5.0
2026-07-30 16:20:00,220.0,4.0,0.5,1014.9,27.1,,0.5,0.6,0.6,3.0,5.0,5.0,1015.1,1014.8,1014.9,0.5,0.0,0.5333333333333333,0.05773502691896258,3.6666666666666665,0.577350269189626,4.333333333333333,0.816496580927726,0.0,0.10000000000002274,-0.6427876096865393,-0.766044443118978,-0.8660254037844385,-0.5000000000000004,0.5,4.0
2026-07-30 17:20:00,210.0,3.0,0.4,1014.7,27.3,,0.4,0.5,0.5,4.0,4.0,4.0,1014.6,1015.2,1014.9,0.4,0.0,0.4333333333333334,0.05773502691896256,3.6666666666666665,0.5773502691896257,3.6666666666666665,0.5163977794943236,-0.1999999999999318,-0.5,-0.5000000000000001,-0.8660254037844386,-0.9659258262890683,-0.25881904510252063,0.4,10.0
2026-07-30 19:50:00,200.0,7.0,0.7,1015.8,25.1,,0.7,0.8,0.8,7.0,7.0,9.0,1016.0,1015.6,1015.6,0.7,0.0,0.7333333333333334,0.057735026918962644,7.0,0.0,7.5,0.8366600265340773,0.1999999999999318,0.1999999999999318,-0.34202014332566866,-0.9396926207859084,-0.9659258262890684,0.2588190451025203,0.7,7.0
2026-07-30 20:20:00,200.0,7.0,0.7,1015.2,25.0,,0.7,0.7,0.8,7.0,7.0,7.0,1015.4,1015.8,1015.6,0.7,0.0,0.7,0.0,7.0,0.0,7.0,0.0,-0.39999999999997726,-0.599999999999909,-0.34202014332566866,-0.9396926207859084,-0.8660254037844386,0.5000000000000001,0.7,7.0
2026-07-30 21:20:00,200.0,7.0,0.7,1014.5,25.3,,0.7,0.7,0.7,7.0,7.0,7.0,1014.7,1014.9,1015.2,0.7,0.0,0.7,0.0,7.0,0.0,6.833333333333333,0.40824829046386296,-0.7000000000000455,-0.39999999999997726,-0.34202014332566866,-0.9396926207859084,-0.7071067811865477,0.7071067811865474,0.7,6.0
2026-07-31 01:20:00,220.0,6.0,0.6,1015.1,26.5,,0.6,0.6,0.6,7.0,8.0,8.0,1014.9,1014.8,1014.6,0.6,0.0,0.6,0.0,6.666666666666667,0.5773502691896258,7.166666666666667,0.752772652709081,0.5,0.3000000000000682,-0.6427876096865393,-0.766044443118978,0.25881904510252074,0.9659258262890683,0.7,6.0
2026-07-31 01:50:00,230.0,6.0,0.7,1015.7,26.4,,0.7,0.6,0.6,6.0,6.0,8.0,1015.5,1015.1,1014.8,0.7,0.0,0.6499999999999999,0.05773502691896256,6.333333333333333,0.5773502691896258,6.5,0.5477225575051659,0.900000000000091,0.6000000000000227,-0.7660444431189779,-0.6427876096865395,0.25881904510252074,0.9659258262890683,0.6,6.0
2026-07-31 02:20:00,220.0,6.0,0.6,1016.0,26.5,,0.6,0.7,0.6,6.0,6.0,6.0,1015.8,1015.7,1015.1,0.6,0.0,0.6499999999999999,0.05773502691896256,6.0,0.0,6.166666666666667,0.40824829046386324,0.8999999999999773,0.2999999999999545,-0.6427876096865393,-0.766044443118978,0.49999999999999994,0.8660254037844387,0.6,6.0
2026-07-31 02:50:00,220.0,6.0,0.6,1016.6,26.4,,0.6,0.6,0.7,6.0,6.0,6.0,1016.5,1016.0,1015.7,0.6,0.0,0.6,0.0,6.0,0.0,6.0,0.0,0.8999999999999773,0.6000000000000227,-0.6427876096865393,-0.766044443118978,0.49999999999999994,0.8660254037844387,0.5,5.0
2026-07-31 04:20:00,220.0,6.0,0.5,1016.3,26.2,,0.5,0.6,0.5,5.0,6.0,5.0,1016.3,1016.4,1016.8,0.5,0.0,0.5333333333333333,0.05773502691896255,5.666666666666667,0.5773502691896258,5.666666666666667,0.5163977794943221,-0.5,-0.10000000000002274,-0.6427876096865393,-0.766044443118978,0.8660254037844386,0.5000000000000001,0.5,6.0
2026-07-31 05:20:00,220.0,6.0,0.5,1016.2,26.4,,0.5,0.5,0.5,6.0,6.0,6.0,1016.2,1016.4,1016.3,0.5,0.0,0.5,0.0,6.0,0.0,5.833333333333333,0.4082482904638632,-0.09999999999990905,-0.1999999999999318,-0.6427876096865393,-0.766044443118978,0.9659258262890683,0.25881904510252074,0.5,6.0
2026-07-31 06:20:00,220.0,6.0,0.5,1015.5,26.4,,0.5,0.5,0.5,6.0,6.0,6.0,1015.7,1015.9,1016.2,0.5,0.0,0.5,0.0,6.0,0.0,6.0,0.0,-0.7000000000000455,-0.39999999999997726,-0.6427876096865393,-0.766044443118978,1.0,6.123233995736766e-17,0.5,7.0
2026-07-31 07:20:00,220.0,6.0,0.5,1015.1,26.4,,0.5,0.5,0.5,6.0,7.0,6.0,1015.1,1015.2,1015.5,0.5,0.0,0.5,0.0,6.0,0.0,6.333333333333333,0.5163977794943221,-0.39999999999997726,-0.10000000000002274,-0.6427876096865393,-0.766044443118978,0.9659258262890683,-0.25881904510252063,0.5,6.0
2026-07-31 08:20:00,220.0,6.0,0.5,1014.6,26.5,,0.5,0.5,0.5,6.0,6.0,6.0,1014.6,1014.9,1015.1,0.5,0.0,0.5,0.0,6.0,0.0,6.0,0.0,-0.5,-0.2999999999999545,-0.6427876096865393,-0.766044443118978,0.8660254037844387,-0.4999999999999998,0.5,7.0
2026-07-31 09:20:00,240.0,6.0,0.5,1015.2,26.4,,0.5,0.5,0.5,7.0,7.0,6.0,1015.1,1015.1,1014.6,0.5,0.0,0.5,0.0,6.666666666666667,0.5773502691896258,6.5,0.5477225575051659,0.6000000000000227,0.10000000000002274,-0.8660254037844385,-0.5000000000000004,0.7071067811865476,-0.7071067811865475,0.5,5.0
2026-07-31 09:50:00,240.0,5.0,0.5,1015.1,26.4,,0.5,0.5,0.5,5.0,6.0,7.0,1015.1,1015.2,1015.1,0.5,0.0,0.5,0.0,5.333333333333333,0.5773502691896258,6.0,0.8944271909999154,0.0,-0.10000000000002274,-0.8660254037844385,-0.5000000000000004,0.7071067811865476,-0.7071067811865475,0.5,4.0
2026-07-31 10:20:00,240.0,4.0,0.5,1015.4,26.4,,0.5,0.5,0.5,4.0,5.0,6.0,1015.3,1015.1,1015.2,0.5,0.0,0.5,0.0,4.333333333333333,0.5773502691896258,4.833333333333333,0.7527726527090791,0.1999999999999318,0.2999999999999545,-0.8660254037844385,-0.5000000000000004,0.49999999999999994,-0.8660254037844387,0.4,5.0
2026-07-31 11:20:00,240.0,5.0,0.4,1015.7,26.4,,0.4,0.4,0.5,5.0,5.0,4.0,1015.7,1015.7,1015.4,0.4,0.0,0.4,0.0,5.0,0.0,4.833333333333333,0.40824829046385935,0.3000000000000682,0.0,-0.8660254037844385,-0.5000000000000004,0.258819045102521,-0.9659258262890682,0.4,4.0
2026-07-31 13:50:00,230.0,3.0,0.4,1016.6,26.6,,0.4,0.4,0.4,3.0,3.0,4.0,1016.6,1016.5,1016.3,0.4,0.0,0.4,0.0,3.0,0.0,3.1666666666666665,0.4082482904638636,0.3000000000000682,0.10000000000002274,-0.7660444431189779,-0.6427876096865395,-0.2588190451025208,-0.9659258262890683,0.4,3.0
2026-07-31 14:20:00,240.0,3.0,0.4,1016.9,26.7,,0.4,0.4,0.4,3.0,3.0,3.0,1016.7,1016.6,1016.5,0.4,0.0,0.4,0.0,3.0,0.0,3.0,0.0,0.39999999999997726,0.2999999999999545,-0.8660254037844385,-0.5000000000000004,-0.4999999999999997,-0.8660254037844388,0.4,4.0
2026-07-31 15:20:00,240.0,4.0,0.4,1016.8,27.0,,0.4,0.4,0.4,4.0,4.0,3.0,1016.8,1016.7,1016.9,0.4,0.0,0.4,0.0,4.0,0.0,3.8333333333333335,0.4082482904638636,-0.10000000000002274,0.09999999999990905,-0.8660254037844385,-0.5000000000000004,-0.7071067811865471,-0.7071067811865479,0.3,3.0
2026-07-31 16:20:00,210.0,3.0,0.4,1017.1,27.3,,0.4,0.3,0.4,2.0,3.0,4.0,1017.1,1017.0,1016.8,0.4,0.0,0.3666666666666667,0.0577350269189626,2.3333333333333335,0.5773502691896257,2.8333333333333335,0.7527726527090817,0.3000000000000682,0.10000000000002274,-0.5000000000000001,-0.8660254037844386,-0.8660254037844385,-0.5000000000000004,0.3,3.0
2026-07-31 17:20:00,200.0,1.0,0.3,1016.5,27.8,,0.3,0.3,0.4,2.0,3.0,3.0,1016.5,1016.9,1017.1,0.3,0.0,0.3,0.0,1.6666666666666667,0.5773502691896258,2.3333333333333335,0.8164965809277271,-0.6000000000000227,-0.39999999999997726,-0.34202014332566866,-0.9396926207859084,-0.9659258262890683,-0.25881904510252063,0.3,1.0
2026-07-31 18:20:00,140.0,2.0,0.3,1016.6,28.8,,0.3,0.3,0.3,2.0,1.0,1.0,1016.6,1016.2,1016.5,0.3,0.0,0.3,0.0,1.6666666666666667,0.5773502691896258,1.3333333333333333,0.5163977794943222,0.10000000000002274,0.39999999999997726,0.6427876096865395,-0.7660444431189779,-1.0,-1.8369701987210297e-16,0.4,14.0
2026-07-31 18:50:00,260.0,14.0,0.4,1017.6,24.2,,0.4,0.3,0.3,8.0,2.0,1.0,1017.9,1016.6,1016.2,0.4,0.0,0.35000000000000003,0.05773502691896258,8.0,6.0,4.833333333333333,5.154286242213044,1.3999999999999773,1.0,-0.984807753012208,-0.17364817766693033,-1.0,-1.8369701987210297e-16,0.6,6.0
2026-07-31 19:20:00,200.0,6.0,0.6,1016.7,25.1,,0.6,0.4,0.3,7.0,14.0,2.0,1016.7,1017.6,1016.6,0.6,0.0,0.5,0.11547005383792507,8.0,2.64575131106459,8.0,4.147288270665544,0.10000000000002274,-0.8999999999999773,-0.34202014332566866,-0.9396926207859084,-0.9659258262890684,0.2588190451025203,0.5,3.0
2026-07-31 21:20:00,170.0,3.0,0.4,1015.6,26.7,,0.4,0.4,0.4,2.0,0.0,2.0,1015.4,1015.4,1015.5,0.4,0.0,0.4,0.0,2.0,1.0,1.1666666666666667,1.1690451944500042,0.10000000000002274,0.20000000000004547,0.17364817766693028,-0.984807753012208,-0.7071067811865477,0.7071067811865474,0.4,5.0
2026-07-31 23:50:00,200.0,6.0,0.5,1014.8,27.8,,0.5,0.4,0.4,6.0,7.0,7.0,1014.9,1014.9,1015.1,0.4666666666666666,0.05773502691896256,0.45000000000000007,0.05773502691896253,6.333333333333333,0.5773502691896258,6.5,0.5477225575051563,-0.3000000000000682,-0.10000000000002274,-0.34202014332566866,-0.9396926207859084,-0.25881904510252157,0.9659258262890681,0.5,6.0
2026-08-01 00:20:00,200.0,6.0,0.5,1014.7,27.7,,0.5,0.5,0.4,5.0,6.0,7.0,1014.6,1014.8,1014.9,0.5,0.0,0.48,0.0447213595499957,5.666666666666667,0.5773502691896258,6.0,0.6324555320336676,-0.1999999999999318,-0.09999999999990905,-0.34202014332566866,-0.9396926207859084,0.0,1.0,0.5,7.0
2026-08-01 01:20:00,190.0,5.0,0.5,1015.0,28.5,,0.5,0.5,0.5,6.0,7.0,6.0,1015.1,1015.0,1014.7,0.5,0.0,0.5,0.0,5.666666666666667,0.5773502691896258,5.833333333333333,0.752772652709074,0.2999999999999545,0.0,-0.17364817766693047,-0.984807753012208,0.25881904510252074,0.9659258262890683,0.5,6.0
2026-08-01 03:20:00,200.0,7.0,0.6,1016.2,28.5,,0.6,0.6,0.6,7.0,7.0,7.0,1016.1,1016.0,1015.6,0.6,0.0,0.6,0.0,7.0,0.0,7.0,0.0,0.6000000000000227,0.20000000000004547,-0.34202014332566866,-0.9396926207859084,0.7071067811865476,0.7071067811865476,0.6,7.0
2026-08-01 03:50:00,200.0,7.0,0.6,1016.0,28.3,,0.6,0.6,0.6,6.0,7.0,7.0,1016.1,1016.2,1016.0,0.6,0.0,0.6,0.0,6.333333333333333,0.5773502691896258,6.666666666666667,0.5163977794943221,0.0,-0.20000000000004547,-0.34202014332566866,-0.9396926207859084,0.7071067811865476,0.7071067811865476,0.6,6.0
2026-08-01 04:20:00,210.0,6.0,0.6,1015.8,28.3,,0.6,0.6,0.6,6.0,7.0,7.0,1015.9,1016.0,1016.2,0.6,0.0,0.6,0.0,6.0,0.0,6.166666666666667,0.4082482904638632,-0.40000000000009095,-0.20000000000004547,-0.5000000000000001,-0.8660254037844386,0.8660254037844386,0.5000000000000001,0.5,7.0
2026-08-01 07:50:00,240.0,5.0,0.5,1014.6,27.8,,0.5,0.5,0.5,5.0,5.0,6.0,1014.7,1014.7,1015.1,0.5,0.0,0.5,0.0,5.0,0.0,5.0,0.0,-0.5,-0.10000000000002274,-0.8660254037844385,-0.5000000000000004,0.9659258262890683,-0.25881904510252063,0.5,5.0
2026-08-01 09:20:00,240.0,5.0,0.5,1014.3,27.4,,0.5,0.5,0.5,5.0,5.0,5.0,1014.3,1014.3,1014.4,0.5,0.0,0.5,0.0,5.0,0.0,5.0,0.0,-0.10000000000002274,0.0,-0.8660254037844385,-0.5000000000000004,0.7071067811865476,-0.7071067811865475,0.5,5.0
2026-08-01 10:20:00,230.0,5.0,0.5,1014.5,27.2,,0.5,0.5,0.5,4.0,5.0,5.0,1014.4,1014.3,1014.3,0.5,0.0,0.5,0.0,4.666666666666667,0.5773502691896258,4.833333333333333,0.40824829046386296,0.20000000000004547,0.20000000000004547,-0.7660444431189779,-0.6427876096865395,0.49999999999999994,-0.8660254037844387,0.5,5.0
2026-08-01 11:20:00,230.0,5.0,0.5,1014.4,27.4,,0.5,0.5,0.5,5.0,5.0,5.0,1014.4,1014.5,1014.5,0.5,0.0,0.5,0.0,5.0,0.0,4.833333333333333,0.4082482904638632,-0.10000000000002274,-0.10000000000002274,-0.7660444431189779,-0.6427876096865395,0.258819045102521,-0.9659258262890682,0.4,5.0
2026-08-01 11:50:00,240.0,5.0,0.4,1014.5,27.3,,0.4,0.5,0.5,6.0,5.0,5.0,1014.4,1014.4,1014.5,0.4,0.0,0.45,0.05773502691896253,5.333333333333333,0.5773502691896258,5.166666666666667,0.40824829046386296,0.0,0.10000000000002274,-0.8660254037844385,-0.5000000000000004,0.258819045102521,-0.9659258262890682,0.4,5.0
2026-08-01 13:50:00,220.0,5.0,0.4,1015.0,27.3,,0.4,0.4,0.4,5.0,5.0,5.0,1014.9,1014.9,1014.8,0.4,0.0,0.4,0.0,5.0,0.0,5.0,0.0,0.20000000000004547,0.10000000000002274,-0.6427876096865393,-0.766044443118978,-0.2588190451025208,-0.9659258262890683,0.4,5.0
2026-08-01 18:20:00,170.0,5.0,0.4,1014.4,28.6,,0.4,0.4,0.4,5.0,5.0,5.0,1014.5,1014.6,1014.8,0.4,0.0,0.4,0.0,5.0,0.0,5.0,0.0,-0.39999999999997726,-0.20000000000004547,0.17364817766693028,-0.984807753012208,-1.0,-1.8369701987210297e-16,0.4,5.0
2026-08-02 01:20:00,220.0,6.0,0.5,1013.5,28.1,,0.5,0.5,0.5,7.0,6.0,4.0,1013.5,1013.4,1013.2,0.5,0.0,0.5,0.0,6.333333333333333,0.5773502691896258,5.666666666666667,1.0327955589886428,0.2999999999999545,0.10000000000002274,-0.6427876096865393,-0.766044443118978,0.25881904510252074,0.9659258262890683,0.5,6.0
2026-08-02 02:20:00,220.0,6.0,0.5,1014.0,28.2,,0.5,0.5,0.5,6.0,6.0,6.0,1014.0,1013.6,1013.5,0.5,0.0,0.5,0.0,6.0,0.0,5.833333333333333,0.4082482904638573,0.5,0.39999999999997726,-0.6427876096865393,-0.766044443118978,0.49999999999999994,0.8660254037844387,0.5,5.0
2026-08-02 03:20:00,220.0,5.0,0.5,1013.6,27.8,,0.5,0.5,0.5,4.0,5.0,6.0,1013.8,1013.9,1014.0,0.5,0.0,0.5,0.0,4.666666666666667,0.5773502691896258,4.833333333333333,0.40824829046386407,-0.39999999999997726,-0.2999999999999545,-0.6427876096865393,-0.766044443118978,0.7071067811865476,0.7071067811865476,0.4,5.0
2026-08-02 03:50:00,200.0,5.0,0.4,1013.8,27.4,,0.4,0.5,0.5,5.0,5.0,5.0,1013.8,1013.6,1013.9,0.4,0.0,0.45,0.05773502691896253,4.666666666666667,0.5773502691896258,4.666666666666667,0.5163977794943232,-0.10000000000002274,0.1999999999999318,-0.34202014332566866,-0.9396926207859084,0.7071067811865476,0.7071067811865476,0.4,3.0
2026-08-02 05:20:00,190.0,5.0,0.5,1013.8,27.8,,0.5,0.5,0.4,5.0,6.0,3.0,1013.9,1013.8,1013.6,0.5,0.0,0.5,0.0,5.333333333333333,0.5773502691896258,5.333333333333333,0.8164965809277288,0.1999999999999318,0.0,-0.17364817766693047,-0.984807753012208,0.9659258262890683,0.25881904510252074,0.5,6.0
2026-08-02 06:20:00,180.0,6.0,0.5,1013.4,27.7,,0.5,0.5,0.5,6.0,6.0,5.0,1013.5,1013.7,1013.8,0.5,0.0,0.5,0.0,6.0,0.0,6.0,0.0,-0.39999999999997726,-0.3000000000000682,1.2246467991473532e-16,-1.0,1.0,6.123233995736766e-17,0.5,7.0
2026-08-02 09:20:00,230.0,6.0,0.6,1013.1,27.1,,0.6,0.6,0.6,6.0,6.0,6.0,1013.1,1013.2,1013.2,0.6,0.0,0.6,0.0,6.0,0.0,6.0,0.0,-0.10000000000002274,-0.10000000000002274,-0.7660444431189779,-0.6427876096865395,0.7071067811865476,-0.7071067811865475,0.7,6.0
2026-08-02 11:20:00,210.0,5.0,0.6,1014.3,27.4,,0.6,0.6,0.6,5.0,5.0,5.0,1014.3,1014.1,1013.8,0.6,0.0,0.6,0.0,5.0,0.0,5.0,0.0,0.5,0.1999999999999318,-0.5000000000000001,-0.8660254037844386,0.258819045102521,-0.9659258262890682,0.6,6.0
2026-08-02 12:20:00,200.0,6.0,0.7,1014.2,27.3,,0.7,0.6,0.6,6.0,6.0,5.0,1014.2,1014.4,1014.3,0.7,0.0,0.6666666666666666,0.05773502691896258,6.0,0.0,5.833333333333333,0.4082482904638632,-0.09999999999990905,-0.1999999999999318,-0.34202014332566866,-0.9396926207859084,1.2246467991473532e-16,-1.0,0.7,6.0
2026-08-02 13:20:00,200.0,6.0,0.7,1014.0,27.5,,0.7,0.7,0.7,6.0,6.0,6.0,1014.1,1014.1,1014.2,0.7,0.0,0.7,0.0,6.0,0.0,6.0,0.0,-0.20000000000004547,-0.10000000000002274,-0.34202014332566866,-0.9396926207859084,-0.2588190451025208,-0.9659258262890683,0.7,6.0
2026-08-02 15:20:00,200.0,7.0,0.7,1015.0,27.5,,0.7,0.7,0.7,7.0,7.0,7.0,1015.0,1015.0,1014.7,0.7,0.0,0.7,0.0,7.0,0.0,6.833333333333333,0.4082482904638632,0.2999999999999545,0.0,-0.34202014332566866,-0.9396926207859084,-0.7071067811865471,-0.7071067811865479,0.6,7.0
2026-08-02 17:20:00,190.0,7.0,0.7,1014.1,28.0,,0.7,0.7,0.7,7.0,6.0,7.0,1014.1,1014.1,1014.4,0.7,0.0,0.7,0.0,6.666666666666667,0.5773502691896258,6.333333333333333,0.5163977794943221,-0.2999999999999545,0.0,-0.17364817766693047,-0.984807753012208,-0.9659258262890683,-0.25881904510252063,0.6,7.0
2026-08-02 19:20:00,180.0,7.0,0.7,1013.2,28.3,,0.7,0.7,0.7,7.0,7.0,7.0,1013.5,1013.9,1014.5,0.7,0.0,0.7,0.0,6.666666666666667,0.5773502691896258,6.666666666666667,0.5163977794943221,-1.2999999999999545,-0.6999999999999318,1.2246467991473532e-16,-1.0,-0.9659258262890684,0.2588190451025203,0.7,7.0
2026-08-02 21:20:00,190.0,8.0,0.8,1013.3,27.8,,0.8,0.7,0.8,8.0,8.0,7.0,1013.3,1013.1,1012.9,0.8,0.0,0.7666666666666666,0.05773502691896262,8.0,0.0,7.833333333333333,0.4082482904638632,0.39999999999997726,0.1999999999999318,-0.17364817766693047,-0.984807753012208,-0.7071067811865477,0.7071067811865474,0.8,10.0
2026-08-02 22:20:00,260.0,10.0,0.9,1013.4,26.6,,0.9,0.8,0.8,10.0,10.0,8.0,1013.5,1013.4,1013.3,0.9,0.0,0.8666666666666667,0.05773502691896255,10.333333333333334,0.5773502691896255,10.166666666666666,0.4082482904638609,0.10000000000002274,0.0,-0.984807753012208,-0.17364817766693033,-0.5000000000000004,0.8660254037844384,0.9,9.0
2026-08-02 22:50:00,250.0,9.0,0.9,1013.1,26.1,,0.9,0.9,0.8,10.0,10.0,10.0,1013.1,1013.4,1013.4,0.9,0.0,0.9,0.0,9.666666666666666,0.5773502691896255,10.0,0.6324555320336747,-0.2999999999999545,-0.2999999999999545,-0.9396926207859084,-0.34202014332566855,-0.5000000000000004,0.8660254037844384,0.9,7.0
2026-08-03 01:20:00,180.0,6.0,0.8,1014.5,26.8,,0.8,0.9,0.9,6.0,6.0,5.0,1014.4,1014.5,1013.8,0.8,0.0,0.8333333333333334,0.05773502691896258,6.0,0.0,5.666666666666667,0.5163977794943304,0.7000000000000455,0.0,1.2246467991473532e-16,-1.0,0.25881904510252074,0.9659258262890683,0.9,7.0
2026-08-03 02:50:00,180.0,5.0,0.9,1014.6,27.4,,0.9,0.9,0.9,5.0,6.0,7.0,1014.6,1014.6,1014.6,0.9,0.0,0.9,0.0,5.0,0.0,5.5,0.5477225575051659,0.0,0.0,1.2246467991473532e-16,-1.0,0.49999999999999994,0.8660254037844387,0.8,5.0
2026-08-03 04:20:00,180.0,5.0,0.7,1013.5,27.4,,0.7,0.7,0.8,5.0,5.0,5.0,1013.7,1014.0,1014.4,0.7,0.0,0.7,0.0,4.666666666666667,0.5773502691896258,4.833333333333333,0.40824829046386296,-0.8999999999999773,-0.5,1.2246467991473532e-16,-1.0,0.8660254037844386,0.5000000000000001,0.6,6.0
2026-08-03 05:20:00,180.0,6.0,0.6,1013.2,27.4,,0.6,0.6,0.7,6.0,6.0,5.0,1013.3,1013.4,1013.5,0.6,0.0,0.6,0.0,6.333333333333333,0.5773502691896258,6.0,0.6324555320336752,-0.2999999999999545,-0.1999999999999318,1.2246467991473532e-16,-1.0,0.9659258262890683,0.25881904510252074,0.7,6.0
2026-08-03 05:50:00,180.0,6.0,0.7,1013.5,27.7,,0.7,0.6,0.6,6.0,6.0,6.0,1013.4,1013.2,1013.4,0.7,0.0,0.6499999999999999,0.05773502691896256,6.0,0.0,6.166666666666667,0.4082482904638615,0.10000000000002274,0.2999999999999545,1.2246467991473532e-16,-1.0,0.9659258262890683,0.25881904510252074,0.6,6.0
2026-08-03 06:20:00,180.0,6.0,0.6,1013.8,27.6,,0.6,0.7,0.6,6.0,6.0,6.0,1013.7,1013.5,1013.2,0.6,0.0,0.6499999999999999,0.05773502691896256,6.0,0.0,6.0,0.0,0.599999999999909,0.2999999999999545,1.2246467991473532e-16,-1.0,1.0,6.123233995736766e-17,0.6,6.0
2026-08-03 07:20:00,180.0,6.0,0.6,1014.0,27.5,,0.6,0.6,0.6,6.0,6.0,6.0,1013.8,1013.9,1013.8,0.6,0.0,0.6,0.0,6.0,0.0,6.166666666666667,0.40824829046386296,0.20000000000004547,0.10000000000002274,1.2246467991473532e-16,-1.0,0.9659258262890683,-0.25881904510252063,0.6,6.0
2026-08-03 09:20:00,180.0,5.0,0.6,1013.5,27.9,,0.6,0.7,0.6,5.0,6.0,6.0,1013.7,1013.9,1014.0,0.6,0.0,0.6333333333333333,0.05773502691896258,5.333333333333333,0.5773502691896258,5.666666666666667,0.5163977794943221,-0.5,-0.39999999999997726,1.2246467991473532e-16,-1.0,0.7071067811865476,-0.7071067811865475,0.6,4.0
2026-08-03 10:20:00,200.0,3.0,0.7,1013.6,27.5,,0.7,0.6,0.6,3.0,4.0,5.0,1013.6,1013.5,1013.5,0.7,0.0,0.6666666666666666,0.05773502691896258,3.0,0.0,3.6666666666666665,0.8164965809277253,0.10000000000002274,0.10000000000002274,-0.34202014332566866,-0.9396926207859084,0.49999999999999994,-0.8660254037844387,0.6,3.0
2026-08-03 12:50:00,220.0,3.0,0.6,1014.3,27.2,,0.6,0.6,0.6,3.0,3.0,3.0,1014.2,1014.2,1014.1,0.6,0.0,0.6,0.0,3.0,0.0,3.1666666666666665,0.408248290463863,0.1999999999999318,0.09999999999990905,-0.6427876096865393,-0.766044443118978,1.2246467991473532e-16,-1.0,0.6,4.0
2026-08-03 13:20:00,240.0,4.0,0.6,1014.4,27.0,,0.6,0.6,0.6,3.0,3.0,3.0,1014.3,1014.3,1014.2,0.6,0.0,0.6,0.0,3.3333333333333335,0.5773502691896257,3.1666666666666665,0.408248290463863,0.1999999999999318,0.10000000000002274,-0.8660254037844385,-0.5000000000000004,-0.2588190451025208,-0.9659258262890683,0.6,3.0
2026-08-03 13:50:00,240.0,3.0,0.6,1014.2,27.0,,0.6,0.6,0.6,4.0,4.0,3.0,1014.4,1014.4,1014.3,0.6,0.0,0.6,0.0,3.6666666666666665,0.5773502691896257,3.5,0.5477225575051664,-0.09999999999990905,-0.1999999999999318,-0.8660254037844385,-0.5000000000000004,-0.2588190451025208,-0.9659258262890683,0.6,4.0
2026-08-03 14:20:00,210.0,4.0,0.6,1014.5,27.0,,0.6,0.6,0.6,3.0,3.0,4.0,1014.4,1014.2,1014.4,0.6,0.0,0.6,0.0,3.6666666666666665,0.5773502691896257,3.6666666666666665,0.5163977794943226,0.10000000000002274,0.2999999999999545,-0.5000000000000001,-0.8660254037844386,-0.4999999999999997,-0.8660254037844388,0.6,4.0
2026-08-03 19:20:00,150.0,5.0,0.6,1013.4,28.6,,0.6,0.6,0.6,5.0,5.0,4.0,1013.7,1013.6,1014.0,0.6,0.0,0.6,0.0,5.0,0.0,4.833333333333333,0.4082482904638632,-0.6000000000000227,-0.20000000000004547,0.49999999999999994,-0.8660254037844387,-0.9659258262890684,0.2588190451025203,0.6,10.0
2026-08-03 20:20:00,260.0,2.0,0.7,1014.0,24.5,,0.7,0.6,0.6,5.0,10.0,5.0,1014.0,1014.1,1013.4,0.7,0.0,0.6666666666666666,0.05773502691896258,5.666666666666667,4.0414518843273814,6.166666666666667,3.188521078284832,0.6000000000000227,-0.10000000000002274,-0.984807753012208,-0.17364817766693033,-0.8660254037844386,0.5000000000000001,0.6,3.0
2026-08-03 21:20:00,130.0,4.0,0.6,1013.9,24.8,,0.6,0.6,0.7,2.0,3.0,2.0,1013.9,1013.9,1014.0,0.6,0.0,0.6,0.0,2.6666666666666665,1.1547005383792517,2.6666666666666665,0.8164965809277288,-0.10000000000002274,0.0,0.766044443118978,-0.6427876096865394,-0.7071067811865477,0.7071067811865474,0.6,5.0
2026-08-04 00:50:00,150.0,4.0,0.6,1014.6,27.5,,0.6,0.6,0.7,4.0,4.0,5.0,1014.6,1014.4,1014.6,0.6,0.0,0.6,0.0,4.0,0.0,4.166666666666667,0.4082482904638632,0.0,0.20000000000004547,0.49999999999999994,-0.8660254037844387,0.0,1.0,0.7,5.0
2026-08-04 01:20:00,160.0,5.0,0.7,1014.7,27.9,,0.7,0.6,0.6,4.0,4.0,4.0,1014.6,1014.6,1014.4,0.7,0.0,0.6499999999999999,0.05773502691896256,4.666666666666667,0.5773502691896258,4.333333333333333,0.5163977794943221,0.3000000000000682,0.10000000000002274,0.3420201433256689,-0.9396926207859083,0.25881904510252074,0.9659258262890683,0.6,5.0
2026-08-04 02:20:00,180.0,5.0,0.7,1015.1,28.0,,0.7,0.6,0.7,5.0,5.0,5.0,1015.0,1014.7,1014.7,0.7,0.0,0.6666666666666666,0.05773502691896256,5.0,0.0,4.833333333333333,0.4082482904638632,0.39999999999997726,0.39999999999997726,1.2246467991473532e-16,-1.0,0.49999999999999994,0.8660254037844387,0.6,6.0
2026-08-04 02:50:00,170.0,6.0,0.6,1015.4,27.8,,0.6,0.7,0.6,6.0,5.0,5.0,1015.2,1015.1,1014.7,0.6,0.0,0.6499999999999999,0.057735026918962554,5.666666666666667,0.5773502691896258,5.333333333333333,0.5163977794943221,0.6999999999999318,0.2999999999999545,0.17364817766693028,-0.984807753012208,0.49999999999999994,0.8660254037844387,0.6,5.0
2026-08-04 03:50:00,190.0,5.0,0.6,1015.5,27.6,,0.6,0.6,0.6,5.0,5.0,6.0,1015.5,1015.4,1015.4,0.6,0.0,0.6,0.0,5.0,0.0,5.0,0.0,0.10000000000002274,0.10000000000002274,-0.17364817766693047,-0.984807753012208,0.7071067811865476,0.7071067811865476,0.7,5.0
2026-08-04 04:20:00,180.0,5.0,0.7,1015.4,27.6,,0.7,0.6,0.6,5.0,5.0,5.0,1015.4,1015.5,1015.4,0.7,0.0,0.6499999999999999,0.05773502691896256,5.0,0.0,5.0,0.0,0.0,-0.10000000000002274,1.2246467991473532e-16,-1.0,0.8660254037844386,0.5000000000000001,0.7,5.0
2026-08-04 06:20:00,210.0,5.0,0.6,1014.8,27.6,,0.6,0.7,0.7,5.0,5.0,6.0,1014.9,1015.1,1015.4,0.6,0.0,0.6333333333333333,0.05773502691896255,5.0,0.0,5.333333333333333,0.5163977794943221,-0.6000000000000227,-0.3000000000000682,-0.5000000000000001,-0.8660254037844386,1.0,6.123233995736766e-17,0.6,4.0
2026-08-04 07:20:00,190.0,5.0,0.6,1014.6,27.5,,0.6,0.6,0.6,5.0,4.0,5.0,1014.7,1014.9,1014.8,0.6,0.0,0.6,0.0,5.0,0.0,4.833333333333333,0.40824829046386296,-0.1999999999999318,-0.2999999999999545,-0.17364817766693047,-0.984807753012208,0.9659258262890683,-0.25881904510252063,0.6,5.0
2026-08-04 08:20:00,190.0,4.0,0.6,1014.6,27.4,,0.6,0.6,0.6,5.0,5.0,5.0,1014.7,1014.6,1014.6,0.6,0.0,0.6,0.0,4.666666666666667,0.5773502691896258,4.833333333333333,0.40824829046386296,0.0,0.0,-0.17364817766693047,-0.984807753012208,0.8660254037844387,-0.4999999999999998,0.6,4.0
2026-08-04 09:20:00,180.0,4.0,0.5,1014.9,27.2,,0.5,0.6,0.6,5.0,4.0,4.0,1014.7,1014.5,1014.6,0.5,0.0,0.5333333333333333,0.05773502691896258,4.333333333333333,0.5773502691896258,4.166666666666667,0.40824829046386296,0.2999999999999545,0.39999999999997726,1.2246467991473532e-16,-1.0,0.7071067811865476,-0.7071067811865475,0.5,5.0
2026-08-04 10:20:00,180.0,5.0,0.6,1015.4,26.9,,0.6,0.5,0.5,5.0,5.0,4.0,1015.4,1015.1,1014.9,0.6,0.0,0.5666666666666668,0.05773502691896255,5.0,0.0,4.833333333333333,0.4082482904638632,0.5,0.2999999999999545,1.2246467991473532e-16,-1.0,0.49999999999999994,-0.8660254037844387,0.6,4.0
2026-08-04 12:20:00,190.0,4.0,0.5,1015.8,27.1,,0.5,0.5,0.6,4.0,4.0,4.0,1015.7,1015.8,1015.8,0.5,0.0,0.5,0.0,4.0,0.0,4.0,0.0,0.0,0.0,-0.17364817766693047,-0.984807753012208,1.2246467991473532e-16,-1.0,0.5,4.0
2026-08-04 13:20:00,210.0,4.0,0.5,1016.1,27.1,,0.5,0.5,0.5,4.0,4.0,4.0,1016.0,1016.0,1015.8,0.5,0.0,0.5,0.0,4.0,0.0,4.0,0.0,0.3000000000000682,0.10000000000002274,-0.5000000000000001,-0.8660254037844386,-0.2588190451025208,-0.9659258262890683,0.5,4.0
2026-08-04 14:20:00,210.0,4.0,0.5,1016.4,27.1,,0.5,0.5,0.5,4.0,4.0,4.0,1016.2,1016.2,1016.1,0.5,0.0,0.5,0.0,3.6666666666666665,0.5773502691896257,3.8333333333333335,0.408248290463863,0.2999999999999545,0.1999999999999318,-0.5000000000000001,-0.8660254037844386,-0.4999999999999997,-0.8660254037844388,0.5,4.0
2026-08-04 15:20:00,210.0,4.0,0.5,1017.0,27.1,,0.5,0.5,0.5,4.0,4.0,4.0,1016.9,1016.6,1016.4,0.5,0.0,0.5,0.0,4.0,0.0,4.0,0.0,0.6000000000000227,0.39999999999997726,-0.5000000000000001,-0.8660254037844386,-0.7071067811865471,-0.7071067811865479,0.5,4.0
2026-08-04 16:20:00,200.0,3.0,0.5,1017.2,27.2,,0.5,0.5,0.5,3.0,4.0,4.0,1017.3,1017.2,1017.0,0.5,0.0,0.5,0.0,3.0,0.0,3.5,0.5477225575051664,0.20000000000004547,0.0,-0.34202014332566866,-0.9396926207859084,-0.8660254037844385,-0.5000000000000004,0.5,3.0
2026-08-04 17:20:00,150.0,4.0,0.5,1017.1,27.3,,0.5,0.5,0.5,3.0,3.0,3.0,1017.1,1017.1,1017.2,0.5,0.0,0.5,0.0,3.3333333333333335,0.5773502691896257,3.1666666666666665,0.408248290463863,-0.10000000000002274,0.0,0.49999999999999994,-0.8660254037844387,-0.9659258262890683,-0.25881904510252063,0.5,3.0
2026-08-04 18:20:00,160.0,4.0,0.5,1016.9,27.7,,0.5,0.5,0.5,4.0,3.0,4.0,1017.0,1017.0,1017.1,0.5,0.0,0.5,0.0,3.6666666666666665,0.5773502691896257,3.6666666666666665,0.5163977794943226,-0.20000000000004547,-0.10000000000002274,0.3420201433256689,-0.9396926207859083,-1.0,-1.8369701987210297e-16,0.5,3.0
2026-08-04 20:20:00,150.0,4.0,0.5,1016.1,28.6,,0.5,0.5,0.5,3.0,3.0,4.0,1016.0,1016.1,1016.5,0.5,0.0,0.5,0.0,3.3333333333333335,0.5773502691896257,3.5,0.5477225575051664,-0.39999999999997726,0.0,0.49999999999999994,-0.8660254037844387,-0.8660254037844386,0.5000000000000001,0.5,5.0
2026-08-04 21:20:00,150.0,4.0,0.5,1016.4,28.8,,0.5,0.5,0.5,4.0,5.0,4.0,1016.3,1016.0,1016.1,0.5,0.0,0.5,0.0,4.333333333333333,0.5773502691896258,4.333333333333333,0.5163977794943233,0.2999999999999545,0.39999999999997726,0.49999999999999994,-0.8660254037844387,-0.7071067811865477,0.7071067811865474,0.5,4.0
2026-08-04 22:20:00,180.0,3.0,0.5,1016.8,28.7,,0.5,0.5,0.5,3.0,4.0,4.0,1016.8,1016.6,1016.4,0.5,0.0,0.5,0.0,3.3333333333333335,0.5773502691896257,3.6666666666666665,0.5163977794943223,0.39999999999997726,0.1999999999999318,1.2246467991473532e-16,-1.0,-0.5000000000000004,0.8660254037844384,0.5,4.0
2026-08-04 23:20:00,240.0,4.0,0.5,1017.5,27.6,,0.5,0.5,0.5,4.0,4.0,3.0,1017.3,1017.0,1016.8,0.5,0.0,0.5,0.0,4.0,0.0,3.8333333333333335,0.408248290463863,0.7000000000000455,0.5,-0.8660254037844385,-0.5000000000000004,-0.25881904510252157,0.9659258262890681,0.5,3.0
2026-08-05 00:20:00,240.0,3.0,0.5,1017.3,27.3,,0.5,0.5,0.5,3.0,3.0,4.0,1017.4,1017.7,1017.5,0.5,0.0,0.5,0.0,3.0,0.0,3.3333333333333335,0.5163977794943226,-0.20000000000004547,-0.40000000000009095,-0.8660254037844385,-0.5000000000000004,0.0,1.0,0.5,2.0
2026-08-05 01:20:00,,0.0,0.5,1017.6,27.0,,0.5,0.5,0.5,1.0,2.0,3.0,1017.4,1017.4,1017.3,0.5,0.0,0.5,0.0,0.6666666666666666,0.5773502691896258,1.5,1.0488088481701523,0.3000000000000682,0.20000000000004547,,,0.25881904510252074,0.9659258262890683,0.5,6.0
2026-08-05 01:50:00,100.0,6.0,0.5,1018.1,27.5,,0.5,0.5,0.5,4.0,0.0,2.0,1018.0,1017.6,1017.4,0.5,0.0,0.5,0.0,4.0,2.0,2.3333333333333335,2.250925735484551,0.7000000000000455,0.5,0.984807753012208,-0.1736481776669303,0.25881904510252074,0.9659258262890683,0.5,5.0
2026-08-05 02:20:00,100.0,5.0,0.5,1018.0,27.4,,0.5,0.5,0.5,5.0,6.0,0.0,1018.1,1018.1,1017.6,0.5,0.0,0.5,0.0,5.333333333333333,0.5773502691896258,4.666666666666667,1.5055453054181613,0.39999999999997726,-0.10000000000002274,0.984807753012208,-0.1736481776669303,0.49999999999999994,0.8660254037844387,0.5,5.0
2026-08-05 04:20:00,130.0,4.0,0.5,1018.1,28.7,,0.5,0.5,0.6,4.0,4.0,5.0,1018.1,1018.3,1018.2,0.5,0.0,0.5,0.0,4.0,0.0,4.0,0.0,-0.10000000000002274,-0.1999999999999318,0.766044443118978,-0.6427876096865394,0.8660254037844386,0.5000000000000001,0.5,5.0
2026-08-05 05:20:00,170.0,5.0,0.5,1017.6,28.3,,0.5,0.5,0.5,6.0,5.0,4.0,1017.8,1017.9,1018.1,0.5,0.0,0.5,0.0,5.333333333333333,0.5773502691896258,5.0,1.0954451150103321,-0.5,-0.2999999999999545,0.17364817766693028,-0.984807753012208,0.9659258262890683,0.25881904510252074,0.5,5.0
2026-08-05 10:20:00,300.0,1.0,0.5,1018.1,26.9,,0.5,0.5,0.5,1.0,2.0,2.0,1017.9,1017.7,1017.7,0.5,0.0,0.5,0.0,1.0,0.0,1.5,0.5477225575051661,0.39999999999997726,0.39999999999997726,-0.8660254037844386,0.5000000000000001,0.49999999999999994,-0.8660254037844387,0.5,1.0
2026-08-05 11:20:00,330.0,2.0,0.5,1018.9,26.9,,0.5,0.5,0.5,1.0,1.0,1.0,1018.7,1018.4,1018.1,0.5,0.0,0.5,0.0,1.3333333333333333,0.5773502691896258,1.1666666666666667,0.408248290463863,0.7999999999999545,0.5,-0.5000000000000004,0.8660254037844384,0.258819045102521,-0.9659258262890682,0.5,1.0
2026-08-05 11:50:00,20.0,1.0,0.5,1019.2,26.9,,0.5,0.5,0.5,1.0,2.0,1.0,1019.0,1018.9,1018.4,0.5,0.0,0.5,0.0,1.3333333333333333,0.5773502691896258,1.3333333333333333,0.5163977794943222,0.8000000000000682,0.3000000000000682,0.3420201433256687,0.9396926207859084,0.258819045102521,-0.9659258262890682,0.5,1.0
2026-08-05 12:20:00,20.0,1.0,0.5,1019.5,27.1,,0.5,0.5,0.5,1.0,1.0,2.0,1019.2,1019.2,1018.9,0.5,0.0,0.5,0.0,1.0,0.0,1.1666666666666667,0.408248290463863,0.6000000000000227,0.2999999999999545,0.3420201433256687,0.9396926207859084,1.2246467991473532e-16,-1.0,0.5,0.0
2026-08-05 14:50:00,160.0,1.0,0.5,1020.5,27.7,,0.5,0.5,0.5,1.0,0.0,1.0,1020.4,1020.5,1020.3,0.5,0.0,0.5,0.0,1.0,0.0,0.5,0.5477225575051662,0.20000000000004547,0.0,0.3420201433256689,-0.9396926207859083,-0.4999999999999997,-0.8660254037844388,0.5,1.0
2026-08-05 16:50:00,140.0,2.0,0.5,1020.6,27.7,,0.5,0.5,0.4,1.0,1.0,1.0,1020.6,1020.6,1020.7,0.5,0.0,0.5,0.0,1.3333333333333333,0.5773502691896258,1.1666666666666667,0.408248290463863,-0.10000000000002274,0.0,0.6427876096865395,-0.7660444431189779,-0.8660254037844385,-0.5000000000000004,0.5,2.0
2026-08-05 18:20:00,,0.0,0.5,1020.3,28.1,,0.5,0.5,0.5,1.0,1.0,2.0,1020.4,1020.4,1020.5,0.5,0.0,0.5,0.0,0.6666666666666666,0.5773502691896258,0.8333333333333334,0.408248290463863,-0.20000000000004547,-0.10000000000002274,,,-1.0,-1.8369701987210297e-16,0.5,0.0
2026-08-05 20:20:00,140.0,2.0,0.4,1019.7,28.7,,0.4,0.5,0.5,1.0,1.0,0.0,1019.6,1019.3,1019.6,0.4,0.0,0.43333333333333335,0.05773502691896256,1.0,1.0,1.1666666666666667,0.7527726527090811,0.10000000000002274,0.40000000000009095,0.6427876096865395,-0.7660444431189779,-0.8660254037844386,0.5000000000000001,0.5,1.0
2026-08-05 23:20:00,110.0,4.0,0.5,1019.6,28.5,,0.5,0.5,0.5,4.0,3.0,3.0,1019.6,1019.7,1019.2,0.5,0.0,0.5,0.0,3.6666666666666665,0.5773502691896257,3.3333333333333335,0.5163977794943223,0.39999999999997726,-0.10000000000002274,0.9396926207859084,-0.3420201433256687,-0.25881904510252157,0.9659258262890681,0.5,5.0
2026-08-06 00:20:00,110.0,5.0,0.5,1019.9,28.6,,0.5,0.5,0.5,5.0,5.0,4.0,1019.8,1019.5,1019.6,0.5,0.0,0.5,0.0,5.0,0.0,4.833333333333333,0.40824829046386496,0.2999999999999545,0.39999999999997726,0.9396926207859084,-0.3420201433256687,0.0,1.0,0.5,5.0
2026-08-06 01:20:00,110.0,4.0,0.5,1019.8,28.7,,0.5,0.5,0.5,4.0,5.0,5.0,1020.1,1020.1,1019.9,0.5,0.0,0.5,0.0,4.333333333333333,0.5773502691896258,4.5,0.5477225575051659,-0.10000000000002274,-0.3000000000000682,0.9396926207859084,-0.3420201433256687,0.25881904510252074,0.9659258262890683,0.5,4.0
2026-08-06 04:20:00,130.0,6.0,0.7,1019.5,28.5,,0.7,0.7,0.6,5.0,6.0,7.0,1019.5,1019.7,1020.4,0.7,0.0,0.7,0.0,5.666666666666667,0.5773502691896258,5.833333333333333,0.4082482904638599,-0.8999999999999773,-0.20000000000004547,0.766044443118978,-0.6427876096865394,0.8660254037844386,0.5000000000000001,0.7,6.0
2026-08-06 06:20:00,110.0,6.0,0.6,1019.3,28.7,,0.6,0.7,0.7,6.0,5.0,5.0,1019.3,1019.5,1019.4,0.6,0.0,0.6333333333333333,0.05773502691896255,6.0,0.0,5.666666666666667,0.5163977794943221,-0.10000000000002274,-0.20000000000004547,0.9396926207859084,-0.3420201433256687,1.0,6.123233995736766e-17,0.6,7.0
2026-08-06 08:20:00,120.0,5.0,0.7,1019.1,29.0,,0.7,0.7,0.7,6.0,6.0,6.0,1019.2,1019.2,1019.5,0.7,0.0,0.7,0.0,5.666666666666667,0.5773502691896258,5.833333333333333,0.40824829046386296,-0.39999999999997726,-0.10000000000002274,0.8660254037844387,-0.4999999999999998,0.8660254037844387,-0.4999999999999998,0.6,5.0
2026-08-06 09:20:00,100.0,3.0,0.7,1019.4,29.1,,0.7,0.6,0.7,4.0,5.0,5.0,1019.4,1019.2,1019.1,0.7,0.0,0.6666666666666666,0.05773502691896256,3.6666666666666665,0.5773502691896257,4.333333333333333,0.8164965809277269,0.2999999999999545,0.1999999999999318,0.984807753012208,-0.1736481776669303,0.7071067811865476,-0.7071067811865475,0.7,4.0
2026-08-06 10:20:00,100.0,4.0,0.7,1020.0,28.9,,0.7,0.7,0.7,5.0,4.0,3.0,1019.9,1019.6,1019.4,0.7,0.0,0.7,0.0,4.333333333333333,0.5773502691896258,3.8333333333333335,0.7527726527090824,0.6000000000000227,0.39999999999997726,0.984807753012208,-0.1736481776669303,0.49999999999999994,-0.8660254037844387,0.7,4.0
2026-08-06 11:20:00,50.0,6.0,0.7,1020.6,27.4,,0.7,0.7,0.7,6.0,4.0,4.0,1020.5,1020.1,1020.0,0.7,0.0,0.7,0.0,5.333333333333333,1.1547005383792515,4.666666666666667,1.0327955589886446,0.6000000000000227,0.5,0.766044443118978,0.6427876096865394,0.258819045102521,-0.9659258262890682,0.7,6.0
2026-08-06 11:50:00,70.0,6.0,0.7,1020.5,28.7,,0.7,0.7,0.7,5.0,6.0,4.0,1020.6,1020.6,1020.1,0.7,0.0,0.7,0.0,4.333333333333333,2.081665999466133,4.833333333333333,1.6020819787597222,0.39999999999997726,-0.10000000000002274,0.9396926207859083,0.3420201433256688,0.258819045102521,-0.9659258262890682,0.7,4.0
2026-08-06 13:20:00,110.0,6.0,0.7,1020.8,29.4,,0.7,0.7,0.7,6.0,5.0,4.0,1021.0,1021.0,1020.8,0.7,0.0,0.7,0.0,5.666666666666667,0.5773502691896258,5.166666666666667,0.7527726527090809,0.0,-0.20000000000004547,0.9396926207859084,-0.3420201433256687,-0.2588190451025208,-0.9659258262890683,0.7,6.0
2026-08-06 13:50:00,100.0,6.0,0.7,1020.9,29.2,,0.7,0.7,0.7,7.0,6.0,5.0,1020.9,1020.8,1021.0,0.7,0.0,0.7,0.0,6.333333333333333,0.5773502691896258,6.0,0.6324555320336758,-0.10000000000002274,0.10000000000002274,0.984807753012208,-0.1736481776669303,-0.2588190451025208,-0.9659258262890683,0.7,5.0
2026-08-06 15:20:00,110.0,5.0,0.7,1021.2,29.3,,0.7,0.7,0.7,6.0,6.0,5.0,1021.4,1021.2,1020.9,0.7,0.0,0.7,0.0,5.666666666666667,0.5773502691896258,5.666666666666667,0.5163977794943221,0.3000000000000682,0.0,0.9396926207859084,-0.3420201433256687,-0.7071067811865471,-0.7071067811865479,0.8,7.0
2026-08-06 17:20:00,90.0,8.0,0.8,1020.5,29.0,,0.8,0.8,0.8,9.0,7.0,7.0,1020.5,1020.7,1020.9,0.8,0.0,0.8,0.0,8.333333333333334,0.5773502691896261,7.666666666666667,0.816496580927728,-0.39999999999997726,-0.20000000000004547,1.0,6.123233995736766e-17,-0.9659258262890683,-0.25881904510252063,0.9,7.0
2026-08-06 18:20:00,90.0,8.0,0.9,1019.7,29.1,,0.9,0.9,0.8,7.0,7.0,8.0,1019.9,1020.2,1020.5,0.9,0.0,0.9,0.0,7.666666666666667,0.5773502691896258,7.5,0.5477225575051686,-0.7999999999999545,-0.5,1.0,6.123233995736766e-17,-1.0,-1.8369701987210297e-16,1.0,7.0
2026-08-06 20:20:00,110.0,7.0,1.0,1019.7,29.6,,1.0,1.0,1.0,6.0,7.0,7.0,1019.5,1019.7,1019.9,1.0,0.0,1.0,0.0,6.333333333333333,0.5773502691896258,6.5,0.5477225575051659,-0.1999999999999318,0.0,0.9396926207859084,-0.3420201433256687,-0.8660254037844386,0.5000000000000001,0.9,6.0
2026-08-06 22:20:00,100.0,7.0,1.0,1020.1,29.7,,1.0,1.0,1.0,7.0,7.0,7.0,1019.9,1020.1,1020.0,1.0,0.0,1.0,0.0,7.0,0.0,7.0,0.0,0.10000000000002274,0.0,0.984807753012208,-0.1736481776669303,-0.5000000000000004,0.8660254037844384,0.9,6.0
2026-08-07 02:20:00,80.0,6.0,0.9,1020.8,29.6,,0.9,1.0,1.0,6.0,6.0,5.0,1020.8,1020.8,1020.8,0.9,0.0,0.9333333333333332,0.05773502691896255,6.0,0.0,5.666666666666667,0.5163977794943221,0.0,0.0,0.984807753012208,0.17364817766693041,0.49999999999999994,0.8660254037844387,0.9,6.0
2026-08-07 03:20:00,70.0,6.0,1.0,1020.7,29.5,,1.0,0.9,0.9,6.0,6.0,6.0,1020.8,1020.8,1020.8,1.0,0.0,0.9666666666666667,0.05773502691896258,6.0,0.0,6.0,0.0,-0.09999999999990905,-0.09999999999990905,0.9396926207859083,0.3420201433256688,0.7071067811865476,0.7071067811865476,0.9,7.0
2026-08-07 04:20:00,80.0,7.0,1.0,1020.3,29.3,,1.0,0.9,1.0,7.0,7.0,6.0,1020.2,1020.6,1020.7,1.0,0.0,0.9666666666666668,0.05773502691896256,7.333333333333333,0.5773502691896258,7.0,0.6324555320336752,-0.40000000000009095,-0.3000000000000682,0.984807753012208,0.17364817766693041,0.8660254037844386,0.5000000000000001,1.0,7.0
2026-08-07 05:20:00,70.0,7.0,1.0,1020.1,29.2,,1.0,1.0,1.0,7.0,7.0,7.0,1020.1,1020.2,1020.3,1.0,0.0,1.0,0.0,7.0,0.0,7.0,0.0,-0.1999999999999318,-0.10000000000002274,0.9396926207859083,0.3420201433256688,0.9659258262890683,0.25881904510252074,1.0,7.0
2026-08-07 10:20:00,90.0,8.0,1.6,1019.1,28.7,,1.6,1.5,1.4,8.0,8.0,8.0,1018.9,1018.9,1019.0,1.6,0.0,1.5666666666666667,0.05773502691896264,8.0,0.0,8.0,0.0,0.10000000000002274,0.20000000000004547,1.0,6.123233995736766e-17,0.49999999999999994,-0.8660254037844387,1.5,9.0
2026-08-07 13:20:00,90.0,8.0,1.8,1019.5,29.1,,1.8,1.6,1.5,8.0,8.0,8.0,1019.5,1019.5,1019.3,1.8,0.0,1.7000000000000002,0.11547005383792516,8.0,0.0,8.0,0.0,0.20000000000004547,0.0,1.0,6.123233995736766e-17,-0.2588190451025208,-0.9659258262890683,1.8,8.0
2026-08-07 13:50:00,80.0,8.0,1.8,1019.7,29.0,,1.8,1.8,1.6,8.0,8.0,8.0,1019.8,1019.5,1019.5,1.8,0.0,1.8,0.0,8.0,0.0,8.0,0.0,0.20000000000004547,0.20000000000004547,0.984807753012208,0.17364817766693041,-0.2588190451025208,-0.9659258262890683,1.7,8.0
2026-08-07 14:20:00,80.0,8.0,1.7,1019.7,29.0,,1.7,1.8,1.8,8.0,8.0,8.0,1019.7,1019.7,1019.5,1.7,0.0,1.7500000000000002,0.05773502691896257,8.0,0.0,8.0,0.0,0.20000000000004547,0.0,0.984807753012208,0.17364817766693041,-0.4999999999999997,-0.8660254037844388,1.9,8.0
2026-08-07 15:20:00,70.0,8.0,2.0,1019.7,29.0,,2.0,1.9,1.7,8.0,8.0,8.0,1019.9,1019.8,1019.7,2.0,0.0,1.9666666666666668,0.0577350269189632,8.0,0.0,8.0,0.0,0.0,-0.09999999999990905,0.9396926207859083,0.3420201433256688,-0.7071067811865471,-0.7071067811865479,2.1,9.0
2026-08-07 16:20:00,90.0,9.0,2.0,1019.7,29.0,,2.0,2.1,2.0,9.0,9.0,8.0,1019.5,1019.9,1019.7,2.0,0.0,2.033333333333333,0.05773502691896269,8.666666666666666,0.5773502691896255,8.833333333333334,0.40824829046386646,0.0,-0.1999999999999318,1.0,6.123233995736766e-17,-0.8660254037844385,-0.5000000000000004,2.0,7.0
2026-08-07 17:20:00,80.0,6.0,2.1,1019.2,28.9,,2.1,2.0,2.0,7.0,7.0,9.0,1019.5,1019.7,1019.7,2.1,0.0,2.066666666666667,0.05773502691896285,6.666666666666667,0.5773502691896258,7.0,0.632455532033674,-0.5,-0.5,0.984807753012208,0.17364817766693041,-0.9659258262890683,-0.25881904510252063,2.1,7.0
2026-08-07 19:20:00,100.0,8.0,1.9,1019.0,27.2,,1.9,2.0,1.9,7.0,8.0,8.0,1019.2,1019.6,1019.0,1.9,0.0,1.9333333333333333,0.057735026918962644,7.333333333333333,0.5773502691896258,7.5,0.5477225575051616,0.0,-0.6000000000000227,0.984807753012208,-0.1736481776669303,-0.9659258262890684,0.2588190451025203,1.9,7.0
2026-08-07 19:50:00,100.0,7.0,1.9,1018.0,26.9,,1.9,1.9,2.0,7.0,8.0,8.0,1018.5,1019.0,1019.6,1.9,0.0,1.9,0.0,7.333333333333333,0.5773502691896258,7.333333333333333,0.5163977794943176,-1.6000000000000227,-1.0,0.984807753012208,-0.1736481776669303,-0.9659258262890684,0.2588190451025203,1.8,8.0
2026-08-07 20:20:00,90.0,8.0,1.8,1018.2,27.2,,1.8,1.9,1.9,7.0,7.0,8.0,1018.2,1018.0,1019.0,1.8,0.0,1.85,0.05773502691896256,7.333333333333333,0.5773502691896258,7.333333333333333,0.5163977794943176,-0.7999999999999545,0.20000000000004547,1.0,6.123233995736766e-17,-0.8660254037844386,0.5000000000000001,1.7,7.0
2026-08-07 21:20:00,110.0,7.0,1.9,1017.3,28.1,,1.9,1.7,1.8,7.0,7.0,8.0,1017.4,1017.6,1018.2,1.9,0.0,1.8333333333333333,0.11547005383792507,7.0,0.0,7.333333333333333,0.5163977794943176,-0.900000000000091,-0.3000000000000682,0.9396926207859084,-0.3420201433256687,-0.7071067811865477,0.7071067811865474,1.8,8.0
2026-08-07 21:50:00,130.0,8.0,1.8,1017.1,28.1,,1.8,1.9,1.7,8.0,7.0,7.0,1017.2,1017.3,1017.6,1.8,0.0,1.8499999999999999,0.05773502691896243,7.666666666666667,0.5773502691896258,7.333333333333333,0.5163977794943221,-0.5,-0.1999999999999318,0.766044443118978,-0.6427876096865394,-0.7071067811865477,0.7071067811865474,1.9,8.0
2026-08-07 23:20:00,110.0,6.0,2.0,1018.1,28.5,,2.0,1.9,1.9,6.0,6.0,8.0,1018.1,1018.1,1017.6,2.0,0.0,1.9666666666666668,0.057735026918962484,6.0,0.0,6.166666666666667,0.40824829046386274,0.5,0.0,0.9396926207859084,-0.3420201433256687,-0.25881904510252157,0.9659258262890681,1.9,7.0
2026-08-07 23:50:00,100.0,7.0,1.9,1018.2,28.4,,1.9,2.0,1.9,6.0,6.0,6.0,1018.2,1018.1,1018.1,1.9,0.0,1.9500000000000002,0.057735026918962595,6.333333333333333,0.5773502691896258,6.166666666666667,0.40824829046386296,0.10000000000002274,0.10000000000002274,0.984807753012208,-0.1736481776669303,-0.25881904510252157,0.9659258262890681,1.9,8.0
2026-08-08 00:20:00,100.0,8.0,1.9,1018.1,28.5,,1.9,1.9,2.0,7.0,7.0,6.0,1018.1,1018.2,1018.1,1.9,0.0,1.9,0.0,6.666666666666667,1.5275252316519465,6.5,1.0488088481701516,0.0,-0.10000000000002274,0.984807753012208,-0.1736481776669303,0.0,1.0,2.0,7.0
2026-08-08 00:50:00,100.0,7.0,2.0,1018.6,28.8,,2.0,1.9,1.9,7.0,8.0,7.0,1018.5,1018.1,1018.2,2.0,0.0,1.9499999999999997,0.05773502691896274,7.0,0.0,6.833333333333333,0.9831920802501752,0.39999999999997726,0.5,0.984807753012208,-0.1736481776669303,0.0,1.0,1.8,8.0
2026-08-08 03:20:00,80.0,3.0,1.9,1019.3,27.3,,1.9,1.7,1.8,3.0,6.0,6.0,1019.4,1019.5,1019.3,1.9,0.0,1.8333333333333333,0.1154700538379251,3.0,0.0,5.166666666666667,2.7868739954771304,0.0,-0.20000000000004547,0.984807753012208,0.17364817766693041,0.7071067811865476,0.7071067811865476,1.6,6.0
2026-08-08 04:20:00,120.0,6.0,1.6,1018.5,28.6,,1.6,1.6,1.9,6.0,6.0,3.0,1018.9,1018.9,1019.3,1.6,0.0,1.6,0.0,6.0,0.0,5.5,0.8366600265340753,-0.7999999999999545,-0.39999999999997726,0.8660254037844387,-0.4999999999999998,0.8660254037844386,0.5000000000000001,1.7,8.0
2026-08-08 05:20:00,110.0,9.0,1.7,1018.6,27.7,,1.7,1.7,1.6,8.0,8.0,6.0,1018.6,1018.6,1018.5,1.7,0.0,1.7,0.0,8.666666666666666,0.5773502691896252,7.833333333333333,1.1690451944500164,0.10000000000002274,0.0,0.9396926207859084,-0.3420201433256687,0.9659258262890683,0.25881904510252074,1.7,8.0
2026-08-08 06:20:00,120.0,8.0,1.7,1017.4,27.9,,1.7,1.7,1.7,9.0,8.0,9.0,1017.8,1018.3,1018.6,1.7,0.0,1.7,0.0,8.666666666666666,0.5773502691896255,8.666666666666666,0.5163977794943362,-1.2000000000000455,-0.8999999999999773,0.8660254037844387,-0.4999999999999998,1.0,6.123233995736766e-17,1.7,8.0
2026-08-08 07:20:00,130.0,7.0,1.5,1017.4,28.5,,1.5,1.7,1.7,7.0,8.0,8.0,1017.2,1017.1,1017.4,1.5,0.0,1.5666666666666667,0.11547005383792516,6.666666666666667,0.5773502691896261,7.5,1.0488088481701572,0.0,0.2999999999999545,0.766044443118978,-0.6427876096865394,0.9659258262890683,-0.25881904510252063,1.6,5.0
2026-08-08 12:20:00,130.0,4.0,1.4,1019.4,28.4,,1.4,1.3,1.3,4.0,5.0,7.0,1019.3,1019.2,1018.5,1.4,0.0,1.3666666666666665,0.05773502691896261,4.333333333333333,0.5773502691896258,4.833333333333333,0.7527726527090915,0.8999999999999773,0.1999999999999318,0.766044443118978,-0.6427876096865394,1.2246467991473532e-16,-1.0,1.3,4.0
2026-08-08 13:20:00,220.0,5.0,1.3,1019.8,27.7,,1.3,1.3,1.4,4.0,4.0,4.0,1019.9,1019.6,1019.4,1.3,0.0,1.3,0.0,4.333333333333333,0.5773502691896258,3.8333333333333335,0.7527726527090955,0.39999999999997726,0.1999999999999318,-0.6427876096865393,-0.766044443118978,-0.2588190451025208,-0.9659258262890683,1.3,4.0
2026-08-08 14:20:00,190.0,4.0,1.4,1020.2,27.9,,1.4,1.3,1.3,3.0,4.0,5.0,1020.1,1019.8,1019.8,1.4,0.0,1.3666666666666665,0.05773502691896261,3.6666666666666665,0.5773502691896257,3.8333333333333335,0.40824829046388966,0.40000000000009095,0.40000000000009095,-0.17364817766693047,-0.984807753012208,-0.4999999999999997,-0.8660254037844388,1.4,3.0
2026-08-08 15:20:00,190.0,2.0,1.3,1020.3,28.3,,1.3,1.4,1.4,3.0,3.0,4.0,1020.4,1020.3,1020.2,1.3,0.0,1.3333333333333333,0.05773502691896261,2.6666666666666665,0.5773502691896257,2.8333333333333335,0.408248290463863,0.09999999999990905,0.0,-0.17364817766693047,-0.984807753012208,-0.7071067811865471,-0.7071067811865479,1.3,4.0
2026-08-08 16:20:00,180.0,5.0,1.3,1019.9,28.8,,1.3,1.3,1.3,6.0,4.0,2.0,1019.8,1020.1,1020.3,1.3,0.0,1.3,0.0,5.333333333333333,0.5773502691896256,4.166666666666667,1.4719601443879737,-0.39999999999997726,-0.20000000000004547,1.2246467991473532e-16,-1.0,-0.8660254037844385,-0.5000000000000004,1.3,4.0
2026-08-08 17:20:00,160.0,4.0,1.3,1019.5,28.8,,1.3,1.3,1.3,4.0,4.0,5.0,1019.5,1019.8,1019.9,1.3,0.0,1.3,0.0,4.0,0.0,4.333333333333333,0.5163977794943194,-0.39999999999997726,-0.2999999999999545,0.3420201433256689,-0.9396926207859083,-0.9659258262890683,-0.25881904510252063,1.3,4.0
2026-08-08 18:20:00,160.0,5.0,1.3,1019.2,28.8,,1.3,1.3,1.3,5.0,4.0,4.0,1019.2,1019.4,1019.5,1.3,0.0,1.3,0.0,5.0,0.0,4.5,0.5477225575051659,-0.2999999999999545,-0.1999999999999318,0.3420201433256689,-0.9396926207859083,-1.0,-1.8369701987210297e-16,1.1,5.0
2026-08-08 18:50:00,150.0,5.0,1.1,1019.5,28.9,,1.1,1.3,1.3,4.0,5.0,4.0,1019.0,1019.2,1019.4,1.1,0.0,1.2000000000000002,0.11547005383792512,4.333333333333333,0.5773502691896258,4.666666666666667,0.5163977794943221,0.10000000000002274,0.2999999999999545,0.49999999999999994,-0.8660254037844387,-1.0,-1.8369701987210297e-16,1.1,4.0
2026-08-08 19:20:00,150.0,4.0,1.1,1018.5,28.9,,1.1,1.1,1.3,4.0,5.0,5.0,1018.5,1019.5,1019.2,1.1,0.0,1.1,0.0,4.333333333333333,0.5773502691896258,4.333333333333333,0.5163977794943221,-0.7000000000000455,-1.0,0.49999999999999994,-0.8660254037844387,-0.9659258262890684,0.2588190451025203,1.1,3.0
2026-08-08 20:20:00,140.0,2.0,1.1,1018.0,28.9,,1.1,1.1,1.1,2.0,3.0,4.0,1018.1,1018.4,1018.5,1.1,0.0,1.1,0.0,2.0,0.0,2.8333333333333335,0.9831920802501768,-0.5,-0.39999999999997726,0.6427876096865395,-0.7660444431189779,-0.8660254037844386,0.5000000000000001,1.2,3.0
2026-08-08 20:50:00,150.0,3.0,1.2,1017.9,29.0,,1.2,1.1,1.1,3.0,2.0,3.0,1017.9,1018.0,1018.4,1.2,0.0,1.15,0.05773502691896256,2.6666666666666665,0.5773502691896257,2.3333333333333335,0.5163977794943269,-0.5,-0.10000000000002274,0.49999999999999994,-0.8660254037844387,-0.8660254037844386,0.5000000000000001,1.1,3.0
2026-08-08 21:20:00,150.0,3.0,1.1,1017.9,29.2,,1.1,1.2,1.1,3.0,3.0,2.0,1017.8,1017.9,1018.0,1.1,0.0,1.15,0.05773502691896256,3.0,0.0,2.8333333333333335,0.4082482904638669,-0.10000000000002274,0.0,0.49999999999999994,-0.8660254037844387,-0.7071067811865477,0.7071067811865474,1.1,4.0
2026-08-08 22:20:00,120.0,4.0,1.1,1018.1,29.5,,1.1,1.1,1.1,3.0,4.0,3.0,1018.1,1017.8,1017.9,1.1,0.0,1.1,0.0,3.6666666666666665,0.5773502691896257,3.5,0.5477225575051664,0.20000000000004547,0.3000000000000682,0.8660254037844387,-0.4999999999999998,-0.5000000000000004,0.8660254037844384,1.1,4.0
2026-08-09 01:20:00,130.0,6.0,1.2,1019.2,29.4,,1.2,1.1,1.0,6.0,5.0,5.0,1019.2,1019.2,1019.0,1.2,0.0,1.1666666666666667,0.05773502691896232,6.0,0.0,5.5,0.5477225575051675,0.20000000000004547,0.0,0.766044443118978,-0.6427876096865394,0.25881904510252074,0.9659258262890683,1.0,5.0
2026-08-09 02:50:00,140.0,6.0,1.0,1019.2,29.3,,1.0,1.0,1.0,6.0,6.0,5.0,1019.2,1019.3,1019.4,1.0,0.0,1.0,0.0,6.0,0.0,5.833333333333333,0.40824829046386546,-0.1999999999999318,-0.09999999999990905,0.6427876096865395,-0.7660444431189779,0.49999999999999994,0.8660254037844387,1.0,7.0
2026-08-09 04:20:00,140.0,6.0,1.0,1019.0,29.1,,1.0,1.0,1.0,7.0,7.0,7.0,1018.9,1018.7,1018.8,1.0,0.0,1.0,0.0,6.666666666666667,0.5773502691896258,6.833333333333333,0.40824829046386296,0.20000000000004547,0.2999999999999545,0.6427876096865395,-0.7660444431189779,0.8660254037844386,0.5000000000000001,1.1,6.0
2026-08-09 07:20:00,160.0,3.0,0.9,1018.2,28.8,,0.9,1.0,1.0,3.0,4.0,6.0,1018.3,1018.2,1018.2,0.9,0.0,0.95,0.05773502691896254,3.0,0.0,3.4,0.5477225575051665,0.0,0.0,0.3420201433256689,-0.9396926207859083,0.9659258262890683,-0.25881904510252063,1.0,3.0
2026-08-09 09:20:00,190.0,1.0,1.0,1018.3,28.7,,1.0,1.0,0.9,1.0,2.0,2.0,1018.3,1018.1,1018.1,1.0,0.0,1.0,0.0,1.0,0.0,1.5,0.5477225575051661,0.1999999999999318,0.1999999999999318,-0.17364817766693047,-0.984807753012208,0.7071067811865476,-0.7071067811865475,0.9,0.0
2026-08-09 10:20:00,60.0,2.0,0.8,1018.7,28.5,,0.8,0.9,1.0,2.0,0.0,1.0,1018.5,1018.5,1018.3,0.8,0.0,0.8333333333333334,0.05773502691896256,1.6666666666666667,0.5773502691896257,1.0,0.8944271909999157,0.40000000000009095,0.20000000000004547,0.8660254037844386,0.5000000000000001,0.49999999999999994,-0.8660254037844387,0.9,1.0
2026-08-09 12:50:00,150.0,2.0,0.8,1020.2,28.6,,0.8,0.9,0.9,2.0,3.0,2.0,1020.1,1019.8,1019.5,0.8,0.0,0.8333333333333334,0.05773502691896258,2.0,0.0,2.5,0.5477225575051667,0.7000000000000455,0.40000000000009095,0.49999999999999994,-0.8660254037844387,1.2246467991473532e-16,-1.0,0.8,2.0
2026-08-09 13:20:00,140.0,2.0,0.8,1020.4,28.8,,0.8,0.8,0.9,2.0,2.0,3.0,1020.4,1020.2,1019.8,0.8,0.0,0.8,0.0,2.0,0.0,2.0,0.0,0.6000000000000227,0.1999999999999318,0.6427876096865395,-0.7660444431189779,-0.2588190451025208,-0.9659258262890683,0.8,3.0
2026-08-09 16:50:00,150.0,4.0,0.8,1020.8,28.7,,0.8,0.9,0.8,4.0,3.0,3.0,1020.8,1020.8,1020.9,0.8,0.0,0.8333333333333334,0.05773502691896255,3.6666666666666665,0.5773502691896257,3.5,0.5477225575051659,-0.10000000000002274,0.0,0.49999999999999994,-0.8660254037844387,-0.8660254037844385,-0.5000000000000004,0.7,4.0
2026-08-09 17:20:00,170.0,4.0,0.7,1020.8,28.7,,0.7,0.8,0.9,4.0,4.0,3.0,1020.6,1020.8,1020.8,0.7,0.0,0.75,0.05773502691896266,4.0,0.0,3.8333333333333335,0.40824829046386235,0.0,0.0,0.17364817766693028,-0.984807753012208,-0.9659258262890683,-0.25881904510252063,0.8,3.0
2026-08-09 19:20:00,150.0,3.0,0.7,1019.4,29.1,,0.7,0.8,0.8,3.0,3.0,3.0,1019.5,1019.6,1020.3,0.7,0.0,0.7333333333333334,0.057735026918962644,3.0,0.0,3.0,0.0,-0.8999999999999773,-0.20000000000004547,0.49999999999999994,-0.8660254037844387,-0.9659258262890684,0.2588190451025203,0.7,4.0
2026-08-09 21:20:00,150.0,4.0,0.8,1018.8,29.7,,0.8,0.8,0.7,5.0,4.0,3.0,1018.9,1018.5,1018.7,0.8,0.0,0.8,0.0,4.666666666666667,0.5773502691896258,4.333333333333333,0.5163977794943233,0.09999999999990905,0.2999999999999545,0.49999999999999994,-0.8660254037844387,-0.7071067811865477,0.7071067811865474,0.7,5.0
2026-08-09 22:20:00,130.0,5.0,0.8,1018.2,29.7,,0.8,0.7,0.8,5.0,5.0,4.0,1018.4,1018.3,1018.8,0.8,0.0,0.7666666666666666,0.057735026918962644,5.0,0.0,4.666666666666667,0.5163977794943235,-0.599999999999909,-0.09999999999990905,0.766044443118978,-0.6427876096865394,-0.5000000000000004,0.8660254037844384,0.7,4.0
2026-08-09 22:50:00,130.0,4.0,0.7,1018.6,29.8,,0.7,0.8,0.7,4.0,5.0,5.0,1018.6,1018.2,1018.3,0.7,0.0,0.75,0.057735026918962644,4.333333333333333,0.5773502691896258,4.666666666666667,0.5163977794943221,0.3000000000000682,0.39999999999997726,0.766044443118978,-0.6427876096865394,-0.5000000000000004,0.8660254037844384,0.7,4.0
2026-08-10 02:20:00,130.0,4.0,0.8,1020.4,29.2,,0.8,0.7,0.7,5.0,4.0,4.0,1020.4,1020.6,1020.6,0.8,0.0,0.7666666666666666,0.057735026918962644,4.333333333333333,0.5773502691896258,4.166666666666667,0.40824829046386296,-0.20000000000004547,-0.20000000000004547,0.766044443118978,-0.6427876096865394,0.49999999999999994,0.8660254037844387,0.7,4.0
2026-08-10 03:20:00,120.0,4.0,0.8,1020.4,29.1,,0.8,0.7,0.8,4.0,4.0,4.0,1020.3,1020.5,1020.4,0.8,0.0,0.7666666666666666,0.057735026918962644,4.0,0.0,4.0,0.0,0.0,-0.10000000000002274,0.8660254037844387,-0.4999999999999998,0.7071067811865476,0.7071067811865476,0.8,3.0
2026-08-10 05:20:00,140.0,5.0,0.8,1020.2,28.9,,0.8,,0.8,5.0,5.0,4.0,1020.4,1020.6,1020.6,0.8,0.0,0.8,0.0,5.0,0.0,5.0,0.0,-0.39999999999997726,-0.39999999999997726,0.6427876096865395,-0.7660444431189779,0.9659258262890683,0.25881904510252074,0.7,5.0
2026-08-10 06:20:00,160.0,4.0,0.7,1020.1,28.8,,0.7,0.7,0.8,4.0,5.0,5.0,1020.0,1020.0,1020.2,0.7,0.0,0.7,0.0,4.0,0.0,4.333333333333333,0.5163977794943221,-0.10000000000002274,0.10000000000002274,0.3420201433256689,-0.9396926207859083,1.0,6.123233995736766e-17,0.7,3.0
2026-08-10 07:20:00,160.0,4.0,0.7,1019.7,28.7,,0.7,0.7,0.7,4.0,3.0,4.0,1019.8,1019.9,1020.1,0.7,0.0,0.7,0.0,4.0,0.0,3.5,0.5477225575051672,-0.39999999999997726,-0.1999999999999318,0.3420201433256689,-0.9396926207859083,0.9659258262890683,-0.25881904510252063,0.7,3.0
2026-08-10 10:20:00,170.0,1.0,0.7,1019.9,28.2,,0.7,0.7,0.6,2.0,2.0,2.0,1019.7,1019.5,1019.5,0.7,0.0,0.7,0.0,1.6666666666666667,0.5773502691896258,1.8333333333333333,0.408248290463863,0.39999999999997726,0.39999999999997726,0.17364817766693028,-0.984807753012208,0.49999999999999994,-0.8660254037844387,0.6,1.0
2026-08-10 11:50:00,140.0,2.0,0.7,1020.4,28.2,,0.7,0.6,0.6,2.0,1.0,1.0,1020.2,1020.1,1019.9,0.7,0.0,0.6666666666666666,0.05773502691896258,2.0,0.0,1.5,0.5477225575051661,0.5,0.2999999999999545,0.6427876096865395,-0.7660444431189779,0.258819045102521,-0.9659258262890682,0.6,3.0
2026-08-10 12:20:00,140.0,3.0,0.6,1020.8,28.3,,0.6,0.7,0.6,2.0,2.0,1.0,1020.7,1020.4,1020.1,0.6,0.0,0.6499999999999999,0.05773502691896256,2.3333333333333335,0.5773502691896257,2.1666666666666665,0.408248290463863,0.6999999999999318,0.39999999999997726,0.6427876096865395,-0.7660444431189779,1.2246467991473532e-16,-1.0,0.6,2.0
2026-08-10 13:50:00,160.0,2.0,0.6,1022.0,28.7,,0.6,0.7,0.6,1.0,2.0,2.0,1022.0,1021.7,1021.3,0.6,0.0,0.6333333333333333,0.05773502691896258,1.6666666666666667,0.5773502691896258,1.8333333333333333,0.408248290463863,0.7000000000000455,0.2999999999999545,0.3420201433256689,-0.9396926207859083,-0.2588190451025208,-0.9659258262890683,0.6,3.0
2026-08-10 14:20:00,150.0,3.0,0.6,1022.0,28.7,,0.6,0.6,0.7,3.0,2.0,2.0,1022.0,1022.0,1021.7,0.6,0.0,0.6,0.0,2.6666666666666665,0.5773502691896257,2.1666666666666665,0.7527726527090811,0.2999999999999545,0.0,0.49999999999999994,-0.8660254037844387,-0.4999999999999997,-0.8660254037844388,0.6,2.0
2026-08-10 15:20:00,160.0,5.0,0.6,1022.6,28.2,,0.6,0.6,0.6,4.0,2.0,3.0,1022.5,1022.3,1022.0,0.6,0.0,0.6,0.0,3.6666666666666665,1.5275252316519468,2.8333333333333335,1.329160135825126,0.6000000000000227,0.3000000000000682,0.3420201433256689,-0.9396926207859083,-0.7071067811865471,-0.7071067811865479,0.6,4.0
