timestamp,wind_dir,wind_speed,wave_height,pressure,air_temp,water_temp,wave_height_1h,wave_height_3h,wave_height_6h,wind_speed_1h,wind_speed_3h,wind_speed_6h,pressure_1h,pressure_3h,pressure_6h,wave_height_roll_mean_3h,wave_height_roll_std_3h,wave_height_roll_mean_6h,wave_height_roll_std_6h,wind_speed_roll_mean_3h,wind_speed_roll_std_3h,wind_speed_roll_mean_6h,wind_speed_roll_std_6h,pressure_drop_6h,pressure_drop_3h,wind_dir_sin,wind_dir_cos,hour_sin,hour_cos,target_wave_height_3h,target_wind_speed_3h
2026-06-26 01:20:00,190.0,7.0,0.8,1019.5,25.4,25.4,0.8,0.7,0.8,6.0,5.0,4.0,1019.5,1019.6,1019.6,0.8,0.0,0.7666666666666666,0.057735026918962644,6.0,1.0,5.5,0.8366600265340766,-0.10000000000002274,-0.10000000000002274,-0.17364817766693047,-0.984807753012208,0.25881904510252074,0.9659258262890683,0.8,7.0
2026-06-26 02:20:00,190.0,7.0,0.8,1020.1,25.4,25.4,0.8,0.8,0.8,7.0,7.0,7.0,1020.0,1019.6,1019.5,0.8,0.0,0.8,0.0,7.0,0.0,7.0,0.0,0.6000000000000227,0.5,-0.17364817766693047,-0.984807753012208,0.49999999999999994,0.8660254037844387,0.9,8.0
2026-06-26 02:50:00,200.0,8.0,0.9,1020.2,25.1,25.3,0.9,0.8,0.8,8.0,7.0,7.0,1020.1,1020.1,1019.6,0.9,0.0,0.85,0.05773502691896254,8.0,0.0,7.5,0.5477225575051659,0.6000000000000227,0.10000000000002274,-0.34202014332566866,-0.9396926207859084,0.49999999999999994,0.8660254037844387,0.9,8.0
2026-06-26 04:20:00,200.0,7.0,1.0,1020.4,25.2,25.2,1.0,0.9,0.9,7.0,8.0,8.0,1020.4,1020.6,1020.2,1.0,0.0,0.9666666666666668,0.05773502691896258,7.333333333333333,0.5773502691896258,7.666666666666667,0.5163977794943221,0.1999999999999318,-0.20000000000004547,-0.34202014332566866,-0.9396926207859084,0.8660254037844386,0.5000000000000001,0.9,7.0
2026-06-26 04:50:00,190.0,7.0,0.9,1020.1,25.2,25.1,0.9,1.0,0.9,7.0,7.0,8.0,1020.3,1020.4,1020.6,0.9,0.0,0.9500000000000001,0.05773502691896256,6.666666666666667,0.5773502691896258,7.0,0.6324555320336752,-0.5,-0.2999999999999545,-0.17364817766693047,-0.984807753012208,0.8660254037844386,0.5000000000000001,1.0,7.0
2026-06-26 05:50:00,200.0,8.0,1.0,1019.9,25.1,25.1,1.0,1.0,0.9,8.0,7.0,7.0,1019.9,1020.1,1020.1,1.0,0.0,1.0,0.0,8.0,0.0,7.833333333333333,0.40824829046386324,-0.20000000000004547,-0.20000000000004547,-0.34202014332566866,-0.9396926207859084,0.9659258262890683,0.25881904510252074,1.0,8.0
2026-06-26 06:20:00,200.0,8.0,1.0,1019.9,25.0,25.0,1.0,1.0,1.0,8.0,8.0,7.0,1019.8,1019.9,1020.1,1.0,0.0,1.0,0.0,8.0,0.0,8.0,0.0,-0.20000000000004547,0.0,-0.34202014332566866,-0.9396926207859084,1.0,6.123233995736766e-17,1.0,7.0
2026-06-26 07:20:00,200.0,7.0,1.0,1019.8,25.1,25.0,1.0,1.0,1.0,7.0,7.0,8.0,1019.7,1019.9,1019.9,1.0,0.0,1.0,0.0,7.0,0.0,7.0,0.0,-0.10000000000002274,-0.10000000000002274,-0.34202014332566866,-0.9396926207859084,0.9659258262890683,-0.25881904510252063,1.1,7.0
2026-06-26 07:50:00,200.0,7.0,1.1,1019.9,25.1,25.0,1.1,1.0,1.0,7.0,7.0,7.0,1019.9,1019.8,1019.9,1.1,0.0,1.05,0.05773502691896274,7.0,0.0,7.0,0.0,0.0,0.10000000000002274,-0.34202014332566866,-0.9396926207859084,0.9659258262890683,-0.25881904510252063,1.1,7.0
2026-06-26 08:20:00,200.0,7.0,1.1,1019.8,25.0,25.0,1.1,1.1,1.0,7.0,7.0,7.0,1019.8,1019.9,1019.8,1.1,0.0,1.1,0.0,7.0,0.0,7.0,0.0,0.0,-0.10000000000002274,-0.34202014332566866,-0.9396926207859084,0.8660254037844387,-0.4999999999999998,1.1,7.0
2026-06-26 09:20:00,210.0,6.0,1.0,1020.3,25.1,24.9,1.0,1.1,1.1,7.0,7.0,7.0,1020.1,1020.0,1019.8,1.0,0.0,1.0333333333333332,0.057735026918962484,6.666666666666667,0.5773502691896258,6.833333333333333,0.40824829046386296,0.5,0.2999999999999545,-0.5000000000000001,-0.8660254037844386,0.7071067811865476,-0.7071067811865475,1.1,7.0
2026-06-26 10:20:00,210.0,7.0,1.1,1020.8,24.9,24.9,1.1,1.1,1.0,7.0,7.0,6.0,1020.8,1020.7,1020.3,1.1,0.0,1.1,0.0,7.333333333333333,0.5773502691896258,7.166666666666667,0.40824829046386296,0.5,0.09999999999990905,-0.5000000000000001,-0.8660254037844386,0.49999999999999994,-0.8660254037844387,1.1,7.0
2026-06-26 11:20:00,210.0,6.0,1.1,1021.3,25.1,24.9,1.1,1.1,1.1,7.0,7.0,7.0,1021.3,1021.2,1020.8,1.1,0.0,1.1,0.0,6.666666666666667,0.5773502691896258,6.833333333333333,0.40824829046386296,0.5,0.09999999999990905,-0.5000000000000001,-0.8660254037844386,0.258819045102521,-0.9659258262890682,1.2,6.0
2026-06-26 12:20:00,190.0,6.0,1.1,1021.4,25.0,24.9,1.1,1.2,1.1,6.0,6.0,6.0,1021.4,1021.4,1021.3,1.1,0.0,1.1333333333333335,0.05773502691896253,6.0,0.0,6.0,0.0,0.10000000000002274,0.0,-0.17364817766693047,-0.984807753012208,1.2246467991473532e-16,-1.0,1.1,6.0
2026-06-26 13:20:00,200.0,6.0,1.3,1021.9,25.0,24.9,1.3,1.1,1.1,6.0,6.0,6.0,1021.9,1021.7,1021.4,1.3,0.0,1.2333333333333334,0.1154700538379251,6.0,0.0,6.0,0.0,0.5,0.1999999999999318,-0.34202014332566866,-0.9396926207859084,-0.2588190451025208,-0.9659258262890683,1.2,6.0
2026-06-26 13:50:00,210.0,6.0,1.2,1021.9,25.0,24.9,1.2,1.3,1.1,6.0,6.0,6.0,1021.9,1021.9,1021.7,1.2,0.0,1.25,0.057735026918962526,6.0,0.0,6.0,0.0,0.1999999999999318,0.0,-0.5000000000000001,-0.8660254037844386,-0.2588190451025208,-0.9659258262890683,1.2,6.0
2026-06-26 14:20:00,220.0,6.0,1.2,1022.3,25.2,24.9,1.2,1.2,1.3,6.0,6.0,6.0,1022.1,1021.9,1021.9,1.2,0.0,1.2,0.0,6.0,0.0,6.0,0.0,0.39999999999997726,0.39999999999997726,-0.6427876096865393,-0.766044443118978,-0.4999999999999997,-0.8660254037844388,1.2,6.0
2026-06-26 14:50:00,210.0,6.0,1.2,1022.4,25.2,24.9,1.2,1.2,1.2,6.0,6.0,6.0,1022.3,1022.3,1021.9,1.2,0.0,1.2,0.0,6.0,0.0,6.0,0.0,0.5,0.10000000000002274,-0.5000000000000001,-0.8660254037844386,-0.4999999999999997,-0.8660254037844388,1.1,5.0
2026-06-26 15:20:00,220.0,5.0,1.1,1022.4,25.2,25.0,1.1,1.2,1.2,6.0,6.0,6.0,1022.3,1022.4,1022.3,1.1,0.0,1.15,0.05773502691896256,5.666666666666667,0.5773502691896258,5.833333333333333,0.40824829046386296,0.10000000000002274,0.0,-0.6427876096865393,-0.766044443118978,-0.7071067811865471,-0.7071067811865479,1.2,6.0
2026-06-26 16:20:00,220.0,5.0,1.2,1022.6,25.4,25.0,1.2,1.2,1.1,5.0,6.0,5.0,1022.6,1022.5,1022.4,1.2,0.0,1.2,0.0,5.0,0.0,5.5,0.5477225575051659,0.20000000000004547,0.10000000000002274,-0.6427876096865393,-0.766044443118978,-0.8660254037844385,-0.5000000000000004,1.1,5.0
2026-06-26 16:50:00,210.0,5.0,1.1,1022.4,25.4,25.1,1.1,1.2,1.2,5.0,5.0,6.0,1022.6,1022.6,1022.5,1.1,0.0,1.15,0.05773502691896256,5.0,0.0,5.0,0.0,-0.10000000000002274,-0.20000000000004547,-0.5000000000000001,-0.8660254037844386,-0.8660254037844385,-0.5000000000000004,1.1,6.0
2026-06-26 17:20:00,220.0,6.0,1.1,1022.1,25.3,25.2,1.1,1.1,1.2,6.0,5.0,5.0,1022.2,1022.4,1022.6,1.1,0.0,1.1,0.0,5.666666666666667,0.5773502691896258,5.333333333333333,0.5163977794943221,-0.5,-0.2999999999999545,-0.6427876096865393,-0.766044443118978,-0.9659258262890683,-0.25881904510252063,1.1,6.0
2026-06-26 18:20:00,230.0,6.0,1.2,1022.2,25.4,25.2,1.2,1.1,1.1,6.0,6.0,6.0,1022.2,1022.3,1022.1,1.2,0.0,1.1666666666666667,0.05773502691896261,6.0,0.0,5.833333333333333,0.4082482904638632,0.10000000000002274,-0.09999999999990905,-0.7660444431189779,-0.6427876096865395,-1.0,-1.8369701987210297e-16,1.2,6.0
2026-06-26 18:50:00,240.0,6.0,1.2,1022.0,25.5,25.2,1.2,1.2,1.1,6.0,6.0,6.0,1022.1,1022.2,1022.3,1.2,0.0,1.2,0.0,6.0,0.0,6.0,0.0,-0.2999999999999545,-0.20000000000004547,-0.8660254037844385,-0.5000000000000004,-1.0,-1.8369701987210297e-16,1.1,6.0
2026-06-26 19:20:00,220.0,6.0,1.1,1021.6,25.4,25.3,1.1,1.2,1.2,5.0,6.0,6.0,1021.9,1022.0,1022.2,1.1,0.0,1.15,0.05773502691896256,5.333333333333333,0.5773502691896258,5.666666666666667,0.5163977794943221,-0.6000000000000227,-0.39999999999997726,-0.6427876096865393,-0.766044443118978,-0.9659258262890684,0.2588190451025203,1.1,6.0
2026-06-26 20:20:00,230.0,5.0,1.1,1021.0,25.4,25.4,1.1,1.1,1.1,5.0,6.0,6.0,1021.1,1021.3,1021.6,1.1,0.0,1.1,0.0,5.0,0.0,5.5,0.5477225575051659,-0.6000000000000227,-0.2999999999999545,-0.7660444431189779,-0.6427876096865395,-0.8660254037844386,0.5000000000000001,1.1,4.0
2026-06-26 21:20:00,230.0,4.0,1.1,1020.9,25.4,25.4,1.1,1.1,1.1,5.0,4.0,5.0,1020.9,1021.0,1021.0,1.1,0.0,1.1,0.0,4.666666666666667,0.5773502691896258,4.5,0.5477225575051671,-0.10000000000002274,-0.10000000000002274,-0.7660444431189779,-0.6427876096865395,-0.7071067811865477,0.7071067811865474,1.1,5.0
2026-06-26 21:50:00,230.0,5.0,1.1,1021.0,25.5,25.4,1.1,1.1,1.1,4.0,4.0,4.0,1020.9,1020.9,1021.0,1.1,0.0,1.1,0.0,4.666666666666667,0.5773502691896258,4.666666666666667,0.5163977794943234,0.0,0.10000000000002274,-0.7660444431189779,-0.6427876096865395,-0.7071067811865477,0.7071067811865474,1.1,5.0
2026-06-26 22:20:00,240.0,5.0,1.1,1021.1,25.5,25.3,1.1,1.1,1.1,5.0,5.0,4.0,1021.0,1021.0,1020.9,1.1,0.0,1.1,0.0,5.0,0.0,4.833333333333333,0.40824829046386496,0.20000000000004547,0.10000000000002274,-0.8660254037844385,-0.5000000000000004,-0.5000000000000004,0.8660254037844384,1.0,4.0
2026-06-26 23:40:00,220.0,5.0,1.0,1021.2,25.3,25.3,1.1,1.0,1.1,4.0,4.0,5.0,1021.3,1021.3,1021.1,1.05,0.07071067811865482,1.0333333333333334,0.057735026918962484,4.333333333333333,0.5773502691896258,4.5,0.5477225575051659,0.10000000000002274,-0.09999999999990905,-0.6427876096865393,-0.766044443118978,-0.25881904510252157,0.9659258262890681,1.0,4.0
2026-06-27 00:50:00,210.0,5.0,1.0,1021.4,25.2,25.2,1.0,1.0,1.0,4.0,4.0,5.0,1021.3,1021.2,1021.3,1.0,0.0,1.0,0.0,4.333333333333333,0.5773502691896258,4.166666666666667,0.40824829046386296,0.10000000000002274,0.1999999999999318,-0.5000000000000001,-0.8660254037844386,0.0,1.0,1.1,5.0
2026-06-27 01:20:00,220.0,5.0,1.1,1021.8,25.1,25.2,1.1,1.0,1.0,5.0,5.0,4.0,1021.7,1021.4,1021.2,1.1,0.0,1.05,0.05773502691896274,5.0,0.0,4.666666666666667,0.5163977794943221,0.599999999999909,0.39999999999997726,-0.6427876096865393,-0.766044443118978,0.25881904510252074,0.9659258262890683,1.0,4.0
2026-06-27 01:50:00,220.0,4.0,1.0,1022.0,25.1,25.2,1.0,1.1,1.0,4.0,5.0,5.0,1021.9,1021.8,1021.4,1.0,0.0,1.05,0.05773502691896274,4.0,0.0,4.5,0.5477225575051659,0.6000000000000227,0.20000000000004547,-0.6427876096865393,-0.766044443118978,0.25881904510252074,0.9659258262890683,1.0,4.0
2026-06-27 02:20:00,230.0,4.0,1.0,1022.1,25.1,25.2,1.0,1.0,1.1,4.0,4.0,5.0,1022.0,1022.0,1021.8,1.0,0.0,1.0,0.0,4.0,0.0,4.0,0.0,0.3000000000000682,0.10000000000002274,-0.7660444431189779,-0.6427876096865395,0.49999999999999994,0.8660254037844387,1.0,3.0
2026-06-27 03:20:00,210.0,3.0,1.1,1022.3,25.2,25.2,1.1,1.0,1.0,3.0,3.0,4.0,1022.3,1022.3,1022.1,1.1,0.0,1.0666666666666667,0.057735026918962484,3.0,0.0,3.0,0.0,0.1999999999999318,0.0,-0.5000000000000001,-0.8660254037844386,0.7071067811865476,0.7071067811865476,1.0,4.0
2026-06-27 03:50:00,200.0,4.0,1.0,1021.9,25.1,25.2,1.0,1.1,1.0,4.0,3.0,3.0,1022.0,1022.3,1022.3,1.0,0.0,1.05,0.057735026918962595,3.6666666666666665,0.5773502691896257,3.3333333333333335,0.5163977794943223,-0.39999999999997726,-0.39999999999997726,-0.34202014332566866,-0.9396926207859084,0.7071067811865476,0.7071067811865476,1.0,4.0
2026-06-27 04:20:00,200.0,4.0,1.0,1021.8,25.0,25.2,1.0,1.0,1.1,4.0,4.0,3.0,1021.8,1021.9,1022.3,1.0,0.0,1.0,0.0,4.0,0.0,3.8333333333333335,0.4082482904638636,-0.5,-0.10000000000002274,-0.34202014332566866,-0.9396926207859084,0.8660254037844386,0.5000000000000001,1.1,5.0
2026-06-27 04:50:00,210.0,5.0,1.1,1021.6,25.0,25.2,1.1,1.0,1.0,5.0,4.0,4.0,1021.7,1021.8,1021.9,1.1,0.0,1.05,0.05773502691896274,5.0,0.0,4.5,0.5477225575051659,-0.2999999999999545,-0.1999999999999318,-0.5000000000000001,-0.8660254037844386,0.8660254037844386,0.5000000000000001,1.0,5.0
2026-06-27 05:20:00,220.0,5.0,1.0,1021.7,25.0,25.1,1.0,1.1,1.0,5.0,5.0,4.0,1021.6,1021.6,1021.8,1.0,0.0,1.05,0.05773502691896274,5.0,0.0,5.0,0.0,-0.09999999999990905,0.10000000000002274,-0.6427876096865393,-0.766044443118978,0.9659258262890683,0.25881904510252074,1.0,5.0
2026-06-27 05:50:00,210.0,5.0,1.0,1021.4,24.9,25.1,1.0,1.0,1.1,5.0,5.0,5.0,1021.5,1021.7,1021.6,1.0,0.0,1.0,0.0,5.0,0.0,5.0,0.0,-0.20000000000004547,-0.3000000000000682,-0.5000000000000001,-0.8660254037844386,0.9659258262890683,0.25881904510252074,1.0,5.0
2026-06-27 06:20:00,210.0,5.0,1.0,1021.3,25.0,25.1,1.0,1.0,1.0,5.0,5.0,5.0,1021.3,1021.4,1021.7,1.0,0.0,1.0,0.0,5.0,0.0,5.0,0.0,-0.40000000000009095,-0.10000000000002274,-0.5000000000000001,-0.8660254037844386,1.0,6.123233995736766e-17,1.0,5.0
2026-06-27 06:50:00,200.0,5.0,1.0,1021.1,25.1,25.1,1.0,1.0,1.0,5.0,5.0,5.0,1021.2,1021.3,1021.4,1.0,0.0,1.0,0.0,5.0,0.0,5.0,0.0,-0.2999999999999545,-0.1999999999999318,-0.34202014332566866,-0.9396926207859084,1.0,6.123233995736766e-17,1.0,5.0
2026-06-27 07:20:00,210.0,5.0,1.0,1021.0,25.2,25.1,1.0,1.0,1.0,5.0,5.0,5.0,1021.1,1021.1,1021.3,1.0,0.0,1.0,0.0,5.0,0.0,5.0,0.0,-0.2999999999999545,-0.10000000000002274,-0.5000000000000001,-0.8660254037844386,0.9659258262890683,-0.25881904510252063,1.0,5.0
2026-06-27 07:50:00,200.0,5.0,1.0,1020.9,25.2,25.1,1.0,1.0,1.0,5.0,5.0,5.0,1021.0,1021.0,1021.1,1.0,0.0,1.0,0.0,5.0,0.0,5.0,0.0,-0.20000000000004547,-0.10000000000002274,-0.34202014332566866,-0.9396926207859084,0.9659258262890683,-0.25881904510252063,1.1,6.0
2026-06-27 08:20:00,200.0,6.0,1.1,1020.8,25.2,25.1,1.1,1.0,1.0,6.0,5.0,5.0,1020.9,1020.9,1021.0,1.1,0.0,1.05,0.05773502691896274,6.0,0.0,5.5,0.5477225575051659,-0.20000000000004547,-0.10000000000002274,-0.34202014332566866,-0.9396926207859084,0.8660254037844387,-0.4999999999999998,1.0,6.0
2026-06-27 08:50:00,210.0,6.0,1.0,1020.9,25.3,25.1,1.0,1.1,1.0,6.0,6.0,5.0,1020.8,1020.8,1020.9,1.0,0.0,1.05,0.05773502691896274,6.0,0.0,6.0,0.0,0.0,0.10000000000002274,-0.5000000000000001,-0.8660254037844386,0.8660254037844387,-0.4999999999999998,1.1,6.0
2026-06-27 09:20:00,210.0,6.0,1.1,1020.9,25.3,25.1,1.1,1.0,1.1,6.0,6.0,6.0,1021.0,1020.9,1020.8,1.1,0.0,1.05,0.05773502691896274,6.0,0.0,6.0,0.0,0.10000000000002274,0.0,-0.5000000000000001,-0.8660254037844386,0.7071067811865476,-0.7071067811865475,1.0,6.0
2026-06-27 10:20:00,200.0,7.0,1.0,1020.7,25.3,25.0,1.0,1.0,1.1,6.0,6.0,6.0,1020.7,1020.6,1020.9,1.0,0.0,1.0,0.0,6.333333333333333,0.5773502691896258,6.166666666666667,0.40824829046386296,-0.1999999999999318,0.10000000000002274,-0.34202014332566866,-0.9396926207859084,0.49999999999999994,-0.8660254037844387,1.0,8.0
2026-06-27 10:50:00,210.0,8.0,1.0,1020.4,25.3,25.0,1.0,1.0,1.0,7.0,7.0,6.0,1020.5,1020.7,1020.6,1.0,0.0,1.0,0.0,7.333333333333333,0.5773502691896258,6.833333333333333,0.752772652709081,-0.20000000000004547,-0.3000000000000682,-0.5000000000000001,-0.8660254037844386,0.49999999999999994,-0.8660254037844387,1.1,7.0
2026-06-27 11:20:00,210.0,7.0,1.1,1020.5,25.3,25.0,1.1,1.0,1.0,8.0,8.0,7.0,1020.5,1020.4,1020.7,1.1,0.0,1.05,0.05773502691896274,7.666666666666667,0.5773502691896258,7.5,0.5477225575051659,-0.20000000000004547,0.10000000000002274,-0.5000000000000001,-0.8660254037844386,0.258819045102521,-0.9659258262890682,1.1,7.0
2026-06-27 12:20:00,210.0,7.0,1.1,1021.1,25.4,25.0,1.1,1.1,1.1,7.0,7.0,7.0,1021.1,1020.9,1020.5,1.1,0.0,1.1,0.0,7.0,0.0,7.0,0.0,0.6000000000000227,0.20000000000004547,-0.5000000000000001,-0.8660254037844386,1.2246467991473532e-16,-1.0,1.2,7.0
2026-06-27 12:50:00,210.0,7.0,1.2,1021.3,25.4,25.0,1.2,1.1,1.1,7.0,7.0,7.0,1021.2,1021.1,1020.9,1.2,0.0,1.15,0.05773502691896256,7.0,0.0,7.0,0.0,0.39999999999997726,0.1999999999999318,-0.5000000000000001,-0.8660254037844386,1.2246467991473532e-16,-1.0,1.2,7.0
2026-06-27 13:20:00,210.0,7.0,1.2,1021.1,25.4,25.1,1.2,1.2,1.1,7.0,7.0,7.0,1021.2,1021.3,1021.1,1.2,0.0,1.2,0.0,7.0,0.0,7.0,0.0,0.0,-0.1999999999999318,-0.5000000000000001,-0.8660254037844386,-0.2588190451025208,-0.9659258262890683,1.1,7.0
2026-06-27 13:50:00,210.0,7.0,1.1,1020.9,25.4,25.0,1.1,1.2,1.2,7.0,7.0,7.0,1021.0,1021.1,1021.3,1.1,0.0,1.15,0.05773502691896256,7.0,0.0,7.0,0.0,-0.39999999999997726,-0.20000000000004547,-0.5000000000000001,-0.8660254037844386,-0.2588190451025208,-0.9659258262890683,1.1,7.0
2026-06-27 14:20:00,210.0,7.0,1.1,1021.1,25.4,25.1,1.1,1.1,1.2,7.0,7.0,7.0,1021.0,1020.9,1021.1,1.1,0.0,1.1,0.0,7.0,0.0,7.0,0.0,0.0,0.20000000000004547,-0.5000000000000001,-0.8660254037844386,-0.4999999999999997,-0.8660254037844388,1.2,7.0
2026-06-27 15:20:00,210.0,7.0,1.1,1021.1,25.5,25.1,1.1,1.2,1.1,7.0,7.0,7.0,1021.0,1020.9,1021.1,1.1,0.0,1.1333333333333335,0.05773502691896253,7.333333333333333,0.5773502691896258,7.0,0.6324555320336759,0.0,0.20000000000004547,-0.5000000000000001,-0.8660254037844386,-0.7071067811865471,-0.7071067811865479,1.2,7.0
2026-06-27 15:50:00,210.0,7.0,1.2,1021.1,25.5,25.1,1.2,1.1,1.2,7.0,7.0,7.0,1021.1,1021.1,1020.9,1.2,0.0,1.15,0.057735026918962554,7.0,0.0,7.166666666666667,0.40824829046386296,0.20000000000004547,0.0,-0.5000000000000001,-0.8660254037844386,-0.7071067811865471,-0.7071067811865479,1.2,7.0
2026-06-27 16:20:00,210.0,7.0,1.2,1020.9,25.5,25.2,1.2,1.2,1.1,7.0,7.0,7.0,1021.0,1021.1,1021.1,1.2,0.0,1.2,0.0,7.0,0.0,7.0,0.0,-0.20000000000004547,-0.20000000000004547,-0.5000000000000001,-0.8660254037844386,-0.8660254037844385,-0.5000000000000004,1.2,7.0
2026-06-27 16:50:00,220.0,7.0,1.2,1021.1,25.6,25.2,1.2,1.2,1.2,7.0,7.0,7.0,1021.0,1020.9,1021.1,1.2,0.0,1.2,0.0,7.0,0.0,7.0,0.0,0.0,0.20000000000004547,-0.6427876096865393,-0.766044443118978,-0.8660254037844385,-0.5000000000000004,1.2,7.0
2026-06-27 17:20:00,220.0,7.0,1.2,1020.9,25.6,25.2,1.2,1.2,1.2,7.0,7.0,7.0,1021.0,1021.1,1020.9,1.2,0.0,1.2,0.0,7.0,0.0,7.0,0.0,0.0,-0.20000000000004547,-0.6427876096865393,-0.766044443118978,-0.9659258262890683,-0.25881904510252063,1.2,7.0
2026-06-27 17:50:00,220.0,7.0,1.2,1021.0,25.7,25.3,1.2,1.2,1.2,7.0,7.0,7.0,1021.0,1020.9,1021.1,1.2,0.0,1.2,0.0,7.0,0.0,7.0,0.0,-0.10000000000002274,0.10000000000002274,-0.6427876096865393,-0.766044443118978,-0.9659258262890683,-0.25881904510252063,1.2,7.0
2026-06-27 18:20:00,220.0,7.0,1.2,1020.6,25.7,25.2,1.2,1.2,1.2,7.0,7.0,7.0,1020.7,1021.0,1020.9,1.2,0.0,1.2,0.0,7.0,0.0,7.0,0.0,-0.2999999999999545,-0.39999999999997726,-0.6427876096865393,-0.766044443118978,-1.0,-1.8369701987210297e-16,1.3,8.0
2026-06-27 18:50:00,220.0,8.0,1.3,1020.3,25.7,25.3,1.3,1.2,1.2,8.0,7.0,7.0,1020.4,1020.6,1021.0,1.3,0.0,1.25,0.05773502691896257,7.666666666666667,0.5773502691896258,7.333333333333333,0.5163977794943221,-0.7000000000000455,-0.3000000000000682,-0.6427876096865393,-0.766044443118978,-1.0,-1.8369701987210297e-16,1.3,7.0
2026-06-27 19:20:00,210.0,7.0,1.3,1020.0,25.7,25.3,1.3,1.3,1.2,7.0,8.0,7.0,1020.1,1020.3,1020.6,1.3,0.0,1.3,0.0,7.0,0.0,7.333333333333333,0.5163977794943221,-0.6000000000000227,-0.2999999999999545,-0.5000000000000001,-0.8660254037844386,-0.9659258262890684,0.2588190451025203,1.2,8.0
2026-06-27 19:50:00,210.0,8.0,1.2,1019.7,25.8,25.3,1.2,1.3,1.3,8.0,7.0,8.0,1019.9,1020.0,1020.3,1.2,0.0,1.25,0.05773502691896257,7.666666666666667,0.5773502691896258,7.333333333333333,0.5163977794943221,-0.599999999999909,-0.2999999999999545,-0.5000000000000001,-0.8660254037844386,-0.9659258262890684,0.2588190451025203,1.3,7.0
2026-06-27 20:20:00,220.0,7.0,1.3,1019.0,25.8,25.3,1.3,1.2,1.3,7.0,8.0,7.0,1019.2,1019.7,1020.0,1.3,0.0,1.25,0.05773502691896257,7.0,0.0,7.333333333333333,0.5163977794943221,-1.0,-0.7000000000000455,-0.6427876096865393,-0.766044443118978,-0.8660254037844386,0.5000000000000001,1.3,8.0
2026-06-27 22:20:00,210.0,7.0,1.3,1018.6,25.8,25.3,1.3,1.3,1.3,6.0,6.0,7.0,1018.5,1018.5,1018.6,1.3,0.0,1.3,0.0,6.333333333333333,0.5773502691896258,6.5,0.5477225575051659,0.0,0.10000000000002274,-0.5000000000000001,-0.8660254037844386,-0.5000000000000004,0.8660254037844384,1.3,6.0
2026-06-28 00:50:00,200.0,7.0,1.3,1018.5,25.6,25.3,1.3,1.3,1.3,7.0,7.0,7.0,1018.7,1018.5,1018.5,1.3,0.0,1.3,0.0,7.0,0.0,7.0,0.0,0.0,0.0,-0.34202014332566866,-0.9396926207859084,0.0,1.0,1.2,7.0
2026-06-28 01:20:00,200.0,7.0,1.2,1018.5,25.7,25.3,1.2,1.3,1.3,7.0,7.0,7.0,1018.5,1018.5,1018.5,1.2,0.0,1.25,0.05773502691896257,7.0,0.0,7.0,0.0,0.0,0.0,-0.34202014332566866,-0.9396926207859084,0.25881904510252074,0.9659258262890683,1.3,8.0
2026-06-28 01:50:00,200.0,8.0,1.3,1018.7,25.7,25.3,1.3,1.2,1.3,8.0,7.0,7.0,1018.7,1018.5,1018.5,1.3,0.0,1.25,0.05773502691896257,8.0,0.0,7.5,0.5477225575051659,0.20000000000004547,0.20000000000004547,-0.34202014332566866,-0.9396926207859084,0.25881904510252074,0.9659258262890683,1.4,8.0
2026-06-28 02:20:00,200.0,8.0,1.4,1018.7,25.6,25.3,1.4,1.3,1.2,8.0,8.0,7.0,1018.7,1018.7,1018.5,1.4,0.0,1.35,0.05773502691896279,8.0,0.0,8.0,0.0,0.20000000000004547,0.0,-0.34202014332566866,-0.9396926207859084,0.49999999999999994,0.8660254037844387,1.4,8.0
2026-06-28 02:50:00,210.0,8.0,1.4,1018.4,25.6,25.3,1.4,1.4,1.3,8.0,8.0,8.0,1018.5,1018.7,1018.7,1.4,0.0,1.4,0.0,8.0,0.0,8.0,0.0,-0.3000000000000682,-0.3000000000000682,-0.5000000000000001,-0.8660254037844386,0.49999999999999994,0.8660254037844387,1.4,8.0
2026-06-28 03:20:00,200.0,8.0,1.4,1018.1,25.7,,1.4,1.4,1.4,8.0,8.0,8.0,1018.2,1018.4,1018.7,1.4,0.0,1.4,0.0,8.0,0.0,8.0,0.0,-0.6000000000000227,-0.2999999999999545,-0.34202014332566866,-0.9396926207859084,0.7071067811865476,0.7071067811865476,1.4,8.0
2026-06-28 03:50:00,200.0,8.0,1.4,1017.9,25.7,25.3,1.4,1.4,1.4,9.0,8.0,8.0,1017.9,1018.1,1018.4,1.4,0.0,1.4,0.0,8.333333333333334,0.5773502691896255,8.166666666666666,0.4082482904638632,-0.5,-0.20000000000004547,-0.34202014332566866,-0.9396926207859084,0.7071067811865476,0.7071067811865476,1.4,9.0
2026-06-28 04:20:00,200.0,9.0,1.4,1017.7,25.7,25.3,1.4,1.4,1.4,9.0,8.0,8.0,1017.9,1017.9,1018.1,1.4,0.0,1.4,0.0,8.666666666666666,0.5773502691896255,8.5,0.5477225575051671,-0.39999999999997726,-0.1999999999999318,-0.34202014332566866,-0.9396926207859084,0.8660254037844386,0.5000000000000001,1.3,9.0
2026-06-28 05:20:00,210.0,9.0,1.4,1017.4,25.7,25.3,1.4,1.3,1.4,9.0,9.0,9.0,1017.4,1017.6,1017.7,1.4,0.0,1.3666666666666665,0.05773502691896253,9.0,0.0,8.833333333333334,0.40824829046386646,-0.3000000000000682,-0.20000000000004547,-0.5000000000000001,-0.8660254037844386,0.9659258262890683,0.25881904510252074,1.4,9.0
2026-06-28 05:50:00,210.0,9.0,1.4,1017.2,25.7,25.3,1.4,1.4,1.3,9.0,9.0,9.0,1017.2,1017.4,1017.6,1.4,0.0,1.4,0.0,9.0,0.0,9.0,0.0,-0.39999999999997726,-0.1999999999999318,-0.5000000000000001,-0.8660254037844386,0.9659258262890683,0.25881904510252074,1.4,9.0
2026-06-28 06:20:00,210.0,9.0,1.4,1017.0,25.7,25.3,1.4,1.4,1.4,9.0,9.0,9.0,1017.1,1017.2,1017.4,1.4,0.0,1.4,0.0,9.0,0.0,9.0,0.0,-0.39999999999997726,-0.20000000000004547,-0.5000000000000001,-0.8660254037844386,1.0,6.123233995736766e-17,1.5,8.0
2026-06-28 06:50:00,220.0,8.0,1.5,1017.0,25.7,25.3,1.5,1.4,1.4,8.0,9.0,9.0,1017.1,1017.0,1017.2,1.5,0.0,1.45,0.05773502691896274,8.333333333333334,0.5773502691896255,8.666666666666666,0.5163977794943228,-0.20000000000004547,0.0,-0.6427876096865393,-0.766044443118978,1.0,6.123233995736766e-17,1.4,8.0
2026-06-28 08:20:00,210.0,9.0,1.5,1015.9,25.6,25.2,1.5,1.4,1.4,8.0,9.0,8.0,1016.1,1016.3,1016.6,1.5,0.0,1.4666666666666668,0.057735026918962484,8.666666666666666,0.5773502691896255,8.666666666666666,0.5163977794943224,-0.7000000000000455,-0.39999999999997726,-0.5000000000000001,-0.8660254037844386,0.8660254037844387,-0.4999999999999998,1.5,9.0
2026-06-28 08:50:00,220.0,9.0,1.5,1015.8,25.6,25.3,1.5,1.5,1.4,9.0,9.0,9.0,1015.9,1015.9,1016.3,1.5,0.0,1.5,0.0,9.0,0.0,8.833333333333334,0.4082482904638637,-0.5,-0.10000000000002274,-0.6427876096865393,-0.766044443118978,0.8660254037844387,-0.4999999999999998,1.6,9.0
2026-06-28 09:20:00,210.0,9.0,1.6,1016.0,25.7,25.3,1.6,1.5,1.5,8.0,9.0,9.0,1015.8,1015.8,1015.9,1.6,0.0,1.55,0.05773502691896274,8.666666666666666,0.5773502691896255,8.833333333333334,0.4082482904638632,0.10000000000002274,0.20000000000004547,-0.5000000000000001,-0.8660254037844386,0.7071067811865476,-0.7071067811865475,1.6,9.0
2026-06-28 10:50:00,220.0,9.0,1.7,1015.8,25.7,25.2,1.7,1.6,1.6,8.0,9.0,9.0,1015.8,1016.2,1016.2,1.7,0.0,1.6666666666666667,0.05773502691896261,8.333333333333334,0.5773502691896255,8.666666666666666,0.5163977794943228,-0.40000000000009095,-0.40000000000009095,-0.6427876096865393,-0.766044443118978,0.49999999999999994,-0.8660254037844387,1.6,9.0
2026-06-28 11:20:00,230.0,9.0,1.6,1015.7,25.7,25.2,1.6,1.7,1.6,10.0,9.0,9.0,1015.8,1015.8,1016.2,1.6,0.0,1.6500000000000001,0.05773502691896253,9.333333333333334,0.5773502691896255,8.833333333333334,0.7527726527090811,-0.5,-0.09999999999990905,-0.7660444431189779,-0.6427876096865395,0.258819045102521,-0.9659258262890682,1.6,9.0
2026-06-28 11:50:00,240.0,9.0,1.6,1016.0,24.8,25.2,1.6,1.6,1.7,9.0,9.0,9.0,1016.0,1015.7,1015.8,1.6,0.0,1.6,0.0,8.666666666666666,0.5773502691896255,9.0,0.6324555320336759,0.20000000000004547,0.2999999999999545,-0.8660254037844385,-0.5000000000000004,0.258819045102521,-0.9659258262890682,1.6,7.0
2026-06-28 12:20:00,240.0,7.0,1.6,1016.0,25.1,25.2,1.6,1.6,1.6,7.0,9.0,9.0,1016.0,1016.0,1015.7,1.6,0.0,1.6,0.0,7.333333333333333,0.5773502691896253,8.0,0.8944271909999167,0.2999999999999545,0.0,-0.8660254037844385,-0.5000000000000004,1.2246467991473532e-16,-1.0,1.5,7.0
2026-06-28 13:20:00,220.0,6.0,1.6,1016.5,25.6,25.2,1.6,1.5,1.6,6.0,7.0,7.0,1016.3,1016.3,1016.0,1.6,0.0,1.5666666666666667,0.057735026918962595,6.0,0.0,6.5,0.5477225575051659,0.5,0.20000000000004547,-0.6427876096865393,-0.766044443118978,-0.2588190451025208,-0.9659258262890683,1.6,8.0
2026-06-28 14:20:00,240.0,9.0,1.5,1016.9,25.7,25.2,1.5,1.6,1.6,8.0,8.0,6.0,1016.9,1016.7,1016.5,1.5,0.0,1.5333333333333332,0.057735026918962484,8.0,1.0,7.5,1.0488088481701494,0.39999999999997726,0.1999999999999318,-0.8660254037844385,-0.5000000000000004,-0.4999999999999997,-0.8660254037844388,1.7,9.0
2026-06-28 15:20:00,270.0,8.0,1.7,1016.9,23.9,25.2,1.7,1.7,1.5,9.0,9.0,9.0,1016.9,1016.6,1016.9,1.7,0.0,1.7,0.0,9.0,0.9999999999999998,9.166666666666666,0.7527726527090736,0.0,0.2999999999999545,-1.0,-1.8369701987210297e-16,-0.7071067811865471,-0.7071067811865479,1.6,7.0
2026-06-28 15:50:00,260.0,7.0,1.6,1017.3,24.2,25.2,1.6,1.7,1.7,7.0,8.0,9.0,1017.2,1016.9,1016.6,1.6,0.0,1.65,0.05773502691896256,7.0,0.0,8.0,1.2649110640673482,0.6999999999999318,0.39999999999997726,-0.984807753012208,-0.17364817766693033,-0.7071067811865471,-0.7071067811865479,1.6,7.0
2026-06-28 16:20:00,270.0,7.0,1.6,1017.0,24.3,25.2,1.6,1.6,1.7,7.0,7.0,8.0,1017.0,1017.3,1016.9,1.6,0.0,1.6,0.0,7.0,0.0,7.0,0.0,0.10000000000002274,-0.2999999999999545,-1.0,-1.8369701987210297e-16,-0.8660254037844385,-0.5000000000000004,1.6,5.0
2026-06-28 17:20:00,240.0,5.0,1.6,1016.4,24.3,25.2,1.6,1.6,1.6,4.0,5.0,7.0,1016.5,1016.7,1017.0,1.6,0.0,1.6,0.0,4.333333333333333,0.5773502691896258,5.166666666666667,1.1690451944500122,-0.6000000000000227,-0.3000000000000682,-0.8660254037844385,-0.5000000000000004,-0.9659258262890683,-0.25881904510252063,1.5,5.0
2026-06-28 18:20:00,220.0,6.0,1.5,1015.8,25.0,25.3,1.5,1.5,1.6,6.0,5.0,5.0,1015.8,1015.9,1016.4,1.5,0.0,1.5,0.0,5.666666666666667,0.5773502691896258,5.333333333333333,0.5163977794943221,-0.6000000000000227,-0.10000000000002274,-0.6427876096865393,-0.766044443118978,-1.0,-1.8369701987210297e-16,1.4,7.0
2026-06-28 19:20:00,210.0,7.0,1.5,1015.4,25.1,25.3,1.5,1.4,1.5,7.0,7.0,6.0,1015.5,1015.5,1015.8,1.5,0.0,1.4666666666666666,0.057735026918962595,6.666666666666667,0.5773502691896258,6.833333333333333,0.4082482904638614,-0.39999999999997726,-0.10000000000002274,-0.5000000000000001,-0.8660254037844386,-0.9659258262890684,0.2588190451025203,1.5,6.0
2026-06-28 20:20:00,210.0,7.0,1.6,1015.2,25.6,25.4,1.6,1.5,1.5,7.0,6.0,7.0,1015.2,1015.3,1015.4,1.6,0.0,1.5666666666666667,0.057735026918962484,7.0,0.0,6.833333333333333,0.4082482904638614,-0.1999999999999318,-0.09999999999990905,-0.5000000000000001,-0.8660254037844386,-0.8660254037844386,0.5000000000000001,1.5,7.0
2026-06-28 21:20:00,220.0,7.0,1.5,1014.7,25.8,25.3,1.5,1.5,1.6,7.0,7.0,7.0,1014.7,1014.9,1015.2,1.5,0.0,1.5,0.0,7.0,0.0,7.0,0.0,-0.5,-0.1999999999999318,-0.6427876096865393,-0.766044443118978,-0.7071067811865477,0.7071067811865474,1.6,8.0
2026-06-29 00:20:00,240.0,7.0,1.5,1014.9,25.9,25.4,1.5,1.5,1.5,7.0,7.0,7.0,1014.6,1014.5,1014.3,1.5,0.0,1.5,0.0,7.0,0.0,7.0,0.0,0.6000000000000227,0.39999999999997726,-0.8660254037844385,-0.5000000000000004,0.0,1.0,1.5,7.0
2026-06-29 00:50:00,240.0,7.0,1.5,1015.1,25.9,25.4,1.5,1.5,1.5,7.0,7.0,7.0,1014.9,1014.9,1014.5,1.5,0.0,1.5,0.0,7.0,0.0,7.0,0.0,0.6000000000000227,0.20000000000004547,-0.8660254037844385,-0.5000000000000004,0.0,1.0,1.5,7.0
2026-06-29 01:50:00,250.0,6.0,1.5,1015.5,25.9,25.4,1.5,1.5,1.5,7.0,7.0,7.0,1015.2,1015.1,1015.1,1.5,0.0,1.5,0.0,6.666666666666667,0.5773502691896258,6.833333333333333,0.40824829046386296,0.39999999999997726,0.39999999999997726,-0.9396926207859084,-0.34202014332566855,0.25881904510252074,0.9659258262890683,1.5,6.0
2026-06-29 02:20:00,240.0,6.0,1.5,1015.6,25.9,25.4,1.5,1.5,1.5,6.0,6.0,7.0,1015.5,1015.5,1015.1,1.5,0.0,1.5,0.0,6.0,0.0,6.333333333333333,0.5163977794943221,0.5,0.10000000000002274,-0.8660254037844385,-0.5000000000000004,0.49999999999999994,0.8660254037844387,1.5,3.0
2026-06-29 02:50:00,360.0,3.0,1.5,1016.0,24.1,25.4,1.5,1.5,1.5,3.0,6.0,6.0,1015.7,1015.6,1015.5,1.5,0.0,1.5,0.0,3.6666666666666665,1.154700538379252,4.833333333333333,1.4719601443879753,0.5,0.39999999999997726,-2.4492935982947064e-16,1.0,0.49999999999999994,0.8660254037844387,1.4,8.0
2026-06-29 03:20:00,340.0,8.0,1.4,1015.8,23.8,25.4,1.4,1.5,1.5,8.0,3.0,6.0,1016.1,1016.0,1015.6,1.4,0.0,1.45,0.05773502691896274,8.0,0.0,5.833333333333333,2.4832774042918904,0.1999999999999318,-0.20000000000004547,-0.3420201433256686,0.9396926207859084,0.7071067811865476,0.7071067811865476,1.5,6.0
2026-06-29 04:20:00,290.0,7.0,1.5,1015.6,23.6,25.4,1.5,1.5,1.4,5.0,6.0,8.0,1015.6,1015.7,1015.8,1.5,0.0,1.5,0.0,5.666666666666667,1.1547005383792515,6.333333333333333,1.2110601416389972,-0.1999999999999318,-0.10000000000002274,-0.9396926207859083,0.342020143325669,0.8660254037844386,0.5000000000000001,1.4,5.0
2026-06-29 04:50:00,230.0,5.0,1.4,1015.3,23.3,25.4,1.4,1.5,1.5,9.0,7.0,6.0,1015.6,1015.6,1015.7,1.4,0.0,1.45,0.05773502691896274,7.666666666666667,2.3094010767585034,6.666666666666667,1.9663841605003503,-0.40000000000009095,-0.3000000000000682,-0.7660444431189779,-0.6427876096865395,0.8660254037844386,0.5000000000000001,1.4,3.0
2026-06-29 05:20:00,200.0,3.0,1.4,1015.1,23.5,25.4,1.4,1.4,1.5,4.0,5.0,7.0,1015.1,1015.3,1015.6,1.4,0.0,1.4,0.0,3.6666666666666665,0.5773502691896257,5.666666666666667,2.6583202716502528,-0.5,-0.1999999999999318,-0.34202014332566866,-0.9396926207859084,0.9659258262890683,0.25881904510252074,1.3,6.0
2026-06-29 05:50:00,320.0,6.0,1.3,1015.0,24.1,25.4,1.3,1.4,1.4,4.0,3.0,5.0,1015.0,1015.1,1015.3,1.3,0.0,1.3499999999999999,0.05773502691896256,4.0,2.0,3.8333333333333335,1.3291601358251315,-0.2999999999999545,-0.10000000000002274,-0.6427876096865396,0.7660444431189778,0.9659258262890683,0.25881904510252074,1.3,4.0
2026-06-29 07:50:00,260.0,2.0,1.2,1014.6,23.8,25.4,1.2,1.2,1.2,2.0,1.0,2.0,1014.6,1014.7,1015.1,1.2,0.0,1.2,0.0,1.6666666666666667,0.5773502691896258,1.6666666666666667,0.5163977794943577,-0.5,-0.10000000000002274,-0.984807753012208,-0.17364817766693033,0.9659258262890683,-0.25881904510252063,1.2,4.0
2026-06-29 08:20:00,240.0,4.0,1.2,1014.3,23.9,25.4,1.2,1.2,1.2,4.0,2.0,1.0,1014.5,1014.6,1014.7,1.2,0.0,1.2,0.0,3.6666666666666665,0.5773502691896257,2.6666666666666665,1.2110601416390079,-0.40000000000009095,-0.3000000000000682,-0.8660254037844385,-0.5000000000000004,0.8660254037844387,-0.4999999999999998,1.2,4.0
2026-06-29 08:50:00,210.0,4.0,1.2,1013.8,24.1,25.4,1.2,1.2,1.2,5.0,4.0,2.0,1014.1,1014.3,1014.6,1.2,0.0,1.2,0.0,4.666666666666667,0.5773502691896258,4.166666666666667,0.7527726527090903,-0.8000000000000682,-0.5,-0.5000000000000001,-0.8660254037844386,0.8660254037844387,-0.4999999999999998,1.2,4.0
2026-06-29 10:20:00,270.0,6.0,1.1,1014.5,24.5,25.4,1.1,1.1,1.2,7.0,6.0,4.0,1014.5,1014.4,1014.0,1.1,0.0,1.1,0.0,6.666666666666667,0.5773502691896258,6.166666666666667,0.7527726527090798,0.5,0.10000000000002274,-1.0,-1.8369701987210297e-16,0.49999999999999994,-0.8660254037844387,1.2,6.0
2026-06-29 10:50:00,250.0,6.0,1.2,1014.3,24.4,25.4,1.2,1.1,1.1,6.0,6.0,6.0,1014.4,1014.5,1014.4,1.2,0.0,1.1500000000000001,0.05773502691896256,6.0,0.0,6.333333333333333,0.5163977794943194,-0.10000000000002274,-0.20000000000004547,-0.9396926207859084,-0.34202014332566855,0.49999999999999994,-0.8660254037844387,1.1,5.0
2026-06-29 11:20:00,230.0,5.0,1.1,1014.7,24.4,25.4,1.1,1.2,1.1,6.0,6.0,6.0,1014.5,1014.3,1014.5,1.1,0.0,1.1500000000000001,0.05773502691896256,5.666666666666667,0.5773502691896258,5.833333333333333,0.40824829046386296,0.20000000000004547,0.40000000000009095,-0.7660444431189779,-0.6427876096865395,0.258819045102521,-0.9659258262890682,1.2,5.0
2026-06-29 12:20:00,220.0,4.0,1.2,1014.6,24.3,25.4,1.2,1.2,1.1,4.0,5.0,5.0,1014.9,1015.1,1014.7,1.2,0.0,1.2,0.0,4.333333333333333,0.5773502691896258,4.666666666666667,0.5163977794943221,-0.10000000000002274,-0.5,-0.6427876096865393,-0.766044443118978,1.2246467991473532e-16,-1.0,1.2,3.0
2026-06-29 12:50:00,230.0,3.0,1.2,1015.0,24.5,25.4,1.2,1.2,1.2,3.0,4.0,5.0,1014.7,1014.6,1015.1,1.2,0.0,1.2,0.0,3.3333333333333335,0.5773502691896257,3.8333333333333335,0.752772652709081,-0.10000000000002274,0.39999999999997726,-0.7660444431189779,-0.6427876096865395,1.2246467991473532e-16,-1.0,1.2,2.0
2026-06-29 13:20:00,270.0,2.0,1.2,1015.3,24.8,25.4,1.2,1.2,1.2,2.0,3.0,4.0,1015.1,1015.0,1014.6,1.2,0.0,1.2,0.0,2.0,0.0,2.6666666666666665,0.816496580927726,0.6999999999999318,0.2999999999999545,-1.0,-1.8369701987210297e-16,-0.2588190451025208,-0.9659258262890683,1.2,2.0
2026-06-29 13:50:00,270.0,2.0,1.2,1015.5,24.9,25.3,1.2,1.2,1.2,2.0,2.0,3.0,1015.5,1015.3,1015.0,1.2,0.0,1.2,0.0,2.0,0.0,2.0,0.0,0.5,0.20000000000004547,-1.0,-1.8369701987210297e-16,-0.2588190451025208,-0.9659258262890683,1.2,2.0
2026-06-29 14:20:00,280.0,2.0,1.2,1015.6,25.1,25.4,1.2,1.2,1.2,2.0,2.0,2.0,1015.6,1015.5,1015.3,1.2,0.0,1.2,0.0,2.3333333333333335,0.5773502691896257,2.1666666666666665,0.408248290463863,0.3000000000000682,0.10000000000002274,-0.9848077530122081,0.17364817766692997,-0.4999999999999997,-0.8660254037844388,1.2,3.0
2026-06-29 14:50:00,250.0,3.0,1.2,1015.7,25.2,25.5,1.2,1.2,1.2,3.0,2.0,2.0,1015.8,1015.6,1015.5,1.2,0.0,1.2,0.0,3.0,0.0,2.6666666666666665,0.5163977794943226,0.20000000000004547,0.10000000000002274,-0.9396926207859084,-0.34202014332566855,-0.4999999999999997,-0.8660254037844388,1.3,4.0
2026-06-29 15:20:00,280.0,4.0,1.3,1015.8,25.1,25.4,1.3,1.2,1.2,4.0,3.0,2.0,1015.7,1015.7,1015.6,1.3,0.0,1.25,0.05773502691896257,4.0,0.0,3.5,0.5477225575051672,0.1999999999999318,0.09999999999990905,-0.9848077530122081,0.17364817766692997,-0.7071067811865471,-0.7071067811865479,1.3,4.0
2026-06-29 16:20:00,280.0,4.0,1.3,1015.8,25.1,25.5,1.3,1.3,1.3,3.0,4.0,4.0,1015.8,1015.9,1015.8,1.3,0.0,1.3,0.0,3.3333333333333335,0.5773502691896257,3.6666666666666665,0.5163977794943223,0.0,-0.10000000000002274,-0.9848077530122081,0.17364817766692997,-0.8660254037844385,-0.5000000000000004,1.2,3.0
2026-06-29 17:20:00,310.0,3.0,1.2,1015.8,25.2,25.5,1.2,1.2,1.3,3.0,3.0,4.0,1015.7,1015.9,1015.8,1.2,0.0,1.2,0.0,3.3333333333333335,0.5773502691896257,3.1666666666666665,0.4082482904638636,0.0,-0.10000000000002274,-0.7660444431189781,0.6427876096865393,-0.9659258262890683,-0.25881904510252063,1.2,2.0
2026-06-29 17:50:00,290.0,2.0,1.2,1015.6,25.2,25.6,1.2,1.2,1.2,3.0,3.0,3.0,1015.7,1015.8,1015.9,1.2,0.0,1.2,0.0,2.6666666666666665,0.5773502691896257,3.0,0.6324555320336762,-0.2999999999999545,-0.1999999999999318,-0.9396926207859083,0.342020143325669,-0.9659258262890683,-0.25881904510252063,1.2,2.0
2026-06-29 18:20:00,320.0,2.0,1.2,1015.6,25.3,25.6,1.2,1.2,1.2,2.0,2.0,3.0,1015.6,1015.6,1015.8,1.2,0.0,1.2,0.0,2.0,0.0,2.3333333333333335,0.5163977794943223,-0.1999999999999318,0.0,-0.6427876096865396,0.7660444431189778,-1.0,-1.8369701987210297e-16,1.1,2.0
2026-06-29 18:50:00,320.0,2.0,1.1,1016.0,25.3,25.6,1.1,1.2,1.2,3.0,2.0,2.0,1016.0,1015.6,1015.6,1.1,0.0,1.15,0.05773502691896256,2.3333333333333335,0.5773502691896257,2.1666666666666665,0.408248290463863,0.39999999999997726,0.39999999999997726,-0.6427876096865396,0.7660444431189778,-1.0,-1.8369701987210297e-16,1.3,2.0
2026-06-29 19:20:00,350.0,2.0,1.3,1016.0,25.2,,1.3,1.1,1.2,3.0,2.0,2.0,1016.2,1016.0,1015.6,1.3,0.0,1.2000000000000002,0.11547005383792507,2.6666666666666665,0.5773502691896257,2.5,0.5477225575051664,0.39999999999997726,0.0,-0.1736481776669304,0.984807753012208,-0.9659258262890684,0.2588190451025203,1.2,2.0
2026-06-29 20:20:00,20.0,2.0,1.2,1015.4,25.3,25.8,1.2,1.2,1.3,2.0,2.0,2.0,1015.6,1015.8,1016.0,1.2,0.0,1.2,0.0,2.0,0.0,2.0,0.0,-0.6000000000000227,-0.39999999999997726,0.3420201433256687,0.9396926207859084,-0.8660254037844386,0.5000000000000001,1.3,2.0
2026-06-29 21:20:00,50.0,2.0,1.2,1015.2,25.3,25.8,1.2,1.3,1.2,2.0,2.0,2.0,1015.2,1015.2,1015.4,1.2,0.0,1.2333333333333332,0.057735026918962595,2.0,0.0,2.0,0.0,-0.1999999999999318,0.0,0.766044443118978,0.6427876096865394,-0.7071067811865477,0.7071067811865474,1.2,2.0
2026-06-29 21:50:00,70.0,2.0,1.2,1015.3,25.3,25.6,1.2,1.2,1.3,2.0,2.0,2.0,1015.4,1015.2,1015.2,1.2,0.0,1.2,0.0,2.0,0.0,2.0,0.0,0.09999999999990905,0.09999999999990905,0.9396926207859083,0.3420201433256688,-0.7071067811865477,0.7071067811865474,1.2,2.0
2026-06-29 22:20:00,60.0,2.0,1.2,1015.5,25.4,25.9,1.2,1.2,1.2,2.0,2.0,2.0,1015.3,1015.3,1015.2,1.2,0.0,1.2,0.0,2.0,0.0,2.0,0.0,0.2999999999999545,0.20000000000004547,0.8660254037844386,0.5000000000000001,-0.5000000000000004,0.8660254037844384,1.2,2.0
2026-06-30 01:50:00,30.0,3.0,1.1,1016.3,25.5,25.8,1.1,1.1,1.2,3.0,3.0,3.0,1016.2,1015.9,1015.7,1.1,0.0,1.1,0.0,3.0,0.0,2.8333333333333335,0.4082482904638636,0.599999999999909,0.39999999999997726,0.49999999999999994,0.8660254037844387,0.25881904510252074,0.9659258262890683,1.2,5.0
2026-06-30 02:20:00,50.0,5.0,1.2,1016.4,25.6,25.7,1.2,1.1,1.1,4.0,3.0,3.0,1016.3,1016.3,1015.9,1.2,0.0,1.1500000000000001,0.05773502691896256,4.0,0.9999999999999999,3.5,0.8366600265340756,0.5,0.10000000000002274,0.766044443118978,0.6427876096865394,0.49999999999999994,0.8660254037844387,1.1,7.0
2026-06-30 03:20:00,70.0,7.0,1.0,1016.6,25.4,25.5,1.0,1.1,1.2,7.0,7.0,5.0,1016.4,1016.5,1016.4,1.0,0.0,1.0333333333333332,0.05773502691896298,7.0,0.0,7.0,0.0,0.20000000000004547,0.10000000000002274,0.9396926207859083,0.3420201433256688,0.7071067811865476,0.7071067811865476,1.1,8.0
2026-06-30 03:50:00,60.0,8.0,1.1,1016.5,25.4,25.5,1.1,1.0,1.1,8.0,7.0,7.0,1016.5,1016.6,1016.5,1.1,0.0,1.05,0.05773502691896285,7.666666666666667,0.5773502691896258,7.333333333333333,0.5163977794943221,0.0,-0.10000000000002274,0.8660254037844386,0.5000000000000001,0.7071067811865476,0.7071067811865476,1.2,9.0
2026-06-30 04:20:00,70.0,9.0,1.2,1016.5,25.3,25.5,1.2,1.1,1.0,9.0,8.0,7.0,1016.5,1016.5,1016.6,1.2,0.0,1.1500000000000001,0.05773502691896263,9.0,0.0,8.333333333333334,0.8164965809277259,-0.10000000000002274,0.0,0.9396926207859083,0.3420201433256688,0.8660254037844386,0.5000000000000001,1.3,8.0
2026-06-30 04:50:00,70.0,8.0,1.3,1016.6,25.3,25.5,1.3,1.2,1.1,8.0,9.0,8.0,1016.5,1016.5,1016.5,1.3,0.0,1.25,0.057735026918962415,8.333333333333334,0.5773502691896255,8.666666666666666,0.5163977794943233,0.10000000000002274,0.10000000000002274,0.9396926207859083,0.3420201433256688,0.8660254037844386,0.5000000000000001,1.3,9.0
2026-06-30 05:20:00,70.0,9.0,1.3,1016.5,25.2,25.5,1.3,1.3,1.2,9.0,8.0,9.0,1016.5,1016.6,1016.5,1.3,0.0,1.3,0.0,8.666666666666666,0.5773502691896255,8.5,0.5477225575051664,0.0,-0.10000000000002274,0.9396926207859083,0.3420201433256688,0.9659258262890683,0.25881904510252074,1.4,9.0
2026-06-30 06:20:00,70.0,10.0,1.4,1016.3,25.1,25.5,1.4,1.4,1.3,9.0,9.0,9.0,1016.4,1016.5,1016.5,1.4,0.0,1.4,0.0,9.333333333333334,0.5773502691896255,9.166666666666666,0.4082482904638632,-0.20000000000004547,-0.20000000000004547,0.9396926207859083,0.3420201433256688,1.0,6.123233995736766e-17,1.5,9.0
2026-06-30 07:20:00,70.0,9.0,1.5,1016.3,25.0,25.4,1.5,1.5,1.4,9.0,9.0,10.0,1016.3,1016.1,1016.3,1.5,0.0,1.5,0.0,9.0,0.0,9.0,0.0,0.0,0.1999999999999318,0.9396926207859083,0.3420201433256688,0.9659258262890683,-0.25881904510252063,1.6,10.0
2026-06-30 08:20:00,70.0,9.0,1.6,1016.5,25.0,25.3,1.6,1.6,1.5,9.0,10.0,9.0,1016.4,1016.3,1016.3,1.6,0.0,1.6,0.0,9.0,0.0,9.166666666666666,0.4082482904638632,0.20000000000004547,0.20000000000004547,0.9396926207859083,0.3420201433256688,0.8660254037844387,-0.4999999999999998,1.6,10.0
2026-06-30 08:50:00,70.0,10.0,1.6,1016.5,24.9,25.3,1.6,1.6,1.6,9.0,9.0,10.0,1016.6,1016.5,1016.3,1.6,0.0,1.6,0.0,9.333333333333334,0.5773502691896255,9.166666666666666,0.4082482904638632,0.20000000000004547,0.0,0.9396926207859083,0.3420201433256688,0.8660254037844387,-0.4999999999999998,1.6,10.0
2026-06-30 09:20:00,60.0,10.0,1.6,1016.8,24.8,25.3,1.6,1.6,1.6,10.0,10.0,9.0,1016.6,1016.5,1016.5,1.6,0.0,1.6,0.0,9.666666666666666,0.5773502691896255,9.5,0.5477225575051671,0.2999999999999545,0.2999999999999545,0.8660254037844386,0.5000000000000001,0.7071067811865476,-0.7071067811865475,1.8,10.0
2026-06-30 09:50:00,60.0,10.0,1.8,1017.2,24.8,25.2,1.8,1.6,1.6,10.0,10.0,10.0,1017.1,1016.8,1016.5,1.8,0.0,1.7000000000000002,0.11547005383792508,10.0,0.0,9.833333333333334,0.40824829046386646,0.7000000000000455,0.40000000000009095,0.8660254037844386,0.5000000000000001,0.7071067811865476,-0.7071067811865475,1.7,10.0
2026-06-30 10:20:00,60.0,10.0,1.7,1017.3,24.7,25.2,1.7,1.8,1.6,10.0,10.0,10.0,1017.4,1017.2,1016.8,1.7,0.0,1.75,0.0577350269189624,10.0,0.0,10.0,0.0,0.5,0.09999999999990905,0.8660254037844386,0.5000000000000001,0.49999999999999994,-0.8660254037844387,1.9,10.0
2026-06-30 10:50:00,60.0,10.0,1.9,1017.4,24.7,25.3,1.9,1.7,1.8,10.0,10.0,10.0,1017.4,1017.3,1017.2,1.9,0.0,1.7999999999999998,0.11547005383792504,9.666666666666666,0.5773502691896255,9.833333333333334,0.4082482904638632,0.1999999999999318,0.10000000000002274,0.8660254037844386,0.5000000000000001,0.49999999999999994,-0.8660254037844387,1.8,9.0
2026-06-30 11:20:00,60.0,9.0,1.8,1017.7,24.6,25.3,1.8,1.9,1.7,9.0,10.0,10.0,1017.7,1017.4,1017.3,1.8,0.0,1.85,0.057735026918962526,9.333333333333334,0.5773502691896255,9.5,0.5477225575051671,0.40000000000009095,0.3000000000000682,0.8660254037844386,0.5000000000000001,0.258819045102521,-0.9659258262890682,1.6,9.0
2026-06-30 12:50:00,70.0,9.0,1.7,1018.1,24.6,25.2,1.7,1.8,1.6,10.0,9.0,9.0,1018.1,1018.0,1018.0,1.7,0.0,1.7333333333333334,0.05773502691896239,9.333333333333334,0.5773502691896255,9.166666666666666,0.4082482904638632,0.10000000000002274,0.10000000000002274,0.9396926207859083,0.3420201433256688,1.2246467991473532e-16,-1.0,1.7,10.0
2026-06-30 13:20:00,60.0,10.0,1.7,1018.4,24.5,25.2,1.7,1.7,1.8,9.0,9.0,9.0,1018.2,1018.1,1018.0,1.7,0.0,1.7,0.0,9.333333333333334,0.5773502691896255,9.333333333333334,0.5163977794943228,0.39999999999997726,0.2999999999999545,0.8660254037844386,0.5000000000000001,-0.2588190451025208,-0.9659258262890683,1.8,10.0
2026-06-30 14:20:00,70.0,10.0,1.8,1018.5,24.6,25.2,1.8,1.8,1.7,10.0,10.0,10.0,1018.4,1018.3,1018.4,1.8,0.0,1.8,0.0,10.0,0.0,10.0,0.0,0.10000000000002274,0.20000000000004547,0.9396926207859083,0.3420201433256688,-0.4999999999999997,-0.8660254037844388,1.9,10.0
2026-06-30 15:20:00,70.0,10.0,1.8,1018.8,24.7,25.3,1.8,1.9,1.8,10.0,10.0,10.0,1018.8,1018.8,1018.5,1.8,0.0,1.8333333333333333,0.05773502691896253,10.0,0.0,10.0,0.0,0.2999999999999545,0.0,0.9396926207859083,0.3420201433256688,-0.7071067811865471,-0.7071067811865479,1.7,10.0
2026-06-30 16:20:00,60.0,10.0,1.8,1019.0,24.7,25.3,1.8,1.7,1.8,10.0,10.0,10.0,1019.1,1019.0,1018.8,1.8,0.0,1.7666666666666666,0.057735026918962595,10.0,0.0,10.0,0.0,0.20000000000004547,0.0,0.8660254037844386,0.5000000000000001,-0.8660254037844385,-0.5000000000000004,2.0,10.0
2026-06-30 17:20:00,70.0,9.0,2.0,1018.7,24.7,25.4,2.0,2.0,1.8,9.0,10.0,10.0,1018.7,1018.9,1019.0,2.0,0.0,2.0,0.0,9.0,0.0,9.5,0.5477225575051671,-0.2999999999999545,-0.1999999999999318,0.9396926207859083,0.3420201433256688,-0.9659258262890683,-0.25881904510252063,1.9,9.0
2026-06-30 17:50:00,70.0,9.0,1.9,1018.8,24.7,25.4,1.9,2.0,2.0,9.0,9.0,10.0,1018.6,1018.7,1018.9,1.9,0.0,1.95,0.05773502691896274,9.0,0.0,9.0,0.0,-0.10000000000002274,0.09999999999990905,0.9396926207859083,0.3420201433256688,-0.9659258262890683,-0.25881904510252063,1.9,9.0
2026-06-30 18:20:00,70.0,9.0,1.9,1018.8,24.8,25.5,1.9,1.9,2.0,9.0,9.0,9.0,1018.7,1018.8,1018.7,1.9,0.0,1.9,0.0,9.0,0.0,9.0,0.0,0.09999999999990905,0.0,0.9396926207859083,0.3420201433256688,-1.0,-1.8369701987210297e-16,1.7,9.0
2026-06-30 19:20:00,70.0,9.0,1.7,1018.7,24.9,25.5,1.7,1.7,1.9,9.0,9.0,9.0,1018.7,1018.8,1018.8,1.7,0.0,1.7,0.0,9.0,0.0,9.0,0.0,-0.09999999999990905,-0.09999999999990905,0.9396926207859083,0.3420201433256688,-0.9659258262890684,0.2588190451025203,1.8,9.0
2026-06-30 20:20:00,70.0,8.0,1.8,1018.4,25.0,25.6,1.8,1.8,1.7,9.0,9.0,9.0,1018.4,1018.5,1018.7,1.8,0.0,1.8,0.0,8.666666666666666,0.5773502691896255,8.833333333333334,0.4082482904638632,-0.3000000000000682,-0.10000000000002274,0.9396926207859083,0.3420201433256688,-0.8660254037844386,0.5000000000000001,1.6,8.0
2026-06-30 21:20:00,60.0,8.0,1.7,1018.4,24.9,25.6,1.7,1.6,1.8,8.0,8.0,8.0,1018.5,1018.5,1018.4,1.7,0.0,1.6666666666666667,0.05773502691896265,8.333333333333334,0.5773502691896255,8.166666666666666,0.40824829046386646,0.0,-0.10000000000002274,0.8660254037844386,0.5000000000000001,-0.7071067811865477,0.7071067811865474,1.8,8.0
2026-06-30 21:50:00,70.0,8.0,1.8,1018.4,24.9,25.6,1.8,1.7,1.6,8.0,8.0,8.0,1018.3,1018.4,1018.5,1.8,0.0,1.75,0.05773502691896235,8.0,0.0,8.166666666666666,0.40824829046386646,-0.10000000000002274,0.0,0.9396926207859083,0.3420201433256688,-0.7071067811865477,0.7071067811865474,1.8,8.0
2026-06-30 22:20:00,70.0,8.0,1.8,1018.2,24.9,25.6,1.8,1.8,1.7,8.0,8.0,8.0,1018.3,1018.4,1018.4,1.8,0.0,1.8,0.0,8.0,0.0,8.0,0.0,-0.1999999999999318,-0.1999999999999318,0.9396926207859083,0.3420201433256688,-0.5000000000000004,0.8660254037844384,1.7,8.0
2026-06-30 23:50:00,70.0,8.0,1.7,1018.2,24.8,25.6,1.7,1.7,1.8,8.0,8.0,8.0,1018.1,1018.2,1018.2,1.6666666666666667,0.0577350269189625,1.6749999999999998,0.05000000000000008,8.0,0.0,8.0,0.0,0.0,0.0,0.9396926207859083,0.3420201433256688,-0.25881904510252157,0.9659258262890681,1.7,8.0
2026-07-01 01:20:00,70.0,8.0,1.7,1019.1,24.7,25.6,1.7,1.7,1.7,8.0,8.0,8.0,1018.9,1018.7,1018.6,1.7,0.0,1.7,0.0,8.0,0.0,8.0,0.0,0.5,0.39999999999997726,0.9396926207859083,0.3420201433256688,0.25881904510252074,0.9659258262890683,1.6,8.0
2026-07-01 02:20:00,70.0,8.0,1.6,1019.4,24.7,25.5,1.6,1.6,1.7,8.0,8.0,8.0,1019.4,1019.5,1019.1,1.6,0.0,1.6,0.0,8.0,0.0,8.0,0.0,0.2999999999999545,-0.10000000000002274,0.9396926207859083,0.3420201433256688,0.49999999999999994,0.8660254037844387,1.6,8.0
2026-07-01 03:20:00,80.0,8.0,1.6,1019.4,24.7,25.6,1.6,1.6,1.6,8.0,8.0,8.0,1019.4,1019.5,1019.4,1.6,0.0,1.6,0.0,8.0,0.0,8.0,0.0,0.0,-0.10000000000002274,0.984807753012208,0.17364817766693041,0.7071067811865476,0.7071067811865476,1.5,7.0
2026-07-01 04:20:00,80.0,7.0,1.6,1018.7,24.6,25.5,1.6,1.5,1.6,8.0,7.0,8.0,1018.8,1019.2,1019.4,1.6,0.0,1.5666666666666667,0.057735026918962595,7.333333333333333,0.5773502691896258,7.5,0.5477225575051659,-0.6999999999999318,-0.5,0.984807753012208,0.17364817766693041,0.8660254037844386,0.5000000000000001,1.5,7.0
2026-07-01 05:20:00,80.0,7.0,1.5,1018.7,24.6,25.5,1.5,1.5,1.6,7.0,7.0,7.0,1018.7,1018.7,1018.7,1.5,0.0,1.5,0.0,7.0,0.0,7.0,0.0,0.0,0.0,0.984807753012208,0.17364817766693041,0.9659258262890683,0.25881904510252074,1.5,7.0
2026-07-01 06:20:00,80.0,7.0,1.5,1018.5,24.4,25.5,1.5,1.5,1.5,7.0,7.0,7.0,1018.4,1018.5,1018.7,1.5,0.0,1.5,0.0,7.0,0.0,7.0,0.0,-0.20000000000004547,0.0,0.984807753012208,0.17364817766693041,1.0,6.123233995736766e-17,1.5,7.0
2026-07-01 06:50:00,80.0,7.0,1.5,1018.2,24.4,25.6,1.5,1.5,1.5,7.0,7.0,7.0,1018.4,1018.5,1018.5,1.5,0.0,1.5,0.0,7.0,0.0,7.0,0.0,-0.2999999999999545,-0.2999999999999545,0.984807753012208,0.17364817766693041,1.0,6.123233995736766e-17,1.4,7.0
2026-07-01 07:20:00,70.0,7.0,1.4,1018.2,24.4,25.8,1.4,1.5,1.5,7.0,7.0,7.0,1018.2,1018.2,1018.5,1.4,0.0,1.45,0.05773502691896274,7.0,0.0,7.0,0.0,-0.2999999999999545,0.0,0.9396926207859083,0.3420201433256688,0.9659258262890683,-0.25881904510252063,1.4,7.0
2026-07-01 08:20:00,80.0,7.0,1.4,1018.3,24.3,25.9,1.4,1.4,1.4,7.0,7.0,7.0,1018.4,1018.3,1018.2,1.4,0.0,1.4,0.0,7.0,0.0,7.0,0.0,0.09999999999990905,0.0,0.984807753012208,0.17364817766693041,0.8660254037844387,-0.4999999999999998,1.3,7.0
2026-07-01 09:20:00,70.0,7.0,1.3,1018.5,24.3,25.9,1.3,1.3,1.4,7.0,7.0,7.0,1018.5,1018.5,1018.3,1.3,0.0,1.3,0.0,7.0,0.0,7.0,0.0,0.20000000000004547,0.0,0.9396926207859083,0.3420201433256688,0.7071067811865476,-0.7071067811865475,1.3,8.0
2026-07-01 10:20:00,80.0,7.0,1.3,1019.0,24.3,25.9,1.3,1.3,1.3,7.0,8.0,7.0,1018.9,1018.7,1018.5,1.3,0.0,1.3,0.0,7.333333333333333,0.5773502691896258,7.5,0.5477225575051659,0.5,0.2999999999999545,0.984807753012208,0.17364817766693041,0.49999999999999994,-0.8660254037844387,1.2,7.0
2026-07-01 10:50:00,80.0,7.0,1.2,1019.2,24.4,25.8,1.2,1.3,1.3,8.0,7.0,8.0,1019.1,1019.0,1018.7,1.2,0.0,1.25,0.05773502691896257,7.333333333333333,0.5773502691896258,7.333333333333333,0.5163977794943221,0.5,0.20000000000004547,0.984807753012208,0.17364817766693041,0.49999999999999994,-0.8660254037844387,1.3,7.0
2026-07-01 12:20:00,70.0,7.0,1.2,1019.4,24.4,25.7,1.2,1.3,1.3,7.0,7.0,7.0,1019.4,1019.5,1019.3,1.2,0.0,1.2333333333333334,0.057735026918962595,7.0,0.0,7.0,0.0,0.10000000000002274,-0.10000000000002274,0.9396926207859083,0.3420201433256688,1.2246467991473532e-16,-1.0,1.3,7.0
2026-07-01 12:50:00,80.0,7.0,1.3,1019.7,24.4,25.8,1.3,1.2,1.3,7.0,7.0,7.0,1019.6,1019.4,1019.5,1.3,0.0,1.25,0.057735026918962595,7.0,0.0,7.0,0.0,0.20000000000004547,0.3000000000000682,0.984807753012208,0.17364817766693041,1.2246467991473532e-16,-1.0,1.3,7.0
2026-07-01 13:20:00,70.0,7.0,1.3,1019.9,24.5,25.8,1.3,1.3,1.2,7.0,7.0,7.0,1020.0,1019.7,1019.4,1.3,0.0,1.3,0.0,7.0,0.0,7.0,0.0,0.5,0.1999999999999318,0.9396926207859083,0.3420201433256688,-0.2588190451025208,-0.9659258262890683,1.3,8.0
2026-07-01 13:50:00,70.0,8.0,1.3,1019.7,24.5,25.8,1.3,1.3,1.3,8.0,7.0,7.0,1019.9,1019.9,1019.7,1.3,0.0,1.3,0.0,7.666666666666667,0.5773502691896258,7.333333333333333,0.5163977794943221,0.0,-0.1999999999999318,0.9396926207859083,0.3420201433256688,-0.2588190451025208,-0.9659258262890683,1.3,8.0
2026-07-01 14:20:00,80.0,8.0,1.3,1019.8,24.5,25.8,1.3,1.3,1.3,8.0,8.0,7.0,1019.8,1019.7,1019.9,1.3,0.0,1.3,0.0,8.0,0.0,7.833333333333333,0.4082482904638632,-0.10000000000002274,0.09999999999990905,0.984807753012208,0.17364817766693041,-0.4999999999999997,-0.8660254037844388,1.2,8.0
2026-07-01 14:50:00,80.0,8.0,1.2,1019.9,24.5,25.8,1.2,1.3,1.3,8.0,8.0,8.0,1019.9,1019.8,1019.7,1.2,0.0,1.25,0.05773502691896257,7.666666666666667,0.5773502691896258,7.833333333333333,0.40824829046386296,0.1999999999999318,0.10000000000002274,0.984807753012208,0.17364817766693041,-0.4999999999999997,-0.8660254037844388,1.3,7.0
2026-07-01 15:20:00,80.0,7.0,1.3,1020.0,24.5,25.8,1.3,1.2,1.3,7.0,8.0,8.0,1020.1,1019.9,1019.8,1.3,0.0,1.25,0.05773502691896257,7.333333333333333,0.5773502691896258,7.5,0.5477225575051659,0.20000000000004547,0.10000000000002274,0.984807753012208,0.17364817766693041,-0.7071067811865471,-0.7071067811865479,1.2,7.0
2026-07-01 15:50:00,90.0,7.0,1.2,1019.9,24.5,25.9,1.2,1.3,1.2,7.0,7.0,8.0,1019.9,1020.0,1019.9,1.2,0.0,1.25,0.05773502691896257,7.0,0.0,7.166666666666667,0.4082482904638632,0.0,-0.10000000000002274,1.0,6.123233995736766e-17,-0.7071067811865471,-0.7071067811865479,1.3,8.0
2026-07-01 16:20:00,90.0,8.0,1.3,1019.6,24.6,25.9,1.3,1.2,1.3,8.0,7.0,7.0,1019.6,1019.9,1020.0,1.3,0.0,1.25,0.05773502691896257,7.666666666666667,0.5773502691896258,7.333333333333333,0.5163977794943221,-0.39999999999997726,-0.2999999999999545,1.0,6.123233995736766e-17,-0.8660254037844385,-0.5000000000000004,1.3,8.0
2026-07-01 17:20:00,100.0,8.0,1.2,1019.3,24.5,26.0,1.2,1.3,1.3,8.0,8.0,8.0,1019.2,1019.2,1019.6,1.2,0.0,1.2333333333333334,0.057735026918962595,8.0,0.0,8.0,0.0,-0.3000000000000682,0.09999999999990905,0.984807753012208,-0.1736481776669303,-0.9659258262890683,-0.25881904510252063,1.3,7.0
2026-07-01 18:20:00,90.0,6.0,1.3,1019.6,24.7,26.0,1.3,1.3,1.2,6.0,7.0,8.0,1019.5,1019.2,1019.3,1.3,0.0,1.3,0.0,6.333333333333333,0.5773502691896258,6.666666666666667,0.5163977794943232,0.3000000000000682,0.39999999999997726,1.0,6.123233995736766e-17,-1.0,-1.8369701987210297e-16,1.3,6.0
2026-07-01 19:20:00,90.0,6.0,1.2,1019.3,24.7,26.1,1.2,1.3,1.3,6.0,6.0,6.0,1019.4,1019.4,1019.6,1.2,0.0,1.2333333333333334,0.057735026918962595,6.0,0.0,6.0,0.0,-0.3000000000000682,-0.10000000000002274,1.0,6.123233995736766e-17,-0.9659258262890684,0.2588190451025203,1.3,5.0
2026-07-01 20:20:00,80.0,6.0,1.3,1019.5,24.7,26.1,1.3,1.3,1.2,6.0,5.0,6.0,1019.4,1019.2,1019.3,1.3,0.0,1.3,0.0,6.0,0.0,5.833333333333333,0.40824829046386296,0.20000000000004547,0.2999999999999545,0.984807753012208,0.17364817766693041,-0.8660254037844386,0.5000000000000001,1.2,6.0
2026-07-01 21:20:00,80.0,6.0,1.2,1019.4,24.9,26.1,1.2,1.2,1.3,6.0,6.0,6.0,1019.4,1019.5,1019.5,1.2,0.0,1.2,0.0,6.0,0.0,5.666666666666667,0.5163977794943221,-0.10000000000002274,-0.10000000000002274,0.984807753012208,0.17364817766693041,-0.7071067811865477,0.7071067811865474,1.2,6.0
2026-07-01 22:20:00,90.0,6.0,1.2,1019.4,24.9,26.0,1.2,1.2,1.2,6.0,6.0,6.0,1019.4,1019.4,1019.4,1.2,0.0,1.2,0.0,6.0,0.0,6.0,0.0,0.0,0.0,1.0,6.123233995736766e-17,-0.5000000000000004,0.8660254037844384,1.2,6.0
2026-07-01 23:20:00,100.0,6.0,1.2,1019.4,24.9,26.0,1.2,1.2,1.2,6.0,6.0,6.0,1019.5,1019.5,1019.4,1.2,0.0,1.2,0.0,6.0,0.0,6.0,0.0,0.0,-0.10000000000002274,0.984807753012208,-0.1736481776669303,-0.25881904510252157,0.9659258262890681,1.1,5.0
2026-07-01 23:50:00,90.0,5.0,1.1,1019.3,24.9,26.0,1.1,1.2,1.2,6.0,6.0,6.0,1019.2,1019.4,1019.5,1.1,0.0,1.15,0.05773502691896256,5.666666666666667,0.5773502691896258,5.833333333333333,0.40824829046386296,-0.20000000000004547,-0.10000000000002274,1.0,6.123233995736766e-17,-0.25881904510252157,0.9659258262890681,1.1,6.0
2026-07-02 00:50:00,100.0,6.0,1.1,1019.2,24.7,26.0,1.1,1.1,1.1,6.0,6.0,5.0,1019.2,1019.2,1019.3,1.1,0.0,1.1,0.0,6.0,0.0,6.0,0.0,-0.09999999999990905,0.0,0.984807753012208,-0.1736481776669303,0.0,1.0,1.1,6.0
2026-07-02 01:50:00,100.0,6.0,1.2,1019.1,24.7,26.0,1.2,1.1,1.1,6.0,6.0,6.0,1019.2,1019.2,1019.2,1.2,0.0,1.1666666666666667,0.05773502691896261,6.0,0.0,6.0,0.0,-0.10000000000002274,-0.10000000000002274,0.984807753012208,-0.1736481776669303,0.25881904510252074,0.9659258262890683,1.1,5.0
2026-07-02 02:20:00,100.0,5.0,1.1,1019.2,24.7,26.0,1.1,1.2,1.1,5.0,6.0,6.0,1019.0,1019.1,1019.2,1.1,0.0,1.15,0.05773502691896253,5.333333333333333,0.5773502691896258,5.666666666666667,0.5163977794943221,0.0,0.10000000000002274,0.984807753012208,-0.1736481776669303,0.49999999999999994,0.8660254037844387,1.1,5.0
2026-07-02 02:50:00,90.0,5.0,1.1,1019.2,24.6,26.0,1.1,1.1,1.2,5.0,5.0,6.0,1019.1,1019.2,1019.1,1.1,0.0,1.1,0.0,5.0,0.0,5.166666666666667,0.4082482904638632,0.10000000000002274,0.0,1.0,6.123233995736766e-17,0.49999999999999994,0.8660254037844387,1.1,6.0
2026-07-02 03:20:00,90.0,6.0,1.1,1019.2,24.6,26.0,1.1,1.1,1.1,5.0,5.0,5.0,1019.3,1019.2,1019.2,1.1,0.0,1.1,0.0,5.333333333333333,0.5773502691896258,5.166666666666667,0.40824829046386296,0.0,0.0,1.0,6.123233995736766e-17,0.7071067811865476,0.7071067811865476,1.1,5.0
2026-07-02 04:20:00,100.0,5.0,1.1,1019.0,24.6,26.0,1.1,1.1,1.1,6.0,5.0,6.0,1019.0,1019.0,1019.2,1.1,0.0,1.1,0.0,5.666666666666667,0.5773502691896258,5.666666666666667,0.5163977794943221,-0.20000000000004547,0.0,0.984807753012208,-0.1736481776669303,0.8660254037844386,0.5000000000000001,1.1,6.0
2026-07-02 05:20:00,110.0,6.0,1.1,1018.7,24.6,26.1,1.1,1.1,1.1,6.0,6.0,5.0,1018.7,1018.7,1019.0,1.1,0.0,1.1,0.0,6.0,0.0,5.666666666666667,0.5163977794943221,-0.2999999999999545,0.0,0.9396926207859084,-0.3420201433256687,0.9659258262890683,0.25881904510252074,1.1,5.0
2026-07-02 06:20:00,110.0,6.0,1.1,1018.8,24.6,26.1,1.1,1.1,1.1,6.0,5.0,6.0,1018.8,1018.7,1018.7,1.1,0.0,1.1,0.0,6.0,0.0,5.833333333333333,0.40824829046386296,0.09999999999990905,0.09999999999990905,0.9396926207859084,-0.3420201433256687,1.0,6.123233995736766e-17,1.1,6.0
2026-07-02 06:50:00,110.0,6.0,1.1,1019.0,24.6,,1.1,1.1,1.1,5.0,6.0,5.0,1019.0,1018.8,1018.7,1.1,0.0,1.1,0.0,5.666666666666667,0.5773502691896258,5.833333333333333,0.4082482904638632,0.2999999999999545,0.20000000000004547,0.9396926207859084,-0.3420201433256687,1.0,6.123233995736766e-17,1.1,5.0
2026-07-02 07:20:00,100.0,5.0,1.1,1018.9,24.6,26.1,1.1,1.1,1.1,5.0,6.0,6.0,1018.9,1019.0,1018.8,1.1,0.0,1.1,0.0,5.0,0.0,5.333333333333333,0.5163977794943221,0.10000000000002274,-0.10000000000002274,0.984807753012208,-0.1736481776669303,0.9659258262890683,-0.25881904510252063,1.1,5.0
2026-07-02 07:50:00,110.0,5.0,1.1,1019.0,24.6,26.1,1.1,1.1,1.1,5.0,5.0,6.0,1018.7,1018.9,1019.0,1.1,0.0,1.1,0.0,5.0,0.0,5.0,0.0,0.0,0.10000000000002274,0.9396926207859084,-0.3420201433256687,0.9659258262890683,-0.25881904510252063,1.1,5.0
2026-07-02 08:20:00,110.0,5.0,1.1,1018.8,24.6,26.1,1.1,1.1,1.1,5.0,5.0,5.0,1018.8,1019.0,1018.9,1.1,0.0,1.1,0.0,5.0,0.0,5.0,0.0,-0.10000000000002274,-0.20000000000004547,0.9396926207859084,-0.3420201433256687,0.8660254037844387,-0.4999999999999998,1.0,5.0
2026-07-02 09:20:00,110.0,5.0,1.1,1018.7,24.6,26.1,1.1,1.0,1.1,5.0,5.0,5.0,1018.7,1018.7,1018.8,1.1,0.0,1.0666666666666667,0.057735026918962595,5.0,0.0,5.0,0.0,-0.09999999999990905,0.0,0.9396926207859084,-0.3420201433256687,0.7071067811865476,-0.7071067811865475,1.2,5.0
2026-07-02 10:20:00,100.0,5.0,1.1,1019.3,24.5,26.1,1.1,1.2,1.1,5.0,5.0,5.0,1019.4,1019.3,1018.7,1.1,0.0,1.1333333333333335,0.05773502691896253,5.0,0.0,5.0,0.0,0.599999999999909,0.0,0.984807753012208,-0.1736481776669303,0.49999999999999994,-0.8660254037844387,1.2,5.0
2026-07-02 11:20:00,100.0,5.0,1.1,1019.4,24.5,26.1,1.1,1.2,1.1,5.0,5.0,5.0,1019.4,1019.3,1019.3,1.1,0.0,1.1333333333333333,0.05773502691896253,5.0,0.0,5.0,0.0,0.10000000000002274,0.10000000000002274,0.984807753012208,-0.1736481776669303,0.258819045102521,-0.9659258262890682,1.1,5.0
2026-07-02 12:20:00,110.0,5.0,1.2,1019.4,24.6,26.1,1.2,1.1,1.1,5.0,5.0,5.0,1019.4,1019.4,1019.4,1.2,0.0,1.1666666666666667,0.05773502691896261,5.0,0.0,5.0,0.0,0.0,0.0,0.9396926207859084,-0.3420201433256687,1.2246467991473532e-16,-1.0,1.1,5.0
2026-07-02 13:20:00,90.0,5.0,1.1,1019.9,24.6,26.2,1.1,1.1,1.2,5.0,5.0,5.0,1020.0,1019.9,1019.4,1.1,0.0,1.1,0.0,5.0,0.0,5.0,0.0,0.5,0.0,1.0,6.123233995736766e-17,-0.2588190451025208,-0.9659258262890683,1.1,5.0
2026-07-02 14:20:00,90.0,5.0,1.1,1020.4,24.7,26.2,1.1,1.1,1.1,5.0,5.0,5.0,1020.4,1020.1,1019.9,1.1,0.0,1.1,0.0,5.0,0.0,5.0,0.0,0.5,0.2999999999999545,1.0,6.123233995736766e-17,-0.4999999999999997,-0.8660254037844388,1.1,5.0
2026-07-02 15:20:00,90.0,5.0,1.1,1020.5,24.8,26.3,1.1,1.1,1.1,5.0,5.0,5.0,1020.5,1020.7,1020.4,1.1,0.0,1.1,0.0,4.666666666666667,0.5773502691896258,4.833333333333333,0.40824829046386296,0.10000000000002274,-0.20000000000004547,1.0,6.123233995736766e-17,-0.7071067811865471,-0.7071067811865479,1.1,5.0
2026-07-02 15:50:00,110.0,5.0,1.1,1020.6,24.8,26.4,1.1,1.1,1.1,5.0,5.0,5.0,1020.5,1020.5,1020.7,1.1,0.0,1.1,0.0,5.0,0.0,4.833333333333333,0.40824829046386296,-0.10000000000002274,0.10000000000002274,0.9396926207859084,-0.3420201433256687,-0.7071067811865471,-0.7071067811865479,1.0,5.0
2026-07-02 16:20:00,100.0,5.0,1.0,1020.6,24.8,26.4,1.0,1.1,1.1,5.0,5.0,5.0,1020.6,1020.6,1020.5,1.0,0.0,1.05,0.05773502691896274,5.0,0.0,5.0,0.0,0.10000000000002274,0.0,0.984807753012208,-0.1736481776669303,-0.8660254037844385,-0.5000000000000004,1.1,5.0
2026-07-02 16:50:00,110.0,5.0,1.1,1020.5,24.8,26.5,1.1,1.0,1.1,5.0,5.0,5.0,1020.4,1020.6,1020.6,1.1,0.0,1.05,0.05773502691896274,5.0,0.0,5.0,0.0,-0.10000000000002274,-0.10000000000002274,0.9396926207859084,-0.3420201433256687,-0.8660254037844385,-0.5000000000000004,1.1,5.0
2026-07-02 17:20:00,110.0,5.0,1.1,1020.5,24.8,26.5,1.1,1.1,1.0,5.0,5.0,5.0,1020.3,1020.5,1020.6,1.1,0.0,1.1,0.0,5.0,0.0,5.0,0.0,-0.10000000000002274,0.0,0.9396926207859084,-0.3420201433256687,-0.9659258262890683,-0.25881904510252063,1.2,5.0
2026-07-02 18:20:00,100.0,5.0,1.1,1020.3,24.9,26.6,1.1,1.2,1.1,5.0,5.0,5.0,1020.3,1020.4,1020.5,1.1,0.0,1.1333333333333335,0.05773502691896253,5.0,0.0,5.0,0.0,-0.20000000000004547,-0.10000000000002274,0.984807753012208,-0.1736481776669303,-1.0,-1.8369701987210297e-16,1.1,4.0
2026-07-02 19:20:00,100.0,5.0,1.0,1020.0,25.0,,1.0,1.1,1.1,5.0,4.0,5.0,1020.0,1020.1,1020.3,1.0,0.0,1.0333333333333332,0.057735026918962484,4.666666666666667,0.5773502691896258,4.333333333333333,0.5163977794943221,-0.2999999999999545,-0.10000000000002274,0.984807753012208,-0.1736481776669303,-0.9659258262890684,0.2588190451025203,1.1,5.0
2026-07-02 20:20:00,90.0,4.0,1.0,1019.9,25.0,26.8,1.0,1.1,1.0,4.0,5.0,5.0,1019.6,1019.7,1020.0,1.0,0.0,1.0333333333333334,0.057735026918962595,4.333333333333333,0.5773502691896258,4.666666666666667,0.5163977794943221,-0.10000000000002274,0.1999999999999318,1.0,6.123233995736766e-17,-0.8660254037844386,0.5000000000000001,1.0,4.0
2026-07-02 20:50:00,90.0,4.0,1.0,1019.8,25.0,26.8,1.0,1.0,1.1,4.0,4.0,5.0,1019.9,1019.9,1019.7,1.0,0.0,1.0,0.0,4.0,0.0,4.166666666666667,0.4082482904638632,0.09999999999990905,-0.10000000000002274,1.0,6.123233995736766e-17,-0.8660254037844386,0.5000000000000001,1.0,4.0
2026-07-02 21:20:00,100.0,4.0,1.0,1019.6,25.0,26.7,1.0,1.0,1.0,4.0,4.0,4.0,1019.6,1019.8,1019.9,1.0,0.0,1.0,0.0,4.0,0.0,4.0,0.0,-0.2999999999999545,-0.1999999999999318,0.984807753012208,-0.1736481776669303,-0.7071067811865477,0.7071067811865474,1.1,4.0
2026-07-02 22:20:00,110.0,4.0,1.1,1019.3,25.1,26.8,1.1,1.1,1.0,4.0,4.0,4.0,1019.3,1019.4,1019.6,1.1,0.0,1.1,0.0,4.0,0.0,4.0,0.0,-0.3000000000000682,-0.10000000000002274,0.9396926207859084,-0.3420201433256687,-0.5000000000000004,0.8660254037844384,1.1,4.0
2026-07-02 22:50:00,100.0,4.0,1.1,1019.2,25.0,26.7,1.1,1.1,1.1,4.0,4.0,4.0,1019.2,1019.3,1019.4,1.1,0.0,1.1,0.0,4.0,0.0,4.0,0.0,-0.1999999999999318,-0.09999999999990905,0.984807753012208,-0.1736481776669303,-0.5000000000000004,0.8660254037844384,1.1,3.0
2026-07-02 23:20:00,100.0,3.0,1.1,1019.4,25.0,26.8,1.1,1.1,1.1,4.0,4.0,4.0,1019.3,1019.2,1019.3,1.1,0.0,1.1,0.0,3.6666666666666665,0.5773502691896257,3.8333333333333335,0.408248290463863,0.10000000000002274,0.1999999999999318,0.984807753012208,-0.1736481776669303,-0.25881904510252157,0.9659258262890681,1.1,4.0
2026-07-02 23:50:00,100.0,4.0,1.1,1019.3,24.9,26.7,1.1,1.1,1.1,3.0,3.0,4.0,1019.4,1019.4,1019.2,1.1,0.0,1.1,0.0,3.6666666666666665,0.5773502691896257,3.6666666666666665,0.5163977794943223,0.09999999999990905,-0.10000000000002274,0.984807753012208,-0.1736481776669303,-0.25881904510252157,0.9659258262890681,1.2,4.0
2026-07-03 00:20:00,110.0,4.0,1.2,1019.2,24.9,26.7,1.2,1.1,1.1,4.0,4.0,3.0,1019.3,1019.3,1019.4,1.2,0.0,1.15,0.05773502691896256,4.0,0.0,3.8333333333333335,0.408248290463863,-0.1999999999999318,-0.09999999999990905,0.9396926207859084,-0.3420201433256687,0.0,1.0,1.1,4.0
2026-07-03 01:20:00,120.0,4.0,1.1,1019.4,24.8,26.6,1.1,1.1,1.2,4.0,4.0,4.0,1019.4,1019.4,1019.2,1.1,0.0,1.1,0.0,4.0,0.0,4.0,0.0,0.1999999999999318,0.0,0.8660254037844387,-0.4999999999999998,0.25881904510252074,0.9659258262890683,1.1,4.0
2026-07-03 01:50:00,120.0,4.0,1.1,1019.6,24.7,26.6,1.1,1.1,1.1,4.0,4.0,4.0,1019.4,1019.4,1019.4,1.1,0.0,1.1,0.0,4.0,0.0,4.0,0.0,0.20000000000004547,0.20000000000004547,0.8660254037844387,-0.4999999999999998,0.25881904510252074,0.9659258262890683,1.1,4.0
2026-07-03 03:20:00,130.0,4.0,1.1,1019.3,24.6,26.6,1.1,1.1,1.1,5.0,4.0,4.0,1019.2,1019.4,1019.4,1.1,0.0,1.1,0.0,4.333333333333333,0.5773502691896258,4.166666666666667,0.40824829046386296,-0.10000000000002274,-0.10000000000002274,0.766044443118978,-0.6427876096865394,0.7071067811865476,0.7071067811865476,1.0,4.0
2026-07-03 05:20:00,120.0,2.0,1.1,1018.8,24.6,26.5,1.1,1.1,1.1,3.0,3.0,4.0,1018.7,1018.8,1018.9,1.1,0.0,1.1,0.0,2.6666666666666665,0.5773502691896257,3.1666666666666665,0.7527726527090812,-0.10000000000002274,0.0,0.8660254037844387,-0.4999999999999998,0.9659258262890683,0.25881904510252074,1.1,2.0
2026-07-03 05:50:00,120.0,2.0,1.1,1018.8,24.7,26.4,1.1,1.1,1.1,2.0,2.0,3.0,1018.8,1018.8,1018.8,1.1,0.0,1.1,0.0,2.0,0.0,2.3333333333333335,0.5163977794943235,0.0,0.0,0.8660254037844387,-0.4999999999999998,0.9659258262890683,0.25881904510252074,1.0,2.0
2026-07-03 07:20:00,130.0,3.0,1.0,1018.5,24.8,26.3,1.0,1.1,1.0,2.0,3.0,2.0,1018.5,1018.5,1019.0,1.0,0.0,1.0333333333333334,0.057735026918962644,2.3333333333333335,0.5773502691896257,2.5,0.5477225575051664,-0.5,0.0,0.766044443118978,-0.6427876096865394,0.9659258262890683,-0.25881904510252063,1.0,2.0
2026-07-03 08:20:00,110.0,3.0,1.0,1018.6,24.8,26.3,1.0,1.0,1.0,3.0,2.0,3.0,1018.6,1018.5,1018.5,1.0,0.0,1.0,0.0,3.0,0.0,2.8333333333333335,0.4082482904638636,0.10000000000002274,0.10000000000002274,0.9396926207859084,-0.3420201433256687,0.8660254037844387,-0.4999999999999998,1.0,2.0
2026-07-03 09:20:00,120.0,2.0,1.0,1018.7,24.9,26.3,1.0,1.0,1.0,2.0,2.0,3.0,1018.8,1018.7,1018.6,1.0,0.0,1.0,0.0,2.0,0.0,2.0,0.0,0.10000000000002274,0.0,0.8660254037844387,-0.4999999999999998,0.7071067811865476,-0.7071067811865475,0.9,2.0
2026-07-03 09:50:00,120.0,2.0,0.9,1019.0,25.1,26.2,0.9,1.0,1.0,2.0,2.0,2.0,1019.0,1018.7,1018.7,0.9,0.0,0.95,0.05773502691896254,2.0,0.0,2.0,0.0,0.2999999999999545,0.2999999999999545,0.8660254037844387,-0.4999999999999998,0.7071067811865476,-0.7071067811865475,0.9,2.0
2026-07-03 10:20:00,120.0,2.0,0.9,1019.1,25.1,26.2,0.9,0.9,1.0,2.0,2.0,2.0,1019.0,1019.0,1018.7,0.9,0.0,0.9,0.0,2.0,0.0,2.0,0.0,0.39999999999997726,0.10000000000002274,0.8660254037844387,-0.4999999999999998,0.49999999999999994,-0.8660254037844387,0.9,1.0
2026-07-03 11:20:00,90.0,2.0,0.8,1019.3,25.6,26.3,0.8,0.9,0.9,1.0,1.0,2.0,1019.2,1019.0,1019.1,0.8,0.0,0.8333333333333334,0.05773502691896258,1.3333333333333333,0.5773502691896258,1.1666666666666667,0.408248290463863,0.1999999999999318,0.2999999999999545,1.0,6.123233995736766e-17,0.258819045102521,-0.9659258262890682,0.9,1.0
2026-07-03 13:20:00,70.0,1.0,0.8,1019.7,25.7,26.5,0.8,0.8,0.9,1.0,0.0,1.0,1019.7,1019.6,1019.7,0.8,0.0,0.8,0.0,1.0,0.0,0.8333333333333334,0.408248290463863,0.0,0.10000000000002274,0.9396926207859083,0.3420201433256688,-0.2588190451025208,-0.9659258262890683,0.8,1.0
2026-07-03 14:20:00,70.0,1.0,0.8,1019.7,25.5,26.6,0.8,0.8,0.8,1.0,1.0,1.0,1019.6,1019.8,1019.7,0.8,0.0,0.8,0.0,1.0,0.0,0.6666666666666666,0.5163977794943223,0.0,-0.09999999999990905,0.9396926207859083,0.3420201433256688,-0.4999999999999997,-0.8660254037844388,0.8,0.0
2026-07-03 15:20:00,,0.0,0.7,1019.7,26.0,26.8,0.7,0.8,0.8,0.0,0.0,1.0,1019.9,1020.0,1019.7,0.7,0.0,0.7333333333333334,0.057735026918962644,0.0,0.0,0.3333333333333333,0.5163977794943223,0.0,-0.2999999999999545,,,-0.7071067811865471,-0.7071067811865479,0.8,0.0
2026-07-03 16:20:00,,0.0,0.8,1019.5,26.1,26.8,0.8,0.8,0.7,0.0,0.0,0.0,1019.7,1019.9,1019.7,0.8,0.0,0.8,0.0,0.0,0.0,0.16666666666666666,0.4082482904638632,-0.20000000000004547,-0.39999999999997726,,,-0.8660254037844385,-0.5000000000000004,0.7,1.0
2026-07-03 17:20:00,160.0,1.0,0.7,1019.0,26.2,26.9,0.7,0.7,0.8,0.0,1.0,0.0,1019.2,1019.4,1019.5,0.7,0.0,0.7,0.0,0.3333333333333333,0.5773502691896258,0.3333333333333333,0.5163977794943223,-0.5,-0.39999999999997726,0.3420201433256689,-0.9396926207859083,-0.9659258262890683,-0.25881904510252063,0.8,0.0
2026-07-03 17:50:00,,0.0,0.8,1019.2,26.2,27.0,0.8,0.7,0.7,1.0,1.0,1.0,1019.2,1019.0,1019.4,0.8,0.0,0.75,0.05773502691896264,0.6666666666666666,0.5773502691896258,0.5,0.5477225575051662,-0.1999999999999318,0.20000000000004547,,,-0.9659258262890683,-0.25881904510252063,0.7,1.0
2026-07-03 18:20:00,260.0,1.0,0.7,1019.1,26.4,26.9,0.7,0.8,0.7,1.0,0.0,1.0,1019.1,1019.2,1019.0,0.7,0.0,0.75,0.05773502691896264,0.6666666666666666,0.5773502691896258,0.6666666666666666,0.5163977794943223,0.10000000000002274,-0.10000000000002274,-0.984807753012208,-0.17364817766693033,-1.0,-1.8369701987210297e-16,0.7,1.0
2026-07-03 18:50:00,280.0,1.0,0.7,1018.8,26.5,27.0,0.7,0.7,0.8,2.0,1.0,0.0,1018.9,1019.1,1019.2,0.7,0.0,0.7,0.0,1.6666666666666667,0.5773502691896258,1.1666666666666667,0.752772652709081,-0.40000000000009095,-0.3000000000000682,-0.9848077530122081,0.17364817766692997,-1.0,-1.8369701987210297e-16,0.7,1.0
2026-07-03 19:20:00,290.0,1.0,0.7,1018.6,26.6,27.0,0.7,0.7,0.7,1.0,1.0,1.0,1018.6,1018.8,1019.1,0.7,0.0,0.7,0.0,1.0,0.0,1.3333333333333333,0.5163977794943222,-0.5,-0.1999999999999318,-0.9396926207859083,0.342020143325669,-0.9659258262890684,0.2588190451025203,0.7,2.0
2026-07-03 19:50:00,280.0,2.0,0.7,1018.4,26.6,27.0,0.7,0.7,0.7,2.0,1.0,1.0,1018.4,1018.6,1018.8,0.7,0.0,0.7,0.0,1.6666666666666667,0.5773502691896258,1.3333333333333333,0.5163977794943222,-0.39999999999997726,-0.20000000000004547,-0.9848077530122081,0.17364817766692997,-0.9659258262890684,0.2588190451025203,0.8,2.0
2026-07-03 20:20:00,290.0,2.0,0.8,1018.3,26.5,27.1,0.8,0.7,0.7,2.0,2.0,1.0,1018.3,1018.4,1018.6,0.8,0.0,0.75,0.05773502691896264,1.6666666666666667,0.5773502691896258,1.6666666666666667,0.5163977794943222,-0.3000000000000682,-0.10000000000002274,-0.9396926207859083,0.342020143325669,-0.8660254037844386,0.5000000000000001,0.8,2.0
2026-07-03 21:20:00,290.0,3.0,0.8,1017.9,26.7,,0.8,0.8,0.8,3.0,2.0,2.0,1018.0,1018.2,1018.3,0.8,0.0,0.8,0.0,3.0,0.0,2.5,0.5477225575051664,-0.39999999999997726,-0.3000000000000682,-0.9396926207859083,0.342020143325669,-0.7071067811865477,0.7071067811865474,0.8,2.0
2026-07-03 21:50:00,280.0,2.0,0.8,1017.7,26.6,28.1,0.8,0.8,0.8,2.0,3.0,2.0,1017.7,1017.9,1018.2,0.8,0.0,0.8,0.0,2.3333333333333335,0.5773502691896257,2.6666666666666665,0.5163977794943226,-0.5,-0.1999999999999318,-0.9848077530122081,0.17364817766692997,-0.7071067811865477,0.7071067811865474,0.8,2.0
2026-07-03 22:20:00,270.0,2.0,0.8,1017.7,26.6,27.1,0.8,0.8,0.8,2.0,2.0,3.0,1017.7,1017.7,1017.9,0.8,0.0,0.8,0.0,2.0,0.0,2.1666666666666665,0.408248290463863,-0.1999999999999318,0.0,-1.0,-1.8369701987210297e-16,-0.5000000000000004,0.8660254037844384,0.8,2.0
2026-07-03 22:50:00,280.0,2.0,0.8,1017.7,26.6,27.4,0.8,0.8,0.8,2.0,2.0,2.0,1017.7,1017.7,1017.7,0.8,0.0,0.8,0.0,2.0,0.0,2.0,0.0,0.0,0.0,-0.9848077530122081,0.17364817766692997,-0.5000000000000004,0.8660254037844384,0.8,3.0
2026-07-03 23:20:00,260.0,3.0,0.8,1017.7,26.6,27.5,0.8,0.8,0.8,2.0,2.0,2.0,1017.8,1017.7,1017.7,0.8,0.0,0.8,0.0,2.3333333333333335,0.5773502691896257,2.1666666666666665,0.408248290463863,0.0,0.0,-0.984807753012208,-0.17364817766693033,-0.25881904510252157,0.9659258262890681,0.8,2.0
2026-07-04 00:20:00,270.0,2.0,0.8,1017.5,26.2,27.2,0.8,0.8,0.8,2.0,2.0,3.0,1017.5,1017.4,1017.7,0.8,0.0,0.8,0.0,2.0,0.0,2.0,0.0,-0.20000000000004547,0.10000000000002274,-1.0,-1.8369701987210297e-16,0.0,1.0,0.8,2.0
2026-07-04 01:20:00,210.0,2.0,0.8,1017.3,26.1,26.8,0.8,0.8,0.8,2.0,2.0,2.0,1017.2,1017.5,1017.5,0.8,0.0,0.8,0.0,2.0,0.0,2.0,0.0,-0.20000000000004547,-0.20000000000004547,-0.5000000000000001,-0.8660254037844386,0.25881904510252074,0.9659258262890683,0.7,3.0
2026-07-04 02:20:00,220.0,3.0,0.8,1018.0,26.3,27.5,0.8,0.7,0.8,3.0,3.0,2.0,1017.7,1017.4,1017.3,0.8,0.0,0.7666666666666667,0.057735026918962644,3.0,0.0,3.0,0.0,0.7000000000000455,0.6000000000000227,-0.6427876096865393,-0.766044443118978,0.49999999999999994,0.8660254037844387,0.8,3.0
2026-07-04 03:20:00,220.0,3.0,0.7,1018.1,26.3,27.1,0.7,0.8,0.8,3.0,3.0,3.0,1018.2,1018.2,1018.0,0.7,0.0,0.7333333333333333,0.057735026918962644,3.0,0.0,3.0,0.0,0.10000000000002274,-0.10000000000002274,-0.6427876096865393,-0.766044443118978,0.7071067811865476,0.7071067811865476,0.7,3.0
2026-07-04 03:50:00,230.0,3.0,0.7,1018.0,26.2,27.2,0.7,0.7,0.8,4.0,3.0,3.0,1018.1,1018.1,1018.2,0.7,0.0,0.7,0.0,3.3333333333333335,0.5773502691896257,3.1666666666666665,0.408248290463863,-0.20000000000004547,-0.10000000000002274,-0.7660444431189779,-0.6427876096865395,0.7071067811865476,0.7071067811865476,0.7,4.0
2026-07-04 04:20:00,230.0,4.0,0.7,1017.8,26.0,26.8,0.7,0.7,0.7,4.0,3.0,3.0,1017.9,1018.0,1018.1,0.7,0.0,0.7,0.0,4.0,0.0,3.6666666666666665,0.5163977794943226,-0.3000000000000682,-0.20000000000004547,-0.7660444431189779,-0.6427876096865395,0.8660254037844386,0.5000000000000001,0.8,4.0
2026-07-04 05:20:00,240.0,4.0,0.7,1017.6,25.9,26.7,0.7,0.8,0.7,4.0,4.0,4.0,1017.4,1017.8,1017.8,0.7,0.0,0.7333333333333334,0.057735026918962644,4.0,0.0,4.0,0.0,-0.1999999999999318,-0.1999999999999318,-0.8660254037844385,-0.5000000000000004,0.9659258262890683,0.25881904510252074,0.7,4.0
2026-07-04 05:50:00,250.0,4.0,0.7,1017.7,25.9,26.8,0.7,0.7,0.8,4.0,4.0,4.0,1017.6,1017.6,1017.8,0.7,0.0,0.7,0.0,4.0,0.0,4.0,0.0,-0.09999999999990905,0.10000000000002274,-0.9396926207859084,-0.34202014332566855,0.9659258262890683,0.25881904510252074,0.7,5.0
2026-07-04 07:20:00,260.0,4.0,0.7,1017.4,25.7,,0.7,0.7,0.7,4.0,5.0,5.0,1017.5,1017.5,1017.5,0.7,0.0,0.7,0.0,4.333333333333333,0.5773502691896258,4.5,0.5477225575051659,-0.10000000000002274,-0.10000000000002274,-0.984807753012208,-0.17364817766693033,0.9659258262890683,-0.25881904510252063,0.7,4.0
2026-07-04 08:20:00,250.0,5.0,0.7,1017.1,25.7,26.8,0.7,0.7,0.7,4.0,4.0,4.0,1017.1,1017.1,1017.4,0.7,0.0,0.7,0.0,4.333333333333333,0.5773502691896258,4.166666666666667,0.40824829046386296,-0.2999999999999545,0.0,-0.9396926207859084,-0.34202014332566855,0.8660254037844387,-0.4999999999999998,0.7,5.0
2026-07-04 09:20:00,250.0,4.0,0.7,1016.8,25.8,26.9,0.7,0.7,0.7,5.0,5.0,5.0,1016.9,1016.7,1017.1,0.7,0.0,0.7,0.0,4.666666666666667,0.5773502691896258,4.666666666666667,0.5163977794943221,-0.3000000000000682,0.09999999999990905,-0.9396926207859084,-0.34202014332566855,0.7071067811865476,-0.7071067811865475,0.7,5.0
2026-07-04 09:50:00,250.0,5.0,0.7,1016.5,25.8,26.9,0.7,0.7,0.7,5.0,4.0,5.0,1016.7,1016.8,1016.7,0.7,0.0,0.7,0.0,5.0,0.0,4.833333333333333,0.4082482904638632,-0.20000000000004547,-0.2999999999999545,-0.9396926207859084,-0.34202014332566855,0.7071067811865476,-0.7071067811865475,0.7,5.0
2026-07-04 10:20:00,250.0,5.0,0.7,1016.6,25.6,26.8,0.7,0.7,0.7,5.0,5.0,4.0,1016.5,1016.5,1016.8,0.7,0.0,0.7,0.0,5.0,0.0,5.0,0.0,-0.1999999999999318,0.10000000000002274,-0.9396926207859084,-0.34202014332566855,0.49999999999999994,-0.8660254037844387,0.7,5.0
2026-07-04 10:50:00,250.0,5.0,0.7,1016.6,25.7,26.8,0.7,0.7,0.7,5.0,5.0,5.0,1016.5,1016.6,1016.5,0.7,0.0,0.7,0.0,5.0,0.0,5.0,0.0,0.10000000000002274,0.0,-0.9396926207859084,-0.34202014332566855,0.49999999999999994,-0.8660254037844387,0.7,5.0
2026-07-04 11:20:00,270.0,5.0,0.7,1016.9,25.7,26.7,0.7,0.7,0.7,5.0,5.0,5.0,1016.9,1016.6,1016.6,0.7,0.0,0.7,0.0,5.0,0.0,5.0,0.0,0.2999999999999545,0.2999999999999545,-1.0,-1.8369701987210297e-16,0.258819045102521,-0.9659258262890682,0.7,5.0
2026-07-04 12:20:00,270.0,5.0,0.7,1017.4,25.8,26.7,0.7,0.7,0.7,5.0,5.0,5.0,1017.4,1017.1,1016.9,0.7,0.0,0.7,0.0,5.0,0.0,5.0,0.0,0.5,0.2999999999999545,-1.0,-1.8369701987210297e-16,1.2246467991473532e-16,-1.0,0.7,4.0
2026-07-04 12:50:00,270.0,4.0,0.7,1017.7,25.9,26.7,0.7,0.7,0.7,5.0,5.0,5.0,1017.7,1017.4,1017.1,0.7,0.0,0.7,0.0,4.666666666666667,0.5773502691896258,4.833333333333333,0.40824829046386296,0.6000000000000227,0.3000000000000682,-1.0,-1.8369701987210297e-16,1.2246467991473532e-16,-1.0,0.7,4.0
2026-07-04 13:20:00,260.0,4.0,0.7,1017.8,25.8,26.6,0.7,0.7,0.7,4.0,4.0,5.0,1017.7,1017.7,1017.4,0.7,0.0,0.7,0.0,4.0,0.0,4.333333333333333,0.5163977794943221,0.39999999999997726,0.09999999999990905,-0.984807753012208,-0.17364817766693033,-0.2588190451025208,-0.9659258262890683,0.7,4.0
2026-07-04 14:20:00,260.0,4.0,0.7,1017.9,25.9,26.6,0.7,0.7,0.7,4.0,4.0,4.0,1017.9,1017.8,1017.8,0.7,0.0,0.7,0.0,4.0,0.0,4.0,0.0,0.10000000000002274,0.10000000000002274,-0.984807753012208,-0.17364817766693033,-0.4999999999999997,-0.8660254037844388,0.7,4.0
2026-07-04 15:20:00,250.0,4.0,0.8,1017.9,26.0,26.8,0.8,0.7,0.7,4.0,4.0,4.0,1017.9,1018.1,1017.9,0.8,0.0,0.7666666666666666,0.057735026918962644,4.0,0.0,4.0,0.0,0.0,-0.20000000000004547,-0.9396926207859084,-0.34202014332566855,-0.7071067811865471,-0.7071067811865479,0.7,5.0
2026-07-04 16:20:00,250.0,4.0,0.8,1018.1,26.2,27.0,0.8,0.7,0.8,4.0,5.0,4.0,1018.0,1017.9,1017.9,0.8,0.0,0.7666666666666666,0.057735026918962644,4.0,0.0,4.166666666666667,0.40824829046386296,0.20000000000004547,0.20000000000004547,-0.9396926207859084,-0.34202014332566855,-0.8660254037844385,-0.5000000000000004,0.8,5.0
2026-07-04 16:50:00,260.0,5.0,0.8,1018.2,26.3,27.2,0.8,0.8,0.7,5.0,4.0,5.0,1018.3,1018.1,1017.9,0.8,0.0,0.8,0.0,5.0,0.0,4.5,0.5477225575051659,0.3000000000000682,0.10000000000002274,-0.984807753012208,-0.17364817766693033,-0.8660254037844385,-0.5000000000000004,0.7,5.0
2026-07-04 17:20:00,250.0,5.0,0.7,1017.8,26.3,27.3,0.7,0.8,0.8,5.0,5.0,4.0,1018.0,1018.2,1018.1,0.7,0.0,0.75,0.05773502691896264,5.0,0.0,5.0,0.0,-0.3000000000000682,-0.40000000000009095,-0.9396926207859084,-0.34202014332566855,-0.9659258262890683,-0.25881904510252063,0.8,5.0
2026-07-04 18:20:00,230.0,5.0,0.8,1017.4,26.4,27.4,0.8,0.8,0.7,5.0,5.0,5.0,1017.5,1017.7,1017.8,0.8,0.0,0.8,0.0,5.0,0.0,5.0,0.0,-0.39999999999997726,-0.3000000000000682,-0.7660444431189779,-0.6427876096865395,-1.0,-1.8369701987210297e-16,0.8,4.0
2026-07-04 18:50:00,230.0,4.0,0.8,1017.2,26.4,,0.8,0.8,0.8,5.0,5.0,5.0,1017.2,1017.4,1017.7,0.8,0.0,0.8,0.0,4.666666666666667,0.5773502691896258,4.833333333333333,0.40824829046386296,-0.5,-0.1999999999999318,-0.7660444431189779,-0.6427876096865395,-1.0,-1.8369701987210297e-16,0.8,5.0
2026-07-04 19:20:00,240.0,5.0,0.8,1017.1,26.5,27.3,0.8,0.8,0.8,5.0,4.0,5.0,1017.3,1017.2,1017.4,0.8,0.0,0.8,0.0,4.666666666666667,0.5773502691896258,4.666666666666667,0.5163977794943221,-0.2999999999999545,-0.10000000000002274,-0.8660254037844385,-0.5000000000000004,-0.9659258262890684,0.2588190451025203,0.8,5.0
2026-07-04 21:50:00,240.0,4.0,0.8,1016.5,26.7,27.3,0.8,0.7,0.8,4.0,4.0,5.0,1016.6,1017.0,1016.9,0.8,0.0,0.7666666666666666,0.05773502691896262,4.0,0.0,4.0,0.0,-0.39999999999997726,-0.5,-0.8660254037844385,-0.5000000000000004,-0.7071067811865477,0.7071067811865474,0.7,5.0
2026-07-04 22:20:00,230.0,5.0,0.7,1016.3,26.7,27.2,0.7,0.8,0.7,4.0,4.0,4.0,1016.3,1016.5,1017.0,0.7,0.0,0.75,0.05773502691896263,4.333333333333333,0.5773502691896258,4.166666666666667,0.40824829046386296,-0.7000000000000455,-0.20000000000004547,-0.7660444431189779,-0.6427876096865395,-0.5000000000000004,0.8660254037844384,0.7,5.0
2026-07-05 00:50:00,250.0,4.0,0.8,1016.0,26.3,27.3,0.8,0.7,0.7,4.0,4.0,5.0,1016.3,1016.2,1016.2,0.8,0.0,0.75,0.05773502691896264,4.0,0.0,4.0,0.0,-0.20000000000004547,-0.20000000000004547,-0.9396926207859084,-0.34202014332566855,0.0,1.0,0.8,4.0
2026-07-05 01:20:00,250.0,4.0,0.8,1016.5,26.3,27.2,0.8,0.8,0.7,4.0,4.0,4.0,1016.3,1016.0,1016.2,0.8,0.0,0.8,0.0,4.0,0.0,4.0,0.0,0.2999999999999545,0.5,-0.9396926207859084,-0.34202014332566855,0.25881904510252074,0.9659258262890683,0.7,4.0
2026-07-05 01:50:00,230.0,4.0,0.7,1016.3,26.3,27.2,0.7,0.8,0.8,4.0,4.0,4.0,1016.2,1016.5,1016.0,0.7,0.0,0.75,0.05773502691896264,4.0,0.0,4.0,0.0,0.2999999999999545,-0.20000000000004547,-0.7660444431189779,-0.6427876096865395,0.25881904510252074,0.9659258262890683,0.7,5.0
2026-07-05 02:20:00,220.0,5.0,0.7,1016.4,26.3,27.2,0.7,0.7,0.8,5.0,4.0,4.0,1016.3,1016.3,1016.5,0.7,0.0,0.7,0.0,5.0,0.0,4.5,0.5477225575051659,-0.10000000000002274,0.10000000000002274,-0.6427876096865393,-0.766044443118978,0.49999999999999994,0.8660254037844387,0.7,5.0
2026-07-05 02:50:00,230.0,5.0,0.7,1016.5,26.3,27.2,0.7,0.7,0.7,5.0,5.0,4.0,1016.4,1016.4,1016.3,0.7,0.0,0.7,0.0,5.0,0.0,5.0,0.0,0.20000000000004547,0.10000000000002274,-0.7660444431189779,-0.6427876096865395,0.49999999999999994,0.8660254037844387,0.7,5.0
2026-07-05 03:20:00,240.0,5.0,0.7,1016.5,26.3,27.2,0.7,0.7,0.7,5.0,5.0,5.0,1016.5,1016.5,1016.4,0.7,0.0,0.7,0.0,5.0,0.0,5.0,0.0,0.10000000000002274,0.0,-0.8660254037844385,-0.5000000000000004,0.7071067811865476,0.7071067811865476,0.7,5.0
2026-07-05 03:50:00,240.0,5.0,0.7,1016.6,26.3,27.2,0.7,0.7,0.7,5.0,5.0,5.0,1016.5,1016.5,1016.5,0.7,0.0,0.7,0.0,5.0,0.0,5.0,0.0,0.10000000000002274,0.10000000000002274,-0.8660254037844385,-0.5000000000000004,0.7071067811865476,0.7071067811865476,0.7,5.0
2026-07-05 04:20:00,240.0,5.0,0.7,1016.8,26.3,27.1,0.7,0.7,0.7,5.0,5.0,5.0,1016.6,1016.6,1016.5,0.7,0.0,0.7,0.0,5.0,0.0,5.0,0.0,0.2999999999999545,0.1999999999999318,-0.8660254037844385,-0.5000000000000004,0.8660254037844386,0.5000000000000001,0.7,5.0
2026-07-05 04:50:00,240.0,5.0,0.7,1016.9,26.4,27.1,0.7,0.7,0.7,5.0,5.0,5.0,1016.8,1016.8,1016.6,0.7,0.0,0.7,0.0,5.0,0.0,5.0,0.0,0.2999999999999545,0.10000000000002274,-0.8660254037844385,-0.5000000000000004,0.8660254037844386,0.5000000000000001,0.7,5.0
2026-07-05 05:20:00,230.0,5.0,0.7,1016.9,26.2,27.0,0.7,0.7,0.7,5.0,5.0,5.0,1016.8,1016.9,1016.8,0.7,0.0,0.7,0.0,5.0,0.0,5.0,0.0,0.10000000000002274,0.0,-0.7660444431189779,-0.6427876096865395,0.9659258262890683,0.25881904510252074,0.7,6.0
2026-07-05 06:20:00,240.0,5.0,0.7,1016.5,26.3,27.1,0.7,0.7,0.7,6.0,6.0,5.0,1016.8,1016.5,1016.9,0.7,0.0,0.7,0.0,5.666666666666667,0.5773502691896258,5.5,0.5477225575051659,-0.39999999999997726,0.0,-0.8660254037844385,-0.5000000000000004,1.0,6.123233995736766e-17,0.7,6.0
2026-07-05 07:20:00,230.0,5.0,0.7,1016.5,26.2,27.1,0.7,0.7,0.7,5.0,6.0,5.0,1016.5,1016.5,1016.5,0.7,0.0,0.7,0.0,5.0,0.0,5.333333333333333,0.5163977794943221,0.0,0.0,-0.7660444431189779,-0.6427876096865395,0.9659258262890683,-0.25881904510252063,0.7,5.0
2026-07-05 07:50:00,230.0,5.0,0.7,1016.5,26.2,27.1,0.7,0.7,0.7,5.0,5.0,6.0,1016.5,1016.5,1016.5,0.7,0.0,0.7,0.0,5.0,0.0,5.0,0.0,0.0,0.0,-0.7660444431189779,-0.6427876096865395,0.9659258262890683,-0.25881904510252063,0.7,5.0
2026-07-05 08:20:00,230.0,5.0,0.7,1016.7,26.2,27.1,0.7,0.7,0.7,5.0,5.0,5.0,1016.5,1016.5,1016.5,0.7,0.0,0.7,0.0,5.333333333333333,0.5773502691896258,5.166666666666667,0.40824829046386296,0.20000000000004547,0.20000000000004547,-0.7660444431189779,-0.6427876096865395,0.8660254037844387,-0.4999999999999998,0.7,5.0
2026-07-05 09:20:00,250.0,5.0,0.7,1016.8,26.3,27.6,0.7,0.7,0.7,5.0,5.0,5.0,1016.8,1016.6,1016.7,0.7,0.0,0.7,0.0,5.0,0.0,5.0,0.0,0.09999999999990905,0.1999999999999318,-0.9396926207859084,-0.34202014332566855,0.7071067811865476,-0.7071067811865475,0.7,4.0
2026-07-05 10:20:00,240.0,3.0,0.7,1017.0,26.2,27.6,0.7,0.7,0.7,3.0,4.0,5.0,1017.2,1017.1,1016.8,0.7,0.0,0.7,0.0,3.0,0.0,3.5,0.5477225575051662,0.20000000000004547,-0.10000000000002274,-0.8660254037844385,-0.5000000000000004,0.49999999999999994,-0.8660254037844387,0.7,3.0
2026-07-05 10:50:00,240.0,3.0,0.7,1017.0,26.3,27.6,0.7,0.7,0.7,3.0,3.0,4.0,1016.9,1017.0,1017.1,0.7,0.0,0.7,0.0,3.3333333333333335,0.5773502691896257,3.1666666666666665,0.4082482904638629,-0.10000000000002274,0.0,-0.8660254037844385,-0.5000000000000004,0.49999999999999994,-0.8660254037844387,0.7,3.0
2026-07-05 11:20:00,240.0,3.0,0.7,1017.2,26.3,27.6,0.7,0.7,0.7,3.0,3.0,3.0,1017.0,1017.0,1017.0,0.7,0.0,0.7,0.0,3.0,0.0,3.1666666666666665,0.4082482904638629,0.20000000000004547,0.20000000000004547,-0.8660254037844385,-0.5000000000000004,0.258819045102521,-0.9659258262890682,0.7,3.0
2026-07-05 12:20:00,270.0,2.0,0.7,1017.4,26.6,27.6,0.7,0.7,0.7,2.0,3.0,3.0,1017.5,1017.5,1017.2,0.7,0.0,0.7,0.0,2.0,0.0,2.5,0.5477225575051664,0.1999999999999318,-0.10000000000002274,-1.0,-1.8369701987210297e-16,1.2246467991473532e-16,-1.0,0.6,2.0
2026-07-05 13:20:00,230.0,1.0,0.7,1017.3,26.7,27.6,0.7,0.6,0.7,1.0,2.0,2.0,1017.3,1017.4,1017.4,0.7,0.0,0.6666666666666666,0.05773502691896256,1.0,0.0,1.3333333333333333,0.5163977794943234,-0.10000000000002274,-0.10000000000002274,-0.7660444431189779,-0.6427876096865395,-0.2588190451025208,-0.9659258262890683,0.6,2.0
2026-07-05 13:50:00,220.0,2.0,0.6,1017.4,26.4,27.7,0.6,0.7,0.6,2.0,1.0,2.0,1017.4,1017.3,1017.4,0.6,0.0,0.6499999999999999,0.057735026918962554,2.0,0.0,1.5,0.5477225575051671,0.0,0.10000000000002274,-0.6427876096865393,-0.766044443118978,-0.2588190451025208,-0.9659258262890683,0.6,3.0
2026-07-05 14:20:00,200.0,3.0,0.6,1017.6,26.5,27.7,0.6,0.6,0.7,3.0,2.0,1.0,1017.7,1017.4,1017.3,0.6,0.0,0.6,0.0,3.0,0.0,2.5,0.547722557505167,0.3000000000000682,0.20000000000004547,-0.34202014332566866,-0.9396926207859084,-0.4999999999999997,-0.8660254037844388,0.6,4.0
2026-07-05 16:20:00,190.0,5.0,0.7,1017.9,26.6,27.9,0.7,0.7,0.6,4.0,4.0,5.0,1017.9,1017.8,1017.5,0.7,0.0,0.7,0.0,4.333333333333333,0.5773502691896258,4.5,0.5477225575051662,0.39999999999997726,0.10000000000002274,-0.17364817766693047,-0.984807753012208,-0.8660254037844385,-0.5000000000000004,0.6,5.0
2026-07-05 16:50:00,190.0,5.0,0.6,1017.5,26.6,27.9,0.6,0.7,0.7,4.0,5.0,4.0,1017.7,1017.9,1017.8,0.6,0.0,0.65,0.05773502691896254,4.666666666666667,0.5773502691896258,4.5,0.5477225575051662,-0.2999999999999545,-0.39999999999997726,-0.17364817766693047,-0.984807753012208,-0.8660254037844385,-0.5000000000000004,0.6,5.0
2026-07-05 17:20:00,180.0,5.0,0.6,1017.5,26.7,28.0,0.6,0.6,0.7,5.0,5.0,5.0,1017.5,1017.5,1017.9,0.6,0.0,0.6,0.0,4.666666666666667,0.5773502691896258,4.666666666666667,0.5163977794943224,-0.39999999999997726,0.0,1.2246467991473532e-16,-1.0,-0.9659258262890683,-0.25881904510252063,0.7,5.0
2026-07-05 18:20:00,190.0,5.0,0.7,1016.9,26.8,28.0,0.7,0.7,0.6,5.0,5.0,5.0,1017.0,1017.3,1017.5,0.7,0.0,0.7,0.0,5.0,0.0,4.833333333333333,0.4082482904638637,-0.6000000000000227,-0.39999999999997726,-0.17364817766693047,-0.984807753012208,-1.0,-1.8369701987210297e-16,0.7,5.0
2026-07-05 19:20:00,200.0,5.0,0.7,1016.6,27.0,28.0,0.7,0.7,0.7,5.0,5.0,5.0,1016.6,1016.7,1016.9,0.7,0.0,0.7,0.0,5.333333333333333,0.5773502691896258,5.166666666666667,0.40824829046386296,-0.2999999999999545,-0.10000000000002274,-0.34202014332566866,-0.9396926207859084,-0.9659258262890684,0.2588190451025203,0.6,5.0
2026-07-05 19:50:00,200.0,5.0,0.6,1016.5,27.1,28.0,0.6,0.7,0.7,5.0,5.0,5.0,1016.5,1016.6,1016.7,0.6,0.0,0.6499999999999999,0.05773502691896254,5.0,0.0,5.166666666666667,0.40824829046386296,-0.20000000000004547,-0.10000000000002274,-0.34202014332566866,-0.9396926207859084,-0.9659258262890684,0.2588190451025203,0.7,5.0
2026-07-05 20:20:00,200.0,5.0,0.7,1016.5,27.2,,0.7,0.6,0.7,4.0,5.0,5.0,1016.4,1016.5,1016.6,0.7,0.0,0.6499999999999999,0.05773502691896254,4.666666666666667,0.5773502691896258,4.833333333333333,0.40824829046386296,-0.10000000000002274,0.0,-0.34202014332566866,-0.9396926207859084,-0.8660254037844386,0.5000000000000001,0.7,4.0
2026-07-05 21:20:00,190.0,4.0,0.7,1016.1,27.2,28.0,0.7,0.7,0.7,4.0,4.0,5.0,1016.2,1016.3,1016.5,0.7,0.0,0.7,0.0,4.0,0.0,4.0,0.0,-0.39999999999997726,-0.1999999999999318,-0.17364817766693047,-0.984807753012208,-0.7071067811865477,0.7071067811865474,0.7,5.0
2026-07-05 22:20:00,190.0,5.0,0.7,1016.0,27.2,28.0,0.7,0.7,0.7,4.0,5.0,4.0,1016.0,1016.1,1016.1,0.7,0.0,0.7,0.0,4.333333333333333,0.5773502691896258,4.333333333333333,0.5163977794943221,-0.10000000000002274,-0.10000000000002274,-0.17364817766693047,-0.984807753012208,-0.5000000000000004,0.8660254037844384,0.7,5.0
2026-07-05 23:40:00,170.0,6.0,0.7,1015.7,27.3,28.0,0.6,0.7,0.7,5.0,5.0,5.0,1015.9,1015.9,1016.0,0.6499999999999999,0.07071067811865478,0.6666666666666666,0.05773502691896256,5.333333333333333,0.5773502691896258,5.0,0.6324555320336763,-0.2999999999999545,-0.1999999999999318,0.17364817766693028,-0.984807753012208,-0.25881904510252157,0.9659258262890681,0.7,6.0
2026-07-06 01:20:00,200.0,5.0,0.7,1016.3,27.2,27.7,0.7,0.7,0.7,5.0,6.0,6.0,1016.4,1016.2,1016.0,0.7,0.0,0.7,0.0,5.0,0.0,5.5,0.5477225575051659,0.2999999999999545,0.09999999999990905,-0.34202014332566866,-0.9396926207859084,0.25881904510252074,0.9659258262890683,0.7,5.0
2026-07-06 02:20:00,210.0,5.0,0.7,1016.8,27.2,27.5,0.7,0.7,0.7,5.0,5.0,5.0,1016.8,1016.6,1016.3,0.7,0.0,0.7,0.0,5.0,0.0,5.0,0.0,0.5,0.1999999999999318,-0.5000000000000001,-0.8660254037844386,0.49999999999999994,0.8660254037844387,0.7,5.0
2026-07-06 03:20:00,200.0,5.0,0.7,1016.3,27.1,27.3,0.7,0.7,0.7,5.0,5.0,5.0,1016.4,1016.4,1016.8,0.7,0.0,0.7,0.0,5.0,0.0,5.0,0.0,-0.5,-0.10000000000002274,-0.34202014332566866,-0.9396926207859084,0.7071067811865476,0.7071067811865476,0.6,5.0
2026-07-06 04:20:00,210.0,5.0,0.7,1016.0,26.9,27.2,0.7,0.6,0.7,6.0,5.0,5.0,1016.1,1016.1,1016.3,0.7,0.0,0.6666666666666666,0.05773502691896256,5.333333333333333,0.5773502691896258,5.166666666666667,0.40824829046386296,-0.2999999999999545,-0.10000000000002274,-0.5000000000000001,-0.8660254037844386,0.8660254037844386,0.5000000000000001,0.7,6.0
2026-07-06 04:50:00,210.0,6.0,0.7,1016.4,26.9,27.1,0.7,0.7,0.6,6.0,5.0,5.0,1016.4,1016.0,1016.1,0.7,0.0,0.7,0.0,5.666666666666667,0.5773502691896258,5.5,0.5477225575051659,0.2999999999999545,0.39999999999997726,-0.5000000000000001,-0.8660254037844386,0.8660254037844386,0.5000000000000001,0.7,5.0
2026-07-06 05:20:00,220.0,5.0,0.7,1016.5,26.9,27.0,0.7,0.7,0.7,5.0,6.0,5.0,1016.6,1016.4,1016.0,0.7,0.0,0.7,0.0,5.333333333333333,0.5773502691896258,5.5,0.5477225575051659,0.5,0.10000000000002274,-0.6427876096865393,-0.766044443118978,0.9659258262890683,0.25881904510252074,0.7,5.0
2026-07-06 05:50:00,220.0,5.0,0.7,1016.8,26.9,26.9,0.7,0.7,0.7,5.0,5.0,6.0,1016.8,1016.5,1016.4,0.7,0.0,0.7,0.0,5.0,0.0,5.166666666666667,0.4082482904638632,0.39999999999997726,0.2999999999999545,-0.6427876096865393,-0.766044443118978,0.9659258262890683,0.25881904510252074,0.7,4.0
2026-07-06 06:20:00,220.0,4.0,0.7,1016.8,26.9,26.9,0.7,0.7,0.7,4.0,5.0,5.0,1016.8,1016.8,1016.5,0.7,0.0,0.7,0.0,4.333333333333333,0.5773502691896258,4.666666666666667,0.5163977794943221,0.2999999999999545,0.0,-0.6427876096865393,-0.766044443118978,1.0,6.123233995736766e-17,0.7,4.0
2026-07-06 07:20:00,210.0,5.0,0.7,1016.5,26.8,27.3,0.7,0.7,0.7,5.0,4.0,4.0,1016.5,1016.6,1016.8,0.7,0.0,0.7,0.0,5.0,0.0,4.5,0.5477225575051659,-0.2999999999999545,-0.10000000000002274,-0.5000000000000001,-0.8660254037844386,0.9659258262890683,-0.25881904510252063,0.7,4.0
2026-07-06 08:20:00,190.0,5.0,0.6,1016.3,26.9,27.6,0.6,0.7,0.7,5.0,4.0,5.0,1016.3,1016.4,1016.5,0.6,0.0,0.6333333333333333,0.05773502691896255,5.0,0.0,4.833333333333333,0.40824829046386296,-0.20000000000004547,-0.10000000000002274,-0.17364817766693047,-0.984807753012208,0.8660254037844387,-0.4999999999999998,0.7,5.0
2026-07-06 09:20:00,210.0,5.0,0.7,1016.9,26.9,27.6,0.7,0.7,0.6,5.0,5.0,5.0,1016.8,1016.7,1016.3,0.7,0.0,0.7,0.0,5.0,0.0,5.0,0.0,0.6000000000000227,0.1999999999999318,-0.5000000000000001,-0.8660254037844386,0.7071067811865476,-0.7071067811865475,0.7,5.0
2026-07-06 10:20:00,200.0,5.0,0.7,1017.3,27.0,27.7,0.7,0.7,0.7,5.0,5.0,5.0,1017.2,1017.1,1016.9,0.7,0.0,0.7,0.0,5.0,0.0,5.0,0.0,0.39999999999997726,0.1999999999999318,-0.34202014332566866,-0.9396926207859084,0.49999999999999994,-0.8660254037844387,0.7,5.0
2026-07-06 11:20:00,200.0,5.0,0.7,1017.4,27.0,27.7,0.7,0.7,0.7,5.0,5.0,5.0,1017.4,1017.4,1017.3,0.7,0.0,0.7,0.0,5.0,0.0,5.0,0.0,0.10000000000002274,0.0,-0.34202014332566866,-0.9396926207859084,0.258819045102521,-0.9659258262890682,0.7,5.0
2026-07-06 12:20:00,200.0,6.0,0.7,1017.6,27.1,27.7,0.7,0.7,0.7,6.0,5.0,5.0,1017.7,1017.6,1017.4,0.7,0.0,0.7,0.0,5.666666666666667,0.5773502691896258,5.333333333333333,0.5163977794943221,0.20000000000004547,0.0,-0.34202014332566866,-0.9396926207859084,1.2246467991473532e-16,-1.0,0.7,6.0
2026-07-06 12:50:00,200.0,6.0,0.7,1017.5,27.1,27.7,0.7,0.7,0.7,6.0,6.0,5.0,1017.4,1017.6,1017.6,0.7,0.0,0.7,0.0,6.0,0.0,5.833333333333333,0.4082482904638632,-0.10000000000002274,-0.10000000000002274,-0.34202014332566866,-0.9396926207859084,1.2246467991473532e-16,-1.0,0.7,6.0
2026-07-06 13:20:00,190.0,6.0,0.7,1017.5,27.1,27.7,0.7,0.7,0.7,6.0,6.0,6.0,1017.4,1017.5,1017.6,0.7,0.0,0.7,0.0,6.0,0.0,6.0,0.0,-0.10000000000002274,0.0,-0.17364817766693047,-0.984807753012208,-0.2588190451025208,-0.9659258262890683,0.7,6.0
2026-07-06 14:20:00,190.0,6.0,0.8,1017.8,27.2,27.7,0.8,0.7,0.7,6.0,6.0,6.0,1017.7,1017.7,1017.5,0.8,0.0,0.7666666666666666,0.057735026918962644,6.0,0.0,6.0,0.0,0.2999999999999545,0.09999999999990905,-0.17364817766693047,-0.984807753012208,-0.4999999999999997,-0.8660254037844388,0.8,7.0
2026-07-06 15:20:00,190.0,6.0,0.8,1018.2,27.3,27.7,0.8,0.8,0.8,6.0,7.0,6.0,1018.3,1017.9,1017.8,0.8,0.0,0.8,0.0,6.333333333333333,0.5773502691896258,6.333333333333333,0.5163977794943221,0.40000000000009095,0.3000000000000682,-0.17364817766693047,-0.984807753012208,-0.7071067811865471,-0.7071067811865479,0.8,6.0
2026-07-06 16:20:00,360.0,3.0,0.9,1017.9,25.6,27.7,0.9,0.8,0.8,4.0,6.0,6.0,1018.1,1018.0,1018.2,0.9,0.0,0.8666666666666667,0.05773502691896255,4.333333333333333,1.5275252316519465,5.166666666666667,1.329160135825126,-0.3000000000000682,-0.10000000000002274,-2.4492935982947064e-16,1.0,-0.8660254037844385,-0.5000000000000004,0.8,4.0
2026-07-06 17:20:00,200.0,5.0,0.9,1018.1,26.3,27.6,0.9,0.8,0.9,4.0,4.0,3.0,1018.2,1017.8,1017.9,0.9,0.0,0.8666666666666667,0.05773502691896256,4.333333333333333,0.5773502691896258,3.8333333333333335,0.9831920802501748,0.20000000000004547,0.3000000000000682,-0.34202014332566866,-0.9396926207859084,-0.9659258262890683,-0.25881904510252063,0.9,7.0
2026-07-06 17:50:00,240.0,7.0,0.9,1017.5,26.3,27.6,0.9,0.9,0.8,7.0,5.0,4.0,1017.6,1018.1,1017.8,0.9,0.0,0.9,0.0,6.333333333333333,1.1547005383792515,5.333333333333333,1.3662601021279457,-0.2999999999999545,-0.6000000000000227,-0.8660254037844385,-0.5000000000000004,-0.9659258262890683,-0.25881904510252063,0.9,5.0
2026-07-06 18:50:00,220.0,5.0,0.9,1016.9,27.0,27.6,0.9,0.9,0.9,5.0,5.0,7.0,1016.8,1017.2,1017.5,0.9,0.0,0.9,0.0,4.666666666666667,0.5773502691896258,4.833333333333333,0.4082482904638585,-0.6000000000000227,-0.3000000000000682,-0.6427876096865393,-0.766044443118978,-1.0,-1.8369701987210297e-16,1.0,4.0
2026-07-06 19:20:00,220.0,4.0,1.0,1016.5,26.8,,1.0,0.9,0.9,4.0,5.0,5.0,1016.6,1016.9,1017.2,1.0,0.0,0.95,0.05773502691896256,4.0,0.0,4.333333333333333,0.5163977794943184,-0.7000000000000455,-0.39999999999997726,-0.6427876096865393,-0.766044443118978,-0.9659258262890684,0.2588190451025203,0.9,4.0
2026-07-06 20:20:00,190.0,4.0,1.0,1016.1,27.4,27.7,1.0,0.9,1.0,4.0,4.0,4.0,1016.3,1016.3,1016.5,1.0,0.0,0.9666666666666667,0.05773502691896256,4.0,0.0,4.0,0.0,-0.39999999999997726,-0.1999999999999318,-0.17364817766693047,-0.984807753012208,-0.8660254037844386,0.5000000000000001,1.0,6.0
2026-07-06 21:20:00,200.0,6.0,1.1,1016.5,27.4,27.8,1.1,1.0,1.0,6.0,6.0,4.0,1016.3,1016.1,1016.1,1.1,0.0,1.0666666666666667,0.057735026918962484,6.0,0.0,5.833333333333333,0.408248290463863,0.39999999999997726,0.39999999999997726,-0.34202014332566866,-0.9396926207859084,-0.7071067811865477,0.7071067811865474,1.1,7.0
2026-07-06 21:50:00,200.0,7.0,1.1,1016.7,27.4,27.8,1.1,1.1,1.0,6.0,6.0,6.0,1016.6,1016.5,1016.1,1.1,0.0,1.1,0.0,6.333333333333333,0.5773502691896258,6.166666666666667,0.40824829046386296,0.6000000000000227,0.20000000000004547,-0.34202014332566866,-0.9396926207859084,-0.7071067811865477,0.7071067811865474,1.0,7.0
2026-07-06 22:20:00,200.0,7.0,1.0,1016.7,27.4,27.8,1.0,1.1,1.1,7.0,7.0,6.0,1016.8,1016.7,1016.5,1.0,0.0,1.05,0.05773502691896274,6.666666666666667,0.5773502691896258,6.5,0.5477225575051659,0.20000000000004547,0.0,-0.34202014332566866,-0.9396926207859084,-0.5000000000000004,0.8660254037844384,1.2,7.0
2026-07-06 23:40:00,220.0,7.0,1.2,1017.1,27.3,27.8,1.2,1.2,1.0,7.0,7.0,7.0,1016.9,1017.0,1016.7,1.2,0.0,1.2,0.0,7.0,0.0,7.0,0.0,0.39999999999997726,0.10000000000002274,-0.6427876096865393,-0.766044443118978,-0.25881904510252157,0.9659258262890681,1.3,6.0
2026-07-07 00:50:00,220.0,7.0,1.3,1017.3,27.2,27.7,1.3,1.3,1.2,7.0,6.0,7.0,1017.4,1017.2,1017.1,1.3,0.0,1.3,0.0,7.0,0.0,6.666666666666667,0.5163977794943221,0.1999999999999318,0.09999999999990905,-0.6427876096865393,-0.766044443118978,0.0,1.0,1.2,7.0
2026-07-07 01:20:00,220.0,7.0,1.2,1017.2,27.3,27.7,1.2,1.3,1.3,7.0,7.0,6.0,1017.3,1017.3,1017.2,1.2,0.0,1.25,0.05773502691896257,6.666666666666667,0.5773502691896258,6.833333333333333,0.4082482904638632,0.0,-0.09999999999990905,-0.6427876096865393,-0.766044443118978,0.25881904510252074,0.9659258262890683,1.2,7.0
2026-07-07 02:20:00,220.0,7.0,1.2,1017.1,27.2,27.7,1.2,1.2,1.2,7.0,7.0,7.0,1017.0,1017.1,1017.2,1.2,0.0,1.2,0.0,7.0,0.0,7.0,0.0,-0.10000000000002274,0.0,-0.6427876096865393,-0.766044443118978,0.49999999999999994,0.8660254037844387,1.2,7.0
2026-07-07 02:50:00,220.0,7.0,1.2,1017.4,27.3,27.7,1.2,1.2,1.2,7.0,7.0,7.0,1017.4,1017.1,1017.1,1.2,0.0,1.2,0.0,7.0,0.0,7.0,0.0,0.2999999999999545,0.2999999999999545,-0.6427876096865393,-0.766044443118978,0.49999999999999994,0.8660254037844387,1.3,7.0
2026-07-07 03:20:00,220.0,7.0,1.3,1017.6,27.2,27.7,1.3,1.2,1.2,7.0,7.0,7.0,1017.4,1017.4,1017.1,1.3,0.0,1.25,0.05773502691896257,7.0,0.0,7.0,0.0,0.5,0.20000000000004547,-0.6427876096865393,-0.766044443118978,0.7071067811865476,0.7071067811865476,1.3,7.0
2026-07-07 03:50:00,230.0,7.0,1.3,1017.7,27.3,27.6,1.3,1.3,1.2,8.0,7.0,7.0,1017.7,1017.6,1017.4,1.3,0.0,1.3,0.0,7.333333333333333,0.5773502691896258,7.166666666666667,0.40824829046386296,0.3000000000000682,0.10000000000002274,-0.7660444431189779,-0.6427876096865395,0.7071067811865476,0.7071067811865476,1.3,8.0
2026-07-07 04:20:00,220.0,8.0,1.3,1017.4,27.2,27.6,1.3,1.3,1.3,8.0,7.0,7.0,1017.5,1017.7,1017.6,1.3,0.0,1.3,0.0,8.0,0.0,7.666666666666667,0.5163977794943221,-0.20000000000004547,-0.3000000000000682,-0.6427876096865393,-0.766044443118978,0.8660254037844386,0.5000000000000001,1.3,8.0
2026-07-07 05:20:00,230.0,8.0,1.3,1017.1,27.2,27.6,1.3,1.3,1.3,8.0,8.0,8.0,1017.1,1017.1,1017.4,1.3,0.0,1.3,0.0,8.0,0.0,8.0,0.0,-0.2999999999999545,0.0,-0.7660444431189779,-0.6427876096865395,0.9659258262890683,0.25881904510252074,1.3,8.0
2026-07-07 06:20:00,230.0,8.0,1.5,1017.1,27.1,27.6,1.5,1.3,1.3,8.0,8.0,8.0,1017.1,1017.0,1017.1,1.5,0.0,1.4333333333333333,0.11547005383792516,8.0,0.0,8.0,0.0,0.0,0.10000000000002274,-0.7660444431189779,-0.6427876096865395,1.0,6.123233995736766e-17,1.4,9.0
2026-07-07 07:20:00,230.0,8.0,1.4,1017.1,27.3,27.5,1.4,1.4,1.5,8.0,9.0,8.0,1017.1,1017.4,1017.1,1.4,0.0,1.4,0.0,8.0,0.0,8.166666666666666,0.4082482904638632,0.0,-0.2999999999999545,-0.7660444431189779,-0.6427876096865395,0.9659258262890683,-0.25881904510252063,1.3,7.0
2026-07-07 08:20:00,240.0,8.0,1.3,1017.0,27.3,27.5,1.3,1.3,1.4,7.0,7.0,8.0,1017.0,1017.1,1017.1,1.3,0.0,1.3,0.0,7.666666666666667,0.5773502691896258,7.5,0.5477225575051653,-0.10000000000002274,-0.10000000000002274,-0.8660254037844385,-0.5000000000000004,0.8660254037844387,-0.4999999999999998,1.3,7.0
2026-07-07 08:50:00,240.0,7.0,1.3,1017.3,27.3,27.5,1.3,1.3,1.3,7.0,8.0,7.0,1017.1,1017.0,1017.1,1.3,0.0,1.3,0.0,7.0,0.0,7.333333333333333,0.5163977794943214,0.1999999999999318,0.2999999999999545,-0.8660254037844385,-0.5000000000000004,0.8660254037844387,-0.4999999999999998,1.3,7.0
2026-07-07 09:20:00,250.0,7.0,1.3,1017.5,27.3,27.5,1.3,1.3,1.3,8.0,7.0,8.0,1017.3,1017.3,1017.0,1.3,0.0,1.3,0.0,7.666666666666667,0.5773502691896258,7.333333333333333,0.5163977794943214,0.5,0.20000000000004547,-0.9396926207859084,-0.34202014332566855,0.7071067811865476,-0.7071067811865475,1.3,9.0
2026-07-07 09:50:00,300.0,9.0,1.3,1017.9,25.3,27.5,1.3,1.3,1.3,9.0,7.0,7.0,1017.9,1017.5,1017.3,1.3,0.0,1.3,0.0,8.666666666666666,0.5773502691896261,8.166666666666666,0.7527726527090807,0.6000000000000227,0.39999999999997726,-0.8660254037844386,0.5000000000000001,0.7071067811865476,-0.7071067811865475,1.3,7.0
2026-07-07 10:20:00,300.0,7.0,1.3,1017.4,25.2,27.5,1.3,1.3,1.3,9.0,9.0,7.0,1017.4,1017.9,1017.5,1.3,0.0,1.3,0.0,8.333333333333334,1.1547005383792517,8.5,0.8366600265340757,-0.10000000000002274,-0.5,-0.8660254037844386,0.5000000000000001,0.49999999999999994,-0.8660254037844387,1.3,7.0
2026-07-07 11:20:00,270.0,7.0,1.2,1017.3,25.6,27.5,1.2,1.3,1.3,9.0,7.0,7.0,1017.4,1017.4,1017.4,1.2,0.0,1.2333333333333334,0.057735026918962595,7.666666666666667,1.1547005383792515,7.166666666666667,0.9831920802501718,-0.10000000000002274,-0.10000000000002274,-1.0,-1.8369701987210297e-16,0.258819045102521,-0.9659258262890682,1.3,6.0
2026-07-07 12:20:00,250.0,6.0,1.3,1018.0,26.2,27.5,1.3,1.3,1.2,6.0,6.0,7.0,1017.9,1017.7,1017.3,1.3,0.0,1.3,0.0,6.0,0.0,5.833333333333333,0.4082482904638455,0.7000000000000455,0.2999999999999545,-0.9396926207859084,-0.34202014332566855,1.2246467991473532e-16,-1.0,1.3,8.0
2026-07-07 12:50:00,240.0,8.0,1.3,1018.0,26.3,27.5,1.3,1.3,1.3,8.0,6.0,6.0,1018.1,1018.0,1017.7,1.3,0.0,1.3,0.0,7.666666666666667,0.5773502691896258,6.833333333333333,0.983192080250171,0.2999999999999545,0.0,-0.8660254037844385,-0.5000000000000004,1.2246467991473532e-16,-1.0,1.3,7.0
2026-07-07 13:20:00,230.0,7.0,1.3,1017.8,26.3,27.5,1.3,1.3,1.3,7.0,8.0,6.0,1017.8,1018.0,1018.0,1.3,0.0,1.3,0.0,7.0,0.0,7.333333333333333,0.5163977794943178,-0.20000000000004547,-0.20000000000004547,-0.7660444431189779,-0.6427876096865395,-0.2588190451025208,-0.9659258262890683,1.3,7.0
2026-07-07 13:50:00,240.0,7.0,1.3,1017.7,26.5,27.5,1.3,1.3,1.3,8.0,7.0,8.0,1017.9,1017.8,1018.0,1.3,0.0,1.3,0.0,7.333333333333333,0.5773502691896258,7.166666666666667,0.408248290463856,-0.2999999999999545,-0.09999999999990905,-0.8660254037844385,-0.5000000000000004,-0.2588190451025208,-0.9659258262890683,1.2,7.0
2026-07-07 14:20:00,230.0,7.0,1.2,1017.8,26.7,27.6,1.2,1.3,1.3,7.0,7.0,7.0,1017.7,1017.7,1017.8,1.2,0.0,1.25,0.05773502691896257,7.0,0.0,7.166666666666667,0.408248290463856,0.0,0.09999999999990905,-0.7660444431189779,-0.6427876096865395,-0.4999999999999997,-0.8660254037844388,1.3,7.0
2026-07-07 15:20:00,230.0,8.0,1.3,1018.1,27.1,27.6,1.3,1.3,1.2,8.0,7.0,7.0,1018.2,1018.2,1017.8,1.3,0.0,1.3,0.0,7.666666666666667,0.5773502691896258,7.166666666666667,0.7527726527090767,0.3000000000000682,-0.10000000000002274,-0.7660444431189779,-0.6427876096865395,-0.7071067811865471,-0.7071067811865479,1.3,8.0
2026-07-07 15:50:00,230.0,8.0,1.3,1018.1,27.3,27.6,1.3,1.3,1.3,7.0,8.0,7.0,1018.1,1018.1,1018.2,1.3,0.0,1.3,0.0,7.333333333333333,0.5773502691896258,7.5,0.5477225575051604,-0.10000000000002274,0.0,-0.7660444431189779,-0.6427876096865395,-0.7071067811865471,-0.7071067811865479,1.5,7.0
2026-07-07 16:20:00,230.0,7.0,1.5,1017.9,27.4,27.6,1.5,1.3,1.3,7.0,8.0,8.0,1018.1,1018.1,1018.1,1.5,0.0,1.4000000000000001,0.11547005383792512,7.333333333333333,0.5773502691896258,7.333333333333333,0.5163977794943163,-0.20000000000004547,-0.20000000000004547,-0.7660444431189779,-0.6427876096865395,-0.8660254037844385,-0.5000000000000004,1.4,8.0
2026-07-07 16:50:00,230.0,8.0,1.4,1017.6,27.5,27.7,1.4,1.5,1.3,8.0,7.0,8.0,1017.7,1017.9,1018.1,1.4,0.0,1.45,0.057735026918962803,8.0,0.0,7.666666666666667,0.5163977794943163,-0.5,-0.2999999999999545,-0.7660444431189779,-0.6427876096865395,-0.8660254037844385,-0.5000000000000004,1.5,8.0
2026-07-07 17:20:00,220.0,8.0,1.5,1017.4,27.5,27.7,1.5,1.4,1.5,8.0,8.0,7.0,1017.4,1017.6,1017.9,1.5,0.0,1.45,0.057735026918962803,8.0,0.0,8.0,0.0,-0.5,-0.20000000000004547,-0.6427876096865393,-0.766044443118978,-0.9659258262890683,-0.25881904510252063,1.6,8.0
2026-07-07 18:20:00,230.0,8.0,1.5,1017.1,27.6,27.7,1.5,1.6,1.5,8.0,8.0,8.0,1017.1,1017.3,1017.4,1.5,0.0,1.5333333333333332,0.057735026918962595,8.0,0.0,8.0,0.0,-0.2999999999999545,-0.1999999999999318,-0.7660444431189779,-0.6427876096865395,-1.0,-1.8369701987210297e-16,1.5,8.0
2026-07-07 19:20:00,230.0,8.0,1.7,1017.1,27.6,27.7,1.7,1.5,1.5,8.0,8.0,8.0,1017.2,1017.3,1017.1,1.7,0.0,1.6333333333333335,0.1154700538379251,8.0,0.0,8.0,0.0,0.0,-0.1999999999999318,-0.7660444431189779,-0.6427876096865395,-0.9659258262890684,0.2588190451025203,1.4,8.0
2026-07-07 20:20:00,230.0,8.0,1.5,1016.5,27.7,27.7,1.5,1.4,1.7,8.0,8.0,8.0,1016.6,1016.9,1017.1,1.5,0.0,1.4666666666666666,0.057735026918962234,8.0,0.0,8.0,0.0,-0.6000000000000227,-0.39999999999997726,-0.7660444431189779,-0.6427876096865395,-0.8660254037844386,0.5000000000000001,1.5,8.0
2026-07-07 21:20:00,230.0,8.0,1.5,1016.1,27.5,27.7,1.5,1.5,1.5,8.0,8.0,8.0,1016.3,1016.3,1016.5,1.5,0.0,1.5,0.0,8.0,0.0,8.0,0.0,-0.39999999999997726,-0.1999999999999318,-0.7660444431189779,-0.6427876096865395,-0.7071067811865477,0.7071067811865474,1.6,8.0
2026-07-07 23:20:00,230.0,8.0,1.6,1016.5,27.5,27.6,1.6,,1.7,8.0,8.0,8.0,1016.5,1016.4,1016.2,1.6,0.0,1.6333333333333335,0.05773502691896261,8.0,0.0,8.166666666666666,0.4082482904638632,0.2999999999999545,0.10000000000002274,-0.7660444431189779,-0.6427876096865395,-0.25881904510252157,0.9659258262890681,1.6,8.0
2026-07-08 00:20:00,230.0,8.0,1.7,1016.4,27.5,27.6,1.7,1.6,1.6,9.0,8.0,8.0,1016.5,1016.5,1016.5,1.7,0.0,1.6666666666666667,0.05773502691896261,8.333333333333334,0.5773502691896255,8.166666666666666,0.4082482904638632,-0.10000000000002274,-0.10000000000002274,-0.7660444431189779,-0.6427876096865395,0.0,1.0,1.6,8.0
2026-07-08 00:50:00,230.0,8.0,1.6,1016.5,27.5,27.6,1.6,1.7,1.6,8.0,8.0,8.0,1016.3,1016.4,1016.5,1.6,0.0,1.6500000000000001,0.05773502691896253,8.0,0.0,8.166666666666666,0.4082482904638632,0.0,0.10000000000002274,-0.7660444431189779,-0.6427876096865395,0.0,1.0,1.6,8.0
2026-07-08 01:20:00,230.0,8.0,1.6,1016.5,27.4,27.6,1.6,1.6,1.7,8.0,8.0,8.0,1016.5,1016.5,1016.4,1.6,0.0,1.6,0.0,8.0,0.0,8.0,0.0,0.10000000000002274,0.0,-0.7660444431189779,-0.6427876096865395,0.25881904510252074,0.9659258262890683,1.6,8.0
2026-07-08 01:50:00,230.0,8.0,1.6,1016.7,27.4,27.6,1.6,1.6,1.6,8.0,8.0,8.0,1016.6,1016.5,1016.5,1.6,0.0,1.6,0.0,8.0,0.0,8.0,0.0,0.20000000000004547,0.20000000000004547,-0.7660444431189779,-0.6427876096865395,0.25881904510252074,0.9659258262890683,1.5,8.0
2026-07-08 02:20:00,230.0,8.0,1.5,1016.7,27.5,27.6,1.5,1.6,1.6,8.0,8.0,8.0,1016.8,1016.7,1016.5,1.5,0.0,1.55,0.05773502691896274,8.0,0.0,8.0,0.0,0.20000000000004547,0.0,-0.7660444431189779,-0.6427876096865395,0.49999999999999994,0.8660254037844387,1.6,8.0
2026-07-08 03:50:00,230.0,8.0,1.6,1016.8,27.5,27.6,1.6,1.6,1.6,9.0,8.0,8.0,1016.8,1016.8,1016.9,1.6,0.0,1.6,0.0,8.666666666666666,0.5773502691896255,8.666666666666666,0.516397779494324,-0.10000000000002274,0.0,-0.7660444431189779,-0.6427876096865395,0.7071067811865476,0.7071067811865476,1.5,9.0
2026-07-08 04:20:00,240.0,9.0,1.5,1016.4,27.5,27.6,1.5,1.6,1.6,9.0,8.0,8.0,1016.6,1016.8,1016.8,1.5,0.0,1.5500000000000003,0.05773502691896274,8.666666666666666,0.5773502691896255,8.666666666666666,0.516397779494324,-0.39999999999997726,-0.39999999999997726,-0.8660254037844385,-0.5000000000000004,0.8660254037844386,0.5000000000000001,1.5,9.0
2026-07-08 05:20:00,240.0,9.0,1.6,1016.3,27.5,27.5,1.6,1.5,1.5,9.0,9.0,9.0,1016.3,1016.3,1016.4,1.6,0.0,1.5666666666666667,0.057735026918962484,9.0,0.0,9.0,0.0,-0.10000000000002274,0.0,-0.8660254037844385,-0.5000000000000004,0.9659258262890683,0.25881904510252074,1.6,9.0
2026-07-08 06:20:00,230.0,9.0,1.6,1016.0,27.5,27.5,1.6,1.6,1.6,9.0,9.0,9.0,1016.1,1015.9,1016.3,1.6,0.0,1.6,0.0,9.0,0.0,9.0,0.0,-0.2999999999999545,0.10000000000002274,-0.7660444431189779,-0.6427876096865395,1.0,6.123233995736766e-17,1.7,11.0
2026-07-08 07:20:00,250.0,10.0,1.9,1016.0,26.6,27.5,1.9,1.7,1.6,11.0,11.0,9.0,1015.9,1015.8,1016.0,1.9,0.0,1.8,0.11547005383792538,10.666666666666666,0.5773502691896255,10.6,0.5477225575051663,0.0,0.20000000000004547,-0.9396926207859084,-0.34202014332566855,0.9659258262890683,-0.25881904510252063,1.9,9.0
2026-07-08 07:50:00,240.0,9.0,1.9,1015.4,26.6,27.4,1.9,1.9,1.7,9.0,10.0,11.0,1015.8,1016.0,1015.8,1.9,0.0,1.9,0.0,9.666666666666666,1.1547005383792512,10.166666666666666,0.9831920802501755,-0.39999999999997726,-0.6000000000000227,-0.8660254037844385,-0.5000000000000004,0.9659258262890683,-0.25881904510252063,1.8,8.0
2026-07-08 10:20:00,310.0,8.0,1.5,1016.3,25.0,27.3,1.5,1.7,1.7,8.0,9.0,8.0,1016.3,1015.5,1015.6,1.5,0.0,1.5666666666666664,0.11547005383792516,8.333333333333334,0.5773502691896255,8.333333333333334,0.5163977794943353,0.6999999999999318,0.7999999999999545,-0.7660444431189781,0.6427876096865393,0.49999999999999994,-0.8660254037844387,1.7,9.0
2026-07-08 11:20:00,270.0,7.0,1.7,1016.3,25.4,27.2,1.7,1.7,1.5,9.0,9.0,8.0,1016.4,1016.5,1016.3,1.7,0.0,1.7,0.0,8.0,0.9999999999999998,8.166666666666666,0.9831920802501818,0.0,-0.20000000000004547,-1.0,-1.8369701987210297e-16,0.258819045102521,-0.9659258262890682,1.6,7.0
2026-07-08 12:20:00,280.0,8.0,1.5,1016.5,26.0,27.1,1.5,1.6,1.7,8.0,7.0,7.0,1016.7,1016.2,1016.3,1.5,0.0,1.5333333333333332,0.05773502691896298,7.666666666666667,0.5773502691896258,7.333333333333333,0.8164965809277358,0.20000000000004547,0.2999999999999545,-0.9848077530122081,0.17364817766692997,1.2246467991473532e-16,-1.0,1.6,7.0
2026-07-08 13:20:00,270.0,6.0,1.6,1016.9,25.3,27.0,1.6,1.6,1.5,6.0,7.0,8.0,1016.8,1016.6,1016.5,1.6,0.0,1.6,0.0,6.0,0.0,6.5,0.5477225575051804,0.39999999999997726,0.2999999999999545,-1.0,-1.8369701987210297e-16,-0.2588190451025208,-0.9659258262890683,1.5,7.0
2026-07-08 14:20:00,250.0,6.0,1.6,1016.9,25.8,27.1,1.6,1.5,1.6,6.0,7.0,6.0,1017.0,1017.0,1016.9,1.6,0.0,1.5666666666666667,0.057735026918962595,6.333333333333333,0.5773502691896258,6.5,0.5477225575051804,0.0,-0.10000000000002274,-0.9396926207859084,-0.34202014332566855,-0.4999999999999997,-0.8660254037844388,1.7,6.0
2026-07-08 14:50:00,250.0,6.0,1.7,1016.8,25.8,27.1,1.7,1.6,1.5,6.0,6.0,7.0,1016.7,1016.9,1017.0,1.7,0.0,1.65,0.05773502691896237,6.0,0.0,6.166666666666667,0.4082482904638827,-0.20000000000004547,-0.10000000000002274,-0.9396926207859084,-0.34202014332566855,-0.4999999999999997,-0.8660254037844388,1.6,6.0
2026-07-08 15:20:00,250.0,6.0,1.6,1017.0,26.0,27.1,1.6,1.7,1.6,7.0,6.0,6.0,1016.9,1016.8,1016.9,1.6,0.0,1.65,0.05773502691896237,6.333333333333333,0.5773502691896258,6.166666666666667,0.40824829046386296,0.10000000000002274,0.20000000000004547,-0.9396926207859084,-0.34202014332566855,-0.7071067811865471,-0.7071067811865479,1.5,5.0
2026-07-08 16:20:00,230.0,6.0,1.6,1016.2,25.9,27.0,1.6,1.5,1.6,6.0,5.0,6.0,1016.3,1016.4,1017.0,1.6,0.0,1.5666666666666667,0.057735026918962595,5.666666666666667,0.5773502691896258,5.666666666666667,0.5163977794943221,-0.7999999999999545,-0.1999999999999318,-0.7660444431189779,-0.6427876096865395,-0.8660254037844385,-0.5000000000000004,1.5,6.0
2026-07-08 17:20:00,250.0,6.0,1.5,1016.1,26.1,27.2,1.5,1.5,1.6,6.0,6.0,6.0,1016.1,1016.2,1016.2,1.5,0.0,1.5,0.0,6.0,0.0,6.0,0.0,-0.10000000000002274,-0.10000000000002274,-0.9396926207859084,-0.34202014332566855,-0.9659258262890683,-0.25881904510252063,1.6,6.0
2026-07-08 18:20:00,230.0,8.0,1.6,1016.5,26.2,27.4,1.6,1.6,1.5,7.0,6.0,6.0,1016.5,1016.3,1016.1,1.6,0.0,1.6,0.0,7.0,1.0,6.5,0.8366600265340755,0.39999999999997726,0.20000000000004547,-0.7660444431189779,-0.6427876096865395,-1.0,-1.8369701987210297e-16,1.6,7.0
2026-07-08 18:50:00,230.0,7.0,1.6,1016.3,26.2,27.4,1.6,1.6,1.6,8.0,8.0,6.0,1016.4,1016.5,1016.3,1.6,0.0,1.6,0.0,7.666666666666667,0.5773502691896258,7.333333333333333,0.816496580927726,0.0,-0.20000000000004547,-0.7660444431189779,-0.6427876096865395,-1.0,-1.8369701987210297e-16,1.7,6.0
2026-07-08 19:20:00,240.0,6.0,1.7,1016.2,26.3,27.5,1.7,1.6,1.6,7.0,7.0,8.0,1016.3,1016.3,1016.5,1.7,0.0,1.65,0.05773502691896256,6.666666666666667,0.5773502691896258,7.166666666666667,0.752772652709081,-0.2999999999999545,-0.09999999999990905,-0.8660254037844385,-0.5000000000000004,-0.9659258262890684,0.2588190451025203,1.8,6.0
2026-07-08 20:20:00,240.0,7.0,1.6,1015.8,26.5,27.5,1.6,1.8,1.7,6.0,6.0,6.0,1015.7,1015.8,1016.2,1.6,0.0,1.6666666666666667,0.11547005383792507,6.333333333333333,0.5773502691896258,6.166666666666667,0.40824829046386296,-0.40000000000009095,0.0,-0.8660254037844385,-0.5000000000000004,-0.8660254037844386,0.5000000000000001,1.6,6.0
2026-07-08 21:20:00,250.0,5.0,1.6,1015.7,26.6,27.5,1.6,1.6,1.6,5.0,6.0,7.0,1015.7,1015.7,1015.8,1.6,0.0,1.6,0.0,5.0,0.0,5.5,0.5477225575051659,-0.09999999999990905,0.0,-0.9396926207859084,-0.34202014332566855,-0.7071067811865477,0.7071067811865474,1.5,5.0
2026-07-08 22:20:00,260.0,5.0,1.7,1015.7,26.9,27.5,1.7,1.5,1.6,5.0,5.0,5.0,1015.6,1015.5,1015.7,1.7,0.0,1.6333333333333335,0.11547005383792529,5.0,0.0,5.0,0.0,0.0,0.20000000000004547,-0.984807753012208,-0.17364817766693033,-0.5000000000000004,0.8660254037844384,1.6,5.0
2026-07-09 01:20:00,330.0,2.0,1.5,1015.8,26.6,27.4,1.5,1.6,1.5,2.0,2.0,3.0,1015.7,1015.7,1015.8,1.5,0.0,1.5333333333333332,0.057735026918962595,1.6666666666666667,0.5773502691896258,1.8333333333333333,0.4082482904638611,0.0,0.09999999999990905,-0.5000000000000004,0.8660254037844384,0.25881904510252074,0.9659258262890683,1.6,2.0
2026-07-09 02:20:00,30.0,2.0,1.6,1015.9,26.3,27.4,1.6,1.6,1.5,2.0,2.0,2.0,1016.2,1016.4,1015.8,1.6,0.0,1.6,0.0,1.6666666666666667,0.5773502691896256,2.1666666666666665,0.7527726527090802,0.10000000000002274,-0.5,0.49999999999999994,0.8660254037844387,0.49999999999999994,0.8660254037844387,1.4,2.0
2026-07-09 03:20:00,50.0,1.0,1.5,1015.8,26.3,27.4,1.5,1.4,1.6,1.0,2.0,2.0,1016.0,1015.8,1015.9,1.5,0.0,1.4666666666666666,0.05773502691896273,1.0,0.0,1.5,0.5477225575051661,-0.10000000000002274,0.0,0.766044443118978,0.6427876096865394,0.7071067811865476,0.7071067811865476,1.5,2.0
2026-07-09 04:20:00,,0.0,1.4,1015.7,26.3,27.4,1.4,1.5,1.5,0.0,2.0,1.0,1015.7,1015.7,1015.8,1.4,0.0,1.4333333333333333,0.057735026918962484,0.3333333333333333,0.5773502691896258,1.1666666666666667,0.983192080250175,-0.09999999999990905,0.0,,,0.8660254037844386,0.5000000000000001,1.4,1.0
2026-07-09 04:50:00,30.0,1.0,1.4,1015.5,26.3,27.4,1.4,1.4,1.5,1.0,0.0,2.0,1015.6,1015.7,1015.7,1.4,0.0,1.4,0.0,0.6666666666666666,0.5773502691896258,0.5,0.5477225575051662,-0.20000000000004547,-0.20000000000004547,0.49999999999999994,0.8660254037844387,0.8660254037844386,0.5000000000000001,1.4,2.0
2026-07-09 05:20:00,20.0,2.0,1.4,1015.4,26.3,27.4,1.4,1.4,1.4,2.0,1.0,0.0,1015.5,1015.5,1015.7,1.4,0.0,1.4,0.0,2.0,0.0,1.3333333333333333,0.816496580927726,-0.3000000000000682,-0.10000000000002274,0.3420201433256687,0.9396926207859084,0.9659258262890683,0.25881904510252074,1.4,3.0
2026-07-09 06:20:00,70.0,4.0,1.4,1015.2,26.6,27.4,1.4,1.4,1.4,3.0,3.0,2.0,1015.2,1015.1,1015.4,1.4,0.0,1.4,0.0,3.3333333333333335,0.5773502691896257,3.0,0.6324555320336765,-0.1999999999999318,0.10000000000002274,0.9396926207859083,0.3420201433256688,1.0,6.123233995736766e-17,1.4,3.0
2026-07-09 07:20:00,80.0,4.0,1.4,1015.5,26.3,27.4,1.4,1.4,1.4,4.0,3.0,4.0,1015.5,1015.4,1015.2,1.4,0.0,1.4,0.0,3.6666666666666665,0.5773502691896257,3.6666666666666665,0.5163977794943228,0.2999999999999545,0.10000000000002274,0.984807753012208,0.17364817766693041,0.9659258262890683,-0.25881904510252063,1.3,4.0
2026-07-09 08:20:00,90.0,4.0,1.5,1015.6,26.3,27.4,1.5,1.3,1.4,4.0,4.0,4.0,1015.7,1015.7,1015.5,1.5,0.0,1.4333333333333336,0.115470053837925,4.0,0.0,3.8333333333333335,0.4082482904638636,0.10000000000002274,-0.10000000000002274,1.0,6.123233995736766e-17,0.8660254037844387,-0.4999999999999998,1.3,3.0
2026-07-09 09:20:00,80.0,3.0,1.3,1016.0,26.2,27.4,1.3,1.3,1.5,3.0,3.0,4.0,1015.9,1015.7,1015.6,1.3,0.0,1.3,0.0,3.0,0.0,3.0,0.0,0.39999999999997726,0.2999999999999545,0.984807753012208,0.17364817766693041,0.7071067811865476,-0.7071067811865475,1.2,3.0
2026-07-09 10:20:00,100.0,4.0,1.4,1016.0,26.2,27.3,1.4,1.2,1.3,4.0,3.0,3.0,1016.1,1016.0,1016.0,1.4,0.0,1.3333333333333333,0.11547005383792507,4.0,0.0,3.5,0.5477225575051664,0.0,0.0,0.984807753012208,-0.1736481776669303,0.49999999999999994,-0.8660254037844387,1.2,5.0
2026-07-09 11:20:00,120.0,4.0,1.3,1016.5,26.2,,1.3,1.2,1.4,4.0,5.0,4.0,1016.5,1016.1,1016.0,1.3,0.0,1.2666666666666666,0.05773502691896245,4.0,0.0,4.166666666666667,0.40824829046386296,0.5,0.39999999999997726,0.8660254037844387,-0.4999999999999998,0.258819045102521,-0.9659258262890682,1.4,3.0
2026-07-09 11:50:00,130.0,3.0,1.4,1016.9,26.2,27.3,1.4,1.3,1.2,4.0,4.0,5.0,1016.8,1016.5,1016.1,1.4,0.0,1.3499999999999999,0.05773502691896272,3.6666666666666665,0.5773502691896257,3.8333333333333335,0.408248290463863,0.7999999999999545,0.39999999999997726,0.766044443118978,-0.6427876096865394,0.258819045102521,-0.9659258262890682,1.5,4.0
2026-07-09 12:20:00,120.0,4.0,1.5,1016.8,26.3,27.3,1.5,1.4,1.3,4.0,3.0,4.0,1016.3,1016.9,1016.5,1.5,0.0,1.45,0.0577350269189635,4.0,0.0,3.8333333333333335,0.408248290463863,0.2999999999999545,-0.10000000000002274,0.8660254037844387,-0.4999999999999998,1.2246467991473532e-16,-1.0,1.6,5.0
2026-07-09 12:50:00,130.0,5.0,1.6,1017.2,26.3,27.3,1.6,1.5,1.4,5.0,4.0,3.0,1017.2,1016.8,1016.9,1.6,0.0,1.55,0.05773502691896404,4.666666666666667,0.5773502691896258,4.333333333333333,0.5163977794943221,0.3000000000000682,0.40000000000009095,0.766044443118978,-0.6427876096865394,1.2246467991473532e-16,-1.0,1.6,5.0
2026-07-09 13:20:00,140.0,5.0,1.6,1017.0,26.4,27.2,1.6,1.6,1.5,5.0,5.0,4.0,1017.1,1017.2,1016.8,1.6,0.0,1.6,0.0,5.0,0.0,4.833333333333333,0.40824829046386324,0.20000000000004547,-0.20000000000004547,0.6427876096865395,-0.7660444431189779,-0.2588190451025208,-0.9659258262890683,1.6,5.0
2026-07-09 14:20:00,160.0,4.0,1.6,1017.6,26.5,27.2,1.6,1.6,1.6,4.0,5.0,5.0,1017.4,1016.9,1017.0,1.6,0.0,1.6,0.0,4.0,0.0,4.5,0.5477225575051659,0.6000000000000227,0.7000000000000455,0.3420201433256689,-0.9396926207859083,-0.4999999999999997,-0.8660254037844388,1.6,6.0
2026-07-09 15:20:00,250.0,6.0,1.7,1017.3,25.5,27.1,1.7,1.6,1.6,6.0,6.0,4.0,1017.4,1017.5,1017.6,1.7,0.0,1.6666666666666667,0.05773502691896261,6.0,0.0,5.333333333333333,1.0327955589886453,-0.3000000000000682,-0.20000000000004547,-0.9396926207859084,-0.34202014332566855,-0.7071067811865471,-0.7071067811865479,1.7,4.0
2026-07-09 16:20:00,240.0,5.0,1.6,1017.3,25.6,27.1,1.6,1.7,1.7,5.0,4.0,6.0,1017.4,1017.3,1017.3,1.6,0.0,1.6333333333333335,0.05773502691896261,5.0,0.0,4.833333333333333,0.4082482904638637,0.0,0.0,-0.8660254037844385,-0.5000000000000004,-0.8660254037844385,-0.5000000000000004,1.8,5.0
2026-07-09 18:20:00,240.0,4.0,1.7,1016.2,26.3,27.1,1.7,1.8,1.7,4.0,5.0,4.0,1016.1,1016.3,1016.6,1.7,0.0,1.7333333333333332,0.057735026918962644,4.0,0.0,4.5,0.5477225575051659,-0.39999999999997726,-0.09999999999990905,-0.8660254037844385,-0.5000000000000004,-1.0,-1.8369701987210297e-16,1.5,4.0
2026-07-09 18:50:00,240.0,4.0,1.5,1015.8,26.5,27.1,1.5,1.7,1.8,4.0,4.0,5.0,1016.0,1016.2,1016.3,1.5,0.0,1.6,0.1154700538379252,4.0,0.0,4.0,0.0,-0.5,-0.40000000000009095,-0.8660254037844385,-0.5000000000000004,-1.0,-1.8369701987210297e-16,1.6,3.0
2026-07-09 19:50:00,230.0,4.0,1.7,1015.1,27.4,27.2,1.7,1.6,1.5,3.0,3.0,4.0,1015.1,1015.3,1015.8,1.7,0.0,1.6666666666666667,0.05773502691896215,3.3333333333333335,0.5773502691896257,3.3333333333333335,0.5163977794943226,-0.6999999999999318,-0.1999999999999318,-0.7660444431189779,-0.6427876096865395,-0.9659258262890684,0.2588190451025203,1.5,5.0
2026-07-09 20:20:00,220.0,5.0,1.5,1014.7,27.6,27.2,1.5,1.7,1.6,6.0,4.0,3.0,1014.9,1015.1,1015.3,1.5,0.0,1.6,0.11547005383792504,5.333333333333333,0.5773502691896256,4.333333333333333,1.2110601416389968,-0.599999999999909,-0.39999999999997726,-0.6427876096865393,-0.766044443118978,-0.8660254037844386,0.5000000000000001,1.6,6.0
2026-07-09 20:50:00,220.0,6.0,1.6,1014.9,27.5,27.1,1.6,1.5,1.7,6.0,5.0,4.0,1014.8,1014.7,1015.1,1.6,0.0,1.55,0.057735026918962644,5.666666666666667,0.5773502691896258,5.5,0.5477225575051655,-0.20000000000004547,0.1999999999999318,-0.6427876096865393,-0.766044443118978,-0.8660254037844386,0.5000000000000001,1.6,7.0
2026-07-09 21:20:00,220.0,7.0,1.6,1014.7,27.5,27.1,1.6,1.6,1.5,7.0,6.0,5.0,1014.9,1014.9,1014.7,1.6,0.0,1.6,0.0,7.0,0.0,6.333333333333333,0.8164965809277257,0.0,-0.1999999999999318,-0.6427876096865393,-0.766044443118978,-0.7071067811865477,0.7071067811865474,1.5,8.0
2026-07-09 21:50:00,220.0,8.0,1.5,1014.7,27.6,27.1,1.5,1.6,1.6,7.0,7.0,6.0,1014.7,1014.7,1014.9,1.5,0.0,1.55,0.05773502691896274,7.333333333333333,0.5773502691896258,7.166666666666667,0.40824829046386296,-0.1999999999999318,0.0,-0.6427876096865393,-0.766044443118978,-0.7071067811865477,0.7071067811865474,1.6,9.0
2026-07-09 22:20:00,210.0,9.0,1.6,1014.7,27.5,27.1,1.6,1.5,1.6,9.0,8.0,7.0,1014.6,1014.7,1014.7,1.6,0.0,1.55,0.05773502691896274,8.666666666666666,0.5773502691896255,8.0,0.8944271909999155,0.0,0.0,-0.5000000000000001,-0.8660254037844386,-0.5000000000000004,0.8660254037844384,1.5,8.0
2026-07-10 00:50:00,230.0,8.0,1.6,1014.9,27.4,27.0,1.6,1.7,1.7,8.0,8.0,8.0,1014.8,1014.7,1014.5,1.6,0.0,1.65,0.05773502691896256,8.0,0.0,8.0,0.0,0.39999999999997726,0.1999999999999318,-0.7660444431189779,-0.6427876096865395,0.0,1.0,1.7,9.0
2026-07-10 01:20:00,230.0,9.0,1.7,1015.1,27.5,27.0,1.7,1.6,1.7,8.0,8.0,8.0,1015.0,1014.9,1014.7,1.7,0.0,1.6500000000000001,0.05773502691896256,8.333333333333334,0.5773502691896255,8.166666666666666,0.4082482904638632,0.39999999999997726,0.20000000000004547,-0.7660444431189779,-0.6427876096865395,0.25881904510252074,0.9659258262890683,1.8,9.0
2026-07-10 02:20:00,230.0,9.0,1.8,1015.5,27.5,26.9,1.8,1.8,1.7,9.0,9.0,9.0,1015.5,1015.3,1015.1,1.8,0.0,1.8,0.0,9.0,0.0,9.0,0.0,0.39999999999997726,0.20000000000004547,-0.7660444431189779,-0.6427876096865395,0.49999999999999994,0.8660254037844387,1.8,9.0
2026-07-10 03:20:00,240.0,8.0,1.8,1015.7,27.5,26.9,1.8,1.8,1.8,8.0,9.0,9.0,1015.7,1015.6,1015.5,1.8,0.0,1.8,0.0,8.0,0.0,8.333333333333334,0.516397779494324,0.20000000000004547,0.10000000000002274,-0.8660254037844385,-0.5000000000000004,0.7071067811865476,0.7071067811865476,1.7,8.0
2026-07-10 04:20:00,230.0,8.0,1.8,1015.6,27.5,26.9,1.8,1.7,1.8,8.0,8.0,8.0,1015.6,1015.6,1015.7,1.8,0.0,1.7666666666666668,0.057735026918962595,8.0,0.0,8.166666666666666,0.40824829046386646,-0.10000000000002274,0.0,-0.7660444431189779,-0.6427876096865395,0.8660254037844386,0.5000000000000001,1.8,8.0
2026-07-10 05:20:00,240.0,8.0,1.7,1015.1,27.5,26.8,1.7,1.8,1.8,8.0,8.0,8.0,1015.2,1015.4,1015.6,1.7,0.0,1.7333333333333334,0.057735026918962595,8.0,0.0,8.0,0.0,-0.5,-0.2999999999999545,-0.8660254037844385,-0.5000000000000004,0.9659258262890683,0.25881904510252074,1.7,8.0
2026-07-10 06:20:00,230.0,9.0,1.8,1014.9,27.4,26.7,1.8,1.7,1.7,8.0,8.0,8.0,1014.9,1015.0,1015.1,1.8,0.0,1.7666666666666666,0.057735026918962595,8.333333333333334,0.5773502691896255,8.166666666666666,0.4082482904638632,-0.20000000000004547,-0.10000000000002274,-0.7660444431189779,-0.6427876096865395,1.0,6.123233995736766e-17,1.5,9.0
2026-07-10 06:50:00,230.0,9.0,1.5,1014.5,27.4,,1.5,1.8,1.7,9.0,9.0,8.0,1014.6,1014.9,1015.0,1.5,0.0,1.65,0.17320508075688767,9.0,0.0,8.666666666666666,0.516397779494324,-0.5,-0.39999999999997726,-0.7660444431189779,-0.6427876096865395,1.0,6.123233995736766e-17,1.7,9.0
2026-07-10 07:20:00,230.0,9.0,1.7,1014.1,27.4,26.7,1.7,1.5,1.8,9.0,9.0,9.0,1014.2,1014.5,1014.9,1.7,0.0,1.6,0.11547005383792495,9.0,0.0,9.0,0.0,-0.7999999999999545,-0.39999999999997726,-0.7660444431189779,-0.6427876096865395,0.9659258262890683,-0.25881904510252063,1.8,9.0
2026-07-10 08:20:00,230.0,9.0,1.8,1013.7,27.3,26.6,1.8,1.8,1.7,9.0,9.0,9.0,1013.8,1013.9,1014.1,1.8,0.0,1.8,0.0,9.0,0.0,9.0,0.0,-0.39999999999997726,-0.1999999999999318,-0.7660444431189779,-0.6427876096865395,0.8660254037844387,-0.4999999999999998,1.8,9.0
2026-07-10 08:50:00,230.0,9.0,1.8,1013.7,27.3,26.6,1.8,1.8,1.8,9.0,9.0,9.0,1013.8,1013.7,1013.9,1.8,0.0,1.8,0.0,9.0,0.0,9.0,0.0,-0.1999999999999318,0.0,-0.7660444431189779,-0.6427876096865395,0.8660254037844387,-0.4999999999999998,1.8,10.0
2026-07-10 09:20:00,240.0,10.0,1.8,1013.8,27.3,26.6,1.8,1.8,1.8,9.0,9.0,9.0,1013.9,1013.7,1013.7,1.8,0.0,1.8,0.0,9.333333333333334,0.5773502691896255,9.166666666666666,0.4082482904638632,0.09999999999990905,0.09999999999990905,-0.8660254037844385,-0.5000000000000004,0.7071067811865476,-0.7071067811865475,1.7,10.0
2026-07-10 09:50:00,240.0,10.0,1.7,1014.1,27.4,26.6,1.7,1.8,1.8,9.0,10.0,9.0,1014.0,1013.8,1013.7,1.7,0.0,1.75,0.05773502691896257,9.666666666666666,0.5773502691896255,9.5,0.5477225575051671,0.39999999999997726,0.3000000000000682,-0.8660254037844385,-0.5000000000000004,0.7071067811865476,-0.7071067811865475,1.8,10.0
2026-07-10 10:20:00,240.0,10.0,1.8,1014.2,27.4,26.6,1.8,1.7,1.8,10.0,10.0,10.0,1014.2,1014.1,1013.8,1.8,0.0,1.75,0.05773502691896257,10.0,0.0,9.833333333333334,0.40824829046386646,0.40000000000009095,0.10000000000002274,-0.8660254037844385,-0.5000000000000004,0.49999999999999994,-0.8660254037844387,1.8,10.0
2026-07-10 11:20:00,240.0,10.0,2.0,1014.4,27.5,26.7,2.0,1.8,1.8,10.0,10.0,10.0,1014.3,1014.3,1014.2,2.0,0.0,1.9333333333333336,0.11547005383792516,10.0,0.0,10.0,0.0,0.1999999999999318,0.10000000000002274,-0.8660254037844385,-0.5000000000000004,0.258819045102521,-0.9659258262890682,1.9,10.0
2026-07-10 12:20:00,240.0,10.0,2.1,1014.6,27.7,26.7,2.1,1.9,2.0,10.0,10.0,10.0,1014.6,1014.6,1014.4,2.1,0.0,2.033333333333333,0.11547005383792544,10.0,0.0,10.0,0.0,0.20000000000004547,0.0,-0.8660254037844385,-0.5000000000000004,1.2246467991473532e-16,-1.0,2.0,10.0
2026-07-10 13:20:00,240.0,10.0,2.0,1014.6,27.7,26.7,2.0,2.0,2.1,10.0,10.0,10.0,1014.6,1014.7,1014.6,2.0,0.0,2.0,0.0,10.0,0.0,10.0,0.0,0.0,-0.10000000000002274,-0.8660254037844385,-0.5000000000000004,-0.2588190451025208,-0.9659258262890683,2.1,10.0
2026-07-10 13:50:00,240.0,10.0,2.1,1014.6,27.7,26.7,2.1,2.0,2.0,10.0,10.0,10.0,1014.6,1014.6,1014.7,2.1,0.0,2.05,0.05773502691896274,10.0,0.0,10.0,0.0,-0.10000000000002274,0.0,-0.8660254037844385,-0.5000000000000004,-0.2588190451025208,-0.9659258262890683,2.1,10.0
2026-07-10 14:20:00,240.0,10.0,2.1,1014.8,27.7,26.7,2.1,2.1,2.0,10.0,10.0,10.0,1014.8,1014.6,1014.6,2.1,0.0,2.1,0.0,10.0,0.0,10.0,0.0,0.1999999999999318,0.1999999999999318,-0.8660254037844385,-0.5000000000000004,-0.4999999999999997,-0.8660254037844388,2.1,9.0
2026-07-10 15:20:00,250.0,9.0,2.0,1015.2,27.6,26.7,2.0,2.1,2.1,9.0,9.0,10.0,1015.0,1015.0,1014.8,2.0,0.0,2.033333333333333,0.05773502691896285,9.0,0.0,9.0,0.0,0.40000000000009095,0.20000000000004547,-0.9396926207859084,-0.34202014332566855,-0.7071067811865471,-0.7071067811865479,2.1,8.0
2026-07-10 16:20:00,240.0,8.0,2.1,1015.2,27.6,26.8,2.1,2.1,2.0,8.0,8.0,9.0,1015.2,1015.2,1015.2,2.1,0.0,2.1,0.0,8.333333333333334,0.5773502691896255,8.5,0.5477225575051671,0.0,0.0,-0.8660254037844385,-0.5000000000000004,-0.8660254037844385,-0.5000000000000004,1.9,8.0
2026-07-10 16:50:00,240.0,8.0,1.9,1015.2,27.6,26.8,1.9,2.1,2.1,8.0,8.0,8.0,1015.1,1015.2,1015.2,1.9,0.0,2.0,0.11547005383792514,8.0,0.0,8.166666666666666,0.40824829046386646,0.0,0.0,-0.8660254037844385,-0.5000000000000004,-0.8660254037844385,-0.5000000000000004,1.9,7.0
2026-07-10 17:20:00,250.0,7.0,1.9,1015.2,27.6,26.8,1.9,1.9,2.1,8.0,8.0,8.0,1015.2,1015.2,1015.2,1.9,0.0,1.9,0.0,7.666666666666667,0.5773502691896258,7.833333333333333,0.40824829046386296,0.0,0.0,-0.9396926207859084,-0.34202014332566855,-0.9659258262890683,-0.25881904510252063,2.0,7.0
2026-07-10 17:50:00,250.0,7.0,2.0,1015.2,27.5,26.9,2.0,1.9,1.9,7.0,7.0,8.0,1015.2,1015.2,1015.2,2.0,0.0,1.9499999999999997,0.05773502691896274,7.0,0.0,7.333333333333333,0.5163977794943221,0.0,0.0,-0.9396926207859084,-0.34202014332566855,-0.9659258262890683,-0.25881904510252063,1.8,8.0
2026-07-10 18:20:00,250.0,8.0,1.8,1015.2,27.5,26.9,1.8,2.0,1.9,8.0,7.0,7.0,1015.2,1015.2,1015.2,1.8,0.0,1.9000000000000001,0.1154700538379251,7.666666666666667,0.5773502691896258,7.333333333333333,0.5163977794943221,0.0,0.0,-0.9396926207859084,-0.34202014332566855,-1.0,-1.8369701987210297e-16,2.0,7.0
2026-07-10 18:50:00,250.0,7.0,2.0,1015.1,27.5,26.8,2.0,1.8,2.0,7.0,8.0,7.0,1015.2,1015.2,1015.2,2.0,0.0,1.9,0.1154700538379251,7.333333333333333,0.5773502691896258,7.5,0.5477225575051659,-0.10000000000002274,-0.10000000000002274,-0.9396926207859084,-0.34202014332566855,-1.0,-1.8369701987210297e-16,1.8,8.0
2026-07-10 19:20:00,250.0,8.0,1.8,1014.9,27.5,26.8,1.8,2.0,1.8,8.0,7.0,8.0,1015.1,1015.1,1015.2,1.8,0.0,1.9,0.1154700538379251,7.666666666666667,0.5773502691896258,7.5,0.5477225575051659,-0.3000000000000682,-0.20000000000004547,-0.9396926207859084,-0.34202014332566855,-0.9659258262890684,0.2588190451025203,1.9,7.0
2026-07-10 20:20:00,260.0,7.0,1.7,1014.8,27.6,26.9,1.7,1.9,1.8,7.0,7.0,8.0,1014.8,1014.9,1014.9,1.7,0.0,1.7666666666666666,0.11547005383792508,7.0,0.0,7.0,0.0,-0.10000000000002274,-0.10000000000002274,-0.984807753012208,-0.17364817766693033,-0.8660254037844386,0.5000000000000001,1.9,7.0
2026-07-10 21:20:00,260.0,6.0,1.9,1015.0,27.6,26.9,1.9,1.9,1.7,7.0,7.0,7.0,1015.0,1015.0,1014.8,1.9,0.0,1.9,0.0,6.333333333333333,0.5773502691896258,6.666666666666667,0.5163977794943221,0.20000000000004547,0.0,-0.984807753012208,-0.17364817766693033,-0.7071067811865477,0.7071067811865474,1.9,7.0
2026-07-11 01:20:00,240.0,7.0,2.0,1015.3,27.5,26.7,2.0,1.8,1.8,7.0,7.0,7.0,1015.1,1014.9,1015.0,2.0,0.0,1.9333333333333333,0.11547005383792516,7.0,0.0,7.0,0.0,0.2999999999999545,0.39999999999997726,-0.8660254037844385,-0.5000000000000004,0.25881904510252074,0.9659258262890683,2.0,8.0
2026-07-11 02:20:00,240.0,7.0,2.0,1015.8,27.4,26.6,2.0,2.0,2.0,8.0,8.0,7.0,1015.9,1015.7,1015.3,2.0,0.0,2.0,0.0,7.666666666666667,0.5773502691896258,7.666666666666667,0.5163977794943221,0.5,0.09999999999990905,-0.8660254037844385,-0.5000000000000004,0.49999999999999994,0.8660254037844387,1.7,7.0
2026-07-11 03:50:00,240.0,7.0,1.9,1015.7,27.3,26.6,1.9,1.9,1.7,7.0,8.0,7.0,1015.7,1015.8,1015.9,1.9,0.0,1.9,0.0,7.333333333333333,0.5773502691896258,7.333333333333333,0.5163977794943221,-0.1999999999999318,-0.09999999999990905,-0.8660254037844385,-0.5000000000000004,0.7071067811865476,0.7071067811865476,1.6,7.0
2026-07-11 04:20:00,250.0,7.0,1.6,1015.6,27.3,26.6,1.6,1.9,1.9,7.0,7.0,8.0,1015.7,1015.7,1015.8,1.6,0.0,1.75,0.17320508075688765,7.0,0.0,7.166666666666667,0.4082482904638632,-0.1999999999999318,-0.10000000000002274,-0.9396926207859084,-0.34202014332566855,0.8660254037844386,0.5000000000000001,1.7,7.0
2026-07-11 05:20:00,240.0,7.0,1.9,1015.1,27.2,26.6,1.9,1.7,1.6,7.0,7.0,7.0,1015.2,1015.4,1015.6,1.9,0.0,1.8333333333333333,0.1154700538379254,7.0,0.0,7.0,0.0,-0.5,-0.2999999999999545,-0.8660254037844385,-0.5000000000000004,0.9659258262890683,0.25881904510252074,1.7,7.0
2026-07-11 07:20:00,240.0,7.0,1.6,1014.6,27.2,26.6,1.6,1.6,1.7,7.0,7.0,7.0,1014.8,1014.8,1014.8,1.6,0.0,1.6,0.0,7.0,0.0,7.0,0.0,-0.1999999999999318,-0.1999999999999318,-0.8660254037844385,-0.5000000000000004,0.9659258262890683,-0.25881904510252063,1.6,6.0
2026-07-11 08:20:00,240.0,7.0,1.7,1014.5,27.2,26.6,1.7,1.6,1.6,7.0,6.0,7.0,1014.6,1014.6,1014.6,1.7,0.0,1.6666666666666667,0.05773502691896261,7.0,0.0,6.5,0.5477225575051659,-0.10000000000002274,-0.10000000000002274,-0.8660254037844385,-0.5000000000000004,0.8660254037844387,-0.4999999999999998,1.7,8.0
2026-07-11 09:20:00,230.0,7.0,1.9,1014.5,27.1,26.6,1.9,1.7,1.7,8.0,8.0,7.0,1014.4,1014.3,1014.5,1.9,0.0,1.8333333333333333,0.11547005383792516,7.666666666666667,0.5773502691896258,7.5,0.5477225575051659,0.0,0.20000000000004547,-0.7660444431189779,-0.6427876096865395,0.7071067811865476,-0.7071067811865475,1.8,8.0
2026-07-11 10:20:00,250.0,8.0,1.7,1015.0,27.2,26.6,1.7,1.8,1.9,8.0,8.0,7.0,1014.8,1014.7,1014.5,1.7,0.0,1.7333333333333334,0.05773502691896285,8.0,0.0,8.0,0.0,0.5,0.2999999999999545,-0.9396926207859084,-0.34202014332566855,0.49999999999999994,-0.8660254037844387,1.7,8.0
2026-07-11 11:20:00,250.0,7.0,1.7,1015.1,27.2,26.6,1.7,1.7,1.7,7.0,8.0,8.0,1015.1,1014.9,1015.0,1.7,0.0,1.7,0.0,7.0,0.0,7.333333333333333,0.5163977794943221,0.10000000000002274,0.20000000000004547,-0.9396926207859084,-0.34202014332566855,0.258819045102521,-0.9659258262890682,1.7,7.0
2026-07-11 11:50:00,260.0,7.0,1.7,1015.5,27.2,26.6,1.7,1.7,1.7,7.0,7.0,8.0,1015.3,1015.1,1014.9,1.7,0.0,1.7,0.0,7.0,0.0,7.0,0.0,0.6000000000000227,0.39999999999997726,-0.984807753012208,-0.17364817766693033,0.258819045102521,-0.9659258262890682,1.7,7.0
2026-07-11 12:20:00,260.0,7.0,1.7,1015.7,27.2,26.6,1.7,1.7,1.7,7.0,7.0,7.0,1015.7,1015.5,1015.1,1.7,0.0,1.7,0.0,7.0,0.0,7.0,0.0,0.6000000000000227,0.20000000000004547,-0.984807753012208,-0.17364817766693033,1.2246467991473532e-16,-1.0,1.7,6.0
2026-07-11 13:20:00,260.0,6.0,1.6,1016.3,27.2,26.6,1.6,1.7,1.7,6.0,6.0,7.0,1016.3,1016.2,1015.7,1.6,0.0,1.6333333333333335,0.05773502691896261,6.0,0.0,6.166666666666667,0.4082482904638632,0.599999999999909,0.09999999999990905,-0.984807753012208,-0.17364817766693033,-0.2588190451025208,-0.9659258262890683,1.7,5.0
2026-07-11 14:20:00,250.0,5.0,1.7,1016.3,27.3,26.7,1.7,1.7,1.6,5.0,5.0,6.0,1016.3,1016.3,1016.3,1.7,0.0,1.7,0.0,5.0,0.0,5.333333333333333,0.5163977794943221,0.0,0.0,-0.9396926207859084,-0.34202014332566855,-0.4999999999999997,-0.8660254037844388,1.6,5.0
2026-07-11 15:20:00,240.0,5.0,1.7,1016.3,27.4,26.8,1.7,1.6,1.7,5.0,5.0,5.0,1016.3,1016.4,1016.3,1.7,0.0,1.6666666666666667,0.05773502691896253,4.666666666666667,0.5773502691896258,4.833333333333333,0.40824829046386296,0.0,-0.10000000000002274,-0.8660254037844385,-0.5000000000000004,-0.7071067811865471,-0.7071067811865479,1.6,5.0
2026-07-11 15:50:00,230.0,5.0,1.6,1016.2,27.5,26.8,1.6,1.7,1.6,5.0,5.0,5.0,1016.3,1016.3,1016.4,1.6,0.0,1.6500000000000001,0.057735026918962554,5.0,0.0,4.833333333333333,0.40824829046386296,-0.1999999999999318,-0.09999999999990905,-0.7660444431189779,-0.6427876096865395,-0.7071067811865471,-0.7071067811865479,1.7,6.0
2026-07-11 16:20:00,230.0,6.0,1.7,1016.0,27.5,26.9,1.7,1.6,1.7,5.0,5.0,5.0,1016.0,1016.2,1016.3,1.7,0.0,1.65,0.057735026918962554,5.333333333333333,0.5773502691896258,5.166666666666667,0.40824829046386296,-0.2999999999999545,-0.20000000000004547,-0.7660444431189779,-0.6427876096865395,-0.8660254037844385,-0.5000000000000004,1.7,6.0
2026-07-11 17:20:00,240.0,6.0,1.7,1015.7,27.5,27.0,1.7,1.7,1.7,6.0,6.0,6.0,1015.7,1015.8,1016.0,1.7,0.0,1.7,0.0,6.0,0.0,6.0,0.0,-0.2999999999999545,-0.09999999999990905,-0.8660254037844385,-0.5000000000000004,-0.9659258262890683,-0.25881904510252063,1.8,6.0
2026-07-11 17:50:00,240.0,6.0,1.8,1015.2,27.5,27.0,1.8,1.7,1.7,6.0,6.0,6.0,1015.3,1015.7,1015.8,1.8,0.0,1.75,0.05773502691896257,6.0,0.0,6.0,0.0,-0.599999999999909,-0.5,-0.8660254037844385,-0.5000000000000004,-0.9659258262890683,-0.25881904510252063,1.8,6.0
2026-07-11 18:20:00,240.0,6.0,1.8,1014.9,27.6,27.0,1.8,1.8,1.7,6.0,6.0,6.0,1015.0,1015.2,1015.7,1.8,0.0,1.8,0.0,6.0,0.0,6.0,0.0,-0.8000000000000682,-0.3000000000000682,-0.8660254037844385,-0.5000000000000004,-1.0,-1.8369701987210297e-16,1.7,7.0
2026-07-11 19:20:00,240.0,6.0,1.9,1014.6,27.6,27.1,1.9,1.7,1.8,6.0,7.0,6.0,1014.7,1014.7,1014.9,1.9,0.0,1.8333333333333333,0.11547005383792507,6.0,0.0,6.166666666666667,0.40824829046386296,-0.2999999999999545,-0.10000000000002274,-0.8660254037844385,-0.5000000000000004,-0.9659258262890684,0.2588190451025203,1.6,6.0
2026-07-11 20:20:00,230.0,7.0,1.6,1014.1,27.8,27.1,1.6,1.6,1.9,6.0,6.0,6.0,1014.1,1014.3,1014.6,1.6,0.0,1.6,0.0,6.333333333333333,0.5773502691896258,6.333333333333333,0.5163977794943221,-0.5,-0.1999999999999318,-0.7660444431189779,-0.6427876096865395,-0.8660254037844386,0.5000000000000001,1.6,7.0
2026-07-11 20:50:00,230.0,7.0,1.6,1013.7,27.7,27.1,1.6,1.6,1.6,7.0,7.0,6.0,1013.8,1014.1,1014.3,1.6,0.0,1.6,0.0,7.0,0.0,6.666666666666667,0.5163977794943221,-0.599999999999909,-0.39999999999997726,-0.7660444431189779,-0.6427876096865395,-0.8660254037844386,0.5000000000000001,1.6,7.0
2026-07-11 21:20:00,230.0,7.0,1.6,1013.5,27.7,27.1,1.6,1.6,1.6,8.0,7.0,7.0,1013.5,1013.7,1014.1,1.6,0.0,1.6,0.0,7.666666666666667,0.5773502691896258,7.333333333333333,0.5163977794943232,-0.6000000000000227,-0.20000000000004547,-0.7660444431189779,-0.6427876096865395,-0.7071067811865477,0.7071067811865474,1.6,8.0
2026-07-11 22:20:00,240.0,8.0,1.7,1013.5,27.8,27.0,1.7,1.6,1.6,8.0,8.0,7.0,1013.5,1013.5,1013.5,1.7,0.0,1.6666666666666667,0.05773502691896261,8.0,0.0,7.666666666666667,0.5163977794943234,0.0,0.0,-0.8660254037844385,-0.5000000000000004,-0.5000000000000004,0.8660254037844384,1.6,8.0
2026-07-11 23:40:00,250.0,8.0,1.6,1014.0,27.6,27.0,1.6,1.6,1.7,8.0,8.0,8.0,1013.8,1013.6,1013.5,1.6,0.0,1.6,0.0,8.0,0.0,8.0,0.0,0.5,0.39999999999997726,-0.9396926207859084,-0.34202014332566855,-0.25881904510252157,0.9659258262890681,1.8,7.0
2026-07-12 01:20:00,250.0,6.0,1.7,1014.5,27.4,26.9,1.7,1.6,1.8,6.0,6.0,7.0,1014.4,1014.3,1014.2,1.7,0.0,1.6666666666666667,0.05773502691896265,6.0,0.0,6.166666666666667,0.40824829046386324,0.2999999999999545,0.20000000000004547,-0.9396926207859084,-0.34202014332566855,0.25881904510252074,0.9659258262890683,1.7,5.0
2026-07-12 02:20:00,240.0,5.0,1.6,1015.0,27.4,27.0,1.6,1.7,1.7,6.0,5.0,6.0,1015.1,1015.0,1014.5,1.6,0.0,1.6333333333333335,0.05773502691896261,5.333333333333333,0.5773502691896258,5.333333333333333,0.5163977794943221,0.5,0.0,-0.8660254037844385,-0.5000000000000004,0.49999999999999994,0.8660254037844387,1.6,6.0
2026-07-12 03:20:00,230.0,6.0,1.7,1014.2,27.4,27.0,1.7,1.6,1.6,7.0,6.0,5.0,1014.3,1014.6,1015.0,1.7,0.0,1.6666666666666667,0.05773502691896261,6.666666666666667,0.5773502691896258,6.333333333333333,0.5163977794943233,-0.7999999999999545,-0.39999999999997726,-0.7660444431189779,-0.6427876096865395,0.7071067811865476,0.7071067811865476,1.6,6.0
2026-07-12 04:20:00,290.0,6.0,1.6,1014.2,26.5,27.0,1.6,1.6,1.7,6.0,6.0,6.0,1014.0,1014.1,1014.2,1.6,0.0,1.6,0.0,6.0,0.0,6.0,0.0,0.0,0.10000000000002274,-0.9396926207859083,0.342020143325669,0.8660254037844386,0.5000000000000001,1.6,5.0
2026-07-12 05:20:00,280.0,6.0,1.6,1015.1,25.0,27.0,1.6,1.6,1.6,7.0,5.0,6.0,1014.8,1014.1,1014.2,1.6,0.0,1.6,0.0,6.0,0.9999999999999998,5.5,0.8366600265340752,0.8999999999999773,1.0,-0.9848077530122081,0.17364817766692997,0.9659258262890683,0.25881904510252074,1.7,5.0
2026-07-12 07:20:00,220.0,1.0,1.5,1013.9,26.5,26.9,1.5,1.5,1.6,1.0,2.0,4.0,1014.0,1013.8,1014.1,1.5,0.0,1.5,0.0,1.0,0.0,1.6666666666666667,0.8164965809277349,-0.20000000000004547,0.10000000000002274,-0.6427876096865393,-0.766044443118978,0.9659258262890683,-0.25881904510252063,1.6,2.0
2026-07-12 08:50:00,290.0,2.0,1.4,1014.0,26.9,26.9,1.4,1.5,1.6,2.0,3.0,2.0,1014.0,1013.8,1013.5,1.4,0.0,1.4333333333333333,0.05773502691896264,2.0,0.0,2.5,0.5477225575051765,0.5,0.20000000000004547,-0.9396926207859083,0.342020143325669,0.8660254037844387,-0.4999999999999998,1.5,3.0
2026-07-12 09:20:00,310.0,3.0,1.5,1014.1,26.7,26.9,1.5,1.4,1.5,2.0,2.0,3.0,1014.1,1014.0,1013.8,1.5,0.0,1.45,0.05773502691896262,2.3333333333333335,0.5773502691896257,2.1666666666666665,0.408248290463863,0.3000000000000682,0.10000000000002274,-0.7660444431189781,0.6427876096865393,0.7071067811865476,-0.7071067811865475,1.5,4.0
2026-07-12 09:50:00,340.0,4.0,1.5,1014.2,26.7,26.9,1.5,1.5,1.4,3.0,3.0,2.0,1014.1,1014.1,1014.0,1.5,0.0,1.5,0.0,3.0,0.9999999999999999,2.6666666666666665,0.8164965809277264,0.20000000000004547,0.10000000000002274,-0.3420201433256686,0.9396926207859084,0.7071067811865476,-0.7071067811865475,1.3,4.0
2026-07-12 10:20:00,350.0,4.0,1.3,1014.5,26.6,26.9,1.3,1.5,1.5,4.0,4.0,3.0,1014.3,1014.2,1014.1,1.3,0.0,1.4,0.11547005383792508,4.0,0.0,3.5,0.8366600265340766,0.39999999999997726,0.2999999999999545,-0.1736481776669304,0.984807753012208,0.49999999999999994,-0.8660254037844387,1.3,3.0
2026-07-12 11:20:00,340.0,2.0,1.5,1015.1,26.6,26.9,1.5,1.3,1.3,2.0,3.0,4.0,1015.0,1015.0,1014.5,1.5,0.0,1.4333333333333333,0.11547005383792516,2.3333333333333335,0.5773502691896257,2.6666666666666665,0.5163977794943228,0.6000000000000227,0.10000000000002274,-0.3420201433256686,0.9396926207859084,0.258819045102521,-0.9659258262890682,1.5,3.0
2026-07-12 12:20:00,310.0,3.0,1.4,1016.1,26.4,27.0,1.4,1.5,1.5,4.0,3.0,2.0,1016.1,1015.7,1015.1,1.4,0.0,1.4333333333333333,0.057735026918962484,3.6666666666666665,0.5773502691896257,3.0,0.8944271909999161,1.0,0.39999999999997726,-0.7660444431189781,0.6427876096865393,1.2246467991473532e-16,-1.0,1.3,4.0
2026-07-12 13:20:00,230.0,6.0,1.3,1016.6,24.7,26.9,1.3,1.3,1.4,7.0,4.0,3.0,1016.7,1016.6,1016.1,1.3,0.0,1.3,0.0,5.666666666666667,1.5275252316519465,4.5,1.643167672515499,0.5,0.0,-0.7660444431189779,-0.6427876096865395,-0.2588190451025208,-0.9659258262890683,1.4,5.0
2026-07-12 14:20:00,240.0,5.0,1.4,1016.6,25.3,26.9,1.4,1.4,1.3,4.0,5.0,6.0,1016.7,1016.6,1016.6,1.4,0.0,1.4,0.0,4.333333333333333,0.5773502691896258,4.5,0.547722557505166,0.0,0.0,-0.8660254037844385,-0.5000000000000004,-0.4999999999999997,-0.8660254037844388,1.6,5.0
2026-07-12 15:20:00,270.0,5.0,1.5,1017.0,26.4,27.0,1.5,1.6,1.4,5.0,5.0,5.0,1016.9,1016.8,1016.6,1.5,0.0,1.5333333333333332,0.05773502691896273,5.0,0.0,5.0,0.0,0.39999999999997726,0.20000000000004547,-1.0,-1.8369701987210297e-16,-0.7071067811865471,-0.7071067811865479,1.4,5.0
2026-07-12 15:50:00,280.0,5.0,1.4,1017.1,26.5,27.0,1.4,1.5,1.6,4.0,5.0,5.0,1017.0,1017.0,1016.8,1.4,0.0,1.4500000000000002,0.057735026918962686,4.333333333333333,0.5773502691896258,4.666666666666667,0.5163977794943221,0.3000000000000682,0.10000000000002274,-0.9848077530122081,0.17364817766692997,-0.7071067811865471,-0.7071067811865479,1.5,6.0
2026-07-12 16:20:00,300.0,6.0,1.5,1017.2,26.6,27.0,1.5,1.4,1.5,5.0,5.0,5.0,1017.1,1017.1,1017.0,1.5,0.0,1.4500000000000002,0.057735026918962686,5.0,1.0,4.666666666666667,0.8164965809277258,0.20000000000004547,0.10000000000002274,-0.8660254037844386,0.5000000000000001,-0.8660254037844385,-0.5000000000000004,1.6,5.0
2026-07-12 17:20:00,70.0,2.0,1.3,1017.1,24.5,27.0,1.3,1.6,1.5,2.0,5.0,6.0,1017.2,1017.3,1017.2,1.3,0.0,1.4000000000000001,0.17320508075688784,2.6666666666666665,1.1547005383792517,4.666666666666667,2.503331114069145,-0.10000000000002274,-0.1999999999999318,0.9396926207859083,0.3420201433256688,-0.9659258262890683,-0.25881904510252063,1.4,4.0
2026-07-12 18:20:00,40.0,6.0,1.3,1017.6,25.1,27.0,1.3,1.4,1.3,6.0,4.0,2.0,1017.5,1017.4,1017.1,1.3,0.0,1.3333333333333333,0.05773502691896253,5.666666666666667,0.5773502691896256,4.5,1.3784048752090226,0.5,0.20000000000004547,0.6427876096865393,0.766044443118978,-1.0,-1.8369701987210297e-16,1.3,9.0
2026-07-12 18:50:00,60.0,9.0,1.3,1017.6,23.9,,1.3,1.3,1.4,10.0,6.0,4.0,1017.6,1017.6,1017.4,1.3,0.0,1.3,0.0,8.666666666666666,1.5275252316519465,7.166666666666667,1.9407902170679483,0.20000000000004547,0.0,0.8660254037844386,0.5000000000000001,-1.0,-1.8369701987210297e-16,1.3,7.0
2026-07-12 19:20:00,70.0,7.0,1.3,1017.4,23.8,27.0,1.3,1.3,1.3,7.0,9.0,6.0,1017.6,1017.6,1017.6,1.3,0.0,1.3,0.0,7.0,0.0,7.833333333333333,1.32916013582512,-0.20000000000004547,-0.20000000000004547,0.9396926207859083,0.3420201433256688,-0.9659258262890684,0.2588190451025203,1.3,5.0
2026-07-12 20:20:00,80.0,6.0,1.2,1017.4,24.8,27.0,1.2,1.3,1.3,4.0,5.0,7.0,1017.5,1017.6,1017.4,1.2,0.0,1.2333333333333334,0.057735026918962595,5.0,1.0,5.333333333333333,1.0327955589886433,0.0,-0.20000000000004547,0.984807753012208,0.17364817766693041,-0.8660254037844386,0.5000000000000001,1.2,7.0
2026-07-12 21:20:00,60.0,7.0,1.2,1017.4,25.7,27.0,1.2,1.2,1.2,6.0,7.0,6.0,1017.4,1017.4,1017.4,1.2,0.0,1.2,0.0,6.333333333333333,0.5773502691896258,6.666666666666667,0.5163977794943123,0.0,0.0,0.8660254037844386,0.5000000000000001,-0.7071067811865477,0.7071067811865474,1.2,7.0
2026-07-12 22:20:00,70.0,7.0,1.3,1017.3,26.2,27.0,1.3,1.2,1.2,7.0,7.0,7.0,1017.3,1017.3,1017.4,1.3,0.0,1.2666666666666666,0.057735026918962595,7.0,0.0,7.0,0.0,-0.10000000000002274,0.0,0.9396926207859083,0.3420201433256688,-0.5000000000000004,0.8660254037844384,1.3,7.0
2026-07-12 23:20:00,70.0,8.0,1.3,1017.4,26.4,27.0,1.3,1.3,1.3,8.0,7.0,7.0,1017.3,1017.3,1017.3,1.3,0.0,1.3,0.0,8.0,0.0,7.5,0.5477225575051659,0.10000000000002274,0.10000000000002274,0.9396926207859083,0.3420201433256688,-0.25881904510252157,0.9659258262890681,1.3,8.0
2026-07-13 00:20:00,80.0,8.0,1.4,1017.7,26.4,26.9,1.4,1.3,1.3,8.0,8.0,8.0,1017.5,1017.5,1017.4,1.4,0.0,1.3666666666666665,0.05773502691896261,8.0,0.0,8.0,0.0,0.3000000000000682,0.20000000000004547,0.984807753012208,0.17364817766693041,0.0,1.0,1.4,8.0
2026-07-13 00:50:00,80.0,8.0,1.4,1018.0,26.4,26.9,1.4,1.4,1.3,8.0,8.0,8.0,1017.9,1017.7,1017.5,1.4,0.0,1.4,0.0,8.0,0.0,8.0,0.0,0.5,0.2999999999999545,0.984807753012208,0.17364817766693041,0.0,1.0,1.4,8.0
2026-07-13 01:20:00,80.0,8.0,1.4,1018.5,26.4,26.9,1.4,1.4,1.4,8.0,8.0,8.0,1018.3,1018.0,1017.7,1.4,0.0,1.4,0.0,8.0,0.0,8.0,0.0,0.7999999999999545,0.5,0.984807753012208,0.17364817766693041,0.25881904510252074,0.9659258262890683,1.4,7.0
2026-07-13 01:50:00,80.0,7.0,1.4,1019.1,26.4,26.9,1.4,1.4,1.4,7.0,8.0,8.0,1018.9,1018.5,1018.0,1.4,0.0,1.4,0.0,7.333333333333333,0.5773502691896258,7.666666666666667,0.5163977794943221,1.1000000000000227,0.6000000000000227,0.984807753012208,0.17364817766693041,0.25881904510252074,0.9659258262890683,1.3,7.0
2026-07-13 02:20:00,80.0,7.0,1.3,1019.4,26.4,26.9,1.3,1.4,1.4,7.0,7.0,8.0,1019.3,1019.1,1018.5,1.3,0.0,1.35,0.05773502691896256,7.0,0.0,7.166666666666667,0.4082482904638632,0.8999999999999773,0.2999999999999545,0.984807753012208,0.17364817766693041,0.49999999999999994,0.8660254037844387,1.4,8.0
2026-07-13 02:50:00,90.0,8.0,1.4,1019.4,26.3,26.9,1.4,1.3,1.4,8.0,7.0,7.0,1019.2,1019.4,1019.1,1.4,0.0,1.35,0.05773502691896256,7.666666666666667,0.5773502691896258,7.333333333333333,0.5163977794943221,0.2999999999999545,0.0,1.0,6.123233995736766e-17,0.49999999999999994,0.8660254037844387,1.5,8.0
2026-07-13 03:20:00,90.0,8.0,1.5,1019.4,26.3,26.9,1.5,1.4,1.3,8.0,8.0,7.0,1019.3,1019.4,1019.4,1.5,0.0,1.45,0.05773502691896279,8.0,0.0,7.833333333333333,0.4082482904638632,0.0,0.0,1.0,6.123233995736766e-17,0.7071067811865476,0.7071067811865476,1.5,8.0
2026-07-13 04:20:00,90.0,7.0,1.5,1019.4,26.2,26.9,1.5,1.5,1.5,7.0,8.0,8.0,1019.4,1019.5,1019.4,1.5,0.0,1.5,0.0,7.333333333333333,0.5773502691896258,7.333333333333333,0.5163977794943221,0.0,-0.10000000000002274,1.0,6.123233995736766e-17,0.8660254037844386,0.5000000000000001,1.4,7.0
2026-07-13 05:20:00,90.0,7.0,1.5,1019.1,26.2,26.8,1.5,1.4,1.5,7.0,7.0,7.0,1019.3,1019.4,1019.4,1.5,0.0,1.4666666666666666,0.057735026918962595,7.333333333333333,0.5773502691896258,7.166666666666667,0.40824829046386296,-0.2999999999999545,-0.2999999999999545,1.0,6.123233995736766e-17,0.9659258262890683,0.25881904510252074,1.7,8.0
2026-07-13 06:20:00,90.0,8.0,1.5,1018.6,26.0,26.9,1.5,1.7,1.5,8.0,8.0,7.0,1018.7,1018.8,1019.1,1.5,0.0,1.5666666666666667,0.11547005383792512,7.666666666666667,0.5773502691896258,7.666666666666667,0.5163977794943221,-0.5,-0.1999999999999318,1.0,6.123233995736766e-17,1.0,6.123233995736766e-17,1.7,7.0
2026-07-13 06:50:00,80.0,7.0,1.7,1018.5,26.0,26.9,1.7,1.5,1.7,7.0,8.0,8.0,1018.5,1018.6,1018.8,1.7,0.0,1.6,0.11547005383792511,7.0,0.0,7.333333333333333,0.5163977794943221,-0.2999999999999545,-0.10000000000002274,0.984807753012208,0.17364817766693041,1.0,6.123233995736766e-17,1.9,6.0
2026-07-13 07:20:00,90.0,6.0,1.9,1018.6,26.0,26.8,1.9,1.7,1.5,6.0,7.0,8.0,1018.5,1018.5,1018.6,1.9,0.0,1.7999999999999998,0.1154700538379247,6.0,0.0,6.5,0.5477225575051659,0.0,0.10000000000002274,1.0,6.123233995736766e-17,0.9659258262890683,-0.25881904510252063,1.8,8.0
2026-07-13 07:50:00,80.0,8.0,1.8,1018.5,25.6,26.8,1.8,1.9,1.7,8.0,6.0,7.0,1018.5,1018.6,1018.5,1.8,0.0,1.8499999999999999,0.05773502691896142,7.333333333333333,1.1547005383792515,6.666666666666667,1.0327955589886442,0.0,-0.10000000000002274,0.984807753012208,0.17364817766693041,0.9659258262890683,-0.25881904510252063,1.8,8.0
2026-07-13 08:20:00,80.0,8.0,1.8,1018.8,25.5,26.8,1.8,1.8,1.9,9.0,8.0,6.0,1018.5,1018.5,1018.6,1.8,0.0,1.8,0.0,8.666666666666666,0.5773502691896255,8.0,1.09544511501033,0.1999999999999318,0.2999999999999545,0.984807753012208,0.17364817766693041,0.8660254037844387,-0.4999999999999998,1.8,8.0
2026-07-13 08:50:00,90.0,8.0,1.8,1018.6,25.8,26.8,1.8,1.8,1.8,9.0,8.0,8.0,1018.7,1018.8,1018.5,1.8,0.0,1.8,0.0,8.666666666666666,0.5773502691896255,8.666666666666666,0.5163977794943148,0.10000000000002274,-0.1999999999999318,1.0,6.123233995736766e-17,0.8660254037844387,-0.4999999999999998,1.8,8.0
2026-07-13 09:20:00,90.0,8.0,1.8,1018.8,25.9,26.8,1.8,1.8,1.8,8.0,8.0,8.0,1018.7,1018.6,1018.8,1.8,0.0,1.8,0.0,8.0,0.0,8.333333333333334,0.5163977794943161,0.0,0.1999999999999318,1.0,6.123233995736766e-17,0.7071067811865476,-0.7071067811865475,1.9,9.0
2026-07-13 10:20:00,90.0,9.0,1.8,1019.4,25.8,26.8,1.8,1.9,1.8,9.0,9.0,8.0,1019.2,1018.9,1018.8,1.8,0.0,1.8333333333333333,0.05773502691896253,9.0,0.0,8.833333333333334,0.40824829046386646,0.6000000000000227,0.5,1.0,6.123233995736766e-17,0.49999999999999994,-0.8660254037844387,1.7,9.0
2026-07-13 11:20:00,90.0,9.0,1.8,1020.0,25.8,26.8,1.8,1.7,1.8,9.0,9.0,9.0,1019.9,1019.8,1019.4,1.8,0.0,1.7666666666666666,0.057735026918962595,9.0,0.0,9.0,0.0,0.6000000000000227,0.20000000000004547,1.0,6.123233995736766e-17,0.258819045102521,-0.9659258262890682,1.9,8.0
2026-07-13 11:50:00,90.0,8.0,1.9,1020.2,25.9,26.8,1.9,1.8,1.7,9.0,9.0,9.0,1020.1,1020.0,1019.8,1.9,0.0,1.8499999999999999,0.057735026918962824,8.666666666666666,0.5773502691896255,8.833333333333334,0.4082482904638632,0.40000000000009095,0.20000000000004547,1.0,6.123233995736766e-17,0.258819045102521,-0.9659258262890682,1.9,9.0
2026-07-13 12:20:00,80.0,9.0,1.9,1020.3,25.9,26.8,1.9,1.9,1.8,9.0,8.0,9.0,1020.4,1020.2,1020.0,1.9,0.0,1.9,0.0,8.666666666666666,0.5773502691896255,8.666666666666666,0.5163977794943228,0.2999999999999545,0.09999999999990905,0.984807753012208,0.17364817766693041,1.2246467991473532e-16,-1.0,1.9,8.0
2026-07-13 13:20:00,80.0,8.0,1.8,1020.8,26.0,26.8,1.8,1.9,1.9,8.0,8.0,9.0,1020.6,1020.5,1020.3,1.8,0.0,1.8333333333333333,0.05773502691896261,8.0,0.0,8.166666666666666,0.40824829046386646,0.5,0.2999999999999545,0.984807753012208,0.17364817766693041,-0.2588190451025208,-0.9659258262890683,1.9,8.0
2026-07-13 14:20:00,80.0,8.0,1.9,1020.8,25.8,26.7,1.9,1.9,1.8,8.0,8.0,8.0,1020.8,1020.8,1020.8,1.9,0.0,1.9,0.0,8.333333333333334,0.5773502691896255,8.333333333333334,0.5163977794943228,0.0,0.0,0.984807753012208,0.17364817766693041,-0.4999999999999997,-0.8660254037844388,1.7,8.0
2026-07-13 15:20:00,80.0,8.0,1.8,1021.0,25.7,26.7,1.8,1.7,1.9,9.0,8.0,8.0,1020.8,1020.9,1020.8,1.8,0.0,1.7666666666666666,0.05773502691896245,8.333333333333334,0.5773502691896255,8.333333333333334,0.5163977794943228,0.20000000000004547,0.10000000000002274,0.984807753012208,0.17364817766693041,-0.7071067811865471,-0.7071067811865479,1.8,9.0
2026-07-13 15:50:00,90.0,9.0,1.8,1020.7,25.8,26.7,1.8,1.8,1.7,9.0,8.0,8.0,1020.8,1021.0,1020.9,1.8,0.0,1.8,0.0,8.666666666666666,0.5773502691896255,8.5,0.5477225575051671,-0.1999999999999318,-0.2999999999999545,1.0,6.123233995736766e-17,-0.7071067811865471,-0.7071067811865479,1.9,8.0
2026-07-13 16:20:00,90.0,8.0,1.9,1020.7,25.8,26.7,1.9,1.8,1.8,8.0,9.0,8.0,1020.7,1020.7,1021.0,1.9,0.0,1.85,0.05773502691896256,8.333333333333334,0.5773502691896255,8.5,0.5477225575051671,-0.2999999999999545,0.0,1.0,6.123233995736766e-17,-0.8660254037844385,-0.5000000000000004,1.6,8.0
2026-07-13 16:50:00,90.0,8.0,1.6,1020.6,25.8,26.7,1.6,1.9,1.8,8.0,8.0,9.0,1020.7,1020.7,1020.7,1.6,0.0,1.75,0.17320508075688756,8.0,0.0,8.166666666666666,0.4082482904638632,-0.10000000000002274,-0.10000000000002274,1.0,6.123233995736766e-17,-0.8660254037844385,-0.5000000000000004,1.6,8.0
2026-07-13 17:20:00,90.0,8.0,1.6,1020.8,25.8,26.7,1.6,1.6,1.9,8.0,8.0,8.0,1020.7,1020.6,1020.7,1.6,0.0,1.6,0.0,8.0,0.0,8.0,0.0,0.09999999999990905,0.1999999999999318,1.0,6.123233995736766e-17,-0.9659258262890683,-0.25881904510252063,1.6,8.0
2026-07-13 18:20:00,90.0,8.0,1.7,1020.6,25.9,26.6,1.7,1.6,1.6,8.0,8.0,8.0,1020.6,1020.7,1020.8,1.7,0.0,1.6666666666666667,0.05773502691896261,8.0,0.0,8.0,0.0,-0.1999999999999318,-0.10000000000002274,1.0,6.123233995736766e-17,-1.0,-1.8369701987210297e-16,1.6,7.0
2026-07-13 20:20:00,100.0,7.0,1.7,1020.0,25.9,26.6,1.7,1.5,1.6,7.0,7.0,8.0,1020.0,1020.2,1020.4,1.7,0.0,1.6333333333333335,0.1154700538379251,7.333333333333333,0.5773502691896258,7.5,0.5477225575051659,-0.39999999999997726,-0.20000000000004547,0.984807753012208,-0.1736481776669303,-0.8660254037844386,0.5000000000000001,1.5,7.0
2026-07-13 20:50:00,90.0,7.0,1.5,1019.5,25.9,26.6,1.5,1.7,1.5,8.0,7.0,7.0,1019.6,1020.0,1020.2,1.5,0.0,1.6,0.11547005383792512,7.333333333333333,0.5773502691896258,7.333333333333333,0.5163977794943221,-0.7000000000000455,-0.5,1.0,6.123233995736766e-17,-0.8660254037844386,0.5000000000000001,1.6,8.0
2026-07-13 21:20:00,100.0,8.0,1.6,1019.0,25.8,26.5,1.6,1.5,1.7,8.0,7.0,7.0,1019.2,1019.5,1020.0,1.6,0.0,1.5499999999999998,0.057735026918962803,7.666666666666667,0.5773502691896258,7.5,0.5477225575051659,-1.0,-0.5,0.984807753012208,-0.1736481776669303,-0.7071067811865477,0.7071067811865474,1.6,8.0
2026-07-13 21:50:00,100.0,8.0,1.6,1019.0,25.8,26.5,1.6,1.6,1.5,8.0,8.0,7.0,1019.0,1019.0,1019.5,1.6,0.0,1.6,0.0,8.0,0.0,7.833333333333333,0.4082482904638632,-0.5,0.0,0.984807753012208,-0.1736481776669303,-0.7071067811865477,0.7071067811865474,1.4,8.0
2026-07-13 22:20:00,90.0,8.0,1.4,1019.2,25.9,26.5,1.4,1.6,1.6,8.0,8.0,8.0,1019.2,1019.0,1019.0,1.4,0.0,1.5,0.11547005383792527,8.0,0.0,8.0,0.0,0.20000000000004547,0.20000000000004547,1.0,6.123233995736766e-17,-0.5000000000000004,0.8660254037844384,1.5,7.0
2026-07-13 23:40:00,90.0,7.0,1.5,1019.3,25.9,26.5,1.5,1.5,1.4,7.0,7.0,8.0,1019.4,1019.1,1019.2,1.5,0.0,1.5,0.0,7.333333333333333,0.5773502691896258,7.5,0.5477225575051659,0.09999999999990905,0.1999999999999318,1.0,6.123233995736766e-17,-0.25881904510252157,0.9659258262890681,1.4,7.0
2026-07-14 01:20:00,90.0,7.0,1.5,1019.9,25.9,26.5,1.5,1.4,1.4,7.0,7.0,7.0,1019.7,1019.3,1019.1,1.5,0.0,1.4666666666666668,0.057735026918962484,7.0,0.0,7.0,0.0,0.7999999999999545,0.6000000000000227,1.0,6.123233995736766e-17,0.25881904510252074,0.9659258262890683,1.5,6.0
2026-07-14 02:20:00,80.0,7.0,1.4,1020.8,25.9,26.5,1.4,1.5,1.5,7.0,6.0,7.0,1020.8,1020.6,1019.9,1.4,0.0,1.4333333333333333,0.057735026918962484,6.666666666666667,0.5773502691896258,6.333333333333333,0.5163977794943221,0.8999999999999773,0.1999999999999318,0.984807753012208,0.17364817766693041,0.49999999999999994,0.8660254037844387,1.4,7.0
2026-07-14 03:20:00,90.0,7.0,1.4,1020.5,25.9,26.5,1.4,1.4,1.4,7.0,7.0,7.0,1020.6,1020.6,1020.8,1.4,0.0,1.4,0.0,6.666666666666667,0.5773502691896258,6.833333333333333,0.40824829046386296,-0.2999999999999545,-0.10000000000002274,1.0,6.123233995736766e-17,0.7071067811865476,0.7071067811865476,1.4,7.0
2026-07-14 04:20:00,80.0,7.0,1.4,1020.4,25.8,26.5,1.4,1.4,1.4,7.0,7.0,7.0,1020.3,1020.4,1020.5,1.4,0.0,1.4,0.0,7.0,0.0,7.0,0.0,-0.10000000000002274,0.0,0.984807753012208,0.17364817766693041,0.8660254037844386,0.5000000000000001,1.4,6.0
2026-07-14 04:50:00,80.0,6.0,1.4,1020.1,25.8,26.5,1.4,1.4,1.4,7.0,7.0,7.0,1020.1,1020.4,1020.4,1.4,0.0,1.4,0.0,6.666666666666667,0.5773502691896258,6.833333333333333,0.40824829046386296,-0.2999999999999545,-0.2999999999999545,0.984807753012208,0.17364817766693041,0.8660254037844386,0.5000000000000001,1.3,6.0
2026-07-14 07:20:00,70.0,6.0,1.2,1019.2,25.6,26.5,1.2,1.3,1.3,6.0,6.0,6.0,1019.4,1019.6,1019.8,1.2,0.0,1.2333333333333334,0.057735026918962595,6.0,0.0,6.0,0.0,-0.599999999999909,-0.39999999999997726,0.9396926207859083,0.3420201433256688,0.9659258262890683,-0.25881904510252063,1.2,7.0
2026-07-14 07:50:00,70.0,7.0,1.2,1019.1,25.4,26.5,1.2,1.2,1.3,6.0,6.0,6.0,1019.1,1019.2,1019.6,1.2,0.0,1.2,0.0,6.666666666666667,0.5773502691896258,6.333333333333333,0.5163977794943221,-0.5,-0.10000000000002274,0.9396926207859083,0.3420201433256688,0.9659258262890683,-0.25881904510252063,1.2,7.0
2026-07-14 09:20:00,70.0,6.0,1.1,1018.8,25.4,26.4,1.1,1.2,1.2,7.0,6.0,7.0,1018.8,1019.1,1019.1,1.1,0.0,1.1333333333333333,0.05773502691896261,6.666666666666667,0.5773502691896258,6.666666666666667,0.5163977794943221,-0.3000000000000682,-0.3000000000000682,0.9396926207859083,0.3420201433256688,0.7071067811865476,-0.7071067811865475,1.1,5.0
2026-07-14 10:20:00,100.0,6.0,1.1,1018.8,25.7,26.4,1.1,1.1,1.1,5.0,5.0,6.0,1019.0,1018.9,1018.8,1.1,0.0,1.1,0.0,5.333333333333333,0.5773502691896258,5.5,0.5477225575051659,0.0,-0.10000000000002274,0.984807753012208,-0.1736481776669303,0.49999999999999994,-0.8660254037844387,1.1,6.0
2026-07-14 10:50:00,120.0,6.0,1.1,1019.1,25.9,26.4,1.1,1.1,1.1,6.0,6.0,5.0,1019.0,1018.8,1018.9,1.1,0.0,1.1,0.0,6.0,0.0,5.666666666666667,0.5163977794943221,0.20000000000004547,0.3000000000000682,0.8660254037844387,-0.4999999999999998,0.49999999999999994,-0.8660254037844387,1.2,6.0
2026-07-14 11:20:00,120.0,6.0,1.2,1019.3,25.9,26.4,1.2,1.1,1.1,6.0,6.0,6.0,1019.0,1019.1,1018.8,1.2,0.0,1.15,0.05773502691896256,6.0,0.0,6.0,0.0,0.5,0.1999999999999318,0.8660254037844387,-0.4999999999999998,0.258819045102521,-0.9659258262890682,1.1,6.0
2026-07-14 11:50:00,120.0,6.0,1.1,1019.6,26.0,26.4,1.1,1.2,1.1,6.0,6.0,6.0,1019.4,1019.3,1019.1,1.1,0.0,1.15,0.05773502691896256,6.0,0.0,6.0,0.0,0.5,0.3000000000000682,0.8660254037844387,-0.4999999999999998,0.258819045102521,-0.9659258262890682,1.1,6.0
2026-07-14 12:20:00,120.0,6.0,1.1,1019.5,26.0,26.4,1.1,1.1,1.2,6.0,6.0,6.0,1019.5,1019.6,1019.3,1.1,0.0,1.1,0.0,5.666666666666667,0.5773502691896258,5.833333333333333,0.40824829046386296,0.20000000000004547,-0.10000000000002274,0.8660254037844387,-0.4999999999999998,1.2246467991473532e-16,-1.0,1.1,5.0
2026-07-14 13:20:00,100.0,5.0,1.0,1020.0,26.1,26.4,1.0,1.1,1.1,5.0,5.0,6.0,1020.1,1019.9,1019.5,1.0,0.0,1.0333333333333334,0.057735026918962484,5.0,0.0,5.0,0.0,0.5,0.10000000000002274,0.984807753012208,-0.1736481776669303,-0.2588190451025208,-0.9659258262890683,1.0,5.0
2026-07-14 14:20:00,100.0,5.0,1.0,1019.7,26.1,26.4,1.0,1.0,1.0,5.0,5.0,5.0,1019.6,1019.7,1020.0,1.0,0.0,1.0,0.0,5.0,0.0,5.0,0.0,-0.2999999999999545,0.0,0.984807753012208,-0.1736481776669303,-0.4999999999999997,-0.8660254037844388,1.0,5.0
2026-07-14 15:20:00,90.0,5.0,1.1,1020.8,26.2,26.5,1.1,1.0,1.0,5.0,5.0,5.0,1020.5,1020.2,1019.7,1.1,0.0,1.0666666666666667,0.057735026918962484,5.0,0.0,5.0,0.0,1.099999999999909,0.599999999999909,1.0,6.123233995736766e-17,-0.7071067811865471,-0.7071067811865479,1.0,5.0
2026-07-14 16:20:00,90.0,5.0,1.1,1020.7,26.3,26.6,1.1,1.0,1.1,5.0,5.0,5.0,1020.7,1020.5,1020.8,1.1,0.0,1.0666666666666667,0.057735026918962595,5.0,0.0,5.0,0.0,-0.09999999999990905,0.20000000000004547,1.0,6.123233995736766e-17,-0.8660254037844385,-0.5000000000000004,1.0,5.0
2026-07-14 17:20:00,90.0,5.0,1.0,1020.3,26.2,26.6,1.0,1.0,1.1,5.0,5.0,5.0,1020.5,1020.6,1020.7,1.0,0.0,1.0,0.0,5.0,0.0,5.0,0.0,-0.40000000000009095,-0.3000000000000682,1.0,6.123233995736766e-17,-0.9659258262890683,-0.25881904510252063,1.0,5.0
2026-07-14 17:50:00,90.0,5.0,1.0,1020.2,26.2,26.7,1.0,1.0,1.0,5.0,5.0,5.0,1020.4,1020.3,1020.6,1.0,0.0,1.0,0.0,5.0,0.0,5.0,0.0,-0.39999999999997726,-0.09999999999990905,1.0,6.123233995736766e-17,-0.9659258262890683,-0.25881904510252063,1.1,5.0
2026-07-14 18:20:00,100.0,5.0,1.1,1019.9,26.2,26.7,1.1,1.0,1.0,5.0,5.0,5.0,1019.9,1020.2,1020.3,1.1,0.0,1.05,0.05773502691896274,5.0,0.0,5.0,0.0,-0.39999999999997726,-0.3000000000000682,0.984807753012208,-0.1736481776669303,-1.0,-1.8369701987210297e-16,1.0,5.0
2026-07-14 18:50:00,100.0,5.0,1.0,1019.7,26.2,26.7,1.0,1.1,1.0,5.0,5.0,5.0,1019.7,1019.9,1020.2,1.0,0.0,1.05,0.05773502691896274,5.0,0.0,5.0,0.0,-0.5,-0.1999999999999318,0.984807753012208,-0.1736481776669303,-1.0,-1.8369701987210297e-16,1.0,5.0
2026-07-14 20:20:00,120.0,5.0,1.1,1018.7,26.3,26.8,1.1,1.0,1.0,5.0,5.0,5.0,1018.8,1019.1,1019.3,1.1,0.0,1.0666666666666667,0.057735026918962484,5.0,0.0,5.0,0.0,-0.599999999999909,-0.39999999999997726,0.8660254037844387,-0.4999999999999998,-0.8660254037844386,0.5000000000000001,1.0,6.0
2026-07-14 21:50:00,110.0,5.0,1.0,1018.6,26.3,26.7,1.0,1.0,1.0,5.0,5.0,6.0,1018.5,1018.5,1018.6,1.0,0.0,1.0,0.0,5.0,0.0,5.0,0.0,0.0,0.10000000000002274,0.9396926207859084,-0.3420201433256687,-0.7071067811865477,0.7071067811865474,1.0,4.0
2026-07-14 22:20:00,110.0,4.0,1.0,1018.7,26.4,26.7,1.0,1.0,1.0,4.0,5.0,5.0,1018.6,1018.6,1018.5,1.0,0.0,1.0,0.0,4.333333333333333,0.5773502691896258,4.666666666666667,0.5163977794943221,0.20000000000004547,0.10000000000002274,0.9396926207859084,-0.3420201433256687,-0.5000000000000004,0.8660254037844384,1.1,4.0
2026-07-15 01:20:00,130.0,4.0,1.0,1018.7,26.0,26.6,1.0,1.0,1.1,4.0,5.0,4.0,1018.6,1018.5,1018.6,1.0,0.0,1.0,0.0,4.0,0.0,4.166666666666667,0.40824829046386296,0.10000000000002274,0.20000000000004547,0.766044443118978,-0.6427876096865394,0.25881904510252074,0.9659258262890683,1.0,4.0
2026-07-15 02:20:00,130.0,4.0,1.0,1019.0,25.9,26.6,1.0,1.0,1.0,4.0,4.0,4.0,1019.0,1019.0,1018.7,1.0,0.0,1.0,0.0,4.0,0.0,4.0,0.0,0.2999999999999545,0.0,0.766044443118978,-0.6427876096865394,0.49999999999999994,0.8660254037844387,0.9,4.0
2026-07-15 03:20:00,140.0,3.0,1.0,1018.7,25.8,26.6,1.0,0.9,1.0,3.0,4.0,4.0,1018.7,1018.9,1019.0,1.0,0.0,0.9666666666666667,0.05773502691896256,3.0,0.0,3.5,0.5477225575051664,-0.2999999999999545,-0.1999999999999318,0.6427876096865395,-0.7660444431189779,0.7071067811865476,0.7071067811865476,0.9,4.0
2026-07-15 04:20:00,150.0,3.0,0.9,1018.7,25.8,26.5,0.9,0.9,1.0,4.0,4.0,3.0,1018.7,1018.6,1018.7,0.9,0.0,0.9,0.0,3.6666666666666665,0.5773502691896257,3.8333333333333335,0.408248290463863,0.0,0.10000000000002274,0.49999999999999994,-0.8660254037844387,0.8660254037844386,0.5000000000000001,0.9,3.0
2026-07-15 05:20:00,150.0,4.0,0.9,1018.2,25.6,26.5,0.9,0.9,0.9,3.0,3.0,3.0,1018.4,1018.4,1018.7,0.9,0.0,0.9,0.0,3.3333333333333335,0.5773502691896257,3.5,0.5477225575051664,-0.5,-0.1999999999999318,0.49999999999999994,-0.8660254037844387,0.9659258262890683,0.25881904510252074,0.9,3.0
2026-07-15 06:20:00,140.0,2.0,0.9,1018.1,25.4,26.5,0.9,0.9,0.9,2.0,3.0,4.0,1018.2,1018.2,1018.2,0.9,0.0,0.9,0.0,2.3333333333333335,0.5773502691896257,2.6666666666666665,0.5163977794943226,-0.10000000000002274,-0.10000000000002274,0.6427876096865395,-0.7660444431189779,1.0,6.123233995736766e-17,0.9,2.0
2026-07-15 07:20:00,160.0,2.0,0.9,1018.0,25.4,26.5,0.9,0.9,0.9,2.0,2.0,2.0,1018.1,1018.1,1018.1,0.9,0.0,0.9,0.0,2.0,0.0,2.1666666666666665,0.408248290463863,-0.10000000000002274,-0.10000000000002274,0.3420201433256689,-0.9396926207859083,0.9659258262890683,-0.25881904510252063,0.9,2.0
2026-07-15 08:20:00,150.0,2.0,0.9,1018.0,25.4,26.5,0.9,0.9,0.9,2.0,2.0,2.0,1018.0,1017.9,1018.0,0.9,0.0,0.9,0.0,2.0,0.0,2.0,0.0,0.0,0.10000000000002274,0.49999999999999994,-0.8660254037844387,0.8660254037844387,-0.4999999999999998,0.9,2.0
2026-07-15 09:20:00,170.0,2.0,0.9,1018.2,25.3,26.5,0.9,0.9,0.9,2.0,2.0,2.0,1018.0,1018.1,1018.0,0.9,0.0,0.9,0.0,2.0,0.0,2.0,0.0,0.20000000000004547,0.10000000000002274,0.17364817766693028,-0.984807753012208,0.7071067811865476,-0.7071067811865475,0.8,2.0
2026-07-15 09:50:00,180.0,2.0,0.8,1018.1,25.3,26.5,0.8,0.9,0.9,2.0,2.0,2.0,1018.2,1018.2,1018.1,0.8,0.0,0.85,0.05773502691896256,2.0,0.0,2.0,0.0,0.0,-0.10000000000002274,1.2246467991473532e-16,-1.0,0.7071067811865476,-0.7071067811865475,0.8,2.0
2026-07-15 10:20:00,190.0,2.0,0.8,1018.3,25.2,26.4,0.8,0.8,0.9,2.0,2.0,2.0,1018.3,1018.1,1018.2,0.8,0.0,0.8,0.0,2.0,0.0,2.0,0.0,0.09999999999990905,0.1999999999999318,-0.17364817766693047,-0.984807753012208,0.49999999999999994,-0.8660254037844387,0.8,2.0
2026-07-15 11:20:00,190.0,2.0,0.8,1018.2,25.3,26.4,0.8,0.8,0.8,1.0,2.0,2.0,1018.2,1018.3,1018.3,0.8,0.0,0.8,0.0,1.6666666666666667,0.5773502691896258,1.6666666666666667,0.5163977794943222,-0.09999999999990905,-0.09999999999990905,-0.17364817766693047,-0.984807753012208,0.258819045102521,-0.9659258262890682,0.8,1.0
2026-07-15 12:20:00,150.0,1.0,0.8,1018.4,25.5,26.4,0.8,0.8,0.8,0.0,1.0,2.0,1018.5,1018.4,1018.2,0.8,0.0,0.8,0.0,0.6666666666666666,0.5773502691896258,0.8333333333333334,0.40824829046386274,0.1999999999999318,0.0,0.49999999999999994,-0.8660254037844387,1.2246467991473532e-16,-1.0,0.7,1.0
2026-07-15 13:20:00,,0.0,0.7,1018.5,25.6,26.5,0.7,0.7,0.8,0.0,1.0,1.0,1018.4,1018.5,1018.4,0.7,0.0,0.7,0.0,0.3333333333333333,0.5773502691896258,0.6666666666666666,0.5163977794943223,0.10000000000002274,0.0,,,-0.2588190451025208,-0.9659258262890683,0.7,0.0
2026-07-15 13:50:00,,0.0,0.7,1018.5,26.2,26.5,0.7,0.7,0.7,0.0,0.0,1.0,1018.4,1018.5,1018.5,0.7,0.0,0.7,0.0,0.0,0.0,0.16666666666666666,0.4082482904638632,0.0,0.0,,,-0.2588190451025208,-0.9659258262890683,0.8,1.0
2026-07-15 14:20:00,110.0,1.0,0.8,1018.3,25.9,26.5,0.8,0.7,0.7,1.0,0.0,0.0,1018.4,1018.5,1018.5,0.8,0.0,0.75,0.05773502691896264,0.6666666666666666,0.5773502691896258,0.3333333333333333,0.5163977794943223,-0.20000000000004547,-0.20000000000004547,0.9396926207859084,-0.3420201433256687,-0.4999999999999997,-0.8660254037844388,0.8,2.0
2026-07-15 15:20:00,140.0,1.0,0.8,1018.6,25.8,26.5,0.8,0.8,0.8,1.0,2.0,1.0,1018.4,1018.3,1018.3,0.8,0.0,0.8,0.0,1.3333333333333333,0.5773502691896258,1.3333333333333333,0.5163977794943223,0.3000000000000682,0.3000000000000682,0.6427876096865395,-0.7660444431189779,-0.7071067811865471,-0.7071067811865479,0.7,0.0
2026-07-15 15:50:00,,0.0,0.7,1018.6,26.2,26.5,0.7,0.8,0.8,0.0,1.0,2.0,1018.5,1018.6,1018.3,0.7,0.0,0.75,0.05773502691896264,0.3333333333333333,0.5773502691896258,0.8333333333333334,0.752772652709081,0.3000000000000682,0.0,,,-0.7071067811865471,-0.7071067811865479,0.8,1.0
2026-07-15 16:20:00,210.0,1.0,0.8,1018.2,26.2,26.6,0.8,0.7,0.8,1.0,0.0,1.0,1018.4,1018.6,1018.6,0.8,0.0,0.75,0.05773502691896264,0.6666666666666666,0.5773502691896258,0.5,0.5477225575051659,-0.39999999999997726,-0.39999999999997726,-0.5000000000000001,-0.8660254037844386,-0.8660254037844385,-0.5000000000000004,0.8,0.0
2026-07-15 17:20:00,210.0,1.0,0.8,1017.9,26.3,26.6,0.8,0.8,0.8,0.0,0.0,1.0,1017.9,1018.0,1018.2,0.8,0.0,0.8,0.0,0.6666666666666666,0.5773502691896258,0.5,0.5477225575051659,-0.3000000000000682,-0.10000000000002274,-0.5000000000000001,-0.8660254037844386,-0.9659258262890683,-0.25881904510252063,0.7,1.0
2026-07-15 19:20:00,200.0,2.0,0.7,1017.2,26.5,26.7,0.7,0.7,0.7,1.0,1.0,1.0,1017.2,1017.4,1017.5,0.7,0.0,0.7,0.0,1.3333333333333333,0.5773502691896258,1.1666666666666667,0.408248290463863,-0.2999999999999545,-0.1999999999999318,-0.34202014332566866,-0.9396926207859084,-0.9659258262890684,0.2588190451025203,0.7,3.0
2026-07-15 19:50:00,210.0,3.0,0.7,1017.2,26.4,26.7,0.7,0.7,0.7,2.0,2.0,1.0,1017.2,1017.2,1017.4,0.7,0.0,0.7,0.0,2.3333333333333335,0.5773502691896257,1.8333333333333333,0.7527726527090809,-0.1999999999999318,0.0,-0.5000000000000001,-0.8660254037844386,-0.9659258262890684,0.2588190451025203,0.7,3.0
2026-07-15 20:50:00,200.0,3.0,0.7,1016.6,26.6,27.2,0.7,0.7,0.7,3.0,3.0,3.0,1016.6,1016.7,1017.2,0.7,0.0,0.7,0.0,3.0,0.0,3.0,0.0,-0.6000000000000227,-0.10000000000002274,-0.34202014332566866,-0.9396926207859084,-0.8660254037844386,0.5000000000000001,0.7,4.0
2026-07-15 21:20:00,220.0,4.0,0.7,1016.4,26.5,27.5,0.7,0.7,0.7,4.0,3.0,3.0,1016.5,1016.6,1016.7,0.7,0.0,0.7,0.0,3.6666666666666665,0.5773502691896257,3.3333333333333335,0.5163977794943223,-0.3000000000000682,-0.20000000000004547,-0.6427876096865393,-0.766044443118978,-0.7071067811865477,0.7071067811865474,0.7,4.0
2026-07-15 22:20:00,220.0,4.0,0.7,1015.8,26.5,27.3,0.7,0.7,0.7,4.0,4.0,4.0,1015.9,1016.0,1016.4,0.7,0.0,0.7,0.0,4.0,0.0,4.0,0.0,-0.6000000000000227,-0.20000000000004547,-0.6427876096865393,-0.766044443118978,-0.5000000000000004,0.8660254037844384,0.8,4.0
2026-07-16 01:20:00,250.0,5.0,0.7,1016.2,26.3,26.9,0.7,0.7,0.7,5.0,5.0,4.0,1016.0,1015.8,1015.7,0.7,0.0,0.7,0.0,5.0,0.0,4.666666666666667,0.5163977794943211,0.5,0.40000000000009095,-0.9396926207859084,-0.34202014332566855,0.25881904510252074,0.9659258262890683,0.6,4.0
2026-07-16 02:20:00,240.0,4.0,0.6,1016.6,26.2,26.8,0.6,0.6,0.7,4.0,4.0,5.0,1016.7,1016.5,1016.2,0.6,0.0,0.6,0.0,4.0,0.0,4.0,0.0,0.39999999999997726,0.10000000000002274,-0.8660254037844385,-0.5000000000000004,0.49999999999999994,0.8660254037844387,0.6,5.0
2026-07-16 03:20:00,250.0,4.0,0.7,1016.1,26.1,26.8,0.7,0.6,0.6,5.0,5.0,4.0,1016.3,1016.4,1016.6,0.7,0.0,0.6666666666666666,0.05773502691896258,4.666666666666667,0.5773502691896258,4.666666666666667,0.5163977794943221,-0.5,-0.2999999999999545,-0.9396926207859084,-0.34202014332566855,0.7071067811865476,0.7071067811865476,0.7,5.0
2026-07-16 04:20:00,240.0,5.0,0.6,1015.9,26.0,26.8,0.6,0.7,0.7,5.0,5.0,4.0,1015.9,1015.9,1016.1,0.6,0.0,0.6333333333333333,0.05773502691896255,5.0,0.0,5.0,0.0,-0.20000000000004547,0.0,-0.8660254037844385,-0.5000000000000004,0.8660254037844386,0.5000000000000001,0.7,5.0
2026-07-16 06:20:00,260.0,4.0,0.7,1016.4,26.0,26.7,0.7,0.6,0.6,5.0,5.0,5.0,1016.3,1016.0,1016.0,0.7,0.0,0.6666666666666666,0.05773502691896258,4.666666666666667,0.5773502691896258,4.833333333333333,0.40824829046386296,0.39999999999997726,0.39999999999997726,-0.984807753012208,-0.17364817766693033,1.0,6.123233995736766e-17,0.6,4.0
2026-07-16 06:50:00,260.0,4.0,0.6,1016.5,25.9,26.7,0.6,0.7,0.6,4.0,4.0,5.0,1016.6,1016.4,1016.0,0.6,0.0,0.6499999999999999,0.05773502691896256,4.0,0.0,4.333333333333333,0.5163977794943221,0.5,0.10000000000002274,-0.984807753012208,-0.17364817766693033,1.0,6.123233995736766e-17,0.6,3.0
2026-07-16 07:20:00,260.0,3.0,0.6,1016.8,25.9,26.8,0.6,0.6,0.7,3.0,4.0,4.0,1016.6,1016.5,1016.4,0.6,0.0,0.6,0.0,3.0,0.0,3.5,0.5477225575051679,0.39999999999997726,0.2999999999999545,-0.984807753012208,-0.17364817766693033,0.9659258262890683,-0.25881904510252063,0.7,3.0
2026-07-16 07:50:00,270.0,3.0,0.7,1016.8,26.0,26.8,0.7,0.6,0.6,3.0,3.0,4.0,1016.8,1016.8,1016.5,0.7,0.0,0.6499999999999999,0.05773502691896256,3.0,0.0,3.0,0.0,0.2999999999999545,0.0,-1.0,-1.8369701987210297e-16,0.9659258262890683,-0.25881904510252063,0.7,3.0
2026-07-16 09:20:00,240.0,2.0,0.6,1016.7,25.9,26.7,0.6,0.6,0.7,2.0,2.0,3.0,1016.8,1016.8,1016.8,0.6,0.0,0.6,0.0,2.0,0.0,2.0,0.0,-0.09999999999990905,-0.09999999999990905,-0.8660254037844385,-0.5000000000000004,0.7071067811865476,-0.7071067811865475,0.6,3.0
2026-07-16 10:20:00,210.0,3.0,0.6,1016.5,25.9,26.7,0.6,0.6,0.6,3.0,3.0,2.0,1016.5,1016.7,1016.7,0.6,0.0,0.6,0.0,3.0,0.0,3.0,0.0,-0.20000000000004547,-0.20000000000004547,-0.5000000000000001,-0.8660254037844386,0.49999999999999994,-0.8660254037844387,0.6,4.0
2026-07-16 10:50:00,210.0,4.0,0.6,1016.4,25.9,26.7,0.6,0.6,0.6,4.0,3.0,3.0,1016.3,1016.5,1016.7,0.6,0.0,0.6,0.0,4.0,0.0,3.5,0.5477225575051664,-0.3000000000000682,-0.10000000000002274,-0.5000000000000001,-0.8660254037844386,0.49999999999999994,-0.8660254037844387,0.6,4.0
2026-07-16 11:20:00,210.0,4.0,0.6,1016.3,26.0,26.7,0.6,0.6,0.6,4.0,4.0,3.0,1016.4,1016.4,1016.5,0.6,0.0,0.6,0.0,4.0,0.0,4.0,0.0,-0.20000000000004547,-0.10000000000002274,-0.5000000000000001,-0.8660254037844386,0.258819045102521,-0.9659258262890682,0.7,5.0
2026-07-16 11:50:00,210.0,5.0,0.7,1016.5,26.0,26.6,0.7,0.6,0.6,4.0,4.0,4.0,1016.5,1016.3,1016.4,0.7,0.0,0.6499999999999999,0.05773502691896256,4.333333333333333,0.5773502691896258,4.166666666666667,0.40824829046386296,0.10000000000002274,0.20000000000004547,-0.5000000000000001,-0.8660254037844386,0.258819045102521,-0.9659258262890682,0.6,4.0
2026-07-16 12:20:00,210.0,4.0,0.6,1016.6,26.1,26.6,0.6,0.7,0.6,4.0,5.0,4.0,1016.6,1016.5,1016.3,0.6,0.0,0.6499999999999999,0.05773502691896256,4.0,0.0,4.166666666666667,0.40824829046386296,0.3000000000000682,0.10000000000002274,-0.5000000000000001,-0.8660254037844386,1.2246467991473532e-16,-1.0,0.7,3.0
2026-07-16 13:20:00,220.0,4.0,0.6,1016.9,26.1,26.7,0.6,0.7,0.6,4.0,3.0,4.0,1016.8,1016.8,1016.6,0.6,0.0,0.6333333333333333,0.05773502691896256,3.6666666666666665,0.5773502691896257,3.3333333333333335,0.5163977794943222,0.2999999999999545,0.10000000000002274,-0.6427876096865393,-0.766044443118978,-0.2588190451025208,-0.9659258262890683,0.7,4.0
2026-07-16 13:50:00,210.0,4.0,0.7,1016.7,26.2,26.8,0.7,0.6,0.7,4.0,4.0,3.0,1016.9,1016.9,1016.8,0.7,0.0,0.6499999999999999,0.05773502691896257,4.0,0.0,3.8333333333333335,0.40824829046386335,-0.09999999999990905,-0.1999999999999318,-0.5000000000000001,-0.8660254037844386,-0.2588190451025208,-0.9659258262890683,0.7,5.0
2026-07-16 14:20:00,210.0,5.0,0.7,1016.6,26.2,26.8,0.7,0.7,0.6,5.0,4.0,4.0,1016.6,1016.7,1016.9,0.7,0.0,0.7,0.0,5.0,0.0,4.5,0.5477225575051659,-0.2999999999999545,-0.10000000000002274,-0.5000000000000001,-0.8660254037844386,-0.4999999999999997,-0.8660254037844388,0.7,5.0
2026-07-16 15:20:00,220.0,4.0,0.7,1017.2,26.2,26.8,0.7,0.7,0.7,4.0,5.0,5.0,1017.2,1016.9,1016.6,0.7,0.0,0.7,0.0,4.333333333333333,0.5773502691896258,4.666666666666667,0.5163977794943221,0.6000000000000227,0.3000000000000682,-0.6427876096865393,-0.766044443118978,-0.7071067811865471,-0.7071067811865479,0.7,5.0
2026-07-16 16:20:00,230.0,4.0,0.7,1017.4,26.4,26.9,0.7,0.7,0.7,4.0,5.0,4.0,1017.4,1017.2,1017.2,0.7,0.0,0.7,0.0,4.0,0.0,4.333333333333333,0.5163977794943221,0.1999999999999318,0.1999999999999318,-0.7660444431189779,-0.6427876096865395,-0.8660254037844385,-0.5000000000000004,0.7,4.0
2026-07-16 17:20:00,220.0,4.0,0.7,1017.4,26.7,27.0,0.7,0.7,0.7,4.0,4.0,4.0,1017.4,1017.3,1017.4,0.7,0.0,0.7,0.0,4.0,0.0,4.0,0.0,0.0,0.10000000000002274,-0.6427876096865393,-0.766044443118978,-0.9659258262890683,-0.25881904510252063,0.7,5.0
2026-07-16 18:20:00,220.0,6.0,0.7,1017.1,26.8,27.1,0.7,0.7,0.7,6.0,5.0,4.0,1017.1,1017.2,1017.4,0.7,0.0,0.7,0.0,5.666666666666667,0.5773502691896258,5.333333333333333,0.5163977794943232,-0.2999999999999545,-0.10000000000002274,-0.6427876096865393,-0.766044443118978,-1.0,-1.8369701987210297e-16,0.7,5.0
2026-07-16 19:20:00,220.0,5.0,0.7,1017.0,26.8,27.1,0.7,0.7,0.7,5.0,5.0,6.0,1017.0,1017.2,1017.1,0.7,0.0,0.7,0.0,5.0,0.0,5.166666666666667,0.40824829046386496,-0.10000000000002274,-0.20000000000004547,-0.6427876096865393,-0.766044443118978,-0.9659258262890684,0.2588190451025203,0.7,5.0
2026-07-16 19:50:00,220.0,5.0,0.7,1016.7,26.8,27.1,0.7,0.7,0.7,5.0,5.0,5.0,1016.8,1017.0,1017.2,0.7,0.0,0.7,0.0,5.0,0.0,5.0,0.0,-0.5,-0.2999999999999545,-0.6427876096865393,-0.766044443118978,-0.9659258262890684,0.2588190451025203,0.7,5.0
2026-07-16 20:20:00,230.0,5.0,0.7,1016.6,26.8,27.1,0.7,0.7,0.7,5.0,5.0,5.0,1016.7,1016.7,1017.0,0.7,0.0,0.7,0.0,5.0,0.0,5.0,0.0,-0.39999999999997726,-0.10000000000002274,-0.7660444431189779,-0.6427876096865395,-0.8660254037844386,0.5000000000000001,0.7,5.0
2026-07-16 22:20:00,230.0,4.0,0.7,1016.1,26.9,27.0,0.7,0.7,0.7,5.0,5.0,5.0,1016.1,1016.1,1016.1,0.7,0.0,0.7,0.0,4.666666666666667,0.5773502691896258,4.833333333333333,0.40824829046386296,0.0,0.0,-0.7660444431189779,-0.6427876096865395,-0.5000000000000004,0.8660254037844384,0.7,5.0
2026-07-17 00:50:00,230.0,5.0,0.7,1016.1,26.9,26.9,0.7,0.7,0.7,6.0,5.0,6.0,1016.0,1016.0,1015.8,0.7,0.0,0.7,0.0,5.333333333333333,0.5773502691896258,5.5,0.5477225575051659,0.3000000000000682,0.10000000000002274,-0.7660444431189779,-0.6427876096865395,0.0,1.0,0.7,5.0
2026-07-17 01:20:00,240.0,5.0,0.7,1016.3,26.7,26.8,0.7,0.7,0.7,5.0,5.0,5.0,1016.2,1016.1,1016.0,0.7,0.0,0.7,0.0,5.333333333333333,0.5773502691896258,5.333333333333333,0.5163977794943221,0.2999999999999545,0.1999999999999318,-0.8660254037844385,-0.5000000000000004,0.25881904510252074,0.9659258262890683,0.7,5.0
2026-07-17 01:50:00,240.0,5.0,0.7,1016.6,26.7,26.8,0.7,0.7,0.7,5.0,5.0,5.0,1016.5,1016.3,1016.1,0.7,0.0,0.7,0.0,5.0,0.0,5.166666666666667,0.4082482904638632,0.5,0.3000000000000682,-0.8660254037844385,-0.5000000000000004,0.25881904510252074,0.9659258262890683,0.7,5.0
2026-07-17 02:20:00,240.0,5.0,0.7,1016.8,26.7,26.8,0.7,0.7,0.7,5.0,5.0,5.0,1016.8,1016.6,1016.3,0.7,0.0,0.7,0.0,5.0,0.0,5.0,0.0,0.5,0.1999999999999318,-0.8660254037844385,-0.5000000000000004,0.49999999999999994,0.8660254037844387,0.7,5.0
2026-07-17 03:20:00,230.0,5.0,0.7,1016.7,26.6,26.8,0.7,0.7,0.7,5.0,5.0,5.0,1016.7,1016.8,1016.8,0.7,0.0,0.7,0.0,4.666666666666667,0.5773502691896258,4.666666666666667,0.5163977794943221,-0.09999999999990905,-0.09999999999990905,-0.7660444431189779,-0.6427876096865395,0.7071067811865476,0.7071067811865476,0.7,5.0
2026-07-17 03:50:00,230.0,5.0,0.7,1016.8,26.7,26.8,0.7,0.7,0.7,5.0,5.0,5.0,1016.8,1016.7,1016.8,0.7,0.0,0.7,0.0,5.0,0.0,4.833333333333333,0.4082482904638632,0.0,0.09999999999990905,-0.7660444431189779,-0.6427876096865395,0.7071067811865476,0.7071067811865476,0.7,4.0
2026-07-17 04:20:00,230.0,4.0,0.7,1016.9,26.7,26.8,0.7,0.7,0.7,5.0,5.0,5.0,1017.0,1016.8,1016.7,0.7,0.0,0.7,0.0,4.666666666666667,0.5773502691896258,4.833333333333333,0.40824829046386296,0.1999999999999318,0.10000000000002274,-0.7660444431189779,-0.6427876096865395,0.8660254037844386,0.5000000000000001,0.7,4.0
2026-07-17 06:20:00,230.0,4.0,0.7,1017.0,26.5,26.8,0.7,0.7,0.6,4.0,5.0,4.0,1016.9,1016.9,1016.8,0.7,0.0,0.7,0.0,4.0,0.0,4.333333333333333,0.5163977794943221,0.20000000000004547,0.10000000000002274,-0.7660444431189779,-0.6427876096865395,1.0,6.123233995736766e-17,0.6,4.0
2026-07-17 06:50:00,240.0,4.0,0.6,1017.0,26.4,26.8,0.6,0.7,0.7,4.0,4.0,5.0,1017.1,1017.0,1016.9,0.6,0.0,0.65,0.05773502691896254,4.0,0.0,4.0,0.0,0.10000000000002274,0.0,-0.8660254037844385,-0.5000000000000004,1.0,6.123233995736766e-17,0.7,3.0
2026-07-17 07:20:00,230.0,3.0,0.7,1017.0,26.4,26.9,0.7,0.6,0.7,4.0,4.0,4.0,1016.9,1017.0,1017.0,0.7,0.0,0.65,0.05773502691896254,3.6666666666666665,0.5773502691896257,3.8333333333333335,0.408248290463863,0.0,0.0,-0.7660444431189779,-0.6427876096865395,0.9659258262890683,-0.25881904510252063,0.6,4.0
2026-07-17 08:20:00,230.0,4.0,0.6,1017.1,26.5,26.8,0.6,0.6,0.7,4.0,4.0,3.0,1017.0,1017.1,1017.0,0.6,0.0,0.6,0.0,4.0,0.0,4.0,0.0,0.10000000000002274,0.0,-0.7660444431189779,-0.6427876096865395,0.8660254037844387,-0.4999999999999998,0.7,3.0
2026-07-17 09:20:00,230.0,4.0,0.6,1017.4,26.4,26.9,0.6,0.7,0.6,3.0,3.0,4.0,1017.2,1017.1,1017.1,0.6,0.0,0.6333333333333333,0.05773502691896256,3.3333333333333335,0.5773502691896257,3.3333333333333335,0.5163977794943226,0.2999999999999545,0.2999999999999545,-0.7660444431189779,-0.6427876096865395,0.7071067811865476,-0.7071067811865475,0.7,4.0
2026-07-17 09:50:00,230.0,4.0,0.7,1017.4,26.4,26.9,0.7,0.6,0.7,4.0,4.0,3.0,1017.4,1017.4,1017.1,0.7,0.0,0.65,0.05773502691896257,3.6666666666666665,0.5773502691896257,3.5,0.5477225575051664,0.2999999999999545,0.0,-0.7660444431189779,-0.6427876096865395,0.7071067811865476,-0.7071067811865475,0.7,5.0
2026-07-17 10:20:00,220.0,5.0,0.7,1017.4,26.5,26.9,0.7,0.7,0.6,4.0,4.0,4.0,1017.4,1017.4,1017.4,0.7,0.0,0.7,0.0,4.333333333333333,0.5773502691896258,4.0,0.6324555320336759,0.0,0.0,-0.6427876096865393,-0.766044443118978,0.49999999999999994,-0.8660254037844387,0.7,5.0
2026-07-17 10:50:00,220.0,5.0,0.7,1017.6,26.5,26.9,0.7,0.7,0.7,5.0,5.0,4.0,1017.5,1017.4,1017.4,0.7,0.0,0.7,0.0,5.0,0.0,4.666666666666667,0.5163977794943221,0.20000000000004547,0.20000000000004547,-0.6427876096865393,-0.766044443118978,0.49999999999999994,-0.8660254037844387,0.7,5.0
2026-07-17 11:20:00,230.0,5.0,0.7,1017.7,26.5,26.9,0.7,0.7,0.7,5.0,5.0,5.0,1017.7,1017.6,1017.4,0.7,0.0,0.7,0.0,5.0,0.0,5.0,0.0,0.3000000000000682,0.10000000000002274,-0.7660444431189779,-0.6427876096865395,0.258819045102521,-0.9659258262890682,0.7,5.0
2026-07-17 12:20:00,220.0,5.0,0.7,1017.7,26.7,26.9,0.7,0.7,0.7,5.0,5.0,5.0,1017.6,1017.7,1017.7,0.7,0.0,0.7,0.0,5.0,0.0,5.0,0.0,0.0,0.0,-0.6427876096865393,-0.766044443118978,1.2246467991473532e-16,-1.0,0.6,4.0
2026-07-17 12:50:00,220.0,4.0,0.6,1017.8,26.7,26.9,0.6,0.7,0.7,5.0,5.0,5.0,1017.7,1017.7,1017.7,0.6,0.0,0.65,0.05773502691896254,4.333333333333333,0.5773502691896258,4.666666666666667,0.5163977794943221,0.09999999999990905,0.09999999999990905,-0.6427876096865393,-0.766044443118978,1.2246467991473532e-16,-1.0,0.7,4.0
2026-07-17 13:20:00,230.0,4.0,0.7,1017.8,26.7,26.9,0.7,0.6,0.7,4.0,4.0,5.0,1017.8,1017.8,1017.7,0.7,0.0,0.65,0.05773502691896254,4.0,0.0,4.166666666666667,0.4082482904638632,0.09999999999990905,0.0,-0.7660444431189779,-0.6427876096865395,-0.2588190451025208,-0.9659258262890683,0.6,4.0
2026-07-17 13:50:00,230.0,4.0,0.6,1017.9,26.7,27.0,0.6,0.7,0.6,4.0,4.0,4.0,1017.9,1017.8,1017.8,0.6,0.0,0.6499999999999999,0.05773502691896254,4.0,0.0,4.0,0.0,0.10000000000002274,0.10000000000002274,-0.7660444431189779,-0.6427876096865395,-0.2588190451025208,-0.9659258262890683,0.7,4.0
2026-07-17 14:20:00,230.0,4.0,0.7,1018.0,26.7,27.0,0.7,0.6,0.7,4.0,4.0,4.0,1017.9,1017.9,1017.8,0.7,0.0,0.6499999999999999,0.05773502691896254,4.0,0.0,4.0,0.0,0.20000000000004547,0.10000000000002274,-0.7660444431189779,-0.6427876096865395,-0.4999999999999997,-0.8660254037844388,0.6,4.0
2026-07-17 15:20:00,230.0,4.0,0.7,1018.5,27.1,27.1,0.7,0.6,0.7,4.0,4.0,4.0,1018.6,1018.2,1018.0,0.7,0.0,0.6666666666666666,0.05773502691896256,4.0,0.0,4.0,0.0,0.5,0.2999999999999545,-0.7660444431189779,-0.6427876096865395,-0.7071067811865471,-0.7071067811865479,0.6,3.0
2026-07-17 16:20:00,220.0,4.0,0.6,1018.3,27.2,27.2,0.6,0.6,0.7,4.0,3.0,4.0,1018.4,1018.6,1018.5,0.6,0.0,0.6,0.0,3.6666666666666665,0.5773502691896257,3.6666666666666665,0.5163977794943223,-0.20000000000004547,-0.3000000000000682,-0.6427876096865393,-0.766044443118978,-0.8660254037844385,-0.5000000000000004,0.7,4.0
2026-07-17 18:20:00,220.0,5.0,0.7,1018.2,27.3,27.3,0.7,0.7,0.7,5.0,5.0,4.0,1018.3,1018.1,1018.2,0.7,0.0,0.7,0.0,5.0,0.0,4.666666666666667,0.5163977794943221,0.0,0.10000000000002274,-0.6427876096865393,-0.766044443118978,-1.0,-1.8369701987210297e-16,0.6,5.0
2026-07-17 20:20:00,230.0,4.0,0.7,1018.0,27.5,27.3,0.7,0.6,0.6,5.0,4.0,5.0,1017.9,1018.0,1018.1,0.7,0.0,0.6666666666666666,0.05773502691896258,4.333333333333333,0.5773502691896258,4.5,0.5477225575051659,-0.10000000000002274,0.0,-0.7660444431189779,-0.6427876096865395,-0.8660254037844386,0.5000000000000001,0.7,4.0
2026-07-17 20:50:00,240.0,4.0,0.7,1017.9,27.6,27.4,0.7,0.7,0.6,4.0,4.0,4.0,1018.0,1018.0,1018.0,0.7,0.0,0.7,0.0,4.0,0.0,4.166666666666667,0.4082482904638632,-0.10000000000002274,-0.10000000000002274,-0.8660254037844385,-0.5000000000000004,-0.8660254037844386,0.5000000000000001,0.7,4.0
2026-07-17 22:20:00,230.0,5.0,0.7,1017.6,27.5,27.4,0.7,0.7,0.7,4.0,4.0,4.0,1017.6,1017.7,1017.9,0.7,0.0,0.7,0.0,4.333333333333333,0.5773502691896258,4.166666666666667,0.40824829046386296,-0.2999999999999545,-0.10000000000002274,-0.7660444431189779,-0.6427876096865395,-0.5000000000000004,0.8660254037844384,0.7,4.0
2026-07-18 00:50:00,230.0,4.0,0.7,1017.8,27.2,27.3,0.7,0.7,0.7,4.0,4.0,4.0,1017.8,1017.7,1017.7,0.7,0.0,0.7,0.0,4.0,0.0,4.0,0.0,0.09999999999990905,0.09999999999990905,-0.7660444431189779,-0.6427876096865395,0.0,1.0,0.6,4.0
2026-07-18 01:20:00,230.0,4.0,0.6,1018.0,27.2,27.3,0.6,0.7,0.7,4.0,4.0,4.0,1017.9,1017.8,1017.7,0.6,0.0,0.6499999999999999,0.05773502691896254,4.0,0.0,4.0,0.0,0.2999999999999545,0.20000000000004547,-0.7660444431189779,-0.6427876096865395,0.25881904510252074,0.9659258262890683,0.7,3.0
2026-07-18 01:50:00,220.0,3.0,0.7,1018.1,27.1,27.3,0.7,0.6,0.7,4.0,4.0,4.0,1018.1,1018.0,1017.8,0.7,0.0,0.6499999999999999,0.05773502691896254,3.3333333333333335,0.5773502691896257,3.6666666666666665,0.5163977794943223,0.3000000000000682,0.10000000000002274,-0.6427876096865393,-0.766044443118978,0.25881904510252074,0.9659258262890683,0.7,3.0
2026-07-18 02:50:00,230.0,3.0,0.6,1018.2,27.1,27.2,0.6,0.7,0.7,3.0,3.0,3.0,1018.2,1018.2,1018.1,0.6,0.0,0.6333333333333333,0.05773502691896255,3.0,0.0,3.0,0.0,0.10000000000002274,0.0,-0.7660444431189779,-0.6427876096865395,0.49999999999999994,0.8660254037844387,0.7,4.0
2026-07-18 03:50:00,240.0,2.0,0.7,1018.5,27.1,27.2,0.7,0.7,0.6,3.0,4.0,3.0,1018.4,1018.3,1018.2,0.7,0.0,0.7,0.0,2.6666666666666665,0.5773502691896257,3.1666666666666665,0.752772652709081,0.2999999999999545,0.20000000000004547,-0.8660254037844385,-0.5000000000000004,0.7071067811865476,0.7071067811865476,0.6,2.0
2026-07-18 04:20:00,240.0,2.0,0.6,1018.7,27.1,27.2,0.6,0.7,0.7,2.0,2.0,4.0,1018.8,1018.5,1018.3,0.6,0.0,0.6499999999999999,0.05773502691896254,2.3333333333333335,0.5773502691896257,2.5,0.547722557505165,0.40000000000009095,0.20000000000004547,-0.8660254037844385,-0.5000000000000004,0.8660254037844386,0.5000000000000001,0.6,2.0
2026-07-18 06:20:00,230.0,2.0,0.6,1018.9,27.0,27.1,0.6,0.6,0.7,2.0,2.0,2.0,1018.8,1018.8,1019.0,0.6,0.0,0.6,0.0,2.0,0.0,2.0,0.0,-0.10000000000002274,0.10000000000002274,-0.7660444431189779,-0.6427876096865395,1.0,6.123233995736766e-17,0.6,2.0
2026-07-18 08:20:00,230.0,3.0,0.7,1018.3,26.7,27.2,0.7,0.6,0.6,3.0,3.0,2.0,1018.4,1018.8,1019.0,0.7,0.0,0.6666666666666666,0.05773502691896258,3.0,0.0,2.8333333333333335,0.4082482904638636,-0.7000000000000455,-0.5,-0.7660444431189779,-0.6427876096865395,0.8660254037844387,-0.4999999999999998,0.6,3.0
2026-07-18 09:20:00,220.0,3.0,0.6,1017.9,26.7,27.2,0.6,0.6,0.7,3.0,3.0,3.0,1017.9,1018.0,1018.3,0.6,0.0,0.6,0.0,3.0,0.0,3.1666666666666665,0.408248290463863,-0.39999999999997726,-0.10000000000002274,-0.6427876096865393,-0.766044443118978,0.7071067811865476,-0.7071067811865475,0.6,3.0
2026-07-18 09:50:00,220.0,3.0,0.6,1018.3,26.7,27.1,0.6,0.6,0.6,3.0,3.0,3.0,1018.0,1017.9,1018.0,0.6,0.0,0.6,0.0,2.6666666666666665,0.5773502691896257,2.8333333333333335,0.408248290463863,0.2999999999999545,0.39999999999997726,-0.6427876096865393,-0.766044443118978,0.7071067811865476,-0.7071067811865475,0.6,4.0
2026-07-18 11:20:00,210.0,4.0,0.7,1018.8,26.8,27.1,0.7,0.6,0.6,5.0,5.0,4.0,1018.8,1018.8,1018.5,0.7,0.0,0.6666666666666666,0.05773502691896258,4.666666666666667,0.5773502691896258,4.5,0.5477225575051642,0.2999999999999545,0.0,-0.5000000000000001,-0.8660254037844386,0.258819045102521,-0.9659258262890682,0.6,4.0
2026-07-18 12:20:00,210.0,4.0,0.6,1018.9,27.0,27.1,0.6,0.6,0.7,4.0,4.0,4.0,1019.1,1019.1,1018.8,0.6,0.0,0.6,0.0,4.0,0.0,4.0,0.0,0.10000000000002274,-0.20000000000004547,-0.5000000000000001,-0.8660254037844386,1.2246467991473532e-16,-1.0,0.6,4.0
2026-07-18 12:50:00,190.0,4.0,0.6,1018.0,26.9,27.1,0.6,0.6,0.6,4.0,4.0,4.0,1018.3,1018.9,1019.1,0.6,0.0,0.6,0.0,4.0,0.0,4.0,0.0,-1.1000000000000227,-0.8999999999999773,-0.17364817766693047,-0.984807753012208,1.2246467991473532e-16,-1.0,0.6,3.0
2026-07-18 13:20:00,200.0,3.0,0.6,1017.7,26.9,27.1,0.6,0.6,0.6,3.0,4.0,4.0,1017.7,1018.0,1018.9,0.6,0.0,0.6,0.0,3.0,0.0,3.5,0.5477225575051664,-1.1999999999999318,-0.2999999999999545,-0.34202014332566866,-0.9396926207859084,-0.2588190451025208,-0.9659258262890683,0.7,2.0
2026-07-18 15:20:00,200.0,5.0,0.7,1018.4,27.0,27.3,0.7,0.6,0.7,4.0,4.0,4.0,1018.6,1018.6,1018.4,0.7,0.0,0.6666666666666666,0.05773502691896255,4.333333333333333,0.5773502691896258,4.166666666666667,0.40824829046386296,0.0,-0.20000000000004547,-0.34202014332566866,-0.9396926207859084,-0.7071067811865471,-0.7071067811865479,0.7,5.0
2026-07-18 16:20:00,210.0,5.0,0.7,1018.6,27.3,,0.7,0.7,0.7,4.0,5.0,5.0,1018.5,1018.5,1018.4,0.7,0.0,0.7,0.0,4.666666666666667,0.5773502691896258,4.833333333333333,0.40824829046386296,0.20000000000004547,0.10000000000002274,-0.5000000000000001,-0.8660254037844386,-0.8660254037844385,-0.5000000000000004,0.6,4.0
2026-07-18 18:50:00,210.0,6.0,0.7,1017.6,27.6,27.7,0.7,0.6,0.6,6.0,6.0,6.0,1017.6,1017.7,1017.9,0.7,0.0,0.6666666666666666,0.05773502691896258,6.0,0.0,6.166666666666667,0.4082482904638648,-0.2999999999999545,-0.10000000000002274,-0.5000000000000001,-0.8660254037844386,-1.0,-1.8369701987210297e-16,0.7,6.0
2026-07-18 19:50:00,220.0,7.0,0.7,1017.2,27.8,27.6,0.7,0.7,0.7,7.0,6.0,6.0,1017.4,1017.5,1017.6,0.7,0.0,0.7,0.0,7.0,0.0,6.5,0.5477225575051659,-0.39999999999997726,-0.2999999999999545,-0.6427876096865393,-0.766044443118978,-0.9659258262890684,0.2588190451025203,0.7,7.0
2026-07-18 20:20:00,220.0,7.0,0.7,1016.7,27.9,27.5,0.7,0.7,0.7,7.0,7.0,6.0,1016.9,1017.2,1017.5,0.7,0.0,0.7,0.0,7.0,0.0,7.0,0.0,-0.7999999999999545,-0.5,-0.6427876096865393,-0.766044443118978,-0.8660254037844386,0.5000000000000001,0.7,7.0
2026-07-18 21:20:00,220.0,7.0,0.8,1016.0,27.8,27.5,0.8,0.7,0.7,7.0,7.0,7.0,1016.3,1016.5,1016.7,0.8,0.0,0.7666666666666666,0.057735026918962644,7.0,0.0,7.0,0.0,-0.7000000000000455,-0.5,-0.6427876096865393,-0.766044443118978,-0.7071067811865477,0.7071067811865474,0.8,7.0
2026-07-18 21:50:00,220.0,7.0,0.8,1015.8,27.8,27.5,0.8,0.8,0.7,7.0,7.0,7.0,1016.0,1016.0,1016.5,0.8,0.0,0.8,0.0,7.0,0.0,7.0,0.0,-0.7000000000000455,-0.20000000000004547,-0.6427876096865393,-0.766044443118978,-0.7071067811865477,0.7071067811865474,0.8,7.0
2026-07-18 22:20:00,220.0,7.0,0.8,1015.7,27.8,27.5,0.8,0.8,0.8,7.0,7.0,7.0,1015.7,1015.8,1016.0,0.8,0.0,0.8,0.0,7.0,0.0,7.0,0.0,-0.2999999999999545,-0.09999999999990905,-0.6427876096865393,-0.766044443118978,-0.5000000000000004,0.8660254037844384,0.8,7.0
2026-07-19 00:50:00,220.0,8.0,1.0,1015.7,27.9,27.4,1.0,1.0,0.9,8.0,8.0,8.0,1015.5,1015.7,1015.8,1.0,0.0,1.0,0.0,8.0,0.0,8.0,0.0,-0.09999999999990905,0.0,-0.6427876096865393,-0.766044443118978,0.0,1.0,1.1,8.0
2026-07-19 01:20:00,220.0,8.0,1.1,1015.6,27.9,27.4,1.1,1.0,1.0,8.0,8.0,8.0,1015.5,1015.7,1015.7,1.1,0.0,1.05,0.05773502691896274,8.0,0.0,8.0,0.0,-0.10000000000002274,-0.10000000000002274,-0.6427876096865393,-0.766044443118978,0.25881904510252074,0.9659258262890683,1.1,9.0
2026-07-19 02:20:00,220.0,9.0,1.2,1015.5,27.9,27.3,1.2,1.1,1.1,9.0,9.0,8.0,1015.6,1015.7,1015.6,1.2,0.0,1.1666666666666667,0.05773502691896261,9.0,0.0,9.0,0.0,-0.10000000000002274,-0.20000000000004547,-0.6427876096865393,-0.766044443118978,0.49999999999999994,0.8660254037844387,1.2,9.0
2026-07-19 02:50:00,220.0,9.0,1.2,1015.6,27.8,27.3,1.2,1.2,1.1,9.0,9.0,9.0,1015.7,1015.5,1015.7,1.2,0.0,1.2,0.0,9.0,0.0,9.0,0.0,-0.10000000000002274,0.10000000000002274,-0.6427876096865393,-0.766044443118978,0.49999999999999994,0.8660254037844387,1.4,9.0
2026-07-19 03:20:00,220.0,9.0,1.4,1015.4,27.8,27.3,1.4,1.2,1.2,9.0,9.0,9.0,1015.4,1015.6,1015.5,1.4,0.0,1.2999999999999998,0.11547005383792512,9.0,0.0,9.0,0.0,-0.10000000000002274,-0.20000000000004547,-0.6427876096865393,-0.766044443118978,0.7071067811865476,0.7071067811865476,1.3,9.0
2026-07-19 04:20:00,220.0,9.0,1.3,1014.9,27.7,27.2,1.3,1.3,1.4,9.0,9.0,9.0,1015.0,1015.2,1015.4,1.3,0.0,1.3,0.0,9.0,0.0,9.0,0.0,-0.5,-0.3000000000000682,-0.6427876096865393,-0.766044443118978,0.8660254037844386,0.5000000000000001,1.5,10.0
2026-07-19 05:20:00,220.0,9.0,1.5,1014.3,27.6,27.2,1.5,1.5,1.3,9.0,10.0,9.0,1014.4,1014.5,1014.9,1.5,0.0,1.5,0.0,9.0,0.0,9.333333333333334,0.5163977794943228,-0.6000000000000227,-0.20000000000004547,-0.6427876096865393,-0.766044443118978,0.9659258262890683,0.25881904510252074,1.6,10.0
2026-07-19 06:20:00,230.0,10.0,1.7,1014.5,27.6,27.2,1.7,1.6,1.5,10.0,10.0,9.0,1014.4,1014.4,1014.3,1.7,0.0,1.6666666666666667,0.05773502691896215,9.666666666666666,0.5773502691896255,9.666666666666666,0.516397779494324,0.20000000000004547,0.10000000000002274,-0.7660444431189779,-0.6427876096865395,1.0,6.123233995736766e-17,1.8,10.0
2026-07-19 06:50:00,230.0,10.0,1.8,1014.4,27.7,27.1,1.8,1.7,1.6,10.0,10.0,10.0,1014.5,1014.5,1014.4,1.8,0.0,1.75,0.05773502691896208,10.0,0.0,9.833333333333334,0.40824829046386646,0.0,-0.10000000000002274,-0.7660444431189779,-0.6427876096865395,1.0,6.123233995736766e-17,1.7,10.0
2026-07-19 07:20:00,220.0,10.0,1.7,1014.3,27.6,27.1,1.7,1.8,1.7,9.0,10.0,10.0,1014.3,1014.4,1014.5,1.7,0.0,1.75,0.05773502691896208,9.666666666666666,0.5773502691896255,9.833333333333334,0.4082482904638632,-0.20000000000004547,-0.10000000000002274,-0.6427876096865393,-0.766044443118978,0.9659258262890683,-0.25881904510252063,1.7,10.0
2026-07-19 07:50:00,220.0,10.0,1.7,1013.9,27.6,27.1,1.7,1.7,1.8,10.0,10.0,10.0,1013.9,1014.3,1014.4,1.7,0.0,1.7,0.0,10.0,0.0,9.833333333333334,0.4082482904638632,-0.5,-0.39999999999997726,-0.6427876096865393,-0.766044443118978,0.9659258262890683,-0.25881904510252063,1.7,10.0
2026-07-19 08:20:00,230.0,10.0,1.7,1013.8,27.5,27.0,1.7,1.7,1.7,10.0,10.0,10.0,1013.8,1013.9,1014.3,1.7,0.0,1.7,0.0,10.0,0.0,10.0,0.0,-0.5,-0.10000000000002274,-0.7660444431189779,-0.6427876096865395,0.8660254037844387,-0.4999999999999998,1.9,10.0
2026-07-19 08:50:00,230.0,10.0,1.9,1013.8,27.5,27.0,1.9,1.7,1.7,10.0,10.0,10.0,1013.7,1013.8,1013.9,1.9,0.0,1.8,0.11547005383792512,10.0,0.0,10.0,0.0,-0.10000000000002274,0.0,-0.7660444431189779,-0.6427876096865395,0.8660254037844387,-0.4999999999999998,1.8,10.0
2026-07-19 09:20:00,230.0,10.0,1.8,1014.0,27.5,27.0,1.8,1.9,1.7,10.0,10.0,10.0,1013.8,1013.8,1013.8,1.8,0.0,1.85,0.057735026918962686,10.333333333333334,0.5773502691896255,10.166666666666666,0.4082482904638632,0.20000000000004547,0.20000000000004547,-0.7660444431189779,-0.6427876096865395,0.7071067811865476,-0.7071067811865475,1.9,11.0
2026-07-19 09:50:00,230.0,11.0,1.9,1014.1,27.5,27.1,1.9,1.8,1.9,11.0,10.0,10.0,1013.9,1014.0,1013.8,1.9,0.0,1.85,0.057735026918962686,10.666666666666666,0.5773502691896255,10.5,0.5477225575051671,0.3000000000000682,0.10000000000002274,-0.7660444431189779,-0.6427876096865395,0.7071067811865476,-0.7071067811865475,2.0,10.0
2026-07-19 10:20:00,230.0,10.0,2.0,1014.3,27.5,27.1,2.0,1.9,1.8,10.0,11.0,10.0,1014.3,1014.1,1014.0,2.0,0.0,1.9499999999999997,0.057735026918963456,10.0,0.0,10.333333333333334,0.5163977794943228,0.2999999999999545,0.1999999999999318,-0.7660444431189779,-0.6427876096865395,0.49999999999999994,-0.8660254037844387,2.0,10.0
2026-07-19 11:20:00,230.0,10.0,2.0,1014.4,27.6,27.1,2.0,2.0,2.0,11.0,10.0,10.0,1014.3,1014.4,1014.3,2.0,0.0,2.0,0.0,10.333333333333334,0.5773502691896255,10.166666666666666,0.4082482904638632,0.10000000000002274,0.0,-0.7660444431189779,-0.6427876096865395,0.258819045102521,-0.9659258262890682,2.3,10.0
2026-07-19 12:20:00,230.0,10.0,2.1,1014.4,27.6,27.1,2.1,2.3,2.0,10.0,10.0,10.0,1014.5,1014.5,1014.4,2.1,0.0,2.1666666666666665,0.11547005383792462,10.0,0.0,10.0,0.0,0.0,-0.10000000000002274,-0.7660444431189779,-0.6427876096865395,1.2246467991473532e-16,-1.0,2.4,10.0
2026-07-19 13:20:00,230.0,10.0,2.5,1014.4,27.6,27.1,2.5,2.4,2.1,10.0,10.0,10.0,1014.5,1014.5,1014.4,2.5,0.0,2.466666666666667,0.057735026918961645,10.0,0.0,10.0,0.0,0.0,-0.10000000000002274,-0.7660444431189779,-0.6427876096865395,-0.2588190451025208,-0.9659258262890683,2.4,10.0
2026-07-19 13:50:00,230.0,10.0,2.4,1014.3,27.7,27.2,2.4,2.5,2.4,10.0,10.0,10.0,1014.3,1014.4,1014.5,2.4,0.0,2.4499999999999997,0.05773502691896204,10.0,0.0,10.0,0.0,-0.20000000000004547,-0.10000000000002274,-0.7660444431189779,-0.6427876096865395,-0.2588190451025208,-0.9659258262890683,2.4,10.0
2026-07-19 14:20:00,230.0,10.0,2.4,1014.4,27.8,27.2,2.4,2.4,2.5,10.0,10.0,10.0,1014.3,1014.3,1014.4,2.4,0.0,2.4,0.0,10.0,0.0,10.0,0.0,0.0,0.10000000000002274,-0.7660444431189779,-0.6427876096865395,-0.4999999999999997,-0.8660254037844388,2.3,10.0
2026-07-19 14:50:00,230.0,10.0,2.3,1014.2,27.7,27.1,2.3,2.4,2.4,10.0,10.0,10.0,1014.4,1014.4,1014.3,2.3,0.0,2.3499999999999996,0.05773502691896274,10.0,0.0,10.0,0.0,-0.09999999999990905,-0.1999999999999318,-0.7660444431189779,-0.6427876096865395,-0.4999999999999997,-0.8660254037844388,2.7,10.0
2026-07-19 15:20:00,230.0,10.0,2.7,1014.2,27.8,27.1,2.7,2.3,2.4,10.0,10.0,10.0,1014.1,1014.2,1014.4,2.7,0.0,2.5,0.23094010767585038,10.0,0.0,10.0,0.0,-0.1999999999999318,0.0,-0.7660444431189779,-0.6427876096865395,-0.7071067811865471,-0.7071067811865479,2.4,10.0
2026-07-19 16:20:00,230.0,10.0,2.9,1014.4,27.8,27.2,2.9,2.4,2.7,10.0,10.0,10.0,1014.2,1014.2,1014.2,2.9,0.0,2.733333333333333,0.2886751345948131,10.0,0.0,10.0,0.0,0.1999999999999318,0.1999999999999318,-0.7660444431189779,-0.6427876096865395,-0.8660254037844385,-0.5000000000000004,2.8,10.0
2026-07-19 17:20:00,230.0,10.0,2.6,1014.2,27.9,27.2,2.6,2.8,2.9,11.0,10.0,10.0,1014.5,1014.4,1014.4,2.6,0.0,2.6666666666666665,0.1154700538379253,10.666666666666666,0.5773502691896255,10.333333333333334,0.5163977794943228,-0.1999999999999318,-0.1999999999999318,-0.7660444431189779,-0.6427876096865395,-0.9659258262890683,-0.25881904510252063,2.7,10.0
2026-07-19 17:50:00,220.0,10.0,2.7,1013.6,27.9,27.2,2.7,2.6,2.8,10.0,10.0,10.0,1013.8,1014.2,1014.4,2.7,0.0,2.6500000000000004,0.05773502691896311,10.333333333333334,0.5773502691896255,10.5,0.5477225575051671,-0.7999999999999545,-0.6000000000000227,-0.6427876096865393,-0.766044443118978,-0.9659258262890683,-0.25881904510252063,2.3,11.0
2026-07-19 18:20:00,220.0,11.0,2.3,1013.3,27.9,27.2,2.3,2.7,2.6,10.0,10.0,10.0,1013.3,1013.6,1014.2,2.3,0.0,2.5,0.2309401076758507,10.333333333333334,0.5773502691896255,10.333333333333334,0.5163977794943228,-0.900000000000091,-0.3000000000000682,-0.6427876096865393,-0.766044443118978,-1.0,-1.8369701987210297e-16,2.6,10.0
2026-07-19 18:50:00,230.0,10.0,2.6,1013.4,27.9,27.2,2.6,2.3,2.7,11.0,11.0,10.0,1013.5,1013.3,1013.6,2.6,0.0,2.45,0.1732050807568881,10.666666666666666,0.5773502691896255,10.5,0.5477225575051671,-0.20000000000004547,0.10000000000002274,-0.7660444431189779,-0.6427876096865395,-1.0,-1.8369701987210297e-16,2.4,9.0
2026-07-19 19:50:00,230.0,9.0,2.4,1013.5,27.8,27.2,2.4,2.4,2.6,9.0,9.0,10.0,1013.3,1013.5,1013.4,2.4,0.0,2.4,0.0,8.666666666666666,0.5773502691896255,8.833333333333334,0.40824829046386485,0.10000000000002274,0.0,-0.7660444431189779,-0.6427876096865395,-0.9659258262890684,0.2588190451025203,2.5,9.0
2026-07-19 20:20:00,230.0,9.0,2.5,1013.2,27.5,27.2,2.5,2.4,2.4,8.0,9.0,9.0,1013.3,1013.5,1013.5,2.5,0.0,2.4499999999999997,0.05773502691896274,8.333333333333334,0.5773502691896255,8.5,0.5477225575051683,-0.2999999999999545,-0.2999999999999545,-0.7660444431189779,-0.6427876096865395,-0.8660254037844386,0.5000000000000001,2.3,9.0
2026-07-19 22:20:00,220.0,9.0,2.2,1013.0,27.9,27.2,2.2,2.3,2.3,8.0,9.0,10.0,1013.0,1012.8,1012.7,2.2,0.0,2.2333333333333334,0.05773502691896237,8.666666666666666,0.5773502691896255,9.166666666666666,0.752772652709082,0.2999999999999545,0.20000000000004547,-0.6427876096865393,-0.766044443118978,-0.5000000000000004,0.8660254037844384,2.2,9.0
2026-07-19 22:50:00,230.0,9.0,2.2,1013.5,27.9,27.2,2.2,2.2,2.3,9.0,9.0,9.0,1013.3,1013.0,1012.8,2.2,0.0,2.2,0.0,9.0,0.0,8.833333333333334,0.40824829046386485,0.7000000000000455,0.5,-0.7660444431189779,-0.6427876096865395,-0.5000000000000004,0.8660254037844384,2.2,8.0
2026-07-19 23:40:00,230.0,8.0,2.2,1013.8,27.8,27.2,2.1,2.2,2.2,8.0,9.0,9.0,1013.8,1013.5,1013.0,2.1500000000000004,0.07071067811865465,2.1750000000000003,0.05000000000000008,8.0,0.0,8.5,0.5477225575051683,0.7999999999999545,0.2999999999999545,-0.7660444431189779,-0.6427876096865395,-0.25881904510252157,0.9659258262890681,2.0,9.0
2026-07-20 01:50:00,220.0,8.0,2.0,1014.2,27.7,27.2,2.0,2.1,2.2,8.0,8.0,9.0,1014.4,1014.3,1013.9,2.0,0.0,2.033333333333333,0.057735026918962665,8.0,0.0,8.0,0.0,0.3000000000000682,-0.09999999999990905,-0.6427876096865393,-0.766044443118978,0.25881904510252074,0.9659258262890683,2.1,8.0
2026-07-20 02:20:00,220.0,8.0,2.1,1014.4,27.6,27.2,2.1,2.0,2.1,8.0,8.0,8.0,1014.4,1014.2,1014.3,2.1,0.0,2.0500000000000003,0.05773502691896272,8.0,0.0,8.0,0.0,0.10000000000002274,0.1999999999999318,-0.6427876096865393,-0.766044443118978,0.49999999999999994,0.8660254037844387,2.0,8.0
2026-07-20 03:20:00,220.0,8.0,2.1,1014.5,27.6,27.2,2.1,2.0,2.1,9.0,8.0,8.0,1014.4,1014.1,1014.4,2.1,0.0,2.0666666666666664,0.05773502691896269,8.333333333333334,0.5773502691896255,8.166666666666666,0.4082482904638632,0.10000000000002274,0.39999999999997726,-0.6427876096865393,-0.766044443118978,0.7071067811865476,0.7071067811865476,2.1,8.0
2026-07-20 04:20:00,220.0,8.0,2.0,1014.8,27.6,27.2,2.0,2.1,2.1,8.0,8.0,8.0,1014.7,1014.9,1014.5,2.0,0.0,2.033333333333333,0.05773502691896285,8.0,0.0,8.166666666666666,0.4082482904638632,0.2999999999999545,-0.10000000000002274,-0.6427876096865393,-0.766044443118978,0.8660254037844386,0.5000000000000001,2.0,8.0
2026-07-20 04:50:00,220.0,8.0,2.0,1014.1,27.6,27.2,2.0,2.0,2.1,8.0,8.0,8.0,1014.7,1014.8,1014.9,2.0,0.0,2.0,0.0,8.0,0.0,8.0,0.0,-0.7999999999999545,-0.6999999999999318,-0.6427876096865393,-0.766044443118978,0.8660254037844386,0.5000000000000001,2.0,8.0
2026-07-20 06:50:00,230.0,8.0,1.9,1014.7,27.6,27.2,1.9,2.1,2.0,8.0,8.0,8.0,1014.6,1014.2,1013.8,1.9,0.0,1.9666666666666668,0.11547005383792507,8.0,0.0,8.0,0.0,0.900000000000091,0.5,-0.7660444431189779,-0.6427876096865395,1.0,6.123233995736766e-17,1.8,7.0
2026-07-20 08:20:00,10.0,10.0,1.9,1014.5,23.4,27.1,1.9,1.9,1.8,11.0,8.0,7.0,1014.9,1015.7,1014.9,1.9,0.0,1.9,0.0,11.0,0.9999999999999978,8.5,3.0166206257996713,-0.39999999999997726,-1.2000000000000455,0.17364817766693033,0.984807753012208,0.8660254037844387,-0.4999999999999998,2.0,6.0
2026-07-20 08:50:00,360.0,6.0,2.0,1014.8,23.3,27.1,2.0,1.9,1.9,7.0,10.0,8.0,1015.0,1014.5,1015.7,2.0,0.0,1.9499999999999997,0.05773502691896274,7.0,0.9999999999999988,9.0,2.366431913239847,-0.900000000000091,0.2999999999999545,-2.4492935982947064e-16,1.0,0.8660254037844387,-0.4999999999999998,2.1,3.0
2026-07-20 09:50:00,90.0,2.0,1.8,1014.5,24.0,27.0,1.8,2.1,2.0,3.0,3.0,6.0,1014.6,1014.7,1014.8,1.8,0.0,1.9000000000000001,0.1732050807568876,2.6666666666666665,0.5773502691896257,3.0,0.6324555320337035,-0.2999999999999545,-0.20000000000004547,1.0,6.123233995736766e-17,0.7071067811865476,-0.7071067811865475,1.7,10.0
2026-07-20 10:20:00,330.0,10.0,1.7,1015.7,23.3,27.0,1.7,1.8,2.1,6.0,2.0,3.0,1015.4,1014.5,1014.7,1.7,0.0,1.75,0.057735026918961714,6.333333333333333,3.511884584284246,4.5,3.0166206257996757,1.0,1.2000000000000455,-0.5000000000000004,0.8660254037844384,0.49999999999999994,-0.8660254037844387,1.8,4.0
2026-07-20 11:20:00,270.0,4.0,1.8,1016.4,22.4,26.9,1.8,1.8,1.7,4.0,4.0,10.0,1016.1,1016.2,1015.7,1.8,0.0,1.8,0.0,4.666666666666667,1.1547005383792517,6.166666666666667,2.7141603981096414,0.6999999999999318,0.1999999999999318,-1.0,-1.8369701987210297e-16,0.258819045102521,-0.9659258262890682,1.9,3.0
2026-07-20 13:20:00,270.0,4.0,1.7,1017.3,23.4,26.8,1.7,1.7,1.8,5.0,5.0,4.0,1017.6,1017.4,1016.0,1.7,0.0,1.7,0.0,5.333333333333333,1.5275252316519465,5.0,1.095445115010344,1.2999999999999545,-0.10000000000002274,-1.0,-1.8369701987210297e-16,-0.2588190451025208,-0.9659258262890683,1.7,4.0
2026-07-20 14:20:00,210.0,6.0,1.8,1017.3,24.0,26.8,1.8,1.7,1.7,6.0,4.0,4.0,1017.9,1016.9,1017.3,1.8,0.0,1.7666666666666666,0.057735026918962595,5.333333333333333,1.1547005383792515,5.0,0.8944271909999298,0.0,0.39999999999997726,-0.5000000000000001,-0.8660254037844386,-0.4999999999999997,-0.8660254037844388,1.7,5.0
2026-07-20 14:50:00,230.0,5.0,1.7,1017.2,23.6,26.8,1.7,1.8,1.7,6.0,6.0,4.0,1017.3,1017.3,1016.9,1.7,0.0,1.75,0.057735026918962595,5.666666666666667,0.5773502691896258,5.5,0.8366600265340897,0.3000000000000682,-0.09999999999990905,-0.7660444431189779,-0.6427876096865395,-0.4999999999999997,-0.8660254037844388,1.7,7.0
2026-07-20 15:20:00,230.0,7.0,1.7,1017.7,24.2,26.8,1.7,1.7,1.8,7.0,5.0,6.0,1017.6,1017.2,1017.3,1.7,0.0,1.7,0.0,6.666666666666667,0.5773502691896258,6.166666666666667,0.7527726527090967,0.40000000000009095,0.5,-0.7660444431189779,-0.6427876096865395,-0.7071067811865471,-0.7071067811865479,1.7,5.0
2026-07-20 16:20:00,200.0,5.0,1.6,1017.6,24.5,26.8,1.6,1.7,1.7,5.0,5.0,7.0,1018.1,1018.2,1017.7,1.6,0.0,1.6333333333333335,0.05773502691896261,5.333333333333333,0.5773502691896258,5.166666666666667,0.40824829046389194,-0.10000000000002274,-0.6000000000000227,-0.34202014332566866,-0.9396926207859084,-0.8660254037844385,-0.5000000000000004,1.8,4.0
2026-07-20 18:20:00,190.0,4.0,1.7,1016.4,25.0,27.0,1.7,1.6,1.8,4.0,4.0,3.0,1016.3,1016.5,1017.1,1.7,0.0,1.6666666666666667,0.05773502691896273,4.0,0.0,3.6666666666666665,0.5163977794943437,-0.7000000000000455,-0.10000000000002274,-0.17364817766693047,-0.984807753012208,-1.0,-1.8369701987210297e-16,1.6,4.0
2026-07-20 18:50:00,200.0,4.0,1.6,1016.6,25.4,27.0,1.6,1.7,1.6,4.0,4.0,4.0,1016.6,1016.4,1016.5,1.6,0.0,1.65,0.05773502691896276,4.0,0.0,4.0,0.0,0.10000000000002274,0.20000000000004547,-0.34202014332566866,-0.9396926207859084,-1.0,-1.8369701987210297e-16,1.6,4.0
2026-07-20 19:20:00,220.0,4.0,1.6,1016.6,25.8,27.0,1.6,1.6,1.7,4.0,4.0,4.0,1016.6,1016.6,1016.4,1.6,0.0,1.6,0.0,4.333333333333333,0.5773502691896258,4.166666666666667,0.40824829046386296,0.20000000000004547,0.0,-0.6427876096865393,-0.766044443118978,-0.9659258262890684,0.2588190451025203,1.6,13.0
2026-07-20 20:20:00,230.0,4.0,1.7,1017.9,21.8,26.9,1.7,1.6,1.6,4.0,13.0,4.0,1017.9,1018.9,1016.6,1.7,0.0,1.6666666666666667,0.05773502691896261,5.333333333333333,2.3094010767585043,6.333333333333333,3.614784456460255,1.2999999999999545,-1.0,-0.7660444431189779,-0.6427876096865395,-0.8660254037844386,0.5000000000000001,1.6,5.0
2026-07-20 21:20:00,200.0,3.0,1.6,1016.5,23.5,26.8,1.6,1.6,1.7,3.0,5.0,4.0,1016.7,1017.2,1017.9,1.6,0.0,1.6,0.0,3.6666666666666665,1.154700538379251,4.666666666666667,1.3662601021279444,-1.3999999999999773,-0.7000000000000455,-0.34202014332566866,-0.9396926207859084,-0.7071067811865477,0.7071067811865474,1.4,3.0
2026-07-21 00:50:00,200.0,6.0,1.2,1016.9,26.2,26.8,1.2,1.2,1.2,6.0,7.0,8.0,1016.9,1016.7,1017.1,1.2,0.0,1.2,0.0,6.333333333333333,0.5773502691896258,6.666666666666667,0.516397779494321,-0.20000000000004547,0.1999999999999318,-0.34202014332566866,-0.9396926207859084,0.0,1.0,1.3,7.0
2026-07-21 01:20:00,190.0,7.0,1.3,1016.7,26.2,26.8,1.3,1.2,1.2,7.0,6.0,7.0,1016.8,1016.9,1016.7,1.3,0.0,1.25,0.05773502691896257,6.666666666666667,0.5773502691896258,6.5,0.5477225575051649,0.0,-0.1999999999999318,-0.17364817766693047,-0.984807753012208,0.25881904510252074,0.9659258262890683,1.1,7.0
2026-07-21 01:50:00,180.0,7.0,1.1,1016.4,26.3,26.8,1.1,1.3,1.2,7.0,7.0,6.0,1016.3,1016.7,1016.9,1.1,0.0,1.2000000000000002,0.11547005383792512,7.0,0.0,6.833333333333333,0.4082482904638618,-0.5,-0.3000000000000682,1.2246467991473532e-16,-1.0,0.25881904510252074,0.9659258262890683,1.2,6.0
2026-07-21 02:20:00,170.0,6.0,1.2,1016.3,26.5,26.8,1.2,1.1,1.3,7.0,7.0,7.0,1016.3,1016.4,1016.7,1.2,0.0,1.15,0.057735026918962686,6.666666666666667,0.5773502691896258,6.833333333333333,0.40824829046386296,-0.40000000000009095,-0.10000000000002274,0.17364817766693028,-0.984807753012208,0.49999999999999994,0.8660254037844387,1.2,6.0
2026-07-21 03:20:00,210.0,7.0,1.2,1017.4,26.9,26.8,1.2,1.2,1.2,7.0,6.0,6.0,1017.3,1017.1,1016.3,1.2,0.0,1.2,0.0,7.0,0.0,6.5,0.5477225575051659,1.1000000000000227,0.2999999999999545,-0.5000000000000001,-0.8660254037844386,0.7071067811865476,0.7071067811865476,1.3,6.0
2026-07-21 03:50:00,220.0,6.0,1.3,1017.2,26.1,26.8,1.3,1.2,1.2,6.0,7.0,6.0,1017.2,1017.4,1017.1,1.3,0.0,1.25,0.05773502691896257,6.0,0.0,6.5,0.5477225575051659,0.10000000000002274,-0.1999999999999318,-0.6427876096865393,-0.766044443118978,0.7071067811865476,0.7071067811865476,1.2,6.0
2026-07-21 04:20:00,240.0,6.0,1.2,1016.9,26.5,26.9,1.2,1.3,1.2,5.0,6.0,7.0,1017.1,1017.2,1017.4,1.2,0.0,1.25,0.05773502691896257,5.666666666666667,0.5773502691896258,5.833333333333333,0.40824829046386407,-0.5,-0.3000000000000682,-0.8660254037844385,-0.5000000000000004,0.8660254037844386,0.5000000000000001,1.2,6.0
2026-07-21 05:20:00,230.0,6.0,1.2,1016.6,26.8,26.9,1.2,1.2,1.2,6.0,6.0,6.0,1016.5,1016.3,1016.9,1.2,0.0,1.2,0.0,6.0,0.0,6.333333333333333,0.5163977794943219,-0.2999999999999545,0.3000000000000682,-0.7660444431189779,-0.6427876096865395,0.9659258262890683,0.25881904510252074,1.1,5.0
2026-07-21 07:20:00,200.0,3.0,1.1,1016.8,26.9,26.8,1.1,1.1,1.2,4.0,4.0,5.0,1017.2,1017.1,1017.1,1.1,0.0,1.1,0.0,3.6666666666666665,0.5773502691896257,3.8333333333333335,0.408248290463863,-0.3000000000000682,-0.3000000000000682,-0.34202014332566866,-0.9396926207859084,0.9659258262890683,-0.25881904510252063,1.1,4.0
2026-07-21 08:20:00,200.0,4.0,1.1,1016.6,26.9,26.8,1.1,1.1,1.1,3.0,4.0,3.0,1016.4,1016.3,1016.8,1.1,0.0,1.1,0.0,3.3333333333333335,0.5773502691896257,3.6666666666666665,0.5163977794943223,-0.1999999999999318,0.3000000000000682,-0.34202014332566866,-0.9396926207859084,0.8660254037844387,-0.4999999999999998,1.0,4.0
2026-07-21 10:20:00,170.0,5.0,1.0,1017.5,27.0,26.8,1.0,1.0,1.0,4.0,4.0,4.0,1017.4,1017.4,1016.9,1.0,0.0,1.0,0.0,4.666666666666667,0.5773502691896258,4.166666666666667,0.752772652709081,0.6000000000000227,0.10000000000002274,0.17364817766693028,-0.984807753012208,0.49999999999999994,-0.8660254037844387,0.9,6.0
2026-07-21 11:20:00,170.0,7.0,1.0,1017.4,26.6,26.8,1.0,0.9,1.0,6.0,6.0,5.0,1017.4,1017.5,1017.5,1.0,0.0,0.9666666666666667,0.05773502691896256,6.333333333333333,0.5773502691896258,5.833333333333333,0.7527726527090819,-0.10000000000002274,-0.10000000000002274,0.17364817766693028,-0.984807753012208,0.258819045102521,-0.9659258262890682,1.0,8.0
2026-07-21 11:50:00,170.0,8.0,1.0,1017.4,26.5,26.8,1.0,1.0,0.9,8.0,7.0,6.0,1017.3,1017.4,1017.5,1.0,0.0,1.0,0.0,7.666666666666667,0.5773502691896258,7.0,0.8944271909999162,-0.10000000000002274,0.0,0.17364817766693028,-0.984807753012208,0.258819045102521,-0.9659258262890682,1.0,7.0
2026-07-21 13:20:00,190.0,7.0,0.9,1017.9,26.8,26.9,0.9,1.0,1.0,7.0,7.0,7.0,1017.9,1017.8,1017.6,0.9,0.0,0.9333333333333332,0.05773502691896255,7.0,0.0,7.0,0.0,0.2999999999999545,0.10000000000002274,-0.17364817766693047,-0.984807753012208,-0.2588190451025208,-0.9659258262890683,1.0,7.0
2026-07-21 15:20:00,200.0,8.0,1.0,1018.2,27.2,26.9,1.0,1.0,1.0,7.0,8.0,7.0,1018.0,1017.9,1017.9,1.0,0.0,1.0,0.0,7.666666666666667,0.5773502691896258,7.666666666666667,0.5163977794943221,0.3000000000000682,0.3000000000000682,-0.34202014332566866,-0.9396926207859084,-0.7071067811865471,-0.7071067811865479,1.0,8.0
2026-07-21 17:20:00,200.0,7.0,1.2,1018.2,27.2,27.0,1.2,1.1,1.1,7.0,7.0,8.0,1018.1,1018.1,1018.2,1.2,0.0,1.1666666666666667,0.05773502691896261,7.0,0.0,7.333333333333333,0.5163977794943212,0.0,0.10000000000002274,-0.34202014332566866,-0.9396926207859084,-0.9659258262890683,-0.25881904510252063,1.2,9.0
2026-07-21 17:50:00,190.0,9.0,1.2,1018.1,27.2,27.0,1.2,1.2,1.1,9.0,7.0,7.0,1018.2,1018.2,1018.1,1.2,0.0,1.2,0.0,8.666666666666666,0.5773502691896261,7.833333333333333,0.9831920802501756,0.0,-0.10000000000002274,-0.17364817766693047,-0.984807753012208,-0.9659258262890683,-0.25881904510252063,1.3,9.0
2026-07-21 20:20:00,190.0,11.0,1.6,1017.8,26.2,27.0,1.6,1.5,1.4,12.0,12.0,11.0,1018.0,1018.1,1018.3,1.6,0.0,1.5666666666666667,0.057735026918962006,11.666666666666666,0.5773502691896255,11.666666666666666,0.5163977794943251,-0.5,-0.3000000000000682,-0.17364817766693047,-0.984807753012208,-0.8660254037844386,0.5000000000000001,1.8,9.0
2026-07-21 22:20:00,210.0,10.0,1.8,1017.2,26.4,27.0,1.8,1.8,1.7,10.0,11.0,11.0,1017.1,1016.9,1017.1,1.8,0.0,1.8,0.0,10.0,0.0,10.333333333333334,0.5163977794943309,0.10000000000002274,0.3000000000000682,-0.5000000000000001,-0.8660254037844386,-0.5000000000000004,0.8660254037844384,1.9,8.0
2026-07-22 00:20:00,200.0,9.0,1.8,1016.7,27.3,27.0,1.8,1.6,1.7,10.0,9.0,8.0,1016.5,1016.8,1016.9,1.8,0.0,1.7333333333333334,0.11547005383792518,9.333333333333334,0.5773502691896255,9.166666666666666,0.40824829046387023,-0.1999999999999318,-0.09999999999990905,-0.34202014332566866,-0.9396926207859084,0.0,1.0,1.8,9.0
2026-07-22 01:50:00,210.0,8.0,1.6,1017.8,27.4,27.0,1.6,1.7,1.8,8.0,8.0,9.0,1017.7,1017.6,1017.2,1.6,0.0,1.6333333333333335,0.057735026918962276,8.0,0.0,8.333333333333334,0.5163977794943405,0.599999999999909,0.1999999999999318,-0.5000000000000001,-0.8660254037844386,0.25881904510252074,0.9659258262890683,1.6,7.0
2026-07-22 02:20:00,200.0,7.0,1.6,1018.1,27.4,26.9,1.6,1.6,1.7,7.0,8.0,8.0,1018.1,1017.8,1017.6,1.6,0.0,1.6,0.0,7.0,0.0,7.5,0.5477225575051989,0.5,0.3000000000000682,-0.34202014332566866,-0.9396926207859084,0.49999999999999994,0.8660254037844387,1.5,8.0
2026-07-22 03:20:00,200.0,8.0,1.6,1017.5,27.4,26.9,1.6,1.5,1.6,8.0,8.0,7.0,1017.6,1017.8,1018.1,1.6,0.0,1.5666666666666667,0.057735026918962595,8.0,0.0,7.833333333333333,0.40824829046389893,-0.6000000000000227,-0.2999999999999545,-0.34202014332566866,-0.9396926207859084,0.7071067811865476,0.7071067811865476,1.4,9.0
2026-07-22 04:20:00,200.0,9.0,1.6,1017.3,27.4,26.9,1.6,1.4,1.6,8.0,9.0,8.0,1017.2,1017.3,1017.5,1.6,0.0,1.5333333333333332,0.11547005383792529,8.666666666666666,0.5773502691896255,8.833333333333334,0.40824829046386646,-0.20000000000004547,0.0,-0.34202014332566866,-0.9396926207859084,0.8660254037844386,0.5000000000000001,1.5,9.0
2026-07-22 06:20:00,190.0,9.0,1.7,1016.6,27.3,26.9,1.7,1.6,1.6,9.0,9.0,9.0,1016.8,1016.8,1016.8,1.7,0.0,1.6666666666666667,0.05773502691896261,9.0,0.0,9.0,0.0,-0.1999999999999318,-0.1999999999999318,-0.17364817766693047,-0.984807753012208,1.0,6.123233995736766e-17,1.7,10.0
2026-07-22 07:20:00,200.0,9.0,1.6,1016.6,27.3,26.9,1.6,1.7,1.7,10.0,10.0,9.0,1016.5,1016.5,1016.6,1.6,0.0,1.6333333333333335,0.05773502691896261,9.666666666666666,0.5773502691896255,9.833333333333334,0.4082482904638632,0.0,0.10000000000002274,-0.34202014332566866,-0.9396926207859084,0.9659258262890683,-0.25881904510252063,1.9,9.0
2026-07-22 09:50:00,200.0,9.0,1.8,1017.4,27.3,26.9,1.8,1.7,1.8,9.0,8.0,8.0,1017.4,1017.3,1017.3,1.8,0.0,1.7666666666666668,0.057735026918962644,9.0,0.0,8.833333333333334,0.4082482904638632,0.10000000000002274,0.10000000000002274,-0.34202014332566866,-0.9396926207859084,0.7071067811865476,-0.7071067811865475,1.8,9.0
2026-07-22 11:20:00,200.0,9.0,1.8,1017.9,27.3,26.9,1.8,1.7,1.8,9.0,8.0,9.0,1017.8,1017.7,1017.6,1.8,0.0,1.7666666666666668,0.057735026918962644,9.0,0.0,8.833333333333334,0.4082482904638632,0.2999999999999545,0.1999999999999318,-0.34202014332566866,-0.9396926207859084,0.258819045102521,-0.9659258262890682,1.7,9.0
2026-07-22 13:20:00,200.0,9.0,1.9,1018.2,27.4,27.0,1.9,1.9,1.8,9.0,8.0,9.0,1018.3,1018.2,1018.2,1.9,0.0,1.9,0.0,8.666666666666666,0.5773502691896255,8.5,0.5477225575051671,0.0,0.0,-0.34202014332566866,-0.9396926207859084,-0.2588190451025208,-0.9659258262890683,1.7,8.0
2026-07-22 14:20:00,200.0,8.0,1.9,1018.3,27.4,27.0,1.9,1.7,1.9,8.0,8.0,9.0,1018.3,1018.3,1018.2,1.9,0.0,1.8333333333333333,0.11547005383792512,8.0,0.0,8.0,0.0,0.09999999999990905,0.0,-0.34202014332566866,-0.9396926207859084,-0.4999999999999997,-0.8660254037844388,1.8,9.0
2026-07-22 14:50:00,200.0,9.0,1.8,1018.3,27.4,27.0,1.8,1.9,1.7,8.0,8.0,8.0,1018.4,1018.3,1018.3,1.8,0.0,1.8499999999999999,0.057735026918962505,8.333333333333334,0.5773502691896255,8.166666666666666,0.4082482904638632,0.0,0.0,-0.34202014332566866,-0.9396926207859084,-0.4999999999999997,-0.8660254037844388,1.7,9.0
2026-07-22 15:20:00,200.0,9.0,1.7,1018.5,27.4,27.0,1.7,1.8,1.9,9.0,9.0,8.0,1018.4,1018.3,1018.3,1.7,0.0,1.75,0.057735026918962824,8.666666666666666,0.5773502691896255,8.5,0.5477225575051671,0.20000000000004547,0.20000000000004547,-0.34202014332566866,-0.9396926207859084,-0.7071067811865471,-0.7071067811865479,1.8,9.0
2026-07-22 16:20:00,200.0,8.0,1.9,1018.8,27.5,27.0,1.9,1.8,1.7,8.0,9.0,9.0,1018.8,1018.6,1018.5,1.9,0.0,1.8666666666666665,0.057735026918962276,8.333333333333334,0.5773502691896255,8.5,0.5477225575051671,0.2999999999999545,0.1999999999999318,-0.34202014332566866,-0.9396926207859084,-0.8660254037844385,-0.5000000000000004,1.9,8.0
2026-07-22 17:20:00,200.0,8.0,1.9,1018.8,27.5,27.1,1.9,1.9,1.9,8.0,8.0,8.0,1018.9,1018.8,1018.8,1.9,0.0,1.9,0.0,8.0,0.0,8.0,0.0,0.0,0.0,-0.34202014332566866,-0.9396926207859084,-0.9659258262890683,-0.25881904510252063,1.8,8.0
2026-07-22 17:50:00,200.0,8.0,1.8,1018.8,27.5,27.0,1.8,1.9,1.9,8.0,8.0,8.0,1018.8,1018.8,1018.8,1.8,0.0,1.8499999999999999,0.05773502691896256,8.0,0.0,8.0,0.0,0.0,0.0,-0.34202014332566866,-0.9396926207859084,-0.9659258262890683,-0.25881904510252063,2.0,7.0
2026-07-22 18:50:00,200.0,8.0,1.8,1018.8,27.6,27.1,1.8,2.0,1.8,7.0,7.0,8.0,1019.0,1018.9,1018.8,1.8,0.0,1.8666666666666665,0.11547005383792512,7.333333333333333,0.5773502691896258,7.333333333333333,0.5163977794943221,0.0,-0.10000000000002274,-0.34202014332566866,-0.9396926207859084,-1.0,-1.8369701987210297e-16,2.0,7.0
2026-07-22 19:20:00,200.0,7.0,2.0,1018.7,27.6,27.1,2.0,1.8,2.0,7.0,8.0,7.0,1018.7,1018.8,1018.9,2.0,0.0,1.9,0.11547005383792514,7.333333333333333,0.5773502691896258,7.333333333333333,0.5163977794943221,-0.1999999999999318,-0.09999999999990905,-0.34202014332566866,-0.9396926207859084,-0.9659258262890684,0.2588190451025203,1.9,8.0
2026-07-22 19:50:00,200.0,8.0,1.9,1018.8,27.6,27.1,1.9,2.0,1.8,8.0,7.0,8.0,1018.8,1018.7,1018.8,1.9,0.0,1.9500000000000002,0.05773502691896284,8.0,0.0,7.666666666666667,0.5163977794943221,0.0,0.09999999999990905,-0.34202014332566866,-0.9396926207859084,-0.9659258262890684,0.2588190451025203,1.9,8.0
2026-07-22 20:20:00,190.0,8.0,1.9,1018.8,27.6,27.2,1.9,1.9,2.0,8.0,8.0,7.0,1018.8,1018.8,1018.7,1.9,0.0,1.9,0.0,8.0,0.0,8.0,0.0,0.09999999999990905,0.0,-0.17364817766693047,-0.984807753012208,-0.8660254037844386,0.5000000000000001,2.0,8.0
2026-07-22 21:20:00,190.0,8.0,1.8,1018.5,27.7,27.2,1.8,2.0,1.9,8.0,8.0,8.0,1018.6,1018.7,1018.8,1.8,0.0,1.8666666666666665,0.11547005383792529,8.0,0.0,8.0,0.0,-0.2999999999999545,-0.20000000000004547,-0.17364817766693047,-0.984807753012208,-0.7071067811865477,0.7071067811865474,2.2,8.0
2026-07-22 22:20:00,190.0,8.0,1.9,1018.2,27.7,27.3,1.9,2.2,1.8,8.0,8.0,8.0,1018.2,1018.3,1018.5,1.9,0.0,2.0,0.17320508075688795,8.0,0.0,8.0,0.0,-0.2999999999999545,-0.09999999999990905,-0.17364817766693047,-0.984807753012208,-0.5000000000000004,0.8660254037844384,1.8,8.0
2026-07-22 22:50:00,190.0,8.0,1.8,1018.3,27.6,27.2,1.8,1.9,2.2,8.0,8.0,8.0,1018.2,1018.2,1018.3,1.8,0.0,1.8499999999999999,0.057735026918961714,7.666666666666667,0.5773502691896258,7.833333333333333,0.40824829046386296,0.0,0.09999999999990905,-0.17364817766693047,-0.984807753012208,-0.5000000000000004,0.8660254037844384,1.8,7.0
2026-07-22 23:40:00,200.0,7.0,1.8,1018.7,27.6,27.3,1.9,1.8,1.9,8.0,8.0,8.0,1018.6,1018.3,1018.2,1.85,0.07071067811865474,1.825,0.049999999999998795,7.666666666666667,0.5773502691896258,7.666666666666667,0.5163977794943221,0.5,0.40000000000009095,-0.34202014332566866,-0.9396926207859084,-0.25881904510252157,0.9659258262890681,1.9,7.0
2026-07-23 00:50:00,190.0,7.0,1.7,1018.8,27.4,27.3,1.7,1.9,1.8,7.0,7.0,7.0,1018.8,1018.8,1018.6,1.7,0.0,1.7999999999999998,0.11547005383792462,7.0,0.0,7.0,0.0,0.1999999999999318,0.0,-0.17364817766693047,-0.984807753012208,0.0,1.0,1.8,7.0
2026-07-23 01:20:00,200.0,7.0,1.8,1018.9,27.5,27.3,1.8,1.7,1.9,8.0,7.0,7.0,1018.9,1018.8,1018.8,1.8,0.0,1.75,0.05773502691896146,7.666666666666667,0.5773502691896258,7.333333333333333,0.5163977794943221,0.10000000000002274,0.10000000000002274,-0.34202014332566866,-0.9396926207859084,0.25881904510252074,0.9659258262890683,1.8,7.0
2026-07-23 02:50:00,190.0,7.0,1.6,1019.4,27.5,27.2,1.6,1.7,1.8,7.0,8.0,7.0,1019.3,1019.3,1019.3,1.6,0.0,1.6333333333333335,0.05773502691896232,7.0,0.0,7.166666666666667,0.40824829046386296,0.10000000000002274,0.10000000000002274,-0.17364817766693047,-0.984807753012208,0.49999999999999994,0.8660254037844387,1.7,8.0
2026-07-23 03:20:00,190.0,8.0,1.7,1019.3,27.4,27.2,1.7,1.6,1.7,8.0,7.0,8.0,1019.2,1019.4,1019.3,1.7,0.0,1.65,0.057735026918962415,7.666666666666667,0.5773502691896258,7.333333333333333,0.5163977794943221,0.0,-0.10000000000002274,-0.17364817766693047,-0.984807753012208,0.7071067811865476,0.7071067811865476,1.6,7.0
2026-07-23 04:20:00,190.0,8.0,1.6,1019.4,27.4,27.2,1.6,1.6,1.7,8.0,7.0,8.0,1019.4,1019.5,1019.3,1.6,0.0,1.6,0.0,8.0,0.0,7.833333333333333,0.4082482904638632,0.10000000000002274,-0.10000000000002274,-0.17364817766693047,-0.984807753012208,0.8660254037844386,0.5000000000000001,1.7,8.0
2026-07-23 05:20:00,190.0,8.0,1.6,1019.2,27.4,27.2,1.6,1.7,1.6,9.0,8.0,8.0,1019.2,1019.4,1019.4,1.6,0.0,1.6333333333333335,0.05773502691896253,8.333333333333334,0.5773502691896255,8.166666666666666,0.4082482904638632,-0.1999999999999318,-0.1999999999999318,-0.17364817766693047,-0.984807753012208,0.9659258262890683,0.25881904510252074,1.6,8.0
2026-07-23 06:20:00,190.0,8.0,1.7,1019.2,27.3,27.2,1.7,1.6,1.6,8.0,8.0,8.0,1019.2,1019.2,1019.2,1.7,0.0,1.6666666666666667,0.05773502691896261,8.0,0.0,8.0,0.0,0.0,0.0,-0.17364817766693047,-0.984807753012208,1.0,6.123233995736766e-17,1.4,9.0
2026-07-23 07:20:00,190.0,8.0,1.6,1018.9,27.2,27.2,1.6,1.4,1.7,8.0,9.0,8.0,1019.0,1019.0,1019.2,1.6,0.0,1.5333333333333332,0.11547005383792515,8.0,0.0,8.166666666666666,0.4082482904638632,-0.3000000000000682,-0.10000000000002274,-0.17364817766693047,-0.984807753012208,0.9659258262890683,-0.25881904510252063,1.6,8.0
2026-07-23 09:20:00,190.0,8.0,1.6,1019.3,27.2,27.2,1.6,1.5,1.4,8.0,8.0,8.0,1019.2,1019.0,1019.0,1.6,0.0,1.5666666666666667,0.05773502691896264,8.0,0.0,8.0,0.0,0.2999999999999545,0.2999999999999545,-0.17364817766693047,-0.984807753012208,0.7071067811865476,-0.7071067811865475,1.4,8.0
2026-07-23 11:20:00,190.0,7.0,1.4,1020.3,27.2,27.1,1.4,1.4,1.5,7.0,7.0,8.0,1020.4,1020.1,1019.9,1.4,0.0,1.4,0.0,7.0,0.0,7.0,0.0,0.39999999999997726,0.1999999999999318,-0.17364817766693047,-0.984807753012208,0.258819045102521,-0.9659258262890682,1.5,7.0
2026-07-23 12:20:00,200.0,7.0,1.5,1020.4,27.2,27.1,1.5,1.5,1.4,7.0,7.0,7.0,1020.5,1020.3,1020.3,1.5,0.0,1.5,0.0,7.0,0.0,7.0,0.0,0.10000000000002274,0.10000000000002274,-0.34202014332566866,-0.9396926207859084,1.2246467991473532e-16,-1.0,1.5,7.0
2026-07-23 12:50:00,190.0,7.0,1.5,1020.6,27.3,27.2,1.5,1.5,1.5,7.0,7.0,7.0,1020.5,1020.4,1020.3,1.5,0.0,1.5,0.0,7.0,0.0,7.0,0.0,0.3000000000000682,0.20000000000004547,-0.17364817766693047,-0.984807753012208,1.2246467991473532e-16,-1.0,1.4,6.0
2026-07-23 13:20:00,200.0,6.0,1.4,1020.9,27.4,27.2,1.4,1.5,1.5,6.0,7.0,7.0,1020.8,1020.6,1020.4,1.4,0.0,1.45,0.05773502691896274,6.333333333333333,0.5773502691896258,6.666666666666667,0.5163977794943221,0.5,0.2999999999999545,-0.34202014332566866,-0.9396926207859084,-0.2588190451025208,-0.9659258262890683,1.4,6.0
2026-07-23 14:20:00,200.0,7.0,1.4,1021.2,27.4,27.2,1.4,1.4,1.4,7.0,6.0,6.0,1021.0,1021.0,1020.9,1.4,0.0,1.4,0.0,6.666666666666667,0.5773502691896258,6.333333333333333,0.5163977794943221,0.3000000000000682,0.20000000000004547,-0.34202014332566866,-0.9396926207859084,-0.4999999999999997,-0.8660254037844388,1.4,7.0
2026-07-23 14:50:00,200.0,7.0,1.4,1021.0,27.4,27.3,1.4,1.4,1.4,7.0,7.0,6.0,1021.1,1021.2,1021.0,1.4,0.0,1.4,0.0,7.0,0.0,6.833333333333333,0.4082482904638632,0.0,-0.20000000000004547,-0.34202014332566866,-0.9396926207859084,-0.4999999999999997,-0.8660254037844388,1.4,7.0
2026-07-23 15:20:00,200.0,7.0,1.4,1021.0,27.5,27.3,1.4,1.4,1.4,6.0,7.0,7.0,1021.2,1021.0,1021.2,1.4,0.0,1.4,0.0,6.666666666666667,0.5773502691896258,6.833333333333333,0.40824829046386296,-0.20000000000004547,0.0,-0.34202014332566866,-0.9396926207859084,-0.7071067811865471,-0.7071067811865479,1.4,6.0
2026-07-23 16:20:00,200.0,6.0,1.4,1021.6,27.5,27.4,1.4,1.4,1.4,6.0,6.0,7.0,1021.5,1021.3,1021.0,1.4,0.0,1.4,0.0,6.0,0.0,6.0,0.0,0.6000000000000227,0.3000000000000682,-0.34202014332566866,-0.9396926207859084,-0.8660254037844385,-0.5000000000000004,1.2,6.0
2026-07-23 17:20:00,200.0,6.0,1.3,1021.2,27.5,27.4,1.3,1.2,1.4,6.0,6.0,6.0,1021.4,1021.5,1021.6,1.3,0.0,1.2666666666666666,0.05773502691896245,6.0,0.0,6.0,0.0,-0.39999999999997726,-0.2999999999999545,-0.34202014332566866,-0.9396926207859084,-0.9659258262890683,-0.25881904510252063,1.3,6.0
2026-07-23 17:50:00,190.0,6.0,1.3,1020.9,27.5,,1.3,1.3,1.2,6.0,6.0,6.0,1020.9,1021.2,1021.5,1.3,0.0,1.3,0.0,6.0,0.0,6.0,0.0,-0.6000000000000227,-0.3000000000000682,-0.17364817766693047,-0.984807753012208,-0.9659258262890683,-0.25881904510252063,1.3,6.0
2026-07-23 18:20:00,190.0,6.0,1.3,1020.6,27.5,27.5,1.3,1.3,1.3,6.0,6.0,6.0,1020.8,1020.9,1021.2,1.3,0.0,1.3,0.0,6.0,0.0,6.0,0.0,-0.6000000000000227,-0.2999999999999545,-0.17364817766693047,-0.984807753012208,-1.0,-1.8369701987210297e-16,1.4,5.0
2026-07-23 19:20:00,200.0,6.0,1.4,1020.0,27.5,27.5,1.4,1.4,1.3,6.0,5.0,6.0,1020.1,1020.2,1020.6,1.4,0.0,1.4,0.0,6.0,0.0,5.666666666666667,0.5163977794943221,-0.6000000000000227,-0.20000000000004547,-0.34202014332566866,-0.9396926207859084,-0.9659258262890684,0.2588190451025203,1.2,5.0
2026-07-23 20:20:00,210.0,5.0,1.3,1020.4,27.6,27.6,1.3,1.2,1.4,5.0,5.0,6.0,1020.3,1020.3,1020.0,1.3,0.0,1.2666666666666668,0.05773502691896245,5.0,0.0,5.333333333333333,0.5163977794943221,0.39999999999997726,0.10000000000002274,-0.5000000000000001,-0.8660254037844386,-0.8660254037844386,0.5000000000000001,1.4,5.0
2026-07-23 21:20:00,200.0,5.0,1.5,1020.5,27.6,27.6,1.5,1.4,1.3,5.0,5.0,5.0,1020.4,1020.4,1020.4,1.5,0.0,1.4666666666666668,0.05773502691896298,5.0,0.0,5.0,0.0,0.10000000000002274,0.10000000000002274,-0.34202014332566866,-0.9396926207859084,-0.7071067811865477,0.7071067811865474,1.4,5.0
2026-07-23 22:20:00,200.0,4.0,1.5,1020.5,27.6,27.6,1.5,1.4,1.5,4.0,5.0,5.0,1020.5,1020.3,1020.5,1.5,0.0,1.4666666666666668,0.057735026918962595,4.0,0.0,4.166666666666667,0.4082482904638632,0.0,0.20000000000004547,-0.34202014332566866,-0.9396926207859084,-0.5000000000000004,0.8660254037844384,1.5,4.0
2026-07-24 00:50:00,180.0,6.0,1.6,1021.0,27.4,27.5,1.6,1.5,1.5,5.0,5.0,5.0,1020.9,1020.8,1020.7,1.6,0.0,1.55,0.05773502691896274,5.333333333333333,0.5773502691896258,5.166666666666667,0.40824829046386296,0.2999999999999545,0.20000000000004547,1.2246467991473532e-16,-1.0,0.0,1.0,1.5,6.0
2026-07-24 01:50:00,180.0,6.0,1.6,1021.0,27.4,27.5,1.6,1.5,1.6,6.0,6.0,6.0,1021.1,1021.1,1021.0,1.6,0.0,1.5666666666666667,0.057735026918962595,6.0,0.0,6.0,0.0,0.0,-0.10000000000002274,1.2246467991473532e-16,-1.0,0.25881904510252074,0.9659258262890683,1.5,6.0
2026-07-24 02:20:00,180.0,6.0,1.5,1021.0,27.4,27.5,1.5,1.6,1.5,5.0,6.0,6.0,1021.0,1021.0,1021.1,1.5,0.0,1.55,0.057735026918962595,5.666666666666667,0.5773502691896258,5.833333333333333,0.40824829046386296,-0.10000000000002274,0.0,1.2246467991473532e-16,-1.0,0.49999999999999994,0.8660254037844387,1.5,6.0
2026-07-24 02:50:00,180.0,6.0,1.5,1021.2,27.4,27.4,1.5,1.5,1.6,6.0,6.0,6.0,1021.1,1021.0,1021.0,1.5,0.0,1.5,0.0,6.0,0.0,5.833333333333333,0.40824829046386296,0.20000000000004547,0.20000000000004547,1.2246467991473532e-16,-1.0,0.49999999999999994,0.8660254037844387,1.4,6.0
2026-07-24 03:20:00,180.0,6.0,1.4,1020.9,27.4,27.5,1.4,1.5,1.5,6.0,6.0,6.0,1021.1,1021.2,1021.0,1.4,0.0,1.45,0.05773502691896274,6.0,0.0,6.0,0.0,-0.10000000000002274,-0.3000000000000682,1.2246467991473532e-16,-1.0,0.7071067811865476,0.7071067811865476,1.5,7.0
2026-07-24 03:50:00,180.0,7.0,1.5,1020.9,27.4,27.5,1.5,1.4,1.5,7.0,6.0,6.0,1020.9,1020.9,1021.2,1.5,0.0,1.45,0.05773502691896274,6.666666666666667,0.5773502691896258,6.333333333333333,0.5163977794943221,-0.3000000000000682,0.0,1.2246467991473532e-16,-1.0,0.7071067811865476,0.7071067811865476,1.4,6.0
2026-07-24 04:20:00,180.0,6.0,1.4,1021.0,27.4,27.5,1.4,1.5,1.4,6.0,7.0,6.0,1021.2,1020.9,1020.9,1.4,0.0,1.45,0.05773502691896274,6.333333333333333,0.5773502691896258,6.5,0.5477225575051659,0.10000000000002274,0.10000000000002274,1.2246467991473532e-16,-1.0,0.8660254037844386,0.5000000000000001,1.6,6.0
2026-07-24 05:20:00,190.0,5.0,1.5,1021.0,27.4,27.5,1.5,1.6,1.4,5.0,6.0,6.0,1021.1,1021.2,1021.0,1.5,0.0,1.5333333333333332,0.05773502691896273,5.0,0.0,5.5,0.5477225575051659,0.0,-0.20000000000004547,-0.17364817766693047,-0.984807753012208,0.9659258262890683,0.25881904510252074,1.4,5.0
2026-07-24 06:20:00,190.0,4.0,1.4,1020.4,27.3,27.5,1.4,1.4,1.5,4.0,5.0,5.0,1020.5,1020.5,1021.0,1.4,0.0,1.4,0.0,4.0,0.0,4.5,0.5477225575051659,-0.6000000000000227,-0.10000000000002274,-0.17364817766693047,-0.984807753012208,1.0,6.123233995736766e-17,1.4,4.0
2026-07-24 06:50:00,190.0,4.0,1.4,1020.2,27.3,27.5,1.4,1.4,1.4,4.0,4.0,5.0,1020.4,1020.4,1020.5,1.4,0.0,1.4,0.0,4.0,0.0,4.0,0.0,-0.2999999999999545,-0.1999999999999318,-0.17364817766693047,-0.984807753012208,1.0,6.123233995736766e-17,1.4,4.0
2026-07-24 07:20:00,200.0,4.0,1.4,1020.0,27.3,27.5,1.4,1.4,1.4,4.0,4.0,4.0,1020.1,1020.2,1020.4,1.4,0.0,1.4,0.0,4.0,0.0,4.0,0.0,-0.39999999999997726,-0.20000000000004547,-0.34202014332566866,-0.9396926207859084,0.9659258262890683,-0.25881904510252063,1.3,4.0
2026-07-24 08:20:00,200.0,4.0,1.4,1019.9,27.3,27.5,1.4,1.3,1.4,4.0,4.0,4.0,1019.9,1020.0,1020.0,1.4,0.0,1.3666666666666665,0.05773502691896253,4.0,0.0,4.0,0.0,-0.10000000000002274,-0.10000000000002274,-0.34202014332566866,-0.9396926207859084,0.8660254037844387,-0.4999999999999998,1.4,3.0
2026-07-24 09:20:00,220.0,3.0,1.4,1020.3,27.3,27.5,1.4,1.4,1.4,3.0,3.0,4.0,1020.2,1020.0,1019.9,1.4,0.0,1.4,0.0,3.3333333333333335,0.5773502691896257,3.5,0.5477225575051664,0.39999999999997726,0.2999999999999545,-0.6427876096865393,-0.766044443118978,0.7071067811865476,-0.7071067811865475,1.3,2.0
2026-07-24 10:20:00,200.0,3.0,1.4,1020.4,27.3,27.5,1.4,1.3,1.4,3.0,2.0,3.0,1020.4,1020.3,1020.3,1.4,0.0,1.3666666666666665,0.05773502691896253,3.0,0.0,2.6666666666666665,0.5163977794943228,0.10000000000002274,0.10000000000002274,-0.34202014332566866,-0.9396926207859084,0.49999999999999994,-0.8660254037844387,1.3,3.0
2026-07-24 11:20:00,180.0,3.0,1.3,1020.5,27.3,27.5,1.3,1.3,1.4,3.0,3.0,3.0,1020.5,1020.5,1020.4,1.3,0.0,1.3,0.0,2.6666666666666665,0.5773502691896257,2.6666666666666665,0.5163977794943228,0.10000000000002274,0.0,1.2246467991473532e-16,-1.0,0.258819045102521,-0.9659258262890682,1.2,4.0
2026-07-24 12:20:00,180.0,4.0,1.2,1020.8,27.4,27.5,1.2,1.2,1.3,4.0,4.0,3.0,1020.6,1020.6,1020.5,1.2,0.0,1.2,0.0,4.333333333333333,0.5773502691896258,4.0,0.6324555320336763,0.2999999999999545,0.1999999999999318,1.2246467991473532e-16,-1.0,1.2246467991473532e-16,-1.0,1.1,4.0
2026-07-24 12:50:00,190.0,4.0,1.1,1021.0,27.4,27.5,1.1,1.2,1.2,4.0,4.0,4.0,1020.9,1020.8,1020.6,1.1,0.0,1.15,0.05773502691896256,4.0,0.0,4.166666666666667,0.408248290463864,0.39999999999997726,0.20000000000004547,-0.17364817766693047,-0.984807753012208,1.2246467991473532e-16,-1.0,1.3,4.0
2026-07-24 13:20:00,180.0,4.0,1.3,1020.9,27.5,27.5,1.3,1.1,1.2,4.0,4.0,4.0,1020.9,1021.0,1020.8,1.3,0.0,1.2000000000000002,0.11547005383792507,4.0,0.0,4.0,0.0,0.10000000000002274,-0.10000000000002274,1.2246467991473532e-16,-1.0,-0.2588190451025208,-0.9659258262890683,1.2,5.0
2026-07-24 14:20:00,180.0,4.0,1.1,1020.9,27.5,27.5,1.1,1.2,1.3,5.0,5.0,4.0,1020.8,1020.8,1020.9,1.1,0.0,1.1333333333333335,0.057735026918962276,4.666666666666667,0.5773502691896258,4.666666666666667,0.5163977794943221,0.0,0.10000000000002274,1.2246467991473532e-16,-1.0,-0.4999999999999997,-0.8660254037844388,1.2,4.0
2026-07-24 15:20:00,190.0,4.0,1.2,1021.2,27.6,27.5,1.2,1.2,1.1,4.0,4.0,4.0,1021.2,1021.3,1020.9,1.2,0.0,1.2,0.0,4.333333333333333,0.5773502691896258,4.166666666666667,0.4082482904638632,0.3000000000000682,-0.09999999999990905,-0.17364817766693047,-0.984807753012208,-0.7071067811865471,-0.7071067811865479,1.3,5.0
2026-07-24 15:50:00,190.0,5.0,1.3,1021.0,27.4,27.6,1.3,1.2,1.2,5.0,4.0,4.0,1021.0,1021.2,1021.3,1.3,0.0,1.25,0.05773502691896257,4.666666666666667,0.5773502691896258,4.5,0.5477225575051659,-0.2999999999999545,-0.20000000000004547,-0.17364817766693047,-0.984807753012208,-0.7071067811865471,-0.7071067811865479,1.2,4.0
2026-07-24 16:20:00,210.0,4.0,1.2,1021.1,27.5,27.6,1.2,1.3,1.2,5.0,5.0,4.0,1021.0,1021.0,1021.2,1.2,0.0,1.25,0.05773502691896257,4.666666666666667,0.5773502691896258,4.666666666666667,0.5163977794943221,-0.10000000000002274,0.10000000000002274,-0.5000000000000001,-0.8660254037844386,-0.8660254037844385,-0.5000000000000004,1.2,4.0
2026-07-24 17:20:00,210.0,3.0,1.1,1020.8,27.6,27.6,1.1,1.2,1.2,3.0,4.0,4.0,1021.0,1021.3,1021.1,1.1,0.0,1.1333333333333335,0.05773502691896261,3.0,0.0,3.3333333333333335,0.5163977794943202,-0.3000000000000682,-0.5,-0.5000000000000001,-0.8660254037844386,-0.9659258262890683,-0.25881904510252063,1.2,3.0
2026-07-24 18:20:00,200.0,4.0,1.2,1020.7,27.6,27.6,1.2,1.2,1.1,4.0,3.0,3.0,1020.6,1020.7,1020.8,1.2,0.0,1.2,0.0,4.0,0.0,3.5,0.5477225575051664,-0.09999999999990905,0.0,-0.34202014332566866,-0.9396926207859084,-1.0,-1.8369701987210297e-16,1.2,3.0
2026-07-24 18:50:00,220.0,3.0,1.2,1020.6,27.6,,1.2,1.2,1.2,3.0,4.0,3.0,1020.7,1020.7,1020.7,1.2,0.0,1.2,0.0,3.0,0.0,3.5,0.5477225575051664,-0.10000000000002274,-0.10000000000002274,-0.6427876096865393,-0.766044443118978,-1.0,-1.8369701987210297e-16,1.2,3.0
2026-07-24 19:20:00,230.0,3.0,1.2,1019.9,27.5,,1.2,1.2,1.2,3.0,3.0,4.0,1020.1,1020.6,1020.7,1.2,0.0,1.2,0.0,3.0,0.0,3.0,0.0,-0.8000000000000682,-0.7000000000000455,-0.7660444431189779,-0.6427876096865395,-0.9659258262890684,0.2588190451025203,1.2,3.0
2026-07-24 19:50:00,220.0,3.0,1.2,1019.7,27.5,27.6,1.2,1.2,1.2,3.0,3.0,3.0,1019.8,1019.9,1020.6,1.2,0.0,1.2,0.0,3.0,0.0,3.0,0.0,-0.8999999999999773,-0.1999999999999318,-0.6427876096865393,-0.766044443118978,-0.9659258262890684,0.2588190451025203,1.1,3.0
2026-07-24 21:20:00,190.0,3.0,1.2,1019.4,27.5,27.7,1.2,1.1,1.1,3.0,3.0,3.0,1019.4,1019.4,1019.5,1.2,0.0,1.1666666666666667,0.05773502691896261,3.0,0.0,2.8333333333333335,0.408248290463863,-0.10000000000002274,0.0,-0.17364817766693047,-0.984807753012208,-0.7071067811865477,0.7071067811865474,1.2,4.0
2026-07-24 22:20:00,200.0,4.0,1.1,1019.4,27.4,27.7,1.1,1.2,1.2,4.0,4.0,3.0,1019.2,1019.1,1019.4,1.1,0.0,1.1333333333333335,0.05773502691896261,4.0,0.0,4.0,0.0,0.0,0.2999999999999545,-0.34202014332566866,-0.9396926207859084,-0.5000000000000004,0.8660254037844384,1.1,3.0
2026-07-25 01:20:00,200.0,5.0,1.2,1019.6,27.4,27.6,1.2,1.1,1.2,5.0,5.0,4.0,1019.4,1019.3,1019.4,1.2,0.0,1.1666666666666667,0.0577350269189625,5.0,0.0,5.0,0.0,0.20000000000004547,0.3000000000000682,-0.34202014332566866,-0.9396926207859084,0.25881904510252074,0.9659258262890683,1.2,5.0
2026-07-25 02:20:00,190.0,5.0,1.2,1019.9,27.5,27.6,1.2,1.2,1.2,5.0,5.0,5.0,1019.9,1019.8,1019.6,1.2,0.0,1.2,0.0,5.0,0.0,4.833333333333333,0.40824829046386296,0.2999999999999545,0.10000000000002274,-0.17364817766693047,-0.984807753012208,0.49999999999999994,0.8660254037844387,1.2,5.0
2026-07-25 03:20:00,190.0,5.0,1.1,1019.8,27.4,27.6,1.1,1.2,1.2,5.0,5.0,5.0,1019.8,1019.7,1019.9,1.1,0.0,1.1333333333333335,0.05773502691896261,5.0,0.0,5.0,0.0,-0.10000000000002274,0.09999999999990905,-0.17364817766693047,-0.984807753012208,0.7071067811865476,0.7071067811865476,1.0,5.0
2026-07-25 03:50:00,190.0,5.0,1.0,1019.7,27.5,27.6,1.0,1.1,1.2,5.0,5.0,5.0,1019.7,1019.8,1019.7,1.0,0.0,1.05,0.057735026918962894,5.0,0.0,5.0,0.0,0.0,-0.09999999999990905,-0.17364817766693047,-0.984807753012208,0.7071067811865476,0.7071067811865476,1.0,4.0
2026-07-25 05:20:00,180.0,5.0,1.1,1018.9,27.5,27.5,1.1,1.0,1.0,5.0,4.0,4.0,1019.1,1019.4,1019.7,1.1,0.0,1.0666666666666667,0.057735026918962484,5.0,0.0,4.5,0.5477225575051659,-0.8000000000000682,-0.5,1.2246467991473532e-16,-1.0,0.9659258262890683,0.25881904510252074,1.0,5.0
2026-07-25 07:20:00,210.0,4.0,0.9,1018.5,27.5,27.5,0.9,1.0,1.0,5.0,5.0,5.0,1018.5,1018.6,1019.0,0.9,0.0,0.9333333333333332,0.05773502691896255,4.666666666666667,0.5773502691896258,4.833333333333333,0.40824829046386296,-0.5,-0.10000000000002274,-0.5000000000000001,-0.8660254037844386,0.9659258262890683,-0.25881904510252063,0.9,5.0
2026-07-25 07:50:00,210.0,5.0,0.9,1018.2,27.4,27.5,0.9,0.9,1.0,4.0,4.0,5.0,1018.3,1018.5,1018.6,0.9,0.0,0.9,0.0,4.666666666666667,0.5773502691896258,4.666666666666667,0.5163977794943221,-0.39999999999997726,-0.2999999999999545,-0.5000000000000001,-0.8660254037844386,0.9659258262890683,-0.25881904510252063,1.0,4.0
2026-07-25 09:20:00,220.0,5.0,1.0,1017.7,27.3,27.5,1.0,0.9,1.0,4.0,5.0,4.0,1017.8,1017.9,1018.1,1.0,0.0,0.9666666666666667,0.05773502691896255,4.333333333333333,0.5773502691896258,4.333333333333333,0.5163977794943221,-0.39999999999997726,-0.1999999999999318,-0.6427876096865393,-0.766044443118978,0.7071067811865476,-0.7071067811865475,0.9,4.0
2026-07-25 10:20:00,200.0,4.0,0.9,1017.5,27.3,27.5,0.9,0.9,1.0,4.0,4.0,5.0,1017.5,1017.5,1017.7,0.9,0.0,0.9,0.0,4.0,0.0,4.333333333333333,0.5163977794943221,-0.20000000000004547,0.0,-0.34202014332566866,-0.9396926207859084,0.49999999999999994,-0.8660254037844387,0.9,5.0
2026-07-25 10:50:00,220.0,5.0,0.9,1017.8,27.4,27.5,0.9,0.9,0.9,5.0,4.0,4.0,1017.6,1017.5,1017.5,0.9,0.0,0.9,0.0,4.666666666666667,0.5773502691896258,4.333333333333333,0.5163977794943221,0.2999999999999545,0.2999999999999545,-0.6427876096865393,-0.766044443118978,0.49999999999999994,-0.8660254037844387,0.9,5.0
2026-07-25 11:20:00,210.0,5.0,0.9,1018.2,27.4,27.5,0.9,0.9,0.9,5.0,5.0,4.0,1018.1,1017.8,1017.5,0.9,0.0,0.9,0.0,5.0,0.0,4.833333333333333,0.4082482904638632,0.7000000000000455,0.40000000000009095,-0.5000000000000001,-0.8660254037844386,0.258819045102521,-0.9659258262890682,0.9,5.0
2026-07-25 12:20:00,210.0,5.0,1.0,1018.4,27.5,27.5,1.0,0.9,0.9,5.0,5.0,5.0,1018.4,1018.4,1018.2,1.0,0.0,0.9666666666666668,0.05773502691896258,5.0,0.0,5.0,0.0,0.1999999999999318,0.0,-0.5000000000000001,-0.8660254037844386,1.2246467991473532e-16,-1.0,1.0,5.0
2026-07-25 13:20:00,200.0,5.0,1.0,1018.2,27.6,27.5,1.0,1.0,1.0,5.0,5.0,5.0,1017.9,1018.1,1018.4,1.0,0.0,1.0,0.0,5.0,0.0,5.0,0.0,-0.1999999999999318,0.10000000000002274,-0.34202014332566866,-0.9396926207859084,-0.2588190451025208,-0.9659258262890683,1.0,6.0
2026-07-25 14:20:00,210.0,6.0,1.0,1017.8,27.3,27.6,1.0,1.0,1.0,6.0,6.0,5.0,1018.1,1018.2,1018.2,1.0,0.0,1.0,0.0,6.333333333333333,0.5773502691896258,5.833333333333333,0.7527726527090811,-0.40000000000009095,-0.40000000000009095,-0.5000000000000001,-0.8660254037844386,-0.4999999999999997,-0.8660254037844388,1.1,7.0
2026-07-25 15:20:00,220.0,7.0,1.0,1017.9,27.4,27.5,1.0,1.1,1.0,7.0,7.0,6.0,1017.9,1018.0,1017.8,1.0,0.0,1.0333333333333332,0.057735026918962595,7.0,0.0,7.0,0.0,0.10000000000002274,-0.10000000000002274,-0.6427876096865393,-0.766044443118978,-0.7071067811865471,-0.7071067811865479,1.1,7.0
2026-07-25 16:20:00,220.0,7.0,1.1,1017.7,27.5,27.5,1.1,1.1,1.0,7.0,7.0,7.0,1017.7,1017.9,1017.9,1.1,0.0,1.1,0.0,7.0,0.0,7.0,0.0,-0.1999999999999318,-0.1999999999999318,-0.6427876096865393,-0.766044443118978,-0.8660254037844385,-0.5000000000000004,1.2,6.0
2026-07-25 16:50:00,220.0,6.0,1.2,1017.7,27.6,27.5,1.2,1.1,1.1,6.0,7.0,7.0,1017.7,1017.7,1017.9,1.2,0.0,1.15,0.05773502691896256,6.333333333333333,0.5773502691896258,6.666666666666667,0.5163977794943221,-0.1999999999999318,0.0,-0.6427876096865393,-0.766044443118978,-0.8660254037844385,-0.5000000000000004,1.2,6.0
2026-07-25 17:20:00,230.0,6.0,1.2,1017.5,27.6,27.5,1.2,1.2,1.1,6.0,6.0,7.0,1017.6,1017.7,1017.7,1.2,0.0,1.2,0.0,6.0,0.0,6.166666666666667,0.4082482904638632,-0.20000000000004547,-0.20000000000004547,-0.7660444431189779,-0.6427876096865395,-0.9659258262890683,-0.25881904510252063,1.2,6.0
2026-07-25 18:20:00,220.0,7.0,1.2,1016.5,27.4,27.5,1.2,1.2,1.2,7.0,6.0,6.0,1016.6,1017.0,1017.5,1.2,0.0,1.2,0.0,6.666666666666667,0.5773502691896258,6.333333333333333,0.5163977794943221,-1.0,-0.5,-0.6427876096865393,-0.766044443118978,-1.0,-1.8369701987210297e-16,1.1,7.0
2026-07-25 19:20:00,230.0,6.0,1.2,1016.2,27.5,27.6,1.2,1.1,1.2,7.0,7.0,7.0,1016.2,1016.4,1016.5,1.2,0.0,1.1666666666666667,0.05773502691896253,6.666666666666667,0.5773502691896258,6.666666666666667,0.5163977794943221,-0.2999999999999545,-0.1999999999999318,-0.7660444431189779,-0.6427876096865395,-0.9659258262890684,0.2588190451025203,1.2,7.0
2026-07-25 20:20:00,270.0,7.0,1.3,1015.8,26.3,27.6,1.3,1.2,1.2,5.0,7.0,6.0,1015.9,1016.1,1016.2,1.3,0.0,1.2666666666666666,0.057735026918962595,6.0,1.0,6.666666666666667,1.0327955589886444,-0.40000000000009095,-0.3000000000000682,-1.0,-1.8369701987210297e-16,-0.8660254037844386,0.5000000000000001,1.2,6.0
2026-07-25 21:20:00,270.0,6.0,1.1,1015.8,26.5,27.6,1.1,1.2,1.3,6.0,6.0,7.0,1016.0,1015.9,1015.8,1.1,0.0,1.1333333333333335,0.057735026918962276,6.333333333333333,0.5773502691896258,6.333333333333333,0.5163977794943215,0.0,-0.10000000000002274,-1.0,-1.8369701987210297e-16,-0.7071067811865477,0.7071067811865474,1.3,7.0
2026-07-25 22:20:00,260.0,7.0,1.2,1015.3,26.5,27.6,1.2,1.3,1.1,6.0,7.0,6.0,1015.4,1015.5,1015.8,1.2,0.0,1.2333333333333332,0.05773502691896245,6.333333333333333,0.5773502691896258,6.666666666666667,0.5163977794943215,-0.5,-0.20000000000004547,-0.984807753012208,-0.17364817766693033,-0.5000000000000004,0.8660254037844384,1.3,7.0
2026-07-26 00:50:00,250.0,5.0,1.3,1014.7,26.8,27.5,1.3,1.4,1.3,5.0,5.0,5.0,1014.6,1014.5,1014.5,1.3,0.0,1.3499999999999999,0.057735026918962554,5.0,0.0,5.0,0.0,0.20000000000004547,0.20000000000004547,-0.9396926207859084,-0.34202014332566855,0.0,1.0,1.2,5.0
2026-07-26 01:20:00,240.0,5.0,1.2,1014.8,26.8,27.5,1.2,1.3,1.4,5.0,5.0,5.0,1014.7,1014.7,1014.5,1.2,0.0,1.25,0.05773502691896233,5.0,0.0,5.0,0.0,0.2999999999999545,0.09999999999990905,-0.8660254037844385,-0.5000000000000004,0.25881904510252074,0.9659258262890683,1.1,6.0
2026-07-26 01:50:00,240.0,6.0,1.1,1014.9,26.9,27.5,1.1,1.2,1.3,6.0,5.0,5.0,1014.8,1014.8,1014.7,1.1,0.0,1.15,0.05773502691896156,6.0,0.0,5.5,0.5477225575051659,0.1999999999999318,0.10000000000002274,-0.8660254037844385,-0.5000000000000004,0.25881904510252074,0.9659258262890683,1.2,6.0
2026-07-26 02:20:00,230.0,6.0,1.2,1014.5,26.9,27.5,1.2,1.1,1.2,6.0,6.0,5.0,1014.6,1014.9,1014.8,1.2,0.0,1.15,0.05773502691896156,6.0,0.0,6.0,0.0,-0.2999999999999545,-0.39999999999997726,-0.7660444431189779,-0.6427876096865395,0.49999999999999994,0.8660254037844387,1.3,5.0
2026-07-26 02:50:00,230.0,5.0,1.3,1013.9,26.9,27.5,1.3,1.2,1.1,5.0,6.0,6.0,1014.1,1014.5,1014.9,1.3,0.0,1.25,0.05773502691896233,5.0,0.0,5.5,0.5477225575051659,-1.0,-0.6000000000000227,-0.7660444431189779,-0.6427876096865395,0.49999999999999994,0.8660254037844387,1.2,5.0
2026-07-26 03:20:00,220.0,5.0,1.2,1013.7,26.8,27.5,1.2,1.3,1.2,5.0,5.0,6.0,1013.8,1013.9,1014.5,1.2,0.0,1.25,0.05773502691896233,5.0,0.0,5.0,0.0,-0.7999999999999545,-0.1999999999999318,-0.6427876096865393,-0.766044443118978,0.7071067811865476,0.7071067811865476,1.2,5.0
2026-07-26 03:50:00,220.0,5.0,1.2,1013.5,26.7,27.5,1.2,1.2,1.3,5.0,5.0,5.0,1013.6,1013.7,1013.9,1.2,0.0,1.2,0.0,5.0,0.0,5.0,0.0,-0.39999999999997726,-0.20000000000004547,-0.6427876096865393,-0.766044443118978,0.7071067811865476,0.7071067811865476,1.2,5.0
2026-07-26 04:20:00,220.0,5.0,1.2,1013.2,26.8,27.5,1.2,1.2,1.2,5.0,5.0,5.0,1013.3,1013.5,1013.7,1.2,0.0,1.2,0.0,5.0,0.0,5.0,0.0,-0.5,-0.2999999999999545,-0.6427876096865393,-0.766044443118978,0.8660254037844386,0.5000000000000001,1.1,5.0
2026-07-26 05:20:00,210.0,6.0,1.2,1013.0,27.0,27.5,1.2,1.1,1.2,6.0,5.0,5.0,1013.1,1013.1,1013.2,1.2,0.0,1.1666666666666667,0.05773502691896253,6.0,0.0,5.5,0.5477225575051659,-0.20000000000004547,-0.10000000000002274,-0.5000000000000001,-0.8660254037844386,0.9659258262890683,0.25881904510252074,1.1,6.0
2026-07-26 05:50:00,210.0,6.0,1.1,1012.6,27.0,27.5,1.1,1.2,1.1,6.0,6.0,5.0,1012.9,1013.0,1013.1,1.1,0.0,1.15,0.057735026918962554,6.333333333333333,0.5773502691896258,6.166666666666667,0.408248290463863,-0.5,-0.39999999999997726,-0.5000000000000001,-0.8660254037844386,0.9659258262890683,0.25881904510252074,1.2,6.0
2026-07-26 06:20:00,200.0,6.0,1.2,1011.9,27.0,27.5,1.2,1.1,1.2,5.0,6.0,6.0,1012.2,1012.6,1013.0,1.2,0.0,1.15,0.057735026918962554,5.333333333333333,0.5773502691896258,5.833333333333333,0.752772652709081,-1.1000000000000227,-0.7000000000000455,-0.34202014332566866,-0.9396926207859084,1.0,6.123233995736766e-17,1.1,4.0
2026-07-26 07:20:00,280.0,4.0,1.1,1011.2,24.1,27.4,1.1,1.1,1.2,6.0,4.0,6.0,1011.4,1011.8,1011.9,1.1,0.0,1.1,0.0,5.666666666666667,1.5275252316519474,5.666666666666667,1.632993161855452,-0.6999999999999318,-0.599999999999909,-0.9848077530122081,0.17364817766692997,0.9659258262890683,-0.25881904510252063,1.1,4.0
2026-07-26 09:20:00,190.0,5.0,1.1,1010.8,25.2,27.4,1.1,1.1,1.1,3.0,2.0,4.0,1010.7,1010.9,1011.0,1.1,0.0,1.1,0.0,3.3333333333333335,1.5275252316519465,3.0,1.0954451150103348,-0.20000000000004547,-0.10000000000002274,-0.17364817766693047,-0.984807753012208,0.7071067811865476,-0.7071067811865475,1.0,5.0
2026-07-26 10:20:00,200.0,6.0,1.0,1009.9,26.0,27.4,1.0,1.0,1.1,4.0,5.0,5.0,1010.0,1010.2,1010.8,1.0,0.0,1.0,0.0,5.0,1.0,5.0,0.6324555320336759,-0.8999999999999773,-0.3000000000000682,-0.34202014332566866,-0.9396926207859084,0.49999999999999994,-0.8660254037844387,1.0,9.0
2026-07-26 11:20:00,220.0,8.0,1.1,1009.3,26.4,27.4,1.1,1.0,1.0,8.0,9.0,6.0,1009.4,1009.5,1009.9,1.1,0.0,1.0666666666666667,0.057735026918962484,8.0,0.0,8.0,0.6324555320336771,-0.6000000000000227,-0.20000000000004547,-0.6427876096865393,-0.766044443118978,0.258819045102521,-0.9659258262890682,1.2,8.0
2026-07-26 12:20:00,300.0,8.0,1.3,1009.0,26.3,27.5,1.3,1.2,1.1,8.0,8.0,8.0,1008.9,1008.9,1009.3,1.3,0.0,1.2666666666666666,0.05773502691896285,8.0,0.0,8.166666666666666,0.40824829046386524,-0.2999999999999545,0.10000000000002274,-0.8660254037844386,0.5000000000000001,1.2246467991473532e-16,-1.0,1.3,10.0
2026-07-26 12:50:00,330.0,10.0,1.3,1009.2,25.7,27.4,1.3,1.3,1.2,9.0,8.0,8.0,1009.1,1009.0,1008.9,1.3,0.0,1.3,0.0,9.666666666666666,0.5773502691896266,8.833333333333334,0.9831920802501763,0.3000000000000682,0.20000000000004547,-0.5000000000000004,0.8660254037844384,1.2246467991473532e-16,-1.0,1.3,10.0
2026-07-26 13:20:00,340.0,10.0,1.3,1009.3,25.3,27.4,1.3,1.3,1.3,10.0,10.0,8.0,1009.2,1009.2,1009.0,1.3,0.0,1.3,0.0,9.666666666666666,0.5773502691896266,9.666666666666666,0.5163977794943281,0.2999999999999545,0.09999999999990905,-0.3420201433256686,0.9396926207859084,-0.2588190451025208,-0.9659258262890683,1.2,10.0
2026-07-26 14:20:00,330.0,10.0,1.3,1009.9,25.5,27.4,1.3,1.2,1.3,10.0,10.0,10.0,1009.9,1009.6,1009.3,1.3,0.0,1.2666666666666668,0.057735026918962595,10.0,0.0,9.666666666666666,0.5163977794943281,0.6000000000000227,0.2999999999999545,-0.5000000000000004,0.8660254037844384,-0.4999999999999997,-0.8660254037844388,1.4,10.0
2026-07-26 15:20:00,340.0,9.0,1.3,1010.7,25.6,27.4,1.3,1.4,1.3,9.0,10.0,10.0,1010.5,1010.2,1009.9,1.3,0.0,1.3333333333333333,0.05773502691896253,9.333333333333334,0.5773502691896255,9.833333333333334,0.7527726527090858,0.8000000000000682,0.5,-0.3420201433256686,0.9396926207859084,-0.7071067811865471,-0.7071067811865479,1.3,9.0
2026-07-26 16:20:00,360.0,9.0,1.3,1010.5,25.4,27.4,1.3,1.3,1.3,9.0,9.0,9.0,1010.5,1010.6,1010.7,1.3,0.0,1.3,0.0,9.0,0.0,8.833333333333334,0.40824829046386923,-0.20000000000004547,-0.10000000000002274,-2.4492935982947064e-16,1.0,-0.8660254037844385,-0.5000000000000004,1.3,8.0
2026-07-26 17:20:00,350.0,7.0,1.3,1010.6,25.4,27.3,1.3,1.3,1.3,7.0,8.0,9.0,1010.6,1010.5,1010.5,1.3,0.0,1.3,0.0,7.0,0.0,7.5,0.5477225575051746,0.10000000000002274,0.10000000000002274,-0.1736481776669304,0.984807753012208,-0.9659258262890683,-0.25881904510252063,1.2,6.0
2026-07-26 18:20:00,360.0,5.0,1.3,1010.3,25.5,27.4,1.3,1.2,1.3,6.0,6.0,7.0,1010.4,1010.5,1010.6,1.3,0.0,1.2666666666666666,0.057735026918962595,5.666666666666667,0.5773502691896258,5.833333333333333,0.40824829046386296,-0.3000000000000682,-0.20000000000004547,-2.4492935982947064e-16,1.0,-1.0,-1.8369701987210297e-16,1.2,7.0
2026-07-26 19:20:00,360.0,5.0,1.3,1010.3,25.4,27.4,1.3,1.2,1.3,5.0,7.0,5.0,1010.3,1010.5,1010.3,1.3,0.0,1.2666666666666668,0.057735026918962595,5.333333333333333,0.5773502691896258,5.666666666666667,0.816496580927726,0.0,-0.20000000000004547,-2.4492935982947064e-16,1.0,-0.9659258262890684,0.2588190451025203,1.3,6.0
2026-07-26 21:20:00,320.0,4.0,1.2,1010.3,25.7,27.4,1.2,1.2,1.3,5.0,5.0,5.0,1010.2,1010.2,1010.2,1.2,0.0,1.2,0.0,4.666666666666667,0.5773502691896258,4.666666666666667,0.516397779494322,0.09999999999990905,0.09999999999990905,-0.6427876096865396,0.7660444431189778,-0.7071067811865477,0.7071067811865474,1.3,4.0
2026-07-26 21:50:00,310.0,4.0,1.3,1010.4,25.8,27.4,1.3,1.2,1.2,4.0,4.0,5.0,1010.3,1010.3,1010.2,1.3,0.0,1.25,0.05773502691896257,4.333333333333333,0.5773502691896258,4.5,0.5477225575051657,0.1999999999999318,0.10000000000002274,-0.7660444431189781,0.6427876096865393,-0.7071067811865477,0.7071067811865474,1.3,6.0
2026-07-26 22:20:00,320.0,6.0,1.3,1010.4,25.7,27.4,1.3,1.3,1.2,5.0,4.0,4.0,1010.4,1010.4,1010.3,1.3,0.0,1.3,0.0,5.0,1.0,4.666666666666667,0.8164965809277257,0.10000000000002274,0.0,-0.6427876096865396,0.7660444431189778,-0.5000000000000004,0.8660254037844384,1.2,5.0
2026-07-26 22:50:00,320.0,5.0,1.2,1010.4,25.1,27.4,1.2,1.3,1.3,5.0,6.0,4.0,1010.4,1010.4,1010.4,1.2,0.0,1.25,0.05773502691896257,5.333333333333333,0.5773502691896258,5.166666666666667,0.7527726527090801,0.0,0.0,-0.6427876096865396,0.7660444431189778,-0.5000000000000004,0.8660254037844384,1.2,5.0
2026-07-27 00:20:00,330.0,3.0,1.1,1010.8,24.5,27.3,1.1,1.2,1.2,4.0,3.0,6.0,1010.9,1010.8,1010.4,1.1,0.0,1.15,0.05773502691896256,3.3333333333333335,0.5773502691896257,3.6666666666666665,0.8164965809277275,0.39999999999997726,0.0,-0.5000000000000004,0.8660254037844384,0.0,1.0,1.1,3.0
2026-07-27 00:50:00,320.0,3.0,1.1,1011.0,24.9,27.3,1.1,1.1,1.2,4.0,3.0,3.0,1010.9,1010.8,1010.8,1.1,0.0,1.1,0.0,3.3333333333333335,0.5773502691896257,3.3333333333333335,0.5163977794943254,0.20000000000004547,0.20000000000004547,-0.6427876096865396,0.7660444431189778,0.0,1.0,1.2,4.0
2026-07-27 01:20:00,320.0,4.0,1.2,1011.5,25.3,27.3,1.2,1.1,1.1,3.0,3.0,3.0,1011.3,1011.0,1010.8,1.2,0.0,1.15,0.05773502691896256,3.3333333333333335,0.5773502691896257,3.3333333333333335,0.5163977794943254,0.7000000000000455,0.5,-0.6427876096865396,0.7660444431189778,0.25881904510252074,0.9659258262890683,1.2,4.0
2026-07-27 02:20:00,340.0,4.0,1.2,1011.5,25.4,27.3,1.2,1.2,1.2,5.0,4.0,4.0,1011.5,1011.7,1011.5,1.2,0.0,1.2,0.0,4.666666666666667,0.5773502691896258,4.333333333333333,0.5163977794943234,0.0,-0.20000000000004547,-0.3420201433256686,0.9396926207859084,0.49999999999999994,0.8660254037844387,1.2,4.0
2026-07-27 03:20:00,330.0,3.0,1.1,1011.6,25.4,27.3,1.1,1.2,1.2,4.0,4.0,4.0,1011.5,1011.4,1011.5,1.1,0.0,1.1333333333333335,0.05773502691896261,3.6666666666666665,0.5773502691896257,3.8333333333333335,0.408248290463863,0.10000000000002274,0.20000000000004547,-0.5000000000000004,0.8660254037844384,0.7071067811865476,0.7071067811865476,1.2,4.0
2026-07-27 03:50:00,330.0,4.0,1.2,1011.9,25.7,27.3,1.2,1.1,1.2,5.0,3.0,4.0,1011.8,1011.6,1011.4,1.2,0.0,1.15,0.05773502691896253,4.333333333333333,0.5773502691896256,4.0,0.6324555320336759,0.5,0.2999999999999545,-0.5000000000000004,0.8660254037844384,0.7071067811865476,0.7071067811865476,1.2,4.0
2026-07-27 04:20:00,330.0,4.0,1.2,1011.8,25.7,27.3,1.2,1.2,1.1,4.0,4.0,3.0,1011.8,1011.9,1011.6,1.2,0.0,1.2,0.0,4.333333333333333,0.5773502691896256,4.333333333333333,0.5163977794943221,0.1999999999999318,-0.10000000000002274,-0.5000000000000004,0.8660254037844384,0.8660254037844386,0.5000000000000001,1.2,4.0
2026-07-27 05:20:00,320.0,4.0,1.2,1011.5,25.6,27.3,1.2,1.2,1.2,4.0,4.0,4.0,1011.6,1011.7,1011.8,1.2,0.0,1.2,0.0,4.0,0.0,4.166666666666667,0.40824829046386324,-0.2999999999999545,-0.20000000000004547,-0.6427876096865396,0.7660444431189778,0.9659258262890683,0.25881904510252074,1.1,3.0
2026-07-27 07:20:00,310.0,2.0,1.1,1011.0,25.6,27.2,1.1,1.1,1.2,2.0,3.0,3.0,1011.0,1011.2,1011.2,1.1,0.0,1.1,0.0,2.3333333333333335,0.5773502691896257,2.6666666666666665,0.5163977794943223,-0.20000000000004547,-0.20000000000004547,-0.7660444431189781,0.6427876096865393,0.9659258262890683,-0.25881904510252063,1.1,2.0
2026-07-27 07:50:00,330.0,2.0,1.1,1010.7,25.5,27.2,1.1,1.1,1.1,2.0,2.0,3.0,1010.7,1011.0,1011.2,1.1,0.0,1.1,0.0,2.0,0.0,2.1666666666666665,0.4082482904638636,-0.5,-0.2999999999999545,-0.5000000000000004,0.8660254037844384,0.9659258262890683,-0.25881904510252063,1.1,2.0
2026-07-27 08:50:00,330.0,1.0,1.1,1010.6,25.4,27.2,1.1,1.1,1.1,2.0,2.0,2.0,1010.7,1010.7,1010.7,1.1,0.0,1.1,0.0,1.3333333333333333,0.5773502691896258,1.5,0.5477225575051661,-0.10000000000002274,-0.10000000000002274,-0.5000000000000004,0.8660254037844384,0.8660254037844387,-0.4999999999999998,1.0,2.0
2026-07-27 09:20:00,310.0,2.0,1.0,1011.0,25.5,27.2,1.0,1.1,1.1,2.0,1.0,2.0,1010.9,1010.6,1010.7,1.0,0.0,1.05,0.05773502691896274,2.0,0.0,1.6666666666666667,0.5163977794943222,0.2999999999999545,0.39999999999997726,-0.7660444431189781,0.6427876096865393,0.7071067811865476,-0.7071067811865475,1.1,2.0
2026-07-27 09:50:00,330.0,2.0,1.1,1011.2,25.4,27.2,1.1,1.0,1.1,2.0,2.0,1.0,1011.0,1011.0,1010.6,1.1,0.0,1.05,0.05773502691896274,2.0,0.0,2.0,0.0,0.6000000000000227,0.20000000000004547,-0.5000000000000004,0.8660254037844384,0.7071067811865476,-0.7071067811865475,1.1,2.0
2026-07-27 11:20:00,360.0,2.0,1.0,1011.3,25.5,27.2,1.0,1.1,1.1,3.0,3.0,2.0,1011.4,1011.1,1011.2,1.0,0.0,1.0333333333333334,0.057735026918962484,2.6666666666666665,0.5773502691896257,2.5,0.5477225575051663,0.09999999999990905,0.1999999999999318,-2.4492935982947064e-16,1.0,0.258819045102521,-0.9659258262890682,1.1,3.0
2026-07-27 12:20:00,350.0,2.0,1.0,1011.6,25.6,27.2,1.0,1.1,1.0,2.0,3.0,2.0,1011.9,1011.6,1011.3,1.0,0.0,1.0333333333333334,0.057735026918962595,2.3333333333333335,0.5773502691896257,2.5,0.5477225575051664,0.3000000000000682,0.0,-0.1736481776669304,0.984807753012208,1.2246467991473532e-16,-1.0,1.1,2.0
2026-07-27 12:50:00,20.0,2.0,1.1,1011.8,25.5,27.2,1.1,1.0,1.1,3.0,2.0,3.0,1011.6,1011.6,1011.6,1.1,0.0,1.05,0.057735026918962595,2.3333333333333335,0.5773502691896257,2.3333333333333335,0.5163977794943226,0.1999999999999318,0.1999999999999318,0.3420201433256687,0.9396926207859084,1.2246467991473532e-16,-1.0,1.0,1.0
2026-07-27 13:20:00,350.0,1.0,1.0,1012.1,25.8,27.3,1.0,1.1,1.0,1.0,2.0,2.0,1012.1,1011.8,1011.6,1.0,0.0,1.05,0.057735026918962595,1.3333333333333333,0.5773502691896258,1.8333333333333333,0.7527726527090812,0.5,0.3000000000000682,-0.1736481776669304,0.984807753012208,-0.2588190451025208,-0.9659258262890683,1.0,1.0
2026-07-27 13:50:00,50.0,1.0,1.0,1012.1,25.9,27.4,1.0,1.0,1.1,1.0,1.0,2.0,1012.3,1012.1,1011.8,1.0,0.0,1.0,0.0,1.0,0.0,1.1666666666666667,0.40824829046386346,0.3000000000000682,0.0,0.766044443118978,0.6427876096865394,-0.2588190451025208,-0.9659258262890683,1.1,0.0
2026-07-27 14:20:00,,0.0,1.1,1012.3,26.1,27.4,1.1,1.0,1.0,1.0,1.0,1.0,1012.2,1012.1,1012.1,1.1,0.0,1.05,0.05773502691896274,0.6666666666666666,0.5773502691896258,0.8333333333333334,0.408248290463863,0.1999999999999318,0.1999999999999318,,,-0.4999999999999997,-0.8660254037844388,1.0,0.0
2026-07-27 15:20:00,90.0,1.0,1.0,1011.9,26.2,27.4,1.0,1.0,1.1,0.0,0.0,0.0,1012.1,1012.3,1012.3,1.0,0.0,1.0,0.0,0.3333333333333333,0.5773502691896258,0.5,0.5477225575051662,-0.39999999999997726,-0.39999999999997726,1.0,6.123233995736766e-17,-0.7071067811865471,-0.7071067811865479,0.9,1.0
2026-07-27 16:20:00,110.0,1.0,0.9,1012.4,26.0,27.4,0.9,0.9,1.0,1.0,1.0,1.0,1012.1,1012.0,1011.9,0.9,0.0,0.9,0.0,0.6666666666666666,0.5773502691896258,0.8333333333333334,0.4082482904638631,0.5,0.39999999999997726,0.9396926207859084,-0.3420201433256687,-0.8660254037844385,-0.5000000000000004,0.9,1.0
2026-07-27 16:50:00,180.0,1.0,0.9,1012.5,26.2,27.4,0.9,0.9,0.9,1.0,1.0,1.0,1012.5,1012.4,1012.0,0.9,0.0,0.9,0.0,0.6666666666666666,0.5773502691896258,0.6666666666666666,0.5163977794943223,0.5,0.10000000000002274,1.2246467991473532e-16,-1.0,-0.8660254037844385,-0.5000000000000004,1.0,1.0
2026-07-27 17:20:00,160.0,1.0,1.0,1012.5,26.1,27.4,1.0,0.9,0.9,1.0,1.0,1.0,1012.5,1012.5,1012.4,1.0,0.0,0.95,0.05773502691896256,1.0,0.0,0.8333333333333334,0.4082482904638631,0.10000000000002274,0.0,0.3420201433256689,-0.9396926207859083,-0.9659258262890683,-0.25881904510252063,1.0,0.0
2026-07-27 18:20:00,,0.0,1.0,1011.9,26.7,27.4,1.0,1.0,1.0,0.0,0.0,1.0,1011.9,1012.3,1012.5,1.0,0.0,1.0,0.0,0.0,0.0,0.0,0.0,-0.6000000000000227,-0.39999999999997726,,,-1.0,-1.8369701987210297e-16,0.9,0.0
2026-07-27 19:20:00,,0.0,0.9,1011.4,26.9,27.5,0.9,0.9,1.0,0.0,0.0,0.0,1011.4,1011.6,1011.9,0.9,0.0,0.9,0.0,0.0,0.0,0.0,0.0,-0.5,-0.20000000000004547,,,-0.9659258262890684,0.2588190451025203,1.0,0.0
2026-07-27 20:20:00,60.0,1.0,0.9,1010.8,26.2,27.5,0.9,1.0,0.9,1.0,0.0,0.0,1010.8,1011.0,1011.4,0.9,0.0,0.9333333333333335,0.05773502691896256,1.0,0.0,0.6666666666666666,0.5163977794943223,-0.6000000000000227,-0.20000000000004547,0.8660254037844386,0.5000000000000001,-0.8660254037844386,0.5000000000000001,0.9,1.0
2026-07-27 20:50:00,40.0,1.0,0.9,1010.5,26.3,27.6,0.9,0.9,1.0,1.0,1.0,0.0,1010.8,1010.8,1011.0,0.9,0.0,0.9,0.0,1.0,0.0,1.0,0.0,-0.5,-0.2999999999999545,0.6427876096865393,0.766044443118978,-0.8660254037844386,0.5000000000000001,0.9,1.0
2026-07-27 21:20:00,70.0,1.0,0.9,1010.6,26.3,27.5,0.9,0.9,0.9,1.0,1.0,1.0,1010.7,1010.5,1010.8,0.9,0.0,0.9,0.0,1.0,0.0,1.0,0.0,-0.1999999999999318,0.10000000000002274,0.9396926207859083,0.3420201433256688,-0.7071067811865477,0.7071067811865474,0.8,2.0
2026-07-27 21:50:00,110.0,2.0,0.8,1010.2,26.3,27.5,0.8,0.9,0.9,2.0,1.0,1.0,1010.3,1010.6,1010.5,0.8,0.0,0.8500000000000001,0.05773502691896256,1.6666666666666667,0.5773502691896258,1.3333333333333333,0.5163977794943222,-0.2999999999999545,-0.39999999999997726,0.9396926207859084,-0.3420201433256687,-0.7071067811865477,0.7071067811865474,1.0,3.0
2026-07-28 00:50:00,110.0,4.0,0.8,1010.2,26.2,27.7,0.8,0.8,0.9,5.0,4.0,3.0,1010.1,1009.9,1010.2,0.8,0.0,0.8,0.0,4.666666666666667,0.5773502691896258,4.333333333333333,0.5163977794943225,0.0,0.3000000000000682,0.9396926207859084,-0.3420201433256687,0.0,1.0,0.8,3.0
2026-07-28 01:20:00,100.0,3.0,0.8,1010.9,26.2,27.9,0.8,0.8,0.8,3.0,4.0,4.0,1010.7,1010.2,1009.9,0.8,0.0,0.8,0.0,3.3333333333333335,0.5773502691896257,4.0,0.8944271909999161,1.0,0.6999999999999318,0.984807753012208,-0.1736481776669303,0.25881904510252074,0.9659258262890683,0.8,4.0
2026-07-28 01:50:00,110.0,4.0,0.8,1011.2,26.3,27.6,0.8,0.8,0.8,4.0,3.0,4.0,1011.0,1010.9,1010.2,0.8,0.0,0.8,0.0,4.0,0.0,3.6666666666666665,0.5163977794943224,1.0,0.3000000000000682,0.9396926207859084,-0.3420201433256687,0.25881904510252074,0.9659258262890683,0.8,3.0
2026-07-28 02:20:00,110.0,3.0,0.8,1011.0,26.4,27.5,0.8,0.8,0.8,2.0,4.0,3.0,1011.2,1011.2,1010.9,0.8,0.0,0.8,0.0,2.6666666666666665,0.5773502691896257,3.3333333333333335,0.816496580927726,0.10000000000002274,-0.20000000000004547,0.9396926207859084,-0.3420201433256687,0.49999999999999994,0.8660254037844387,0.9,3.0
2026-07-28 03:20:00,140.0,4.0,0.8,1010.9,26.6,27.6,0.8,0.9,0.8,4.0,3.0,3.0,1010.7,1011.1,1011.0,0.8,0.0,0.8333333333333334,0.05773502691896256,3.6666666666666665,0.5773502691896257,3.3333333333333335,0.5163977794943223,-0.10000000000002274,-0.20000000000004547,0.6427876096865395,-0.7660444431189779,0.7071067811865476,0.7071067811865476,0.8,4.0
2026-07-28 04:20:00,130.0,4.0,0.8,1010.2,26.5,27.6,0.8,0.8,0.8,4.0,4.0,4.0,1010.4,1010.7,1010.9,0.8,0.0,0.8,0.0,4.0,0.0,4.0,0.0,-0.6999999999999318,-0.5,0.766044443118978,-0.6427876096865394,0.8660254037844386,0.5000000000000001,0.9,3.0
2026-07-28 05:20:00,100.0,3.0,0.9,1009.1,26.3,,0.9,0.9,0.8,4.0,3.0,4.0,1009.4,1009.8,1010.2,0.9,0.0,0.9,0.0,3.6666666666666665,0.5773502691896257,3.6666666666666665,0.5163977794943223,-1.1000000000000227,-0.6999999999999318,0.984807753012208,-0.1736481776669303,0.9659258262890683,0.25881904510252074,0.9,4.0
2026-07-28 06:20:00,100.0,4.0,0.9,1009.2,26.2,27.4,0.9,0.9,0.9,3.0,4.0,3.0,1009.1,1009.1,1009.1,0.9,0.0,0.9,0.0,3.6666666666666665,0.5773502691896257,3.8333333333333335,0.408248290463863,0.10000000000002274,0.10000000000002274,0.984807753012208,-0.1736481776669303,1.0,6.123233995736766e-17,0.8,4.0
2026-07-28 07:20:00,90.0,3.0,0.9,1009.0,26.2,27.4,0.9,0.8,0.9,4.0,4.0,4.0,1009.1,1009.0,1009.2,0.9,0.0,0.8666666666666667,0.05773502691896256,3.6666666666666665,0.5773502691896257,3.8333333333333335,0.408248290463863,-0.20000000000004547,0.0,1.0,6.123233995736766e-17,0.9659258262890683,-0.25881904510252063,0.9,4.0
2026-07-28 07:50:00,80.0,4.0,0.9,1008.7,26.1,27.4,0.9,0.9,0.8,4.0,3.0,4.0,1008.9,1009.0,1009.0,0.9,0.0,0.9,0.0,4.0,0.0,3.8333333333333335,0.408248290463863,-0.2999999999999545,-0.2999999999999545,0.984807753012208,0.17364817766693041,0.9659258262890683,-0.25881904510252063,0.9,4.0
2026-07-28 09:20:00,30.0,5.0,0.8,1008.4,26.0,27.4,0.8,0.8,0.9,5.0,4.0,4.0,1008.5,1008.5,1008.6,0.8,0.0,0.8,0.0,5.0,0.0,4.5,0.5477225575051659,-0.20000000000004547,-0.10000000000002274,0.49999999999999994,0.8660254037844387,0.7071067811865476,-0.7071067811865475,0.8,4.0
2026-07-28 09:50:00,40.0,4.0,0.8,1008.7,25.9,27.4,0.8,0.8,0.8,5.0,5.0,4.0,1008.6,1008.4,1008.5,0.8,0.0,0.8,0.0,4.666666666666667,0.5773502691896258,4.833333333333333,0.40824829046386296,0.20000000000004547,0.3000000000000682,0.6427876096865393,0.766044443118978,0.7071067811865476,-0.7071067811865475,0.9,5.0
2026-07-28 10:20:00,40.0,5.0,0.9,1008.9,25.9,27.4,0.9,0.8,0.8,4.0,4.0,5.0,1008.8,1008.7,1008.4,0.9,0.0,0.8500000000000001,0.05773502691896254,4.666666666666667,0.5773502691896258,4.666666666666667,0.5163977794943221,0.5,0.1999999999999318,0.6427876096865393,0.766044443118978,0.49999999999999994,-0.8660254037844387,0.9,4.0
2026-07-28 10:50:00,40.0,4.0,0.9,1009.2,26.0,27.4,0.9,0.9,0.8,4.0,5.0,4.0,1009.1,1008.9,1008.7,0.9,0.0,0.9,0.0,4.0,0.0,4.333333333333333,0.5163977794943221,0.5,0.3000000000000682,0.6427876096865393,0.766044443118978,0.49999999999999994,-0.8660254037844387,0.9,4.0
2026-07-28 11:20:00,40.0,4.0,0.9,1009.2,26.1,27.4,0.9,0.9,0.9,4.0,4.0,5.0,1009.2,1009.2,1008.9,0.9,0.0,0.9,0.0,4.0,0.0,4.0,0.0,0.3000000000000682,0.0,0.6427876096865393,0.766044443118978,0.258819045102521,-0.9659258262890682,0.9,4.0
2026-07-28 12:20:00,50.0,4.0,0.9,1009.3,26.0,27.4,0.9,0.9,0.9,4.0,4.0,4.0,1009.2,1009.1,1009.2,0.9,0.0,0.9,0.0,4.0,0.0,4.0,0.0,0.09999999999990905,0.1999999999999318,0.766044443118978,0.6427876096865394,1.2246467991473532e-16,-1.0,0.8,5.0
2026-07-28 12:50:00,60.0,5.0,0.8,1009.1,26.0,27.4,0.8,0.9,0.9,4.0,4.0,4.0,1009.1,1009.3,1009.1,0.8,0.0,0.8500000000000001,0.05773502691896256,4.333333333333333,0.5773502691896258,4.166666666666667,0.40824829046386296,0.0,-0.1999999999999318,0.8660254037844386,0.5000000000000001,1.2246467991473532e-16,-1.0,0.8,5.0
2026-07-28 13:20:00,60.0,5.0,0.8,1009.0,26.0,27.4,0.8,0.8,0.9,4.0,5.0,4.0,1009.1,1009.1,1009.3,0.8,0.0,0.8,0.0,4.333333333333333,0.5773502691896258,4.333333333333333,0.5163977794943221,-0.2999999999999545,-0.10000000000002274,0.8660254037844386,0.5000000000000001,-0.2588190451025208,-0.9659258262890683,0.9,5.0
2026-07-28 14:20:00,80.0,6.0,0.8,1009.0,26.0,27.5,0.8,0.9,0.8,6.0,5.0,5.0,1008.8,1009.0,1009.0,0.8,0.0,0.8333333333333334,0.05773502691896256,5.666666666666667,0.5773502691896258,5.333333333333333,0.5163977794943221,0.0,0.0,0.984807753012208,0.17364817766693041,-0.4999999999999997,-0.8660254037844388,0.9,3.0
2026-07-28 15:20:00,120.0,3.0,0.9,1009.7,26.3,27.5,0.9,0.9,0.8,3.0,3.0,6.0,1009.6,1009.5,1009.0,0.9,0.0,0.9,0.0,3.0,0.0,3.5,0.8366600265340772,0.7000000000000455,0.20000000000004547,0.8660254037844387,-0.4999999999999998,-0.7071067811865471,-0.7071067811865479,0.8,2.0
2026-07-28 17:20:00,,0.0,0.9,1009.4,26.5,27.6,0.9,0.9,0.9,1.0,0.0,2.0,1009.5,1009.7,1009.4,0.9,0.0,0.9,0.0,0.3333333333333333,0.5773502691896258,0.8333333333333334,0.9831920802501751,0.0,-0.3000000000000682,,,-0.9659258262890683,-0.25881904510252063,0.9,0.0
2026-07-28 19:20:00,220.0,2.0,0.9,1008.6,26.8,27.7,0.9,0.9,0.8,2.0,2.0,1.0,1008.6,1008.9,1009.4,0.9,0.0,0.9,0.0,1.6666666666666667,0.5773502691896258,1.6666666666666667,0.5163977794943226,-0.7999999999999545,-0.2999999999999545,-0.6427876096865393,-0.766044443118978,-0.9659258262890684,0.2588190451025203,1.0,2.0
2026-07-28 20:50:00,240.0,3.0,1.1,1008.4,27.0,27.9,1.1,1.1,1.0,3.0,3.0,2.0,1008.3,1008.4,1008.3,1.1,0.0,1.1,0.0,3.0,0.0,3.0,0.0,0.10000000000002274,0.0,-0.8660254037844385,-0.5000000000000004,-0.8660254037844386,0.5000000000000001,1.1,3.0
2026-07-28 21:20:00,250.0,3.0,1.1,1008.5,27.1,27.9,1.1,1.1,1.1,3.0,3.0,3.0,1008.4,1008.4,1008.4,1.1,0.0,1.1,0.0,3.0,0.0,3.0,0.0,0.10000000000002274,0.10000000000002274,-0.9396926207859084,-0.34202014332566855,-0.7071067811865477,0.7071067811865474,1.1,3.0
2026-07-28 22:20:00,240.0,4.0,1.0,1008.5,26.8,27.8,1.0,1.1,1.1,3.0,3.0,3.0,1008.3,1008.4,1008.5,1.0,0.0,1.0333333333333334,0.057735026918962484,3.6666666666666665,0.5773502691896257,3.3333333333333335,0.5163977794943223,0.0,0.10000000000002274,-0.8660254037844385,-0.5000000000000004,-0.5000000000000004,0.8660254037844384,1.1,5.0
2026-07-28 23:40:00,220.0,4.0,1.1,1008.2,26.8,27.6,1.1,1.1,1.0,5.0,5.0,4.0,1008.2,1007.9,1008.5,1.1,0.0,1.1,0.0,4.333333333333333,0.5773502691896258,4.333333333333333,0.5163977794943225,-0.2999999999999545,0.3000000000000682,-0.6427876096865393,-0.766044443118978,-0.25881904510252157,0.9659258262890681,1.2,5.0
2026-07-29 01:20:00,210.0,6.0,1.2,1008.2,27.0,27.5,1.2,1.1,1.2,5.0,6.0,5.0,1008.2,1008.0,1008.2,1.2,0.0,1.1666666666666667,0.05773502691896253,5.666666666666667,0.5773502691896258,5.5,0.5477225575051659,0.0,0.20000000000004547,-0.5000000000000001,-0.8660254037844386,0.25881904510252074,0.9659258262890683,1.2,6.0
2026-07-29 02:20:00,200.0,7.0,1.3,1008.1,27.1,27.5,1.3,1.2,1.2,7.0,6.0,6.0,1008.0,1008.5,1008.2,1.3,0.0,1.2666666666666666,0.057735026918962595,6.666666666666667,0.5773502691896258,6.333333333333333,0.5163977794943221,-0.10000000000002274,-0.39999999999997726,-0.34202014332566866,-0.9396926207859084,0.49999999999999994,0.8660254037844387,1.3,7.0
2026-07-29 02:50:00,200.0,7.0,1.3,1007.9,27.1,27.5,1.3,1.3,1.2,7.0,7.0,6.0,1007.8,1008.1,1008.5,1.3,0.0,1.3,0.0,7.0,0.0,6.833333333333333,0.4082482904638632,-0.6000000000000227,-0.20000000000004547,-0.34202014332566866,-0.9396926207859084,0.49999999999999994,0.8660254037844387,1.4,8.0
2026-07-29 03:20:00,200.0,8.0,1.4,1007.6,27.1,27.5,1.4,1.3,1.3,8.0,7.0,7.0,1007.8,1007.9,1008.1,1.4,0.0,1.35,0.05773502691896256,7.666666666666667,0.5773502691896258,7.333333333333333,0.5163977794943221,-0.5,-0.2999999999999545,-0.34202014332566866,-0.9396926207859084,0.7071067811865476,0.7071067811865476,1.6,8.0
2026-07-29 04:20:00,190.0,8.0,1.4,1006.7,27.3,27.5,1.4,1.6,1.4,8.0,8.0,8.0,1006.8,1006.9,1007.6,1.4,0.0,1.4666666666666666,0.11547005383792529,8.0,0.0,8.0,0.0,-0.8999999999999773,-0.1999999999999318,-0.17364817766693047,-0.984807753012208,0.8660254037844386,0.5000000000000001,1.5,9.0
2026-07-29 05:20:00,200.0,9.0,1.4,1006.8,27.5,27.5,1.4,1.5,1.4,9.0,9.0,8.0,1007.1,1006.8,1006.7,1.4,0.0,1.4333333333333333,0.057735026918962595,9.0,0.0,8.666666666666666,0.516397779494324,0.09999999999990905,0.0,-0.34202014332566866,-0.9396926207859084,0.9659258262890683,0.25881904510252074,1.5,9.0
2026-07-29 06:20:00,200.0,9.0,1.4,1005.5,27.5,27.5,1.4,1.5,1.4,9.0,9.0,9.0,1005.8,1006.2,1006.8,1.4,0.0,1.4333333333333333,0.057735026918962595,9.0,0.0,9.166666666666666,0.4082482904638683,-1.2999999999999545,-0.7000000000000455,-0.34202014332566866,-0.9396926207859084,1.0,6.123233995736766e-17,1.7,9.0
2026-07-29 06:50:00,200.0,9.0,1.7,1004.9,27.6,27.5,1.7,1.4,1.5,9.0,9.0,9.0,1005.3,1005.5,1006.2,1.7,0.0,1.55,0.17320508075688767,9.0,0.0,9.0,0.0,-1.3000000000000682,-0.6000000000000227,-0.34202014332566866,-0.9396926207859084,1.0,6.123233995736766e-17,1.5,9.0
2026-07-29 07:20:00,200.0,9.0,1.5,1004.6,27.6,27.5,1.5,1.7,1.4,9.0,9.0,9.0,1004.6,1004.9,1005.5,1.5,0.0,1.6,0.11547005383792493,9.333333333333334,0.5773502691896255,9.166666666666666,0.4082482904638632,-0.8999999999999773,-0.2999999999999545,-0.34202014332566866,-0.9396926207859084,0.9659258262890683,-0.25881904510252063,1.7,9.0
2026-07-29 09:20:00,210.0,9.0,1.7,1004.5,27.7,27.4,1.7,1.6,1.8,9.0,9.0,9.0,1004.7,1004.6,1004.4,1.7,0.0,1.6666666666666667,0.05773502691896273,9.333333333333334,0.5773502691896255,9.166666666666666,0.4082482904638632,0.10000000000002274,-0.10000000000002274,-0.5000000000000001,-0.8660254037844386,0.7071067811865476,-0.7071067811865475,1.8,9.0
2026-07-29 10:20:00,270.0,10.0,1.5,1005.2,24.1,27.4,1.5,1.8,1.7,10.0,9.0,9.0,1005.1,1004.4,1004.5,1.5,0.0,1.5999999999999999,0.1732050807568878,9.666666666666666,0.5773502691896255,9.333333333333334,0.5163977794943228,0.7000000000000455,0.8000000000000682,-1.0,-1.8369701987210297e-16,0.49999999999999994,-0.8660254037844387,1.7,6.0
2026-07-29 10:50:00,220.0,6.0,1.7,1004.3,23.8,27.4,1.7,1.5,1.8,7.0,10.0,9.0,1004.6,1005.2,1004.4,1.7,0.0,1.6,0.11547005383792514,7.0,1.000000000000002,8.333333333333334,1.6329931618554516,-0.10000000000002274,-0.900000000000091,-0.6427876096865393,-0.766044443118978,0.49999999999999994,-0.8660254037844387,1.6,7.0
2026-07-29 11:20:00,200.0,7.0,1.6,1003.3,24.7,27.4,1.6,1.7,1.5,6.0,6.0,10.0,1003.6,1004.3,1005.2,1.6,0.0,1.65,0.05773502691896235,6.333333333333333,0.5773502691896258,6.666666666666667,0.8164965809277238,-1.900000000000091,-1.0,-0.34202014332566866,-0.9396926207859084,0.258819045102521,-0.9659258262890682,1.6,11.0
2026-07-29 12:20:00,220.0,11.0,1.7,1003.2,25.6,27.3,1.7,1.6,1.6,11.0,11.0,7.0,1003.2,1003.5,1003.3,1.7,0.0,1.6666666666666667,0.05773502691896261,11.0,0.0,10.333333333333334,1.0327955589886413,-0.09999999999990905,-0.2999999999999545,-0.6427876096865393,-0.766044443118978,1.2246467991473532e-16,-1.0,1.9,6.0
2026-07-29 13:20:00,230.0,8.0,1.7,1004.0,26.3,27.3,1.7,1.9,1.7,6.0,6.0,11.0,1003.9,1004.0,1003.2,1.7,0.0,1.7666666666666666,0.11547005383792512,6.666666666666667,1.1547005383792515,7.166666666666667,1.3291601358251313,0.7999999999999545,0.0,-0.7660444431189779,-0.6427876096865395,-0.2588190451025208,-0.9659258262890683,1.9,9.0
2026-07-29 14:50:00,240.0,11.0,2.4,1004.9,26.8,27.3,2.4,2.1,1.9,11.0,8.0,9.0,1004.8,1004.4,1004.3,2.4,0.0,2.3,0.17320508075688765,10.333333333333334,1.1547005383792506,9.0,1.6733200530681505,0.6000000000000227,0.5,-0.8660254037844385,-0.5000000000000004,-0.4999999999999997,-0.8660254037844388,2.4,10.0
2026-07-29 15:50:00,220.0,10.0,2.4,1005.2,26.2,27.3,2.4,2.4,2.4,9.0,10.0,11.0,1005.4,1005.3,1004.9,2.4,0.0,2.4,0.0,9.333333333333334,0.5773502691896255,9.833333333333334,0.7527726527090741,0.3000000000000682,-0.09999999999990905,-0.6427876096865393,-0.766044443118978,-0.7071067811865471,-0.7071067811865479,2.4,10.0
2026-07-29 17:20:00,210.0,10.0,2.3,1004.9,26.4,27.3,2.3,2.5,2.4,11.0,10.0,10.0,1005.0,1005.1,1005.3,2.3,0.0,2.3666666666666667,0.11547005383792529,10.666666666666666,0.5773502691896255,10.333333333333334,0.5163977794943143,-0.39999999999997726,-0.20000000000004547,-0.5000000000000001,-0.8660254037844386,-0.9659258262890683,-0.25881904510252063,2.3,10.0
2026-07-29 18:20:00,220.0,9.0,2.6,1004.7,26.8,27.3,2.6,2.3,2.3,10.0,10.0,10.0,1004.7,1004.8,1004.9,2.6,0.0,2.5,0.1732050807568878,9.666666666666666,0.5773502691896255,10.0,0.632455532033669,-0.1999999999999318,-0.09999999999990905,-0.6427876096865393,-0.766044443118978,-1.0,-1.8369701987210297e-16,2.6,9.0
2026-07-29 18:50:00,220.0,9.0,2.6,1004.6,27.1,27.3,2.6,2.6,2.3,9.0,9.0,10.0,1004.7,1004.7,1004.8,2.6,0.0,2.6,0.0,9.0,0.0,9.333333333333334,0.5163977794943155,-0.1999999999999318,-0.10000000000002274,-0.6427876096865393,-0.766044443118978,-1.0,-1.8369701987210297e-16,2.5,8.0
2026-07-29 19:20:00,230.0,8.0,2.5,1004.8,27.3,27.3,2.5,2.6,2.6,8.0,9.0,9.0,1004.9,1004.6,1004.7,2.5,0.0,2.5500000000000003,0.05773502691896274,8.333333333333334,0.5773502691896255,8.666666666666666,0.5163977794943228,0.09999999999990905,0.1999999999999318,-0.7660444431189779,-0.6427876096865395,-0.9659258262890684,0.2588190451025203,2.6,7.0
2026-07-29 19:50:00,230.0,7.0,2.6,1004.9,27.4,27.3,2.6,2.5,2.6,7.0,8.0,9.0,1004.9,1004.8,1004.6,2.6,0.0,2.5500000000000003,0.05773502691896274,7.333333333333333,0.5773502691896258,7.833333333333333,0.7527726527090832,0.2999999999999545,0.10000000000002274,-0.7660444431189779,-0.6427876096865395,-0.9659258262890684,0.2588190451025203,2.3,6.0
2026-07-29 20:20:00,230.0,6.0,2.3,1004.7,27.4,27.3,2.3,2.6,2.5,7.0,7.0,8.0,1004.8,1004.9,1004.8,2.3,0.0,2.45,0.17320508075688798,6.666666666666667,0.5773502691896258,7.0,0.6324555320336801,-0.09999999999990905,-0.1999999999999318,-0.7660444431189779,-0.6427876096865395,-0.8660254037844386,0.5000000000000001,2.4,6.0
2026-07-29 21:20:00,300.0,5.0,2.7,1005.2,27.0,27.3,2.7,2.4,2.3,6.0,6.0,6.0,1005.0,1005.0,1004.7,2.7,0.0,2.6,0.17320508075688834,5.333333333333333,0.5773502691896258,5.666666666666667,0.5163977794943292,0.5,0.20000000000004547,-0.8660254037844386,0.5000000000000001,-0.7071067811865477,0.7071067811865474,2.2,6.0
2026-07-29 21:50:00,290.0,6.0,2.2,1005.4,27.1,27.3,2.2,2.7,2.4,6.0,5.0,6.0,1005.4,1005.2,1005.0,2.2,0.0,2.45,0.28867513459481303,6.0,0.0,5.666666666666667,0.5163977794943292,0.39999999999997726,0.1999999999999318,-0.9396926207859083,0.342020143325669,-0.7071067811865477,0.7071067811865474,2.5,4.0
2026-07-29 22:20:00,290.0,4.0,2.5,1005.8,27.1,27.4,2.5,2.2,2.7,5.0,6.0,5.0,1005.7,1005.4,1005.2,2.5,0.0,2.35,0.17320508075688779,4.666666666666667,0.5773502691896258,5.333333333333333,0.8164965809277305,0.599999999999909,0.39999999999997726,-0.9396926207859083,0.342020143325669,-0.5000000000000004,0.8660254037844384,2.6,4.0
2026-07-29 22:50:00,290.0,4.0,2.6,1006.0,27.0,27.4,2.6,2.5,2.2,4.0,4.0,6.0,1006.0,1005.8,1005.4,2.6,0.0,2.55,0.05773502691896497,4.0,0.0,4.333333333333333,0.5163977794943279,0.6000000000000227,0.20000000000004547,-0.9396926207859083,0.342020143325669,-0.5000000000000004,0.8660254037844384,2.6,5.0
2026-07-29 23:40:00,290.0,5.0,2.6,1006.6,26.9,27.3,2.8,2.6,2.5,5.0,4.0,4.0,1006.3,1006.0,1005.8,2.7,0.14142135623730948,2.65,0.10000000000000137,5.0,0.0,4.5,0.5477225575051715,0.8000000000000682,0.6000000000000227,-0.9396926207859083,0.342020143325669,-0.25881904510252157,0.9659258262890681,2.5,5.0
2026-07-30 01:20:00,290.0,5.0,2.7,1007.9,26.8,27.3,2.7,2.3,2.5,5.0,6.0,5.0,1007.7,1007.4,1007.2,2.7,0.0,2.566666666666667,0.23094010767585096,5.333333333333333,0.5773502691896258,5.5,0.5477225575051715,0.6999999999999318,0.5,-0.9396926207859083,0.342020143325669,0.25881904510252074,0.9659258262890683,2.6,4.0
2026-07-30 02:20:00,300.0,4.0,2.4,1008.8,26.8,27.3,2.4,2.6,2.7,4.0,4.0,5.0,1008.8,1008.4,1007.9,2.4,0.0,2.466666666666667,0.11547005383792558,4.0,0.0,4.333333333333333,0.5163977794943294,0.8999999999999773,0.39999999999997726,-0.8660254037844386,0.5000000000000001,0.49999999999999994,0.8660254037844387,2.4,4.0
2026-07-30 03:20:00,300.0,4.0,2.2,1008.9,26.5,27.3,2.2,2.4,2.4,4.0,4.0,4.0,1009.0,1008.9,1008.8,2.2,0.0,2.2666666666666666,0.11547005383792522,4.0,0.0,4.0,0.0,0.10000000000002274,0.0,-0.8660254037844386,0.5000000000000001,0.7071067811865476,0.7071067811865476,2.5,3.0
2026-08-03 14:20:00,180.0,10.0,2.1,1015.9,27.6,27.6,2.1,2.5,2.2,10.0,3.0,4.0,1015.8,1008.8,1008.9,2.1,0.0,2.2333333333333334,0.2309401076758504,10.333333333333334,0.5773502691896376,6.666666666666667,4.033195589934446,7.0,7.100000000000023,1.2246467991473532e-16,-1.0,-0.4999999999999997,-0.8660254037844388,2.6,10.0
2026-08-03 16:20:00,180.0,10.0,2.3,1016.3,27.7,27.6,2.3,2.3,2.3,10.0,10.0,9.0,1016.4,1016.4,1016.4,2.3,0.0,2.3,0.0,9.666666666666666,0.5773502691896255,9.666666666666666,0.5163977794943228,-0.10000000000002274,-0.10000000000002274,1.2246467991473532e-16,-1.0,-0.8660254037844385,-0.5000000000000004,2.3,9.0
2026-08-03 17:20:00,190.0,10.0,2.4,1016.8,27.8,27.6,2.4,2.3,2.3,9.0,9.0,10.0,1016.8,1016.6,1016.3,2.4,0.0,2.3666666666666667,0.05773502691896285,9.666666666666666,0.5773502691896255,9.5,0.5477225575051671,0.5,0.1999999999999318,-0.17364817766693047,-0.984807753012208,-0.9659258262890683,-0.25881904510252063,2.3,9.0
2026-08-03 17:50:00,190.0,9.0,2.3,1016.6,27.8,27.6,2.3,2.4,2.3,9.0,10.0,9.0,1016.7,1016.8,1016.6,2.3,0.0,2.3499999999999996,0.05773502691896269,9.0,0.0,9.333333333333334,0.516397779494324,0.0,-0.1999999999999318,-0.17364817766693047,-0.984807753012208,-0.9659258262890683,-0.25881904510252063,2.4,9.0
2026-08-03 18:20:00,190.0,9.0,2.4,1016.1,27.6,27.6,2.4,2.3,2.4,9.0,9.0,10.0,1016.2,1016.6,1016.8,2.4,0.0,2.3499999999999996,0.05773502691896269,9.0,0.0,9.0,0.0,-0.6999999999999318,-0.5,-0.17364817766693047,-0.984807753012208,-1.0,-1.8369701987210297e-16,2.3,8.0
2026-08-03 19:20:00,200.0,9.0,2.5,1016.0,27.5,27.6,2.5,2.3,2.4,9.0,8.0,9.0,1016.0,1016.1,1016.1,2.5,0.0,2.433333333333333,0.1154700538379253,8.666666666666666,0.5773502691896255,8.5,0.5477225575051671,-0.10000000000002274,-0.10000000000002274,-0.34202014332566866,-0.9396926207859084,-0.9659258262890684,0.2588190451025203,2.3,9.0
2026-08-03 20:20:00,200.0,8.0,2.6,1016.3,27.6,27.6,2.6,2.3,2.5,8.0,9.0,9.0,1016.1,1016.3,1016.0,2.6,0.0,2.5,0.1732050807568881,8.0,0.0,8.5,0.5477225575051671,0.2999999999999545,0.0,-0.34202014332566866,-0.9396926207859084,-0.8660254037844386,0.5000000000000001,2.4,8.0
2026-08-03 21:20:00,210.0,7.0,2.2,1016.2,27.6,27.6,2.2,2.4,2.6,7.0,8.0,8.0,1016.1,1016.0,1016.3,2.2,0.0,2.266666666666667,0.11547005383792455,7.333333333333333,0.5773502691896258,7.666666666666667,0.5163977794943221,-0.09999999999990905,0.20000000000004547,-0.5000000000000001,-0.8660254037844386,-0.7071067811865477,0.7071067811865474,2.6,8.0
2026-08-03 22:20:00,200.0,7.0,2.7,1016.0,27.6,27.6,2.7,2.6,2.2,7.0,8.0,7.0,1016.0,1016.0,1016.2,2.7,0.0,2.6666666666666665,0.057735026918960985,7.333333333333333,0.5773502691896258,7.333333333333333,0.5163977794943221,-0.20000000000004547,0.0,-0.34202014332566866,-0.9396926207859084,-0.5000000000000004,0.8660254037844384,2.3,8.0
2026-08-03 23:20:00,200.0,7.0,2.2,1016.3,27.5,27.6,2.2,2.3,2.7,8.0,8.0,7.0,1016.2,1016.1,1016.0,2.2,0.0,2.2333333333333334,0.057735026918962304,7.666666666666667,0.5773502691896258,7.833333333333333,0.40824829046386296,0.2999999999999545,0.1999999999999318,-0.34202014332566866,-0.9396926207859084,-0.25881904510252157,0.9659258262890681,2.4,7.0
2026-08-04 00:20:00,200.0,7.0,2.4,1016.6,27.5,27.6,2.4,2.4,2.2,8.0,7.0,7.0,1016.5,1016.5,1016.3,2.4,0.0,2.4,0.0,7.333333333333333,0.5773502691896258,7.166666666666667,0.40824829046386296,0.3000000000000682,0.10000000000002274,-0.34202014332566866,-0.9396926207859084,0.0,1.0,2.1,8.0
2026-08-04 01:20:00,200.0,8.0,2.1,1017.2,27.5,27.6,2.1,2.1,2.4,8.0,8.0,7.0,1017.2,1016.9,1016.6,2.1,0.0,2.1,0.0,7.666666666666667,0.5773502691896258,7.666666666666667,0.5163977794943221,0.6000000000000227,0.3000000000000682,-0.34202014332566866,-0.9396926207859084,0.25881904510252074,0.9659258262890683,2.3,8.0
2026-08-04 02:20:00,190.0,8.0,2.2,1017.4,27.5,27.6,2.2,2.3,2.1,8.0,8.0,8.0,1017.4,1017.3,1017.2,2.2,0.0,2.2333333333333334,0.05773502691896286,8.0,0.0,8.0,0.0,0.1999999999999318,0.10000000000002274,-0.17364817766693047,-0.984807753012208,0.49999999999999994,0.8660254037844387,2.3,7.0
2026-08-04 02:50:00,190.0,7.0,2.3,1017.5,27.5,27.6,2.3,2.2,2.3,8.0,8.0,8.0,1017.5,1017.4,1017.3,2.3,0.0,2.25,0.05773502691896284,7.666666666666667,0.5773502691896258,7.833333333333333,0.40824829046386296,0.20000000000004547,0.10000000000002274,-0.17364817766693047,-0.984807753012208,0.49999999999999994,0.8660254037844387,2.2,8.0
2026-08-04 03:20:00,190.0,8.0,2.2,1017.5,27.5,27.6,2.2,2.3,2.2,8.0,7.0,8.0,1017.5,1017.5,1017.4,2.2,0.0,2.25,0.05773502691896284,8.0,0.0,7.833333333333333,0.40824829046386296,0.10000000000002274,0.0,-0.17364817766693047,-0.984807753012208,0.7071067811865476,0.7071067811865476,2.0,8.0
2026-08-04 04:20:00,190.0,8.0,2.4,1017.5,27.5,27.6,2.4,2.0,2.2,8.0,8.0,8.0,1017.4,1017.5,1017.5,2.4,0.0,2.2666666666666666,0.23094010767585058,8.333333333333334,0.5773502691896255,8.166666666666666,0.4082482904638632,0.0,0.0,-0.17364817766693047,-0.984807753012208,0.8660254037844386,0.5000000000000001,2.3,8.0
2026-08-04 04:50:00,190.0,8.0,2.3,1017.6,27.4,27.6,2.3,2.4,2.0,7.0,8.0,8.0,1017.5,1017.5,1017.5,2.3,0.0,2.3499999999999996,0.057735026918964365,7.666666666666667,0.5773502691896258,8.0,0.6324555320336757,0.10000000000002274,0.10000000000002274,-0.17364817766693047,-0.984807753012208,0.8660254037844386,0.5000000000000001,2.2,7.0
2026-08-04 06:20:00,190.0,7.0,2.2,1017.1,27.5,27.6,2.2,2.3,2.2,8.0,7.0,7.0,1017.3,1017.5,1017.6,2.2,0.0,2.2333333333333334,0.05773502691896237,7.333333333333333,0.5773502691896258,7.166666666666667,0.40824829046386296,-0.5,-0.39999999999997726,-0.17364817766693047,-0.984807753012208,1.0,6.123233995736766e-17,2.4,7.0
2026-08-04 07:20:00,190.0,7.0,2.3,1017.1,27.5,27.6,2.3,2.4,2.2,8.0,7.0,7.0,1017.1,1017.0,1017.1,2.3,0.0,2.3333333333333335,0.05773502691896302,7.333333333333333,0.5773502691896258,7.333333333333333,0.5163977794943221,0.0,0.10000000000002274,-0.17364817766693047,-0.984807753012208,0.9659258262890683,-0.25881904510252063,2.2,7.0
2026-08-04 08:20:00,190.0,8.0,2.3,1017.0,27.4,27.6,2.3,2.2,2.3,7.0,7.0,7.0,1017.0,1017.1,1017.1,2.3,0.0,2.266666666666666,0.05773502691896237,7.333333333333333,0.5773502691896258,7.333333333333333,0.5163977794943221,-0.10000000000002274,-0.10000000000002274,-0.17364817766693047,-0.984807753012208,0.8660254037844387,-0.4999999999999998,2.2,7.0
2026-08-04 09:20:00,190.0,7.0,2.3,1017.6,27.4,27.5,2.3,2.2,2.3,7.0,7.0,8.0,1017.4,1017.3,1017.0,2.3,0.0,2.266666666666667,0.05773502691896237,7.0,0.0,7.0,0.0,0.6000000000000227,0.3000000000000682,-0.17364817766693047,-0.984807753012208,0.7071067811865476,-0.7071067811865475,2.1,7.0
2026-08-04 10:20:00,190.0,7.0,2.1,1018.2,27.5,27.5,2.1,2.1,2.3,8.0,7.0,7.0,1018.1,1017.9,1017.6,2.1,0.0,2.1,0.0,7.333333333333333,0.5773502691896258,7.333333333333333,0.5163977794943221,0.6000000000000227,0.3000000000000682,-0.17364817766693047,-0.984807753012208,0.49999999999999994,-0.8660254037844387,2.0,7.0
2026-08-04 10:50:00,180.0,7.0,2.0,1018.2,27.3,27.5,2.0,2.1,2.1,7.0,7.0,7.0,1018.3,1018.2,1017.9,2.0,0.0,2.05,0.05773502691896274,7.333333333333333,0.5773502691896258,7.333333333333333,0.5163977794943221,0.3000000000000682,0.0,1.2246467991473532e-16,-1.0,0.49999999999999994,-0.8660254037844387,2.1,7.0
2026-08-04 11:20:00,190.0,7.0,2.1,1018.4,27.5,27.5,2.1,2.0,2.1,7.0,7.0,7.0,1018.4,1018.2,1018.2,2.1,0.0,2.05,0.05773502691896274,7.0,0.0,7.166666666666667,0.4082482904638632,0.1999999999999318,0.1999999999999318,-0.17364817766693047,-0.984807753012208,0.258819045102521,-0.9659258262890682,2.3,7.0
2026-08-04 12:20:00,190.0,7.0,2.2,1018.7,27.4,27.6,2.2,2.3,2.1,7.0,7.0,7.0,1018.6,1018.6,1018.4,2.2,0.0,2.2333333333333334,0.05773502691896286,7.0,0.0,7.0,0.0,0.3000000000000682,0.10000000000002274,-0.17364817766693047,-0.984807753012208,1.2246467991473532e-16,-1.0,2.1,7.0
2026-08-04 13:20:00,180.0,7.0,1.9,1018.6,27.5,27.6,1.9,2.1,2.2,7.0,7.0,7.0,1018.7,1018.7,1018.7,1.9,0.0,1.9666666666666668,0.11547005383792554,7.333333333333333,0.5773502691896258,7.166666666666667,0.40824829046386296,-0.10000000000002274,-0.10000000000002274,1.2246467991473532e-16,-1.0,-0.2588190451025208,-0.9659258262890683,2.0,8.0
2026-08-04 14:20:00,190.0,8.0,1.8,1019.1,27.6,27.5,1.8,2.0,1.9,8.0,8.0,7.0,1018.9,1018.7,1018.6,1.8,0.0,1.8666666666666665,0.11547005383792529,8.0,0.0,7.666666666666667,0.5163977794943221,0.5,0.39999999999997726,-0.17364817766693047,-0.984807753012208,-0.4999999999999997,-0.8660254037844388,1.9,8.0
2026-08-04 14:50:00,180.0,8.0,1.9,1019.4,27.6,27.5,1.9,1.8,2.0,8.0,8.0,8.0,1019.1,1019.1,1018.7,1.9,0.0,1.85,0.0577350269189628,8.0,0.0,8.0,0.0,0.6999999999999318,0.2999999999999545,1.2246467991473532e-16,-1.0,-0.4999999999999997,-0.8660254037844388,2.0,7.0
2026-08-04 15:20:00,190.0,7.0,2.0,1019.6,27.6,27.6,2.0,1.9,1.8,7.0,8.0,8.0,1019.6,1019.4,1019.1,2.0,0.0,1.9499999999999997,0.057735026918962026,7.333333333333333,0.5773502691896258,7.666666666666667,0.5163977794943221,0.5,0.20000000000004547,-0.17364817766693047,-0.984807753012208,-0.7071067811865471,-0.7071067811865479,2.0,6.0
2026-08-04 15:50:00,190.0,6.0,2.0,1019.9,27.6,27.5,2.0,2.0,1.9,7.0,7.0,8.0,1019.7,1019.6,1019.4,2.0,0.0,2.0,0.0,6.666666666666667,0.5773502691896258,7.0,0.6324555320336763,0.5,0.2999999999999545,-0.17364817766693047,-0.984807753012208,-0.7071067811865471,-0.7071067811865479,1.9,6.0
2026-08-04 16:20:00,190.0,6.0,1.9,1020.0,27.7,27.5,1.9,2.0,2.0,6.0,6.0,7.0,1020.1,1019.9,1019.6,1.9,0.0,1.9500000000000002,0.05773502691896274,6.0,0.0,6.333333333333333,0.5163977794943234,0.39999999999997726,0.10000000000002274,-0.17364817766693047,-0.984807753012208,-0.8660254037844385,-0.5000000000000004,1.8,6.0
2026-08-04 17:20:00,180.0,6.0,1.9,1020.0,27.7,27.6,1.9,1.8,1.9,6.0,6.0,6.0,1019.9,1020.0,1020.0,1.9,0.0,1.8666666666666665,0.05773502691896253,6.0,0.0,6.0,0.0,0.0,0.0,1.2246467991473532e-16,-1.0,-0.9659258262890683,-0.25881904510252063,1.9,6.0
2026-08-04 17:50:00,160.0,6.0,1.9,1019.9,27.1,27.7,1.9,1.9,1.8,6.0,6.0,6.0,1020.0,1020.0,1020.0,1.9,0.0,1.9,0.0,6.0,0.0,6.0,0.0,-0.10000000000002274,-0.10000000000002274,0.3420201433256689,-0.9396926207859083,-0.9659258262890683,-0.25881904510252063,1.9,5.0
2026-08-04 18:20:00,320.0,5.0,1.9,1020.3,25.8,27.6,1.9,1.9,1.9,5.0,6.0,6.0,1019.9,1019.9,1020.0,1.9,0.0,1.9,0.0,5.0,0.0,5.5,0.5477225575051659,0.2999999999999545,0.39999999999997726,-0.6427876096865396,0.7660444431189778,-1.0,-1.8369701987210297e-16,1.7,5.0
2026-08-04 18:50:00,280.0,5.0,1.7,1020.9,25.1,27.6,1.7,1.9,1.9,5.0,5.0,6.0,1020.9,1020.3,1019.9,1.7,0.0,1.8,0.11547005383792508,5.666666666666667,1.1547005383792515,5.333333333333333,0.8164965809277259,1.0,0.6000000000000227,-0.9848077530122081,0.17364817766692997,-1.0,-1.8369701987210297e-16,1.7,8.0
2026-08-04 19:20:00,260.0,8.0,1.7,1020.9,24.8,27.6,1.7,1.7,1.9,7.0,5.0,5.0,1021.0,1020.9,1020.3,1.7,0.0,1.7,0.0,7.0,1.0,6.333333333333333,1.2110601416389968,0.6000000000000227,0.0,-0.984807753012208,-0.17364817766693033,-0.9659258262890684,0.2588190451025203,1.6,4.0
2026-08-04 21:20:00,250.0,3.0,1.5,1021.3,24.4,27.6,1.5,1.7,1.8,3.0,6.0,5.0,1021.3,1021.3,1021.2,1.5,0.0,1.5666666666666667,0.11547005383792526,3.6666666666666665,1.154700538379252,4.333333333333333,1.2110601416389972,0.09999999999990905,0.0,-0.9396926207859084,-0.34202014332566855,-0.7071067811865477,0.7071067811865474,1.6,2.0
2026-08-04 21:50:00,150.0,2.0,1.6,1021.0,24.1,27.5,1.6,1.5,1.7,1.0,3.0,6.0,1021.1,1021.3,1021.3,1.6,0.0,1.55,0.05773502691896278,1.6666666666666667,0.5773502691896256,2.6666666666666665,1.3662601021279468,-0.2999999999999545,-0.2999999999999545,0.49999999999999994,-0.8660254037844387,-0.7071067811865477,0.7071067811865474,1.4,5.0
2026-08-04 22:20:00,120.0,5.0,1.4,1020.6,24.3,27.5,1.4,1.6,1.5,4.0,2.0,3.0,1020.7,1021.0,1021.3,1.4,0.0,1.5,0.11547005383792529,4.0,0.9999999999999999,2.8333333333333335,1.4719601443879748,-0.6999999999999318,-0.39999999999997726,0.8660254037844387,-0.4999999999999998,-0.5000000000000004,0.8660254037844384,1.4,7.0
2026-08-04 22:50:00,120.0,7.0,1.4,1020.5,25.0,27.5,1.4,1.4,1.6,5.0,5.0,2.0,1020.6,1020.6,1021.0,1.4,0.0,1.4,0.0,5.333333333333333,1.5275252316519468,4.666666666666667,1.366260102127948,-0.5,-0.10000000000002274,0.8660254037844387,-0.4999999999999998,-0.5000000000000004,0.8660254037844384,1.5,7.0
2026-08-04 23:40:00,150.0,7.0,1.5,1020.7,25.6,27.5,1.4,1.4,1.4,7.0,7.0,5.0,1020.8,1020.5,1020.6,1.45,0.07071067811865482,1.4249999999999998,0.05000000000000008,7.0,0.0,6.166666666666667,1.3291601358251288,0.10000000000002274,0.20000000000004547,0.49999999999999994,-0.8660254037844387,-0.25881904510252157,0.9659258262890681,1.4,7.0
2026-08-05 01:20:00,160.0,6.0,1.4,1020.8,26.4,27.6,1.4,1.4,1.4,6.0,7.0,6.0,1020.7,1020.5,1020.7,1.4,0.0,1.4,0.0,6.333333333333333,0.5773502691896258,6.833333333333333,0.752772652709081,0.09999999999990905,0.2999999999999545,0.3420201433256689,-0.9396926207859083,0.25881904510252074,0.9659258262890683,1.6,7.0
2026-08-05 03:20:00,160.0,7.0,1.4,1021.0,27.4,27.5,1.4,1.5,1.3,6.0,6.0,6.0,1020.9,1020.9,1020.7,1.4,0.0,1.4333333333333333,0.05773502691896281,6.333333333333333,0.5773502691896258,6.166666666666667,0.40824829046386296,0.2999999999999545,0.10000000000002274,0.3420201433256689,-0.9396926207859083,0.7071067811865476,0.7071067811865476,1.5,5.0
2026-08-05 03:50:00,160.0,5.0,1.5,1021.3,27.4,27.6,1.5,1.4,1.5,6.0,7.0,6.0,1021.2,1021.0,1020.9,1.5,0.0,1.45,0.05773502691896281,5.666666666666667,0.5773502691896258,6.0,0.6324555320336759,0.39999999999997726,0.2999999999999545,0.3420201433256689,-0.9396926207859083,0.7071067811865476,0.7071067811865476,1.6,7.0
2026-08-05 04:20:00,180.0,7.0,1.6,1021.4,27.5,27.6,1.6,1.5,1.4,7.0,5.0,7.0,1021.5,1021.3,1021.0,1.6,0.0,1.55,0.05773502691896335,6.666666666666667,0.5773502691896258,6.166666666666667,0.752772652709081,0.39999999999997726,0.10000000000002274,1.2246467991473532e-16,-1.0,0.8660254037844386,0.5000000000000001,1.3,7.0
2026-08-05 06:20:00,180.0,7.0,1.5,1021.6,27.5,27.6,1.5,1.5,1.3,6.0,6.0,7.0,1021.6,1021.6,1021.6,1.5,0.0,1.5,0.0,6.666666666666667,0.5773502691896258,6.666666666666667,0.5163977794943221,0.0,0.0,1.2246467991473532e-16,-1.0,1.0,6.123233995736766e-17,1.4,7.0
2026-08-05 10:20:00,190.0,6.0,1.3,1022.3,27.4,27.7,1.3,1.5,1.4,6.0,6.0,6.0,1022.1,1022.2,1021.8,1.3,0.0,1.3666666666666665,0.1154700538379251,6.0,0.0,6.0,0.0,0.5,0.09999999999990905,-0.17364817766693047,-0.984807753012208,0.49999999999999994,-0.8660254037844387,1.3,7.0
2026-08-05 11:20:00,200.0,5.0,1.4,1022.9,26.8,27.7,1.4,1.3,1.3,5.0,7.0,6.0,1022.7,1022.5,1022.3,1.4,0.0,1.3666666666666665,0.05773502691896261,5.333333333333333,0.5773502691896258,5.833333333333333,0.752772652709081,0.6000000000000227,0.39999999999997726,-0.34202014332566866,-0.9396926207859084,0.258819045102521,-0.9659258262890682,1.3,5.0
2026-08-05 11:50:00,190.0,5.0,1.3,1023.1,27.4,27.7,1.3,1.4,1.3,4.0,5.0,7.0,1023.0,1022.9,1022.5,1.3,0.0,1.35,0.05773502691896253,4.666666666666667,0.5773502691896258,5.0,0.6324555320336754,0.6000000000000227,0.20000000000004547,-0.17364817766693047,-0.984807753012208,0.258819045102521,-0.9659258262890682,1.3,6.0
2026-08-05 12:20:00,190.0,6.0,1.3,1023.2,27.5,27.7,1.3,1.3,1.4,6.0,5.0,5.0,1023.2,1023.1,1022.9,1.3,0.0,1.3,0.0,5.333333333333333,1.1547005383792517,5.0,0.8944271909999156,0.3000000000000682,0.10000000000002274,-0.17364817766693047,-0.984807753012208,1.2246467991473532e-16,-1.0,1.3,6.0
2026-08-05 12:50:00,190.0,6.0,1.3,1023.4,27.5,,1.3,1.3,1.3,6.0,6.0,5.0,1023.3,1023.2,1023.1,1.3,0.0,1.3,0.0,6.0,0.0,5.666666666666667,0.8164965809277256,0.2999999999999545,0.1999999999999318,-0.17364817766693047,-0.984807753012208,1.2246467991473532e-16,-1.0,1.4,6.0
2026-08-05 14:50:00,190.0,5.0,1.3,1023.9,27.6,27.8,1.3,1.3,1.3,6.0,6.0,6.0,1024.0,1023.9,1023.6,1.3,0.0,1.3,0.0,5.666666666666667,0.5773502691896258,5.5,0.5477225575051659,0.2999999999999545,0.0,-0.17364817766693047,-0.984807753012208,-0.4999999999999997,-0.8660254037844388,1.4,5.0
2026-08-05 15:50:00,180.0,5.0,1.3,1024.4,27.6,27.8,1.3,1.4,1.3,5.0,5.0,5.0,1024.3,1024.2,1023.9,1.3,0.0,1.3333333333333333,0.05773502691896253,5.0,0.0,5.0,0.0,0.5000000000001137,0.20000000000004547,1.2246467991473532e-16,-1.0,-0.7071067811865471,-0.7071067811865479,1.3,6.0
2026-08-05 18:20:00,180.0,6.0,1.2,1024.1,27.7,28.0,1.2,1.1,1.2,6.0,5.0,5.0,1024.2,1024.3,1024.4,1.2,0.0,1.1666666666666667,0.0577350269189625,6.0,0.0,5.5,0.5477225575051659,-0.3000000000001819,-0.20000000000004547,1.2246467991473532e-16,-1.0,-1.0,-1.8369701987210297e-16,1.1,6.0
2026-08-05 20:20:00,180.0,5.0,1.1,1023.9,27.8,28.0,1.1,1.1,1.1,5.0,5.0,6.0,1023.9,1023.9,1023.9,1.1,0.0,1.1,0.0,5.0,0.0,5.333333333333333,0.5163977794943221,0.0,0.0,1.2246467991473532e-16,-1.0,-0.8660254037844386,0.5000000000000001,1.1,6.0
2026-08-05 20:50:00,180.0,6.0,1.1,1023.6,27.8,28.0,1.1,1.1,1.1,5.0,5.0,5.0,1023.7,1023.9,1023.9,1.1,0.0,1.1,0.0,5.333333333333333,0.5773502691896258,5.166666666666667,0.40824829046386296,-0.2999999999999545,-0.2999999999999545,1.2246467991473532e-16,-1.0,-0.8660254037844386,0.5000000000000001,1.1,6.0
2026-08-05 21:20:00,190.0,6.0,1.1,1023.8,27.8,28.1,1.1,1.1,1.1,6.0,6.0,5.0,1023.7,1023.6,1023.9,1.1,0.0,1.1,0.0,6.0,0.0,5.666666666666667,0.5163977794943221,-0.10000000000002274,0.1999999999999318,-0.17364817766693047,-0.984807753012208,-0.7071067811865477,0.7071067811865474,1.1,6.0
2026-08-05 22:20:00,180.0,5.0,1.1,1023.7,27.8,28.1,1.1,1.1,1.1,5.0,6.0,6.0,1023.8,1023.8,1023.8,1.1,0.0,1.1,0.0,5.0,0.0,5.5,0.5477225575051659,-0.09999999999990905,-0.09999999999990905,1.2246467991473532e-16,-1.0,-0.5000000000000004,0.8660254037844384,1.0,5.0
2026-08-06 01:20:00,170.0,6.0,1.0,1023.7,27.7,28.0,1.0,1.0,1.1,6.0,7.0,6.0,1023.6,1023.7,1023.6,1.0,0.0,1.0,0.0,6.333333333333333,0.5773502691896258,6.333333333333333,0.5163977794943232,0.10000000000002274,0.0,0.17364817766693028,-0.984807753012208,0.25881904510252074,0.9659258262890683,1.1,6.0
2026-08-06 02:20:00,180.0,6.0,1.1,1024.3,27.7,27.9,1.1,1.1,1.0,6.0,6.0,6.0,1024.2,1024.1,1023.7,1.1,0.0,1.1,0.0,6.0,0.0,6.166666666666667,0.40824829046386496,0.599999999999909,0.20000000000004547,1.2246467991473532e-16,-1.0,0.49999999999999994,0.8660254037844387,1.0,6.0
2026-08-06 03:20:00,180.0,6.0,1.1,1024.0,27.6,27.9,1.1,1.0,1.1,6.0,6.0,6.0,1024.1,1024.1,1024.3,1.1,0.0,1.0666666666666667,0.057735026918962595,6.0,0.0,6.166666666666667,0.40824829046386296,-0.2999999999999545,-0.09999999999990905,1.2246467991473532e-16,-1.0,0.7071067811865476,0.7071067811865476,1.1,6.0
2026-08-06 04:20:00,180.0,6.0,1.2,1024.0,27.6,27.9,1.2,1.1,1.1,6.0,6.0,6.0,1024.1,1024.1,1024.0,1.2,0.0,1.1666666666666667,0.05773502691896261,6.0,0.0,6.0,0.0,0.0,-0.09999999999990905,1.2246467991473532e-16,-1.0,0.8660254037844386,0.5000000000000001,1.1,6.0
2026-08-06 05:20:00,190.0,6.0,1.1,1023.7,27.5,27.8,1.1,1.1,1.2,6.0,6.0,6.0,1023.7,1023.8,1024.0,1.1,0.0,1.1,0.0,6.0,0.0,6.0,0.0,-0.2999999999999545,-0.09999999999990905,-0.17364817766693047,-0.984807753012208,0.9659258262890683,0.25881904510252074,1.2,5.0
2026-08-06 05:50:00,190.0,5.0,1.2,1023.9,27.5,27.8,1.2,1.1,1.1,6.0,6.0,6.0,1023.8,1023.7,1023.8,1.2,0.0,1.15,0.05773502691896256,5.666666666666667,0.5773502691896258,5.833333333333333,0.40824829046386296,0.10000000000002274,0.1999999999999318,-0.17364817766693047,-0.984807753012208,0.9659258262890683,0.25881904510252074,1.1,6.0
2026-08-06 06:20:00,190.0,6.0,1.1,1023.8,27.5,27.8,1.1,1.2,1.1,5.0,5.0,6.0,1023.8,1023.9,1023.7,1.1,0.0,1.15,0.05773502691896256,5.666666666666667,0.5773502691896258,5.666666666666667,0.5163977794943221,0.09999999999990905,-0.10000000000002274,-0.17364817766693047,-0.984807753012208,1.0,6.123233995736766e-17,1.0,5.0
2026-08-06 07:20:00,200.0,4.0,1.1,1024.1,27.4,27.8,1.1,1.0,1.1,4.0,5.0,6.0,1024.0,1023.9,1023.8,1.1,0.0,1.0666666666666667,0.057735026918962595,4.333333333333333,0.5773502691896258,4.833333333333333,0.752772652709081,0.2999999999999545,0.1999999999999318,-0.34202014332566866,-0.9396926207859084,0.9659258262890683,-0.25881904510252063,1.0,5.0
2026-08-06 08:20:00,210.0,4.0,1.1,1024.4,27.5,27.7,1.1,1.0,1.1,4.0,5.0,4.0,1024.3,1024.2,1024.1,1.1,0.0,1.0666666666666667,0.057735026918962595,4.0,0.0,4.166666666666667,0.40824829046386213,0.3000000000001819,0.20000000000004547,-0.5000000000000001,-0.8660254037844386,0.8660254037844387,-0.4999999999999998,1.0,4.0
2026-08-06 09:20:00,210.0,4.0,1.0,1024.4,27.4,27.7,1.0,1.0,1.1,4.0,4.0,4.0,1024.5,1024.4,1024.4,1.0,0.0,1.0,0.0,4.0,0.0,4.0,0.0,0.0,0.0,-0.5000000000000001,-0.8660254037844386,0.7071067811865476,-0.7071067811865475,0.9,3.0
2026-08-06 10:20:00,200.0,4.0,0.9,1024.9,27.3,27.8,0.9,0.9,1.0,3.0,3.0,4.0,1024.9,1024.7,1024.4,0.9,0.0,0.9,0.0,3.3333333333333335,0.5773502691896257,3.5,0.5477225575051664,0.5,0.20000000000004547,-0.34202014332566866,-0.9396926207859084,0.49999999999999994,-0.8660254037844387,1.0,3.0
2026-08-06 11:20:00,190.0,3.0,1.0,1025.1,27.4,27.8,1.0,1.0,0.9,4.0,3.0,4.0,1025.1,1025.1,1024.9,1.0,0.0,1.0,0.0,3.3333333333333335,0.5773502691896257,3.3333333333333335,0.5163977794943226,0.1999999999998181,0.0,-0.17364817766693047,-0.984807753012208,0.258819045102521,-0.9659258262890682,0.9,3.0
2026-08-06 12:20:00,190.0,4.0,1.0,1025.4,27.4,27.8,1.0,0.9,1.0,3.0,3.0,3.0,1025.5,1025.3,1025.1,1.0,0.0,0.9666666666666667,0.05773502691896256,3.3333333333333335,0.5773502691896257,3.5,0.5477225575051664,0.3000000000001819,0.10000000000013642,-0.17364817766693047,-0.984807753012208,1.2246467991473532e-16,-1.0,0.9,4.0
2026-08-06 12:50:00,190.0,4.0,0.9,1025.5,27.4,27.8,0.9,1.0,0.9,4.0,4.0,3.0,1025.5,1025.4,1025.3,0.9,0.0,0.95,0.057735026918962554,4.0,0.0,3.6666666666666665,0.5163977794943223,0.20000000000004547,0.09999999999990905,-0.17364817766693047,-0.984807753012208,1.2246467991473532e-16,-1.0,1.0,3.0
2026-08-06 13:20:00,190.0,3.0,1.0,1025.5,27.5,27.7,1.0,0.9,1.0,4.0,4.0,4.0,1025.5,1025.5,1025.4,1.0,0.0,0.95,0.057735026918962554,3.6666666666666665,0.5773502691896257,3.8333333333333335,0.408248290463863,0.09999999999990905,0.0,-0.17364817766693047,-0.984807753012208,-0.2588190451025208,-0.9659258262890683,0.9,4.0
2026-08-06 14:20:00,180.0,4.0,0.9,1025.4,27.4,27.9,0.9,0.9,1.0,4.0,4.0,3.0,1025.4,1025.4,1025.5,0.9,0.0,0.9,0.0,4.0,0.0,4.0,0.0,-0.09999999999990905,0.0,1.2246467991473532e-16,-1.0,-0.4999999999999997,-0.8660254037844388,0.9,4.0
2026-08-06 15:20:00,180.0,4.0,0.9,1025.5,27.5,28.0,0.9,0.9,0.9,4.0,4.0,4.0,1025.5,1025.5,1025.4,0.9,0.0,0.9,0.0,4.0,0.0,4.0,0.0,0.09999999999990905,0.0,1.2246467991473532e-16,-1.0,-0.7071067811865471,-0.7071067811865479,0.8,4.0
2026-08-06 16:20:00,180.0,4.0,0.9,1025.5,27.6,28.0,0.9,0.8,0.9,4.0,4.0,4.0,1025.5,1025.6,1025.5,0.9,0.0,0.8666666666666667,0.05773502691896256,4.0,0.0,4.0,0.0,0.0,-0.09999999999990905,1.2246467991473532e-16,-1.0,-0.8660254037844385,-0.5000000000000004,0.8,4.0
2026-08-06 17:20:00,180.0,5.0,0.8,1025.3,27.7,28.1,0.8,0.8,0.9,5.0,4.0,4.0,1025.3,1025.4,1025.5,0.8,0.0,0.8,0.0,5.0,0.0,4.666666666666667,0.5163977794943221,-0.20000000000004547,-0.10000000000013642,1.2246467991473532e-16,-1.0,-0.9659258262890683,-0.25881904510252063,0.8,5.0
2026-08-06 18:20:00,190.0,6.0,0.8,1025.1,27.8,28.1,0.8,0.8,0.8,6.0,5.0,5.0,1025.2,1025.2,1025.3,0.8,0.0,0.8,0.0,6.0,0.0,5.5,0.5477225575051659,-0.20000000000004547,-0.10000000000013642,-0.17364817766693047,-0.984807753012208,-1.0,-1.8369701987210297e-16,0.9,6.0
2026-08-06 20:20:00,200.0,5.0,0.9,1024.8,27.9,28.1,0.9,0.9,0.9,5.0,5.0,6.0,1024.7,1024.7,1024.9,0.9,0.0,0.9,0.0,5.0,0.0,5.166666666666667,0.4082482904638632,-0.10000000000013642,0.09999999999990905,-0.34202014332566866,-0.9396926207859084,-0.8660254037844386,0.5000000000000001,0.9,5.0
2026-08-06 21:20:00,200.0,5.0,0.9,1024.4,27.9,28.2,0.9,0.9,0.9,4.0,5.0,5.0,1024.4,1024.7,1024.8,0.9,0.0,0.9,0.0,4.666666666666667,0.5773502691896258,4.833333333333333,0.40824829046386296,-0.3999999999998636,-0.2999999999999545,-0.34202014332566866,-0.9396926207859084,-0.7071067811865477,0.7071067811865474,1.0,5.0
2026-08-06 22:20:00,220.0,4.0,1.0,1024.5,28.1,28.1,1.0,1.0,0.9,5.0,5.0,5.0,1024.4,1024.5,1024.4,1.0,0.0,1.0,0.0,4.666666666666667,0.5773502691896258,4.833333333333333,0.40824829046386296,0.09999999999990905,0.0,-0.6427876096865393,-0.766044443118978,-0.5000000000000004,0.8660254037844384,1.0,4.0
2026-08-06 23:40:00,200.0,4.0,0.9,1024.3,27.8,28.1,1.0,1.0,1.0,4.0,4.0,4.0,1024.4,1024.4,1024.5,0.95,0.0707106781186547,0.9666666666666667,0.05773502691896256,4.0,0.0,4.0,0.0,-0.20000000000004547,-0.10000000000013642,-0.34202014332566866,-0.9396926207859084,-0.25881904510252157,0.9659258262890681,1.0,4.0
2026-08-07 00:50:00,190.0,4.0,1.0,1024.6,27.7,28.1,1.0,1.0,0.9,4.0,4.0,4.0,1024.6,1024.2,1024.3,1.0,0.0,1.0,0.0,4.0,0.0,4.0,0.0,0.2999999999999545,0.3999999999998636,-0.17364817766693047,-0.984807753012208,0.0,1.0,1.0,4.0
2026-08-07 01:20:00,200.0,4.0,1.0,1025.0,27.8,28.1,1.0,1.0,1.0,4.0,4.0,4.0,1024.8,1024.6,1024.2,1.0,0.0,1.0,0.0,4.0,0.0,4.0,0.0,0.7999999999999545,0.40000000000009095,-0.34202014332566866,-0.9396926207859084,0.25881904510252074,0.9659258262890683,1.0,5.0
2026-08-07 02:20:00,190.0,5.0,1.0,1025.1,27.7,28.1,1.0,1.0,1.0,5.0,5.0,4.0,1025.2,1025.0,1025.0,1.0,0.0,1.0,0.0,5.0,0.0,4.666666666666667,0.5163977794943221,0.09999999999990905,0.09999999999990905,-0.17364817766693047,-0.984807753012208,0.49999999999999994,0.8660254037844387,1.0,5.0
2026-08-07 03:20:00,200.0,5.0,0.9,1025.0,27.5,28.0,0.9,1.0,1.0,5.0,5.0,5.0,1024.9,1025.0,1025.1,0.9,0.0,0.9333333333333332,0.05773502691896255,5.0,0.0,5.0,0.0,-0.09999999999990905,0.0,-0.34202014332566866,-0.9396926207859084,0.7071067811865476,0.7071067811865476,1.0,5.0
2026-08-07 04:20:00,220.0,4.0,1.0,1025.5,27.6,28.0,1.0,1.0,0.9,5.0,5.0,5.0,1025.4,1025.2,1025.0,1.0,0.0,1.0,0.0,4.666666666666667,0.5773502691896258,4.833333333333333,0.40824829046386296,0.5,0.2999999999999545,-0.6427876096865393,-0.766044443118978,0.8660254037844386,0.5000000000000001,1.0,4.0
2026-08-07 05:20:00,210.0,4.0,1.1,1025.1,27.4,28.0,1.1,1.0,1.0,4.0,4.0,4.0,1024.9,1025.2,1025.5,1.1,0.0,1.0666666666666667,0.057735026918962484,4.0,0.0,4.166666666666667,0.4082482904638632,-0.40000000000009095,-0.10000000000013642,-0.5000000000000001,-0.8660254037844386,0.9659258262890683,0.25881904510252074,1.0,4.0
2026-08-07 06:50:00,220.0,4.0,1.0,1024.9,27.3,28.0,1.0,1.1,1.0,4.0,4.0,4.0,1024.9,1024.9,1024.9,1.0,0.0,1.0333333333333334,0.057735026918962644,4.0,0.0,4.0,0.0,0.0,0.0,-0.6427876096865393,-0.766044443118978,1.0,6.123233995736766e-17,1.0,3.0
2026-08-07 07:20:00,210.0,3.0,1.0,1024.8,27.3,28.0,1.0,1.0,1.1,3.0,4.0,4.0,1024.8,1024.9,1024.9,1.0,0.0,1.0,0.0,3.3333333333333335,0.5773502691896257,3.6666666666666665,0.5163977794943223,-0.10000000000013642,-0.10000000000013642,-0.5000000000000001,-0.8660254037844386,0.9659258262890683,-0.25881904510252063,1.0,3.0
2026-08-07 08:20:00,200.0,3.0,1.1,1024.8,27.3,28.0,1.1,1.0,1.0,3.0,3.0,3.0,1024.6,1024.7,1024.8,1.1,0.0,1.0666666666666667,0.057735026918962484,3.0,0.0,3.0,0.0,0.0,0.09999999999990905,-0.34202014332566866,-0.9396926207859084,0.8660254037844387,-0.4999999999999998,1.0,3.0
2026-08-07 09:20:00,190.0,4.0,1.0,1024.6,27.3,28.0,1.0,1.0,1.1,3.0,3.0,3.0,1024.8,1024.8,1024.8,1.0,0.0,1.0,0.0,3.3333333333333335,0.5773502691896257,3.1666666666666665,0.408248290463863,-0.20000000000004547,-0.20000000000004547,-0.17364817766693047,-0.984807753012208,0.7071067811865476,-0.7071067811865475,1.0,4.0
2026-08-07 09:50:00,190.0,4.0,1.0,1024.8,27.3,28.0,1.0,1.0,1.0,4.0,4.0,3.0,1024.8,1024.6,1024.8,1.0,0.0,1.0,0.0,4.0,0.0,3.6666666666666665,0.5163977794943226,0.0,0.20000000000004547,-0.17364817766693047,-0.984807753012208,0.7071067811865476,-0.7071067811865475,1.1,4.0
2026-08-07 10:20:00,200.0,4.0,1.1,1024.8,27.2,28.0,1.1,1.0,1.0,4.0,4.0,4.0,1024.8,1024.8,1024.6,1.1,0.0,1.05,0.05773502691896274,4.0,0.0,4.0,0.0,0.20000000000004547,0.0,-0.34202014332566866,-0.9396926207859084,0.49999999999999994,-0.8660254037844387,1.1,4.0
2026-08-07 12:20:00,200.0,4.0,1.2,1025.1,27.3,28.0,1.2,1.1,1.1,4.0,4.0,4.0,1025.1,1024.9,1025.0,1.2,0.0,1.1666666666666667,0.05773502691896261,4.0,0.0,4.0,0.0,0.09999999999990905,0.1999999999998181,-0.34202014332566866,-0.9396926207859084,1.2246467991473532e-16,-1.0,1.2,4.0
2026-08-07 13:20:00,220.0,4.0,1.2,1025.1,27.4,28.1,1.2,1.2,1.2,4.0,4.0,4.0,1025.1,1025.1,1025.1,1.2,0.0,1.2,0.0,4.0,0.0,4.0,0.0,0.0,0.0,-0.6427876096865393,-0.766044443118978,-0.2588190451025208,-0.9659258262890683,1.4,4.0
2026-08-07 13:50:00,210.0,4.0,1.4,1025.2,27.4,28.1,1.4,1.2,1.2,4.0,4.0,4.0,1025.1,1025.1,1025.1,1.4,0.0,1.2999999999999998,0.11547005383792512,4.0,0.0,4.0,0.0,0.10000000000013642,0.10000000000013642,-0.5000000000000001,-0.8660254037844386,-0.2588190451025208,-0.9659258262890683,1.4,3.0
2026-08-07 14:20:00,220.0,3.0,1.4,1025.2,27.4,28.2,1.4,1.4,1.2,4.0,4.0,4.0,1025.2,1025.2,1025.1,1.4,0.0,1.4,0.0,3.6666666666666665,0.5773502691896257,3.8333333333333335,0.408248290463863,0.10000000000013642,0.0,-0.6427876096865393,-0.766044443118978,-0.4999999999999997,-0.8660254037844388,1.6,3.0
2026-08-07 15:20:00,200.0,3.0,1.4,1025.0,27.4,28.3,1.4,1.6,1.4,3.0,3.0,3.0,1025.2,1025.2,1025.2,1.4,0.0,1.4666666666666666,0.11547005383792529,3.0,0.0,3.0,0.0,-0.20000000000004547,-0.20000000000004547,-0.34202014332566866,-0.9396926207859084,-0.7071067811865471,-0.7071067811865479,1.4,4.0
2026-08-07 15:50:00,210.0,4.0,1.4,1025.1,27.5,28.3,1.4,1.4,1.6,4.0,3.0,3.0,1025.0,1025.0,1025.2,1.4,0.0,1.4,0.0,3.6666666666666665,0.5773502691896257,3.3333333333333335,0.5163977794943223,-0.10000000000013642,0.09999999999990905,-0.5000000000000001,-0.8660254037844386,-0.7071067811865471,-0.7071067811865479,1.4,4.0
2026-08-07 16:20:00,220.0,4.0,1.4,1025.1,27.5,28.3,1.4,1.4,1.4,4.0,4.0,3.0,1025.0,1025.1,1025.0,1.4,0.0,1.4,0.0,4.0,0.0,3.8333333333333335,0.4082482904638636,0.09999999999990905,0.0,-0.6427876096865393,-0.766044443118978,-0.8660254037844385,-0.5000000000000004,1.5,4.0
2026-08-07 16:50:00,220.0,4.0,1.5,1025.0,27.5,28.4,1.5,1.4,1.4,4.0,4.0,4.0,1025.0,1025.1,1025.1,1.5,0.0,1.45,0.05773502691896274,4.0,0.0,4.0,0.0,-0.09999999999990905,-0.09999999999990905,-0.6427876096865393,-0.766044443118978,-0.8660254037844385,-0.5000000000000004,1.5,4.0
2026-08-07 17:20:00,220.0,4.0,1.5,1025.0,27.6,28.4,1.5,1.5,1.4,4.0,4.0,4.0,1025.0,1025.0,1025.1,1.5,0.0,1.5,0.0,4.0,0.0,4.0,0.0,-0.09999999999990905,0.0,-0.6427876096865393,-0.766044443118978,-0.9659258262890683,-0.25881904510252063,1.4,4.0
2026-08-07 17:50:00,230.0,4.0,1.4,1024.8,27.5,28.4,1.4,1.5,1.5,4.0,4.0,4.0,1024.9,1025.0,1025.0,1.4,0.0,1.45,0.05773502691896274,4.0,0.0,4.0,0.0,-0.20000000000004547,-0.20000000000004547,-0.7660444431189779,-0.6427876096865395,-0.9659258262890683,-0.25881904510252063,1.5,3.0
2026-08-07 18:20:00,230.0,3.0,1.5,1024.7,27.6,28.4,1.5,1.4,1.5,4.0,4.0,4.0,1024.8,1024.8,1025.0,1.5,0.0,1.45,0.05773502691896274,3.6666666666666665,0.5773502691896257,3.8333333333333335,0.408248290463863,-0.2999999999999545,-0.09999999999990905,-0.7660444431189779,-0.6427876096865395,-1.0,-1.8369701987210297e-16,1.5,3.0
2026-08-07 19:50:00,240.0,4.0,1.5,1024.1,27.7,28.5,1.5,1.5,1.5,4.0,4.0,3.0,1024.3,1024.3,1024.5,1.5,0.0,1.5,0.0,4.0,0.0,4.0,0.0,-0.40000000000009095,-0.20000000000004547,-0.8660254037844385,-0.5000000000000004,-0.9659258262890684,0.2588190451025203,1.6,4.0
2026-08-07 20:20:00,230.0,4.0,1.6,1023.9,27.8,28.5,1.6,1.5,1.5,3.0,4.0,4.0,1024.0,1024.1,1024.3,1.6,0.0,1.55,0.05773502691896274,3.6666666666666665,0.5773502691896257,3.8333333333333335,0.408248290463863,-0.39999999999997726,-0.1999999999999318,-0.7660444431189779,-0.6427876096865395,-0.8660254037844386,0.5000000000000001,1.6,4.0
2026-08-07 21:20:00,210.0,4.0,1.5,1023.6,27.7,28.6,1.5,1.6,1.6,4.0,4.0,4.0,1023.5,1023.6,1023.9,1.5,0.0,1.5333333333333332,0.057735026918962484,4.0,0.0,4.0,0.0,-0.2999999999999545,0.0,-0.5000000000000001,-0.8660254037844386,-0.7071067811865477,0.7071067811865474,1.7,4.0
2026-08-07 22:20:00,210.0,4.0,1.4,1023.3,27.7,28.5,1.4,1.7,1.5,4.0,4.0,4.0,1023.4,1023.6,1023.6,1.4,0.0,1.5,0.1732050807568879,4.0,0.0,4.0,0.0,-0.3000000000000682,-0.3000000000000682,-0.5000000000000001,-0.8660254037844386,-0.5000000000000004,0.8660254037844384,1.5,4.0
2026-08-08 01:20:00,230.0,3.0,1.3,1023.3,27.3,28.3,1.3,1.3,1.5,3.0,3.0,4.0,1023.2,1023.2,1023.1,1.3,0.0,1.3,0.0,3.0,0.0,3.0,0.0,0.1999999999999318,0.09999999999990905,-0.7660444431189779,-0.6427876096865395,0.25881904510252074,0.9659258262890683,1.4,3.0
2026-08-08 01:50:00,220.0,3.0,1.4,1023.5,27.5,28.3,1.4,1.3,1.3,3.0,3.0,3.0,1023.5,1023.3,1023.2,1.4,0.0,1.35,0.05773502691896256,3.0,0.0,3.0,0.0,0.2999999999999545,0.20000000000004547,-0.6427876096865393,-0.766044443118978,0.25881904510252074,0.9659258262890683,1.2,3.0
2026-08-08 02:20:00,230.0,3.0,1.2,1023.6,27.5,28.3,1.2,1.4,1.3,4.0,3.0,3.0,1023.7,1023.5,1023.3,1.2,0.0,1.2999999999999998,0.11547005383792507,3.3333333333333335,0.5773502691896257,3.1666666666666665,0.408248290463863,0.3000000000000682,0.10000000000002274,-0.7660444431189779,-0.6427876096865395,0.49999999999999994,0.8660254037844387,1.2,3.0
2026-08-08 03:20:00,220.0,3.0,1.3,1023.6,27.4,28.3,1.3,1.2,1.2,3.0,3.0,3.0,1023.6,1023.6,1023.6,1.3,0.0,1.2666666666666666,0.057735026918962595,3.3333333333333335,0.5773502691896257,3.1666666666666665,0.408248290463863,0.0,0.0,-0.6427876096865393,-0.766044443118978,0.7071067811865476,0.7071067811865476,1.2,4.0
2026-08-08 04:20:00,220.0,4.0,1.3,1023.6,27.3,28.3,1.3,1.2,1.3,3.0,4.0,3.0,1023.5,1023.5,1023.6,1.3,0.0,1.2666666666666668,0.057735026918962595,3.3333333333333335,0.5773502691896257,3.6666666666666665,0.5163977794943226,0.0,0.10000000000002274,-0.6427876096865393,-0.766044443118978,0.8660254037844386,0.5000000000000001,1.2,4.0
2026-08-08 05:20:00,230.0,4.0,1.2,1023.2,27.2,28.2,1.2,1.2,1.3,4.0,4.0,4.0,1023.2,1023.3,1023.6,1.2,0.0,1.2,0.0,4.0,0.0,4.0,0.0,-0.39999999999997726,-0.09999999999990905,-0.7660444431189779,-0.6427876096865395,0.9659258262890683,0.25881904510252074,1.2,4.0
2026-08-08 06:20:00,210.0,4.0,1.1,1022.7,27.1,28.2,1.1,1.2,1.2,4.0,4.0,4.0,1022.7,1023.0,1023.2,1.1,0.0,1.1333333333333333,0.05773502691896261,4.0,0.0,4.0,0.0,-0.5,-0.2999999999999545,-0.5000000000000001,-0.8660254037844386,1.0,6.123233995736766e-17,1.1,4.0
2026-08-08 06:50:00,210.0,4.0,1.1,1022.2,27.2,28.2,1.1,1.1,1.2,4.0,4.0,4.0,1022.4,1022.7,1023.0,1.1,0.0,1.1,0.0,4.0,0.0,4.0,0.0,-0.7999999999999545,-0.5,-0.5000000000000001,-0.8660254037844386,1.0,6.123233995736766e-17,1.1,4.0
2026-08-08 07:20:00,210.0,4.0,1.1,1022.0,27.2,28.2,1.1,1.1,1.1,4.0,4.0,4.0,1021.9,1022.2,1022.7,1.1,0.0,1.1,0.0,4.0,0.0,4.0,0.0,-0.7000000000000455,-0.20000000000004547,-0.5000000000000001,-0.8660254037844386,0.9659258262890683,-0.25881904510252063,1.1,4.0
2026-08-08 08:20:00,220.0,4.0,1.0,1022.0,27.2,28.1,1.0,1.1,1.1,5.0,4.0,4.0,1022.1,1022.0,1022.0,1.0,0.0,1.0333333333333334,0.057735026918962484,4.333333333333333,0.5773502691896258,4.5,0.5477225575051659,0.0,0.0,-0.6427876096865393,-0.766044443118978,0.8660254037844387,-0.4999999999999998,1.0,5.0
2026-08-08 08:50:00,220.0,5.0,1.0,1021.9,27.2,28.1,1.0,1.0,1.1,4.0,4.0,4.0,1022.0,1022.0,1022.0,1.0,0.0,1.0,0.0,4.333333333333333,0.5773502691896258,4.333333333333333,0.5163977794943221,-0.10000000000002274,-0.10000000000002274,-0.6427876096865393,-0.766044443118978,0.8660254037844387,-0.4999999999999998,1.1,4.0
2026-08-08 09:20:00,230.0,4.0,1.1,1022.0,27.2,28.1,1.1,1.0,1.0,4.0,5.0,4.0,1021.9,1021.9,1022.0,1.1,0.0,1.05,0.05773502691896274,4.0,0.0,4.166666666666667,0.4082482904638632,0.0,0.10000000000002274,-0.7660444431189779,-0.6427876096865395,0.7071067811865476,-0.7071067811865475,1.0,4.0
2026-08-08 10:20:00,230.0,4.0,1.1,1022.3,27.2,28.1,1.1,1.0,1.1,4.0,4.0,4.0,1022.3,1022.1,1022.0,1.1,0.0,1.0666666666666667,0.057735026918962595,4.0,0.0,4.0,0.0,0.2999999999999545,0.1999999999999318,-0.7660444431189779,-0.6427876096865395,0.49999999999999994,-0.8660254037844387,1.1,4.0
2026-08-08 11:20:00,230.0,4.0,0.9,1022.6,27.4,28.1,0.9,1.1,1.1,4.0,4.0,4.0,1022.6,1022.5,1022.3,0.9,0.0,0.9666666666666668,0.11547005383792519,4.0,0.0,4.0,0.0,0.3000000000000682,0.10000000000002274,-0.7660444431189779,-0.6427876096865395,0.258819045102521,-0.9659258262890682,1.1,4.0
2026-08-08 11:50:00,230.0,4.0,1.1,1022.8,27.4,28.1,1.1,0.9,1.1,4.0,4.0,4.0,1022.8,1022.6,1022.5,1.1,0.0,1.0,0.1154700538379252,4.0,0.0,4.0,0.0,0.2999999999999545,0.1999999999999318,-0.7660444431189779,-0.6427876096865395,0.258819045102521,-0.9659258262890682,1.1,4.0
2026-08-08 12:20:00,240.0,4.0,1.1,1023.1,27.4,28.1,1.1,1.1,0.9,4.0,4.0,4.0,1023.0,1022.8,1022.6,1.1,0.0,1.1,0.0,4.0,0.0,4.0,0.0,0.5,0.3000000000000682,-0.8660254037844385,-0.5000000000000004,1.2246467991473532e-16,-1.0,1.1,4.0
2026-08-08 13:20:00,240.0,4.0,1.1,1023.2,27.5,28.1,1.1,1.1,1.1,4.0,4.0,4.0,1023.2,1023.2,1023.1,1.1,0.0,1.1,0.0,4.0,0.0,4.0,0.0,0.10000000000002274,0.0,-0.8660254037844385,-0.5000000000000004,-0.2588190451025208,-0.9659258262890683,1.2,4.0
2026-08-08 14:20:00,230.0,4.0,1.1,1023.3,27.6,28.2,1.1,1.2,1.1,4.0,4.0,4.0,1023.2,1023.1,1023.2,1.1,0.0,1.1333333333333333,0.05773502691896253,4.0,0.0,3.8333333333333335,0.408248290463863,0.09999999999990905,0.1999999999999318,-0.7660444431189779,-0.6427876096865395,-0.4999999999999997,-0.8660254037844388,1.1,3.0
2026-08-08 15:20:00,230.0,4.0,1.2,1023.4,27.6,28.2,1.2,1.1,1.1,4.0,3.0,4.0,1023.4,1023.3,1023.3,1.2,0.0,1.1666666666666667,0.05773502691896261,3.6666666666666665,0.5773502691896257,3.6666666666666665,0.5163977794943223,0.10000000000002274,0.10000000000002274,-0.7660444431189779,-0.6427876096865395,-0.7071067811865471,-0.7071067811865479,1.2,4.0
2026-08-08 15:50:00,230.0,4.0,1.2,1023.3,27.7,28.3,1.2,1.2,1.1,4.0,4.0,3.0,1023.4,1023.4,1023.3,1.2,0.0,1.2,0.0,4.0,0.0,3.8333333333333335,0.408248290463863,0.0,-0.10000000000002274,-0.7660444431189779,-0.6427876096865395,-0.7071067811865471,-0.7071067811865479,1.1,4.0
2026-08-08 16:20:00,230.0,4.0,1.1,1023.2,27.6,28.2,1.1,1.2,1.2,4.0,4.0,4.0,1023.1,1023.3,1023.4,1.1,0.0,1.15,0.05773502691896256,4.0,0.0,4.0,0.0,-0.1999999999999318,-0.09999999999990905,-0.7660444431189779,-0.6427876096865395,-0.8660254037844385,-0.5000000000000004,1.1,4.0
2026-08-08 17:20:00,240.0,4.0,1.1,1022.9,27.7,28.3,1.1,1.1,1.1,4.0,4.0,4.0,1022.9,1023.0,1023.2,1.1,0.0,1.1,0.0,4.0,0.0,4.0,0.0,-0.3000000000000682,-0.10000000000002274,-0.8660254037844385,-0.5000000000000004,-0.9659258262890683,-0.25881904510252063,1.1,4.0
2026-08-08 18:20:00,230.0,4.0,1.1,1022.4,27.8,28.5,1.1,1.1,1.1,4.0,4.0,4.0,1022.5,1022.6,1022.9,1.1,0.0,1.1,0.0,4.0,0.0,4.0,0.0,-0.5,-0.20000000000004547,-0.7660444431189779,-0.6427876096865395,-1.0,-1.8369701987210297e-16,1.2,4.0
2026-08-08 18:50:00,230.0,4.0,1.2,1022.1,,28.5,1.2,1.1,1.1,4.0,4.0,4.0,1022.3,1022.4,1022.6,1.2,0.0,1.15,0.05773502691896256,4.0,0.0,4.0,0.0,-0.5,-0.2999999999999545,-0.7660444431189779,-0.6427876096865395,-1.0,-1.8369701987210297e-16,0.9,5.0
2026-08-08 19:50:00,240.0,5.0,1.1,1021.7,27.9,28.6,1.1,0.9,1.2,4.0,5.0,4.0,1021.8,1021.9,1022.1,1.1,0.0,1.0333333333333334,0.1154700538379254,4.333333333333333,0.5773502691896258,4.5,0.5477225575051659,-0.39999999999997726,-0.1999999999999318,-0.8660254037844385,-0.5000000000000004,-0.9659258262890684,0.2588190451025203,1.0,4.0
2026-08-08 20:20:00,230.0,4.0,1.0,1021.4,27.9,28.6,1.0,1.1,0.9,5.0,5.0,5.0,1021.5,1021.7,1021.9,1.0,0.0,1.05,0.05773502691896276,4.666666666666667,0.5773502691896258,4.5,0.5477225575051659,-0.5,-0.3000000000000682,-0.7660444431189779,-0.6427876096865395,-0.8660254037844386,0.5000000000000001,1.0,4.0
2026-08-08 21:20:00,230.0,5.0,1.0,1021.1,28.1,28.6,1.0,1.0,1.0,4.0,4.0,4.0,1021.1,1021.2,1021.4,1.0,0.0,1.0,0.0,4.333333333333333,0.5773502691896258,4.166666666666667,0.40824829046386296,-0.2999999999999545,-0.10000000000002274,-0.7660444431189779,-0.6427876096865395,-0.7071067811865477,0.7071067811865474,1.0,5.0
2026-08-08 21:50:00,210.0,5.0,1.0,1020.8,28.1,28.6,1.0,1.0,1.0,5.0,5.0,4.0,1021.0,1021.1,1021.2,1.0,0.0,1.0,0.0,5.0,0.0,4.666666666666667,0.5163977794943221,-0.40000000000009095,-0.3000000000000682,-0.5000000000000001,-0.8660254037844386,-0.7071067811865477,0.7071067811865474,1.1,5.0
2026-08-08 22:20:00,210.0,5.0,1.1,1020.6,28.0,28.6,1.1,1.0,1.0,5.0,5.0,5.0,1020.8,1020.8,1021.1,1.1,0.0,1.05,0.05773502691896274,5.0,0.0,5.0,0.0,-0.5,-0.1999999999999318,-0.5000000000000001,-0.8660254037844386,-0.5000000000000004,0.8660254037844384,1.0,5.0
2026-08-09 01:20:00,220.0,5.0,1.0,1021.2,27.9,28.4,1.0,1.0,1.0,5.0,5.0,5.0,1021.2,1021.0,1020.7,1.0,0.0,1.0,0.0,5.0,0.0,5.0,0.0,0.5,0.20000000000004547,-0.6427876096865393,-0.766044443118978,0.25881904510252074,0.9659258262890683,1.0,5.0
2026-08-09 02:20:00,220.0,5.0,1.0,1021.3,27.9,28.3,1.0,1.0,1.0,5.0,5.0,5.0,1021.3,1021.3,1021.2,1.0,0.0,1.0,0.0,5.0,0.0,5.0,0.0,0.09999999999990905,0.0,-0.6427876096865393,-0.766044443118978,0.49999999999999994,0.8660254037844387,1.0,6.0
2026-08-09 03:20:00,230.0,5.0,1.0,1021.4,27.9,28.3,1.0,1.0,1.0,6.0,6.0,5.0,1021.3,1021.4,1021.3,1.0,0.0,1.0,0.0,5.333333333333333,0.5773502691896258,5.666666666666667,0.5163977794943221,0.10000000000002274,0.0,-0.7660444431189779,-0.6427876096865395,0.7071067811865476,0.7071067811865476,1.0,6.0
2026-08-09 04:20:00,220.0,5.0,1.0,1021.1,27.8,28.3,1.0,1.0,1.0,5.0,6.0,5.0,1021.2,1021.3,1021.4,1.0,0.0,1.0,0.0,5.333333333333333,0.5773502691896258,5.5,0.5477225575051659,-0.2999999999999545,-0.1999999999999318,-0.6427876096865393,-0.766044443118978,0.8660254037844386,0.5000000000000001,0.9,4.0
2026-08-09 05:20:00,220.0,6.0,1.0,1020.8,27.9,28.3,1.0,0.9,1.0,5.0,4.0,5.0,1020.9,1020.9,1021.1,1.0,0.0,0.9666666666666667,0.05773502691896256,5.333333333333333,0.5773502691896258,5.0,0.6324555320336763,-0.3000000000000682,-0.10000000000002274,-0.6427876096865393,-0.766044443118978,0.9659258262890683,0.25881904510252074,0.9,6.0
2026-08-09 06:20:00,230.0,6.0,0.9,1020.0,27.8,28.3,0.9,0.9,1.0,6.0,6.0,6.0,1020.1,1020.6,1020.8,0.9,0.0,0.9,0.0,6.0,0.0,5.833333333333333,0.408248290463861,-0.7999999999999545,-0.6000000000000227,-0.7660444431189779,-0.6427876096865395,1.0,6.123233995736766e-17,0.9,6.0
2026-08-09 09:20:00,220.0,5.0,0.9,1019.4,27.6,28.3,0.9,1.0,0.9,5.0,5.0,5.0,1019.5,1019.6,1019.8,0.9,0.0,0.9333333333333335,0.05773502691896258,5.0,0.0,5.0,0.0,-0.39999999999997726,-0.20000000000004547,-0.6427876096865393,-0.766044443118978,0.7071067811865476,-0.7071067811865475,0.9,5.0
2026-08-09 09:50:00,210.0,5.0,0.9,1019.6,27.6,28.3,0.9,0.9,1.0,5.0,5.0,5.0,1019.5,1019.4,1019.6,0.9,0.0,0.9,0.0,5.0,0.0,5.0,0.0,0.0,0.20000000000004547,-0.5000000000000001,-0.8660254037844386,0.7071067811865476,-0.7071067811865475,0.9,5.0
2026-08-09 10:20:00,210.0,5.0,0.9,1020.0,27.6,28.3,0.9,0.9,0.9,5.0,5.0,5.0,1020.0,1019.6,1019.4,0.9,0.0,0.9,0.0,5.0,0.0,5.0,0.0,0.6000000000000227,0.39999999999997726,-0.5000000000000001,-0.8660254037844386,0.49999999999999994,-0.8660254037844387,0.9,6.0
2026-08-09 11:20:00,200.0,6.0,0.9,1020.1,27.5,28.2,0.9,0.9,0.9,6.0,6.0,5.0,1020.1,1020.2,1020.0,0.9,0.0,0.9,0.0,6.0,0.0,5.833333333333333,0.4082482904638632,0.10000000000002274,-0.10000000000002274,-0.34202014332566866,-0.9396926207859084,0.258819045102521,-0.9659258262890682,0.9,7.0
2026-08-09 11:50:00,210.0,7.0,0.9,1021.0,27.5,28.3,0.9,0.9,0.9,6.0,6.0,6.0,1020.6,1020.1,1020.2,0.9,0.0,0.9,0.0,6.333333333333333,0.5773502691896258,6.166666666666667,0.40824829046386296,0.7999999999999545,0.8999999999999773,-0.5000000000000001,-0.8660254037844386,0.258819045102521,-0.9659258262890682,0.9,7.0
2026-08-09 12:20:00,250.0,7.0,0.9,1021.1,25.3,28.2,0.9,0.9,0.9,8.0,7.0,6.0,1021.0,1021.0,1020.1,0.9,0.0,0.9,0.0,7.666666666666667,0.5773502691896258,7.0,0.894427190999916,1.0,0.10000000000002274,-0.9396926207859084,-0.34202014332566855,1.2246467991473532e-16,-1.0,0.9,5.0
2026-08-09 12:50:00,250.0,5.0,0.9,1020.9,25.6,28.2,0.9,0.9,0.9,5.0,7.0,7.0,1021.0,1021.1,1021.0,0.9,0.0,0.9,0.0,5.333333333333333,0.5773502691896258,6.5,1.3784048752090226,-0.10000000000002274,-0.20000000000004547,-0.9396926207859084,-0.34202014332566855,1.2246467991473532e-16,-1.0,1.0,4.0
2026-08-09 13:20:00,210.0,4.0,1.0,1020.6,25.7,28.2,1.0,0.9,0.9,4.0,5.0,7.0,1020.8,1020.9,1021.1,1.0,0.0,0.95,0.05773502691896256,4.0,0.0,4.666666666666667,0.8164965809277284,-0.5,-0.2999999999999545,-0.5000000000000001,-0.8660254037844386,-0.2588190451025208,-0.9659258262890683,0.9,6.0
2026-08-09 13:50:00,200.0,6.0,0.9,1020.7,26.4,28.2,0.9,1.0,0.9,4.0,4.0,5.0,1020.7,1020.6,1020.9,0.9,0.0,0.9500000000000001,0.05773502691896256,4.333333333333333,1.5275252316519468,4.166666666666667,0.9831920802501773,-0.1999999999999318,0.10000000000002274,-0.34202014332566866,-0.9396926207859084,-0.2588190451025208,-0.9659258262890683,1.0,6.0
2026-08-09 14:20:00,200.0,6.0,1.0,1020.8,26.9,28.2,1.0,0.9,1.0,6.0,6.0,4.0,1020.8,1020.7,1020.6,1.0,0.0,0.9500000000000001,0.05773502691896256,6.0,0.0,5.166666666666667,1.3291601358251284,0.1999999999999318,0.09999999999990905,-0.34202014332566866,-0.9396926207859084,-0.4999999999999997,-0.8660254037844388,0.9,6.0
2026-08-09 15:20:00,190.0,5.0,0.9,1020.8,26.0,28.2,0.9,0.9,1.0,6.0,6.0,6.0,1020.9,1020.8,1020.8,0.9,0.0,0.9,0.0,6.0,1.0,5.833333333333333,0.752772652709081,0.0,0.0,-0.17364817766693047,-0.984807753012208,-0.7071067811865471,-0.7071067811865479,1.0,10.0
2026-08-09 16:20:00,210.0,7.0,1.1,1021.2,23.9,28.1,1.1,1.0,0.9,8.0,10.0,5.0,1021.1,1021.1,1020.8,1.1,0.0,1.0666666666666667,0.05773502691896271,8.0,1.0,7.666666666666667,1.6329931618554518,0.40000000000009095,0.10000000000002274,-0.5000000000000001,-0.8660254037844386,-0.8660254037844385,-0.5000000000000004,1.0,8.0
2026-08-09 17:20:00,210.0,7.0,1.2,1020.5,25.2,28.1,1.2,1.0,1.1,8.0,8.0,7.0,1020.6,1020.8,1021.2,1.2,0.0,1.1333333333333335,0.11547005383792529,7.666666666666667,0.5773502691896258,7.5,0.5477225575051644,-0.7000000000000455,-0.2999999999999545,-0.5000000000000001,-0.8660254037844386,-0.9659258262890683,-0.25881904510252063,1.3,8.0
2026-08-09 18:20:00,210.0,7.0,1.2,1020.2,25.6,28.1,1.2,1.3,1.2,7.0,8.0,7.0,1020.2,1020.2,1020.5,1.2,0.0,1.2333333333333334,0.057735026918962595,7.0,0.0,7.166666666666667,0.4082482904638613,-0.2999999999999545,0.0,-0.5000000000000001,-0.8660254037844386,-1.0,-1.8369701987210297e-16,1.3,7.0
2026-08-09 18:50:00,210.0,7.0,1.3,1020.1,25.9,,1.3,1.2,1.3,7.0,7.0,8.0,1020.0,1020.2,1020.2,1.3,0.0,1.25,0.057735026918962595,7.0,0.0,7.0,0.0,-0.10000000000002274,-0.10000000000002274,-0.5000000000000001,-0.8660254037844386,-1.0,-1.8369701987210297e-16,1.3,7.0
2026-08-09 19:20:00,210.0,7.0,1.3,1019.9,26.2,28.0,1.3,1.3,1.2,7.0,7.0,7.0,1020.0,1020.1,1020.2,1.3,0.0,1.3,0.0,7.0,0.0,7.0,0.0,-0.3000000000000682,-0.20000000000004547,-0.5000000000000001,-0.8660254037844386,-0.9659258262890684,0.2588190451025203,1.4,7.0
2026-08-09 19:50:00,220.0,7.0,1.4,1019.5,26.6,28.1,1.4,1.3,1.3,7.0,7.0,7.0,1019.5,1019.9,1020.1,1.4,0.0,1.35,0.05773502691896256,7.0,0.0,7.0,0.0,-0.6000000000000227,-0.39999999999997726,-0.6427876096865393,-0.766044443118978,-0.9659258262890684,0.2588190451025203,1.3,8.0
2026-08-09 20:20:00,220.0,8.0,1.3,1019.3,26.9,28.1,1.3,1.4,1.3,7.0,7.0,7.0,1019.2,1019.5,1019.9,1.3,0.0,1.35,0.05773502691896256,7.333333333333333,0.5773502691896258,7.166666666666667,0.40824829046386296,-0.6000000000000227,-0.20000000000004547,-0.6427876096865393,-0.766044443118978,-0.8660254037844386,0.5000000000000001,1.2,7.0
2026-08-09 21:20:00,230.0,7.0,1.3,1019.3,27.4,28.1,1.3,1.2,1.3,7.0,7.0,8.0,1019.3,1019.2,1019.3,1.3,0.0,1.2666666666666666,0.057735026918962595,7.0,0.0,7.166666666666667,0.4082482904638632,0.0,0.09999999999990905,-0.7660444431189779,-0.6427876096865395,-0.7071067811865477,0.7071067811865474,1.1,8.0
2026-08-09 22:20:00,230.0,8.0,1.2,1019.3,27.4,28.1,1.2,1.1,1.3,8.0,8.0,7.0,1019.3,1019.1,1019.3,1.2,0.0,1.1666666666666667,0.05773502691896265,8.0,0.0,7.833333333333333,0.4082482904638632,0.0,0.1999999999999318,-0.7660444431189779,-0.6427876096865395,-0.5000000000000004,0.8660254037844384,1.2,8.0
2026-08-10 00:50:00,240.0,7.0,1.2,1019.4,27.5,28.1,1.2,1.2,1.2,7.0,8.0,8.0,1019.3,1019.2,1019.1,1.2,0.0,1.2,0.0,7.0,0.0,7.5,0.5477225575051659,0.2999999999999545,0.1999999999999318,-0.8660254037844385,-0.5000000000000004,0.0,1.0,1.2,7.0
2026-08-10 01:20:00,250.0,7.0,1.2,1019.9,27.5,28.1,1.2,1.2,1.2,7.0,7.0,8.0,1019.6,1019.4,1019.2,1.2,0.0,1.2,0.0,7.0,0.0,7.0,0.0,0.6999999999999318,0.5,-0.9396926207859084,-0.34202014332566855,0.25881904510252074,0.9659258262890683,1.2,7.0
2026-08-10 02:20:00,250.0,7.0,1.1,1020.0,27.4,28.1,1.1,1.2,1.2,7.0,7.0,7.0,1020.1,1020.0,1019.9,1.1,0.0,1.1333333333333335,0.05773502691896261,7.0,0.0,7.0,0.0,0.10000000000002274,0.0,-0.9396926207859084,-0.34202014332566855,0.49999999999999994,0.8660254037844387,1.1,7.0
2026-08-10 02:50:00,240.0,7.0,1.1,1019.8,27.3,28.1,1.1,1.1,1.2,7.0,7.0,7.0,1019.8,1020.0,1020.0,1.1,0.0,1.1,0.0,7.0,0.0,7.0,0.0,-0.20000000000004547,-0.20000000000004547,-0.8660254037844385,-0.5000000000000004,0.49999999999999994,0.8660254037844387,1.1,6.0
2026-08-10 03:20:00,250.0,6.0,1.1,1019.9,27.4,28.1,1.1,1.1,1.1,6.0,7.0,7.0,1019.9,1019.8,1020.0,1.1,0.0,1.1,0.0,6.0,0.0,6.5,0.5477225575051659,-0.10000000000002274,0.10000000000002274,-0.9396926207859084,-0.34202014332566855,0.7071067811865476,0.7071067811865476,1.1,5.0
2026-08-10 03:50:00,260.0,5.0,1.1,1019.9,27.2,28.1,1.1,1.1,1.1,5.0,6.0,7.0,1019.8,1019.9,1019.8,1.1,0.0,1.1,0.0,5.333333333333333,0.5773502691896258,5.666666666666667,0.5163977794943232,0.10000000000002274,0.0,-0.984807753012208,-0.17364817766693033,0.7071067811865476,0.7071067811865476,1.1,6.0
2026-08-10 04:20:00,260.0,6.0,1.1,1019.8,27.3,28.0,1.1,1.1,1.1,5.0,5.0,6.0,1019.9,1019.9,1019.9,1.1,0.0,1.1,0.0,5.666666666666667,0.5773502691896258,5.5,0.5477225575051671,-0.10000000000002274,-0.10000000000002274,-0.984807753012208,-0.17364817766693033,0.8660254037844386,0.5000000000000001,1.0,5.0
2026-08-10 05:20:00,260.0,6.0,1.0,1019.9,27.4,28.0,1.0,1.0,1.1,5.0,5.0,6.0,1019.9,1019.7,1019.8,1.0,0.0,1.0,0.0,5.333333333333333,0.5773502691896258,5.166666666666667,0.40824829046386296,0.10000000000002274,0.1999999999999318,-0.984807753012208,-0.17364817766693033,0.9659258262890683,0.25881904510252074,1.0,6.0
2026-08-10 05:50:00,250.0,6.0,1.0,1019.7,27.5,28.0,1.0,1.0,1.0,6.0,6.0,5.0,1019.9,1019.9,1019.7,1.0,0.0,1.0,0.0,6.0,0.0,5.666666666666667,0.5163977794943221,0.0,-0.1999999999999318,-0.9396926207859084,-0.34202014332566855,0.9659258262890683,0.25881904510252074,1.0,5.0
2026-08-10 06:20:00,250.0,5.0,1.0,1019.7,27.5,28.0,1.0,1.0,1.0,5.0,6.0,6.0,1019.8,1019.7,1019.9,1.0,0.0,1.0,0.0,5.333333333333333,0.5773502691896258,5.666666666666667,0.5163977794943221,-0.1999999999999318,0.0,-0.9396926207859084,-0.34202014332566855,1.0,6.123233995736766e-17,1.0,7.0
2026-08-10 06:50:00,240.0,7.0,1.0,1019.6,27.5,28.0,1.0,1.0,1.0,6.0,5.0,6.0,1019.6,1019.7,1019.7,1.0,0.0,1.0,0.0,6.0,1.0,5.666666666666667,0.8164965809277258,-0.10000000000002274,-0.10000000000002274,-0.8660254037844385,-0.5000000000000004,1.0,6.123233995736766e-17,1.1,6.0
2026-08-10 09:20:00,230.0,7.0,1.0,1019.9,26.9,28.0,1.0,1.0,1.0,7.0,7.0,5.0,1020.0,1019.9,1019.8,1.0,0.0,1.0,0.0,7.0,0.0,6.666666666666667,0.5163977794943218,0.10000000000002274,0.0,-0.7660444431189779,-0.6427876096865395,0.7071067811865476,-0.7071067811865475,1.1,7.0
2026-08-10 09:50:00,240.0,7.0,1.1,1019.9,27.1,28.0,1.1,1.0,1.0,7.0,7.0,7.0,1020.0,1019.9,1019.9,1.1,0.0,1.05,0.05773502691896274,7.333333333333333,0.5773502691896258,7.166666666666667,0.4082482904638613,0.0,0.0,-0.8660254037844385,-0.5000000000000004,0.7071067811865476,-0.7071067811865475,1.0,8.0
2026-08-10 10:20:00,250.0,8.0,1.0,1019.9,27.1,28.0,1.0,1.1,1.0,8.0,7.0,7.0,1020.0,1019.9,1019.9,1.0,0.0,1.05,0.05773502691896274,8.0,0.0,7.666666666666667,0.5163977794943205,0.0,0.0,-0.9396926207859084,-0.34202014332566855,0.49999999999999994,-0.8660254037844387,1.0,7.0
2026-08-10 11:20:00,250.0,7.0,1.1,1019.9,27.4,28.0,1.1,1.0,1.0,7.0,7.0,8.0,1019.9,1019.7,1019.9,1.1,0.0,1.0666666666666667,0.057735026918962484,7.0,0.0,7.0,0.0,0.0,0.1999999999999318,-0.9396926207859084,-0.34202014332566855,0.258819045102521,-0.9659258262890682,1.1,7.0
2026-08-10 12:20:00,250.0,7.0,1.1,1019.9,27.5,28.0,1.1,1.1,1.1,7.0,7.0,7.0,1019.8,1019.7,1019.9,1.1,0.0,1.1,0.0,7.0,0.0,6.833333333333333,0.40824829046386296,0.0,0.1999999999999318,-0.9396926207859084,-0.34202014332566855,1.2246467991473532e-16,-1.0,1.0,7.0
2026-08-10 13:20:00,250.0,6.0,1.1,1019.9,27.5,28.1,1.1,1.0,1.1,6.0,7.0,7.0,1020.0,1019.9,1019.9,1.1,0.0,1.0666666666666667,0.057735026918962595,6.333333333333333,0.5773502691896258,6.666666666666667,0.5163977794943221,0.0,0.0,-0.9396926207859084,-0.34202014332566855,-0.2588190451025208,-0.9659258262890683,1.0,7.0
2026-08-10 13:50:00,250.0,7.0,1.0,1020.2,27.6,28.1,1.0,1.1,1.0,6.0,6.0,7.0,1020.3,1019.9,1019.9,1.0,0.0,1.05,0.057735026918962595,6.333333333333333,0.5773502691896258,6.333333333333333,0.5163977794943221,0.3000000000000682,0.3000000000000682,-0.9396926207859084,-0.34202014332566855,-0.2588190451025208,-0.9659258262890683,1.1,6.0
2026-08-10 14:20:00,250.0,6.0,1.1,1020.5,27.7,28.1,1.1,1.0,1.1,6.0,7.0,6.0,1020.5,1020.2,1019.9,1.1,0.0,1.05,0.057735026918962595,6.0,0.0,6.166666666666667,0.4082482904638632,0.6000000000000227,0.2999999999999545,-0.9396926207859084,-0.34202014332566855,-0.4999999999999997,-0.8660254037844388,1.1,6.0
2026-08-10 14:50:00,240.0,6.0,1.1,1020.6,27.6,28.1,1.1,1.1,1.0,6.0,6.0,7.0,1020.5,1020.5,1020.2,1.1,0.0,1.1,0.0,6.0,0.0,6.0,0.0,0.39999999999997726,0.10000000000002274,-0.8660254037844385,-0.5000000000000004,-0.4999999999999997,-0.8660254037844388,1.0,5.0
2026-08-10 15:20:00,240.0,5.0,1.0,1020.9,27.8,28.1,1.0,1.1,1.1,6.0,6.0,6.0,1020.8,1020.6,1020.5,1.0,0.0,1.05,0.05773502691896274,5.333333333333333,0.5773502691896258,5.666666666666667,0.5163977794943221,0.39999999999997726,0.2999999999999545,-0.8660254037844385,-0.5000000000000004,-0.7071067811865471,-0.7071067811865479,1.0,6.0
