timestamp,wind_dir,wind_speed,wave_height,pressure,air_temp,water_temp,wave_height_1h,wave_height_3h,wave_height_6h,wind_speed_1h,wind_speed_3h,wind_speed_6h,pressure_1h,pressure_3h,pressure_6h,wave_height_roll_mean_3h,wave_height_roll_std_3h,wave_height_roll_mean_6h,wave_height_roll_std_6h,wind_speed_roll_mean_3h,wind_speed_roll_std_3h,wind_speed_roll_mean_6h,wind_speed_roll_std_6h,pressure_drop_6h,pressure_drop_3h,wind_dir_sin,wind_dir_cos,hour_sin,hour_cos,target_wave_height_3h,target_wind_speed_3h
2026-06-26 01:20:00,70.0,7.0,1.8,1017.3,27.1,27.0,1.8,1.9,1.8,8.0,7.0,7.0,1017.2,1017.1,1017.0,1.8,0.0,1.8333333333333333,0.05773502691896253,7.666666666666667,0.5773502691896258,7.166666666666667,0.752772652709081,0.2999999999999545,0.1999999999999318,0.9396926207859083,0.3420201433256688,0.25881904510252074,0.9659258262890683,1.7,7.0
2026-06-26 02:20:00,80.0,8.0,1.9,1017.4,26.9,27.0,1.9,1.7,1.8,7.0,7.0,7.0,1017.5,1017.5,1017.3,1.9,0.0,1.8333333333333333,0.11547005383792507,7.0,1.0,7.0,0.6324555320336763,0.10000000000002274,-0.10000000000002274,0.984807753012208,0.17364817766693041,0.49999999999999994,0.8660254037844387,1.7,8.0
2026-06-26 03:50:00,80.0,8.0,1.6,1016.7,26.7,,1.6,1.8,1.7,8.0,8.0,8.0,1016.8,1017.0,1017.3,1.6,0.0,1.6666666666666667,0.1154700538379251,8.0,0.0,8.0,0.0,-0.599999999999909,-0.2999999999999545,0.984807753012208,0.17364817766693041,0.7071067811865476,0.7071067811865476,1.7,8.0
2026-06-26 04:20:00,90.0,8.0,1.7,1016.4,26.8,27.0,1.7,1.6,1.8,8.0,8.0,8.0,1016.4,1016.7,1017.0,1.7,0.0,1.65,0.05773502691896246,8.0,0.0,8.0,0.0,-0.6000000000000227,-0.3000000000000682,1.0,6.123233995736766e-17,0.8660254037844386,0.5000000000000001,1.8,7.0
2026-06-26 04:50:00,90.0,7.0,1.8,1016.1,26.7,27.0,1.8,1.7,1.6,8.0,8.0,8.0,1016.2,1016.4,1016.7,1.8,0.0,1.75,0.05773502691896277,7.333333333333333,0.5773502691896258,7.666666666666667,0.5163977794943221,-0.6000000000000227,-0.2999999999999545,1.0,6.123233995736766e-17,0.8660254037844386,0.5000000000000001,1.7,7.0
2026-06-26 09:20:00,80.0,8.0,1.7,1016.0,26.4,27.0,1.7,1.7,1.7,8.0,8.0,7.0,1015.9,1015.6,1015.6,1.7,0.0,1.7,0.0,8.0,0.0,8.0,0.0,0.39999999999997726,0.39999999999997726,0.984807753012208,0.17364817766693041,0.7071067811865476,-0.7071067811865475,1.7,8.0
2026-06-26 09:50:00,80.0,8.0,1.7,1016.3,26.5,27.0,1.7,1.7,1.7,7.0,8.0,8.0,1016.1,1016.0,1015.6,1.7,0.0,1.7,0.0,7.333333333333333,0.5773502691896258,7.666666666666667,0.5163977794943221,0.6999999999999318,0.2999999999999545,0.984807753012208,0.17364817766693041,0.7071067811865476,-0.7071067811865475,1.7,8.0
2026-06-26 10:20:00,80.0,8.0,1.7,1016.3,26.5,27.0,1.7,1.7,1.7,8.0,8.0,8.0,1016.4,1016.3,1016.0,1.7,0.0,1.7,0.0,8.0,0.0,7.666666666666667,0.5163977794943221,0.2999999999999545,0.0,0.984807753012208,0.17364817766693041,0.49999999999999994,-0.8660254037844387,1.8,8.0
2026-06-26 11:20:00,80.0,8.0,1.8,1016.9,26.7,27.0,1.8,1.8,1.7,8.0,8.0,8.0,1016.8,1016.6,1016.3,1.8,0.0,1.8,0.0,8.0,0.0,8.0,0.0,0.6000000000000227,0.2999999999999545,0.984807753012208,0.17364817766693041,0.258819045102521,-0.9659258262890682,1.7,8.0
2026-06-26 12:20:00,90.0,8.0,1.8,1017.5,26.8,27.0,1.8,1.7,1.8,8.0,8.0,8.0,1017.3,1017.1,1016.9,1.8,0.0,1.7666666666666668,0.057735026918962595,8.0,0.0,8.0,0.0,0.6000000000000227,0.39999999999997726,1.0,6.123233995736766e-17,1.2246467991473532e-16,-1.0,1.8,8.0
2026-06-26 13:20:00,80.0,8.0,1.7,1017.5,26.9,27.0,1.7,1.8,1.8,8.0,8.0,8.0,1017.6,1017.5,1017.5,1.7,0.0,1.7333333333333334,0.057735026918962595,7.666666666666667,0.5773502691896258,7.833333333333333,0.40824829046386296,0.0,0.0,0.984807753012208,0.17364817766693041,-0.2588190451025208,-0.9659258262890683,1.7,7.0
2026-06-26 15:20:00,80.0,7.0,1.6,1017.2,26.8,27.1,1.6,1.7,1.6,7.0,7.0,7.0,1017.3,1017.5,1017.5,1.6,0.0,1.6333333333333335,0.05773502691896251,7.0,0.0,6.833333333333333,0.40824829046386296,-0.2999999999999545,-0.2999999999999545,0.984807753012208,0.17364817766693041,-0.7071067811865471,-0.7071067811865479,1.7,7.0
2026-06-26 16:20:00,80.0,7.0,1.6,1016.6,26.8,27.2,1.6,1.7,1.6,7.0,7.0,7.0,1016.6,1016.8,1017.2,1.6,0.0,1.6333333333333335,0.05773502691896253,7.0,0.0,7.0,0.0,-0.6000000000000227,-0.1999999999999318,0.984807753012208,0.17364817766693041,-0.8660254037844385,-0.5000000000000004,1.6,7.0
2026-06-26 16:50:00,80.0,7.0,1.6,1016.5,26.9,27.2,1.6,1.6,1.7,7.0,7.0,7.0,1016.6,1016.6,1016.8,1.6,0.0,1.6,0.0,7.0,0.0,7.0,0.0,-0.2999999999999545,-0.10000000000002274,0.984807753012208,0.17364817766693041,-0.8660254037844385,-0.5000000000000004,1.6,7.0
2026-06-26 17:20:00,90.0,7.0,1.6,1016.3,27.0,27.2,1.6,1.6,1.6,7.0,7.0,7.0,1016.4,1016.5,1016.6,1.6,0.0,1.6,0.0,7.0,0.0,7.0,0.0,-0.3000000000000682,-0.20000000000004547,1.0,6.123233995736766e-17,-0.9659258262890683,-0.25881904510252063,1.7,7.0
2026-06-26 17:50:00,90.0,7.0,1.7,1016.1,27.1,27.2,1.7,1.6,1.6,7.0,7.0,7.0,1016.2,1016.3,1016.5,1.7,0.0,1.6500000000000001,0.05773502691896256,7.0,0.0,7.0,0.0,-0.39999999999997726,-0.1999999999999318,1.0,6.123233995736766e-17,-0.9659258262890683,-0.25881904510252063,1.6,6.0
2026-06-26 18:20:00,80.0,6.0,1.6,1015.9,27.1,27.2,1.6,1.7,1.6,6.0,7.0,7.0,1015.9,1016.1,1016.3,1.6,0.0,1.6500000000000001,0.05773502691896256,6.333333333333333,0.5773502691896258,6.666666666666667,0.5163977794943221,-0.39999999999997726,-0.20000000000004547,0.984807753012208,0.17364817766693041,-1.0,-1.8369701987210297e-16,1.7,7.0
2026-06-26 18:50:00,70.0,7.0,1.7,1015.3,27.1,27.3,1.7,1.6,1.7,6.0,6.0,7.0,1015.5,1015.9,1016.1,1.7,0.0,1.65,0.05773502691896256,6.333333333333333,0.5773502691896258,6.333333333333333,0.5163977794943221,-0.8000000000000682,-0.6000000000000227,0.9396926207859083,0.3420201433256688,-1.0,-1.8369701987210297e-16,1.6,6.0
2026-06-26 19:20:00,80.0,6.0,1.6,1015.2,27.2,27.3,1.6,1.7,1.6,7.0,7.0,6.0,1015.3,1015.3,1015.9,1.6,0.0,1.65,0.05773502691896256,6.333333333333333,0.5773502691896258,6.333333333333333,0.5163977794943221,-0.6999999999999318,-0.09999999999990905,0.984807753012208,0.17364817766693041,-0.9659258262890684,0.2588190451025203,1.5,7.0
2026-06-26 20:20:00,80.0,7.0,1.6,1015.6,27.1,27.2,1.6,1.5,1.6,7.0,7.0,6.0,1015.5,1015.4,1015.2,1.6,0.0,1.5666666666666667,0.057735026918962595,7.0,0.0,7.0,0.0,0.39999999999997726,0.20000000000004547,0.984807753012208,0.17364817766693041,-0.8660254037844386,0.5000000000000001,1.7,7.0
2026-06-26 21:20:00,80.0,7.0,1.5,1016.0,27.1,27.2,1.5,1.7,1.6,7.0,7.0,7.0,1015.9,1015.7,1015.6,1.5,0.0,1.5666666666666667,0.115470053837925,7.0,0.0,7.166666666666667,0.40824829046386296,0.39999999999997726,0.2999999999999545,0.984807753012208,0.17364817766693041,-0.7071067811865477,0.7071067811865474,1.4,7.0
2026-06-26 22:20:00,70.0,6.0,1.4,1016.5,27.0,27.2,1.4,1.4,1.5,6.0,7.0,7.0,1016.4,1016.2,1016.0,1.4,0.0,1.4,0.0,6.333333333333333,0.5773502691896258,6.5,0.5477225575051659,0.5,0.2999999999999545,0.9396926207859083,0.3420201433256688,-0.5000000000000004,0.8660254037844384,1.6,6.0
2026-06-26 23:40:00,70.0,6.0,1.5,1017.2,26.7,27.1,1.5,1.6,1.4,6.0,6.0,6.0,1016.7,1016.6,1016.5,1.5,0.0,1.5333333333333334,0.05773502691896273,6.0,0.0,6.0,0.0,0.7000000000000455,0.6000000000000227,0.9396926207859083,0.3420201433256688,-0.25881904510252157,0.9659258262890681,1.5,6.0
2026-06-27 00:50:00,70.0,5.0,1.5,1017.6,27.0,27.1,1.5,1.5,1.5,6.0,8.0,5.0,1017.6,1017.4,1017.3,1.5,0.0,1.5,0.0,6.333333333333333,1.5275252316519465,6.333333333333333,1.3662601021279464,0.3000000000000682,0.20000000000004547,0.9396926207859083,0.3420201433256688,0.0,1.0,1.6,5.0
2026-06-27 01:20:00,70.0,5.0,1.6,1017.6,26.5,27.1,1.6,1.5,1.5,7.0,5.0,8.0,1017.6,1017.6,1017.4,1.6,0.0,1.55,0.05773502691896274,5.666666666666667,1.1547005383792515,6.0,1.2649110640673518,0.20000000000004547,0.0,0.9396926207859083,0.3420201433256688,0.25881904510252074,0.9659258262890683,1.5,7.0
2026-06-27 02:20:00,80.0,8.0,1.5,1017.5,26.3,27.1,1.5,1.5,1.6,7.0,7.0,5.0,1017.6,1017.6,1017.6,1.5,0.0,1.5,0.0,7.333333333333333,0.5773502691896258,7.0,0.6324555320336759,-0.10000000000002274,-0.10000000000002274,0.984807753012208,0.17364817766693041,0.49999999999999994,0.8660254037844387,1.5,7.0
2026-06-27 02:50:00,80.0,7.0,1.5,1017.5,26.5,27.1,1.5,1.5,1.5,7.0,8.0,7.0,1017.4,1017.5,1017.6,1.5,0.0,1.5,0.0,7.333333333333333,0.5773502691896258,7.333333333333333,0.5163977794943221,-0.10000000000002274,0.0,0.984807753012208,0.17364817766693041,0.49999999999999994,0.8660254037844387,1.5,6.0
2026-06-27 03:20:00,80.0,6.0,1.5,1017.1,25.8,27.1,1.5,1.5,1.5,7.0,7.0,8.0,1017.3,1017.5,1017.5,1.5,0.0,1.5,0.0,6.666666666666667,0.5773502691896258,7.0,0.6324555320336763,-0.39999999999997726,-0.39999999999997726,0.984807753012208,0.17364817766693041,0.7071067811865476,0.7071067811865476,1.5,7.0
2026-06-27 03:50:00,90.0,7.0,1.5,1016.6,26.3,27.1,1.5,1.5,1.5,7.0,6.0,7.0,1016.7,1017.1,1017.5,1.5,0.0,1.5,0.0,7.0,0.0,6.833333333333333,0.40824829046386407,-0.8999999999999773,-0.5,1.0,6.123233995736766e-17,0.7071067811865476,0.7071067811865476,1.5,8.0
2026-06-27 04:20:00,110.0,8.0,1.5,1016.2,26.6,27.1,1.5,1.5,1.5,8.0,7.0,6.0,1016.3,1016.6,1017.1,1.5,0.0,1.5,0.0,8.0,0.0,7.5,0.5477225575051654,-0.8999999999999773,-0.39999999999997726,0.9396926207859084,-0.3420201433256687,0.8660254037844386,0.5000000000000001,1.5,7.0
2026-06-27 05:20:00,90.0,8.0,1.7,1015.7,26.5,27.1,1.7,1.5,1.5,8.0,7.0,8.0,1015.6,1015.8,1016.2,1.7,0.0,1.633333333333333,0.1154700538379251,8.0,0.0,7.5,0.5477225575051654,-0.5,-0.09999999999990905,1.0,6.123233995736766e-17,0.9659258262890683,0.25881904510252074,1.6,8.0
2026-06-27 05:50:00,90.0,8.0,1.6,1015.5,26.6,27.1,1.6,1.7,1.5,8.0,8.0,7.0,1015.7,1015.7,1015.8,1.6,0.0,1.65,0.057735026918962463,7.666666666666667,0.5773502691896258,7.833333333333333,0.408248290463861,-0.2999999999999545,-0.20000000000004547,1.0,6.123233995736766e-17,0.9659258262890683,0.25881904510252074,1.6,9.0
2026-06-27 06:20:00,90.0,9.0,1.6,1015.2,26.6,27.1,1.6,1.6,1.7,8.0,8.0,8.0,1015.4,1015.5,1015.7,1.6,0.0,1.6,0.0,8.333333333333334,0.5773502691896255,8.0,0.632455532033674,-0.5,-0.2999999999999545,1.0,6.123233995736766e-17,1.0,6.123233995736766e-17,1.7,8.0
2026-06-27 06:50:00,100.0,8.0,1.7,1015.4,26.4,27.1,1.7,1.6,1.6,8.0,9.0,8.0,1015.4,1015.2,1015.5,1.7,0.0,1.6500000000000001,0.05773502691896256,8.333333333333334,0.5773502691896255,8.333333333333334,0.5163977794943183,-0.10000000000002274,0.1999999999999318,0.984807753012208,-0.1736481776669303,1.0,6.123233995736766e-17,1.7,8.0
2026-06-27 07:20:00,110.0,8.0,1.7,1015.4,25.1,27.1,1.7,1.7,1.6,9.0,8.0,9.0,1015.6,1015.4,1015.2,1.7,0.0,1.7,0.0,8.666666666666666,0.5773502691896255,8.5,0.5477225575051617,0.1999999999999318,0.0,0.9396926207859084,-0.3420201433256687,0.9659258262890683,-0.25881904510252063,1.7,7.0
2026-06-27 09:20:00,100.0,8.0,1.7,1015.7,26.4,27.0,1.7,1.8,1.8,7.0,8.0,7.0,1015.7,1015.5,1015.4,1.7,0.0,1.7333333333333334,0.057735026918962595,7.666666666666667,0.5773502691896258,7.833333333333333,0.408248290463859,0.3000000000000682,0.20000000000004547,0.984807753012208,-0.1736481776669303,0.7071067811865476,-0.7071067811865475,1.7,7.0
2026-06-27 10:20:00,100.0,7.0,1.7,1016.4,26.7,27.0,1.7,1.7,1.7,8.0,7.0,8.0,1016.2,1016.0,1015.7,1.7,0.0,1.7,0.0,7.666666666666667,0.5773502691896258,7.5,0.5477225575051627,0.6999999999999318,0.39999999999997726,0.984807753012208,-0.1736481776669303,0.49999999999999994,-0.8660254037844387,1.8,7.0
2026-06-27 10:50:00,100.0,7.0,1.8,1016.7,26.9,27.0,1.8,1.7,1.7,7.0,7.0,7.0,1016.7,1016.4,1016.0,1.8,0.0,1.75,0.05773502691896257,7.0,0.0,7.333333333333333,0.5163977794943188,0.7000000000000455,0.3000000000000682,0.984807753012208,-0.1736481776669303,0.49999999999999994,-0.8660254037844387,1.6,8.0
2026-06-27 11:20:00,110.0,8.0,1.6,1016.8,27.0,27.0,1.6,1.8,1.7,8.0,7.0,7.0,1016.7,1016.7,1016.4,1.6,0.0,1.7000000000000002,0.11547005383792512,8.0,0.0,7.5,0.5477225575051627,0.39999999999997726,0.09999999999990905,0.9396926207859084,-0.3420201433256687,0.258819045102521,-0.9659258262890682,1.6,8.0
2026-06-27 12:20:00,100.0,8.0,1.6,1017.0,27.2,27.1,1.6,1.6,1.6,8.0,8.0,8.0,1017.0,1016.9,1016.8,1.6,0.0,1.6,0.0,8.333333333333334,0.5773502691896255,8.166666666666666,0.4082482904638632,0.20000000000004547,0.10000000000002274,0.984807753012208,-0.1736481776669303,1.2246467991473532e-16,-1.0,1.7,7.0
2026-06-27 12:50:00,100.0,7.0,1.7,1017.2,27.2,27.1,1.7,1.6,1.6,7.0,8.0,8.0,1017.2,1017.0,1016.9,1.7,0.0,1.6500000000000001,0.05773502691896256,7.333333333333333,0.5773502691896258,7.833333333333333,0.7527726527090807,0.3000000000000682,0.20000000000004547,0.984807753012208,-0.1736481776669303,1.2246467991473532e-16,-1.0,1.8,7.0
2026-06-27 13:20:00,100.0,7.0,1.8,1017.3,27.2,,1.8,1.7,1.6,7.0,7.0,8.0,1017.3,1017.2,1017.0,1.8,0.0,1.75,0.05773502691896288,7.0,0.0,7.166666666666667,0.40824829046386013,0.2999999999999545,0.09999999999990905,0.984807753012208,-0.1736481776669303,-0.2588190451025208,-0.9659258262890683,1.6,7.0
2026-06-27 14:20:00,110.0,7.0,1.7,1017.2,27.2,27.1,1.7,1.6,1.8,7.0,7.0,7.0,1017.3,1017.3,1017.3,1.7,0.0,1.6666666666666667,0.05773502691896265,7.0,0.0,7.0,0.0,-0.09999999999990905,-0.09999999999990905,0.9396926207859084,-0.3420201433256687,-0.4999999999999997,-0.8660254037844388,1.7,6.0
2026-06-27 15:20:00,120.0,6.0,1.7,1017.3,27.4,27.2,1.7,1.7,1.7,6.0,6.0,7.0,1017.3,1017.2,1017.2,1.7,0.0,1.7,0.0,6.0,0.0,6.333333333333333,0.5163977794943221,0.09999999999990905,0.09999999999990905,0.8660254037844387,-0.4999999999999998,-0.7071067811865471,-0.7071067811865479,1.5,6.0
2026-06-27 15:50:00,120.0,6.0,1.5,1017.2,27.4,27.2,1.5,1.7,1.7,6.0,6.0,6.0,1017.2,1017.3,1017.2,1.5,0.0,1.6,0.11547005383792512,6.0,0.0,6.0,0.0,0.0,-0.09999999999990905,0.8660254037844387,-0.4999999999999998,-0.7071067811865471,-0.7071067811865479,1.5,6.0
2026-06-27 16:20:00,120.0,6.0,1.5,1017.2,27.4,27.3,1.5,1.5,1.7,6.0,6.0,6.0,1017.2,1017.2,1017.3,1.5,0.0,1.5,0.0,6.0,0.0,6.0,0.0,-0.09999999999990905,0.0,0.8660254037844387,-0.4999999999999998,-0.8660254037844385,-0.5000000000000004,1.6,6.0
2026-06-27 16:50:00,120.0,6.0,1.6,1016.9,27.2,27.3,1.6,1.5,1.5,6.0,6.0,6.0,1017.0,1017.2,1017.2,1.6,0.0,1.55,0.05773502691896274,6.0,0.0,6.0,0.0,-0.3000000000000682,-0.3000000000000682,0.8660254037844387,-0.4999999999999998,-0.8660254037844385,-0.5000000000000004,1.6,5.0
2026-06-27 17:20:00,120.0,5.0,1.6,1016.6,27.4,27.4,1.6,1.6,1.5,6.0,6.0,6.0,1016.8,1016.9,1017.2,1.6,0.0,1.6,0.0,5.666666666666667,0.5773502691896258,5.833333333333333,0.40824829046386296,-0.6000000000000227,-0.2999999999999545,0.8660254037844387,-0.4999999999999998,-0.9659258262890683,-0.25881904510252063,1.5,6.0
2026-06-27 18:20:00,110.0,6.0,1.4,1016.4,27.5,27.5,1.4,1.5,1.6,6.0,6.0,5.0,1016.4,1016.5,1016.6,1.4,0.0,1.4333333333333333,0.057735026918962006,6.0,0.0,5.833333333333333,0.4082482904638632,-0.20000000000004547,-0.10000000000002274,0.9396926207859084,-0.3420201433256687,-1.0,-1.8369701987210297e-16,1.5,6.0
2026-06-27 19:20:00,110.0,5.0,1.4,1016.3,27.5,27.5,1.4,1.5,1.4,5.0,6.0,6.0,1016.3,1016.4,1016.4,1.4,0.0,1.4333333333333333,0.057735026918962595,5.0,0.0,5.333333333333333,0.5163977794943221,-0.10000000000002274,-0.10000000000002274,0.9396926207859084,-0.3420201433256687,-0.9659258262890684,0.2588190451025203,1.4,6.0
2026-06-27 19:50:00,110.0,6.0,1.4,1016.1,27.5,27.5,1.4,1.4,1.5,6.0,5.0,6.0,1016.2,1016.3,1016.4,1.4,0.0,1.4,0.0,5.666666666666667,0.5773502691896258,5.333333333333333,0.5163977794943221,-0.2999999999999545,-0.1999999999999318,0.9396926207859084,-0.3420201433256687,-0.9659258262890684,0.2588190451025203,1.5,6.0
2026-06-27 20:20:00,120.0,6.0,1.5,1016.1,27.0,27.4,1.5,1.4,1.4,7.0,6.0,5.0,1016.1,1016.1,1016.3,1.5,0.0,1.45,0.05773502691896274,6.666666666666667,0.5773502691896258,6.166666666666667,0.7527726527090802,-0.1999999999999318,0.0,0.8660254037844387,-0.4999999999999998,-0.8660254037844386,0.5000000000000001,1.5,5.0
2026-06-27 22:20:00,100.0,6.0,1.4,1017.1,27.2,,1.4,1.4,1.5,6.0,6.0,6.0,1017.0,1016.9,1016.7,1.4,0.0,1.4,0.0,6.0,0.0,6.0,0.0,0.39999999999997726,0.20000000000004547,0.984807753012208,-0.1736481776669303,-0.5000000000000004,0.8660254037844384,1.4,6.0
2026-06-28 00:50:00,90.0,8.0,1.4,1017.9,27.2,27.2,1.4,1.5,1.4,7.0,7.0,7.0,1017.8,1017.7,1017.7,1.4,0.0,1.45,0.057735026918962595,7.333333333333333,0.5773502691896258,7.166666666666667,0.40824829046386296,0.1999999999999318,0.1999999999999318,1.0,6.123233995736766e-17,0.0,1.0,1.5,7.0
2026-06-28 01:20:00,90.0,7.0,1.5,1018.2,27.1,27.2,1.5,1.4,1.5,7.0,8.0,7.0,1018.1,1017.9,1017.7,1.5,0.0,1.45,0.057735026918962595,7.0,0.0,7.166666666666667,0.40824829046386296,0.5,0.3000000000000682,1.0,6.123233995736766e-17,0.25881904510252074,0.9659258262890683,1.3,7.0
2026-06-28 01:50:00,80.0,7.0,1.3,1018.1,27.1,27.2,1.3,1.5,1.4,6.0,7.0,8.0,1018.2,1018.2,1017.9,1.3,0.0,1.4,0.11547005383792502,6.666666666666667,0.5773502691896258,6.833333333333333,0.40824829046386296,0.20000000000004547,-0.10000000000002274,0.984807753012208,0.17364817766693041,0.25881904510252074,0.9659258262890683,1.4,7.0
2026-06-28 02:20:00,80.0,7.0,1.4,1018.0,27.1,27.2,1.4,1.3,1.5,7.0,7.0,7.0,1018.0,1018.1,1018.2,1.4,0.0,1.35,0.05773502691896211,7.0,0.0,6.833333333333333,0.40824829046386296,-0.20000000000004547,-0.10000000000002274,0.984807753012208,0.17364817766693041,0.49999999999999994,0.8660254037844387,1.4,8.0
2026-06-28 02:50:00,80.0,8.0,1.4,1017.8,27.1,27.2,1.4,1.4,1.3,8.0,7.0,7.0,1017.8,1018.0,1018.1,1.4,0.0,1.4,0.0,8.0,0.0,7.5,0.5477225575051659,-0.3000000000000682,-0.20000000000004547,0.984807753012208,0.17364817766693041,0.49999999999999994,0.8660254037844387,1.4,9.0
2026-06-28 04:20:00,80.0,8.0,1.5,1017.1,27.1,27.2,1.5,1.5,1.4,8.0,8.0,9.0,1017.3,1017.4,1017.6,1.5,0.0,1.5,0.0,8.0,0.0,8.0,0.0,-0.5,-0.2999999999999545,0.984807753012208,0.17364817766693041,0.8660254037844386,0.5000000000000001,1.5,7.0
2026-06-28 04:50:00,70.0,7.0,1.5,1016.7,27.0,27.2,1.5,1.5,1.5,7.0,8.0,8.0,1016.8,1017.1,1017.4,1.5,0.0,1.5,0.0,7.0,0.0,7.5,0.5477225575051659,-0.6999999999999318,-0.39999999999997726,0.9396926207859083,0.3420201433256688,0.8660254037844386,0.5000000000000001,1.5,7.0
2026-06-28 06:20:00,80.0,7.0,1.5,1015.8,26.9,27.1,1.5,1.4,1.5,7.0,8.0,7.0,1015.8,1015.9,1016.3,1.5,0.0,1.4666666666666668,0.057735026918962644,7.0,0.0,7.166666666666667,0.40824829046386296,-0.5,-0.10000000000002274,0.984807753012208,0.17364817766693041,1.0,6.123233995736766e-17,1.6,7.0
2026-06-28 06:50:00,70.0,7.0,1.6,1016.0,25.9,27.1,1.6,1.5,1.4,8.0,7.0,8.0,1016.0,1015.8,1015.9,1.6,0.0,1.5499999999999998,0.05773502691896263,8.0,0.9999999999999998,7.5,0.8366600265340755,0.10000000000002274,0.20000000000004547,0.9396926207859083,0.3420201433256688,1.0,6.123233995736766e-17,1.5,10.0
2026-06-28 07:50:00,80.0,11.0,1.6,1015.9,26.9,27.1,1.6,1.5,1.6,10.0,10.0,7.0,1015.8,1015.9,1016.0,1.6,0.0,1.5499999999999998,0.05773502691896263,10.333333333333334,0.5773502691896255,9.8,1.095445115010338,-0.10000000000002274,0.0,0.984807753012208,0.17364817766693041,0.9659258262890683,-0.25881904510252063,1.7,9.0
2026-06-28 08:20:00,80.0,9.0,1.7,1015.8,27.1,27.1,1.7,1.6,1.5,9.0,11.0,10.0,1015.9,1015.9,1015.9,1.7,0.0,1.6500000000000001,0.057735026918962415,9.333333333333334,0.5773502691896255,9.833333333333334,0.7527726527090881,-0.10000000000002274,-0.10000000000002274,0.984807753012208,0.17364817766693041,0.8660254037844387,-0.4999999999999998,1.8,9.0
2026-06-28 09:20:00,70.0,9.0,1.8,1015.9,27.1,27.1,1.8,1.8,1.7,9.0,9.0,9.0,1015.9,1015.7,1015.8,1.8,0.0,1.8,0.0,9.0,0.0,8.833333333333334,0.40824829046387284,0.10000000000002274,0.1999999999999318,0.9396926207859083,0.3420201433256688,0.7071067811865476,-0.7071067811865475,2.0,8.0
2026-06-28 10:50:00,80.0,10.0,1.9,1016.4,27.0,27.1,1.9,1.8,2.0,10.0,10.0,8.0,1016.4,1016.4,1016.3,1.9,0.0,1.8666666666666665,0.05773502691896235,10.333333333333334,0.5773502691896255,9.833333333333334,0.7527726527090807,0.10000000000002274,0.0,0.984807753012208,0.17364817766693041,0.49999999999999994,-0.8660254037844387,2.0,10.0
2026-06-28 11:20:00,80.0,10.0,2.0,1016.4,27.1,27.1,2.0,1.9,1.8,10.0,10.0,10.0,1016.3,1016.4,1016.4,2.0,0.0,1.95,0.05773502691896272,10.0,0.0,10.166666666666666,0.40824829046386224,0.0,0.0,0.984807753012208,0.17364817766693041,0.258819045102521,-0.9659258262890682,2.0,10.0
2026-06-28 11:50:00,80.0,10.0,2.0,1016.6,27.1,27.1,2.0,2.0,1.9,10.0,10.0,10.0,1016.5,1016.4,1016.4,2.0,0.0,2.0,0.0,10.333333333333334,0.5773502691896255,10.166666666666666,0.4082482904638632,0.20000000000004547,0.20000000000004547,0.984807753012208,0.17364817766693041,0.258819045102521,-0.9659258262890682,2.0,11.0
2026-06-28 12:20:00,80.0,11.0,2.0,1016.7,27.2,27.1,2.0,2.0,2.0,11.0,10.0,10.0,1016.6,1016.6,1016.4,2.0,0.0,2.0,0.0,11.0,0.0,10.666666666666666,0.516397779494324,0.3000000000000682,0.10000000000002274,0.984807753012208,0.17364817766693041,1.2246467991473532e-16,-1.0,2.2,10.0
2026-06-28 13:20:00,90.0,10.0,2.2,1017.0,27.2,27.1,2.2,2.2,2.0,11.0,10.0,11.0,1016.9,1016.7,1016.7,2.2,0.0,2.2,0.0,10.333333333333334,0.5773502691896255,10.166666666666666,0.7527726527090812,0.2999999999999545,0.2999999999999545,1.0,6.123233995736766e-17,-0.2588190451025208,-0.9659258262890683,2.2,10.0
2026-06-28 14:20:00,90.0,9.0,2.2,1017.0,27.2,27.1,2.2,2.2,2.2,9.0,10.0,10.0,1017.0,1017.0,1017.0,2.2,0.0,2.2,0.0,9.0,0.0,9.5,0.5477225575051672,0.0,0.0,1.0,6.123233995736766e-17,-0.4999999999999997,-0.8660254037844388,2.1,9.0
2026-06-28 15:20:00,90.0,8.0,2.1,1016.8,27.2,27.2,2.1,2.1,2.2,8.0,9.0,9.0,1016.7,1016.9,1017.0,2.1,0.0,2.1,0.0,8.0,0.0,8.666666666666666,0.8164965809277293,-0.20000000000004547,-0.10000000000002274,1.0,6.123233995736766e-17,-0.7071067811865471,-0.7071067811865479,2.2,8.0
2026-06-28 15:50:00,80.0,8.0,2.2,1016.7,27.2,27.2,2.2,2.1,2.1,8.0,8.0,9.0,1016.8,1016.8,1016.9,2.2,0.0,2.1500000000000004,0.05773502691896274,8.0,0.0,8.0,0.0,-0.1999999999999318,-0.09999999999990905,0.984807753012208,0.17364817766693041,-0.7071067811865471,-0.7071067811865479,2.2,8.0
2026-06-28 16:20:00,90.0,8.0,2.2,1016.6,27.3,27.2,2.2,2.2,2.1,9.0,8.0,8.0,1016.6,1016.7,1016.8,2.2,0.0,2.2,0.0,8.666666666666666,0.5773502691896255,8.333333333333334,0.5163977794943228,-0.1999999999999318,-0.10000000000002274,1.0,6.123233995736766e-17,-0.8660254037844385,-0.5000000000000004,2.1,8.0
2026-06-28 17:20:00,90.0,8.0,2.2,1016.3,27.4,27.2,2.2,2.1,2.2,8.0,8.0,8.0,1016.4,1016.4,1016.6,2.2,0.0,2.166666666666667,0.05773502691896269,8.333333333333334,0.5773502691896255,8.166666666666666,0.4082482904638632,-0.3000000000000682,-0.10000000000002274,1.0,6.123233995736766e-17,-0.9659258262890683,-0.25881904510252063,2.4,8.0
2026-06-28 18:50:00,80.0,8.0,2.2,1015.7,27.4,27.2,2.2,2.3,2.4,8.0,8.0,8.0,1015.8,1015.9,1016.2,2.2,0.0,2.2333333333333334,0.05773502691896333,8.0,0.0,8.0,0.0,-0.5,-0.1999999999999318,0.984807753012208,0.17364817766693041,-1.0,-1.8369701987210297e-16,2.0,9.0
2026-06-28 19:20:00,80.0,9.0,2.0,1015.4,27.4,27.2,2.0,2.2,2.3,9.0,8.0,8.0,1015.5,1015.7,1015.9,2.0,0.0,2.1,0.115470053837926,8.666666666666666,0.5773502691896255,8.333333333333334,0.5163977794943228,-0.5,-0.3000000000000682,0.984807753012208,0.17364817766693041,-0.9659258262890684,0.2588190451025203,2.3,9.0
2026-06-28 19:50:00,80.0,9.0,2.3,1015.2,27.4,27.2,2.3,2.0,2.2,9.0,9.0,8.0,1015.2,1015.4,1015.7,2.3,0.0,2.15,0.17320508075688795,9.0,0.0,8.833333333333334,0.40824829046386646,-0.5,-0.1999999999999318,0.984807753012208,0.17364817766693041,-0.9659258262890684,0.2588190451025203,2.0,10.0
2026-06-28 20:20:00,90.0,10.0,2.0,1015.2,27.4,27.2,2.0,2.3,2.0,10.0,9.0,9.0,1015.2,1015.2,1015.4,2.0,0.0,2.15,0.17320508075688795,10.0,0.0,9.5,0.5477225575051671,-0.1999999999999318,0.0,1.0,6.123233995736766e-17,-0.8660254037844386,0.5000000000000001,2.2,9.0
2026-06-28 21:20:00,90.0,9.0,2.2,1015.6,27.2,27.2,2.2,2.2,2.0,9.0,9.0,10.0,1015.4,1015.3,1015.2,2.2,0.0,2.2,0.0,9.333333333333334,0.5773502691896255,9.166666666666666,0.4082482904638632,0.39999999999997726,0.3000000000000682,1.0,6.123233995736766e-17,-0.7071067811865477,0.7071067811865474,2.2,9.0
2026-06-28 22:20:00,90.0,8.0,2.3,1016.1,27.1,27.2,2.3,2.2,2.2,9.0,9.0,9.0,1016.1,1015.9,1015.6,2.3,0.0,2.2666666666666666,0.05773502691896237,8.666666666666666,0.5773502691896255,8.833333333333334,0.4082482904638632,0.5,0.20000000000004547,1.0,6.123233995736766e-17,-0.5000000000000004,0.8660254037844384,2.3,9.0
2026-06-28 22:50:00,90.0,9.0,2.3,1016.4,27.2,27.2,2.3,2.3,2.2,9.0,8.0,9.0,1016.2,1016.1,1015.9,2.3,0.0,2.3,0.0,9.0,0.0,8.833333333333334,0.4082482904638632,0.5,0.2999999999999545,1.0,6.123233995736766e-17,-0.5000000000000004,0.8660254037844384,2.3,9.0
2026-06-28 23:40:00,80.0,9.0,2.3,1016.7,27.2,27.1,2.3,2.3,2.3,9.0,9.0,8.0,1016.5,1016.4,1016.1,2.3,0.0,2.3,0.0,9.0,0.0,9.0,0.0,0.6000000000000227,0.3000000000000682,0.984807753012208,0.17364817766693041,-0.25881904510252157,0.9659258262890681,2.1,9.0
2026-06-29 01:50:00,80.0,9.0,2.2,1017.7,27.1,27.1,2.2,2.1,2.3,8.0,8.0,9.0,1017.7,1017.5,1017.4,2.2,0.0,2.1500000000000004,0.05773502691896321,8.333333333333334,0.5773502691896255,8.333333333333334,0.5163977794943224,0.3000000000000682,0.20000000000004547,0.984807753012208,0.17364817766693041,0.25881904510252074,0.9659258262890683,2.2,9.0
2026-06-29 02:20:00,90.0,9.0,2.2,1017.6,27.1,27.1,2.2,2.2,2.1,9.0,9.0,8.0,1017.6,1017.7,1017.5,2.2,0.0,2.2,0.0,9.0,0.0,8.666666666666666,0.5163977794943224,0.10000000000002274,-0.10000000000002274,1.0,6.123233995736766e-17,0.49999999999999994,0.8660254037844387,2.1,8.0
2026-06-29 03:20:00,80.0,8.0,2.0,1017.2,27.0,27.1,2.0,2.1,2.2,8.0,8.0,9.0,1017.2,1017.5,1017.6,2.0,0.0,2.033333333333333,0.05773502691896269,8.0,0.0,8.0,0.0,-0.39999999999997726,-0.2999999999999545,0.984807753012208,0.17364817766693041,0.7071067811865476,0.7071067811865476,2.3,8.0
2026-06-29 04:20:00,90.0,8.0,2.0,1016.8,26.9,27.1,2.0,2.3,2.0,8.0,8.0,8.0,1016.8,1016.9,1017.2,2.0,0.0,2.1,0.17320508075688756,8.0,0.0,8.333333333333334,0.5163977794943228,-0.40000000000009095,-0.10000000000002274,1.0,6.123233995736766e-17,0.8660254037844386,0.5000000000000001,2.2,9.0
2026-06-29 04:50:00,80.0,9.0,2.2,1016.7,26.9,27.1,2.2,2.0,2.3,8.0,8.0,8.0,1016.7,1016.8,1016.9,2.2,0.0,2.1,0.11547005383792519,8.333333333333334,0.5773502691896255,8.166666666666666,0.4082482904638632,-0.1999999999999318,-0.09999999999990905,0.984807753012208,0.17364817766693041,0.8660254037844386,0.5000000000000001,2.4,9.0
2026-06-29 05:20:00,80.0,9.0,2.4,1016.3,26.9,27.1,2.4,2.2,2.0,9.0,9.0,8.0,1016.4,1016.7,1016.8,2.4,0.0,2.3,0.11547005383792475,9.0,0.0,8.666666666666666,0.516397779494324,-0.5,-0.40000000000009095,0.984807753012208,0.17364817766693041,0.9659258262890683,0.25881904510252074,2.0,9.0
2026-06-29 06:20:00,80.0,8.0,2.1,1016.1,26.8,27.1,2.1,2.0,2.4,9.0,9.0,9.0,1016.0,1016.1,1016.3,2.1,0.0,2.066666666666667,0.057735026918963823,8.333333333333334,0.5773502691896255,8.666666666666666,0.5163977794943228,-0.1999999999999318,0.0,0.984807753012208,0.17364817766693041,1.0,6.123233995736766e-17,2.2,9.0
2026-06-29 07:50:00,90.0,9.0,2.0,1016.1,26.9,27.2,2.0,2.1,2.2,9.0,9.0,9.0,1016.0,1015.8,1015.9,2.0,0.0,2.033333333333333,0.057735026918962665,9.0,0.0,9.0,0.0,0.20000000000004547,0.3000000000000682,1.0,6.123233995736766e-17,0.9659258262890683,-0.25881904510252063,2.0,8.0
2026-06-29 08:20:00,80.0,8.0,2.0,1016.1,26.7,27.2,2.0,2.0,2.1,8.0,9.0,9.0,1016.1,1016.1,1015.8,2.0,0.0,2.0,0.0,8.0,0.0,8.5,0.5477225575051671,0.3000000000000682,0.0,0.984807753012208,0.17364817766693041,0.8660254037844387,-0.4999999999999998,2.1,8.0
2026-06-29 08:50:00,90.0,8.0,2.1,1016.1,26.7,27.2,2.1,2.0,2.0,8.0,8.0,9.0,1016.1,1016.1,1016.1,2.1,0.0,2.0500000000000003,0.05773502691896274,8.0,0.0,8.0,0.0,0.0,0.0,1.0,6.123233995736766e-17,0.8660254037844387,-0.4999999999999998,2.1,8.0
2026-06-29 10:20:00,90.0,8.0,2.0,1016.4,27.1,27.2,2.0,2.1,2.1,9.0,8.0,8.0,1016.3,1016.2,1016.1,2.0,0.0,2.033333333333333,0.05773502691896285,8.666666666666666,0.5773502691896255,8.333333333333334,0.5163977794943228,0.2999999999999545,0.1999999999999318,1.0,6.123233995736766e-17,0.49999999999999994,-0.8660254037844387,2.1,9.0
2026-06-29 10:50:00,80.0,9.0,2.1,1016.7,27.1,27.2,2.1,2.0,2.1,9.0,8.0,8.0,1016.5,1016.4,1016.2,2.1,0.0,2.05,0.05773502691896269,9.0,0.0,8.833333333333334,0.40824829046386646,0.5,0.3000000000000682,0.984807753012208,0.17364817766693041,0.49999999999999994,-0.8660254037844387,1.9,8.0
2026-06-29 11:20:00,80.0,8.0,1.9,1016.9,27.0,27.2,1.9,2.1,2.0,8.0,9.0,8.0,1016.8,1016.7,1016.4,1.9,0.0,2.0,0.11547005383792537,8.0,0.0,8.5,0.5477225575051671,0.5,0.1999999999999318,0.984807753012208,0.17364817766693041,0.258819045102521,-0.9659258262890682,2.0,8.0
2026-06-29 12:20:00,80.0,8.0,2.1,1017.0,27.1,27.2,2.1,2.0,1.9,8.0,8.0,8.0,1017.1,1017.1,1016.9,2.1,0.0,2.0666666666666664,0.05773502691896265,8.0,0.0,8.0,0.0,0.10000000000002274,-0.10000000000002274,0.984807753012208,0.17364817766693041,1.2246467991473532e-16,-1.0,2.3,8.0
2026-06-29 13:20:00,80.0,8.0,1.9,1016.9,27.1,27.2,1.9,2.3,2.1,9.0,8.0,8.0,1017.0,1016.9,1017.0,1.9,0.0,2.033333333333333,0.23094010767585016,8.333333333333334,0.5773502691896255,8.166666666666666,0.4082482904638632,-0.10000000000002274,0.0,0.984807753012208,0.17364817766693041,-0.2588190451025208,-0.9659258262890683,2.1,8.0
2026-06-29 14:20:00,80.0,8.0,2.1,1016.8,27.1,27.2,2.1,2.1,1.9,8.0,8.0,8.0,1016.9,1016.8,1016.9,2.1,0.0,2.1,0.0,8.0,0.0,8.0,0.0,-0.10000000000002274,0.0,0.984807753012208,0.17364817766693041,-0.4999999999999997,-0.8660254037844388,2.1,8.0
2026-06-29 15:20:00,80.0,9.0,2.0,1016.4,27.2,27.3,2.0,2.1,2.1,8.0,8.0,8.0,1016.4,1016.5,1016.8,2.0,0.0,2.033333333333333,0.05773502691896285,8.333333333333334,0.5773502691896255,8.166666666666666,0.4082482904638632,-0.39999999999997726,-0.10000000000002274,0.984807753012208,0.17364817766693041,-0.7071067811865471,-0.7071067811865479,2.0,9.0
2026-06-29 16:20:00,80.0,9.0,1.9,1015.9,27.1,27.3,1.9,2.0,2.0,9.0,9.0,9.0,1015.9,1016.1,1016.4,1.9,0.0,1.9333333333333333,0.057735026918962484,8.666666666666666,0.5773502691896255,8.833333333333334,0.40824829046386646,-0.5,-0.20000000000004547,0.984807753012208,0.17364817766693041,-0.8660254037844385,-0.5000000000000004,2.0,9.0
2026-06-29 17:20:00,80.0,9.0,1.9,1015.3,27.1,27.3,1.9,2.0,1.9,8.0,9.0,9.0,1015.4,1015.6,1015.9,1.9,0.0,1.9333333333333333,0.057735026918962595,8.666666666666666,0.5773502691896255,8.833333333333334,0.4082482904638632,-0.6000000000000227,-0.3000000000000682,0.984807753012208,0.17364817766693041,-0.9659258262890683,-0.25881904510252063,2.0,9.0
2026-06-29 18:20:00,80.0,8.0,1.9,1014.8,27.2,27.3,1.9,2.0,1.9,8.0,9.0,9.0,1014.9,1015.1,1015.3,1.9,0.0,1.9333333333333333,0.057735026918962595,8.333333333333334,0.5773502691896255,8.666666666666666,0.5163977794943228,-0.5,-0.3000000000000682,0.984807753012208,0.17364817766693041,-1.0,-1.8369701987210297e-16,1.9,9.0
2026-06-29 21:20:00,80.0,8.0,2.1,1014.7,27.1,27.3,2.1,2.0,1.9,8.0,8.0,8.0,1014.7,1014.6,1014.6,2.1,0.0,2.0666666666666664,0.05773502691896282,8.0,0.0,8.0,0.0,0.10000000000002274,0.10000000000002274,0.984807753012208,0.17364817766693041,-0.7071067811865477,0.7071067811865474,1.9,9.0
2026-06-29 21:50:00,80.0,9.0,1.9,1014.8,27.1,27.3,1.9,2.1,2.0,8.0,8.0,8.0,1014.8,1014.7,1014.6,1.9,0.0,2.0,0.11547005383792522,8.333333333333334,0.5773502691896255,8.166666666666666,0.4082482904638632,0.1999999999999318,0.09999999999990905,0.984807753012208,0.17364817766693041,-0.7071067811865477,0.7071067811865474,1.9,8.0
2026-06-29 22:20:00,70.0,8.0,1.9,1015.0,27.0,27.3,1.9,1.9,2.1,9.0,9.0,8.0,1014.8,1014.8,1014.7,1.9,0.0,1.9,0.0,8.333333333333334,0.5773502691896255,8.333333333333334,0.5163977794943228,0.2999999999999545,0.20000000000004547,0.9396926207859083,0.3420201433256688,-0.5000000000000004,0.8660254037844384,1.9,8.0
2026-06-30 01:20:00,80.0,8.0,2.0,1016.5,27.0,27.3,2.0,1.8,1.8,8.0,8.0,8.0,1016.4,1016.3,1016.1,2.0,0.0,1.9333333333333333,0.11547005383792516,8.0,0.0,8.166666666666666,0.4082482904638632,0.39999999999997726,0.20000000000004547,0.984807753012208,0.17364817766693041,0.25881904510252074,0.9659258262890683,1.9,7.0
2026-06-30 01:50:00,80.0,7.0,1.9,1016.6,26.9,27.3,1.9,2.0,1.8,7.0,8.0,8.0,1016.7,1016.5,1016.3,1.9,0.0,1.95,0.05773502691896265,7.0,0.0,7.5,0.5477225575051659,0.3000000000000682,0.10000000000002274,0.984807753012208,0.17364817766693041,0.25881904510252074,0.9659258262890683,1.9,7.0
2026-06-30 02:20:00,90.0,7.0,1.9,1016.7,27.0,27.3,1.9,1.9,2.0,7.0,7.0,8.0,1016.6,1016.6,1016.5,1.9,0.0,1.9,0.0,7.0,0.0,7.0,0.0,0.20000000000004547,0.10000000000002274,1.0,6.123233995736766e-17,0.49999999999999994,0.8660254037844387,1.8,7.0
2026-06-30 03:20:00,80.0,8.0,1.9,1016.4,26.9,27.3,1.9,1.8,1.9,8.0,7.0,7.0,1016.5,1016.7,1016.7,1.9,0.0,1.8666666666666665,0.05773502691896253,7.666666666666667,0.5773502691896258,7.333333333333333,0.5163977794943221,-0.3000000000000682,-0.3000000000000682,0.984807753012208,0.17364817766693041,0.7071067811865476,0.7071067811865476,1.8,8.0
2026-06-30 03:50:00,80.0,8.0,1.8,1016.2,26.8,,1.8,1.9,1.8,8.0,8.0,7.0,1016.3,1016.4,1016.7,1.8,0.0,1.85,0.057735026918962554,8.0,0.0,7.833333333333333,0.4082482904638632,-0.5,-0.1999999999999318,0.984807753012208,0.17364817766693041,0.7071067811865476,0.7071067811865476,2.0,7.0
2026-06-30 05:20:00,80.0,7.0,1.7,1015.4,26.7,27.3,1.7,1.8,2.0,7.0,7.0,7.0,1015.4,1015.5,1015.9,1.7,0.0,1.7333333333333334,0.057735026918962325,7.0,0.0,7.0,0.0,-0.5,-0.10000000000002274,0.984807753012208,0.17364817766693041,0.9659258262890683,0.25881904510252074,1.7,8.0
2026-06-30 06:20:00,80.0,8.0,1.8,1014.9,26.7,27.2,1.8,1.7,1.7,8.0,8.0,7.0,1014.9,1015.2,1015.4,1.8,0.0,1.7666666666666668,0.057735026918962595,8.0,0.0,7.833333333333333,0.4082482904638632,-0.5,-0.3000000000000682,0.984807753012208,0.17364817766693041,1.0,6.123233995736766e-17,1.7,8.0
2026-06-30 08:20:00,70.0,8.0,1.8,1015.0,26.7,27.2,1.8,1.7,1.8,8.0,7.0,8.0,1015.1,1015.0,1015.1,1.8,0.0,1.7666666666666668,0.057735026918962644,8.0,0.0,7.5,0.5477225575051659,-0.10000000000002274,0.0,0.9396926207859083,0.3420201433256688,0.8660254037844387,-0.4999999999999998,1.7,9.0
2026-06-30 09:20:00,80.0,8.0,1.6,1015.1,26.7,27.2,1.6,1.7,1.8,9.0,9.0,8.0,1015.1,1015.1,1015.0,1.6,0.0,1.6333333333333335,0.057735026918962276,8.666666666666666,0.5773502691896255,8.5,0.5477225575051671,0.10000000000002274,0.0,0.984807753012208,0.17364817766693041,0.7071067811865476,-0.7071067811865475,1.7,8.0
2026-06-30 10:20:00,80.0,8.0,1.7,1015.6,26.9,27.3,1.7,1.7,1.6,9.0,8.0,8.0,1015.6,1015.3,1015.1,1.7,0.0,1.7,0.0,8.666666666666666,0.5773502691896255,8.333333333333334,0.5163977794943228,0.5,0.3000000000000682,0.984807753012208,0.17364817766693041,0.49999999999999994,-0.8660254037844387,1.7,8.0
2026-06-30 11:20:00,80.0,8.0,1.7,1016.1,27.0,27.3,1.7,1.7,1.7,9.0,8.0,8.0,1016.1,1015.9,1015.6,1.7,0.0,1.7,0.0,8.333333333333334,0.5773502691896255,8.333333333333334,0.5163977794943228,0.5,0.20000000000004547,0.984807753012208,0.17364817766693041,0.258819045102521,-0.9659258262890682,1.8,8.0
2026-06-30 13:20:00,90.0,7.0,1.8,1016.2,27.1,27.3,1.8,1.7,1.8,7.0,8.0,8.0,1016.2,1016.3,1016.2,1.8,0.0,1.7666666666666668,0.057735026918962644,7.333333333333333,0.5773502691896258,7.666666666666667,0.5163977794943221,0.0,-0.09999999999990905,1.0,6.123233995736766e-17,-0.2588190451025208,-0.9659258262890683,1.7,7.0
2026-06-30 13:50:00,90.0,7.0,1.7,1015.9,,27.3,1.7,1.8,1.7,7.0,7.0,8.0,1016.1,1016.2,1016.3,1.7,0.0,1.75,0.05773502691896263,7.0,0.0,7.166666666666667,0.4082482904638632,-0.39999999999997726,-0.3000000000000682,1.0,6.123233995736766e-17,-0.2588190451025208,-0.9659258262890683,1.7,7.0
2026-06-30 14:20:00,90.0,7.0,1.7,1015.7,27.2,27.4,1.7,1.7,1.8,7.0,7.0,7.0,1015.9,1015.9,1016.2,1.7,0.0,1.7,0.0,7.0,0.0,7.0,0.0,-0.5,-0.1999999999999318,1.0,6.123233995736766e-17,-0.4999999999999997,-0.8660254037844388,1.7,7.0
2026-06-30 15:20:00,80.0,8.0,1.7,1015.1,27.1,27.4,1.7,1.7,1.7,7.0,7.0,7.0,1015.3,1015.4,1015.7,1.7,0.0,1.7,0.0,7.333333333333333,0.5773502691896258,7.166666666666667,0.40824829046386296,-0.6000000000000227,-0.2999999999999545,0.984807753012208,0.17364817766693041,-0.7071067811865471,-0.7071067811865479,1.7,7.0
2026-06-30 16:20:00,90.0,8.0,1.6,1014.3,27.1,27.5,1.6,1.7,1.7,8.0,7.0,8.0,1014.5,1014.8,1015.1,1.6,0.0,1.6333333333333335,0.05773502691896261,7.666666666666667,0.5773502691896258,7.333333333333333,0.5163977794943221,-0.8000000000000682,-0.5,1.0,6.123233995736766e-17,-0.8660254037844385,-0.5000000000000004,1.6,8.0
2026-06-30 17:20:00,80.0,8.0,1.7,1013.8,27.2,27.5,1.7,1.6,1.6,8.0,8.0,8.0,1014.0,1014.1,1014.3,1.7,0.0,1.6666666666666667,0.05773502691896261,7.666666666666667,0.5773502691896258,8.0,0.6324555320336751,-0.5,-0.3000000000000682,0.984807753012208,0.17364817766693041,-0.9659258262890683,-0.25881904510252063,1.7,7.0
2026-06-30 18:20:00,80.0,8.0,1.7,1013.5,27.2,27.5,1.7,1.7,1.7,8.0,7.0,8.0,1013.5,1013.7,1013.8,1.7,0.0,1.7,0.0,7.666666666666667,0.5773502691896258,7.5,0.5477225575051645,-0.2999999999999545,-0.20000000000004547,0.984807753012208,0.17364817766693041,-1.0,-1.8369701987210297e-16,1.6,7.0
2026-06-30 19:20:00,70.0,7.0,1.7,1013.0,27.1,27.5,1.7,1.6,1.7,7.0,7.0,8.0,1013.1,1013.3,1013.5,1.7,0.0,1.6666666666666667,0.05773502691896253,7.0,0.0,7.333333333333333,0.5163977794943206,-0.5,-0.2999999999999545,0.9396926207859083,0.3420201433256688,-0.9659258262890684,0.2588190451025203,1.6,8.0
2026-06-30 20:20:00,80.0,8.0,1.6,1012.8,27.0,27.5,1.6,1.6,1.7,8.0,8.0,7.0,1012.9,1012.7,1013.0,1.6,0.0,1.6,0.0,7.666666666666667,0.5773502691896258,7.833333333333333,0.40824829046386146,-0.20000000000004547,0.09999999999990905,0.984807753012208,0.17364817766693041,-0.8660254037844386,0.5000000000000001,1.6,8.0
2026-06-30 21:20:00,70.0,8.0,1.7,1013.1,27.1,27.4,1.7,1.6,1.6,8.0,8.0,8.0,1012.9,1012.9,1012.8,1.7,0.0,1.6666666666666667,0.05773502691896261,8.0,0.0,8.0,0.0,0.3000000000000682,0.20000000000004547,0.9396926207859083,0.3420201433256688,-0.7071067811865477,0.7071067811865474,1.7,8.0
2026-06-30 22:20:00,70.0,8.0,1.6,1013.4,27.1,27.4,1.6,1.7,1.7,8.0,8.0,8.0,1013.2,1013.1,1013.1,1.6,0.0,1.6333333333333335,0.05773502691896261,8.0,0.0,7.833333333333333,0.40824829046386296,0.2999999999999545,0.2999999999999545,0.9396926207859083,0.3420201433256688,-0.5000000000000004,0.8660254037844384,1.7,8.0
2026-06-30 23:40:00,80.0,9.0,1.6,1014.3,27.2,27.4,1.7,,1.6,8.0,8.0,8.0,1013.7,1013.5,1013.2,1.6666666666666667,0.05773502691896253,1.65,0.057735026918962554,8.333333333333334,0.5773502691896255,8.166666666666666,0.4082482904638632,1.099999999999909,0.7999999999999545,0.984807753012208,0.17364817766693041,-0.25881904510252157,0.9659258262890681,1.6,8.0
2026-06-30 23:50:00,80.0,8.0,1.6,1014.4,27.2,27.4,1.6,1.7,1.6,9.0,8.0,8.0,1014.3,1013.7,1013.4,1.6333333333333335,0.05773502691896261,1.6500000000000001,0.057735026918962554,8.333333333333334,0.5773502691896255,8.166666666666666,0.4082482904638632,1.0,0.6999999999999318,0.984807753012208,0.17364817766693041,-0.25881904510252157,0.9659258262890681,1.6,8.0
2026-07-01 00:20:00,80.0,8.0,1.6,1014.8,27.5,27.4,1.6,1.6,1.7,8.0,8.0,8.0,1014.8,1014.4,1013.7,1.6,0.0,1.6199999999999999,0.04472135954999572,8.0,0.0,8.166666666666666,0.4082482904638632,1.099999999999909,0.39999999999997726,0.984807753012208,0.17364817766693041,0.0,1.0,1.6,8.0
2026-07-01 01:20:00,70.0,7.0,1.6,1015.1,27.2,27.4,1.6,1.6,1.6,7.0,8.0,8.0,1015.0,1014.9,1014.8,1.6,0.0,1.6,0.0,7.333333333333333,0.5773502691896258,7.666666666666667,0.5163977794943221,0.3000000000000682,0.20000000000004547,0.9396926207859083,0.3420201433256688,0.25881904510252074,0.9659258262890683,1.6,8.0
2026-07-01 02:20:00,70.0,8.0,1.6,1015.6,27.1,27.4,1.6,1.6,1.6,8.0,8.0,7.0,1015.6,1015.3,1015.1,1.6,0.0,1.6,0.0,8.0,0.0,7.833333333333333,0.4082482904638632,0.5,0.3000000000000682,0.9396926207859083,0.3420201433256688,0.49999999999999994,0.8660254037844387,1.6,8.0
2026-07-01 02:50:00,80.0,8.0,1.6,1015.8,27.1,27.4,1.6,1.6,1.6,8.0,8.0,8.0,1015.7,1015.6,1015.3,1.6,0.0,1.6,0.0,8.0,0.0,8.0,0.0,0.5,0.1999999999999318,0.984807753012208,0.17364817766693041,0.49999999999999994,0.8660254037844387,1.6,8.0
2026-07-01 03:20:00,90.0,8.0,1.6,1015.6,27.2,27.4,1.6,1.6,1.6,8.0,8.0,8.0,1015.6,1015.8,1015.6,1.6,0.0,1.6,0.0,8.0,0.0,8.0,0.0,0.0,-0.1999999999999318,1.0,6.123233995736766e-17,0.7071067811865476,0.7071067811865476,1.8,8.0
2026-07-01 04:20:00,100.0,8.0,1.6,1015.2,27.1,27.3,1.6,1.8,1.6,7.0,8.0,8.0,1015.3,1015.4,1015.6,1.6,0.0,1.6666666666666667,0.11547005383792512,7.666666666666667,0.5773502691896258,7.5,0.5477225575051659,-0.39999999999997726,-0.1999999999999318,0.984807753012208,-0.1736481776669303,0.8660254037844386,0.5000000000000001,1.6,8.0
2026-07-01 05:20:00,90.0,8.0,1.7,1015.0,26.9,27.3,1.7,1.6,1.6,8.0,8.0,8.0,1015.0,1015.0,1015.2,1.7,0.0,1.6666666666666667,0.05773502691896261,8.0,0.0,8.166666666666666,0.40824829046386407,-0.20000000000004547,0.0,1.0,6.123233995736766e-17,0.9659258262890683,0.25881904510252074,1.6,9.0
2026-07-01 06:20:00,90.0,8.0,1.6,1014.8,26.9,27.3,1.6,1.6,1.7,9.0,9.0,8.0,1014.8,1014.9,1015.0,1.6,0.0,1.6,0.0,8.666666666666666,0.5773502691896255,8.666666666666666,0.516397779494324,-0.20000000000004547,-0.10000000000002274,1.0,6.123233995736766e-17,1.0,6.123233995736766e-17,1.6,8.0
2026-07-01 07:20:00,90.0,8.0,1.7,1014.7,26.7,27.3,1.7,1.6,1.6,8.0,8.0,8.0,1014.8,1014.8,1014.8,1.7,0.0,1.6666666666666667,0.05773502691896261,8.0,0.0,8.166666666666666,0.4082482904638632,-0.09999999999990905,-0.09999999999990905,1.0,6.123233995736766e-17,0.9659258262890683,-0.25881904510252063,1.7,8.0
2026-07-01 08:20:00,80.0,7.0,1.7,1014.5,26.5,27.3,1.7,1.7,1.7,8.0,8.0,8.0,1014.5,1014.7,1014.7,1.7,0.0,1.7,0.0,7.666666666666667,0.5773502691896258,7.833333333333333,0.40824829046386296,-0.20000000000004547,-0.20000000000004547,0.984807753012208,0.17364817766693041,0.8660254037844387,-0.4999999999999998,1.8,8.0
2026-07-01 09:20:00,80.0,8.0,1.6,1014.9,26.7,27.3,1.6,1.8,1.7,7.0,8.0,7.0,1014.8,1014.6,1014.5,1.6,0.0,1.6666666666666667,0.11547005383792507,7.333333333333333,0.5773502691896258,7.333333333333333,0.5163977794943221,0.39999999999997726,0.2999999999999545,0.984807753012208,0.17364817766693041,0.7071067811865476,-0.7071067811865475,1.8,8.0
2026-07-01 10:20:00,80.0,8.0,1.6,1015.6,26.7,27.3,1.6,1.8,1.6,7.0,8.0,8.0,1015.6,1015.3,1014.9,1.6,0.0,1.666666666666667,0.11547005383792512,7.333333333333333,0.5773502691896258,7.666666666666667,0.5163977794943221,0.7000000000000455,0.3000000000000682,0.984807753012208,0.17364817766693041,0.49999999999999994,-0.8660254037844387,1.6,7.0
2026-07-01 10:50:00,90.0,7.0,1.6,1015.7,26.9,27.3,1.6,1.6,1.8,8.0,8.0,8.0,1015.6,1015.6,1015.3,1.6,0.0,1.6,0.0,7.666666666666667,0.5773502691896258,7.5,0.5477225575051659,0.40000000000009095,0.10000000000002274,1.0,6.123233995736766e-17,0.49999999999999994,-0.8660254037844387,1.6,7.0
2026-07-01 12:20:00,70.0,8.0,1.6,1016.1,26.8,27.3,1.6,1.5,1.6,7.0,7.0,7.0,1015.9,1015.7,1015.8,1.6,0.0,1.5666666666666667,0.057735026918962595,7.333333333333333,0.5773502691896258,7.166666666666667,0.40824829046386296,0.3000000000000682,0.39999999999997726,0.9396926207859083,0.3420201433256688,1.2246467991473532e-16,-1.0,1.6,8.0
2026-07-01 12:50:00,80.0,8.0,1.6,1016.1,26.9,27.3,1.6,1.6,1.5,8.0,8.0,7.0,1016.2,1016.1,1015.7,1.6,0.0,1.6,0.0,7.666666666666667,0.5773502691896258,7.5,0.5477225575051659,0.39999999999997726,0.0,0.984807753012208,0.17364817766693041,1.2246467991473532e-16,-1.0,1.6,7.0
2026-07-01 13:20:00,100.0,7.0,1.6,1016.2,26.5,27.3,1.6,1.6,1.6,8.0,8.0,8.0,1016.2,1016.1,1016.1,1.6,0.0,1.6,0.0,8.0,0.9999999999999998,7.833333333333333,0.752772652709081,0.10000000000002274,0.10000000000002274,0.984807753012208,-0.1736481776669303,-0.2588190451025208,-0.9659258262890683,1.6,7.0
2026-07-01 14:20:00,90.0,6.0,1.6,1016.0,26.4,27.3,1.6,1.6,1.6,7.0,7.0,7.0,1016.1,1016.3,1016.2,1.6,0.0,1.6,0.0,6.666666666666667,0.5773502691896258,6.833333333333333,0.40824829046386296,-0.20000000000004547,-0.2999999999999545,1.0,6.123233995736766e-17,-0.4999999999999997,-0.8660254037844388,1.7,7.0
2026-07-01 14:50:00,90.0,7.0,1.7,1015.7,27.0,27.3,1.7,1.6,1.6,8.0,6.0,7.0,1015.9,1016.0,1016.3,1.7,0.0,1.6500000000000001,0.05773502691896256,7.0,0.9999999999999998,6.833333333333333,0.752772652709081,-0.599999999999909,-0.2999999999999545,1.0,6.123233995736766e-17,-0.4999999999999997,-0.8660254037844388,1.5,7.0
2026-07-01 15:20:00,80.0,7.0,1.5,1015.8,26.9,27.4,1.5,1.7,1.6,7.0,7.0,6.0,1015.8,1015.7,1016.0,1.5,0.0,1.6,0.11547005383792518,7.0,0.0,7.0,0.6324555320336759,-0.20000000000004547,0.09999999999990905,0.984807753012208,0.17364817766693041,-0.7071067811865471,-0.7071067811865479,1.6,7.0
2026-07-01 16:20:00,90.0,7.0,1.7,1015.4,27.1,27.4,1.7,1.6,1.5,7.0,7.0,7.0,1015.3,1015.6,1015.8,1.7,0.0,1.6666666666666667,0.05773502691896215,7.0,0.0,7.0,0.0,-0.39999999999997726,-0.20000000000004547,1.0,6.123233995736766e-17,-0.8660254037844385,-0.5000000000000004,1.6,7.0
2026-07-01 17:20:00,90.0,7.0,1.7,1014.8,27.1,27.5,1.7,1.6,1.7,6.0,7.0,7.0,1014.9,1015.1,1015.4,1.7,0.0,1.6666666666666667,0.05773502691896253,6.333333333333333,0.5773502691896258,6.666666666666667,0.5163977794943221,-0.6000000000000227,-0.3000000000000682,1.0,6.123233995736766e-17,-0.9659258262890683,-0.25881904510252063,1.5,7.0
2026-07-01 18:20:00,90.0,7.0,1.5,1014.3,27.1,27.5,1.5,1.5,1.7,7.0,7.0,7.0,1014.3,1014.5,1014.8,1.5,0.0,1.5,0.0,7.0,0.0,7.0,0.0,-0.5,-0.20000000000004547,1.0,6.123233995736766e-17,-1.0,-1.8369701987210297e-16,1.7,7.0
2026-07-01 20:20:00,80.0,8.0,1.6,1014.0,27.2,27.5,1.6,1.7,1.7,7.0,7.0,7.0,1014.0,1014.0,1014.0,1.6,0.0,1.6333333333333335,0.05773502691896261,7.333333333333333,0.5773502691896258,7.333333333333333,0.5163977794943221,0.0,0.0,0.984807753012208,0.17364817766693041,-0.8660254037844386,0.5000000000000001,1.6,8.0
2026-07-01 21:20:00,80.0,7.0,1.6,1014.2,27.1,27.4,1.6,1.6,1.6,8.0,8.0,8.0,1014.0,1014.0,1014.0,1.6,0.0,1.6,0.0,7.666666666666667,0.5773502691896258,7.833333333333333,0.40824829046386296,0.20000000000004547,0.20000000000004547,0.984807753012208,0.17364817766693041,-0.7071067811865477,0.7071067811865474,1.7,8.0
2026-07-01 22:20:00,80.0,8.0,1.6,1014.7,27.1,27.4,1.6,1.7,1.6,7.0,8.0,7.0,1014.8,1014.5,1014.2,1.6,0.0,1.6333333333333335,0.05773502691896253,7.666666666666667,0.5773502691896258,7.5,0.5477225575051659,0.5,0.20000000000004547,0.984807753012208,0.17364817766693041,-0.5000000000000004,0.8660254037844384,1.5,8.0
2026-07-01 23:20:00,90.0,8.0,1.5,1015.4,27.0,27.4,1.5,1.5,1.6,8.0,8.0,8.0,1015.3,1015.0,1014.7,1.5,0.0,1.5,0.0,8.0,0.0,7.833333333333333,0.4082482904638632,0.6999999999999318,0.39999999999997726,1.0,6.123233995736766e-17,-0.25881904510252157,0.9659258262890681,1.5,8.0
2026-07-02 00:20:00,80.0,8.0,1.6,1016.1,27.0,27.4,1.6,1.5,1.5,8.0,8.0,8.0,1015.9,1015.8,1015.4,1.6,0.0,1.5666666666666667,0.057735026918962484,8.0,0.0,8.0,0.0,0.7000000000000455,0.3000000000000682,0.984807753012208,0.17364817766693041,0.0,1.0,1.6,9.0
2026-07-02 02:20:00,80.0,8.0,1.6,1016.7,27.1,27.4,1.6,1.6,1.6,8.0,9.0,8.0,1016.7,1016.7,1016.4,1.6,0.0,1.6,0.0,8.0,0.0,8.166666666666666,0.4082482904638632,0.3000000000000682,0.0,0.984807753012208,0.17364817766693041,0.49999999999999994,0.8660254037844387,1.6,8.0
2026-07-02 03:20:00,80.0,9.0,1.7,1016.3,27.2,27.4,1.7,1.6,1.6,9.0,8.0,8.0,1016.4,1016.6,1016.7,1.7,0.0,1.6666666666666667,0.05773502691896261,8.666666666666666,0.5773502691896255,8.333333333333334,0.5163977794943228,-0.40000000000009095,-0.3000000000000682,0.984807753012208,0.17364817766693041,0.7071067811865476,0.7071067811865476,1.7,8.0
2026-07-02 04:20:00,80.0,8.0,1.7,1015.9,27.1,27.4,1.7,1.7,1.7,8.0,8.0,9.0,1015.9,1016.1,1016.3,1.7,0.0,1.7,0.0,7.666666666666667,0.5773502691896258,8.0,0.6324555320336757,-0.39999999999997726,-0.20000000000004547,0.984807753012208,0.17364817766693041,0.8660254037844386,0.5000000000000001,1.7,9.0
2026-07-02 05:20:00,80.0,9.0,1.8,1015.3,27.1,27.4,1.8,1.7,1.7,9.0,9.0,8.0,1015.3,1015.4,1015.9,1.8,0.0,1.7666666666666666,0.057735026918962595,9.0,0.0,8.833333333333334,0.40824829046386635,-0.6000000000000227,-0.10000000000002274,0.984807753012208,0.17364817766693041,0.9659258262890683,0.25881904510252074,1.7,8.0
2026-07-02 06:20:00,70.0,8.0,1.8,1015.1,27.1,27.4,1.8,1.7,1.8,9.0,8.0,9.0,1015.0,1015.2,1015.3,1.8,0.0,1.7666666666666668,0.057735026918962595,8.666666666666666,0.5773502691896255,8.5,0.547722557505167,-0.1999999999999318,-0.10000000000002274,0.9396926207859083,0.3420201433256688,1.0,6.123233995736766e-17,1.7,9.0
2026-07-02 06:50:00,90.0,9.0,1.7,1015.3,26.2,27.4,1.7,1.8,1.7,10.0,8.0,8.0,1015.2,1015.1,1015.2,1.7,0.0,1.75,0.057735026918962595,9.0,1.0000000000000004,8.833333333333334,0.7527726527090819,0.09999999999990905,0.1999999999999318,1.0,6.123233995736766e-17,1.0,6.123233995736766e-17,1.7,8.0
2026-07-02 07:50:00,90.0,7.0,1.6,1015.2,24.9,,1.6,1.7,1.7,9.0,8.0,9.0,1015.3,1015.3,1015.3,1.6,0.0,1.6333333333333335,0.05773502691896261,7.666666666666667,1.1547005383792517,8.0,0.8944271909999162,-0.09999999999990905,-0.09999999999990905,1.0,6.123233995736766e-17,0.9659258262890683,-0.25881904510252063,1.7,4.0
2026-07-02 08:20:00,80.0,4.0,1.7,1015.2,25.2,27.4,1.7,1.6,1.7,6.0,7.0,8.0,1015.2,1015.2,1015.3,1.7,0.0,1.6500000000000001,0.05773502691896253,5.666666666666667,1.5275252316519468,6.666666666666667,1.6329931618554518,-0.09999999999990905,0.0,0.984807753012208,0.17364817766693041,0.8660254037844387,-0.4999999999999998,1.7,8.0
2026-07-02 09:20:00,80.0,8.0,1.7,1015.4,27.0,27.4,1.7,1.7,1.7,8.0,8.0,4.0,1015.3,1015.2,1015.2,1.7,0.0,1.7,0.0,8.0,0.0,7.833333333333333,0.9831920802501734,0.1999999999999318,0.1999999999999318,0.984807753012208,0.17364817766693041,0.7071067811865476,-0.7071067811865475,1.7,8.0
2026-07-02 10:20:00,80.0,9.0,1.8,1015.7,27.1,27.4,1.8,1.7,1.7,9.0,8.0,8.0,1015.6,1015.6,1015.4,1.8,0.0,1.7666666666666666,0.057735026918962595,8.666666666666666,0.5773502691896255,8.333333333333334,0.5163977794943228,0.3000000000000682,0.10000000000002274,0.984807753012208,0.17364817766693041,0.49999999999999994,-0.8660254037844387,1.7,9.0
2026-07-02 11:20:00,80.0,10.0,1.9,1016.3,27.2,27.4,1.9,1.7,1.8,10.0,9.0,9.0,1016.1,1016.0,1015.7,1.9,0.0,1.8333333333333333,0.11547005383792507,10.0,0.0,9.5,0.5477225575051671,0.599999999999909,0.2999999999999545,0.984807753012208,0.17364817766693041,0.258819045102521,-0.9659258262890682,1.9,9.0
2026-07-02 12:20:00,80.0,9.0,1.9,1016.7,27.2,27.4,1.9,1.9,1.9,9.0,9.0,10.0,1016.6,1016.4,1016.3,1.9,0.0,1.9,0.0,9.0,0.0,9.0,0.0,0.40000000000009095,0.3000000000000682,0.984807753012208,0.17364817766693041,1.2246467991473532e-16,-1.0,1.9,9.0
2026-07-02 13:20:00,80.0,9.0,1.9,1016.8,27.5,27.4,1.9,1.9,1.9,10.0,9.0,9.0,1016.9,1016.8,1016.7,1.9,0.0,1.9,0.0,9.333333333333334,0.5773502691896255,9.166666666666666,0.4082482904638632,0.09999999999990905,0.0,0.984807753012208,0.17364817766693041,-0.2588190451025208,-0.9659258262890683,2.0,10.0
2026-07-02 13:50:00,80.0,10.0,2.0,1016.8,27.4,27.4,2.0,1.9,1.9,10.0,9.0,9.0,1016.8,1016.8,1016.8,2.0,0.0,1.95,0.05773502691896274,10.0,0.0,9.666666666666666,0.516397779494324,0.0,0.0,0.984807753012208,0.17364817766693041,-0.2588190451025208,-0.9659258262890683,1.9,9.0
2026-07-02 15:20:00,70.0,10.0,2.1,1016.4,27.1,27.4,2.1,2.0,1.9,9.0,10.0,9.0,1016.2,1016.4,1016.7,2.1,0.0,2.0666666666666664,0.05773502691896282,9.333333333333334,0.5773502691896255,9.666666666666666,0.516397779494324,-0.3000000000000682,0.0,0.9396926207859083,0.3420201433256688,-0.7071067811865471,-0.7071067811865479,2.0,10.0
2026-07-02 16:20:00,80.0,9.0,2.1,1016.2,27.2,27.5,2.1,2.0,2.1,9.0,10.0,10.0,1016.3,1016.4,1016.4,2.1,0.0,2.0666666666666664,0.05773502691896269,9.333333333333334,0.5773502691896255,9.5,0.5477225575051671,-0.1999999999999318,-0.1999999999999318,0.984807753012208,0.17364817766693041,-0.8660254037844385,-0.5000000000000004,2.0,9.0
2026-07-02 18:20:00,80.0,10.0,2.0,1015.7,27.2,27.5,2.0,2.1,2.1,9.0,9.0,10.0,1015.9,1015.7,1015.9,2.0,0.0,2.033333333333333,0.05773502691896285,9.666666666666666,0.5773502691896255,9.5,0.5477225575051671,-0.1999999999999318,0.0,0.984807753012208,0.17364817766693041,-1.0,-1.8369701987210297e-16,2.0,9.0
2026-07-02 19:20:00,80.0,9.0,2.0,1015.2,27.2,27.5,2.0,2.0,2.0,10.0,9.0,10.0,1015.4,1015.5,1015.7,2.0,0.0,2.0,0.0,9.333333333333334,0.5773502691896255,9.333333333333334,0.5163977794943228,-0.5,-0.2999999999999545,0.984807753012208,0.17364817766693041,-0.9659258262890684,0.2588190451025203,2.0,9.0
2026-07-02 19:50:00,80.0,9.0,2.0,1015.3,27.2,27.5,2.0,2.0,2.0,9.0,9.0,9.0,1015.2,1015.2,1015.5,2.0,0.0,2.0,0.0,9.0,0.0,9.166666666666666,0.4082482904638632,-0.20000000000004547,0.09999999999990905,0.984807753012208,0.17364817766693041,-0.9659258262890684,0.2588190451025203,2.1,9.0
2026-07-02 20:20:00,80.0,9.0,2.1,1015.1,27.2,27.5,2.1,2.0,2.0,9.0,9.0,9.0,1015.1,1015.3,1015.2,2.1,0.0,2.05,0.05773502691896274,9.0,0.0,9.0,0.0,-0.10000000000002274,-0.1999999999999318,0.984807753012208,0.17364817766693041,-0.8660254037844386,0.5000000000000001,2.0,10.0
2026-07-02 21:20:00,80.0,10.0,2.1,1015.5,27.1,27.5,2.1,2.0,2.1,10.0,10.0,9.0,1015.4,1015.1,1015.1,2.1,0.0,2.066666666666667,0.05773502691896269,10.0,0.0,9.666666666666666,0.516397779494324,0.39999999999997726,0.39999999999997726,0.984807753012208,0.17364817766693041,-0.7071067811865477,0.7071067811865474,2.0,10.0
2026-07-02 22:20:00,80.0,10.0,1.9,1015.5,27.1,27.4,1.9,2.0,2.1,10.0,10.0,10.0,1015.5,1015.5,1015.5,1.9,0.0,1.9333333333333333,0.057735026918962866,10.0,0.0,9.833333333333334,0.40824829046386646,0.0,0.0,0.984807753012208,0.17364817766693041,-0.5000000000000004,0.8660254037844384,2.1,9.0
2026-07-02 22:50:00,80.0,9.0,2.1,1015.7,27.1,27.4,2.1,1.9,2.0,10.0,10.0,10.0,1015.7,1015.5,1015.5,2.1,0.0,2.0,0.11547005383792529,9.666666666666666,0.5773502691896255,9.833333333333334,0.4082482904638632,0.20000000000004547,0.20000000000004547,0.984807753012208,0.17364817766693041,-0.5000000000000004,0.8660254037844384,2.1,9.0
2026-07-02 23:20:00,80.0,9.0,2.1,1016.1,27.0,27.4,2.1,2.1,1.9,9.0,9.0,10.0,1015.9,1015.7,1015.5,2.1,0.0,2.1,0.0,9.333333333333334,0.5773502691896255,9.5,0.5477225575051671,0.6000000000000227,0.39999999999997726,0.984807753012208,0.17364817766693041,-0.25881904510252157,0.9659258262890681,2.1,10.0
2026-07-03 00:20:00,80.0,10.0,2.0,1016.5,27.0,27.4,2.0,2.1,2.1,9.0,10.0,9.0,1016.5,1016.3,1016.1,2.0,0.0,2.033333333333333,0.05773502691896285,9.666666666666666,0.5773502691896255,9.833333333333334,0.4082482904638632,0.39999999999997726,0.20000000000004547,0.984807753012208,0.17364817766693041,0.0,1.0,2.0,9.0
2026-07-03 01:20:00,70.0,9.0,2.1,1017.3,27.0,27.4,2.1,2.0,2.0,9.0,9.0,10.0,1017.1,1016.9,1016.5,2.1,0.0,2.066666666666667,0.05773502691896285,9.0,0.0,9.0,0.0,0.7999999999999545,0.39999999999997726,0.9396926207859083,0.3420201433256688,0.25881904510252074,0.9659258262890683,1.9,9.0
2026-07-03 02:20:00,80.0,10.0,2.0,1017.6,27.0,27.4,2.0,1.9,2.1,9.0,9.0,9.0,1017.6,1017.6,1017.3,2.0,0.0,1.9666666666666668,0.05773502691896218,9.333333333333334,0.5773502691896255,9.166666666666666,0.4082482904638632,0.3000000000000682,0.0,0.984807753012208,0.17364817766693041,0.49999999999999994,0.8660254037844387,1.9,9.0
2026-07-03 03:20:00,80.0,9.0,2.0,1017.3,27.0,27.3,2.0,1.9,2.0,10.0,9.0,10.0,1017.5,1017.5,1017.6,2.0,0.0,1.9666666666666668,0.057735026918962595,9.666666666666666,0.5773502691896255,9.333333333333334,0.5163977794943228,-0.3000000000000682,-0.20000000000004547,0.984807753012208,0.17364817766693041,0.7071067811865476,0.7071067811865476,2.1,8.0
2026-07-03 04:20:00,80.0,7.0,2.2,1016.9,26.9,27.3,2.2,2.1,2.0,8.0,8.0,9.0,1017.2,1017.2,1017.3,2.2,0.0,2.166666666666667,0.05773502691896269,7.666666666666667,0.5773502691896258,8.0,0.6324555320336787,-0.39999999999997726,-0.3000000000000682,0.984807753012208,0.17364817766693041,0.8660254037844386,0.5000000000000001,2.1,9.0
2026-07-03 05:20:00,70.0,8.0,2.0,1016.6,26.9,27.3,2.0,2.1,2.2,8.0,9.0,7.0,1016.6,1016.6,1016.9,2.0,0.0,2.033333333333333,0.05773502691896269,8.333333333333334,0.5773502691896255,8.5,0.5477225575051685,-0.2999999999999545,0.0,0.9396926207859083,0.3420201433256688,0.9659258262890683,0.25881904510252074,2.1,9.0
2026-07-03 07:20:00,70.0,8.0,2.1,1015.9,26.9,27.3,2.1,2.0,2.0,8.0,8.0,8.0,1015.9,1015.9,1016.1,2.1,0.0,2.066666666666667,0.05773502691896285,8.0,0.0,8.0,0.0,-0.20000000000004547,0.0,0.9396926207859083,0.3420201433256688,0.9659258262890683,-0.25881904510252063,2.0,9.0
2026-07-03 08:20:00,70.0,9.0,2.0,1016.2,26.9,27.3,2.0,2.0,2.1,9.0,9.0,8.0,1016.1,1016.1,1015.9,2.0,0.0,2.0,0.0,9.0,0.0,9.0,0.6324555320336763,0.3000000000000682,0.10000000000002274,0.9396926207859083,0.3420201433256688,0.8660254037844387,-0.4999999999999998,2.1,9.0
2026-07-03 09:20:00,80.0,9.0,1.9,1016.3,26.9,27.3,1.9,2.1,2.0,9.0,9.0,9.0,1016.2,1016.1,1016.2,1.9,0.0,1.9666666666666668,0.11547005383792508,9.0,0.0,9.0,0.0,0.09999999999990905,0.1999999999999318,0.984807753012208,0.17364817766693041,0.7071067811865476,-0.7071067811865475,2.0,9.0
2026-07-03 10:20:00,70.0,10.0,2.1,1016.6,27.0,27.3,2.1,2.0,1.9,9.0,9.0,9.0,1016.7,1016.5,1016.3,2.1,0.0,2.0666666666666664,0.05773502691896265,9.333333333333334,0.5773502691896255,9.166666666666666,0.4082482904638632,0.3000000000000682,0.10000000000002274,0.9396926207859083,0.3420201433256688,0.49999999999999994,-0.8660254037844387,2.1,10.0
2026-07-03 11:20:00,70.0,9.0,2.1,1016.7,27.0,27.3,2.1,2.1,2.1,9.0,10.0,10.0,1016.8,1016.6,1016.6,2.1,0.0,2.1,0.0,9.0,0.0,9.5,0.5477225575051671,0.10000000000002274,0.10000000000002274,0.9396926207859083,0.3420201433256688,0.258819045102521,-0.9659258262890682,2.0,9.0
2026-07-03 11:50:00,70.0,9.0,2.0,1016.7,27.1,27.3,2.0,2.1,2.1,9.0,9.0,10.0,1016.7,1016.7,1016.6,2.0,0.0,2.05,0.05773502691896274,8.666666666666666,0.5773502691896255,8.833333333333334,0.40824829046386313,0.10000000000002274,0.0,0.9396926207859083,0.3420201433256688,0.258819045102521,-0.9659258262890682,2.0,9.0
2026-07-03 13:20:00,70.0,10.0,2.1,1016.7,27.2,27.3,2.1,2.1,2.0,9.0,9.0,9.0,1016.7,1016.8,1016.8,2.1,0.0,2.1,0.0,9.333333333333334,0.5773502691896255,9.0,0.6324555320336759,-0.09999999999990905,-0.09999999999990905,0.9396926207859083,0.3420201433256688,-0.2588190451025208,-0.9659258262890683,1.8,9.0
2026-07-03 14:20:00,80.0,9.0,2.0,1016.5,27.2,27.4,2.0,1.8,2.1,9.0,9.0,10.0,1016.5,1016.6,1016.7,2.0,0.0,1.9333333333333333,0.11547005383792498,9.0,0.0,9.166666666666666,0.40824829046386313,-0.20000000000004547,-0.10000000000002274,0.984807753012208,0.17364817766693041,-0.4999999999999997,-0.8660254037844388,2.1,9.0
2026-07-03 15:20:00,70.0,10.0,2.1,1015.9,27.2,27.3,2.1,2.1,2.0,9.0,9.0,9.0,1015.9,1016.1,1016.5,2.1,0.0,2.1,0.0,9.333333333333334,0.5773502691896255,9.0,0.6324555320336759,-0.6000000000000227,-0.20000000000004547,0.9396926207859083,0.3420201433256688,-0.7071067811865471,-0.7071067811865479,2.1,9.0
2026-07-03 16:20:00,70.0,9.0,2.2,1015.2,27.2,27.4,2.2,2.1,2.1,9.0,9.0,10.0,1015.3,1015.5,1015.9,2.2,0.0,2.1666666666666674,0.05773502691896285,9.0,0.0,9.0,0.0,-0.6999999999999318,-0.2999999999999545,0.9396926207859083,0.3420201433256688,-0.8660254037844385,-0.5000000000000004,2.1,9.0
2026-07-03 17:20:00,70.0,9.0,2.2,1014.8,27.2,27.4,2.2,2.1,2.2,8.0,9.0,9.0,1014.9,1014.9,1015.2,2.2,0.0,2.166666666666667,0.05773502691896269,8.666666666666666,0.5773502691896255,8.833333333333334,0.4082482904638632,-0.40000000000009095,-0.10000000000002274,0.9396926207859083,0.3420201433256688,-0.9659258262890683,-0.25881904510252063,2.1,9.0
2026-07-03 18:20:00,70.0,9.0,2.0,1014.3,27.3,27.4,2.0,2.1,2.2,9.0,9.0,9.0,1014.4,1014.5,1014.8,2.0,0.0,2.033333333333333,0.05773502691896269,9.0,0.0,9.0,0.0,-0.5,-0.20000000000004547,0.9396926207859083,0.3420201433256688,-1.0,-1.8369701987210297e-16,2.1,8.0
2026-07-03 19:20:00,70.0,8.0,2.1,1014.4,27.2,27.4,2.1,2.1,2.0,8.0,8.0,9.0,1014.4,1014.4,1014.3,2.1,0.0,2.1,0.0,8.333333333333334,0.5773502691896255,8.5,0.5477225575051671,0.10000000000002274,0.0,0.9396926207859083,0.3420201433256688,-0.9659258262890684,0.2588190451025203,2.2,10.0
2026-07-03 21:20:00,70.0,9.0,2.2,1014.8,27.3,,2.2,2.1,2.1,9.0,9.0,10.0,1014.7,1014.6,1014.1,2.2,0.0,2.1666666666666674,0.05773502691896285,8.666666666666666,0.5773502691896255,8.833333333333334,0.40824829046386335,0.6999999999999318,0.1999999999999318,0.9396926207859083,0.3420201433256688,-0.7071067811865477,0.7071067811865474,2.1,8.0
2026-07-03 21:50:00,60.0,8.0,2.1,1015.2,27.2,27.4,2.1,2.2,2.1,9.0,9.0,9.0,1015.0,1014.8,1014.6,2.1,0.0,2.1500000000000004,0.05773502691896269,8.666666666666666,0.5773502691896255,8.666666666666666,0.5163977794943229,0.6000000000000227,0.40000000000009095,0.8660254037844386,0.5000000000000001,-0.7071067811865477,0.7071067811865474,2.1,8.0
2026-07-03 23:20:00,70.0,8.0,2.2,1016.0,27.2,27.4,2.2,1.9,2.1,9.0,8.0,8.0,1015.9,1015.5,1015.3,2.2,0.0,2.1,0.1732050807568878,8.666666666666666,0.5773502691896255,8.5,0.5477225575051671,0.7000000000000455,0.5,0.9396926207859083,0.3420201433256688,-0.25881904510252157,0.9659258262890681,2.1,9.0
2026-07-04 00:20:00,70.0,8.0,2.1,1016.5,27.0,27.4,2.1,2.1,2.2,8.0,9.0,8.0,1016.5,1016.4,1016.0,2.1,0.0,2.1,0.0,8.0,0.0,8.166666666666666,0.4082482904638632,0.5,0.10000000000002274,0.9396926207859083,0.3420201433256688,0.0,1.0,2.1,10.0
2026-07-04 01:20:00,70.0,10.0,2.2,1016.8,27.2,27.4,2.2,2.1,2.1,10.0,10.0,8.0,1016.7,1016.7,1016.5,2.2,0.0,2.1666666666666674,0.05773502691896285,9.666666666666666,0.5773502691896255,9.5,0.8366600265340758,0.2999999999999545,0.09999999999990905,0.9396926207859083,0.3420201433256688,0.25881904510252074,0.9659258262890683,2.2,10.0
2026-07-04 02:20:00,70.0,9.0,2.3,1017.0,27.2,27.3,2.3,2.2,2.2,9.0,10.0,10.0,1017.1,1017.0,1016.8,2.3,0.0,2.266666666666667,0.05773502691896237,9.0,0.0,9.333333333333334,0.5163977794943221,0.20000000000004547,0.0,0.9396926207859083,0.3420201433256688,0.49999999999999994,0.8660254037844387,2.2,9.0
2026-07-04 03:20:00,70.0,9.0,2.3,1016.7,27.2,27.3,2.3,2.2,2.3,9.0,9.0,9.0,1016.8,1017.0,1017.0,2.3,0.0,2.266666666666667,0.05773502691896237,9.0,0.0,9.0,0.0,-0.2999999999999545,-0.2999999999999545,0.9396926207859083,0.3420201433256688,0.7071067811865476,0.7071067811865476,2.2,10.0
2026-07-04 04:20:00,70.0,9.0,2.2,1016.1,27.1,27.4,2.2,2.2,2.3,10.0,10.0,9.0,1016.2,1016.5,1016.7,2.2,0.0,2.2,0.0,9.666666666666666,0.5773502691896255,9.833333333333334,0.4082482904638632,-0.6000000000000227,-0.39999999999997726,0.9396926207859083,0.3420201433256688,0.8660254037844386,0.5000000000000001,2.2,9.0
2026-07-04 05:20:00,70.0,10.0,2.0,1015.6,27.0,27.3,2.0,2.2,2.2,10.0,9.0,9.0,1015.7,1015.9,1016.1,2.0,0.0,2.066666666666667,0.11547005383792497,10.0,0.0,9.5,0.5477225575051671,-0.5,-0.2999999999999545,0.9396926207859083,0.3420201433256688,0.9659258262890683,0.25881904510252074,2.2,9.0
2026-07-04 07:20:00,60.0,10.0,2.1,1015.2,27.0,27.3,2.1,2.0,2.1,9.0,9.0,10.0,1015.2,1015.2,1015.4,2.1,0.0,2.066666666666667,0.05773502691896263,9.333333333333334,0.5773502691896255,9.166666666666666,0.4082482904638632,-0.1999999999999318,0.0,0.8660254037844386,0.5000000000000001,0.9659258262890683,-0.25881904510252063,2.1,8.0
2026-07-04 08:20:00,70.0,10.0,2.2,1015.4,26.9,27.3,2.2,2.1,2.1,9.0,8.0,10.0,1015.3,1015.6,1015.2,2.2,0.0,2.1666666666666674,0.05773502691896285,8.666666666666666,1.5275252316519468,8.666666666666666,1.0327955589886444,0.1999999999999318,-0.20000000000004547,0.9396926207859083,0.3420201433256688,0.8660254037844387,-0.4999999999999998,2.3,9.0
2026-07-04 09:20:00,80.0,9.0,2.3,1015.8,27.1,27.3,2.3,2.3,2.2,9.0,9.0,10.0,1015.7,1015.8,1015.4,2.3,0.0,2.3,0.0,9.333333333333334,0.5773502691896255,9.5,0.5477225575051666,0.39999999999997726,0.0,0.984807753012208,0.17364817766693041,0.7071067811865476,-0.7071067811865475,2.2,10.0
2026-07-04 11:20:00,80.0,9.0,2.3,1016.2,27.2,27.3,2.3,2.3,2.3,9.0,10.0,10.0,1016.2,1016.2,1016.1,2.3,0.0,2.3,0.0,9.0,0.0,9.166666666666666,0.40824829046386424,0.10000000000002274,0.0,0.984807753012208,0.17364817766693041,0.258819045102521,-0.9659258262890682,2.2,10.0
2026-07-04 12:20:00,80.0,10.0,2.2,1016.2,27.2,27.3,2.2,2.2,2.3,10.0,10.0,9.0,1016.0,1016.2,1016.2,2.2,0.0,2.2,0.0,9.666666666666666,0.5773502691896255,9.5,0.5477225575051671,0.0,0.0,0.984807753012208,0.17364817766693041,1.2246467991473532e-16,-1.0,2.3,10.0
2026-07-04 13:20:00,70.0,9.0,2.2,1016.2,27.3,27.3,2.2,2.3,2.2,9.0,10.0,10.0,1016.2,1016.3,1016.2,2.2,0.0,2.233333333333334,0.05773502691896237,9.333333333333334,0.5773502691896255,9.666666666666666,0.5163977794943228,0.0,-0.09999999999990905,0.9396926207859083,0.3420201433256688,-0.2588190451025208,-0.9659258262890683,2.3,9.0
2026-07-04 14:20:00,80.0,9.0,2.2,1016.0,27.3,27.4,2.2,2.3,2.2,9.0,9.0,9.0,1016.0,1016.1,1016.2,2.2,0.0,2.233333333333334,0.05773502691896237,9.333333333333334,0.5773502691896255,9.333333333333334,0.516397779494324,-0.20000000000004547,-0.10000000000002274,0.984807753012208,0.17364817766693041,-0.4999999999999997,-0.8660254037844388,2.2,10.0
2026-07-04 14:50:00,90.0,10.0,2.2,1016.1,27.3,,2.2,2.2,2.3,9.0,9.0,9.0,1016.0,1016.0,1016.1,2.2,0.0,2.2,0.0,9.666666666666666,0.5773502691896255,9.5,0.5477225575051671,0.0,0.10000000000002274,1.0,6.123233995736766e-17,-0.4999999999999997,-0.8660254037844388,2.3,10.0
2026-07-04 15:20:00,90.0,10.0,2.3,1016.2,26.5,27.4,2.3,2.2,2.2,12.0,10.0,9.0,1016.1,1016.1,1016.0,2.3,0.0,2.25,0.05773502691896237,11.333333333333334,1.1547005383792517,10.5,1.2247448713915872,0.20000000000004547,0.10000000000002274,1.0,6.123233995736766e-17,-0.7071067811865471,-0.7071067811865479,2.3,8.0
2026-07-04 16:20:00,80.0,9.0,2.3,1015.6,27.5,27.4,2.3,2.3,2.3,9.0,8.0,10.0,1015.6,1015.9,1016.2,2.3,0.0,2.3,0.0,8.666666666666666,0.5773502691896255,8.333333333333334,0.5163977794943501,-0.6000000000000227,-0.2999999999999545,0.984807753012208,0.17364817766693041,-0.8660254037844385,-0.5000000000000004,2.3,9.0
2026-07-04 17:20:00,80.0,8.0,2.1,1015.4,27.1,27.5,2.1,2.3,2.3,8.0,9.0,9.0,1015.4,1015.5,1015.6,2.1,0.0,2.1666666666666665,0.11547005383792522,8.0,0.0,8.5,0.5477225575051671,-0.20000000000004547,-0.10000000000002274,0.984807753012208,0.17364817766693041,-0.9659258262890683,-0.25881904510252063,2.1,8.0
2026-07-04 18:20:00,80.0,8.0,2.1,1015.0,27.3,27.5,2.1,2.1,2.1,8.0,8.0,8.0,1015.1,1015.3,1015.4,2.1,0.0,2.1,0.0,8.0,0.0,8.0,0.0,-0.39999999999997726,-0.2999999999999545,0.984807753012208,0.17364817766693041,-1.0,-1.8369701987210297e-16,2.1,8.0
2026-07-04 18:50:00,80.0,8.0,2.1,1015.0,27.2,,2.1,2.1,2.1,8.0,8.0,8.0,1015.0,1015.0,1015.3,2.1,0.0,2.1,0.0,8.0,0.0,8.0,0.0,-0.2999999999999545,0.0,0.984807753012208,0.17364817766693041,-1.0,-1.8369701987210297e-16,2.1,8.0
2026-07-04 19:20:00,80.0,8.0,2.1,1014.9,27.4,27.5,2.1,2.1,2.1,9.0,8.0,8.0,1014.9,1015.0,1015.0,2.1,0.0,2.1,0.0,8.666666666666666,0.5773502691896255,8.333333333333334,0.5163977794943228,-0.10000000000002274,-0.10000000000002274,0.984807753012208,0.17364817766693041,-0.9659258262890684,0.2588190451025203,2.2,8.0
2026-07-04 20:20:00,70.0,8.0,2.1,1014.8,27.4,27.5,2.1,2.2,2.1,8.0,8.0,8.0,1014.8,1014.7,1014.9,2.1,0.0,2.1333333333333337,0.05773502691896269,8.0,0.0,8.0,0.0,-0.10000000000002274,0.09999999999990905,0.9396926207859083,0.3420201433256688,-0.8660254037844386,0.5000000000000001,1.9,8.0
2026-07-04 22:20:00,70.0,9.0,2.1,1015.5,27.2,27.5,2.1,2.1,2.1,8.0,9.0,9.0,1015.3,1015.2,1014.9,2.1,0.0,2.1,0.0,8.666666666666666,0.5773502691896255,8.5,0.5477225575051671,0.6000000000000227,0.2999999999999545,0.9396926207859083,0.3420201433256688,-0.5000000000000004,0.8660254037844384,2.1,9.0
2026-07-05 00:20:00,80.0,9.0,2.0,1016.7,27.2,27.5,2.0,2.3,2.2,8.0,8.0,9.0,1016.7,1016.6,1016.0,2.0,0.0,2.125,0.15000000000000002,8.333333333333334,0.5773502691896255,8.333333333333334,0.5163977794943228,0.7000000000000455,0.10000000000002274,0.984807753012208,0.17364817766693041,0.0,1.0,2.2,8.0
2026-07-05 01:20:00,80.0,9.0,2.0,1017.1,27.2,27.5,2.0,2.2,2.0,9.0,8.0,9.0,1017.0,1016.8,1016.7,2.0,0.0,2.066666666666667,0.11547005383792519,9.0,0.0,8.5,0.5477225575051671,0.39999999999997726,0.3000000000000682,0.984807753012208,0.17364817766693041,0.25881904510252074,0.9659258262890683,2.1,10.0
2026-07-05 01:50:00,80.0,10.0,2.1,1017.3,27.1,27.5,2.1,2.0,2.2,9.0,9.0,8.0,1017.2,1017.1,1016.8,2.1,0.0,2.05,0.0577350269189626,9.333333333333334,0.5773502691896255,9.166666666666666,0.4082482904638632,0.5,0.1999999999999318,0.984807753012208,0.17364817766693041,0.25881904510252074,0.9659258262890683,2.2,9.0
2026-07-05 02:20:00,80.0,9.0,2.2,1017.3,27.2,27.5,2.2,2.1,2.0,9.0,10.0,9.0,1017.3,1017.3,1017.1,2.2,0.0,2.1500000000000004,0.0577350269189626,9.0,0.0,9.166666666666666,0.4082482904638632,0.1999999999999318,0.0,0.984807753012208,0.17364817766693041,0.49999999999999994,0.8660254037844387,2.2,9.0
2026-07-05 03:20:00,70.0,9.0,2.2,1017.1,27.2,27.5,2.2,2.2,2.2,10.0,9.0,9.0,1017.2,1017.2,1017.3,2.2,0.0,2.2,0.0,9.333333333333334,0.5773502691896255,9.166666666666666,0.4082482904638632,-0.1999999999999318,-0.10000000000002274,0.9396926207859083,0.3420201433256688,0.7071067811865476,0.7071067811865476,2.1,8.0
2026-07-05 03:50:00,70.0,8.0,2.1,1016.7,27.1,27.4,2.1,2.2,2.2,9.0,9.0,9.0,1017.0,1017.1,1017.2,2.1,0.0,2.1500000000000004,0.05773502691896274,8.666666666666666,0.5773502691896255,9.0,0.6324555320336759,-0.5,-0.39999999999997726,0.9396926207859083,0.3420201433256688,0.7071067811865476,0.7071067811865476,2.4,10.0
2026-07-05 04:20:00,70.0,10.0,2.4,1016.3,27.1,27.4,2.4,2.1,2.2,9.0,8.0,9.0,1016.4,1016.7,1017.1,2.4,0.0,2.25,0.1732050807568876,9.333333333333334,0.5773502691896255,9.0,0.6324555320336759,-0.8000000000000682,-0.40000000000009095,0.9396926207859083,0.3420201433256688,0.8660254037844386,0.5000000000000001,2.3,10.0
2026-07-05 05:20:00,70.0,10.0,2.3,1015.7,26.9,27.4,2.3,2.3,2.4,9.0,10.0,10.0,1015.9,1015.9,1016.3,2.3,0.0,2.3,0.0,9.333333333333334,0.5773502691896255,9.666666666666666,0.516397779494324,-0.599999999999909,-0.1999999999999318,0.9396926207859083,0.3420201433256688,0.9659258262890683,0.25881904510252074,2.2,10.0
2026-07-05 06:20:00,80.0,10.0,2.3,1015.5,26.9,27.4,2.3,2.2,2.3,9.0,10.0,10.0,1015.7,1015.6,1015.7,2.3,0.0,2.2666666666666666,0.05773502691896237,9.666666666666666,0.5773502691896255,9.5,0.5477225575051671,-0.20000000000004547,-0.10000000000002274,0.984807753012208,0.17364817766693041,1.0,6.123233995736766e-17,2.3,10.0
2026-07-05 06:50:00,80.0,10.0,2.3,1015.6,27.0,27.4,2.3,2.3,2.2,10.0,10.0,10.0,1015.8,1015.5,1015.6,2.3,0.0,2.3,0.0,10.0,0.0,9.833333333333334,0.40824829046386646,0.0,0.10000000000002274,0.984807753012208,0.17364817766693041,1.0,6.123233995736766e-17,2.2,9.0
2026-07-05 07:20:00,70.0,9.0,2.2,1015.6,27.0,27.4,2.2,2.3,2.3,9.0,10.0,10.0,1015.6,1015.6,1015.5,2.2,0.0,2.25,0.05773502691896237,9.0,0.0,9.5,0.5477225575051671,0.10000000000002274,0.0,0.9396926207859083,0.3420201433256688,0.9659258262890683,-0.25881904510252063,2.3,8.0
2026-07-05 08:20:00,80.0,9.0,2.2,1015.6,27.1,27.4,2.2,2.3,2.2,8.0,8.0,9.0,1015.7,1015.6,1015.6,2.2,0.0,2.2333333333333334,0.05773502691896237,8.666666666666666,0.5773502691896255,8.5,0.547722557505167,0.0,0.0,0.984807753012208,0.17364817766693041,0.8660254037844387,-0.4999999999999998,2.2,9.0
2026-07-05 09:20:00,80.0,9.0,2.2,1016.0,27.2,27.4,2.2,2.2,2.2,9.0,9.0,9.0,1015.9,1015.6,1015.6,2.2,0.0,2.2,0.0,9.0,0.0,8.833333333333334,0.40824829046386313,0.39999999999997726,0.39999999999997726,0.984807753012208,0.17364817766693041,0.7071067811865476,-0.7071067811865475,2.3,10.0
2026-07-05 10:20:00,70.0,9.0,2.4,1016.1,27.1,27.4,2.4,2.3,2.2,10.0,10.0,9.0,1016.1,1016.1,1016.0,2.4,0.0,2.3666666666666667,0.05773502691896301,9.666666666666666,0.5773502691896255,9.5,0.5477225575051671,0.10000000000002274,0.0,0.9396926207859083,0.3420201433256688,0.49999999999999994,-0.8660254037844387,2.4,9.0
2026-07-05 10:50:00,70.0,9.0,2.4,1016.4,27.2,27.4,2.4,2.4,2.3,10.0,9.0,10.0,1016.3,1016.1,1016.1,2.4,0.0,2.4,0.0,9.333333333333334,0.5773502691896255,9.5,0.5477225575051671,0.2999999999999545,0.2999999999999545,0.9396926207859083,0.3420201433256688,0.49999999999999994,-0.8660254037844387,2.4,9.0
2026-07-05 11:20:00,70.0,9.0,2.4,1016.6,27.2,27.4,2.4,2.4,2.4,9.0,9.0,9.0,1016.4,1016.4,1016.1,2.4,0.0,2.4,0.0,9.0,0.0,9.166666666666666,0.4082482904638632,0.5,0.20000000000004547,0.9396926207859083,0.3420201433256688,0.258819045102521,-0.9659258262890682,2.4,8.0
2026-07-05 12:50:00,70.0,9.0,2.3,1016.9,27.2,27.4,2.3,2.4,2.4,9.0,9.0,8.0,1016.9,1016.8,1016.7,2.3,0.0,2.3333333333333335,0.05773502691896285,9.0,0.0,9.0,0.0,0.1999999999999318,0.10000000000002274,0.9396926207859083,0.3420201433256688,1.2246467991473532e-16,-1.0,2.4,9.0
2026-07-05 13:20:00,70.0,9.0,2.4,1016.9,27.2,27.4,2.4,2.3,2.4,9.0,9.0,9.0,1016.8,1016.9,1016.8,2.4,0.0,2.35,0.05773502691896269,9.0,0.0,9.0,0.0,0.10000000000002274,0.0,0.9396926207859083,0.3420201433256688,-0.2588190451025208,-0.9659258262890683,2.3,9.0
2026-07-05 14:20:00,70.0,8.0,2.3,1017.0,27.4,27.4,2.3,2.3,2.4,9.0,9.0,9.0,1017.0,1016.9,1016.9,2.3,0.0,2.3,0.0,8.666666666666666,0.5773502691896255,8.833333333333334,0.4082482904638632,0.10000000000002274,0.10000000000002274,0.9396926207859083,0.3420201433256688,-0.4999999999999997,-0.8660254037844388,2.3,9.0
2026-07-05 16:20:00,80.0,8.0,2.3,1016.8,27.4,27.5,2.3,2.0,2.4,8.0,8.0,8.0,1016.8,1016.9,1017.1,2.3,0.0,2.2,0.17320508075688776,8.0,0.0,8.0,0.0,-0.3000000000000682,-0.10000000000002274,0.984807753012208,0.17364817766693041,-0.8660254037844385,-0.5000000000000004,2.3,9.0
2026-07-05 16:50:00,70.0,9.0,2.3,1016.6,27.6,27.5,2.3,2.3,2.0,9.0,8.0,8.0,1016.6,1016.8,1016.9,2.3,0.0,2.3,0.0,8.666666666666666,0.5773502691896255,8.333333333333334,0.5163977794943228,-0.2999999999999545,-0.1999999999999318,0.9396926207859083,0.3420201433256688,-0.8660254037844385,-0.5000000000000004,2.2,8.0
2026-07-05 17:20:00,70.0,8.0,2.2,1016.3,27.5,27.5,2.2,2.3,2.3,8.0,9.0,8.0,1016.4,1016.6,1016.8,2.2,0.0,2.25,0.05773502691896237,8.0,0.0,8.333333333333334,0.5163977794943228,-0.5,-0.3000000000000682,0.9396926207859083,0.3420201433256688,-0.9659258262890683,-0.25881904510252063,2.3,8.0
2026-07-05 18:20:00,70.0,9.0,2.2,1016.3,27.6,27.5,2.2,2.3,2.2,8.0,8.0,8.0,1016.3,1016.2,1016.3,2.2,0.0,2.2333333333333334,0.05773502691896237,8.333333333333334,0.5773502691896255,8.166666666666666,0.4082482904638632,0.0,0.09999999999990905,0.9396926207859083,0.3420201433256688,-1.0,-1.8369701987210297e-16,2.3,9.0
2026-07-05 18:50:00,70.0,9.0,2.3,1016.0,27.5,27.6,2.3,2.2,2.3,9.0,9.0,8.0,1016.2,1016.3,1016.2,2.3,0.0,2.25,0.05773502691896237,9.0,0.0,8.666666666666666,0.516397779494324,-0.20000000000004547,-0.2999999999999545,0.9396926207859083,0.3420201433256688,-1.0,-1.8369701987210297e-16,2.2,8.0
2026-07-05 19:20:00,70.0,8.0,2.2,1015.7,27.3,27.5,2.2,2.3,2.2,8.0,9.0,9.0,1015.9,1016.0,1016.3,2.2,0.0,2.25,0.05773502691896237,8.333333333333334,0.5773502691896255,8.666666666666666,0.5163977794943228,-0.599999999999909,-0.2999999999999545,0.9396926207859083,0.3420201433256688,-0.9659258262890684,0.2588190451025203,2.3,8.0
2026-07-05 19:50:00,80.0,8.0,2.3,1015.6,27.4,,2.3,2.2,2.3,8.0,8.0,9.0,1015.7,1015.7,1016.0,2.3,0.0,2.25,0.05773502691896237,8.0,0.0,8.166666666666666,0.40824829046386646,-0.39999999999997726,-0.10000000000002274,0.984807753012208,0.17364817766693041,-0.9659258262890684,0.2588190451025203,2.1,8.0
2026-07-05 20:20:00,70.0,8.0,2.1,1015.6,27.6,27.5,2.1,2.3,2.2,8.0,8.0,8.0,1015.6,1015.6,1015.7,2.1,0.0,2.2,0.11547005383792508,8.0,0.0,8.0,0.0,-0.10000000000002274,0.0,0.9396926207859083,0.3420201433256688,-0.8660254037844386,0.5000000000000001,2.1,9.0
2026-07-05 21:50:00,70.0,9.0,2.2,1015.9,27.3,27.5,2.2,2.1,2.1,9.0,9.0,9.0,1015.7,1015.6,1015.6,2.2,0.0,2.1666666666666674,0.05773502691896285,9.0,0.0,9.0,0.0,0.2999999999999545,0.2999999999999545,0.9396926207859083,0.3420201433256688,-0.7071067811865477,0.7071067811865474,2.2,9.0
2026-07-05 22:20:00,70.0,9.0,2.2,1016.4,27.3,27.5,2.2,2.2,2.1,9.0,9.0,9.0,1016.2,1015.9,1015.6,2.2,0.0,2.2,0.0,9.0,0.0,9.0,0.0,0.7999999999999545,0.5,0.9396926207859083,0.3420201433256688,-0.5000000000000004,0.8660254037844384,2.2,9.0
2026-07-06 01:20:00,80.0,9.0,2.3,1017.5,27.1,27.5,2.3,2.1,2.5,9.0,9.0,9.0,1017.5,1017.5,1017.2,2.3,0.0,2.2333333333333334,0.11547005383792483,8.666666666666666,0.5773502691896255,8.833333333333334,0.4082482904638632,0.2999999999999545,0.0,0.984807753012208,0.17364817766693041,0.25881904510252074,0.9659258262890683,2.2,9.0
2026-07-06 02:20:00,70.0,9.0,2.4,1017.8,27.1,27.5,2.4,2.2,2.3,9.0,9.0,9.0,1017.8,1017.8,1017.5,2.4,0.0,2.3333333333333335,0.11547005383792514,9.0,0.0,9.0,0.0,0.2999999999999545,0.0,0.9396926207859083,0.3420201433256688,0.49999999999999994,0.8660254037844387,2.2,8.0
2026-07-06 03:20:00,70.0,7.0,2.3,1017.6,27.0,27.5,2.3,2.2,2.4,8.0,8.0,9.0,1017.8,1017.7,1017.8,2.3,0.0,2.2666666666666666,0.05773502691896286,7.666666666666667,0.5773502691896258,7.833333333333333,0.40824829046386296,-0.1999999999999318,-0.10000000000002274,0.9396926207859083,0.3420201433256688,0.7071067811865476,0.7071067811865476,2.1,8.0
2026-07-06 04:20:00,80.0,8.0,2.1,1017.0,27.1,27.5,2.1,2.1,2.3,8.0,8.0,7.0,1017.1,1017.2,1017.6,2.1,0.0,2.1,0.0,8.333333333333334,0.5773502691896255,8.166666666666666,0.4082482904638631,-0.6000000000000227,-0.20000000000004547,0.984807753012208,0.17364817766693041,0.8660254037844386,0.5000000000000001,2.1,8.0
2026-07-06 05:20:00,70.0,9.0,2.3,1016.5,26.9,27.5,2.3,2.1,2.1,8.0,8.0,8.0,1016.6,1016.7,1017.0,2.3,0.0,2.2333333333333334,0.11547005383792522,8.333333333333334,0.5773502691896255,8.166666666666666,0.4082482904638632,-0.5,-0.20000000000004547,0.9396926207859083,0.3420201433256688,0.9659258262890683,0.25881904510252074,2.2,8.0
2026-07-06 05:50:00,70.0,8.0,2.2,1016.4,26.9,27.5,2.2,2.3,2.1,8.0,9.0,8.0,1016.2,1016.5,1016.7,2.2,0.0,2.25,0.05773502691896278,8.0,0.0,8.166666666666666,0.4082482904638632,-0.3000000000000682,-0.10000000000002274,0.9396926207859083,0.3420201433256688,0.9659258262890683,0.25881904510252074,2.2,7.0
2026-07-06 06:20:00,80.0,7.0,2.2,1016.4,27.0,27.5,2.2,2.2,2.3,8.0,8.0,9.0,1016.3,1016.4,1016.5,2.2,0.0,2.2,0.0,7.666666666666667,0.5773502691896258,7.833333333333333,0.40824829046386296,-0.10000000000002274,0.0,0.984807753012208,0.17364817766693041,1.0,6.123233995736766e-17,2.1,8.0
2026-07-06 06:50:00,80.0,8.0,2.1,1016.3,26.9,27.5,2.1,2.2,2.2,8.0,7.0,8.0,1016.3,1016.4,1016.4,2.1,0.0,2.1500000000000004,0.05773502691896274,8.0,0.0,7.833333333333333,0.40824829046386296,-0.10000000000002274,-0.10000000000002274,0.984807753012208,0.17364817766693041,1.0,6.123233995736766e-17,2.2,8.0
2026-07-06 08:20:00,70.0,7.0,2.1,1016.4,26.9,27.5,2.1,2.1,2.2,7.0,7.0,8.0,1016.4,1016.4,1016.2,2.1,0.0,2.1,0.0,7.0,0.0,7.333333333333333,0.5163977794943221,0.1999999999999318,0.0,0.9396926207859083,0.3420201433256688,0.8660254037844387,-0.4999999999999998,2.2,9.0
2026-07-06 09:20:00,80.0,9.0,2.2,1016.5,25.1,27.5,2.2,2.2,2.1,8.0,9.0,7.0,1016.5,1016.2,1016.4,2.2,0.0,2.2,0.0,8.666666666666666,0.5773502691896255,8.833333333333334,0.752772652709076,0.10000000000002274,0.2999999999999545,0.984807753012208,0.17364817766693041,0.7071067811865476,-0.7071067811865475,2.2,7.0
2026-07-06 10:20:00,70.0,8.0,2.0,1016.7,26.5,27.5,2.0,2.2,2.2,7.0,7.0,9.0,1016.7,1016.6,1016.5,2.0,0.0,2.066666666666667,0.11547005383792497,7.666666666666667,0.5773502691896271,8.0,1.095445115010331,0.20000000000004547,0.10000000000002274,0.9396926207859083,0.3420201433256688,0.49999999999999994,-0.8660254037844387,2.1,8.0
2026-07-06 10:50:00,80.0,8.0,2.1,1016.8,26.9,27.5,2.1,2.0,2.2,7.0,8.0,7.0,1016.8,1016.7,1016.6,2.1,0.0,2.05,0.057735026918962054,7.333333333333333,0.5773502691896258,7.5,0.5477225575051659,0.1999999999999318,0.09999999999990905,0.984807753012208,0.17364817766693041,0.49999999999999994,-0.8660254037844387,1.9,8.0
2026-07-06 11:20:00,90.0,8.0,1.9,1017.0,27.1,27.5,1.9,2.1,2.0,9.0,8.0,8.0,1016.9,1016.8,1016.7,1.9,0.0,2.0,0.11547005383792493,8.333333333333334,0.5773502691896255,7.833333333333333,0.7527726527090798,0.2999999999999545,0.20000000000004547,1.0,6.123233995736766e-17,0.258819045102521,-0.9659258262890682,2.0,8.0
2026-07-06 12:20:00,70.0,8.0,2.2,1017.3,27.2,27.5,2.2,2.0,1.9,8.0,8.0,8.0,1017.3,1017.1,1017.0,2.2,0.0,2.1333333333333337,0.1154700538379246,8.0,0.0,8.0,0.0,0.2999999999999545,0.1999999999999318,0.9396926207859083,0.3420201433256688,1.2246467991473532e-16,-1.0,2.1,8.0
2026-07-06 13:20:00,80.0,7.0,1.9,1017.4,26.8,27.5,1.9,2.1,2.2,7.0,8.0,8.0,1017.3,1017.4,1017.3,1.9,0.0,1.9666666666666668,0.11547005383792554,7.0,0.0,8.0,1.2649110640673515,0.10000000000002274,0.0,0.984807753012208,0.17364817766693041,-0.2588190451025208,-0.9659258262890683,2.1,8.0
2026-07-06 14:20:00,70.0,8.0,2.0,1017.4,27.4,27.5,2.0,2.1,1.9,8.0,8.0,7.0,1017.3,1017.3,1017.4,2.0,0.0,2.0333333333333337,0.05773502691896275,8.0,0.0,7.833333333333333,0.4082482904638617,0.0,0.10000000000002274,0.9396926207859083,0.3420201433256688,-0.4999999999999997,-0.8660254037844388,2.1,8.0
2026-07-06 15:20:00,80.0,8.0,2.0,1017.4,27.4,27.5,2.0,2.1,2.0,8.0,8.0,8.0,1017.5,1017.4,1017.4,2.0,0.0,2.033333333333333,0.05773502691896269,8.0,0.0,8.0,0.0,0.0,0.0,0.984807753012208,0.17364817766693041,-0.7071067811865471,-0.7071067811865479,2.1,8.0
2026-07-06 16:20:00,80.0,7.0,2.0,1017.3,27.4,27.6,2.0,2.1,2.0,7.0,8.0,8.0,1017.3,1017.5,1017.4,2.0,0.0,2.0333333333333337,0.05773502691896269,7.333333333333333,0.5773502691896258,7.666666666666667,0.5163977794943221,-0.10000000000002274,-0.20000000000004547,0.984807753012208,0.17364817766693041,-0.8660254037844385,-0.5000000000000004,2.0,7.0
2026-07-06 17:20:00,70.0,8.0,2.1,1016.8,27.5,27.6,2.1,2.0,2.0,8.0,7.0,7.0,1016.8,1017.1,1017.3,2.1,0.0,2.066666666666667,0.05773502691896285,8.0,0.0,7.666666666666667,0.5163977794943221,-0.5,-0.3000000000000682,0.9396926207859083,0.3420201433256688,-0.9659258262890683,-0.25881904510252063,2.2,8.0
2026-07-06 17:50:00,80.0,8.0,2.2,1016.5,27.5,27.6,2.2,2.1,2.0,8.0,8.0,7.0,1016.6,1016.8,1017.1,2.2,0.0,2.1500000000000004,0.057735026918963595,8.0,0.0,8.0,0.0,-0.6000000000000227,-0.2999999999999545,0.984807753012208,0.17364817766693041,-0.9659258262890683,-0.25881904510252063,2.0,8.0
2026-07-06 18:20:00,90.0,8.0,2.0,1016.3,27.4,27.6,2.0,2.2,2.1,8.0,8.0,8.0,1016.3,1016.5,1016.8,2.0,0.0,2.1000000000000005,0.11547005383792547,8.0,0.0,8.0,0.0,-0.5,-0.20000000000004547,1.0,6.123233995736766e-17,-1.0,-1.8369701987210297e-16,2.1,7.0
2026-07-06 19:20:00,70.0,7.0,2.0,1016.1,27.4,,2.0,2.1,2.0,8.0,7.0,8.0,1016.1,1016.1,1016.3,2.0,0.0,2.0333333333333337,0.05773502691896269,7.666666666666667,0.5773502691896258,7.666666666666667,0.5163977794943221,-0.1999999999999318,0.0,0.9396926207859083,0.3420201433256688,-0.9659258262890684,0.2588190451025203,1.9,8.0
2026-07-06 20:20:00,70.0,8.0,1.9,1016.3,27.2,27.6,1.9,1.9,2.0,8.0,8.0,7.0,1016.2,1016.1,1016.1,1.9,0.0,1.9,0.0,8.0,0.0,8.0,0.0,0.1999999999999318,0.1999999999999318,0.9396926207859083,0.3420201433256688,-0.8660254037844386,0.5000000000000001,1.9,8.0
2026-07-06 21:20:00,70.0,9.0,2.0,1016.2,27.2,27.6,2.0,1.9,1.9,8.0,8.0,8.0,1016.3,1016.3,1016.3,2.0,0.0,1.9666666666666668,0.057735026918962484,8.333333333333334,0.5773502691896255,8.166666666666666,0.4082482904638632,-0.09999999999990905,-0.09999999999990905,0.9396926207859083,0.3420201433256688,-0.7071067811865477,0.7071067811865474,1.9,8.0
2026-07-06 22:20:00,70.0,8.0,2.0,1016.7,27.2,27.6,2.0,1.9,2.0,8.0,8.0,9.0,1016.5,1016.5,1016.2,2.0,0.0,1.9666666666666668,0.057735026918962595,8.0,0.0,8.0,0.0,0.5,0.20000000000004547,0.9396926207859083,0.3420201433256688,-0.5000000000000004,0.8660254037844384,1.8,9.0
2026-07-07 01:20:00,80.0,8.0,1.9,1018.2,27.2,27.6,1.9,1.9,2.0,8.0,8.0,9.0,1018.1,1018.0,1017.8,1.9,0.0,1.9,0.0,8.333333333333334,0.5773502691896255,8.166666666666666,0.4082482904638632,0.40000000000009095,0.20000000000004547,0.984807753012208,0.17364817766693041,0.25881904510252074,0.9659258262890683,2.0,9.0
2026-07-07 01:50:00,90.0,9.0,2.0,1018.3,27.2,27.6,2.0,1.9,1.9,9.0,8.0,8.0,1018.3,1018.2,1018.0,2.0,0.0,1.9500000000000002,0.05773502691896274,8.666666666666666,0.5773502691896255,8.5,0.5477225575051671,0.2999999999999545,0.09999999999990905,1.0,6.123233995736766e-17,0.25881904510252074,0.9659258262890683,2.0,9.0
2026-07-07 02:20:00,90.0,9.0,2.0,1018.3,27.2,27.6,2.0,2.0,1.9,8.0,9.0,8.0,1018.4,1018.3,1018.2,2.0,0.0,2.0,0.0,8.333333333333334,0.5773502691896255,8.5,0.5477225575051671,0.09999999999990905,0.0,1.0,6.123233995736766e-17,0.49999999999999994,0.8660254037844387,2.0,8.0
2026-07-07 02:50:00,90.0,8.0,2.0,1018.5,27.2,27.6,2.0,2.0,2.0,8.0,9.0,9.0,1018.4,1018.3,1018.3,2.0,0.0,2.0,0.0,8.0,0.0,8.166666666666666,0.4082482904638632,0.20000000000004547,0.20000000000004547,1.0,6.123233995736766e-17,0.49999999999999994,0.8660254037844387,2.0,8.0
2026-07-07 03:20:00,80.0,8.0,2.0,1018.4,27.2,27.6,2.0,2.0,2.0,8.0,8.0,9.0,1018.4,1018.5,1018.3,2.0,0.0,2.0,0.0,8.0,0.0,8.0,0.0,0.10000000000002274,-0.10000000000002274,0.984807753012208,0.17364817766693041,0.7071067811865476,0.7071067811865476,2.0,8.0
2026-07-07 04:20:00,90.0,8.0,2.0,1017.9,27.2,27.5,2.0,2.0,2.0,8.0,8.0,8.0,1018.0,1018.0,1018.4,2.0,0.0,2.0,0.0,8.0,0.0,8.0,0.0,-0.5,-0.10000000000002274,1.0,6.123233995736766e-17,0.8660254037844386,0.5000000000000001,2.2,8.0
2026-07-07 06:20:00,80.0,9.0,2.2,1017.0,27.1,27.5,2.2,2.2,2.0,9.0,8.0,8.0,1017.0,1017.0,1017.3,2.2,0.0,2.2,0.0,9.0,0.0,8.5,0.5477225575051671,-0.2999999999999545,0.0,0.984807753012208,0.17364817766693041,1.0,6.123233995736766e-17,2.1,9.0
2026-07-07 06:50:00,80.0,9.0,2.1,1016.9,27.1,27.5,2.1,2.2,2.2,9.0,9.0,8.0,1016.9,1017.0,1017.0,2.1,0.0,2.1500000000000004,0.05773502691896274,9.0,0.0,9.0,0.0,-0.10000000000002274,-0.10000000000002274,0.984807753012208,0.17364817766693041,1.0,6.123233995736766e-17,2.0,8.0
2026-07-07 07:20:00,90.0,8.0,2.0,1017.1,27.1,27.5,2.0,2.1,2.2,8.0,9.0,9.0,1017.0,1016.9,1017.0,2.0,0.0,2.0500000000000003,0.057735026918963636,8.0,0.0,8.5,0.5477225575051671,0.10000000000002274,0.20000000000004547,1.0,6.123233995736766e-17,0.9659258262890683,-0.25881904510252063,2.0,8.0
2026-07-07 08:20:00,70.0,9.0,2.1,1017.2,27.1,27.5,2.1,2.0,2.0,9.0,8.0,8.0,1017.3,1017.3,1017.1,2.1,0.0,2.066666666666667,0.05773502691896285,9.0,0.0,8.5,0.5477225575051671,0.10000000000002274,-0.09999999999990905,0.9396926207859083,0.3420201433256688,0.8660254037844387,-0.4999999999999998,2.3,9.0
2026-07-07 08:50:00,70.0,9.0,2.3,1017.2,27.1,27.5,2.3,2.1,2.0,9.0,9.0,8.0,1017.2,1017.2,1017.3,2.3,0.0,2.2,0.11547005383792525,9.0,0.0,9.0,0.0,-0.09999999999990905,0.0,0.9396926207859083,0.3420201433256688,0.8660254037844387,-0.4999999999999998,1.9,9.0
2026-07-07 09:20:00,70.0,9.0,1.9,1017.4,27.2,27.5,1.9,2.3,2.1,9.0,9.0,9.0,1017.4,1017.2,1017.2,1.9,0.0,2.1,0.2309401076758502,9.0,0.0,9.0,0.0,0.1999999999999318,0.1999999999999318,0.9396926207859083,0.3420201433256688,0.7071067811865476,-0.7071067811865475,2.1,9.0
2026-07-07 11:20:00,90.0,8.0,2.2,1018.3,27.8,27.5,2.2,2.3,2.0,8.0,9.0,9.0,1018.2,1018.0,1017.9,2.2,0.0,2.233333333333334,0.057735026918962574,8.0,0.0,8.833333333333334,0.9831920802501751,0.39999999999997726,0.2999999999999545,1.0,6.123233995736766e-17,0.258819045102521,-0.9659258262890682,2.1,8.0
2026-07-07 12:20:00,70.0,8.0,2.2,1018.7,27.5,27.5,2.2,2.1,2.2,7.0,8.0,8.0,1018.6,1018.5,1018.3,2.2,0.0,2.166666666666667,0.05773502691896269,7.666666666666667,0.5773502691896258,7.833333333333333,0.40824829046386296,0.40000000000009095,0.20000000000004547,0.9396926207859083,0.3420201433256688,1.2246467991473532e-16,-1.0,2.0,9.0
2026-07-07 13:20:00,80.0,9.0,2.2,1018.9,27.4,27.6,2.2,2.0,2.2,9.0,9.0,8.0,1018.8,1018.8,1018.7,2.2,0.0,2.1333333333333337,0.11547005383792519,9.0,0.0,8.833333333333334,0.40824829046386646,0.1999999999999318,0.10000000000002274,0.984807753012208,0.17364817766693041,-0.2588190451025208,-0.9659258262890683,2.3,9.0
2026-07-07 14:20:00,80.0,8.0,2.3,1018.6,27.3,27.6,2.3,2.3,2.2,8.0,9.0,9.0,1018.7,1018.8,1018.9,2.3,0.0,2.3,0.0,8.333333333333334,0.5773502691896255,8.666666666666666,0.5163977794943228,-0.2999999999999545,-0.1999999999999318,0.984807753012208,0.17364817766693041,-0.4999999999999997,-0.8660254037844388,2.2,8.0
2026-07-07 15:20:00,80.0,8.0,2.3,1018.5,27.4,27.6,2.3,2.2,2.3,8.0,8.0,8.0,1018.5,1018.5,1018.6,2.3,0.0,2.2666666666666666,0.05773502691896237,8.0,0.0,8.0,0.0,-0.10000000000002274,0.0,0.984807753012208,0.17364817766693041,-0.7071067811865471,-0.7071067811865479,2.1,8.0
2026-07-07 16:20:00,90.0,9.0,1.9,1018.3,27.4,27.7,1.9,2.1,2.3,8.0,8.0,8.0,1018.2,1018.4,1018.5,1.9,0.0,1.9666666666666668,0.11547005383792565,8.333333333333334,0.5773502691896255,8.5,0.5477225575051671,-0.20000000000004547,-0.10000000000002274,1.0,6.123233995736766e-17,-0.8660254037844385,-0.5000000000000004,1.9,9.0
2026-07-07 17:20:00,80.0,8.0,2.0,1017.5,27.3,27.7,2.0,1.9,1.9,8.0,9.0,9.0,1017.7,1018.0,1018.3,2.0,0.0,1.9666666666666668,0.057735026918962484,8.333333333333334,0.5773502691896255,8.5,0.5477225575051671,-0.7999999999999545,-0.5,0.984807753012208,0.17364817766693041,-0.9659258262890683,-0.25881904510252063,2.0,8.0
2026-07-07 18:20:00,80.0,8.0,2.0,1017.0,27.3,27.7,2.0,2.0,2.0,8.0,8.0,8.0,1017.0,1017.2,1017.5,2.0,0.0,2.0,0.0,8.0,0.0,8.333333333333334,0.5163977794943228,-0.5,-0.20000000000004547,0.984807753012208,0.17364817766693041,-1.0,-1.8369701987210297e-16,2.1,8.0
2026-07-07 19:20:00,80.0,8.0,2.1,1016.8,27.3,,2.1,2.1,2.0,9.0,8.0,8.0,1016.8,1017.0,1017.0,2.1,0.0,2.1,0.0,8.333333333333334,0.5773502691896255,8.166666666666666,0.4082482904638632,-0.20000000000004547,-0.20000000000004547,0.984807753012208,0.17364817766693041,-0.9659258262890684,0.2588190451025203,1.9,8.0
2026-07-07 20:20:00,80.0,9.0,2.0,1016.9,27.4,27.7,2.0,1.9,2.1,9.0,8.0,8.0,1016.9,1016.8,1016.8,2.0,0.0,1.9666666666666668,0.05773502691896218,9.0,0.0,8.5,0.5477225575051671,0.10000000000002274,0.10000000000002274,0.984807753012208,0.17364817766693041,-0.8660254037844386,0.5000000000000001,2.1,9.0
2026-07-07 23:20:00,70.0,9.0,2.1,1018.0,27.2,27.7,2.1,,2.2,10.0,10.0,9.0,1017.8,1017.7,1017.4,2.1,0.0,2.1333333333333337,0.05773502691896285,9.666666666666666,0.5773502691896255,9.666666666666666,0.516397779494324,0.6000000000000227,0.2999999999999545,0.9396926207859083,0.3420201433256688,-0.25881904510252157,0.9659258262890681,2.1,10.0
2026-07-08 00:50:00,80.0,10.0,2.2,1018.9,27.2,27.7,2.2,2.3,2.1,10.0,10.0,10.0,1018.7,1018.6,1018.2,2.2,0.0,2.2333333333333334,0.05773502691896209,10.0,0.0,10.0,0.0,0.6999999999999318,0.2999999999999545,0.984807753012208,0.17364817766693041,0.0,1.0,2.3,10.0
2026-07-08 01:20:00,80.0,10.0,2.3,1019.1,27.2,27.7,2.3,2.2,2.3,10.0,10.0,10.0,1019.0,1018.9,1018.6,2.3,0.0,2.25,0.05773502691896218,10.0,0.0,10.0,0.0,0.5,0.20000000000004547,0.984807753012208,0.17364817766693041,0.25881904510252074,0.9659258262890683,2.3,10.0
2026-07-08 02:20:00,90.0,10.0,2.3,1019.1,27.2,27.7,2.3,2.3,2.3,10.0,10.0,10.0,1019.1,1019.1,1019.1,2.3,0.0,2.3,0.0,10.0,0.0,10.0,0.0,0.0,0.0,1.0,6.123233995736766e-17,0.49999999999999994,0.8660254037844387,2.5,10.0
2026-07-08 02:50:00,80.0,10.0,2.5,1018.9,27.2,27.7,2.5,2.3,2.3,10.0,10.0,10.0,1018.9,1019.1,1019.1,2.5,0.0,2.4000000000000004,0.11547005383792548,10.0,0.0,10.0,0.0,-0.20000000000004547,-0.20000000000004547,0.984807753012208,0.17364817766693041,0.49999999999999994,0.8660254037844387,2.3,10.0
2026-07-08 03:20:00,80.0,10.0,2.3,1018.4,27.2,27.7,2.3,2.5,2.3,10.0,10.0,10.0,1018.5,1018.9,1019.1,2.3,0.0,2.4000000000000004,0.11547005383792548,10.0,0.0,10.0,0.0,-0.7000000000000455,-0.5,0.984807753012208,0.17364817766693041,0.7071067811865476,0.7071067811865476,2.4,10.0
2026-07-08 04:20:00,90.0,9.0,2.4,1018.2,27.2,27.7,2.4,2.4,2.3,9.0,10.0,10.0,1018.4,1018.4,1018.4,2.4,0.0,2.4,0.0,9.333333333333334,0.5773502691896255,9.5,0.5477225575051671,-0.1999999999999318,-0.1999999999999318,1.0,6.123233995736766e-17,0.8660254037844386,0.5000000000000001,2.5,9.0
2026-07-08 05:20:00,70.0,9.0,2.5,1016.7,27.1,27.7,2.5,2.5,2.4,9.0,9.0,9.0,1017.0,1017.3,1018.2,2.5,0.0,2.5,0.0,8.666666666666666,0.5773502691896255,8.833333333333334,0.4082482904638632,-1.5,-0.599999999999909,0.9396926207859083,0.3420201433256688,0.9659258262890683,0.25881904510252074,2.4,9.0
2026-07-08 06:20:00,70.0,9.0,2.4,1016.8,26.9,27.7,2.4,2.4,2.5,9.0,9.0,9.0,1016.7,1016.7,1016.7,2.4,0.0,2.4,0.0,9.0,0.0,9.0,0.0,0.09999999999990905,0.09999999999990905,0.9396926207859083,0.3420201433256688,1.0,6.123233995736766e-17,2.5,9.0
2026-07-08 08:20:00,70.0,10.0,2.5,1017.2,27.0,27.6,2.5,2.4,2.5,10.0,10.0,10.0,1017.0,1017.0,1017.0,2.5,0.0,2.466666666666667,0.05773502691896266,10.0,0.0,9.666666666666666,0.5163977794943224,0.20000000000004547,0.20000000000004547,0.9396926207859083,0.3420201433256688,0.8660254037844387,-0.4999999999999998,2.4,9.0
2026-07-08 10:20:00,80.0,9.0,2.2,1017.9,27.1,27.6,2.2,2.4,2.5,9.0,9.0,9.0,1017.9,1017.6,1017.5,2.2,0.0,2.266666666666667,0.115470053837925,9.0,0.0,9.333333333333334,0.516397779494324,0.39999999999997726,0.2999999999999545,0.984807753012208,0.17364817766693041,0.49999999999999994,-0.8660254037844387,2.7,9.0
2026-07-08 11:20:00,80.0,9.0,2.5,1018.4,27.2,27.6,2.5,2.7,2.2,9.0,9.0,9.0,1018.3,1018.1,1017.9,2.5,0.0,2.566666666666667,0.11547005383792552,9.0,0.0,9.0,0.0,0.5,0.2999999999999545,0.984807753012208,0.17364817766693041,0.258819045102521,-0.9659258262890682,2.5,8.0
2026-07-08 12:20:00,90.0,8.0,2.6,1018.6,27.2,27.6,2.6,2.5,2.5,9.0,8.0,9.0,1018.6,1018.5,1018.4,2.6,0.0,2.566666666666667,0.05773502691896285,8.333333333333334,0.5773502691896255,8.5,0.5477225575051671,0.20000000000004547,0.10000000000002274,1.0,6.123233995736766e-17,1.2246467991473532e-16,-1.0,2.3,8.0
2026-07-08 14:20:00,80.0,8.0,2.3,1018.3,27.3,27.7,2.3,2.3,2.5,8.0,8.0,8.0,1018.3,1018.4,1018.5,2.3,0.0,2.3,0.0,8.0,0.0,8.0,0.0,-0.20000000000004547,-0.10000000000002274,0.984807753012208,0.17364817766693041,-0.4999999999999997,-0.8660254037844388,2.3,8.0
2026-07-08 14:50:00,80.0,8.0,2.3,1018.3,27.4,27.7,2.3,2.3,2.3,8.0,8.0,8.0,1018.4,1018.3,1018.4,2.3,0.0,2.3,0.0,8.0,0.0,8.0,0.0,-0.10000000000002274,0.0,0.984807753012208,0.17364817766693041,-0.4999999999999997,-0.8660254037844388,2.3,8.0
2026-07-08 15:20:00,70.0,8.0,2.3,1018.2,27.3,27.7,2.3,2.3,2.3,8.0,8.0,8.0,1018.2,1018.3,1018.3,2.3,0.0,2.3,0.0,8.0,0.0,8.0,0.0,-0.09999999999990905,-0.09999999999990905,0.9396926207859083,0.3420201433256688,-0.7071067811865471,-0.7071067811865479,2.4,8.0
2026-07-08 15:50:00,80.0,8.0,2.4,1018.1,27.4,27.7,2.4,2.3,2.3,8.0,8.0,8.0,1018.1,1018.2,1018.3,2.4,0.0,2.35,0.05773502691896274,8.0,0.0,8.0,0.0,-0.1999999999999318,-0.10000000000002274,0.984807753012208,0.17364817766693041,-0.7071067811865471,-0.7071067811865479,2.2,8.0
2026-07-08 16:20:00,70.0,8.0,2.2,1017.9,27.3,27.8,2.2,2.4,2.3,8.0,8.0,8.0,1018.0,1018.1,1018.2,2.2,0.0,2.3000000000000003,0.11547005383792493,8.0,0.0,8.0,0.0,-0.3000000000000682,-0.20000000000004547,0.9396926207859083,0.3420201433256688,-0.8660254037844385,-0.5000000000000004,2.3,8.0
2026-07-08 17:20:00,70.0,8.0,2.4,1017.5,27.4,27.8,2.4,2.3,2.2,8.0,8.0,8.0,1017.5,1017.7,1017.9,2.4,0.0,2.3666666666666667,0.05773502691896301,8.0,0.0,8.0,0.0,-0.39999999999997726,-0.20000000000004547,0.9396926207859083,0.3420201433256688,-0.9659258262890683,-0.25881904510252063,2.2,8.0
2026-07-08 18:20:00,70.0,8.0,2.1,1017.2,27.5,27.8,2.1,2.2,2.4,8.0,8.0,8.0,1017.2,1017.3,1017.5,2.1,0.0,2.1333333333333333,0.057735026918963275,8.0,0.0,8.0,0.0,-0.2999999999999545,-0.09999999999990905,0.9396926207859083,0.3420201433256688,-1.0,-1.8369701987210297e-16,2.2,9.0
2026-07-08 19:20:00,80.0,10.0,2.2,1017.3,27.2,27.8,2.2,2.2,2.1,8.0,9.0,8.0,1017.2,1017.1,1017.2,2.2,0.0,2.2,0.0,8.666666666666666,1.1547005383792517,8.666666666666666,0.8164965809277268,0.09999999999990905,0.1999999999999318,0.984807753012208,0.17364817766693041,-0.9659258262890684,0.2588190451025203,2.3,9.0
2026-07-08 20:20:00,80.0,9.0,2.2,1017.5,27.4,27.8,2.2,2.3,2.2,9.0,9.0,10.0,1017.5,1017.4,1017.3,2.2,0.0,2.2333333333333334,0.05773502691896237,9.0,0.0,9.0,0.0,0.20000000000004547,0.10000000000002274,0.984807753012208,0.17364817766693041,-0.8660254037844386,0.5000000000000001,2.4,9.0
2026-07-08 21:20:00,80.0,9.0,2.3,1017.7,27.4,27.7,2.3,2.4,2.2,9.0,9.0,9.0,1017.7,1017.5,1017.5,2.3,0.0,2.3333333333333335,0.05773502691896302,9.0,0.0,9.166666666666666,0.4082482904638632,0.20000000000004547,0.20000000000004547,0.984807753012208,0.17364817766693041,-0.7071067811865477,0.7071067811865474,2.4,9.0
2026-07-08 22:20:00,70.0,10.0,2.2,1017.8,27.2,27.7,2.2,2.4,2.3,10.0,9.0,9.0,1017.7,1017.8,1017.7,2.2,0.0,2.266666666666667,0.1154700538379249,9.666666666666666,0.5773502691896255,9.333333333333334,0.5163977794943228,0.09999999999990905,0.0,0.9396926207859083,0.3420201433256688,-0.5000000000000004,0.8660254037844384,2.2,10.0
2026-07-09 01:20:00,80.0,9.0,2.3,1019.1,27.2,27.7,2.3,2.3,2.3,8.0,8.0,10.0,1019.0,1019.1,1019.1,2.3,0.0,2.3,0.0,8.333333333333334,0.5773502691896255,8.5,0.5477225575051671,0.0,0.0,0.984807753012208,0.17364817766693041,0.25881904510252074,0.9659258262890683,2.4,11.0
2026-07-09 02:20:00,80.0,10.0,2.3,1019.1,27.2,27.7,2.3,2.4,2.3,10.0,11.0,9.0,1019.1,1019.1,1019.1,2.3,0.0,2.3333333333333335,0.05773502691896269,10.0,0.0,10.0,0.6324555320336723,0.0,0.0,0.984807753012208,0.17364817766693041,0.49999999999999994,0.8660254037844387,2.4,9.0
2026-07-09 02:50:00,80.0,9.0,2.4,1018.8,27.2,27.7,2.4,2.3,2.4,9.0,10.0,11.0,1018.9,1019.1,1019.1,2.4,0.0,2.35,0.057735026918962734,9.333333333333334,0.5773502691896255,9.666666666666666,0.5163977794943226,-0.3000000000000682,-0.3000000000000682,0.984807753012208,0.17364817766693041,0.49999999999999994,0.8660254037844387,2.2,9.0
2026-07-09 04:20:00,80.0,9.0,2.4,1017.9,27.2,27.7,2.4,2.2,2.2,10.0,9.0,9.0,1017.9,1018.1,1018.6,2.4,0.0,2.3333333333333335,0.11547005383792522,9.333333333333334,0.5773502691896255,9.0,0.6324555320336804,-0.7000000000000455,-0.20000000000004547,0.984807753012208,0.17364817766693041,0.8660254037844386,0.5000000000000001,2.4,9.0
2026-07-09 04:50:00,90.0,9.0,2.4,1017.5,27.1,27.7,2.4,2.4,2.2,9.0,9.0,9.0,1017.6,1017.9,1018.1,2.4,0.0,2.4,0.0,9.0,0.0,9.166666666666666,0.40824829046386835,-0.6000000000000227,-0.39999999999997726,1.0,6.123233995736766e-17,0.8660254037844386,0.5000000000000001,2.3,9.0
2026-07-09 05:20:00,90.0,9.0,2.3,1017.1,27.0,27.7,2.3,2.4,2.4,9.0,9.0,9.0,1017.2,1017.5,1017.9,2.3,0.0,2.35,0.05773502691896274,9.0,0.0,9.0,0.0,-0.7999999999999545,-0.39999999999997726,1.0,6.123233995736766e-17,0.9659258262890683,0.25881904510252074,2.4,9.0
2026-07-09 06:20:00,80.0,9.0,2.4,1016.6,27.0,27.7,2.4,2.4,2.3,9.0,9.0,9.0,1016.7,1016.9,1017.1,2.4,0.0,2.4,0.0,9.0,0.0,9.0,0.0,-0.5,-0.2999999999999545,0.984807753012208,0.17364817766693041,1.0,6.123233995736766e-17,2.2,8.0
2026-07-09 07:20:00,80.0,8.0,2.2,1016.5,26.9,27.7,2.2,2.2,2.4,8.0,8.0,9.0,1016.7,1016.7,1016.6,2.2,0.0,2.2,0.0,8.0,0.0,8.166666666666666,0.40824829046386646,-0.10000000000002274,-0.20000000000004547,0.984807753012208,0.17364817766693041,0.9659258262890683,-0.25881904510252063,2.2,9.0
2026-07-09 09:20:00,80.0,9.0,2.2,1016.9,27.0,27.6,2.2,2.4,2.2,9.0,10.0,9.0,1016.9,1016.8,1016.7,2.2,0.0,2.266666666666667,0.11547005383792502,9.0,0.0,9.166666666666666,0.4082482904638632,0.1999999999999318,0.10000000000002274,0.984807753012208,0.17364817766693041,0.7071067811865476,-0.7071067811865475,2.2,9.0
2026-07-09 10:20:00,70.0,9.0,2.2,1017.5,27.1,27.6,2.2,2.2,2.2,9.0,9.0,9.0,1017.5,1017.3,1016.9,2.2,0.0,2.2,0.0,9.0,0.0,9.0,0.0,0.6000000000000227,0.20000000000004547,0.9396926207859083,0.3420201433256688,0.49999999999999994,-0.8660254037844387,2.3,9.0
2026-07-09 11:20:00,70.0,9.0,2.2,1017.7,27.1,27.6,2.2,2.3,2.2,9.0,9.0,9.0,1017.8,1017.6,1017.5,2.2,0.0,2.2333333333333334,0.05773502691896237,9.0,0.0,9.0,0.0,0.20000000000004547,0.10000000000002274,0.9396926207859083,0.3420201433256688,0.258819045102521,-0.9659258262890682,2.1,10.0
2026-07-09 12:20:00,60.0,9.0,2.3,1018.0,27.1,27.6,2.3,2.1,2.2,9.0,10.0,9.0,1018.0,1017.9,1017.7,2.3,0.0,2.233333333333333,0.1154700538379249,9.0,0.0,9.166666666666666,0.4082482904638632,0.2999999999999545,0.10000000000002274,0.8660254037844386,0.5000000000000001,1.2246467991473532e-16,-1.0,2.3,10.0
2026-07-09 13:20:00,80.0,9.0,2.1,1018.0,27.3,27.7,2.1,2.3,2.3,9.0,10.0,9.0,1018.0,1018.0,1018.0,2.1,0.0,2.1666666666666665,0.11547005383792522,9.0,0.0,9.333333333333334,0.5163977794943228,0.0,0.0,0.984807753012208,0.17364817766693041,-0.2588190451025208,-0.9659258262890683,2.2,9.0
2026-07-09 14:20:00,70.0,9.0,2.1,1017.8,27.2,27.7,2.1,2.2,2.1,9.0,9.0,9.0,1017.8,1017.8,1018.0,2.1,0.0,2.1333333333333333,0.05773502691896269,9.0,0.0,9.333333333333334,0.5163977794943228,-0.20000000000004547,0.0,0.9396926207859083,0.3420201433256688,-0.4999999999999997,-0.8660254037844388,2.2,9.0
2026-07-09 15:20:00,80.0,10.0,2.2,1017.3,27.4,27.7,2.2,2.2,2.1,9.0,9.0,9.0,1017.4,1017.5,1017.8,2.2,0.0,2.2,0.0,9.333333333333334,0.5773502691896255,9.166666666666666,0.4082482904638632,-0.5,-0.20000000000004547,0.984807753012208,0.17364817766693041,-0.7071067811865471,-0.7071067811865479,2.2,10.0
2026-07-09 16:20:00,70.0,10.0,2.3,1017.0,27.4,27.7,2.3,2.2,2.2,10.0,10.0,10.0,1017.0,1017.2,1017.3,2.3,0.0,2.266666666666667,0.05773502691896237,10.0,0.0,9.833333333333334,0.40824829046386646,-0.2999999999999545,-0.20000000000004547,0.9396926207859083,0.3420201433256688,-0.8660254037844385,-0.5000000000000004,2.1,9.0
2026-07-09 17:20:00,70.0,10.0,2.3,1016.4,27.4,27.7,2.3,2.1,2.3,9.0,9.0,10.0,1016.5,1016.7,1017.0,2.3,0.0,2.2333333333333334,0.11547005383792507,9.666666666666666,0.5773502691896255,9.666666666666666,0.5163977794943228,-0.6000000000000227,-0.3000000000000682,0.9396926207859083,0.3420201433256688,-0.9659258262890683,-0.25881904510252063,2.3,9.0
2026-07-09 18:20:00,80.0,9.0,2.4,1016.2,27.4,27.7,2.4,2.3,2.3,10.0,9.0,10.0,1016.2,1016.3,1016.4,2.4,0.0,2.3666666666666667,0.05773502691896285,9.333333333333334,0.5773502691896255,9.5,0.5477225575051671,-0.1999999999999318,-0.09999999999990905,0.984807753012208,0.17364817766693041,-1.0,-1.8369701987210297e-16,2.3,9.0
2026-07-09 19:20:00,70.0,9.0,2.2,1016.0,27.4,27.8,2.2,2.3,2.4,9.0,9.0,9.0,1015.9,1016.1,1016.2,2.2,0.0,2.2333333333333334,0.05773502691896333,9.0,0.0,8.833333333333334,0.4082482904638683,-0.20000000000004547,-0.10000000000002274,0.9396926207859083,0.3420201433256688,-0.9659258262890684,0.2588190451025203,2.3,9.0
2026-07-09 20:20:00,70.0,9.0,2.2,1016.1,27.4,27.8,2.2,2.3,2.2,9.0,9.0,9.0,1016.0,1016.1,1016.0,2.2,0.0,2.2333333333333334,0.05773502691896237,9.0,0.0,9.0,0.0,0.10000000000002274,0.0,0.9396926207859083,0.3420201433256688,-0.8660254037844386,0.5000000000000001,2.3,8.0
2026-07-09 20:50:00,70.0,8.0,2.3,1016.1,27.4,27.7,2.3,2.2,2.3,9.0,9.0,9.0,1016.2,1016.1,1016.1,2.3,0.0,2.25,0.05773502691896237,8.333333333333334,0.5773502691896255,8.666666666666666,0.5163977794943228,0.0,0.0,0.9396926207859083,0.3420201433256688,-0.8660254037844386,0.5000000000000001,2.2,8.0
2026-07-09 21:20:00,70.0,8.0,2.2,1016.2,27.2,27.7,2.2,2.3,2.2,9.0,8.0,9.0,1016.2,1016.1,1016.1,2.2,0.0,2.25,0.05773502691896237,8.666666666666666,0.5773502691896255,8.5,0.5477225575051671,0.10000000000002274,0.10000000000002274,0.9396926207859083,0.3420201433256688,-0.7071067811865477,0.7071067811865474,2.3,9.0
2026-07-09 22:20:00,70.0,9.0,2.5,1016.4,27.2,27.7,2.5,2.3,2.2,9.0,9.0,8.0,1016.3,1016.3,1016.2,2.5,0.0,2.4333333333333336,0.11547005383792484,9.0,0.0,8.833333333333334,0.4082482904638632,0.1999999999999318,0.10000000000002274,0.9396926207859083,0.3420201433256688,-0.5000000000000004,0.8660254037844384,2.2,8.0
2026-07-10 00:50:00,60.0,10.0,2.3,1017.6,27.2,27.7,2.3,2.3,2.3,10.0,10.0,9.0,1017.6,1017.5,1017.2,2.3,0.0,2.3,0.0,10.0,0.0,9.833333333333334,0.40824829046386635,0.39999999999997726,0.10000000000002274,0.8660254037844386,0.5000000000000001,0.0,1.0,2.4,10.0
2026-07-10 02:20:00,70.0,10.0,2.4,1018.0,27.2,27.7,2.4,2.4,2.4,10.0,10.0,10.0,1018.0,1018.0,1017.9,2.4,0.0,2.4,0.0,10.0,0.0,10.0,0.0,0.10000000000002274,0.0,0.9396926207859083,0.3420201433256688,0.49999999999999994,0.8660254037844387,2.3,10.0
2026-07-10 04:20:00,60.0,10.0,2.3,1016.9,27.1,,2.3,2.3,2.6,8.0,8.0,9.0,1017.0,1017.3,1017.7,2.3,0.0,2.3,0.0,8.666666666666666,1.1547005383792517,8.666666666666666,0.8164965809277264,-0.8000000000000682,-0.39999999999997726,0.8660254037844386,0.5000000000000001,0.8660254037844386,0.5000000000000001,2.5,9.0
2026-07-10 04:50:00,70.0,9.0,2.5,1016.5,27.2,27.7,2.5,2.3,2.3,9.0,10.0,8.0,1016.6,1016.9,1017.3,2.5,0.0,2.4000000000000004,0.11547005383792548,9.333333333333334,0.5773502691896255,9.0,0.8944271909999159,-0.7999999999999545,-0.39999999999997726,0.9396926207859083,0.3420201433256688,0.8660254037844386,0.5000000000000001,2.4,10.0
2026-07-10 05:20:00,80.0,10.0,2.4,1016.3,27.2,27.7,2.4,2.5,2.3,10.0,9.0,10.0,1016.4,1016.5,1016.9,2.4,0.0,2.45,0.05773502691896362,10.0,0.0,9.666666666666666,0.516397779494324,-0.6000000000000227,-0.20000000000004547,0.984807753012208,0.17364817766693041,0.9659258262890683,0.25881904510252074,2.3,10.0
2026-07-10 06:20:00,80.0,10.0,2.4,1016.1,27.1,27.7,2.4,2.3,2.4,9.0,10.0,10.0,1016.0,1016.1,1016.3,2.4,0.0,2.3666666666666667,0.05773502691896269,9.666666666666666,0.5773502691896255,9.666666666666666,0.516397779494324,-0.1999999999999318,0.0,0.984807753012208,0.17364817766693041,1.0,6.123233995736766e-17,2.4,10.0
2026-07-10 06:50:00,70.0,10.0,2.4,1015.8,27.1,,2.4,2.4,2.3,9.0,10.0,10.0,1015.8,1016.1,1016.1,2.4,0.0,2.4,0.0,9.666666666666666,0.5773502691896255,9.666666666666666,0.516397779494324,-0.3000000000000682,-0.3000000000000682,0.9396926207859083,0.3420201433256688,1.0,6.123233995736766e-17,2.4,10.0
2026-07-10 07:20:00,70.0,10.0,2.4,1015.9,27.1,27.6,2.4,2.4,2.4,9.0,10.0,10.0,1015.8,1015.8,1016.1,2.4,0.0,2.4,0.0,9.333333333333334,0.5773502691896255,9.5,0.5477225575051671,-0.20000000000004547,0.10000000000002274,0.9396926207859083,0.3420201433256688,0.9659258262890683,-0.25881904510252063,2.4,9.0
2026-07-10 08:20:00,70.0,10.0,2.3,1015.7,27.1,27.6,2.3,2.4,2.4,9.0,9.0,10.0,1015.8,1015.7,1015.9,2.3,0.0,2.3333333333333335,0.05773502691896285,9.666666666666666,0.5773502691896255,9.666666666666666,0.516397779494324,-0.1999999999999318,0.0,0.9396926207859083,0.3420201433256688,0.8660254037844387,-0.4999999999999998,2.4,9.0
2026-07-10 09:20:00,70.0,10.0,2.2,1016.2,27.1,27.6,2.2,2.4,2.3,9.0,9.0,10.0,1016.0,1016.0,1015.7,2.2,0.0,2.266666666666667,0.1154700538379249,9.333333333333334,0.5773502691896255,9.166666666666666,0.4082482904638632,0.5,0.20000000000004547,0.9396926207859083,0.3420201433256688,0.7071067811865476,-0.7071067811865475,2.4,10.0
2026-07-10 10:20:00,70.0,10.0,2.3,1016.8,27.1,27.6,2.3,2.4,2.2,10.0,10.0,10.0,1016.7,1016.5,1016.2,2.3,0.0,2.3333333333333335,0.05773502691896302,10.0,0.0,10.0,0.0,0.599999999999909,0.2999999999999545,0.9396926207859083,0.3420201433256688,0.49999999999999994,-0.8660254037844387,2.5,10.0
2026-07-10 12:20:00,70.0,10.0,2.4,1017.2,27.2,27.6,2.4,2.5,2.4,10.0,9.0,10.0,1017.1,1017.0,1016.9,2.4,0.0,2.433333333333333,0.05773502691896263,9.666666666666666,0.5773502691896255,9.666666666666666,0.5163977794943228,0.3000000000000682,0.20000000000004547,0.9396926207859083,0.3420201433256688,1.2246467991473532e-16,-1.0,2.5,10.0
2026-07-10 12:50:00,60.0,10.0,2.5,1017.4,27.2,27.6,2.5,2.4,2.5,10.0,10.0,9.0,1017.3,1017.2,1017.0,2.5,0.0,2.45,0.05773502691896254,9.666666666666666,0.5773502691896255,9.666666666666666,0.5163977794943228,0.39999999999997726,0.1999999999999318,0.8660254037844386,0.5000000000000001,1.2246467991473532e-16,-1.0,2.3,9.0
2026-07-10 13:20:00,60.0,9.0,2.3,1017.4,27.3,27.6,2.3,2.5,2.4,9.0,10.0,10.0,1017.4,1017.4,1017.2,2.3,0.0,2.4,0.11547005383792516,9.0,0.0,9.333333333333334,0.516397779494324,0.1999999999999318,0.0,0.8660254037844386,0.5000000000000001,-0.2588190451025208,-0.9659258262890683,2.4,9.0
2026-07-10 14:20:00,70.0,10.0,2.3,1017.0,27.3,27.7,2.3,2.4,2.3,10.0,9.0,9.0,1017.2,1017.1,1017.4,2.3,0.0,2.3333333333333335,0.05773502691896269,10.0,0.0,9.5,0.5477225575051671,-0.39999999999997726,-0.10000000000002274,0.9396926207859083,0.3420201433256688,-0.4999999999999997,-0.8660254037844388,2.3,10.0
2026-07-10 15:20:00,70.0,9.0,2.4,1016.7,27.3,27.7,2.4,2.3,2.3,9.0,10.0,10.0,1016.9,1016.9,1017.0,2.4,0.0,2.3666666666666667,0.05773502691896285,9.333333333333334,0.5773502691896255,9.5,0.5477225575051671,-0.2999999999999545,-0.1999999999999318,0.9396926207859083,0.3420201433256688,-0.7071067811865471,-0.7071067811865479,2.3,9.0
2026-07-10 15:50:00,70.0,9.0,2.3,1016.4,27.3,27.7,2.3,2.4,2.3,9.0,9.0,10.0,1016.5,1016.7,1016.9,2.3,0.0,2.35,0.05773502691896269,9.0,0.0,9.166666666666666,0.4082482904638632,-0.5,-0.3000000000000682,0.9396926207859083,0.3420201433256688,-0.7071067811865471,-0.7071067811865479,2.2,9.0
2026-07-10 17:20:00,70.0,8.0,2.3,1016.1,27.3,27.7,2.3,2.1,2.2,8.0,9.0,9.0,1016.2,1016.3,1016.3,2.3,0.0,2.2333333333333334,0.11547005383792489,8.0,0.0,8.5,0.5477225575051671,-0.1999999999999318,-0.1999999999999318,0.9396926207859083,0.3420201433256688,-0.9659258262890683,-0.25881904510252063,2.3,8.0
2026-07-10 18:20:00,70.0,7.0,2.3,1015.6,27.3,27.8,2.3,2.3,2.3,8.0,8.0,8.0,1015.7,1015.8,1016.1,2.3,0.0,2.3,0.0,7.666666666666667,0.5773502691896258,7.833333333333333,0.40824829046386296,-0.5,-0.1999999999999318,0.9396926207859083,0.3420201433256688,-1.0,-1.8369701987210297e-16,2.2,8.0
2026-07-10 19:20:00,70.0,8.0,2.2,1015.2,27.4,27.8,2.2,2.2,2.3,8.0,8.0,7.0,1015.4,1015.5,1015.6,2.2,0.0,2.2,0.0,8.0,0.0,8.0,0.0,-0.39999999999997726,-0.2999999999999545,0.9396926207859083,0.3420201433256688,-0.9659258262890684,0.2588190451025203,2.3,8.0
2026-07-10 20:20:00,70.0,8.0,2.2,1015.4,27.3,27.7,2.2,2.3,2.2,8.0,8.0,8.0,1015.4,1015.4,1015.2,2.2,0.0,2.2333333333333334,0.05773502691896237,8.0,0.0,8.0,0.0,0.1999999999999318,0.0,0.9396926207859083,0.3420201433256688,-0.8660254037844386,0.5000000000000001,2.2,8.0
2026-07-10 21:20:00,70.0,8.0,2.3,1016.0,27.3,27.8,2.3,2.2,2.2,8.0,8.0,8.0,1015.9,1015.8,1015.4,2.3,0.0,2.2666666666666666,0.05773502691896237,7.666666666666667,0.5773502691896258,7.5,0.5477225575051659,0.6000000000000227,0.20000000000004547,0.9396926207859083,0.3420201433256688,-0.7071067811865477,0.7071067811865474,2.2,8.0
2026-07-10 21:50:00,80.0,8.0,2.2,1016.0,27.3,27.7,2.2,2.3,2.2,8.0,8.0,8.0,1015.9,1016.0,1015.8,2.2,0.0,2.25,0.05773502691896237,8.0,0.0,7.833333333333333,0.4082482904638632,0.20000000000004547,0.0,0.984807753012208,0.17364817766693041,-0.7071067811865477,0.7071067811865474,2.2,8.0
2026-07-11 01:20:00,70.0,8.0,2.1,1017.0,27.2,27.7,2.1,2.0,2.0,8.0,8.0,8.0,1017.2,1017.1,1017.1,2.1,0.0,2.066666666666667,0.05773502691896285,8.0,0.0,8.0,0.0,-0.10000000000002274,-0.10000000000002274,0.9396926207859083,0.3420201433256688,0.25881904510252074,0.9659258262890683,1.9,8.0
2026-07-11 02:20:00,70.0,8.0,2.1,1017.0,27.1,27.7,2.1,1.9,2.1,8.0,8.0,8.0,1017.0,1017.1,1017.0,2.1,0.0,2.0333333333333337,0.11547005383792519,8.0,0.0,7.833333333333333,0.40824829046386296,0.0,-0.10000000000002274,0.9396926207859083,0.3420201433256688,0.49999999999999994,0.8660254037844387,2.2,9.0
2026-07-11 03:20:00,80.0,9.0,2.0,1016.7,26.5,27.7,2.0,2.2,2.1,8.0,9.0,8.0,1016.7,1016.9,1017.0,2.0,0.0,2.066666666666667,0.1154700538379253,8.333333333333334,0.5773502691896255,8.333333333333334,0.5163977794943228,-0.2999999999999545,-0.1999999999999318,0.984807753012208,0.17364817766693041,0.7071067811865476,0.7071067811865476,1.8,7.0
2026-07-11 04:20:00,70.0,9.0,2.0,1016.1,26.6,27.7,2.0,1.8,2.0,8.0,7.0,9.0,1016.2,1016.4,1016.7,2.0,0.0,1.9333333333333336,0.11547005383792512,8.333333333333334,0.5773502691896255,7.833333333333333,0.7527726527090807,-0.6000000000000227,-0.2999999999999545,0.9396926207859083,0.3420201433256688,0.8660254037844386,0.5000000000000001,1.9,9.0
2026-07-11 04:50:00,80.0,9.0,1.9,1015.8,26.7,,1.9,2.0,1.8,9.0,9.0,7.0,1015.9,1016.1,1016.4,1.9,0.0,1.9500000000000002,0.05773502691896261,9.0,0.0,8.666666666666666,0.516397779494324,-0.6000000000000227,-0.3000000000000682,0.984807753012208,0.17364817766693041,0.8660254037844386,0.5000000000000001,1.9,8.0
2026-07-11 05:20:00,70.0,8.0,1.9,1015.4,27.0,27.7,1.9,1.9,2.0,8.0,9.0,9.0,1015.6,1015.8,1016.1,1.9,0.0,1.9,0.0,8.0,0.0,8.5,0.5477225575051671,-0.7000000000000455,-0.39999999999997726,0.9396926207859083,0.3420201433256688,0.9659258262890683,0.25881904510252074,2.1,9.0
2026-07-11 07:20:00,80.0,8.0,2.1,1015.0,27.1,27.7,2.1,2.1,2.1,8.0,8.0,8.0,1014.9,1015.0,1015.1,2.1,0.0,2.1,0.0,8.0,0.0,8.0,0.0,-0.10000000000002274,0.0,0.984807753012208,0.17364817766693041,0.9659258262890683,-0.25881904510252063,1.9,8.0
2026-07-11 08:20:00,70.0,8.0,1.9,1015.1,27.1,27.7,1.9,1.9,2.1,8.0,8.0,8.0,1015.2,1015.1,1015.0,1.9,0.0,1.9,0.0,8.0,0.0,8.0,0.0,0.10000000000002274,0.0,0.9396926207859083,0.3420201433256688,0.8660254037844387,-0.4999999999999998,1.8,8.0
2026-07-11 09:20:00,70.0,9.0,2.0,1015.4,27.1,27.7,2.0,1.8,1.9,8.0,8.0,8.0,1015.3,1015.2,1015.1,2.0,0.0,1.9333333333333336,0.115470053837925,8.333333333333334,0.5773502691896255,8.333333333333334,0.5163977794943228,0.2999999999999545,0.1999999999999318,0.9396926207859083,0.3420201433256688,0.7071067811865476,-0.7071067811865475,1.8,8.0
2026-07-11 10:20:00,70.0,7.0,1.9,1015.9,27.1,27.7,1.9,1.8,2.0,7.0,8.0,9.0,1015.7,1015.6,1015.4,1.9,0.0,1.866666666666667,0.057735026918962415,7.333333333333333,0.5773502691896258,7.666666666666667,0.5163977794943214,0.5,0.2999999999999545,0.9396926207859083,0.3420201433256688,0.49999999999999994,-0.8660254037844387,1.9,8.0
2026-07-11 11:20:00,70.0,8.0,1.9,1016.1,27.2,27.7,1.9,1.9,1.9,8.0,8.0,7.0,1016.1,1016.1,1015.9,1.9,0.0,1.9,0.0,8.0,0.0,8.0,0.0,0.20000000000004547,0.0,0.9396926207859083,0.3420201433256688,0.258819045102521,-0.9659258262890682,1.8,7.0
2026-07-11 12:20:00,80.0,8.0,1.8,1016.5,27.5,27.7,1.8,1.8,1.9,7.0,7.0,8.0,1016.4,1016.3,1016.1,1.8,0.0,1.8,0.0,7.666666666666667,0.5773502691896258,7.5,0.5477225575051659,0.39999999999997726,0.20000000000004547,0.984807753012208,0.17364817766693041,1.2246467991473532e-16,-1.0,1.8,9.0
2026-07-11 12:50:00,80.0,9.0,1.8,1016.7,27.6,27.7,1.8,1.8,1.8,8.0,8.0,7.0,1016.7,1016.5,1016.3,1.8,0.0,1.8,0.0,8.333333333333334,0.5773502691896255,8.0,0.6324555320336763,0.40000000000009095,0.20000000000004547,0.984807753012208,0.17364817766693041,1.2246467991473532e-16,-1.0,1.7,9.0
2026-07-11 13:20:00,80.0,9.0,1.7,1016.6,27.2,27.7,1.7,1.8,1.8,9.0,9.0,8.0,1016.6,1016.7,1016.5,1.7,0.0,1.7500000000000002,0.05773502691896257,9.0,0.0,8.666666666666666,0.5163977794943246,0.10000000000002274,-0.10000000000002274,0.984807753012208,0.17364817766693041,-0.2588190451025208,-0.9659258262890683,1.9,9.0
2026-07-11 14:20:00,70.0,8.0,1.9,1016.4,27.7,27.7,1.9,1.9,1.7,8.0,9.0,9.0,1016.5,1016.6,1016.6,1.9,0.0,1.9,0.0,8.0,0.0,8.5,0.5477225575051671,-0.20000000000004547,-0.20000000000004547,0.9396926207859083,0.3420201433256688,-0.4999999999999997,-0.8660254037844388,1.9,8.0
2026-07-11 15:20:00,70.0,8.0,1.7,1016.0,27.1,27.8,1.7,1.9,1.9,7.0,8.0,8.0,1016.1,1016.4,1016.4,1.7,0.0,1.7666666666666668,0.1154700538379251,7.666666666666667,0.5773502691896258,7.833333333333333,0.40824829046386296,-0.39999999999997726,-0.39999999999997726,0.9396926207859083,0.3420201433256688,-0.7071067811865471,-0.7071067811865479,1.8,6.0
2026-07-11 16:20:00,80.0,7.0,1.7,1015.5,27.1,27.8,1.7,1.8,1.7,7.0,6.0,8.0,1015.6,1015.9,1016.0,1.7,0.0,1.7333333333333334,0.057735026918962595,7.0,0.0,6.833333333333333,0.408248290463863,-0.5,-0.39999999999997726,0.984807753012208,0.17364817766693041,-0.8660254037844385,-0.5000000000000004,1.7,8.0
2026-07-11 17:20:00,70.0,8.0,1.7,1014.8,27.4,27.8,1.7,1.7,1.7,8.0,8.0,7.0,1015.0,1015.1,1015.5,1.7,0.0,1.7,0.0,8.0,0.0,7.666666666666667,0.5163977794943221,-0.7000000000000455,-0.3000000000000682,0.9396926207859083,0.3420201433256688,-0.9659258262890683,-0.25881904510252063,1.7,7.0
2026-07-11 18:20:00,70.0,7.0,1.7,1014.5,27.6,,1.7,1.7,1.7,6.0,7.0,8.0,1014.5,1014.6,1014.8,1.7,0.0,1.7,0.0,6.333333333333333,0.5773502691896258,6.666666666666667,0.5163977794943221,-0.2999999999999545,-0.10000000000002274,0.9396926207859083,0.3420201433256688,-1.0,-1.8369701987210297e-16,1.8,7.0
2026-07-11 20:20:00,70.0,8.0,1.6,1014.4,27.6,27.8,1.6,1.7,1.7,8.0,7.0,8.0,1014.3,1014.2,1014.3,1.6,0.0,1.6333333333333335,0.05773502691896261,7.666666666666667,0.5773502691896258,7.5,0.5477225575051671,0.10000000000002274,0.1999999999999318,0.9396926207859083,0.3420201433256688,-0.8660254037844386,0.5000000000000001,1.6,8.0
2026-07-11 20:50:00,80.0,8.0,1.6,1014.7,27.5,27.8,1.6,1.6,1.7,8.0,8.0,7.0,1014.6,1014.4,1014.2,1.6,0.0,1.6,0.0,8.0,0.0,7.833333333333333,0.40824829046386496,0.5,0.3000000000000682,0.984807753012208,0.17364817766693041,-0.8660254037844386,0.5000000000000001,1.6,8.0
2026-07-11 21:20:00,70.0,8.0,1.6,1014.8,27.4,27.8,1.6,1.6,1.6,8.0,8.0,8.0,1014.8,1014.7,1014.4,1.6,0.0,1.6,0.0,8.0,0.0,8.0,0.0,0.39999999999997726,0.09999999999990905,0.9396926207859083,0.3420201433256688,-0.7071067811865477,0.7071067811865474,1.7,7.0
2026-07-11 22:20:00,60.0,8.0,1.7,1015.3,27.3,27.8,1.7,1.7,1.6,7.0,7.0,8.0,1015.2,1015.0,1014.8,1.7,0.0,1.7,0.0,7.333333333333333,0.5773502691896258,7.166666666666667,0.40824829046386296,0.5,0.2999999999999545,0.8660254037844386,0.5000000000000001,-0.5000000000000004,0.8660254037844384,1.8,8.0
2026-07-12 01:20:00,70.0,8.0,1.7,1016.9,27.4,27.8,1.7,1.6,1.7,8.0,8.0,8.0,1016.9,1016.6,1016.4,1.7,0.0,1.6666666666666667,0.05773502691896253,8.333333333333334,0.5773502691896255,8.333333333333334,0.5163977794943228,0.5,0.2999999999999545,0.9396926207859083,0.3420201433256688,0.25881904510252074,0.9659258262890683,1.6,8.0
2026-07-12 02:20:00,60.0,8.0,1.8,1016.9,27.5,27.8,1.8,1.6,1.7,8.0,8.0,8.0,1016.9,1016.8,1016.9,1.8,0.0,1.7333333333333336,0.11547005383792508,8.0,0.0,8.166666666666666,0.4082482904638632,0.0,0.10000000000002274,0.8660254037844386,0.5000000000000001,0.49999999999999994,0.8660254037844387,1.6,9.0
2026-07-12 03:20:00,60.0,8.0,1.7,1016.5,27.5,27.8,1.7,1.6,1.8,8.0,9.0,8.0,1016.6,1016.7,1016.9,1.7,0.0,1.6666666666666667,0.05773502691896265,8.333333333333334,0.5773502691896255,8.5,0.5477225575051671,-0.39999999999997726,-0.20000000000004547,0.8660254037844386,0.5000000000000001,0.7071067811865476,0.7071067811865476,1.6,8.0
2026-07-12 04:20:00,50.0,9.0,1.6,1015.9,27.2,27.7,1.6,1.6,1.7,9.0,8.0,8.0,1015.9,1016.1,1016.5,1.6,0.0,1.6,0.0,8.666666666666666,0.5773502691896255,8.333333333333334,0.5163977794943228,-0.6000000000000227,-0.20000000000004547,0.766044443118978,0.6427876096865394,0.8660254037844386,0.5000000000000001,1.7,8.0
2026-07-12 05:20:00,60.0,9.0,1.8,1015.3,27.2,27.7,1.8,1.7,1.6,9.0,8.0,9.0,1015.4,1015.6,1015.9,1.8,0.0,1.7666666666666668,0.05773502691896285,8.666666666666666,0.5773502691896255,8.5,0.5477225575051671,-0.6000000000000227,-0.3000000000000682,0.8660254037844386,0.5000000000000001,0.9659258262890683,0.25881904510252074,1.8,9.0
2026-07-12 06:20:00,70.0,9.0,1.9,1015.0,27.1,27.7,1.9,1.8,1.8,10.0,9.0,9.0,1015.0,1015.0,1015.3,1.9,0.0,1.866666666666667,0.05773502691896261,9.333333333333334,0.5773502691896255,9.166666666666666,0.4082482904638632,-0.2999999999999545,0.0,0.9396926207859083,0.3420201433256688,1.0,6.123233995736766e-17,1.8,9.0
2026-07-12 07:20:00,70.0,9.0,1.9,1015.1,27.1,27.7,1.9,1.8,1.9,9.0,9.0,9.0,1015.0,1014.8,1015.0,1.9,0.0,1.866666666666667,0.05773502691896253,9.0,0.0,9.0,0.0,0.10000000000002274,0.3000000000000682,0.9396926207859083,0.3420201433256688,0.9659258262890683,-0.25881904510252063,1.9,8.0
2026-07-12 07:50:00,70.0,8.0,1.9,1015.0,27.0,27.7,1.9,1.9,1.8,8.0,9.0,9.0,1015.0,1015.1,1014.8,1.9,0.0,1.9,0.0,8.0,0.0,8.5,0.5477225575051671,0.20000000000004547,-0.10000000000002274,0.9396926207859083,0.3420201433256688,0.9659258262890683,-0.25881904510252063,1.9,8.0
2026-07-12 09:20:00,70.0,8.0,1.8,1015.1,27.0,27.7,1.8,1.8,1.9,8.0,8.0,8.0,1015.1,1015.0,1015.0,1.8,0.0,1.8,0.0,8.0,0.0,8.166666666666666,0.40824829046386646,0.10000000000002274,0.10000000000002274,0.9396926207859083,0.3420201433256688,0.7071067811865476,-0.7071067811865475,1.8,8.0
2026-07-12 10:20:00,70.0,9.0,1.9,1015.7,27.2,27.7,1.9,1.8,1.8,9.0,8.0,8.0,1015.6,1015.4,1015.1,1.9,0.0,1.866666666666667,0.05773502691896261,9.0,0.0,8.833333333333334,0.40824829046386646,0.6000000000000227,0.3000000000000682,0.9396926207859083,0.3420201433256688,0.49999999999999994,-0.8660254037844387,1.8,8.0
2026-07-12 11:20:00,70.0,9.0,1.8,1015.9,27.2,27.7,1.8,1.8,1.9,9.0,8.0,9.0,1015.9,1015.9,1015.7,1.8,0.0,1.8,0.0,9.0,0.0,8.666666666666666,0.516397779494324,0.1999999999999318,0.0,0.9396926207859083,0.3420201433256688,0.258819045102521,-0.9659258262890682,1.8,9.0
2026-07-12 12:20:00,80.0,9.0,1.8,1016.1,27.4,27.7,1.8,1.8,1.8,9.0,9.0,9.0,1016.1,1015.9,1015.9,1.8,0.0,1.8,0.0,9.0,0.0,9.0,0.0,0.20000000000004547,0.20000000000004547,0.984807753012208,0.17364817766693041,1.2246467991473532e-16,-1.0,1.8,9.0
2026-07-12 12:50:00,80.0,9.0,1.8,1016.2,27.4,27.7,1.8,1.8,1.8,8.0,9.0,9.0,1016.2,1016.1,1015.9,1.8,0.0,1.8,0.0,8.666666666666666,0.5773502691896255,8.833333333333334,0.4082482904638632,0.3000000000000682,0.10000000000002274,0.984807753012208,0.17364817766693041,1.2246467991473532e-16,-1.0,1.7,8.0
2026-07-12 13:20:00,80.0,8.0,1.7,1016.3,27.4,27.7,1.7,1.8,1.8,9.0,9.0,9.0,1016.2,1016.2,1016.1,1.7,0.0,1.75,0.05773502691896257,8.666666666666666,0.5773502691896255,8.666666666666666,0.5163977794943228,0.1999999999999318,0.09999999999990905,0.984807753012208,0.17364817766693041,-0.2588190451025208,-0.9659258262890683,1.7,8.0
2026-07-12 14:20:00,90.0,9.0,1.9,1016.1,27.0,27.7,1.9,1.7,1.7,9.0,8.0,8.0,1016.2,1016.1,1016.3,1.9,0.0,1.8333333333333333,0.11547005383792516,9.333333333333334,0.5773502691896255,8.833333333333334,0.7527726527090811,-0.1999999999999318,0.0,1.0,6.123233995736766e-17,-0.4999999999999997,-0.8660254037844388,1.8,8.0
2026-07-12 15:20:00,90.0,8.0,1.9,1015.7,27.2,27.8,1.9,1.8,1.9,8.0,8.0,9.0,1015.7,1015.9,1016.1,1.9,0.0,1.8666666666666665,0.05773502691896253,8.0,0.0,8.166666666666666,0.40824829046386635,-0.39999999999997726,-0.1999999999999318,1.0,6.123233995736766e-17,-0.7071067811865471,-0.7071067811865479,1.7,9.0
2026-07-12 16:20:00,90.0,8.0,1.8,1015.2,27.4,27.8,1.8,1.7,1.9,9.0,9.0,8.0,1015.3,1015.4,1015.7,1.8,0.0,1.7666666666666668,0.05773502691896245,8.666666666666666,0.5773502691896255,8.833333333333334,0.4082482904638632,-0.5,-0.1999999999999318,1.0,6.123233995736766e-17,-0.8660254037844385,-0.5000000000000004,1.9,9.0
2026-07-12 18:20:00,90.0,9.0,1.7,1014.5,27.6,27.9,1.7,1.7,1.7,9.0,9.0,9.0,1014.5,1014.5,1014.8,1.7,0.0,1.7,0.0,9.0,0.0,9.0,0.0,-0.2999999999999545,0.0,1.0,6.123233995736766e-17,-1.0,-1.8369701987210297e-16,1.9,9.0
2026-07-12 18:50:00,80.0,9.0,1.9,1014.5,27.6,27.8,1.9,1.7,1.7,9.0,9.0,9.0,1014.5,1014.5,1014.5,1.9,0.0,1.8000000000000003,0.11547005383792512,8.666666666666666,0.5773502691896255,8.833333333333334,0.4082482904638632,0.0,0.0,0.984807753012208,0.17364817766693041,-1.0,-1.8369701987210297e-16,2.0,9.0
2026-07-12 19:20:00,80.0,9.0,2.0,1014.3,27.7,27.8,2.0,1.9,1.7,8.0,9.0,9.0,1014.3,1014.5,1014.5,2.0,0.0,1.9500000000000002,0.057735026918963143,8.333333333333334,0.5773502691896255,8.5,0.5477225575051671,-0.20000000000004547,-0.20000000000004547,0.984807753012208,0.17364817766693041,-0.9659258262890684,0.2588190451025203,2.0,8.0
2026-07-12 20:20:00,90.0,9.0,1.9,1014.5,27.6,27.8,1.9,2.0,2.0,9.0,8.0,9.0,1014.4,1014.2,1014.3,1.9,0.0,1.9333333333333336,0.057735026918962484,9.0,0.0,8.833333333333334,0.4082482904638632,0.20000000000004547,0.2999999999999545,1.0,6.123233995736766e-17,-0.8660254037844386,0.5000000000000001,1.9,9.0
2026-07-12 21:20:00,80.0,9.0,2.0,1015.0,27.4,27.8,2.0,1.9,1.9,8.0,9.0,9.0,1015.0,1014.8,1014.5,2.0,0.0,1.9666666666666668,0.057735026918962484,8.333333333333334,0.5773502691896255,8.333333333333334,0.516397779494324,0.5,0.20000000000004547,0.984807753012208,0.17364817766693041,-0.7071067811865477,0.7071067811865474,2.0,9.0
2026-07-12 23:20:00,90.0,9.0,2.0,1016.1,27.3,27.7,2.0,2.0,2.1,10.0,10.0,10.0,1015.9,1015.6,1015.5,2.0,0.0,2.0,0.0,9.666666666666666,0.5773502691896255,9.666666666666666,0.516397779494324,0.6000000000000227,0.5,1.0,6.123233995736766e-17,-0.25881904510252157,0.9659258262890681,2.0,9.0
2026-07-13 00:20:00,90.0,8.0,1.9,1017.2,27.2,27.7,1.9,2.0,2.0,9.0,9.0,9.0,1017.0,1016.5,1016.1,1.9,0.0,1.9333333333333336,0.057735026918962484,9.0,0.9999999999999998,9.0,0.6324555320336759,1.1000000000000227,0.7000000000000455,1.0,6.123233995736766e-17,0.0,1.0,2.0,8.0
2026-07-13 01:20:00,90.0,8.0,2.0,1017.9,27.2,27.8,2.0,2.0,1.9,8.0,8.0,8.0,1017.8,1017.6,1017.2,2.0,0.0,2.0,0.0,8.0,0.0,8.0,0.0,0.6999999999999318,0.2999999999999545,1.0,6.123233995736766e-17,0.25881904510252074,0.9659258262890683,1.9,8.0
2026-07-13 02:20:00,90.0,8.0,1.9,1018.3,27.3,27.7,1.9,1.9,2.0,9.0,8.0,8.0,1018.1,1018.1,1017.9,1.9,0.0,1.9,0.0,8.666666666666666,0.5773502691896255,8.333333333333334,0.5163977794943228,0.39999999999997726,0.1999999999999318,1.0,6.123233995736766e-17,0.49999999999999994,0.8660254037844387,1.9,7.0
2026-07-13 03:20:00,90.0,7.0,1.9,1018.1,27.2,27.7,1.9,1.9,1.9,8.0,7.0,8.0,1018.3,1018.3,1018.3,1.9,0.0,1.9,0.0,7.333333333333333,0.5773502691896258,7.5,0.5477225575051651,-0.1999999999999318,-0.1999999999999318,1.0,6.123233995736766e-17,0.7071067811865476,0.7071067811865476,2.0,7.0
2026-07-13 04:20:00,80.0,7.0,1.9,1017.1,27.1,27.7,1.9,2.0,1.9,7.0,7.0,7.0,1017.4,1017.6,1018.1,1.9,0.0,1.9333333333333336,0.057735026918962595,7.0,0.0,6.833333333333333,0.4082482904638629,-1.0,-0.5,0.984807753012208,0.17364817766693041,0.8660254037844386,0.5000000000000001,1.8,7.0
2026-07-13 05:20:00,70.0,8.0,1.9,1016.2,27.1,27.7,1.9,1.8,1.9,7.0,7.0,7.0,1016.4,1016.7,1017.1,1.9,0.0,1.866666666666667,0.05773502691896253,7.333333333333333,0.5773502691896258,7.166666666666667,0.40824829046386296,-0.8999999999999773,-0.5,0.9396926207859083,0.3420201433256688,0.9659258262890683,0.25881904510252074,1.8,8.0
2026-07-13 06:20:00,80.0,8.0,1.9,1016.0,27.1,27.7,1.9,1.8,1.9,8.0,8.0,8.0,1015.9,1015.9,1016.2,1.9,0.0,1.866666666666667,0.05773502691896253,7.666666666666667,0.5773502691896258,7.833333333333333,0.4082482904638632,-0.20000000000004547,0.10000000000002274,0.984807753012208,0.17364817766693041,1.0,6.123233995736766e-17,1.9,7.0
2026-07-13 07:20:00,80.0,7.0,1.8,1016.5,26.9,27.7,1.8,1.9,1.9,7.0,7.0,8.0,1016.4,1016.4,1016.0,1.8,0.0,1.8333333333333333,0.05773502691896261,7.0,0.0,7.0,0.0,0.5,0.10000000000002274,0.984807753012208,0.17364817766693041,0.9659258262890683,-0.25881904510252063,1.8,7.0
2026-07-13 08:20:00,80.0,7.0,1.7,1016.7,27.1,27.7,1.7,1.8,1.8,7.0,7.0,7.0,1016.5,1016.4,1016.5,1.7,0.0,1.7333333333333334,0.057735026918962595,7.0,0.0,7.0,0.0,0.20000000000004547,0.3000000000000682,0.984807753012208,0.17364817766693041,0.8660254037844387,-0.4999999999999998,1.8,7.0
2026-07-13 09:20:00,70.0,7.0,1.8,1016.8,26.9,27.7,1.8,1.8,1.7,7.0,7.0,7.0,1016.7,1016.5,1016.7,1.8,0.0,1.8,0.0,7.0,0.0,7.166666666666667,0.40824829046386296,0.09999999999990905,0.2999999999999545,0.9396926207859083,0.3420201433256688,0.7071067811865476,-0.7071067811865475,1.7,6.0
2026-07-13 09:50:00,60.0,6.0,1.7,1017.3,26.9,27.7,1.7,1.8,1.8,7.0,7.0,7.0,1017.2,1016.8,1016.5,1.7,0.0,1.75,0.05773502691896257,6.666666666666667,0.5773502691896258,6.833333333333333,0.40824829046386296,0.7999999999999545,0.5,0.8660254037844386,0.5000000000000001,0.7071067811865476,-0.7071067811865475,1.7,7.0
2026-07-13 11:20:00,80.0,7.0,1.8,1017.8,27.5,27.7,1.8,1.7,1.7,7.0,7.0,7.0,1017.8,1017.8,1017.6,1.8,0.0,1.7666666666666668,0.057735026918962595,7.0,0.0,6.666666666666667,0.5163977794943221,0.1999999999999318,0.0,0.984807753012208,0.17364817766693041,0.258819045102521,-0.9659258262890682,1.7,7.0
2026-07-13 12:20:00,70.0,7.0,1.7,1018.2,27.3,27.7,1.7,1.7,1.8,7.0,7.0,7.0,1018.1,1018.0,1017.8,1.7,0.0,1.7,0.0,7.0,0.0,6.833333333333333,0.4082482904638632,0.40000000000009095,0.20000000000004547,0.9396926207859083,0.3420201433256688,1.2246467991473532e-16,-1.0,1.8,7.0
2026-07-13 13:20:00,80.0,8.0,1.8,1018.4,27.7,27.7,1.8,1.8,1.7,8.0,7.0,7.0,1018.4,1018.4,1018.2,1.8,0.0,1.8,0.0,7.666666666666667,0.5773502691896258,7.166666666666667,0.752772652709081,0.1999999999999318,0.0,0.984807753012208,0.17364817766693041,-0.2588190451025208,-0.9659258262890683,1.8,8.0
2026-07-13 14:20:00,90.0,7.0,1.8,1018.2,27.9,27.7,1.8,1.8,1.8,7.0,8.0,8.0,1018.3,1018.2,1018.4,1.8,0.0,1.8,0.0,7.0,0.0,7.5,0.5477225575051659,-0.1999999999999318,0.0,1.0,6.123233995736766e-17,-0.4999999999999997,-0.8660254037844388,1.8,7.0
2026-07-13 15:20:00,90.0,7.0,1.7,1018.0,27.9,27.8,1.7,1.8,1.8,6.0,7.0,7.0,1018.2,1018.2,1018.2,1.7,0.0,1.7333333333333336,0.057735026918962595,6.666666666666667,0.5773502691896258,6.833333333333333,0.40824829046386296,-0.20000000000004547,-0.20000000000004547,1.0,6.123233995736766e-17,-0.7071067811865471,-0.7071067811865479,1.8,7.0
2026-07-13 15:50:00,80.0,7.0,1.8,1017.8,27.8,27.8,1.8,1.7,1.8,7.0,7.0,7.0,1017.9,1018.0,1018.2,1.8,0.0,1.7500000000000002,0.057735026918962595,7.0,0.0,6.833333333333333,0.40824829046386296,-0.40000000000009095,-0.20000000000004547,0.984807753012208,0.17364817766693041,-0.7071067811865471,-0.7071067811865479,1.7,7.0
2026-07-13 16:20:00,90.0,7.0,1.7,1017.5,27.6,27.8,1.7,1.8,1.7,7.0,7.0,7.0,1017.6,1017.8,1018.0,1.7,0.0,1.75,0.057735026918962595,7.0,0.0,7.0,0.0,-0.5,-0.2999999999999545,1.0,6.123233995736766e-17,-0.8660254037844385,-0.5000000000000004,1.7,7.0
2026-07-13 17:20:00,80.0,7.0,1.7,1017.0,27.5,27.8,1.7,1.7,1.7,7.0,7.0,7.0,1017.0,1017.5,1017.5,1.7,0.0,1.7,0.0,7.0,0.0,7.0,0.0,-0.5,-0.5,0.984807753012208,0.17364817766693041,-0.9659258262890683,-0.25881904510252063,1.8,7.0
2026-07-13 17:50:00,80.0,7.0,1.8,1016.4,27.5,27.8,1.8,1.7,1.7,7.0,7.0,7.0,1016.7,1017.0,1017.5,1.8,0.0,1.75,0.05773502691896257,7.333333333333333,0.5773502691896258,7.166666666666667,0.40824829046386296,-1.1000000000000227,-0.6000000000000227,0.984807753012208,0.17364817766693041,-0.9659258262890683,-0.25881904510252063,1.8,7.0
2026-07-13 18:20:00,90.0,7.0,1.8,1016.5,27.6,27.8,1.8,1.8,1.7,7.0,7.0,7.0,1016.5,1016.4,1017.0,1.8,0.0,1.8,0.0,7.0,0.0,7.166666666666667,0.40824829046386296,-0.5,0.10000000000002274,1.0,6.123233995736766e-17,-1.0,-1.8369701987210297e-16,1.8,6.0
2026-07-13 19:20:00,80.0,7.0,1.9,1016.3,27.6,27.8,1.9,1.8,1.8,7.0,6.0,7.0,1016.3,1016.6,1016.5,1.9,0.0,1.85,0.05773502691896256,7.0,0.0,6.8,0.44721359549995787,-0.20000000000004547,-0.3000000000000682,0.984807753012208,0.17364817766693041,-0.9659258262890684,0.2588190451025203,1.6,6.0
2026-07-13 19:50:00,80.0,6.0,1.6,1016.3,27.6,27.8,1.6,1.9,1.8,6.0,7.0,6.0,1016.3,1016.3,1016.6,1.6,0.0,1.75,0.17320508075688756,6.333333333333333,0.5773502691896258,6.666666666666667,0.5163977794943221,-0.3000000000000682,0.0,0.984807753012208,0.17364817766693041,-0.9659258262890684,0.2588190451025203,1.6,6.0
2026-07-13 20:20:00,80.0,6.0,1.6,1016.4,27.6,27.8,1.6,1.6,1.9,6.0,6.0,7.0,1016.2,1016.3,1016.3,1.6,0.0,1.6,0.0,6.0,0.0,6.166666666666667,0.40824829046386324,0.10000000000002274,0.10000000000002274,0.984807753012208,0.17364817766693041,-0.8660254037844386,0.5000000000000001,1.7,6.0
2026-07-13 21:20:00,70.0,6.0,1.6,1016.8,27.5,,1.6,1.7,1.6,6.0,6.0,6.0,1016.7,1016.6,1016.4,1.6,0.0,1.6333333333333335,0.05773502691896253,6.0,0.0,6.0,0.0,0.39999999999997726,0.1999999999999318,0.9396926207859083,0.3420201433256688,-0.7071067811865477,0.7071067811865474,1.6,6.0
2026-07-13 22:20:00,70.0,6.0,1.6,1017.2,27.2,27.8,1.6,1.6,1.6,6.0,6.0,6.0,1017.1,1016.9,1016.8,1.6,0.0,1.6,0.0,6.0,0.0,6.0,0.0,0.40000000000009095,0.3000000000000682,0.9396926207859083,0.3420201433256688,-0.5000000000000004,0.8660254037844384,1.6,6.0
2026-07-14 00:20:00,70.0,6.0,1.6,1018.3,27.2,27.7,1.6,1.6,1.6,7.0,6.0,6.0,1018.3,1018.1,1017.7,1.6,0.0,1.6,0.0,6.666666666666667,0.5773502691896258,6.333333333333333,0.5163977794943221,0.599999999999909,0.1999999999999318,0.9396926207859083,0.3420201433256688,0.0,1.0,1.6,7.0
2026-07-14 01:20:00,60.0,6.0,1.6,1018.7,27.1,27.7,1.6,1.6,1.6,7.0,7.0,6.0,1018.6,1018.4,1018.3,1.6,0.0,1.6,0.0,6.666666666666667,0.5773502691896258,6.833333333333333,0.40824829046386296,0.40000000000009095,0.3000000000000682,0.8660254037844386,0.5000000000000001,0.25881904510252074,0.9659258262890683,1.5,6.0
2026-07-14 02:20:00,60.0,7.0,1.7,1019.1,27.1,27.7,1.7,1.5,1.6,6.0,6.0,6.0,1019.1,1019.1,1018.7,1.7,0.0,1.6333333333333335,0.11547005383792529,6.333333333333333,0.5773502691896258,6.166666666666667,0.40824829046386296,0.39999999999997726,0.0,0.8660254037844386,0.5000000000000001,0.49999999999999994,0.8660254037844387,1.6,7.0
2026-07-14 03:20:00,60.0,7.0,1.6,1018.7,27.0,27.7,1.6,1.6,1.7,6.0,7.0,7.0,1018.8,1018.9,1019.1,1.6,0.0,1.6,0.0,6.666666666666667,0.5773502691896258,6.666666666666667,0.5163977794943221,-0.39999999999997726,-0.1999999999999318,0.8660254037844386,0.5000000000000001,0.7071067811865476,0.7071067811865476,1.6,8.0
2026-07-14 04:20:00,60.0,7.0,1.5,1018.0,26.9,27.7,1.5,1.6,1.6,8.0,8.0,7.0,1018.1,1018.3,1018.7,1.5,0.0,1.5333333333333334,0.057735026918962484,7.666666666666667,0.5773502691896258,7.333333333333333,0.8164965809277259,-0.7000000000000455,-0.2999999999999545,0.8660254037844386,0.5000000000000001,0.8660254037844386,0.5000000000000001,1.6,7.0
2026-07-14 05:20:00,60.0,7.0,1.5,1017.3,27.0,27.7,1.5,1.6,1.5,7.0,7.0,7.0,1017.4,1017.6,1018.0,1.5,0.0,1.5333333333333334,0.057735026918962595,7.0,0.0,7.0,0.0,-0.7000000000000455,-0.3000000000000682,0.8660254037844386,0.5000000000000001,0.9659258262890683,0.25881904510252074,1.6,7.0
2026-07-14 06:20:00,70.0,6.0,1.6,1016.9,26.9,27.7,1.6,1.6,1.5,7.0,7.0,7.0,1016.9,1017.1,1017.3,1.6,0.0,1.6,0.0,6.666666666666667,0.5773502691896258,6.833333333333333,0.40824829046386296,-0.39999999999997726,-0.20000000000004547,0.9396926207859083,0.3420201433256688,1.0,6.123233995736766e-17,1.6,8.0
2026-07-14 06:50:00,60.0,8.0,1.6,1016.8,26.7,27.7,1.6,1.6,1.6,6.0,6.0,7.0,1016.8,1016.9,1017.1,1.6,0.0,1.6,0.0,6.666666666666667,1.1547005383792515,6.666666666666667,0.8164965809277258,-0.3000000000000682,-0.10000000000002274,0.8660254037844386,0.5000000000000001,1.0,6.123233995736766e-17,1.6,8.0
2026-07-14 07:50:00,70.0,7.0,1.6,1016.6,27.2,27.7,1.6,1.6,1.6,8.0,8.0,8.0,1016.6,1016.7,1016.8,1.6,0.0,1.6,0.0,7.666666666666667,0.5773502691896258,7.833333333333333,0.40824829046386296,-0.1999999999999318,-0.10000000000002274,0.9396926207859083,0.3420201433256688,0.9659258262890683,-0.25881904510252063,1.8,8.0
2026-07-14 09:20:00,70.0,7.0,1.6,1016.9,27.1,27.7,1.6,1.5,1.8,7.0,7.0,8.0,1016.8,1016.7,1016.8,1.6,0.0,1.566666666666667,0.05773502691896227,7.0,0.0,7.0,0.0,0.10000000000002274,0.1999999999999318,0.9396926207859083,0.3420201433256688,0.7071067811865476,-0.7071067811865475,1.5,6.0
2026-07-14 09:50:00,80.0,6.0,1.5,1017.2,26.9,27.7,1.5,1.6,1.5,6.0,7.0,7.0,1017.2,1016.9,1016.7,1.5,0.0,1.5500000000000003,0.05773502691896237,6.333333333333333,0.5773502691896258,6.666666666666667,0.5163977794943221,0.5,0.3000000000000682,0.984807753012208,0.17364817766693041,0.7071067811865476,-0.7071067811865475,1.7,6.0
2026-07-14 10:20:00,90.0,6.0,1.7,1017.5,26.9,27.7,1.7,1.5,1.6,6.0,6.0,7.0,1017.4,1017.2,1016.9,1.7,0.0,1.6,0.11547005383792491,6.0,0.0,6.166666666666667,0.4082482904638632,0.6000000000000227,0.2999999999999545,1.0,6.123233995736766e-17,0.49999999999999994,-0.8660254037844387,1.5,6.0
2026-07-14 10:50:00,60.0,6.0,1.5,1017.7,27.0,27.7,1.5,1.7,1.5,6.0,6.0,6.0,1017.7,1017.5,1017.2,1.5,0.0,1.6,0.11547005383792491,6.0,0.0,6.0,0.0,0.5,0.20000000000004547,0.8660254037844386,0.5000000000000001,0.49999999999999994,-0.8660254037844387,1.5,7.0
2026-07-14 11:20:00,70.0,7.0,1.5,1017.8,27.1,27.7,1.5,1.5,1.7,6.0,6.0,6.0,1017.8,1017.7,1017.5,1.5,0.0,1.5,0.0,6.333333333333333,0.5773502691896258,6.166666666666667,0.40824829046386296,0.2999999999999545,0.09999999999990905,0.9396926207859083,0.3420201433256688,0.258819045102521,-0.9659258262890682,1.5,7.0
2026-07-14 12:20:00,80.0,7.0,1.5,1017.9,27.4,27.7,1.5,1.5,1.5,8.0,7.0,7.0,1017.8,1017.9,1017.8,1.5,0.0,1.5,0.0,7.333333333333333,0.5773502691896258,7.166666666666667,0.7527726527090819,0.10000000000002274,0.0,0.984807753012208,0.17364817766693041,1.2246467991473532e-16,-1.0,1.5,6.0
2026-07-14 13:20:00,70.0,6.0,1.5,1018.1,27.2,27.7,1.5,1.5,1.5,6.0,6.0,7.0,1018.0,1018.0,1017.9,1.5,0.0,1.5,0.0,6.0,0.0,6.333333333333333,0.5163977794943212,0.20000000000004547,0.10000000000002274,0.9396926207859083,0.3420201433256688,-0.2588190451025208,-0.9659258262890683,1.5,7.0
2026-07-14 14:20:00,80.0,7.0,1.6,1018.1,27.4,27.7,1.6,1.5,1.5,7.0,7.0,6.0,1018.1,1018.2,1018.1,1.6,0.0,1.5666666666666667,0.057735026918962484,7.0,0.0,6.833333333333333,0.4082482904638632,0.0,-0.10000000000002274,0.984807753012208,0.17364817766693041,-0.4999999999999997,-0.8660254037844388,1.4,7.0
2026-07-14 15:20:00,80.0,7.0,1.4,1017.5,27.2,27.8,1.4,1.4,1.6,7.0,7.0,7.0,1017.6,1017.8,1018.1,1.4,0.0,1.4,0.0,7.0,0.0,7.0,0.0,-0.6000000000000227,-0.2999999999999545,0.984807753012208,0.17364817766693041,-0.7071067811865471,-0.7071067811865479,1.5,7.0
2026-07-14 16:20:00,70.0,6.0,1.5,1016.9,27.2,27.8,1.5,1.5,1.4,7.0,7.0,7.0,1017.0,1017.3,1017.5,1.5,0.0,1.5,0.0,6.666666666666667,0.5773502691896258,6.833333333333333,0.40824829046386296,-0.6000000000000227,-0.39999999999997726,0.9396926207859083,0.3420201433256688,-0.8660254037844385,-0.5000000000000004,1.6,7.0
2026-07-14 17:20:00,70.0,7.0,1.4,1016.1,27.2,27.8,1.4,1.6,1.5,7.0,7.0,6.0,1016.3,1016.6,1016.9,1.4,0.0,1.4666666666666668,0.11547005383792548,7.0,0.0,7.0,0.0,-0.7999999999999545,-0.5,0.9396926207859083,0.3420201433256688,-0.9659258262890683,-0.25881904510252063,1.5,7.0
2026-07-14 18:20:00,70.0,7.0,1.5,1015.8,27.2,27.9,1.5,1.5,1.4,7.0,7.0,7.0,1015.8,1015.9,1016.1,1.5,0.0,1.5,0.0,7.0,0.0,7.0,0.0,-0.3000000000000682,-0.10000000000002274,0.9396926207859083,0.3420201433256688,-1.0,-1.8369701987210297e-16,1.4,7.0
2026-07-14 19:20:00,70.0,6.0,1.4,1015.2,27.1,27.9,1.4,1.4,1.5,6.0,7.0,7.0,1015.3,1015.5,1015.8,1.4,0.0,1.4,0.0,6.0,0.0,6.166666666666667,0.4082482904638632,-0.599999999999909,-0.2999999999999545,0.9396926207859083,0.3420201433256688,-0.9659258262890684,0.2588190451025203,1.4,6.0
2026-07-14 20:20:00,60.0,6.0,1.3,1015.1,27.2,,1.3,1.4,1.4,7.0,6.0,6.0,1015.0,1015.1,1015.2,1.3,0.0,1.3333333333333337,0.05773502691896261,6.333333333333333,0.5773502691896258,6.166666666666667,0.40824829046386296,-0.10000000000002274,0.0,0.8660254037844386,0.5000000000000001,-0.8660254037844386,0.5000000000000001,1.3,7.0
2026-07-14 21:20:00,70.0,6.0,1.3,1015.3,27.1,27.8,1.3,1.3,1.3,7.0,7.0,6.0,1015.3,1015.1,1015.1,1.3,0.0,1.3,0.0,6.666666666666667,0.5773502691896258,6.833333333333333,0.40824829046386296,0.1999999999999318,0.1999999999999318,0.9396926207859083,0.3420201433256688,-0.7071067811865477,0.7071067811865474,1.3,6.0
2026-07-14 22:20:00,60.0,6.0,1.3,1015.6,26.9,27.8,1.3,1.3,1.3,6.0,6.0,6.0,1015.6,1015.4,1015.3,1.3,0.0,1.3,0.0,6.0,0.0,6.0,0.0,0.3000000000000682,0.20000000000004547,0.8660254037844386,0.5000000000000001,-0.5000000000000004,0.8660254037844384,1.4,6.0
2026-07-15 00:20:00,60.0,7.0,1.4,1016.6,26.9,27.8,1.4,1.4,1.3,7.0,7.0,6.0,1016.6,1016.6,1016.2,1.4,0.0,1.375,0.05000000000000007,7.0,0.0,7.0,0.0,0.39999999999997726,0.0,0.8660254037844386,0.5000000000000001,0.0,1.0,1.4,8.0
2026-07-15 00:50:00,60.0,8.0,1.4,1016.9,27.0,27.8,1.4,1.4,1.4,7.0,7.0,7.0,1016.8,1016.6,1016.6,1.4,0.0,1.4,0.0,7.333333333333333,0.5773502691896258,7.166666666666667,0.40824829046386296,0.2999999999999545,0.2999999999999545,0.8660254037844386,0.5000000000000001,0.0,1.0,1.3,8.0
2026-07-15 01:20:00,50.0,8.0,1.3,1016.9,27.0,27.8,1.3,1.4,1.4,7.0,8.0,7.0,1017.0,1016.9,1016.6,1.3,0.0,1.35,0.05773502691896256,7.333333333333333,0.5773502691896258,7.333333333333333,0.5163977794943221,0.2999999999999545,0.0,0.766044443118978,0.6427876096865394,0.25881904510252074,0.9659258262890683,1.3,8.0
2026-07-15 02:20:00,60.0,7.0,1.4,1016.9,27.0,27.7,1.4,1.3,1.3,8.0,8.0,8.0,1016.9,1017.0,1016.9,1.4,0.0,1.366666666666667,0.05773502691896261,7.666666666666667,0.5773502691896258,7.833333333333333,0.40824829046386296,0.0,-0.10000000000002274,0.8660254037844386,0.5000000000000001,0.49999999999999994,0.8660254037844387,1.3,8.0
2026-07-15 03:20:00,60.0,8.0,1.4,1016.4,26.9,27.7,1.4,1.3,1.4,8.0,8.0,7.0,1016.6,1016.7,1016.9,1.4,0.0,1.366666666666667,0.05773502691896253,8.0,0.0,7.666666666666667,0.5163977794943221,-0.5,-0.3000000000000682,0.8660254037844386,0.5000000000000001,0.7071067811865476,0.7071067811865476,1.3,8.0
2026-07-15 04:20:00,70.0,8.0,1.4,1015.6,26.8,27.7,1.4,1.3,1.4,8.0,8.0,8.0,1015.9,1016.1,1016.4,1.4,0.0,1.366666666666667,0.05773502691896253,8.0,0.0,8.0,0.0,-0.7999999999999545,-0.5,0.9396926207859083,0.3420201433256688,0.8660254037844386,0.5000000000000001,1.4,8.0
2026-07-15 05:20:00,60.0,9.0,1.4,1015.3,26.7,27.7,1.4,1.4,1.4,8.0,8.0,8.0,1015.3,1015.4,1015.6,1.4,0.0,1.4,0.0,8.666666666666666,0.5773502691896255,8.333333333333334,0.5163977794943228,-0.3000000000000682,-0.10000000000002274,0.8660254037844386,0.5000000000000001,0.9659258262890683,0.25881904510252074,1.4,8.0
2026-07-15 05:50:00,70.0,8.0,1.4,1015.1,26.7,27.7,1.4,1.4,1.4,8.0,9.0,8.0,1015.2,1015.3,1015.4,1.4,0.0,1.4,0.0,8.0,0.0,8.333333333333334,0.5163977794943228,-0.2999999999999545,-0.1999999999999318,0.9396926207859083,0.3420201433256688,0.9659258262890683,0.25881904510252074,1.4,9.0
2026-07-15 06:20:00,70.0,9.0,1.4,1014.9,26.8,27.7,1.4,1.4,1.4,9.0,8.0,9.0,1015.0,1015.1,1015.3,1.4,0.0,1.4,0.0,9.0,0.0,8.5,0.5477225575051671,-0.39999999999997726,-0.20000000000004547,0.9396926207859083,0.3420201433256688,1.0,6.123233995736766e-17,1.5,8.0
2026-07-15 07:20:00,70.0,8.0,1.4,1015.0,26.7,,1.4,1.5,1.4,8.0,8.0,9.0,1015.0,1014.9,1014.9,1.4,0.0,1.4333333333333336,0.057735026918962595,8.333333333333334,0.5773502691896255,8.333333333333334,0.5163977794943228,0.10000000000002274,0.10000000000002274,0.9396926207859083,0.3420201433256688,0.9659258262890683,-0.25881904510252063,1.4,8.0
2026-07-15 07:50:00,70.0,8.0,1.4,1015.2,26.7,,1.4,1.4,1.5,8.0,8.0,8.0,1015.2,1015.0,1014.9,1.4,0.0,1.4,0.0,8.0,0.0,8.166666666666666,0.4082482904638632,0.3000000000000682,0.20000000000004547,0.9396926207859083,0.3420201433256688,0.9659258262890683,-0.25881904510252063,1.5,8.0
2026-07-15 08:20:00,70.0,8.0,1.5,1015.3,26.6,,1.5,1.4,1.4,8.0,8.0,8.0,1015.2,1015.2,1015.0,1.5,0.0,1.4500000000000002,0.05773502691896274,8.0,0.0,8.0,0.0,0.2999999999999545,0.09999999999990905,0.9396926207859083,0.3420201433256688,0.8660254037844387,-0.4999999999999998,1.4,7.0
2026-07-15 09:20:00,80.0,7.0,1.4,1015.7,26.6,27.7,1.4,1.4,1.5,7.0,7.0,8.0,1015.7,1015.5,1015.3,1.4,0.0,1.4,0.0,7.0,0.0,7.333333333333333,0.5163977794943221,0.40000000000009095,0.20000000000004547,0.984807753012208,0.17364817766693041,0.7071067811865476,-0.7071067811865475,1.4,7.0
2026-07-15 10:20:00,80.0,6.0,1.4,1016.1,26.7,27.7,1.4,1.4,1.4,6.0,7.0,7.0,1016.1,1015.9,1015.7,1.4,0.0,1.4,0.0,6.0,0.0,6.5,0.5477225575051659,0.39999999999997726,0.20000000000004547,0.984807753012208,0.17364817766693041,0.49999999999999994,-0.8660254037844387,1.3,6.0
2026-07-15 11:20:00,90.0,5.0,1.3,1016.5,26.8,27.7,1.3,1.3,1.4,5.0,6.0,6.0,1016.6,1016.4,1016.1,1.3,0.0,1.3,0.0,5.0,0.0,5.666666666666667,0.8164965809277266,0.39999999999997726,0.10000000000002274,1.0,6.123233995736766e-17,0.258819045102521,-0.9659258262890682,1.4,6.0
2026-07-15 12:20:00,70.0,5.0,1.4,1017.0,26.5,27.7,1.4,1.4,1.3,6.0,6.0,5.0,1017.0,1016.7,1016.5,1.4,0.0,1.4,0.0,6.0,1.0,6.0,0.632455532033677,0.5,0.2999999999999545,0.9396926207859083,0.3420201433256688,1.2246467991473532e-16,-1.0,1.3,6.0
2026-07-15 13:20:00,70.0,6.0,1.4,1017.3,26.7,27.7,1.4,1.3,1.4,6.0,6.0,5.0,1017.3,1017.2,1017.0,1.4,0.0,1.3666666666666665,0.05773502691896253,6.0,0.0,6.166666666666667,0.40824829046386474,0.2999999999999545,0.09999999999990905,0.9396926207859083,0.3420201433256688,-0.2588190451025208,-0.9659258262890683,1.4,7.0
2026-07-15 14:20:00,100.0,7.0,1.4,1017.3,27.3,27.7,1.4,1.4,1.4,7.0,7.0,6.0,1017.3,1017.4,1017.3,1.4,0.0,1.4,0.0,7.0,0.0,6.833333333333333,0.40824829046386496,0.0,-0.10000000000002274,0.984807753012208,-0.1736481776669303,-0.4999999999999997,-0.8660254037844388,1.4,7.0
2026-07-15 15:20:00,100.0,7.0,1.4,1017.1,27.2,27.8,1.4,1.4,1.4,7.0,7.0,7.0,1017.1,1017.3,1017.3,1.4,0.0,1.4,0.0,7.0,0.0,7.0,0.0,-0.1999999999999318,-0.1999999999999318,0.984807753012208,-0.1736481776669303,-0.7071067811865471,-0.7071067811865479,1.5,7.0
2026-07-15 16:20:00,100.0,7.0,1.4,1016.8,27.4,27.8,1.4,1.5,1.4,7.0,7.0,7.0,1016.8,1017.0,1017.1,1.4,0.0,1.4333333333333336,0.057735026918962595,7.0,0.0,7.0,0.0,-0.3000000000000682,-0.20000000000004547,0.984807753012208,-0.1736481776669303,-0.8660254037844385,-0.5000000000000004,1.5,7.0
2026-07-15 16:50:00,100.0,7.0,1.5,1016.8,27.3,27.8,1.5,1.4,1.5,7.0,7.0,7.0,1016.9,1016.8,1017.0,1.5,0.0,1.4500000000000002,0.057735026918962595,7.0,0.0,7.0,0.0,-0.20000000000004547,0.0,0.984807753012208,-0.1736481776669303,-0.8660254037844385,-0.5000000000000004,1.4,6.0
2026-07-15 17:20:00,100.0,6.0,1.4,1016.6,27.2,27.9,1.4,1.5,1.4,7.0,7.0,7.0,1016.7,1016.8,1016.8,1.4,0.0,1.4500000000000002,0.057735026918962595,6.666666666666667,0.5773502691896258,6.833333333333333,0.40824829046386296,-0.1999999999999318,-0.1999999999999318,0.984807753012208,-0.1736481776669303,-0.9659258262890683,-0.25881904510252063,1.3,6.0
2026-07-15 18:50:00,80.0,6.0,1.4,1015.8,27.4,,1.4,1.3,1.3,6.0,5.0,6.0,1015.9,1016.1,1016.2,1.4,0.0,1.366666666666667,0.05773502691896261,6.0,0.0,5.666666666666667,0.5163977794943221,-0.40000000000009095,-0.3000000000000682,0.984807753012208,0.17364817766693041,-1.0,-1.8369701987210297e-16,1.4,6.0
2026-07-15 19:20:00,100.0,6.0,1.4,1015.7,27.0,27.9,1.4,1.4,1.3,6.0,6.0,5.0,1015.7,1015.8,1016.1,1.4,0.0,1.4,0.0,6.0,0.0,6.0,0.0,-0.39999999999997726,-0.09999999999990905,0.984807753012208,-0.1736481776669303,-0.9659258262890684,0.2588190451025203,1.5,7.0
2026-07-15 19:50:00,70.0,7.0,1.5,1015.6,27.3,27.9,1.5,1.4,1.4,6.0,6.0,6.0,1015.6,1015.7,1015.8,1.5,0.0,1.4500000000000002,0.05773502691896274,6.0,1.0,6.0,0.6324555320336759,-0.1999999999999318,-0.10000000000002274,0.9396926207859083,0.3420201433256688,-0.9659258262890684,0.2588190451025203,1.4,7.0
2026-07-15 20:20:00,80.0,7.0,1.4,1015.6,26.7,27.9,1.4,1.5,1.4,7.0,7.0,6.0,1015.6,1015.6,1015.7,1.4,0.0,1.45,0.05773502691896274,7.0,0.0,6.5,0.8366600265340753,-0.10000000000002274,0.0,0.984807753012208,0.17364817766693041,-0.8660254037844386,0.5000000000000001,1.4,7.0
2026-07-15 21:20:00,90.0,7.0,1.4,1015.7,27.1,27.8,1.4,1.4,1.4,7.0,7.0,7.0,1015.7,1015.7,1015.6,1.4,0.0,1.4,0.0,7.0,0.0,7.0,0.0,0.10000000000002274,0.0,1.0,6.123233995736766e-17,-0.7071067811865477,0.7071067811865474,1.3,7.0
2026-07-15 22:20:00,90.0,6.0,1.3,1016.2,27.1,27.8,1.3,1.3,1.4,6.0,7.0,7.0,1016.2,1015.9,1015.7,1.3,0.0,1.3,0.0,6.333333333333333,0.5773502691896258,6.333333333333333,0.5163977794943221,0.5,0.3000000000000682,1.0,6.123233995736766e-17,-0.5000000000000004,0.8660254037844384,1.3,7.0
2026-07-16 00:50:00,100.0,6.0,1.4,1017.5,26.7,27.8,1.4,1.4,1.3,6.0,8.0,7.0,1017.4,1017.3,1017.1,1.4,0.0,1.4,0.0,6.0,0.0,6.666666666666667,0.8164965809277259,0.39999999999997726,0.20000000000004547,0.984807753012208,-0.1736481776669303,0.0,1.0,1.3,6.0
2026-07-16 01:20:00,100.0,6.0,1.3,1017.9,26.9,27.8,1.3,1.4,1.4,6.0,6.0,8.0,1017.8,1017.5,1017.3,1.3,0.0,1.35,0.05773502691896256,6.0,0.0,6.0,0.0,0.6000000000000227,0.39999999999997726,0.984807753012208,-0.1736481776669303,0.25881904510252074,0.9659258262890683,1.4,5.0
2026-07-16 02:20:00,90.0,6.0,1.3,1018.0,27.0,27.8,1.3,1.4,1.3,5.0,5.0,6.0,1018.1,1018.2,1017.9,1.3,0.0,1.3333333333333337,0.05773502691896253,5.333333333333333,0.5773502691896258,6.0,1.5491933384829666,0.10000000000002274,-0.20000000000004547,1.0,6.123233995736766e-17,0.49999999999999994,0.8660254037844387,1.3,6.0
2026-07-16 03:20:00,80.0,6.0,1.4,1017.8,27.1,27.8,1.4,1.3,1.3,6.0,6.0,6.0,1018.0,1018.0,1018.0,1.4,0.0,1.366666666666667,0.05773502691896261,6.0,0.0,6.0,0.0,-0.20000000000004547,-0.20000000000004547,0.984807753012208,0.17364817766693041,0.7071067811865476,0.7071067811865476,1.4,6.0
2026-07-16 03:50:00,90.0,6.0,1.4,1017.3,27.1,27.7,1.4,1.4,1.3,7.0,6.0,6.0,1017.5,1017.8,1018.0,1.4,0.0,1.4,0.0,6.666666666666667,0.5773502691896258,6.333333333333333,0.5163977794943221,-0.7000000000000455,-0.5,1.0,6.123233995736766e-17,0.7071067811865476,0.7071067811865476,1.3,6.0
2026-07-16 04:20:00,90.0,6.0,1.3,1016.9,27.1,27.7,1.3,1.4,1.4,6.0,6.0,6.0,1017.2,1017.3,1017.8,1.3,0.0,1.35,0.05773502691896256,6.0,0.0,6.333333333333333,0.5163977794943221,-0.8999999999999773,-0.39999999999997726,1.0,6.123233995736766e-17,0.8660254037844386,0.5000000000000001,1.4,7.0
2026-07-16 06:20:00,70.0,7.0,1.3,1015.6,26.9,27.7,1.3,1.4,1.3,7.0,7.0,8.0,1015.7,1016.1,1016.4,1.3,0.0,1.3333333333333337,0.0577350269189625,7.333333333333333,0.5773502691896258,7.5,0.5477225575051659,-0.7999999999999545,-0.5,0.9396926207859083,0.3420201433256688,1.0,6.123233995736766e-17,1.4,7.0
2026-07-16 07:10:00,80.0,7.0,1.3,1015.7,26.9,27.7,1.3,,1.3,7.0,6.0,7.0,1015.7,1015.6,1015.7,1.3333333333333333,0.057735026918962595,1.3250000000000002,0.04999999999999995,7.0,0.0,6.833333333333333,0.40824829046386407,0.0,0.10000000000002274,0.984807753012208,0.17364817766693041,0.9659258262890683,-0.25881904510252063,1.3,8.0
2026-07-16 07:20:00,80.0,8.0,1.3,1015.7,26.9,27.7,1.3,1.4,1.3,7.0,7.0,7.0,1015.7,1015.6,1015.6,1.3,0.0,1.3250000000000002,0.04999999999999995,7.333333333333333,0.5773502691896258,7.0,0.6324555320336763,0.10000000000002274,0.10000000000002274,0.984807753012208,0.17364817766693041,0.9659258262890683,-0.25881904510252063,1.3,8.0
2026-07-16 07:50:00,80.0,8.0,1.3,1015.9,27.1,27.7,1.3,1.3,1.4,8.0,8.0,7.0,1015.8,1015.7,1015.6,1.3,0.0,1.3,0.0,8.0,0.0,7.666666666666667,0.5163977794943212,0.2999999999999545,0.1999999999999318,0.984807753012208,0.17364817766693041,0.9659258262890683,-0.25881904510252063,1.3,8.0
2026-07-16 08:20:00,80.0,8.0,1.3,1016.0,27.2,27.7,1.3,1.3,1.3,8.0,8.0,8.0,1016.0,1015.9,1015.7,1.3,0.0,1.3,0.0,8.0,0.0,8.0,0.0,0.2999999999999545,0.10000000000002274,0.984807753012208,0.17364817766693041,0.8660254037844387,-0.4999999999999998,1.3,8.0
2026-07-16 08:50:00,80.0,8.0,1.3,1016.4,27.0,,1.3,1.3,1.3,8.0,8.0,8.0,1016.2,1016.0,1015.9,1.3,0.0,1.3,0.0,8.0,0.0,8.0,0.0,0.5,0.39999999999997726,0.984807753012208,0.17364817766693041,0.8660254037844387,-0.4999999999999998,1.4,8.0
2026-07-16 09:20:00,70.0,8.0,1.4,1016.8,26.9,27.7,1.4,1.3,1.3,8.0,8.0,8.0,1016.6,1016.4,1016.0,1.4,0.0,1.35,0.05773502691896256,8.0,0.0,8.0,0.0,0.7999999999999545,0.39999999999997726,0.9396926207859083,0.3420201433256688,0.7071067811865476,-0.7071067811865475,1.4,7.0
2026-07-16 10:20:00,80.0,7.0,1.4,1017.3,27.1,27.7,1.4,1.4,1.4,7.0,7.0,8.0,1017.2,1017.0,1016.8,1.4,0.0,1.4,0.0,7.333333333333333,0.5773502691896258,7.5,0.5477225575051659,0.5,0.2999999999999545,0.984807753012208,0.17364817766693041,0.49999999999999994,-0.8660254037844387,1.3,7.0
2026-07-16 11:20:00,60.0,6.0,1.5,1017.3,26.7,27.7,1.5,1.3,1.4,7.0,7.0,7.0,1017.3,1017.3,1017.3,1.5,0.0,1.4333333333333336,0.115470053837925,7.0,1.0,7.0,0.6324555320336759,0.0,0.0,0.8660254037844386,0.5000000000000001,0.258819045102521,-0.9659258262890682,1.3,9.0
2026-07-16 13:20:00,80.0,9.0,1.5,1018.1,27.2,27.7,1.5,1.5,1.3,9.0,9.0,8.0,1018.1,1018.1,1017.9,1.5,0.0,1.5,0.0,9.0,0.0,9.333333333333334,0.5163977794943279,0.20000000000004547,0.0,0.984807753012208,0.17364817766693041,-0.2588190451025208,-0.9659258262890683,1.6,8.0
2026-07-16 14:20:00,90.0,9.0,1.5,1018.1,27.4,27.7,1.5,1.6,1.5,9.0,8.0,9.0,1018.0,1018.0,1018.1,1.5,0.0,1.5333333333333334,0.057735026918962595,9.0,0.0,8.833333333333334,0.4082482904638632,0.0,0.10000000000002274,1.0,6.123233995736766e-17,-0.4999999999999997,-0.8660254037844388,1.6,10.0
2026-07-16 14:50:00,80.0,10.0,1.6,1018.0,27.4,27.7,1.6,1.5,1.6,10.0,9.0,8.0,1017.9,1018.1,1018.0,1.6,0.0,1.55,0.057735026918962595,9.666666666666666,0.5773502691896255,9.333333333333334,0.5163977794943226,0.0,-0.10000000000002274,0.984807753012208,0.17364817766693041,-0.4999999999999997,-0.8660254037844388,1.7,10.0
2026-07-16 15:20:00,80.0,10.0,1.7,1018.0,27.4,27.8,1.7,1.6,1.5,9.0,10.0,9.0,1018.0,1018.0,1018.1,1.7,0.0,1.6500000000000001,0.05773502691896237,9.666666666666666,0.5773502691896255,9.666666666666666,0.516397779494324,-0.10000000000002274,0.0,0.984807753012208,0.17364817766693041,-0.7071067811865471,-0.7071067811865479,1.7,9.0
2026-07-16 16:20:00,80.0,9.0,1.7,1017.8,27.3,27.8,1.7,1.7,1.7,9.0,9.0,10.0,1017.8,1017.8,1018.0,1.7,0.0,1.7,0.0,9.0,0.0,9.166666666666666,0.40824829046386313,-0.20000000000004547,0.0,0.984807753012208,0.17364817766693041,-0.8660254037844385,-0.5000000000000004,1.8,9.0
2026-07-16 17:20:00,80.0,9.0,1.7,1017.3,27.4,27.8,1.7,1.8,1.7,8.0,9.0,9.0,1017.3,1017.5,1017.8,1.7,0.0,1.7333333333333334,0.057735026918962595,8.666666666666666,0.5773502691896255,8.833333333333334,0.4082482904638632,-0.5,-0.20000000000004547,0.984807753012208,0.17364817766693041,-0.9659258262890683,-0.25881904510252063,1.7,9.0
2026-07-16 17:50:00,80.0,9.0,1.7,1017.2,27.4,27.8,1.7,1.7,1.8,9.0,9.0,9.0,1017.3,1017.3,1017.5,1.7,0.0,1.7,0.0,8.666666666666666,0.5773502691896255,8.666666666666666,0.5163977794943228,-0.2999999999999545,-0.09999999999990905,0.984807753012208,0.17364817766693041,-0.9659258262890683,-0.25881904510252063,1.7,9.0
2026-07-16 18:20:00,80.0,9.0,1.7,1017.0,27.4,27.8,1.7,1.7,1.7,8.0,9.0,9.0,1017.1,1017.2,1017.3,1.7,0.0,1.7,0.0,8.333333333333334,0.5773502691896255,8.5,0.5477225575051671,-0.2999999999999545,-0.20000000000004547,0.984807753012208,0.17364817766693041,-1.0,-1.8369701987210297e-16,1.7,8.0
2026-07-16 19:50:00,80.0,9.0,1.5,1016.7,27.3,27.8,1.5,1.6,1.7,9.0,8.0,8.0,1016.7,1016.8,1016.8,1.5,0.0,1.5500000000000003,0.057735026918962894,8.666666666666666,0.5773502691896255,8.4,0.5477225575051663,-0.09999999999990905,-0.09999999999990905,0.984807753012208,0.17364817766693041,-0.9659258262890684,0.2588190451025203,1.5,8.0
2026-07-16 20:20:00,80.0,8.0,1.5,1016.8,27.4,27.8,1.5,1.5,1.6,8.0,9.0,8.0,1016.8,1016.7,1016.8,1.5,0.0,1.5,0.0,8.333333333333334,0.5773502691896255,8.5,0.5477225575051662,0.0,0.09999999999990905,0.984807753012208,0.17364817766693041,-0.8660254037844386,0.5000000000000001,1.6,8.0
2026-07-16 22:20:00,80.0,8.0,1.7,1017.1,27.4,27.7,1.7,1.6,1.6,8.0,8.0,8.0,1016.9,1016.8,1016.8,1.7,0.0,1.6666666666666667,0.05773502691896261,8.333333333333334,0.5773502691896255,8.166666666666666,0.4082482904638632,0.3000000000000682,0.3000000000000682,0.984807753012208,0.17364817766693041,-0.5000000000000004,0.8660254037844384,1.6,8.0
2026-07-17 01:20:00,80.0,9.0,1.7,1018.6,27.2,27.7,1.7,1.6,1.6,8.0,8.0,8.0,1018.5,1018.3,1018.2,1.7,0.0,1.666666666666667,0.05773502691896261,8.333333333333334,0.5773502691896255,8.166666666666666,0.4082482904638632,0.39999999999997726,0.3000000000000682,0.984807753012208,0.17364817766693041,0.25881904510252074,0.9659258262890683,1.6,9.0
2026-07-17 01:50:00,70.0,9.0,1.6,1018.9,27.2,27.7,1.6,1.7,1.6,9.0,9.0,8.0,1018.9,1018.6,1018.3,1.6,0.0,1.6500000000000001,0.05773502691896253,9.0,0.0,8.666666666666666,0.516397779494324,0.6000000000000227,0.2999999999999545,0.9396926207859083,0.3420201433256688,0.25881904510252074,0.9659258262890683,1.7,9.0
2026-07-17 02:20:00,70.0,9.0,1.7,1019.1,27.2,27.7,1.7,1.6,1.7,9.0,9.0,9.0,1019.0,1018.9,1018.6,1.7,0.0,1.6500000000000001,0.05773502691896253,8.666666666666666,0.5773502691896255,8.833333333333334,0.40824829046386646,0.5,0.20000000000004547,0.9396926207859083,0.3420201433256688,0.49999999999999994,0.8660254037844387,1.6,8.0
2026-07-17 03:20:00,70.0,9.0,1.6,1018.8,27.3,27.6,1.6,1.6,1.7,9.0,8.0,9.0,1018.9,1019.1,1019.1,1.6,0.0,1.6,0.0,8.666666666666666,0.5773502691896255,8.333333333333334,0.5163977794943228,-0.3000000000000682,-0.3000000000000682,0.9396926207859083,0.3420201433256688,0.7071067811865476,0.7071067811865476,1.7,8.0
2026-07-17 04:20:00,70.0,8.0,1.6,1017.8,27.2,27.6,1.6,1.7,1.6,9.0,8.0,9.0,1018.0,1018.3,1018.8,1.6,0.0,1.6333333333333335,0.05773502691896253,8.333333333333334,0.5773502691896255,8.166666666666666,0.4082482904638632,-1.0,-0.5,0.9396926207859083,0.3420201433256688,0.8660254037844386,0.5000000000000001,1.7,8.0
2026-07-17 05:20:00,70.0,9.0,1.7,1017.0,27.2,27.6,1.7,1.7,1.6,8.0,8.0,8.0,1017.2,1017.5,1017.8,1.7,0.0,1.7,0.0,8.0,1.0,8.0,0.6324555320336757,-0.7999999999999545,-0.5,0.9396926207859083,0.3420201433256688,0.9659258262890683,0.25881904510252074,1.6,8.0
2026-07-17 06:20:00,80.0,9.0,1.6,1016.6,27.2,27.6,1.6,1.6,1.7,9.0,8.0,9.0,1016.7,1016.8,1017.0,1.6,0.0,1.6,0.0,8.666666666666666,0.5773502691896255,8.666666666666666,0.516397779494324,-0.39999999999997726,-0.1999999999999318,0.984807753012208,0.17364817766693041,1.0,6.123233995736766e-17,1.6,10.0
2026-07-17 06:50:00,80.0,10.0,1.6,1016.7,27.2,27.6,1.6,1.6,1.6,10.0,9.0,8.0,1016.6,1016.6,1016.8,1.6,0.0,1.6,0.0,9.666666666666666,0.5773502691896255,9.166666666666666,0.7527726527090833,-0.09999999999990905,0.10000000000002274,0.984807753012208,0.17364817766693041,1.0,6.123233995736766e-17,1.8,9.0
2026-07-17 07:20:00,70.0,9.0,1.8,1016.8,27.4,27.5,1.8,1.6,1.6,10.0,10.0,9.0,1016.8,1016.7,1016.6,1.8,0.0,1.7000000000000002,0.11547005383792508,9.666666666666666,0.5773502691896255,9.666666666666666,0.516397779494329,0.1999999999999318,0.09999999999990905,0.9396926207859083,0.3420201433256688,0.9659258262890683,-0.25881904510252063,1.7,9.0
2026-07-17 09:20:00,70.0,9.0,1.9,1017.2,27.1,27.5,1.9,1.9,1.6,9.0,9.0,9.0,1017.0,1016.9,1016.8,1.9,0.0,1.9,0.0,9.0,0.0,9.0,0.0,0.40000000000009095,0.3000000000000682,0.9396926207859083,0.3420201433256688,0.7071067811865476,-0.7071067811865475,1.9,9.0
2026-07-17 09:50:00,70.0,9.0,1.9,1017.5,26.8,27.5,1.9,1.9,1.9,8.0,9.0,9.0,1017.4,1017.2,1016.9,1.9,0.0,1.9,0.0,8.666666666666666,0.5773502691896255,8.833333333333334,0.4082482904638632,0.6000000000000227,0.2999999999999545,0.9396926207859083,0.3420201433256688,0.7071067811865476,-0.7071067811865475,1.9,10.0
2026-07-17 11:20:00,70.0,9.0,2.0,1018.0,27.2,27.5,2.0,1.9,1.9,9.0,9.0,10.0,1018.0,1017.8,1017.8,2.0,0.0,1.9666666666666668,0.057735026918962484,9.0,0.0,9.0,0.0,0.20000000000004547,0.20000000000004547,0.9396926207859083,0.3420201433256688,0.258819045102521,-0.9659258262890682,1.7,9.0
2026-07-17 12:20:00,80.0,9.0,1.8,1018.0,27.4,27.5,1.8,1.7,2.0,9.0,9.0,9.0,1018.0,1018.0,1018.0,1.8,0.0,1.7666666666666668,0.05773502691896235,9.0,0.0,8.833333333333334,0.4082482904638632,0.0,0.0,0.984807753012208,0.17364817766693041,1.2246467991473532e-16,-1.0,1.8,9.0
2026-07-17 13:20:00,80.0,8.0,1.9,1018.2,27.2,27.5,1.9,1.8,1.8,8.0,9.0,9.0,1018.2,1018.1,1018.0,1.9,0.0,1.866666666666667,0.05773502691896261,8.333333333333334,0.5773502691896255,8.833333333333334,0.7527726527090811,0.20000000000004547,0.10000000000002274,0.984807753012208,0.17364817766693041,-0.2588190451025208,-0.9659258262890683,1.9,8.0
2026-07-17 13:50:00,80.0,8.0,1.9,1018.2,27.2,27.5,1.9,1.9,1.8,8.0,8.0,9.0,1018.2,1018.2,1018.1,1.9,0.0,1.9,0.0,8.0,0.0,8.166666666666666,0.40824829046386646,0.10000000000002274,0.0,0.984807753012208,0.17364817766693041,-0.2588190451025208,-0.9659258262890683,2.0,8.0
2026-07-17 14:20:00,70.0,8.0,2.0,1018.0,27.2,27.6,2.0,1.9,1.9,8.0,8.0,8.0,1018.1,1018.2,1018.2,2.0,0.0,1.9500000000000002,0.05773502691896274,8.0,0.0,8.0,0.0,-0.20000000000004547,-0.20000000000004547,0.9396926207859083,0.3420201433256688,-0.4999999999999997,-0.8660254037844388,1.9,9.0
2026-07-17 16:20:00,60.0,10.0,2.2,1017.3,27.2,27.6,2.2,1.9,1.8,10.0,9.0,9.0,1017.3,1017.5,1017.9,2.2,0.0,2.1,0.17320508075688767,10.0,0.0,9.5,0.5477225575051671,-0.6000000000000227,-0.20000000000004547,0.8660254037844386,0.5000000000000001,-0.8660254037844385,-0.5000000000000004,1.9,9.0
2026-07-17 17:20:00,70.0,9.0,2.1,1016.9,27.3,,2.1,1.9,2.2,9.0,9.0,10.0,1017.0,1017.1,1017.3,2.1,0.0,2.033333333333333,0.11547005383792511,9.0,0.0,9.166666666666666,0.4082482904638632,-0.39999999999997726,-0.20000000000004547,0.9396926207859083,0.3420201433256688,-0.9659258262890683,-0.25881904510252063,2.0,9.0
2026-07-17 18:20:00,70.0,9.0,2.1,1016.3,27.4,27.6,2.1,2.0,2.1,9.0,9.0,9.0,1016.4,1016.7,1016.9,2.1,0.0,2.0666666666666664,0.05773502691896269,9.0,0.0,9.0,0.0,-0.6000000000000227,-0.40000000000009095,0.9396926207859083,0.3420201433256688,-1.0,-1.8369701987210297e-16,2.1,9.0
2026-07-17 19:20:00,70.0,9.0,2.2,1015.9,27.4,27.6,2.2,2.1,2.1,9.0,9.0,9.0,1015.9,1016.1,1016.3,2.2,0.0,2.166666666666667,0.05773502691896285,9.0,0.0,9.333333333333334,0.5163977794943228,-0.39999999999997726,-0.20000000000004547,0.9396926207859083,0.3420201433256688,-0.9659258262890684,0.2588190451025203,1.9,9.0
2026-07-17 20:20:00,80.0,9.0,1.9,1015.5,27.4,27.6,1.9,1.9,2.2,9.0,9.0,9.0,1015.6,1015.6,1015.9,1.9,0.0,1.9,0.0,9.333333333333334,0.5773502691896255,9.166666666666666,0.4082482904638632,-0.39999999999997726,-0.10000000000002274,0.984807753012208,0.17364817766693041,-0.8660254037844386,0.5000000000000001,2.1,9.0
2026-07-17 22:20:00,80.0,9.0,2.1,1015.9,27.2,27.6,2.1,2.1,2.0,9.0,10.0,9.0,1015.9,1015.6,1015.6,2.1,0.0,2.1,0.0,9.0,0.0,9.166666666666666,0.4082482904638632,0.2999999999999545,0.2999999999999545,0.984807753012208,0.17364817766693041,-0.5000000000000004,0.8660254037844384,2.1,9.0
2026-07-18 00:50:00,80.0,8.0,2.1,1017.2,27.2,27.6,2.1,2.2,2.2,9.0,9.0,9.0,1017.1,1016.9,1016.7,2.1,0.0,2.1333333333333333,0.05773502691896285,8.666666666666666,0.5773502691896255,8.833333333333334,0.4082482904638632,0.5,0.3000000000000682,0.984807753012208,0.17364817766693041,0.0,1.0,2.0,9.0
2026-07-18 01:20:00,70.0,9.0,2.0,1017.5,27.1,27.5,2.0,2.1,2.2,9.0,8.0,9.0,1017.3,1017.2,1016.9,2.0,0.0,2.05,0.057735026918963595,9.0,0.0,8.833333333333334,0.4082482904638632,0.6000000000000227,0.2999999999999545,0.9396926207859083,0.3420201433256688,0.25881904510252074,0.9659258262890683,2.1,10.0
2026-07-18 03:50:00,70.0,9.0,2.3,1017.3,27.2,27.5,2.3,2.2,2.3,9.0,10.0,10.0,1017.4,1017.5,1017.6,2.3,0.0,2.2666666666666666,0.05773502691896237,9.0,0.0,9.333333333333334,0.5163977794943226,-0.3000000000000682,-0.20000000000004547,0.9396926207859083,0.3420201433256688,0.7071067811865476,0.7071067811865476,2.2,9.0
2026-07-18 04:20:00,70.0,9.0,2.2,1016.9,27.1,27.5,2.2,2.3,2.2,9.0,9.0,10.0,1017.1,1017.3,1017.5,2.2,0.0,2.25,0.05773502691896237,9.0,0.0,9.0,0.0,-0.6000000000000227,-0.39999999999997726,0.9396926207859083,0.3420201433256688,0.8660254037844386,0.5000000000000001,2.4,8.0
2026-07-18 06:20:00,80.0,8.0,2.2,1015.9,27.1,27.5,2.2,2.2,2.2,8.0,9.0,9.0,1015.9,1016.1,1016.4,2.2,0.0,2.2,0.0,8.0,0.0,8.166666666666666,0.40824829046386646,-0.5,-0.20000000000004547,0.984807753012208,0.17364817766693041,1.0,6.123233995736766e-17,2.0,9.0
2026-07-18 06:50:00,70.0,9.0,2.0,1015.9,27.1,,2.0,2.2,2.2,8.0,8.0,9.0,1015.9,1015.9,1016.1,2.0,0.0,2.1,0.11547005383792548,8.333333333333334,0.5773502691896255,8.166666666666666,0.4082482904638632,-0.20000000000004547,0.0,0.9396926207859083,0.3420201433256688,1.0,6.123233995736766e-17,2.1,9.0
2026-07-18 07:20:00,80.0,9.0,2.1,1015.9,27.1,27.5,2.1,2.0,2.2,9.0,9.0,8.0,1015.9,1015.9,1015.9,2.1,0.0,2.0500000000000003,0.05773502691896362,9.0,0.0,8.666666666666666,0.516397779494324,0.0,0.0,0.984807753012208,0.17364817766693041,0.9659258262890683,-0.25881904510252063,2.0,10.0
2026-07-18 08:50:00,80.0,9.0,2.1,1015.8,27.2,27.5,2.1,2.1,2.0,9.0,10.0,10.0,1015.7,1015.7,1015.8,2.1,0.0,2.1,0.0,9.333333333333334,0.5773502691896255,9.5,0.5477225575051671,0.0,0.09999999999990905,0.984807753012208,0.17364817766693041,0.8660254037844387,-0.4999999999999998,2.3,10.0
2026-07-18 09:20:00,80.0,10.0,2.3,1015.9,27.2,27.5,2.3,2.1,2.1,9.0,9.0,10.0,1015.9,1015.8,1015.7,2.3,0.0,2.2,0.11547005383792512,9.333333333333334,0.5773502691896255,9.333333333333334,0.5163977794943228,0.1999999999999318,0.10000000000002274,0.984807753012208,0.17364817766693041,0.7071067811865476,-0.7071067811865475,2.1,9.0
2026-07-18 09:50:00,80.0,9.0,2.1,1015.9,27.1,27.5,2.1,2.3,2.1,9.0,10.0,9.0,1015.8,1015.9,1015.8,2.1,0.0,2.2,0.11547005383792512,9.0,0.0,9.166666666666666,0.4082482904638632,0.10000000000002274,0.0,0.984807753012208,0.17364817766693041,0.7071067811865476,-0.7071067811865475,1.8,9.0
2026-07-18 12:20:00,70.0,10.0,2.0,1016.1,27.2,27.5,2.0,1.9,2.0,9.0,8.0,9.0,1016.0,1016.0,1016.1,2.0,0.0,1.9666666666666668,0.057735026918962644,9.333333333333334,0.5773502691896255,8.833333333333334,0.7527726527090811,0.0,0.10000000000002274,0.9396926207859083,0.3420201433256688,1.2246467991473532e-16,-1.0,2.1,9.0
2026-07-18 13:20:00,60.0,10.0,2.0,1015.6,27.2,27.5,2.0,2.1,2.0,10.0,9.0,10.0,1015.7,1016.0,1016.1,2.0,0.0,2.033333333333333,0.05773502691896269,9.666666666666666,0.5773502691896255,9.5,0.547722557505167,-0.5,-0.39999999999997726,0.8660254037844386,0.5000000000000001,-0.2588190451025208,-0.9659258262890683,2.0,10.0
2026-07-18 15:20:00,80.0,9.0,2.1,1015.2,27.4,27.5,2.1,2.0,1.9,10.0,10.0,11.0,1015.2,1015.3,1015.4,2.1,0.0,2.0666666666666664,0.05773502691896282,10.0,0.9999999999999998,10.0,0.6324555320336795,-0.1999999999999318,-0.09999999999990905,0.984807753012208,0.17364817766693041,-0.7071067811865471,-0.7071067811865479,2.1,9.0
2026-07-18 15:50:00,80.0,9.0,2.1,1014.8,27.4,27.6,2.1,2.1,2.0,9.0,9.0,10.0,1014.9,1015.2,1015.3,2.1,0.0,2.1,0.0,9.0,0.0,9.5,0.8366600265340789,-0.5,-0.40000000000009095,0.984807753012208,0.17364817766693041,-0.7071067811865471,-0.7071067811865479,2.1,9.0
2026-07-18 16:20:00,70.0,9.0,2.1,1014.7,27.3,27.6,2.1,2.1,2.1,8.0,9.0,9.0,1014.8,1014.8,1015.2,2.1,0.0,2.1,0.0,8.666666666666666,0.5773502691896255,8.833333333333334,0.4082482904638632,-0.5,-0.09999999999990905,0.9396926207859083,0.3420201433256688,-0.8660254037844385,-0.5000000000000004,2.0,8.0
2026-07-18 17:20:00,80.0,8.0,2.0,1014.1,27.4,27.6,2.0,2.0,2.1,8.0,8.0,9.0,1014.2,1014.3,1014.7,2.0,0.0,2.0,0.0,8.0,0.0,8.166666666666666,0.40824829046386646,-0.6000000000000227,-0.1999999999999318,0.984807753012208,0.17364817766693041,-0.9659258262890683,-0.25881904510252063,2.0,8.0
2026-07-18 19:50:00,70.0,9.0,1.8,1013.4,27.5,27.6,1.8,1.9,2.0,9.0,9.0,9.0,1013.4,1013.4,1013.7,1.8,0.0,1.8333333333333333,0.05773502691896232,9.0,0.0,9.0,0.0,-0.3000000000000682,0.0,0.9396926207859083,0.3420201433256688,-0.9659258262890684,0.2588190451025203,2.0,9.0
2026-07-18 20:20:00,70.0,9.0,2.0,1013.6,27.6,27.6,2.0,1.8,1.9,9.0,9.0,9.0,1013.6,1013.4,1013.4,2.0,0.0,1.9,0.11547005383792511,8.666666666666666,0.5773502691896255,8.833333333333334,0.4082482904638632,0.20000000000004547,0.20000000000004547,0.9396926207859083,0.3420201433256688,-0.8660254037844386,0.5000000000000001,1.9,10.0
2026-07-18 21:20:00,60.0,10.0,1.8,1013.9,27.4,27.6,1.8,1.9,2.0,10.0,10.0,9.0,1013.8,1013.7,1013.6,1.8,0.0,1.8333333333333333,0.05773502691896215,9.666666666666666,0.5773502691896255,9.5,0.547722557505167,0.2999999999999545,0.1999999999999318,0.8660254037844386,0.5000000000000001,-0.7071067811865477,0.7071067811865474,2.0,9.0
2026-07-18 21:50:00,70.0,9.0,2.0,1014.1,27.4,27.6,2.0,1.8,1.9,9.0,10.0,10.0,1014.0,1013.9,1013.7,2.0,0.0,1.9,0.11547005383792504,9.0,0.0,9.333333333333334,0.5163977794943226,0.39999999999997726,0.20000000000004547,0.9396926207859083,0.3420201433256688,-0.7071067811865477,0.7071067811865474,2.0,9.0
2026-07-18 22:20:00,70.0,9.0,2.0,1014.3,27.3,27.6,2.0,2.0,1.8,9.0,9.0,10.0,1014.1,1014.1,1013.9,2.0,0.0,2.0,0.0,9.0,0.0,9.0,0.0,0.39999999999997726,0.1999999999999318,0.9396926207859083,0.3420201433256688,-0.5000000000000004,0.8660254037844384,1.9,9.0
2026-07-19 01:20:00,70.0,7.0,2.0,1016.1,27.2,27.6,2.0,1.9,1.9,8.0,8.0,8.0,1016.0,1015.8,1015.4,2.0,0.0,1.9666666666666666,0.057735026918962484,7.666666666666667,0.5773502691896258,7.666666666666667,0.5163977794943272,0.7000000000000455,0.3000000000000682,0.9396926207859083,0.3420201433256688,0.25881904510252074,0.9659258262890683,1.9,7.0
2026-07-19 02:20:00,80.0,6.0,1.9,1016.1,26.6,27.6,1.9,1.9,2.0,7.0,7.0,7.0,1016.2,1016.2,1016.1,1.9,0.0,1.9,0.0,6.333333333333333,0.5773502691896258,6.333333333333333,0.5163977794943332,0.0,-0.10000000000002274,0.984807753012208,0.17364817766693041,0.49999999999999994,0.8660254037844387,1.8,8.0
2026-07-19 02:50:00,80.0,8.0,1.8,1016.0,27.2,27.6,1.8,1.9,1.9,7.0,6.0,7.0,1016.1,1016.1,1016.2,1.8,0.0,1.8499999999999999,0.05773502691896256,7.333333333333333,0.5773502691896258,6.833333333333333,0.752772652709087,-0.20000000000004547,-0.10000000000002274,0.984807753012208,0.17364817766693041,0.49999999999999994,0.8660254037844387,2.0,8.0
2026-07-19 03:20:00,80.0,8.0,2.0,1015.9,27.2,27.5,2.0,1.8,1.9,8.0,8.0,6.0,1015.9,1016.0,1016.1,2.0,0.0,1.9,0.11547005383792518,8.0,0.0,7.666666666666667,0.5163977794943264,-0.20000000000004547,-0.10000000000002274,0.984807753012208,0.17364817766693041,0.7071067811865476,0.7071067811865476,1.9,8.0
2026-07-19 04:20:00,70.0,8.0,1.9,1015.1,27.1,27.5,1.9,1.9,2.0,9.0,8.0,8.0,1015.3,1015.5,1015.9,1.9,0.0,1.9,0.0,8.333333333333334,0.5773502691896255,8.333333333333334,0.5163977794943205,-0.7999999999999545,-0.39999999999997726,0.9396926207859083,0.3420201433256688,0.8660254037844386,0.5000000000000001,1.9,8.0
2026-07-19 05:20:00,70.0,8.0,1.9,1014.5,27.1,27.5,1.9,1.9,1.9,8.0,8.0,8.0,1014.7,1014.8,1015.1,1.9,0.0,1.9,0.0,7.666666666666667,0.5773502691896258,7.666666666666667,0.5163977794943294,-0.6000000000000227,-0.2999999999999545,0.9396926207859083,0.3420201433256688,0.9659258262890683,0.25881904510252074,1.8,8.0
2026-07-19 06:20:00,70.0,8.0,1.8,1014.0,27.1,27.5,1.8,1.8,1.9,8.0,8.0,8.0,1014.3,1014.4,1014.5,1.8,0.0,1.8,0.0,8.0,0.0,8.0,0.0,-0.5,-0.39999999999997726,0.9396926207859083,0.3420201433256688,1.0,6.123233995736766e-17,1.9,8.0
2026-07-19 07:50:00,60.0,8.0,2.0,1013.9,27.0,27.5,2.0,1.8,1.9,9.0,9.0,8.0,1013.9,1013.9,1013.9,2.0,0.0,1.9,0.11547005383792518,8.333333333333334,0.5773502691896258,8.6,0.5477225575051663,0.0,0.0,0.8660254037844386,0.5000000000000001,0.9659258262890683,-0.25881904510252063,1.9,8.0
2026-07-19 08:20:00,70.0,8.0,1.9,1013.9,26.9,27.5,1.9,2.0,1.8,8.0,8.0,9.0,1013.9,1013.9,1013.9,1.9,0.0,1.95,0.0577350269189629,8.0,0.0,8.166666666666666,0.4082482904638637,0.0,0.0,0.9396926207859083,0.3420201433256688,0.8660254037844387,-0.4999999999999998,2.0,8.0
2026-07-19 08:50:00,70.0,8.0,2.0,1013.9,27.0,27.5,2.0,1.9,2.0,8.0,8.0,8.0,1013.9,1013.9,1013.9,2.0,0.0,1.95,0.0577350269189629,8.0,0.0,8.0,0.0,0.0,0.0,0.9396926207859083,0.3420201433256688,0.8660254037844387,-0.4999999999999998,1.9,8.0
2026-07-19 09:20:00,70.0,8.0,1.9,1013.8,26.9,27.5,1.9,2.0,1.9,8.0,8.0,8.0,1013.8,1013.9,1013.9,1.9,0.0,1.95,0.0577350269189629,8.0,0.0,8.0,0.0,-0.10000000000002274,-0.10000000000002274,0.9396926207859083,0.3420201433256688,0.7071067811865476,-0.7071067811865475,1.9,8.0
2026-07-19 10:20:00,60.0,8.0,1.8,1014.3,27.1,27.5,1.8,1.9,1.9,8.0,8.0,8.0,1014.3,1014.1,1013.8,1.8,0.0,1.8333333333333333,0.05773502691896261,8.333333333333334,0.5773502691896255,8.166666666666666,0.4082482904638632,0.5,0.1999999999999318,0.8660254037844386,0.5000000000000001,0.49999999999999994,-0.8660254037844387,1.8,9.0
2026-07-19 10:50:00,70.0,9.0,1.8,1014.1,27.1,27.5,1.8,1.8,1.9,9.0,8.0,8.0,1014.2,1014.3,1014.1,1.8,0.0,1.8,0.0,9.0,0.0,8.666666666666666,0.516397779494324,0.0,-0.1999999999999318,0.9396926207859083,0.3420201433256688,0.49999999999999994,-0.8660254037844387,1.9,9.0
2026-07-19 11:20:00,60.0,9.0,1.9,1014.2,27.2,27.5,1.9,1.8,1.8,9.0,9.0,8.0,1014.2,1014.1,1014.3,1.9,0.0,1.85,0.05773502691896256,9.333333333333334,0.5773502691896255,9.166666666666666,0.40824829046386735,-0.09999999999990905,0.10000000000002274,0.8660254037844386,0.5000000000000001,0.258819045102521,-0.9659258262890682,1.9,8.0
2026-07-19 12:20:00,70.0,9.0,1.9,1014.5,27.3,27.5,1.9,1.9,1.9,9.0,8.0,9.0,1014.4,1014.4,1014.2,1.9,0.0,1.9,0.0,9.0,0.0,9.0,0.6324555320336788,0.2999999999999545,0.10000000000002274,0.9396926207859083,0.3420201433256688,1.2246467991473532e-16,-1.0,2.0,11.0
2026-07-19 13:20:00,70.0,10.0,2.0,1014.0,27.4,27.5,2.0,2.0,1.9,10.0,11.0,9.0,1014.0,1013.7,1014.5,2.0,0.0,2.0,0.0,10.333333333333334,0.5773502691896255,10.0,0.8944271909999152,-0.5,0.2999999999999545,0.9396926207859083,0.3420201433256688,-0.2588190451025208,-0.9659258262890683,2.1,10.0
2026-07-19 13:50:00,70.0,10.0,2.1,1013.8,27.4,27.5,2.1,2.0,2.0,11.0,10.0,11.0,1013.6,1014.0,1013.7,2.1,0.0,2.05,0.05773502691896274,10.333333333333334,0.5773502691896255,10.333333333333334,0.5163977794943214,0.09999999999990905,-0.20000000000004547,0.9396926207859083,0.3420201433256688,-0.2588190451025208,-0.9659258262890683,2.0,10.0
2026-07-19 14:20:00,70.0,10.0,2.0,1013.8,27.4,27.5,2.0,2.1,2.0,10.0,10.0,10.0,1013.8,1013.8,1014.0,2.0,0.0,2.05,0.05773502691896274,10.0,0.0,10.166666666666666,0.40824829046386163,-0.20000000000004547,0.0,0.9396926207859083,0.3420201433256688,-0.4999999999999997,-0.8660254037844388,2.0,9.0
2026-07-19 14:50:00,80.0,9.0,2.0,1014.1,27.4,27.6,2.0,2.0,2.1,9.0,10.0,10.0,1014.0,1013.8,1013.8,2.0,0.0,2.0,0.0,9.0,0.0,9.5,0.5477225575051659,0.3000000000000682,0.3000000000000682,0.984807753012208,0.17364817766693041,-0.4999999999999997,-0.8660254037844388,2.1,8.0
2026-07-19 15:20:00,80.0,8.0,2.1,1014.2,27.4,27.6,2.1,2.0,2.0,8.0,9.0,10.0,1014.1,1014.1,1013.8,2.1,0.0,2.0500000000000003,0.05773502691896274,8.0,0.0,8.5,0.5477225575051702,0.40000000000009095,0.10000000000002274,0.984807753012208,0.17364817766693041,-0.7071067811865471,-0.7071067811865479,1.8,8.0
2026-07-19 15:50:00,80.0,8.0,1.8,1013.8,27.4,27.6,1.8,2.1,2.0,8.0,8.0,9.0,1014.0,1014.2,1014.1,1.8,0.0,1.9500000000000002,0.1732050807568876,8.0,0.0,8.0,0.0,-0.3000000000000682,-0.40000000000009095,0.984807753012208,0.17364817766693041,-0.7071067811865471,-0.7071067811865479,2.0,8.0
2026-07-19 16:20:00,70.0,8.0,2.0,1013.5,27.4,27.6,2.0,1.8,2.1,8.0,8.0,8.0,1013.6,1013.8,1014.2,2.0,0.0,1.9,0.1154700538379247,8.0,0.0,8.0,0.0,-0.7000000000000455,-0.2999999999999545,0.9396926207859083,0.3420201433256688,-0.8660254037844385,-0.5000000000000004,1.8,7.0
2026-07-19 17:20:00,70.0,7.0,1.9,1013.4,27.5,27.6,1.9,1.8,2.0,7.0,7.0,8.0,1013.4,1013.5,1013.5,1.9,0.0,1.8666666666666665,0.057735026918962415,7.0,0.0,7.0,0.0,-0.10000000000002274,-0.10000000000002274,0.9396926207859083,0.3420201433256688,-0.9659258262890683,-0.25881904510252063,1.8,6.0
2026-07-19 17:50:00,70.0,6.0,1.8,1013.2,27.5,27.7,1.8,1.9,1.8,7.0,7.0,7.0,1013.4,1013.4,1013.5,1.8,0.0,1.85,0.0577350269189624,6.666666666666667,0.5773502691896258,6.833333333333333,0.40824829046386296,-0.2999999999999545,-0.1999999999999318,0.9396926207859083,0.3420201433256688,-0.9659258262890683,-0.25881904510252063,1.8,7.0
2026-07-19 18:20:00,70.0,7.0,1.8,1013.1,27.4,27.7,1.8,1.8,1.9,7.0,6.0,7.0,1013.0,1013.2,1013.4,1.8,0.0,1.8,0.0,7.0,0.0,6.833333333333333,0.40824829046386296,-0.2999999999999545,-0.10000000000002274,0.9396926207859083,0.3420201433256688,-1.0,-1.8369701987210297e-16,1.9,6.0
2026-07-19 18:50:00,80.0,6.0,1.9,1012.9,27.4,,1.9,1.8,1.8,6.0,7.0,6.0,1013.0,1013.1,1013.2,1.9,0.0,1.8499999999999999,0.05773502691896256,6.0,0.0,6.5,0.5477225575051659,-0.3000000000000682,-0.20000000000004547,0.984807753012208,0.17364817766693041,-1.0,-1.8369701987210297e-16,1.8,7.0
2026-07-19 19:50:00,70.0,6.0,1.7,1012.4,27.5,27.7,1.7,1.8,1.9,7.0,7.0,6.0,1012.4,1012.4,1012.9,1.7,0.0,1.7333333333333334,0.05773502691896285,6.666666666666667,0.5773502691896258,6.666666666666667,0.5163977794943221,-0.5,0.0,0.9396926207859083,0.3420201433256688,-0.9659258262890684,0.2588190451025203,1.8,7.0
2026-07-19 20:20:00,70.0,7.0,1.8,1012.6,27.4,27.7,1.8,1.7,1.8,6.0,6.0,7.0,1012.6,1012.4,1012.4,1.8,0.0,1.75,0.05773502691896276,6.333333333333333,0.5773502691896258,6.5,0.5477225575051659,0.20000000000004547,0.20000000000004547,0.9396926207859083,0.3420201433256688,-0.8660254037844386,0.5000000000000001,1.6,7.0
2026-07-19 21:20:00,60.0,6.0,1.7,1012.9,27.4,27.7,1.7,1.6,1.8,7.0,7.0,7.0,1012.7,1012.7,1012.6,1.7,0.0,1.6666666666666667,0.05773502691896265,6.333333333333333,0.5773502691896258,6.666666666666667,0.5163977794943221,0.2999999999999545,0.1999999999999318,0.8660254037844386,0.5000000000000001,-0.7071067811865477,0.7071067811865474,1.7,6.0
2026-07-19 21:50:00,50.0,6.0,1.7,1013.1,27.2,27.6,1.7,1.7,1.6,6.0,6.0,7.0,1013.0,1012.9,1012.7,1.7,0.0,1.7,0.0,6.0,0.0,6.166666666666667,0.4082482904638632,0.39999999999997726,0.20000000000004547,0.766044443118978,0.6427876096865394,-0.7071067811865477,0.7071067811865474,1.6,6.0
2026-07-19 22:20:00,60.0,6.0,1.6,1013.2,27.3,27.6,1.6,1.7,1.7,7.0,6.0,6.0,1013.1,1013.1,1012.9,1.6,0.0,1.65,0.05773502691896256,6.333333333333333,0.5773502691896258,6.166666666666667,0.40824829046386296,0.3000000000000682,0.10000000000002274,0.8660254037844386,0.5000000000000001,-0.5000000000000004,0.8660254037844384,1.5,6.0
2026-07-20 01:20:00,70.0,7.0,1.7,1014.9,27.2,27.6,1.7,1.6,1.6,7.0,6.0,6.0,1014.8,1014.8,1014.3,1.7,0.0,1.6666666666666667,0.05773502691896261,6.666666666666667,0.5773502691896258,6.333333333333333,0.5163977794943221,0.6000000000000227,0.10000000000002274,0.9396926207859083,0.3420201433256688,0.25881904510252074,0.9659258262890683,1.4,6.0
2026-07-20 02:20:00,70.0,6.0,1.7,1015.0,27.1,27.6,1.7,1.4,1.7,7.0,6.0,7.0,1014.9,1014.9,1014.9,1.7,0.0,1.5999999999999999,0.17320508075688773,6.333333333333333,0.5773502691896258,6.333333333333333,0.5163977794943221,0.10000000000002274,0.10000000000002274,0.9396926207859083,0.3420201433256688,0.49999999999999994,0.8660254037844387,1.6,6.0
2026-07-20 03:20:00,60.0,6.0,1.5,1014.7,27.1,27.6,1.5,1.6,1.7,7.0,6.0,6.0,1014.7,1014.8,1015.0,1.5,0.0,1.5333333333333332,0.05773502691896298,6.333333333333333,0.5773502691896258,6.333333333333333,0.5163977794943221,-0.2999999999999545,-0.09999999999990905,0.8660254037844386,0.5000000000000001,0.7071067811865476,0.7071067811865476,1.4,6.0
2026-07-20 04:20:00,60.0,6.0,1.5,1014.1,26.9,27.6,1.5,1.4,1.5,6.0,6.0,6.0,1014.2,1014.5,1014.7,1.5,0.0,1.4666666666666668,0.057735026918962595,6.0,0.0,6.166666666666667,0.4082482904638632,-0.6000000000000227,-0.39999999999997726,0.8660254037844386,0.5000000000000001,0.8660254037844386,0.5000000000000001,1.3,6.0
2026-07-20 06:50:00,70.0,6.0,1.5,1013.2,26.8,27.6,1.5,1.5,1.5,6.0,6.0,6.0,1013.2,1013.2,1013.3,1.5,0.0,1.5,0.0,6.0,0.0,6.0,0.0,-0.09999999999990905,0.0,0.9396926207859083,0.3420201433256688,1.0,6.123233995736766e-17,1.5,6.0
2026-07-20 07:20:00,60.0,6.0,1.5,1013.1,26.8,27.6,1.5,1.5,1.5,6.0,6.0,6.0,1013.1,1013.2,1013.2,1.5,0.0,1.5,0.0,6.0,0.0,6.0,0.0,-0.10000000000002274,-0.10000000000002274,0.8660254037844386,0.5000000000000001,0.9659258262890683,-0.25881904510252063,1.4,6.0
2026-07-20 07:50:00,70.0,6.0,1.4,1013.2,26.8,27.5,1.4,1.5,1.5,6.0,6.0,6.0,1013.2,1013.1,1013.2,1.4,0.0,1.45,0.05773502691896274,6.0,0.0,6.0,0.0,0.0,0.10000000000002274,0.9396926207859083,0.3420201433256688,0.9659258262890683,-0.25881904510252063,1.4,6.0
2026-07-20 08:20:00,70.0,6.0,1.4,1013.2,26.8,27.5,1.4,1.4,1.5,6.0,6.0,6.0,1013.2,1013.2,1013.1,1.4,0.0,1.4,0.0,6.0,0.0,6.0,0.0,0.10000000000002274,0.0,0.9396926207859083,0.3420201433256688,0.8660254037844387,-0.4999999999999998,1.4,6.0
2026-07-20 09:50:00,80.0,6.0,1.4,1013.5,26.8,27.6,1.4,1.4,1.4,6.0,6.0,6.0,1013.4,1013.3,1013.2,1.4,0.0,1.4,0.0,6.0,0.0,6.0,0.0,0.2999999999999545,0.20000000000004547,0.984807753012208,0.17364817766693041,0.7071067811865476,-0.7071067811865475,1.3,6.0
2026-07-20 10:20:00,80.0,6.0,1.3,1013.5,26.9,27.5,1.3,1.4,1.4,6.0,6.0,6.0,1013.4,1013.5,1013.3,1.3,0.0,1.3499999999999999,0.05773502691896256,6.0,0.0,6.0,0.0,0.20000000000004547,0.0,0.984807753012208,0.17364817766693041,0.49999999999999994,-0.8660254037844387,1.4,7.0
2026-07-20 11:20:00,80.0,7.0,1.3,1013.5,27.1,27.6,1.3,1.4,1.3,7.0,7.0,6.0,1013.5,1013.5,1013.5,1.3,0.0,1.3333333333333333,0.05773502691896253,6.666666666666667,0.5773502691896258,6.5,0.5477225575051659,0.0,0.0,0.984807753012208,0.17364817766693041,0.258819045102521,-0.9659258262890682,1.3,6.0
2026-07-20 11:50:00,80.0,6.0,1.3,1013.6,27.2,27.6,1.3,1.3,1.4,7.0,7.0,7.0,1013.6,1013.5,1013.5,1.3,0.0,1.3,0.0,6.666666666666667,0.5773502691896258,6.666666666666667,0.5163977794943221,0.10000000000002274,0.10000000000002274,0.984807753012208,0.17364817766693041,0.258819045102521,-0.9659258262890682,1.3,6.0
2026-07-20 13:20:00,70.0,6.0,1.3,1013.8,27.1,27.6,1.3,1.3,1.3,5.0,6.0,6.0,1013.8,1013.7,1013.6,1.3,0.0,1.3,0.0,5.666666666666667,0.5773502691896258,5.833333333333333,0.40824829046386296,0.1999999999999318,0.09999999999990905,0.9396926207859083,0.3420201433256688,-0.2588190451025208,-0.9659258262890683,1.3,5.0
2026-07-20 14:20:00,80.0,5.0,1.4,1014.0,27.2,27.7,1.4,1.3,1.3,4.0,5.0,6.0,1014.0,1013.9,1013.8,1.4,0.0,1.3666666666666665,0.05773502691896261,4.666666666666667,0.5773502691896258,5.0,0.6324555320336759,0.20000000000004547,0.10000000000002274,0.984807753012208,0.17364817766693041,-0.4999999999999997,-0.8660254037844388,1.3,5.0
2026-07-20 15:20:00,70.0,5.0,1.3,1013.9,27.2,27.8,1.3,1.3,1.4,5.0,5.0,5.0,1014.0,1013.9,1014.0,1.3,0.0,1.3,0.0,5.0,0.0,5.0,0.0,-0.10000000000002274,0.0,0.9396926207859083,0.3420201433256688,-0.7071067811865471,-0.7071067811865479,1.3,5.0
2026-07-20 15:50:00,80.0,5.0,1.3,1013.8,27.2,27.8,1.3,1.3,1.3,5.0,5.0,5.0,1013.8,1013.9,1013.9,1.3,0.0,1.3,0.0,5.0,0.0,5.0,0.0,-0.10000000000002274,-0.10000000000002274,0.984807753012208,0.17364817766693041,-0.7071067811865471,-0.7071067811865479,1.3,5.0
2026-07-20 17:20:00,80.0,4.0,1.2,1013.0,27.2,28.0,1.2,1.3,1.3,5.0,5.0,5.0,1013.0,1013.3,1013.5,1.2,0.0,1.2333333333333334,0.057735026918962595,4.666666666666667,0.5773502691896258,4.833333333333333,0.40824829046386296,-0.5,-0.2999999999999545,0.984807753012208,0.17364817766693041,-0.9659258262890683,-0.25881904510252063,1.3,4.0
2026-07-20 18:50:00,60.0,4.0,1.2,1012.6,27.3,,1.2,1.2,1.3,4.0,4.0,4.0,1012.6,1012.8,1013.0,1.2,0.0,1.2,0.0,4.0,0.0,4.0,0.0,-0.39999999999997726,-0.1999999999999318,0.8660254037844386,0.5000000000000001,-1.0,-1.8369701987210297e-16,1.2,5.0
2026-07-20 19:20:00,60.0,5.0,1.2,1012.6,27.4,28.0,1.2,1.2,1.2,5.0,4.0,4.0,1012.6,1012.6,1012.8,1.2,0.0,1.2,0.0,5.0,0.0,4.5,0.5477225575051659,-0.1999999999999318,0.0,0.8660254037844386,0.5000000000000001,-0.9659258262890684,0.2588190451025203,1.2,4.0
2026-07-20 20:20:00,60.0,4.0,1.1,1012.5,27.4,27.9,1.1,1.2,1.2,4.0,4.0,5.0,1012.5,1012.6,1012.6,1.1,0.0,1.1333333333333335,0.05773502691896261,4.0,0.0,4.0,0.0,-0.10000000000002274,-0.10000000000002274,0.8660254037844386,0.5000000000000001,-0.8660254037844386,0.5000000000000001,1.1,5.0
2026-07-20 21:20:00,70.0,5.0,1.2,1012.6,27.3,27.9,1.2,1.1,1.1,5.0,5.0,4.0,1012.6,1012.5,1012.5,1.2,0.0,1.1666666666666667,0.05773502691896261,5.0,0.0,4.833333333333333,0.4082482904638632,0.10000000000002274,0.10000000000002274,0.9396926207859083,0.3420201433256688,-0.7071067811865477,0.7071067811865474,1.2,5.0
2026-07-20 23:20:00,70.0,5.0,1.1,1013.8,27.1,,1.1,1.1,1.2,5.0,5.0,5.0,1013.7,1013.4,1013.1,1.1,0.0,1.1,0.0,5.0,0.0,5.333333333333333,0.5163977794943221,0.6999999999999318,0.39999999999997726,0.9396926207859083,0.3420201433256688,-0.25881904510252157,0.9659258262890681,1.1,4.0
2026-07-20 23:50:00,80.0,4.0,1.1,1014.2,27.1,,1.1,1.1,1.1,4.0,5.0,5.0,1014.0,1013.8,1013.4,1.1,0.0,1.1,0.0,4.333333333333333,0.5773502691896258,4.666666666666667,0.5163977794943221,0.8000000000000682,0.40000000000009095,0.984807753012208,0.17364817766693041,-0.25881904510252157,0.9659258262890681,1.2,4.0
2026-07-21 01:20:00,90.0,4.0,1.1,1015.0,27.1,27.7,1.1,1.2,1.2,4.0,3.0,4.0,1014.8,1014.6,1014.5,1.1,0.0,1.1333333333333333,0.05773502691896261,3.6666666666666665,0.5773502691896257,3.8333333333333335,0.752772652709081,0.5,0.39999999999997726,1.0,6.123233995736766e-17,0.25881904510252074,0.9659258262890683,1.1,4.0
2026-07-21 02:20:00,110.0,5.0,1.1,1015.2,27.1,27.6,1.1,1.1,1.1,5.0,4.0,4.0,1015.3,1015.2,1015.0,1.1,0.0,1.1,0.0,5.0,0.0,4.5,0.5477225575051659,0.20000000000004547,0.0,0.9396926207859084,-0.3420201433256687,0.49999999999999994,0.8660254037844387,1.0,5.0
2026-07-21 03:20:00,100.0,5.0,1.0,1014.9,27.1,27.6,1.0,1.0,1.1,5.0,5.0,5.0,1015.0,1015.1,1015.2,1.0,0.0,1.0,0.0,5.0,0.0,5.0,0.0,-0.3000000000000682,-0.20000000000004547,0.984807753012208,-0.1736481776669303,0.7071067811865476,0.7071067811865476,1.0,6.0
2026-07-21 04:20:00,90.0,6.0,1.1,1014.2,26.9,27.6,1.1,1.0,1.0,6.0,6.0,5.0,1014.3,1014.7,1014.9,1.1,0.0,1.0666666666666667,0.057735026918962484,6.0,0.0,6.0,0.0,-0.6999999999999318,-0.5,1.0,6.123233995736766e-17,0.8660254037844386,0.5000000000000001,1.1,5.0
2026-07-21 07:20:00,100.0,6.0,1.0,1013.0,26.7,27.6,1.0,1.2,1.1,6.0,5.0,5.0,1013.1,1013.1,1013.1,1.0,0.0,1.0666666666666667,0.11547005383792498,5.666666666666667,0.5773502691896258,5.333333333333333,0.5163977794943221,-0.10000000000002274,-0.10000000000002274,0.984807753012208,-0.1736481776669303,0.9659258262890683,-0.25881904510252063,1.1,5.0
2026-07-21 08:20:00,90.0,6.0,1.0,1013.1,26.7,27.6,1.0,1.1,1.0,6.0,5.0,6.0,1013.1,1013.1,1013.0,1.0,0.0,1.0333333333333332,0.057735026918962595,5.666666666666667,0.5773502691896258,5.5,0.5477225575051659,0.10000000000002274,0.0,1.0,6.123233995736766e-17,0.8660254037844387,-0.4999999999999998,1.0,6.0
2026-07-21 08:50:00,90.0,6.0,1.0,1013.1,26.6,27.6,1.0,1.0,1.1,6.0,6.0,5.0,1013.1,1013.1,1013.1,1.0,0.0,1.0,0.0,5.666666666666667,0.5773502691896258,5.666666666666667,0.5163977794943221,0.0,0.0,1.0,6.123233995736766e-17,0.8660254037844387,-0.4999999999999998,1.0,6.0
2026-07-21 09:20:00,90.0,6.0,1.0,1013.3,26.6,27.5,1.0,1.0,1.0,5.0,6.0,6.0,1013.3,1013.1,1013.1,1.0,0.0,1.0,0.0,5.666666666666667,0.5773502691896258,5.666666666666667,0.5163977794943221,0.1999999999999318,0.1999999999999318,1.0,6.123233995736766e-17,0.7071067811865476,-0.7071067811865475,1.0,6.0
2026-07-21 09:50:00,80.0,6.0,1.0,1013.7,26.7,27.5,1.0,1.0,1.0,6.0,6.0,6.0,1013.5,1013.3,1013.1,1.0,0.0,1.0,0.0,6.0,0.0,5.833333333333333,0.4082482904638632,0.6000000000000227,0.40000000000009095,0.984807753012208,0.17364817766693041,0.7071067811865476,-0.7071067811865475,1.0,6.0
2026-07-21 10:20:00,80.0,6.0,1.0,1013.8,26.9,27.5,1.0,1.0,1.0,6.0,6.0,6.0,1013.8,1013.7,1013.3,1.0,0.0,1.0,0.0,6.0,0.0,6.0,0.0,0.5,0.09999999999990905,0.984807753012208,0.17364817766693041,0.49999999999999994,-0.8660254037844387,1.0,6.0
2026-07-21 11:20:00,70.0,7.0,1.0,1013.8,27.1,27.6,1.0,1.0,1.0,6.0,6.0,6.0,1013.8,1013.9,1013.8,1.0,0.0,1.0,0.0,6.333333333333333,0.5773502691896258,6.0,0.6324555320336759,0.0,-0.10000000000002274,0.9396926207859083,0.3420201433256688,0.258819045102521,-0.9659258262890682,1.0,6.0
2026-07-21 11:50:00,70.0,6.0,1.0,1014.0,27.1,27.6,1.0,1.0,1.0,7.0,7.0,6.0,1014.0,1013.8,1013.9,1.0,0.0,1.0,0.0,6.666666666666667,0.5773502691896258,6.5,0.5477225575051659,0.10000000000002274,0.20000000000004547,0.9396926207859083,0.3420201433256688,0.258819045102521,-0.9659258262890682,1.1,6.0
2026-07-21 12:20:00,80.0,6.0,1.1,1014.0,27.2,27.6,1.1,1.0,1.0,6.0,6.0,7.0,1014.1,1014.0,1013.8,1.1,0.0,1.05,0.05773502691896274,6.0,0.0,6.333333333333333,0.5163977794943221,0.20000000000004547,0.0,0.984807753012208,0.17364817766693041,1.2246467991473532e-16,-1.0,1.0,6.0
2026-07-21 12:50:00,80.0,6.0,1.0,1014.3,27.1,,1.0,1.1,1.0,6.0,6.0,6.0,1014.3,1014.0,1014.0,1.0,0.0,1.05,0.05773502691896274,6.0,0.0,6.0,0.0,0.2999999999999545,0.2999999999999545,0.984807753012208,0.17364817766693041,1.2246467991473532e-16,-1.0,1.0,6.0
2026-07-21 13:20:00,80.0,6.0,1.0,1014.3,27.1,27.6,1.0,1.0,1.1,6.0,6.0,6.0,1014.3,1014.3,1014.0,1.0,0.0,1.0,0.0,6.0,0.0,6.0,0.0,0.2999999999999545,0.0,0.984807753012208,0.17364817766693041,-0.2588190451025208,-0.9659258262890683,1.0,6.0
2026-07-21 14:20:00,80.0,6.0,1.0,1014.4,27.1,27.7,1.0,1.0,1.0,6.0,6.0,6.0,1014.4,1014.3,1014.3,1.0,0.0,1.0,0.0,6.333333333333333,0.5773502691896258,6.166666666666667,0.40824829046386296,0.10000000000002274,0.10000000000002274,0.984807753012208,0.17364817766693041,-0.4999999999999997,-0.8660254037844388,1.0,6.0
2026-07-21 15:20:00,80.0,6.0,1.0,1014.5,27.1,27.7,1.0,1.0,1.0,6.0,6.0,6.0,1014.5,1014.5,1014.4,1.0,0.0,1.0,0.0,6.0,0.0,6.0,0.0,0.10000000000002274,0.0,0.984807753012208,0.17364817766693041,-0.7071067811865471,-0.7071067811865479,1.1,6.0
2026-07-21 16:20:00,90.0,7.0,1.1,1014.2,27.1,27.8,1.1,1.1,1.0,6.0,6.0,6.0,1014.2,1014.4,1014.5,1.1,0.0,1.1,0.0,6.333333333333333,0.5773502691896258,6.166666666666667,0.40824829046386296,-0.2999999999999545,-0.1999999999999318,1.0,6.123233995736766e-17,-0.8660254037844385,-0.5000000000000004,1.0,6.0
2026-07-21 17:20:00,90.0,6.0,1.0,1013.9,27.2,27.8,1.0,1.0,1.1,6.0,6.0,7.0,1014.0,1014.1,1014.2,1.0,0.0,1.0,0.0,6.0,0.0,6.0,0.0,-0.3000000000000682,-0.20000000000004547,1.0,6.123233995736766e-17,-0.9659258262890683,-0.25881904510252063,1.1,6.0
2026-07-21 18:20:00,100.0,6.0,1.1,1013.6,27.3,27.8,1.1,1.1,1.0,6.0,6.0,6.0,1013.7,1013.8,1013.9,1.1,0.0,1.1,0.0,6.0,0.0,6.0,0.0,-0.2999999999999545,-0.1999999999999318,0.984807753012208,-0.1736481776669303,-1.0,-1.8369701987210297e-16,1.0,6.0
2026-07-21 18:50:00,100.0,6.0,1.0,1013.4,27.4,27.8,1.0,1.1,1.1,6.0,6.0,6.0,1013.5,1013.6,1013.8,1.0,0.0,1.05,0.05773502691896274,6.0,0.0,6.0,0.0,-0.39999999999997726,-0.20000000000004547,0.984807753012208,-0.1736481776669303,-1.0,-1.8369701987210297e-16,1.1,6.0
2026-07-21 19:20:00,100.0,6.0,1.1,1013.2,27.4,,1.1,1.0,1.1,6.0,6.0,6.0,1013.4,1013.4,1013.6,1.1,0.0,1.05,0.05773502691896274,6.0,0.0,6.0,0.0,-0.39999999999997726,-0.1999999999999318,0.984807753012208,-0.1736481776669303,-0.9659258262890684,0.2588190451025203,1.1,5.0
2026-07-21 20:20:00,90.0,5.0,1.0,1013.4,27.4,27.8,1.0,1.1,1.1,5.0,5.0,6.0,1013.5,1013.3,1013.2,1.0,0.0,1.0333333333333334,0.057735026918962484,5.0,0.0,5.333333333333333,0.5163977794943221,0.1999999999999318,0.10000000000002274,1.0,6.123233995736766e-17,-0.8660254037844386,0.5000000000000001,1.0,5.0
2026-07-22 00:20:00,80.0,6.0,1.0,1014.8,27.1,27.7,1.0,1.0,0.9,6.0,6.0,5.0,1014.7,1014.6,1014.2,1.0,0.0,1.0,0.0,5.666666666666667,0.5773502691896258,5.5,0.5477225575051659,0.599999999999909,0.1999999999999318,0.984807753012208,0.17364817766693041,0.0,1.0,0.9,6.0
2026-07-22 00:50:00,80.0,6.0,0.9,1015.1,27.1,,0.9,1.0,1.0,5.0,6.0,6.0,1015.0,1014.8,1014.6,0.9,0.0,0.95,0.05773502691896254,5.333333333333333,0.5773502691896258,5.5,0.5477225575051659,0.5,0.3000000000000682,0.984807753012208,0.17364817766693041,0.0,1.0,1.0,6.0
2026-07-22 03:20:00,80.0,6.0,1.0,1014.8,26.9,27.6,1.0,0.9,1.0,6.0,7.0,6.0,1014.8,1014.8,1015.0,1.0,0.0,0.9666666666666667,0.05773502691896255,6.0,0.0,6.166666666666667,0.40824829046386296,-0.20000000000004547,0.0,0.984807753012208,0.17364817766693041,0.7071067811865476,0.7071067811865476,1.1,6.0
2026-07-22 04:20:00,80.0,6.0,1.0,1014.2,26.9,27.6,1.0,1.1,1.0,6.0,6.0,6.0,1014.3,1014.6,1014.8,1.0,0.0,1.0333333333333334,0.057735026918962595,6.0,0.0,6.0,0.0,-0.599999999999909,-0.39999999999997726,0.984807753012208,0.17364817766693041,0.8660254037844386,0.5000000000000001,1.0,7.0
2026-07-22 05:20:00,80.0,7.0,1.0,1013.7,26.9,27.6,1.0,1.0,1.0,6.0,7.0,6.0,1013.7,1013.8,1014.2,1.0,0.0,1.0,0.0,6.333333333333333,0.5773502691896258,6.333333333333333,0.5163977794943221,-0.5,-0.09999999999990905,0.984807753012208,0.17364817766693041,0.9659258262890683,0.25881904510252074,1.0,5.0
2026-07-22 05:50:00,90.0,5.0,1.0,1013.7,26.9,27.7,1.0,1.0,1.0,6.0,7.0,7.0,1013.5,1013.7,1013.8,1.0,0.0,1.0,0.0,5.666666666666667,0.5773502691896258,6.0,0.6324555320336763,-0.09999999999990905,0.0,1.0,6.123233995736766e-17,0.9659258262890683,0.25881904510252074,1.0,6.0
2026-07-22 06:20:00,80.0,6.0,1.0,1013.5,27.0,27.7,1.0,1.0,1.0,6.0,5.0,7.0,1013.6,1013.7,1013.7,1.0,0.0,1.0,0.0,6.0,0.0,5.833333333333333,0.40824829046386407,-0.20000000000004547,-0.20000000000004547,0.984807753012208,0.17364817766693041,1.0,6.123233995736766e-17,1.0,6.0
2026-07-22 09:20:00,80.0,6.0,1.1,1013.8,26.9,27.6,1.1,1.1,1.1,6.0,6.0,6.0,1013.8,1013.7,1013.5,1.1,0.0,1.1,0.0,5.666666666666667,0.5773502691896258,5.833333333333333,0.40824829046386296,0.2999999999999545,0.09999999999990905,0.984807753012208,0.17364817766693041,0.7071067811865476,-0.7071067811865475,1.0,6.0
2026-07-22 11:20:00,80.0,7.0,1.0,1014.3,27.3,27.7,1.0,1.1,1.0,7.0,7.0,6.0,1014.3,1014.2,1014.3,1.0,0.0,1.0333333333333334,0.057735026918962644,7.0,0.0,6.666666666666667,0.5163977794943221,0.0,0.09999999999990905,0.984807753012208,0.17364817766693041,0.258819045102521,-0.9659258262890682,1.0,7.0
2026-07-22 12:20:00,80.0,7.0,1.2,1014.7,27.3,27.7,1.2,1.0,1.0,7.0,7.0,7.0,1014.7,1014.6,1014.3,1.2,0.0,1.1333333333333333,0.1154700538379251,7.0,0.0,7.0,0.0,0.40000000000009095,0.10000000000002274,0.984807753012208,0.17364817766693041,1.2246467991473532e-16,-1.0,1.1,6.0
2026-07-22 13:20:00,90.0,7.0,1.0,1014.6,27.2,27.7,1.0,1.1,1.2,6.0,6.0,7.0,1014.6,1014.6,1014.7,1.0,0.0,1.0333333333333334,0.05773502691896298,6.333333333333333,0.5773502691896258,6.5,0.5477225575051659,-0.10000000000002274,0.0,1.0,6.123233995736766e-17,-0.2588190451025208,-0.9659258262890683,1.1,7.0
2026-07-22 14:20:00,80.0,7.0,1.0,1014.5,27.5,27.7,1.0,1.1,1.0,7.0,7.0,7.0,1014.5,1014.6,1014.6,1.0,0.0,1.0333333333333334,0.057735026918962595,7.0,0.0,6.833333333333333,0.4082482904638632,-0.10000000000002274,-0.10000000000002274,0.984807753012208,0.17364817766693041,-0.4999999999999997,-0.8660254037844388,1.2,7.0
2026-07-22 14:50:00,80.0,7.0,1.2,1014.4,27.6,27.7,1.2,1.0,1.1,7.0,7.0,7.0,1014.4,1014.5,1014.6,1.2,0.0,1.1,0.11547005383792502,7.0,0.0,7.0,0.0,-0.20000000000004547,-0.10000000000002274,0.984807753012208,0.17364817766693041,-0.4999999999999997,-0.8660254037844388,1.2,6.0
2026-07-22 15:20:00,80.0,6.0,1.2,1014.2,27.6,27.7,1.2,1.2,1.0,6.0,7.0,7.0,1014.3,1014.4,1014.5,1.2,0.0,1.2,0.0,6.333333333333333,0.5773502691896258,6.666666666666667,0.5163977794943221,-0.2999999999999545,-0.1999999999999318,0.984807753012208,0.17364817766693041,-0.7071067811865471,-0.7071067811865479,1.1,6.0
2026-07-22 16:20:00,80.0,6.0,1.1,1013.8,27.6,27.8,1.1,1.1,1.2,6.0,6.0,6.0,1013.8,1013.9,1014.2,1.1,0.0,1.1,0.0,6.0,0.0,6.0,0.0,-0.40000000000009095,-0.10000000000002274,0.984807753012208,0.17364817766693041,-0.8660254037844385,-0.5000000000000004,1.1,6.0
2026-07-22 17:20:00,70.0,6.0,1.1,1013.4,27.6,27.8,1.1,1.1,1.1,6.0,6.0,6.0,1013.4,1013.7,1013.8,1.1,0.0,1.1,0.0,5.666666666666667,0.5773502691896258,5.833333333333333,0.40824829046386296,-0.39999999999997726,-0.3000000000000682,0.9396926207859083,0.3420201433256688,-0.9659258262890683,-0.25881904510252063,1.1,6.0
2026-07-22 19:50:00,50.0,6.0,1.1,1012.9,27.6,27.9,1.1,1.1,1.1,6.0,6.0,6.0,1012.8,1012.9,1013.0,1.1,0.0,1.1,0.0,6.0,0.0,6.0,0.0,-0.10000000000002274,0.0,0.766044443118978,0.6427876096865394,-0.9659258262890684,0.2588190451025203,1.1,6.0
2026-07-22 20:20:00,50.0,6.0,1.1,1013.1,27.6,27.9,1.1,1.1,1.1,6.0,6.0,6.0,1013.0,1012.9,1012.9,1.1,0.0,1.1,0.0,6.0,0.0,6.0,0.0,0.20000000000004547,0.20000000000004547,0.766044443118978,0.6427876096865394,-0.8660254037844386,0.5000000000000001,1.0,6.0
2026-07-22 20:50:00,50.0,6.0,1.0,1013.1,27.6,27.8,1.0,1.1,1.1,6.0,6.0,6.0,1013.0,1013.1,1012.9,1.0,0.0,1.05,0.05773502691896274,6.0,0.0,6.0,0.0,0.20000000000004547,0.0,0.766044443118978,0.6427876096865394,-0.8660254037844386,0.5000000000000001,1.1,7.0
2026-07-22 21:20:00,50.0,7.0,1.1,1013.4,27.6,27.8,1.1,1.0,1.1,6.0,6.0,6.0,1013.2,1013.1,1013.1,1.1,0.0,1.05,0.05773502691896274,6.333333333333333,0.5773502691896258,6.166666666666667,0.40824829046386296,0.2999999999999545,0.2999999999999545,0.766044443118978,0.6427876096865394,-0.7071067811865477,0.7071067811865474,1.1,7.0
2026-07-22 22:20:00,60.0,8.0,1.2,1013.8,27.6,27.8,1.2,1.1,1.1,7.0,7.0,7.0,1013.8,1013.7,1013.4,1.2,0.0,1.1666666666666667,0.05773502691896261,7.666666666666667,0.5773502691896258,7.333333333333333,0.8164965809277266,0.39999999999997726,0.09999999999990905,0.8660254037844386,0.5000000000000001,-0.5000000000000004,0.8660254037844384,1.1,9.0
2026-07-23 00:20:00,60.0,8.0,1.2,1015.3,27.6,27.7,1.2,1.2,1.1,8.0,7.0,8.0,1015.4,1015.1,1014.5,1.2,0.0,1.175,0.050000000000000086,7.666666666666667,0.5773502691896258,7.5,0.5477225575051661,0.7999999999999545,0.1999999999999318,0.8660254037844386,0.5000000000000001,0.0,1.0,1.2,8.0
2026-07-23 01:20:00,60.0,8.0,1.2,1015.6,27.6,27.7,1.2,1.2,1.2,8.0,8.0,8.0,1015.6,1015.4,1015.3,1.2,0.0,1.2,0.0,8.0,0.0,8.0,0.0,0.3000000000000682,0.20000000000004547,0.8660254037844386,0.5000000000000001,0.25881904510252074,0.9659258262890683,1.3,8.0
2026-07-23 01:50:00,70.0,8.0,1.3,1015.7,27.6,27.7,1.3,1.2,1.2,8.0,8.0,8.0,1015.6,1015.6,1015.4,1.3,0.0,1.25,0.05773502691896257,8.0,0.0,8.0,0.0,0.3000000000000682,0.10000000000002274,0.9396926207859083,0.3420201433256688,0.25881904510252074,0.9659258262890683,1.3,8.0
2026-07-23 03:20:00,60.0,8.0,1.4,1015.3,27.4,27.7,1.4,1.3,1.3,7.0,8.0,8.0,1015.3,1015.3,1015.5,1.4,0.0,1.3666666666666665,0.05773502691896261,7.666666666666667,0.5773502691896258,8.0,0.6324555320336757,-0.20000000000004547,0.0,0.8660254037844386,0.5000000000000001,0.7071067811865476,0.7071067811865476,1.3,9.0
2026-07-23 04:20:00,80.0,9.0,1.4,1014.8,27.6,27.7,1.4,1.3,1.4,9.0,9.0,8.0,1014.8,1015.0,1015.3,1.4,0.0,1.3666666666666665,0.05773502691896253,9.0,0.0,8.666666666666666,0.516397779494324,-0.5,-0.20000000000004547,0.984807753012208,0.17364817766693041,0.8660254037844386,0.5000000000000001,1.4,9.0
2026-07-23 05:20:00,80.0,8.0,1.4,1014.1,27.4,27.7,1.4,1.4,1.4,8.0,9.0,9.0,1014.2,1014.4,1014.8,1.4,0.0,1.4,0.0,8.0,0.0,8.5,0.5477225575051671,-0.6999999999999318,-0.2999999999999545,0.984807753012208,0.17364817766693041,0.9659258262890683,0.25881904510252074,1.5,8.0
2026-07-23 06:20:00,70.0,8.0,1.5,1013.7,27.4,27.6,1.5,1.5,1.4,8.0,8.0,8.0,1013.7,1013.8,1014.1,1.5,0.0,1.5,0.0,8.333333333333334,0.5773502691896255,8.166666666666666,0.4082482904638632,-0.39999999999997726,-0.09999999999990905,0.9396926207859083,0.3420201433256688,1.0,6.123233995736766e-17,1.5,9.0
2026-07-23 07:20:00,80.0,9.0,1.5,1013.7,27.2,27.6,1.5,1.5,1.5,9.0,9.0,8.0,1013.6,1013.5,1013.7,1.5,0.0,1.5,0.0,9.0,0.0,8.666666666666666,0.516397779494324,0.0,0.20000000000004547,0.984807753012208,0.17364817766693041,0.9659258262890683,-0.25881904510252063,1.5,9.0
2026-07-23 08:50:00,80.0,8.0,1.6,1014.0,27.2,27.6,1.6,1.6,1.5,8.0,9.0,9.0,1013.9,1013.8,1013.5,1.6,0.0,1.6,0.0,8.0,0.0,8.5,0.5477225575051671,0.5,0.20000000000004547,0.984807753012208,0.17364817766693041,0.8660254037844387,-0.4999999999999998,1.6,8.0
2026-07-23 09:20:00,70.0,8.0,1.6,1014.4,27.2,27.6,1.6,1.6,1.6,8.0,8.0,9.0,1014.3,1014.0,1013.8,1.6,0.0,1.6,0.0,8.0,0.0,8.0,0.0,0.6000000000000227,0.39999999999997726,0.9396926207859083,0.3420201433256688,0.7071067811865476,-0.7071067811865475,1.6,7.0
2026-07-23 11:20:00,80.0,8.0,1.7,1015.0,27.3,27.6,1.7,1.6,1.6,8.0,8.0,7.0,1015.0,1015.0,1014.9,1.7,0.0,1.6666666666666667,0.05773502691896261,8.0,0.0,7.833333333333333,0.4082482904638632,0.10000000000002274,0.0,0.984807753012208,0.17364817766693041,0.258819045102521,-0.9659258262890682,1.6,8.0
2026-07-23 12:20:00,80.0,7.0,1.6,1015.4,27.6,27.6,1.6,1.6,1.7,7.0,8.0,8.0,1015.5,1015.3,1015.0,1.6,0.0,1.6,0.0,7.333333333333333,0.5773502691896258,7.333333333333333,0.5163977794943221,0.39999999999997726,0.10000000000002274,0.984807753012208,0.17364817766693041,1.2246467991473532e-16,-1.0,1.7,7.0
2026-07-23 12:50:00,70.0,7.0,1.7,1015.4,27.6,27.6,1.7,1.6,1.6,7.0,7.0,8.0,1015.4,1015.4,1015.3,1.7,0.0,1.6500000000000001,0.05773502691896256,7.0,0.0,7.166666666666667,0.4082482904638632,0.10000000000002274,0.0,0.9396926207859083,0.3420201433256688,1.2246467991473532e-16,-1.0,1.7,7.0
2026-07-23 13:20:00,70.0,7.0,1.7,1015.3,27.5,27.6,1.7,1.7,1.6,7.0,7.0,7.0,1015.4,1015.4,1015.4,1.7,0.0,1.7,0.0,7.333333333333333,0.5773502691896258,7.166666666666667,0.40824829046386296,-0.10000000000002274,-0.10000000000002274,0.9396926207859083,0.3420201433256688,-0.2588190451025208,-0.9659258262890683,1.6,7.0
2026-07-23 14:20:00,80.0,8.0,1.5,1015.0,27.6,27.7,1.5,1.6,1.7,8.0,7.0,7.0,1015.2,1015.3,1015.3,1.5,0.0,1.5333333333333332,0.05773502691896298,7.666666666666667,0.5773502691896258,7.333333333333333,0.5163977794943221,-0.2999999999999545,-0.2999999999999545,0.984807753012208,0.17364817766693041,-0.4999999999999997,-0.8660254037844388,1.5,7.0
2026-07-23 15:20:00,80.0,8.0,1.6,1014.8,27.7,27.7,1.6,1.5,1.5,7.0,7.0,8.0,1014.9,1014.8,1015.0,1.6,0.0,1.5666666666666667,0.057735026918962484,7.333333333333333,0.5773502691896258,7.166666666666667,0.40824829046386296,-0.20000000000004547,0.0,0.984807753012208,0.17364817766693041,-0.7071067811865471,-0.7071067811865479,1.7,10.0
2026-07-23 16:20:00,100.0,7.0,1.7,1014.3,27.0,27.7,1.7,1.7,1.6,7.0,10.0,8.0,1014.5,1014.8,1014.8,1.7,0.0,1.7,0.0,7.666666666666667,1.1547005383792501,8.0,1.2649110640673513,-0.5,-0.5,0.984807753012208,-0.1736481776669303,-0.8660254037844385,-0.5000000000000004,1.7,6.0
2026-07-23 17:20:00,70.0,7.0,1.7,1013.8,27.7,27.8,1.7,1.7,1.7,7.0,6.0,7.0,1013.8,1014.0,1014.3,1.7,0.0,1.7,0.0,7.0,0.0,6.5,0.5477225575051647,-0.5,-0.20000000000004547,0.9396926207859083,0.3420201433256688,-0.9659258262890683,-0.25881904510252063,1.7,7.0
2026-07-23 17:50:00,70.0,7.0,1.7,1013.6,27.8,27.8,1.7,1.7,1.7,7.0,7.0,6.0,1013.7,1013.8,1014.0,1.7,0.0,1.7,0.0,7.0,0.0,7.0,0.0,-0.39999999999997726,-0.1999999999999318,0.9396926207859083,0.3420201433256688,-0.9659258262890683,-0.25881904510252063,1.7,7.0
2026-07-23 18:20:00,70.0,7.0,1.7,1013.8,27.8,27.8,1.7,1.7,1.7,7.0,7.0,7.0,1013.7,1013.6,1013.8,1.7,0.0,1.7,0.0,6.666666666666667,0.5773502691896258,6.833333333333333,0.40824829046386296,0.0,0.1999999999999318,0.9396926207859083,0.3420201433256688,-1.0,-1.8369701987210297e-16,1.6,8.0
2026-07-23 19:20:00,80.0,7.0,1.8,1013.4,27.9,27.8,1.8,1.6,1.7,8.0,8.0,7.0,1013.5,1013.7,1013.8,1.8,0.0,1.7333333333333334,0.11547005383792508,7.666666666666667,0.5773502691896258,7.666666666666667,0.5163977794943221,-0.39999999999997726,-0.3000000000000682,0.984807753012208,0.17364817766693041,-0.9659258262890684,0.2588190451025203,1.7,8.0
2026-07-23 20:20:00,80.0,8.0,1.6,1013.4,27.9,27.8,1.6,1.7,1.8,8.0,8.0,7.0,1013.4,1013.5,1013.4,1.6,0.0,1.6333333333333335,0.057735026918962276,8.0,0.0,7.833333333333333,0.40824829046386324,0.0,-0.10000000000002274,0.984807753012208,0.17364817766693041,-0.8660254037844386,0.5000000000000001,1.7,8.0
2026-07-23 22:20:00,80.0,9.0,1.7,1014.0,27.8,27.7,1.7,1.8,1.7,9.0,9.0,9.0,1013.9,1013.7,1013.5,1.7,0.0,1.7333333333333332,0.057735026918962644,8.666666666666666,0.5773502691896255,8.666666666666666,0.516397779494324,0.5,0.2999999999999545,0.984807753012208,0.17364817766693041,-0.5000000000000004,0.8660254037844384,1.7,9.0
2026-07-24 01:20:00,80.0,9.0,1.8,1015.9,27.5,27.7,1.8,1.7,1.8,9.0,8.0,9.0,1015.8,1015.7,1015.3,1.8,0.0,1.7666666666666666,0.057735026918962595,8.666666666666666,0.5773502691896255,8.5,0.5477225575051671,0.6000000000000227,0.1999999999999318,0.984807753012208,0.17364817766693041,0.25881904510252074,0.9659258262890683,1.8,8.0
2026-07-24 01:50:00,80.0,8.0,1.8,1016.1,27.2,27.7,1.8,1.8,1.7,8.0,9.0,8.0,1016.1,1015.9,1015.7,1.8,0.0,1.8,0.0,8.333333333333334,0.5773502691896255,8.5,0.5477225575051671,0.39999999999997726,0.20000000000004547,0.984807753012208,0.17364817766693041,0.25881904510252074,0.9659258262890683,1.9,8.0
2026-07-24 02:20:00,80.0,8.0,1.9,1015.9,27.3,27.7,1.9,1.8,1.8,8.0,8.0,9.0,1016.1,1016.1,1015.9,1.9,0.0,1.85,0.05773502691896256,8.0,0.0,8.166666666666666,0.40824829046386646,0.0,-0.20000000000004547,0.984807753012208,0.17364817766693041,0.49999999999999994,0.8660254037844387,1.8,8.0
2026-07-24 03:20:00,80.0,8.0,1.8,1015.5,27.5,27.7,1.8,1.8,1.9,8.0,8.0,8.0,1015.6,1015.6,1015.9,1.8,0.0,1.8,0.0,8.0,0.0,8.0,0.0,-0.39999999999997726,-0.10000000000002274,0.984807753012208,0.17364817766693041,0.7071067811865476,0.7071067811865476,1.8,8.0
2026-07-24 04:20:00,80.0,7.0,1.8,1015.0,27.2,27.7,1.8,1.8,1.8,8.0,8.0,8.0,1015.1,1015.3,1015.5,1.8,0.0,1.8,0.0,7.666666666666667,0.5773502691896258,7.833333333333333,0.40824829046386296,-0.5,-0.2999999999999545,0.984807753012208,0.17364817766693041,0.8660254037844386,0.5000000000000001,1.7,8.0
2026-07-24 05:20:00,80.0,7.0,2.0,1014.4,27.2,27.7,2.0,1.7,1.8,8.0,8.0,7.0,1014.5,1014.7,1015.0,2.0,0.0,1.9000000000000001,0.1732050807568878,7.666666666666667,0.5773502691896258,7.5,0.5477225575051659,-0.6000000000000227,-0.3000000000000682,0.984807753012208,0.17364817766693041,0.9659258262890683,0.25881904510252074,1.8,8.0
2026-07-24 06:20:00,80.0,8.0,1.8,1014.3,27.3,27.7,1.8,1.8,2.0,8.0,8.0,7.0,1014.3,1014.3,1014.4,1.8,0.0,1.8,0.0,8.0,0.0,7.833333333333333,0.4082482904638632,-0.10000000000002274,0.0,0.984807753012208,0.17364817766693041,1.0,6.123233995736766e-17,1.7,8.0
2026-07-24 06:50:00,80.0,8.0,1.7,1014.2,27.2,,1.7,1.8,1.8,7.0,8.0,8.0,1014.1,1014.3,1014.3,1.7,0.0,1.75,0.05773502691896257,7.333333333333333,0.5773502691896258,7.666666666666667,0.5163977794943221,-0.09999999999990905,-0.09999999999990905,0.984807753012208,0.17364817766693041,1.0,6.123233995736766e-17,1.9,8.0
2026-07-24 07:20:00,80.0,8.0,1.9,1014.3,27.2,27.6,1.9,1.7,1.8,8.0,8.0,8.0,1014.2,1014.2,1014.3,1.9,0.0,1.7999999999999998,0.11547005383792512,8.0,0.0,7.666666666666667,0.5163977794943221,0.0,0.09999999999990905,0.984807753012208,0.17364817766693041,0.9659258262890683,-0.25881904510252063,1.8,8.0
2026-07-24 08:20:00,80.0,7.0,1.8,1014.5,27.3,27.6,1.8,1.8,1.9,7.0,8.0,8.0,1014.4,1014.3,1014.3,1.8,0.0,1.8,0.0,7.0,0.0,7.5,0.5477225575051659,0.20000000000004547,0.20000000000004547,0.984807753012208,0.17364817766693041,0.8660254037844387,-0.4999999999999998,1.8,7.0
2026-07-24 08:50:00,80.0,7.0,1.8,1014.5,27.3,27.6,1.8,1.8,1.8,7.0,7.0,8.0,1014.5,1014.5,1014.3,1.8,0.0,1.8,0.0,7.0,0.0,7.0,0.0,0.20000000000004547,0.0,0.984807753012208,0.17364817766693041,0.8660254037844387,-0.4999999999999998,1.8,7.0
2026-07-24 09:20:00,80.0,7.0,1.8,1014.8,27.2,27.6,1.8,1.8,1.8,8.0,7.0,7.0,1014.8,1014.5,1014.5,1.8,0.0,1.8,0.0,7.666666666666667,0.5773502691896258,7.333333333333333,0.5163977794943221,0.2999999999999545,0.2999999999999545,0.984807753012208,0.17364817766693041,0.7071067811865476,-0.7071067811865475,1.8,8.0
2026-07-24 09:50:00,80.0,8.0,1.8,1015.2,27.2,27.6,1.8,1.8,1.8,8.0,7.0,7.0,1015.0,1014.8,1014.5,1.8,0.0,1.8,0.0,7.666666666666667,0.5773502691896258,7.666666666666667,0.5163977794943221,0.7000000000000455,0.40000000000009095,0.984807753012208,0.17364817766693041,0.7071067811865476,-0.7071067811865475,1.9,8.0
2026-07-24 11:20:00,90.0,6.0,1.8,1016.1,27.2,27.6,1.8,1.9,1.9,6.0,6.0,8.0,1016.0,1015.8,1015.5,1.8,0.0,1.8333333333333333,0.05773502691896261,6.0,0.0,6.5,0.8366600265340753,0.6000000000000227,0.3000000000000682,1.0,6.123233995736766e-17,0.258819045102521,-0.9659258262890682,1.9,7.0
2026-07-24 12:20:00,100.0,6.0,1.9,1016.4,27.3,27.7,1.9,1.9,1.8,7.0,7.0,6.0,1016.1,1016.1,1016.1,1.9,0.0,1.9,0.0,6.666666666666667,0.5773502691896258,6.666666666666667,0.516397779494322,0.2999999999999545,0.2999999999999545,0.984807753012208,-0.1736481776669303,1.2246467991473532e-16,-1.0,1.9,7.0
2026-07-24 12:50:00,100.0,7.0,1.9,1016.4,27.4,27.7,1.9,1.9,1.9,7.0,6.0,7.0,1016.3,1016.4,1016.1,1.9,0.0,1.9,0.0,6.666666666666667,0.5773502691896258,6.666666666666667,0.516397779494322,0.2999999999999545,0.0,0.984807753012208,-0.1736481776669303,1.2246467991473532e-16,-1.0,1.8,7.0
2026-07-24 13:20:00,100.0,7.0,1.8,1016.4,27.5,27.7,1.8,1.9,1.9,7.0,7.0,6.0,1016.4,1016.4,1016.4,1.8,0.0,1.8499999999999999,0.05773502691896256,7.0,0.0,6.833333333333333,0.408248290463863,0.0,0.0,0.984807753012208,-0.1736481776669303,-0.2588190451025208,-0.9659258262890683,1.7,7.0
2026-07-24 13:50:00,100.0,7.0,1.7,1016.5,27.5,27.7,1.7,1.8,1.9,7.0,7.0,7.0,1016.5,1016.4,1016.4,1.7,0.0,1.75,0.05773502691896288,7.0,0.0,7.0,0.0,0.10000000000002274,0.10000000000002274,0.984807753012208,-0.1736481776669303,-0.2588190451025208,-0.9659258262890683,1.8,6.0
2026-07-24 14:20:00,100.0,6.0,1.8,1016.5,27.6,27.8,1.8,1.7,1.8,7.0,7.0,7.0,1016.5,1016.5,1016.4,1.8,0.0,1.75,0.05773502691896288,6.666666666666667,0.5773502691896258,6.833333333333333,0.40824829046386296,0.10000000000002274,0.0,0.984807753012208,-0.1736481776669303,-0.4999999999999997,-0.8660254037844388,1.7,6.0
2026-07-24 15:20:00,100.0,6.0,1.7,1016.2,27.6,27.8,1.7,1.7,1.8,6.0,6.0,6.0,1016.3,1016.4,1016.5,1.7,0.0,1.7,0.0,6.0,0.0,6.333333333333333,0.5163977794943221,-0.2999999999999545,-0.1999999999999318,0.984807753012208,-0.1736481776669303,-0.7071067811865471,-0.7071067811865479,1.6,6.0
2026-07-24 16:20:00,90.0,6.0,1.7,1015.6,27.5,27.8,1.7,1.6,1.7,6.0,6.0,6.0,1015.8,1016.0,1016.2,1.7,0.0,1.6666666666666667,0.05773502691896253,6.0,0.0,6.0,0.0,-0.6000000000000227,-0.39999999999997726,1.0,6.123233995736766e-17,-0.8660254037844385,-0.5000000000000004,1.8,6.0
2026-07-24 17:20:00,80.0,6.0,1.7,1014.9,27.6,27.9,1.7,1.8,1.7,6.0,6.0,6.0,1015.0,1015.2,1015.6,1.7,0.0,1.7333333333333332,0.057735026918962595,6.0,0.0,6.0,0.0,-0.7000000000000455,-0.3000000000000682,0.984807753012208,0.17364817766693041,-0.9659258262890683,-0.25881904510252063,1.7,7.0
2026-07-24 17:50:00,90.0,7.0,1.7,1014.7,27.6,27.9,1.7,1.7,1.8,6.0,6.0,6.0,1014.7,1014.9,1015.2,1.7,0.0,1.7,0.0,6.666666666666667,0.5773502691896258,6.333333333333333,0.5163977794943221,-0.5,-0.1999999999999318,1.0,6.123233995736766e-17,-0.9659258262890683,-0.25881904510252063,1.7,6.0
2026-07-24 18:20:00,80.0,6.0,1.7,1014.6,27.6,27.9,1.7,1.7,1.7,7.0,7.0,6.0,1014.7,1014.7,1014.9,1.7,0.0,1.7,0.0,6.666666666666667,0.5773502691896258,6.666666666666667,0.5163977794943221,-0.2999999999999545,-0.10000000000002274,0.984807753012208,0.17364817766693041,-1.0,-1.8369701987210297e-16,1.6,7.0
2026-07-24 18:50:00,70.0,7.0,1.6,1014.6,27.6,27.9,1.6,1.7,1.7,7.0,6.0,7.0,1014.6,1014.6,1014.7,1.6,0.0,1.65,0.05773502691896256,6.666666666666667,0.5773502691896258,6.666666666666667,0.5163977794943221,-0.10000000000002274,0.0,0.9396926207859083,0.3420201433256688,-1.0,-1.8369701987210297e-16,1.8,7.0
2026-07-24 19:50:00,80.0,7.0,1.5,1014.8,27.5,27.9,1.5,1.8,1.6,7.0,7.0,7.0,1014.8,1014.8,1014.6,1.5,0.0,1.5999999999999999,0.1732050807568879,7.0,0.0,7.0,0.0,0.1999999999999318,0.0,0.984807753012208,0.17364817766693041,-0.9659258262890684,0.2588190451025203,1.8,7.0
2026-07-24 21:20:00,80.0,7.0,1.7,1015.0,27.5,27.9,1.7,1.7,1.8,7.0,7.0,7.0,1014.8,1014.8,1014.8,1.7,0.0,1.7,0.0,7.333333333333333,0.5773502691896258,7.5,0.5477225575051659,0.20000000000004547,0.20000000000004547,0.984807753012208,0.17364817766693041,-0.7071067811865477,0.7071067811865474,1.8,7.0
2026-07-24 21:50:00,80.0,7.0,1.8,1015.1,27.4,27.8,1.8,1.7,1.7,8.0,7.0,7.0,1015.1,1015.0,1014.8,1.8,0.0,1.75,0.05773502691896257,7.333333333333333,0.5773502691896258,7.333333333333333,0.5163977794943221,0.3000000000000682,0.10000000000002274,0.984807753012208,0.17364817766693041,-0.7071067811865477,0.7071067811865474,1.7,7.0
2026-07-24 22:20:00,80.0,7.0,1.7,1015.3,27.5,27.8,1.7,1.8,1.7,8.0,7.0,7.0,1015.2,1015.1,1015.0,1.7,0.0,1.75,0.05773502691896257,7.666666666666667,0.5773502691896258,7.5,0.5477225575051659,0.2999999999999545,0.1999999999999318,0.984807753012208,0.17364817766693041,-0.5000000000000004,0.8660254037844384,1.8,7.0
2026-07-24 23:40:00,90.0,7.0,1.6,1016.2,27.4,27.8,1.6,1.8,1.7,7.0,7.0,7.0,1015.8,1015.6,1015.3,1.6,0.0,1.6666666666666667,0.11547005383792507,7.0,0.0,7.0,0.0,0.900000000000091,0.6000000000000227,1.0,6.123233995736766e-17,-0.25881904510252157,0.9659258262890681,1.6,7.0
2026-07-25 01:20:00,90.0,8.0,1.7,1016.6,27.5,27.8,1.7,1.8,1.6,8.0,9.0,7.0,1016.4,1016.4,1016.4,1.7,0.0,1.7333333333333332,0.05773502691896245,8.0,0.0,7.833333333333333,0.7527726527090814,0.20000000000004547,0.20000000000004547,1.0,6.123233995736766e-17,0.25881904510252074,0.9659258262890683,1.7,8.0
2026-07-25 02:20:00,90.0,8.0,1.8,1016.9,27.4,27.8,1.8,1.7,1.7,8.0,8.0,8.0,1016.8,1016.7,1016.6,1.8,0.0,1.7666666666666666,0.057735026918962595,8.0,0.0,8.0,0.0,0.2999999999999545,0.1999999999999318,1.0,6.123233995736766e-17,0.49999999999999994,0.8660254037844387,1.8,7.0
2026-07-25 03:20:00,80.0,7.0,1.7,1016.7,27.4,27.8,1.7,1.8,1.8,7.0,7.0,8.0,1016.7,1016.9,1016.9,1.7,0.0,1.7333333333333334,0.057735026918962595,7.333333333333333,0.5773502691896258,7.5,0.5477225575051659,-0.1999999999999318,-0.1999999999999318,0.984807753012208,0.17364817766693041,0.7071067811865476,0.7071067811865476,1.7,7.0
2026-07-25 04:20:00,90.0,7.0,1.6,1015.9,27.3,27.8,1.6,1.7,1.7,7.0,7.0,7.0,1016.1,1016.3,1016.7,1.6,0.0,1.6333333333333335,0.05773502691896261,7.0,0.0,7.166666666666667,0.4082482904638632,-0.8000000000000682,-0.39999999999997726,1.0,6.123233995736766e-17,0.8660254037844386,0.5000000000000001,1.7,7.0
2026-07-25 05:20:00,90.0,6.0,1.7,1015.3,27.3,27.8,1.7,1.7,1.6,7.0,7.0,7.0,1015.5,1015.9,1015.9,1.7,0.0,1.7,0.0,6.333333333333333,0.5773502691896258,6.666666666666667,0.5163977794943221,-0.6000000000000227,-0.6000000000000227,1.0,6.123233995736766e-17,0.9659258262890683,0.25881904510252074,1.7,6.0
2026-07-25 07:20:00,90.0,7.0,1.7,1015.2,27.3,27.8,1.7,1.7,1.6,7.0,7.0,7.0,1015.2,1015.0,1014.9,1.7,0.0,1.7,0.0,7.0,0.0,7.0,0.0,0.3000000000000682,0.20000000000004547,1.0,6.123233995736766e-17,0.9659258262890683,-0.25881904510252063,1.7,7.0
2026-07-25 09:20:00,80.0,7.0,1.6,1015.8,27.4,27.8,1.6,1.6,1.6,6.0,7.0,7.0,1015.8,1015.6,1015.4,1.6,0.0,1.6,0.0,6.666666666666667,0.5773502691896258,6.833333333333333,0.40824829046386296,0.39999999999997726,0.1999999999999318,0.984807753012208,0.17364817766693041,0.7071067811865476,-0.7071067811865475,1.6,6.0
2026-07-25 10:20:00,80.0,6.0,1.7,1016.3,27.4,27.8,1.7,1.6,1.6,6.0,6.0,7.0,1016.3,1016.2,1015.8,1.7,0.0,1.6666666666666667,0.05773502691896261,6.0,0.0,6.0,0.0,0.5,0.09999999999990905,0.984807753012208,0.17364817766693041,0.49999999999999994,-0.8660254037844387,1.6,6.0
2026-07-25 11:20:00,80.0,7.0,1.6,1016.5,27.2,27.8,1.6,1.6,1.7,6.0,6.0,6.0,1016.5,1016.4,1016.3,1.6,0.0,1.6,0.0,6.333333333333333,0.5773502691896258,6.166666666666667,0.40824829046386296,0.20000000000004547,0.10000000000002274,0.984807753012208,0.17364817766693041,0.258819045102521,-0.9659258262890682,1.5,5.0
2026-07-25 12:20:00,80.0,6.0,1.6,1016.9,27.6,27.8,1.6,1.5,1.6,6.0,5.0,7.0,1016.8,1016.7,1016.5,1.6,0.0,1.5666666666666667,0.057735026918962595,6.0,0.0,6.0,0.6324555320336759,0.39999999999997726,0.1999999999999318,0.984807753012208,0.17364817766693041,1.2246467991473532e-16,-1.0,1.6,5.0
2026-07-25 13:20:00,90.0,5.0,1.6,1017.3,27.8,27.8,1.6,1.6,1.6,5.0,5.0,6.0,1017.3,1017.3,1016.9,1.6,0.0,1.6,0.0,5.0,0.0,5.333333333333333,0.5163977794943221,0.39999999999997726,0.0,1.0,6.123233995736766e-17,-0.2588190451025208,-0.9659258262890683,1.6,5.0
2026-07-25 14:20:00,80.0,5.0,1.6,1017.2,27.8,27.9,1.6,1.6,1.6,5.0,5.0,5.0,1017.3,1017.4,1017.3,1.6,0.0,1.6,0.0,5.0,0.0,5.0,0.0,-0.09999999999990905,-0.1999999999999318,0.984807753012208,0.17364817766693041,-0.4999999999999997,-0.8660254037844388,1.4,5.0
2026-07-25 15:20:00,80.0,5.0,1.6,1016.9,27.8,28.0,1.6,1.4,1.6,5.0,5.0,5.0,1017.0,1017.2,1017.2,1.6,0.0,1.5333333333333332,0.11547005383792529,4.666666666666667,0.5773502691896258,4.666666666666667,0.5163977794943221,-0.3000000000000682,-0.3000000000000682,0.984807753012208,0.17364817766693041,-0.7071067811865471,-0.7071067811865479,1.4,5.0
2026-07-25 16:20:00,70.0,4.0,1.5,1016.4,27.7,28.0,1.5,1.4,1.6,4.0,5.0,5.0,1016.4,1016.5,1016.9,1.5,0.0,1.4666666666666668,0.05773502691896273,4.0,0.0,4.333333333333333,0.5163977794943221,-0.5,-0.10000000000002274,0.9396926207859083,0.3420201433256688,-0.8660254037844385,-0.5000000000000004,1.4,4.0
2026-07-25 18:20:00,70.0,4.0,1.5,1016.0,27.8,28.0,1.5,1.5,1.5,5.0,5.0,4.0,1015.9,1015.9,1016.1,1.5,0.0,1.5,0.0,4.333333333333333,0.5773502691896258,4.666666666666667,0.5163977794943221,-0.10000000000002274,0.10000000000002274,0.9396926207859083,0.3420201433256688,-1.0,-1.8369701987210297e-16,1.5,4.0
2026-07-25 19:20:00,70.0,5.0,1.4,1015.7,27.8,28.0,1.4,1.5,1.5,5.0,4.0,4.0,1015.8,1015.9,1016.0,1.4,0.0,1.4333333333333333,0.057735026918962484,4.666666666666667,0.5773502691896258,4.333333333333333,0.5163977794943221,-0.2999999999999545,-0.1999999999999318,0.9396926207859083,0.3420201433256688,-0.9659258262890684,0.2588190451025203,1.4,4.0
2026-07-25 20:20:00,70.0,5.0,1.4,1015.4,27.8,28.0,1.4,1.4,1.4,5.0,4.0,5.0,1015.4,1015.6,1015.7,1.4,0.0,1.4,0.0,5.0,0.0,4.666666666666667,0.5163977794943221,-0.3000000000000682,-0.20000000000004547,0.9396926207859083,0.3420201433256688,-0.8660254037844386,0.5000000000000001,1.5,5.0
2026-07-25 21:20:00,80.0,5.0,1.5,1015.5,27.8,28.0,1.5,1.5,1.4,5.0,5.0,5.0,1015.5,1015.6,1015.4,1.5,0.0,1.5,0.0,5.0,0.0,5.0,0.0,0.10000000000002274,-0.10000000000002274,0.984807753012208,0.17364817766693041,-0.7071067811865477,0.7071067811865474,1.4,5.0
2026-07-25 22:20:00,70.0,6.0,1.4,1015.9,27.6,27.9,1.4,1.4,1.5,6.0,5.0,5.0,1015.8,1015.6,1015.5,1.4,0.0,1.4,0.0,5.666666666666667,0.5773502691896258,5.333333333333333,0.5163977794943221,0.39999999999997726,0.2999999999999545,0.9396926207859083,0.3420201433256688,-0.5000000000000004,0.8660254037844384,1.4,6.0
2026-07-26 01:20:00,80.0,6.0,1.3,1016.9,27.5,27.9,1.3,1.3,1.3,6.0,6.0,5.0,1016.9,1016.8,1016.7,1.3,0.0,1.3,0.0,6.0,0.0,5.833333333333333,0.4082482904638632,0.1999999999999318,0.10000000000002274,0.984807753012208,0.17364817766693041,0.25881904510252074,0.9659258262890683,1.4,6.0
2026-07-26 02:20:00,80.0,6.0,1.3,1016.8,27.4,27.9,1.3,1.4,1.3,6.0,6.0,6.0,1016.9,1016.9,1016.9,1.3,0.0,1.3333333333333333,0.05773502691896253,6.0,0.0,6.0,0.0,-0.10000000000002274,-0.10000000000002274,0.984807753012208,0.17364817766693041,0.49999999999999994,0.8660254037844387,1.4,6.0
2026-07-26 02:50:00,80.0,6.0,1.4,1016.5,27.5,27.9,1.4,1.3,1.4,7.0,6.0,6.0,1016.7,1016.8,1016.9,1.4,0.0,1.3499999999999999,0.057735026918962554,6.333333333333333,0.5773502691896258,6.166666666666667,0.40824829046386296,-0.39999999999997726,-0.2999999999999545,0.984807753012208,0.17364817766693041,0.49999999999999994,0.8660254037844387,1.3,6.0
2026-07-26 03:20:00,80.0,6.0,1.3,1016.1,27.4,27.9,1.3,1.4,1.3,7.0,6.0,6.0,1016.3,1016.5,1016.8,1.3,0.0,1.35,0.057735026918962554,6.333333333333333,0.5773502691896258,6.333333333333333,0.5163977794943221,-0.6999999999999318,-0.39999999999997726,0.984807753012208,0.17364817766693041,0.7071067811865476,0.7071067811865476,1.4,5.0
2026-07-26 04:20:00,80.0,5.0,1.3,1015.3,27.2,27.9,1.3,1.4,1.3,5.0,5.0,6.0,1015.4,1015.7,1016.1,1.3,0.0,1.3333333333333333,0.05773502691896253,5.0,0.0,5.166666666666667,0.40824829046386496,-0.8000000000000682,-0.40000000000009095,0.984807753012208,0.17364817766693041,0.8660254037844386,0.5000000000000001,1.3,5.0
2026-07-26 05:20:00,70.0,4.0,1.3,1014.8,27.2,27.9,1.3,1.3,1.3,5.0,5.0,5.0,1015.0,1015.1,1015.3,1.3,0.0,1.3,0.0,4.666666666666667,0.5773502691896258,4.833333333333333,0.40824829046386296,-0.5,-0.3000000000000682,0.9396926207859083,0.3420201433256688,0.9659258262890683,0.25881904510252074,1.4,5.0
2026-07-26 06:20:00,40.0,6.0,1.4,1014.4,26.4,27.9,1.4,1.4,1.3,7.0,5.0,4.0,1014.3,1014.5,1014.8,1.4,0.0,1.4,0.0,6.666666666666667,0.5773502691896258,5.833333333333333,0.9831920802501759,-0.39999999999997726,-0.10000000000002274,0.6427876096865393,0.766044443118978,1.0,6.123233995736766e-17,1.2,4.0
2026-07-26 07:20:00,80.0,6.0,1.3,1014.4,27.2,27.8,1.3,1.2,1.4,5.0,4.0,6.0,1014.3,1014.2,1014.4,1.3,0.0,1.2666666666666666,0.05773502691896245,5.0,1.0,4.666666666666667,0.8164965809277243,0.0,0.1999999999999318,0.984807753012208,0.17364817766693041,0.9659258262890683,-0.25881904510252063,1.3,5.0
2026-07-26 09:20:00,90.0,7.0,1.3,1014.6,27.2,27.8,1.3,1.3,1.3,6.0,6.0,7.0,1014.6,1014.8,1014.5,1.3,0.0,1.3,0.0,6.0,1.0,6.166666666666667,0.7527726527090833,0.10000000000002274,-0.1999999999999318,1.0,6.123233995736766e-17,0.7071067811865476,-0.7071067811865475,1.3,6.0
2026-07-26 09:50:00,80.0,6.0,1.3,1014.9,27.3,27.8,1.3,1.3,1.3,6.0,7.0,6.0,1014.7,1014.6,1014.8,1.3,0.0,1.3,0.0,6.333333333333333,0.5773502691896258,6.166666666666667,0.7527726527090833,0.10000000000002274,0.2999999999999545,0.984807753012208,0.17364817766693041,0.7071067811865476,-0.7071067811865475,1.3,5.0
2026-07-26 10:20:00,80.0,5.0,1.3,1015.1,27.4,27.8,1.3,1.3,1.3,6.0,6.0,7.0,1015.0,1014.9,1014.6,1.3,0.0,1.3,0.0,5.666666666666667,0.5773502691896258,6.0,0.6324555320336777,0.5,0.20000000000004547,0.984807753012208,0.17364817766693041,0.49999999999999994,-0.8660254037844387,1.3,5.0
2026-07-26 11:20:00,80.0,5.0,1.2,1015.4,27.4,27.8,1.2,1.3,1.3,5.0,5.0,5.0,1015.3,1015.3,1015.1,1.2,0.0,1.2333333333333334,0.057735026918962595,5.0,0.0,5.0,0.0,0.2999999999999545,0.10000000000002274,0.984807753012208,0.17364817766693041,0.258819045102521,-0.9659258262890682,1.2,6.0
2026-07-26 12:20:00,100.0,5.0,1.3,1015.6,27.5,27.8,1.3,1.2,1.2,6.0,6.0,5.0,1015.5,1015.5,1015.4,1.3,0.0,1.2666666666666666,0.057735026918962595,5.666666666666667,0.5773502691896258,5.666666666666667,0.5163977794943221,0.20000000000004547,0.10000000000002274,0.984807753012208,-0.1736481776669303,1.2246467991473532e-16,-1.0,1.3,5.0
2026-07-26 13:20:00,80.0,4.0,1.1,1015.9,27.5,27.9,1.1,1.3,1.3,5.0,5.0,5.0,1015.9,1015.8,1015.6,1.1,0.0,1.1666666666666667,0.11547005383792516,4.666666666666667,0.5773502691896258,4.833333333333333,0.40824829046386296,0.2999999999999545,0.10000000000002274,0.984807753012208,0.17364817766693041,-0.2588190451025208,-0.9659258262890683,1.2,6.0
2026-07-26 14:20:00,90.0,7.0,1.3,1015.7,27.8,27.9,1.3,1.2,1.1,6.0,6.0,4.0,1015.8,1015.8,1015.9,1.3,0.0,1.2666666666666668,0.05773502691896285,6.333333333333333,0.5773502691896258,6.0,0.6324555320336757,-0.1999999999999318,-0.09999999999990905,1.0,6.123233995736766e-17,-0.4999999999999997,-0.8660254037844388,1.2,6.0
2026-07-26 15:20:00,110.0,7.0,1.2,1015.4,27.7,28.0,1.2,1.2,1.3,7.0,6.0,7.0,1015.5,1015.6,1015.7,1.2,0.0,1.2,0.0,7.0,0.0,6.5,0.5477225575051657,-0.3000000000000682,-0.20000000000004547,0.9396926207859084,-0.3420201433256687,-0.7071067811865471,-0.7071067811865479,1.2,6.0
2026-07-26 16:20:00,100.0,7.0,1.2,1015.0,27.8,28.0,1.2,1.2,1.2,7.0,6.0,7.0,1015.1,1015.2,1015.4,1.2,0.0,1.2,0.0,6.666666666666667,0.5773502691896258,6.833333333333333,0.7527726527090809,-0.39999999999997726,-0.20000000000004547,0.984807753012208,-0.1736481776669303,-0.8660254037844385,-0.5000000000000004,1.3,6.0
2026-07-26 17:20:00,90.0,6.0,1.2,1014.4,27.8,28.0,1.2,1.3,1.2,6.0,6.0,7.0,1014.5,1014.7,1015.0,1.2,0.0,1.2333333333333334,0.057735026918962595,6.0,0.0,6.0,0.0,-0.6000000000000227,-0.3000000000000682,1.0,6.123233995736766e-17,-0.9659258262890683,-0.25881904510252063,1.3,6.0
2026-07-26 18:20:00,90.0,6.0,1.3,1013.9,27.9,28.0,1.3,1.3,1.2,6.0,6.0,6.0,1014.0,1014.1,1014.4,1.3,0.0,1.3,0.0,6.0,0.0,6.0,0.0,-0.5,-0.20000000000004547,1.0,6.123233995736766e-17,-1.0,-1.8369701987210297e-16,1.2,6.0
2026-07-26 19:20:00,90.0,7.0,1.3,1013.6,27.8,28.0,1.3,1.2,1.3,6.0,6.0,6.0,1013.7,1013.8,1013.9,1.3,0.0,1.2666666666666666,0.057735026918962595,6.333333333333333,0.5773502691896258,6.166666666666667,0.40824829046386296,-0.2999999999999545,-0.1999999999999318,1.0,6.123233995736766e-17,-0.9659258262890684,0.2588190451025203,1.3,7.0
2026-07-26 21:20:00,90.0,6.0,1.4,1014.4,27.6,28.0,1.4,1.4,1.3,6.0,7.0,7.0,1014.3,1014.1,1014.0,1.4,0.0,1.4,0.0,6.0,0.0,6.5,0.5477225575051659,0.39999999999997726,0.2999999999999545,1.0,6.123233995736766e-17,-0.7071067811865477,0.7071067811865474,1.4,6.0
2026-07-26 22:20:00,80.0,6.0,1.3,1014.9,27.4,28.0,1.3,1.4,1.4,6.0,6.0,6.0,1014.8,1014.6,1014.4,1.3,0.0,1.3333333333333333,0.05773502691896261,6.0,0.0,5.833333333333333,0.408248290463863,0.5,0.2999999999999545,0.984807753012208,0.17364817766693041,-0.5000000000000004,0.8660254037844384,1.3,6.0
2026-07-26 22:50:00,80.0,6.0,1.3,1015.2,27.4,28.0,1.3,1.3,1.4,6.0,6.0,6.0,1015.1,1014.9,1014.6,1.3,0.0,1.3,0.0,6.0,0.0,6.0,0.0,0.6000000000000227,0.3000000000000682,0.984807753012208,0.17364817766693041,-0.5000000000000004,0.8660254037844384,1.4,6.0
2026-07-27 00:20:00,90.0,7.0,1.4,1016.1,27.2,27.9,1.4,1.3,1.4,8.0,6.0,6.0,1016.0,1015.9,1015.6,1.4,0.0,1.375,0.050000000000000086,7.333333333333333,0.5773502691896258,6.666666666666667,0.816496580927726,0.5,0.20000000000004547,1.0,6.123233995736766e-17,0.0,1.0,1.3,6.0
2026-07-27 00:50:00,80.0,6.0,1.3,1016.2,27.2,27.9,1.3,1.4,1.3,7.0,7.0,6.0,1016.1,1016.1,1015.9,1.3,0.0,1.35,0.05773502691896256,6.333333333333333,0.5773502691896258,6.833333333333333,0.7527726527090811,0.3000000000000682,0.10000000000002274,0.984807753012208,0.17364817766693041,0.0,1.0,1.3,6.0
2026-07-27 01:20:00,80.0,6.0,1.3,1016.4,27.3,28.0,1.3,1.3,1.4,6.0,6.0,7.0,1016.3,1016.2,1016.1,1.3,0.0,1.3,0.0,6.0,0.0,6.166666666666667,0.40824829046386224,0.2999999999999545,0.1999999999999318,0.984807753012208,0.17364817766693041,0.25881904510252074,0.9659258262890683,1.4,6.0
2026-07-27 02:20:00,80.0,6.0,1.5,1016.4,27.5,27.9,1.5,1.4,1.3,6.0,6.0,6.0,1016.4,1016.4,1016.4,1.5,0.0,1.4666666666666668,0.05773502691896298,6.0,0.0,6.0,0.0,0.0,0.0,0.984807753012208,0.17364817766693041,0.49999999999999994,0.8660254037844387,1.4,7.0
2026-07-27 03:20:00,80.0,7.0,1.4,1016.0,27.5,27.9,1.4,1.4,1.5,6.0,7.0,6.0,1016.1,1016.3,1016.4,1.4,0.0,1.4,0.0,6.666666666666667,0.5773502691896258,6.666666666666667,0.5163977794943221,-0.39999999999997726,-0.2999999999999545,0.984807753012208,0.17364817766693041,0.7071067811865476,0.7071067811865476,1.3,8.0
2026-07-27 04:20:00,90.0,8.0,1.3,1015.2,27.5,27.9,1.3,1.3,1.4,8.0,8.0,7.0,1015.3,1015.6,1016.0,1.3,0.0,1.3,0.0,8.333333333333334,0.5773502691896255,8.0,0.632455532033678,-0.7999999999999545,-0.39999999999997726,1.0,6.123233995736766e-17,0.8660254037844386,0.5000000000000001,1.4,8.0
2026-07-27 05:20:00,90.0,7.0,1.4,1014.6,27.2,27.9,1.4,1.4,1.3,7.0,8.0,8.0,1014.7,1014.9,1015.2,1.4,0.0,1.4,0.0,7.333333333333333,0.5773502691896258,7.666666666666667,0.5163977794943221,-0.6000000000000227,-0.2999999999999545,1.0,6.123233995736766e-17,0.9659258262890683,0.25881904510252074,1.5,8.0
2026-07-27 05:50:00,90.0,8.0,1.5,1014.3,27.2,27.9,1.5,1.4,1.4,8.0,7.0,8.0,1014.4,1014.6,1014.9,1.5,0.0,1.45,0.05773502691896274,8.0,0.0,7.666666666666667,0.5163977794943221,-0.6000000000000227,-0.3000000000000682,1.0,6.123233995736766e-17,0.9659258262890683,0.25881904510252074,1.5,8.0
2026-07-27 07:20:00,100.0,8.0,1.4,1013.9,27.2,27.8,1.4,1.5,1.5,8.0,8.0,8.0,1013.9,1014.1,1014.2,1.4,0.0,1.4333333333333333,0.057735026918962484,8.0,0.0,8.0,0.0,-0.3000000000000682,-0.20000000000004547,0.984807753012208,-0.1736481776669303,0.9659258262890683,-0.25881904510252063,1.4,7.0
2026-07-27 09:20:00,90.0,7.0,1.5,1014.5,27.2,27.8,1.5,1.5,1.4,7.0,7.0,7.0,1014.4,1014.3,1014.2,1.5,0.0,1.5,0.0,6.666666666666667,0.5773502691896258,6.833333333333333,0.40824829046386407,0.2999999999999545,0.20000000000004547,1.0,6.123233995736766e-17,0.7071067811865476,-0.7071067811865475,1.4,8.0
2026-07-27 09:50:00,90.0,8.0,1.4,1014.5,27.2,27.8,1.4,1.5,1.5,8.0,7.0,7.0,1014.6,1014.5,1014.3,1.4,0.0,1.45,0.05773502691896274,7.666666666666667,0.5773502691896258,7.166666666666667,0.7527726527090811,0.20000000000004547,0.0,1.0,6.123233995736766e-17,0.7071067811865476,-0.7071067811865475,1.4,9.0
2026-07-27 10:20:00,100.0,9.0,1.4,1014.8,27.3,27.8,1.4,1.4,1.5,9.0,8.0,7.0,1014.7,1014.5,1014.5,1.4,0.0,1.4,0.0,9.0,0.0,8.333333333333334,0.8164965809277235,0.2999999999999545,0.2999999999999545,0.984807753012208,-0.1736481776669303,0.49999999999999994,-0.8660254037844387,1.5,8.0
2026-07-27 11:20:00,110.0,8.0,1.5,1015.2,26.8,27.8,1.5,1.5,1.4,7.0,8.0,9.0,1015.3,1015.0,1014.8,1.5,0.0,1.5,0.0,7.666666666666667,0.5773502691896258,7.833333333333333,0.4082482904638615,0.40000000000009095,0.20000000000004547,0.9396926207859084,-0.3420201433256687,0.258819045102521,-0.9659258262890682,1.4,7.0
2026-07-27 12:20:00,100.0,8.0,1.4,1015.8,27.6,27.8,1.4,1.4,1.5,8.0,7.0,8.0,1015.9,1015.5,1015.2,1.4,0.0,1.4,0.0,7.666666666666667,0.5773502691896258,7.666666666666667,0.516397779494322,0.599999999999909,0.2999999999999545,0.984807753012208,-0.1736481776669303,1.2246467991473532e-16,-1.0,1.5,8.0
2026-07-27 13:20:00,90.0,8.0,1.6,1015.9,27.6,27.8,1.6,1.5,1.4,8.0,8.0,8.0,1015.8,1015.6,1015.8,1.6,0.0,1.5666666666666667,0.057735026918962006,8.0,0.0,8.0,0.0,0.10000000000002274,0.2999999999999545,1.0,6.123233995736766e-17,-0.2588190451025208,-0.9659258262890683,1.6,8.0
2026-07-27 14:20:00,90.0,8.0,1.6,1015.9,27.7,27.9,1.6,1.6,1.6,8.0,8.0,8.0,1015.9,1015.9,1015.9,1.6,0.0,1.6,0.0,8.0,0.0,7.833333333333333,0.40824829046386296,0.0,0.0,1.0,6.123233995736766e-17,-0.4999999999999997,-0.8660254037844388,1.5,8.0
2026-07-27 15:20:00,90.0,7.0,1.5,1015.7,27.8,27.9,1.5,1.5,1.6,7.0,8.0,8.0,1015.7,1015.8,1015.9,1.5,0.0,1.5,0.0,7.0,0.0,7.5,0.5477225575051659,-0.1999999999999318,-0.09999999999990905,1.0,6.123233995736766e-17,-0.7071067811865471,-0.7071067811865479,1.5,7.0
2026-07-27 17:20:00,90.0,8.0,1.4,1014.9,27.8,28.0,1.4,1.7,1.5,7.0,8.0,8.0,1014.9,1015.1,1015.2,1.4,0.0,1.5,0.17320508075688787,7.666666666666667,0.5773502691896258,7.5,0.5477225575051659,-0.3000000000000682,-0.20000000000004547,1.0,6.123233995736766e-17,-0.9659258262890683,-0.25881904510252063,1.5,7.0
2026-07-27 18:20:00,90.0,7.0,1.5,1014.9,27.8,28.0,1.5,1.5,1.4,7.0,7.0,8.0,1014.8,1014.8,1014.9,1.5,0.0,1.5,0.0,7.0,0.0,7.166666666666667,0.4082482904638632,0.0,0.10000000000002274,1.0,6.123233995736766e-17,-1.0,-1.8369701987210297e-16,1.6,7.0
2026-07-27 19:20:00,90.0,7.0,1.5,1014.6,27.9,28.1,1.5,1.6,1.5,7.0,7.0,7.0,1014.8,1014.9,1014.9,1.5,0.0,1.5333333333333332,0.057735026918962595,7.0,0.0,7.0,0.0,-0.2999999999999545,-0.2999999999999545,1.0,6.123233995736766e-17,-0.9659258262890684,0.2588190451025203,1.5,7.0
2026-07-27 20:20:00,80.0,7.0,1.5,1014.5,27.9,28.1,1.5,1.5,1.5,7.0,7.0,7.0,1014.4,1014.5,1014.6,1.5,0.0,1.5,0.0,7.0,0.0,7.0,0.0,-0.10000000000002274,0.0,0.984807753012208,0.17364817766693041,-0.8660254037844386,0.5000000000000001,1.6,8.0
2026-07-27 20:50:00,80.0,8.0,1.6,1014.5,27.9,28.1,1.6,1.5,1.5,8.0,7.0,7.0,1014.5,1014.5,1014.5,1.6,0.0,1.55,0.05773502691896274,8.0,0.0,7.5,0.5477225575051659,0.0,0.0,0.984807753012208,0.17364817766693041,-0.8660254037844386,0.5000000000000001,1.5,7.0
2026-07-27 21:20:00,90.0,7.0,1.5,1014.6,27.9,28.1,1.5,1.6,1.5,7.0,8.0,7.0,1014.6,1014.5,1014.5,1.5,0.0,1.55,0.05773502691896274,7.333333333333333,0.5773502691896258,7.666666666666667,0.5163977794943221,0.10000000000002274,0.10000000000002274,1.0,6.123233995736766e-17,-0.7071067811865477,0.7071067811865474,1.6,8.0
2026-07-27 22:20:00,80.0,7.0,1.6,1014.9,27.5,28.0,1.6,1.6,1.5,7.0,8.0,7.0,1014.8,1014.8,1014.6,1.6,0.0,1.6,0.0,7.333333333333333,0.5773502691896258,7.333333333333333,0.5163977794943221,0.2999999999999545,0.10000000000002274,0.984807753012208,0.17364817766693041,-0.5000000000000004,0.8660254037844384,1.6,8.0
2026-07-28 01:20:00,80.0,8.0,1.6,1016.2,27.6,28.0,1.6,1.6,1.6,7.0,8.0,7.0,1016.3,1016.1,1016.0,1.6,0.0,1.6,0.0,7.333333333333333,0.5773502691896258,7.333333333333333,0.5163977794943221,0.20000000000004547,0.10000000000002274,0.984807753012208,0.17364817766693041,0.25881904510252074,0.9659258262890683,1.6,8.0
2026-07-28 02:20:00,80.0,8.0,1.6,1016.3,27.6,28.0,1.6,1.6,1.6,9.0,8.0,8.0,1016.3,1016.3,1016.2,1.6,0.0,1.6,0.0,8.333333333333334,0.5773502691896255,8.166666666666666,0.4082482904638632,0.09999999999990905,0.0,0.984807753012208,0.17364817766693041,0.49999999999999994,0.8660254037844387,1.6,7.0
2026-07-28 03:20:00,80.0,7.0,1.8,1016.1,27.6,28.0,1.8,1.6,1.6,8.0,7.0,8.0,1016.2,1016.3,1016.3,1.8,0.0,1.7333333333333334,0.1154700538379251,7.333333333333333,0.5773502691896258,7.5,0.5477225575051651,-0.1999999999999318,-0.1999999999999318,0.984807753012208,0.17364817766693041,0.7071067811865476,0.7071067811865476,1.7,7.0
2026-07-28 03:50:00,70.0,7.0,1.7,1015.6,27.6,28.0,1.7,1.8,1.6,7.0,7.0,7.0,1015.7,1016.1,1016.3,1.7,0.0,1.75,0.057735026918962526,7.0,0.0,7.166666666666667,0.4082482904638621,-0.6999999999999318,-0.5,0.9396926207859083,0.3420201433256688,0.7071067811865476,0.7071067811865476,1.6,8.0
2026-07-28 04:20:00,70.0,8.0,1.6,1015.3,27.4,28.0,1.6,1.7,1.8,7.0,7.0,7.0,1015.5,1015.6,1016.1,1.6,0.0,1.65,0.05773502691896275,7.333333333333333,0.5773502691896258,7.166666666666667,0.40824829046386296,-0.8000000000000682,-0.3000000000000682,0.9396926207859083,0.3420201433256688,0.8660254037844386,0.5000000000000001,1.6,8.0
2026-07-28 04:50:00,70.0,8.0,1.6,1015.0,27.5,28.0,1.6,1.6,1.7,8.0,8.0,7.0,1015.2,1015.3,1015.6,1.6,0.0,1.6,0.0,8.0,0.0,7.666666666666667,0.5163977794943221,-0.6000000000000227,-0.2999999999999545,0.9396926207859083,0.3420201433256688,0.8660254037844386,0.5000000000000001,1.7,8.0
2026-07-28 05:20:00,70.0,8.0,1.7,1014.8,27.6,28.0,1.7,1.6,1.6,8.0,8.0,8.0,1014.9,1015.0,1015.3,1.7,0.0,1.6500000000000001,0.05773502691896256,8.0,0.0,8.0,0.0,-0.5,-0.20000000000004547,0.9396926207859083,0.3420201433256688,0.9659258262890683,0.25881904510252074,1.7,8.0
2026-07-28 06:20:00,80.0,8.0,1.6,1014.3,27.4,28.0,1.6,1.7,1.7,8.0,8.0,8.0,1014.3,1014.5,1014.8,1.6,0.0,1.6333333333333335,0.05773502691896261,8.0,0.0,8.0,0.0,-0.5,-0.20000000000004547,0.984807753012208,0.17364817766693041,1.0,6.123233995736766e-17,1.8,9.0
2026-07-28 07:20:00,80.0,9.0,1.7,1014.3,27.6,28.0,1.7,1.8,1.6,8.0,9.0,8.0,1014.2,1014.3,1014.3,1.7,0.0,1.7333333333333332,0.05773502691896245,8.666666666666666,0.5773502691896255,8.5,0.5477225575051671,0.0,0.0,0.984807753012208,0.17364817766693041,0.9659258262890683,-0.25881904510252063,1.8,9.0
2026-07-28 09:20:00,80.0,9.0,1.9,1014.5,27.6,27.9,1.9,1.9,1.8,9.0,9.0,9.0,1014.5,1014.5,1014.3,1.9,0.0,1.9,0.0,9.0,0.0,9.0,0.0,0.20000000000004547,0.0,0.984807753012208,0.17364817766693041,0.7071067811865476,-0.7071067811865475,1.9,9.0
2026-07-28 10:20:00,80.0,10.0,2.1,1014.9,27.7,27.9,2.1,1.9,1.9,10.0,9.0,9.0,1014.8,1014.6,1014.5,2.1,0.0,2.033333333333333,0.11547005383792533,9.666666666666666,0.5773502691896255,9.5,0.5477225575051671,0.39999999999997726,0.2999999999999545,0.984807753012208,0.17364817766693041,0.49999999999999994,-0.8660254037844387,2.0,10.0
2026-07-28 11:20:00,70.0,10.0,2.1,1015.4,27.8,27.9,2.1,2.0,2.1,10.0,10.0,10.0,1015.4,1015.1,1014.9,2.1,0.0,2.0666666666666664,0.05773502691896269,10.0,0.0,10.0,0.0,0.5,0.2999999999999545,0.9396926207859083,0.3420201433256688,0.258819045102521,-0.9659258262890682,2.2,9.0
2026-07-28 12:20:00,80.0,10.0,2.1,1016.0,27.8,27.9,2.1,2.2,2.1,10.0,9.0,10.0,1015.9,1015.6,1015.4,2.1,0.0,2.1333333333333333,0.05773502691896269,9.666666666666666,0.5773502691896255,9.333333333333334,0.516397779494324,0.6000000000000227,0.39999999999997726,0.984807753012208,0.17364817766693041,1.2246467991473532e-16,-1.0,2.2,10.0
2026-07-28 12:50:00,80.0,10.0,2.2,1016.1,27.8,27.9,2.2,2.1,2.2,10.0,10.0,9.0,1016.1,1016.0,1015.6,2.2,0.0,2.15,0.057735026918962734,9.666666666666666,0.5773502691896255,9.666666666666666,0.5163977794943228,0.5,0.10000000000002274,0.984807753012208,0.17364817766693041,1.2246467991473532e-16,-1.0,2.1,10.0
2026-07-28 13:20:00,70.0,10.0,2.1,1016.3,27.8,28.0,2.1,2.2,2.1,10.0,10.0,10.0,1016.3,1016.1,1016.0,2.1,0.0,2.1500000000000004,0.057735026918962734,10.0,0.0,9.833333333333334,0.4082482904638632,0.2999999999999545,0.1999999999999318,0.9396926207859083,0.3420201433256688,-0.2588190451025208,-0.9659258262890683,2.2,10.0
2026-07-28 14:20:00,70.0,9.0,2.0,1016.3,27.8,28.0,2.0,2.2,2.1,9.0,10.0,10.0,1016.2,1016.3,1016.3,2.0,0.0,2.066666666666667,0.1154700538379253,9.0,0.0,9.333333333333334,0.516397779494324,0.0,0.0,0.9396926207859083,0.3420201433256688,-0.4999999999999997,-0.8660254037844388,2.2,9.0
2026-07-28 14:50:00,70.0,9.0,2.2,1016.4,27.8,28.0,2.2,2.0,2.2,9.0,9.0,10.0,1016.4,1016.3,1016.3,2.2,0.0,2.1,0.11547005383792526,9.0,0.0,9.0,0.0,0.10000000000002274,0.10000000000002274,0.9396926207859083,0.3420201433256688,-0.4999999999999997,-0.8660254037844388,2.2,10.0
2026-07-28 15:20:00,70.0,10.0,2.2,1016.4,27.8,28.0,2.2,2.2,2.0,9.0,9.0,9.0,1016.5,1016.4,1016.3,2.2,0.0,2.2,0.0,9.333333333333334,0.5773502691896255,9.166666666666666,0.4082482904638632,0.10000000000002274,0.0,0.9396926207859083,0.3420201433256688,-0.7071067811865471,-0.7071067811865479,2.2,9.0
2026-07-28 17:20:00,70.0,9.0,2.3,1015.4,27.8,28.1,2.3,2.1,2.2,9.0,9.0,9.0,1015.4,1015.8,1016.1,2.3,0.0,2.233333333333333,0.11547005383792489,9.0,0.0,9.0,0.0,-0.7000000000000455,-0.39999999999997726,0.9396926207859083,0.3420201433256688,-0.9659258262890683,-0.25881904510252063,2.3,8.0
2026-07-28 18:20:00,80.0,9.0,2.2,1015.0,27.9,28.1,2.2,2.3,2.3,9.0,8.0,9.0,1015.1,1015.4,1015.4,2.2,0.0,2.233333333333334,0.05773502691896237,9.0,0.0,8.833333333333334,0.4082482904638632,-0.39999999999997726,-0.39999999999997726,0.984807753012208,0.17364817766693041,-1.0,-1.8369701987210297e-16,2.0,9.0
2026-07-28 19:20:00,80.0,9.0,2.2,1014.5,27.8,28.1,2.2,2.0,2.2,9.0,9.0,9.0,1014.5,1014.7,1015.0,2.2,0.0,2.1333333333333333,0.11547005383792519,9.0,0.0,9.0,0.0,-0.5,-0.20000000000004547,0.984807753012208,0.17364817766693041,-0.9659258262890684,0.2588190451025203,2.3,9.0
2026-07-28 20:20:00,80.0,9.0,2.0,1014.5,27.7,28.1,2.0,2.3,2.2,9.0,9.0,9.0,1014.6,1014.5,1014.5,2.0,0.0,2.0999999999999996,0.17320508075688743,9.0,0.0,9.0,0.0,0.0,0.0,0.984807753012208,0.17364817766693041,-0.8660254037844386,0.5000000000000001,2.2,8.0
2026-07-28 21:20:00,80.0,8.0,2.3,1014.8,27.7,28.1,2.3,2.2,2.0,9.0,8.0,9.0,1014.8,1014.8,1014.5,2.3,0.0,2.2666666666666666,0.05773502691896073,8.666666666666666,0.5773502691896255,8.5,0.5477225575051671,0.2999999999999545,0.0,0.984807753012208,0.17364817766693041,-0.7071067811865477,0.7071067811865474,2.1,9.0
2026-07-28 22:20:00,80.0,9.0,2.0,1015.4,27.7,28.1,2.0,2.1,2.3,8.0,9.0,8.0,1015.3,1015.0,1014.8,2.0,0.0,2.033333333333333,0.05773502691896278,8.666666666666666,0.5773502691896255,8.833333333333334,0.4082482904638632,0.6000000000000227,0.39999999999997726,0.984807753012208,0.17364817766693041,-0.5000000000000004,0.8660254037844384,1.9,9.0
2026-07-29 01:20:00,80.0,10.0,2.1,1017.0,27.8,28.0,2.1,2.2,2.1,10.0,10.0,9.0,1017.0,1016.8,1016.4,2.1,0.0,2.1333333333333333,0.05773502691896269,10.0,0.0,9.666666666666666,0.516397779494324,0.6000000000000227,0.20000000000004547,0.984807753012208,0.17364817766693041,0.25881904510252074,0.9659258262890683,2.1,10.0
2026-07-29 02:20:00,80.0,10.0,2.1,1017.2,27.7,28.0,2.1,2.1,2.1,10.0,10.0,10.0,1017.2,1017.2,1017.0,2.1,0.0,2.1,0.0,10.0,0.0,10.0,0.0,0.20000000000004547,0.0,0.984807753012208,0.17364817766693041,0.49999999999999994,0.8660254037844387,2.0,10.0
2026-07-29 03:20:00,90.0,10.0,2.1,1017.3,27.6,28.0,2.1,2.0,2.1,10.0,10.0,10.0,1017.3,1017.3,1017.2,2.1,0.0,2.0666666666666664,0.05773502691896269,10.0,0.0,10.0,0.0,0.09999999999990905,0.0,1.0,6.123233995736766e-17,0.7071067811865476,0.7071067811865476,1.9,10.0
2026-07-29 04:20:00,80.0,9.0,2.1,1016.9,27.5,28.0,2.1,1.9,2.1,9.0,10.0,10.0,1017.0,1017.0,1017.3,2.1,0.0,2.033333333333333,0.11547005383792519,9.0,0.0,9.333333333333334,0.516397779494324,-0.39999999999997726,-0.10000000000002274,0.984807753012208,0.17364817766693041,0.8660254037844386,0.5000000000000001,2.0,9.0
2026-07-29 05:20:00,70.0,9.0,2.2,1016.1,27.4,27.9,2.2,2.0,2.1,9.0,9.0,9.0,1016.2,1016.5,1016.9,2.2,0.0,2.1333333333333333,0.1154700538379253,9.0,0.0,9.0,0.0,-0.7999999999999545,-0.39999999999997726,0.9396926207859083,0.3420201433256688,0.9659258262890683,0.25881904510252074,2.0,9.0
2026-07-29 06:20:00,80.0,9.0,1.9,1015.5,27.3,27.9,1.9,2.0,2.2,9.0,9.0,9.0,1015.7,1015.8,1016.1,1.9,0.0,1.9333333333333333,0.057735026918961554,9.0,0.0,9.0,0.0,-0.6000000000000227,-0.2999999999999545,0.984807753012208,0.17364817766693041,1.0,6.123233995736766e-17,2.0,9.0
2026-07-29 06:50:00,80.0,9.0,2.0,1015.4,27.2,27.9,2.0,1.9,2.0,9.0,9.0,9.0,1015.4,1015.5,1015.8,2.0,0.0,1.95,0.05773502691896198,9.0,0.0,9.0,0.0,-0.39999999999997726,-0.10000000000002274,0.984807753012208,0.17364817766693041,1.0,6.123233995736766e-17,1.9,10.0
2026-07-29 07:20:00,80.0,10.0,1.9,1015.5,27.4,27.9,1.9,2.0,1.9,11.0,9.0,9.0,1015.6,1015.4,1015.5,1.9,0.0,1.95,0.05773502691896198,10.333333333333334,0.5773502691896255,9.666666666666666,0.8164965809277264,0.0,0.10000000000002274,0.984807753012208,0.17364817766693041,0.9659258262890683,-0.25881904510252063,2.1,9.0
2026-07-29 09:20:00,90.0,9.0,2.2,1016.0,27.4,27.9,2.2,2.0,1.9,9.0,9.0,10.0,1015.8,1015.8,1015.7,2.2,0.0,2.1333333333333333,0.11547005383792562,9.0,0.0,9.166666666666666,0.40824829046386235,0.2999999999999545,0.20000000000004547,1.0,6.123233995736766e-17,0.7071067811865476,-0.7071067811865475,2.1,9.0
2026-07-29 10:20:00,80.0,8.0,2.1,1016.5,27.5,27.9,2.1,2.1,2.2,8.0,9.0,9.0,1016.4,1016.3,1016.0,2.1,0.0,2.1,0.0,8.0,0.0,8.5,0.5477225575051671,0.5,0.20000000000004547,0.984807753012208,0.17364817766693041,0.49999999999999994,-0.8660254037844387,2.0,8.0
2026-07-29 10:50:00,70.0,8.0,2.0,1016.6,27.4,27.9,2.0,2.1,2.1,7.0,8.0,9.0,1016.6,1016.5,1016.3,2.0,0.0,2.05,0.05773502691896274,7.666666666666667,0.5773502691896258,7.833333333333333,0.4082482904638683,0.3000000000000682,0.10000000000002274,0.9396926207859083,0.3420201433256688,0.49999999999999994,-0.8660254037844387,2.1,9.0
2026-07-29 11:20:00,60.0,9.0,2.1,1016.7,27.6,27.9,2.1,2.0,2.1,9.0,8.0,8.0,1016.7,1016.6,1016.5,2.1,0.0,2.05,0.05773502691896274,8.666666666666666,0.5773502691896255,8.166666666666666,0.752772652709083,0.20000000000004547,0.10000000000002274,0.8660254037844386,0.5000000000000001,0.258819045102521,-0.9659258262890682,2.0,9.0
2026-07-29 12:20:00,70.0,9.0,1.9,1017.4,27.8,27.9,1.9,2.0,2.1,10.0,9.0,9.0,1017.3,1017.0,1016.7,1.9,0.0,1.9333333333333333,0.057735026918962866,9.666666666666666,0.5773502691896255,9.666666666666666,0.5163977794943262,0.6999999999999318,0.39999999999997726,0.9396926207859083,0.3420201433256688,1.2246467991473532e-16,-1.0,2.1,9.0
2026-07-29 12:50:00,80.0,9.0,2.1,1017.6,27.9,27.9,2.1,1.9,2.0,9.0,9.0,9.0,1017.5,1017.4,1017.0,2.1,0.0,2.0,0.11547005383792529,9.0,0.0,9.333333333333334,0.5163977794943249,0.6000000000000227,0.20000000000004547,0.984807753012208,0.17364817766693041,1.2246467991473532e-16,-1.0,2.2,10.0
2026-07-29 13:20:00,80.0,10.0,2.2,1017.4,27.8,27.9,2.2,2.1,1.9,10.0,9.0,9.0,1017.5,1017.6,1017.4,2.2,0.0,2.1500000000000004,0.057735026918962415,10.0,0.0,9.5,0.5477225575051691,0.0,-0.20000000000004547,0.984807753012208,0.17364817766693041,-0.2588190451025208,-0.9659258262890683,2.3,9.0
2026-07-29 14:50:00,80.0,9.0,2.1,1017.3,27.8,,2.1,2.2,2.3,9.0,9.0,9.0,1017.3,1017.3,1017.4,2.1,0.0,2.1333333333333333,0.05773502691896301,9.0,0.0,9.0,0.0,-0.10000000000002274,0.0,0.984807753012208,0.17364817766693041,-0.4999999999999997,-0.8660254037844388,2.1,9.0
2026-07-29 17:20:00,60.0,9.0,2.2,1015.8,27.6,28.0,2.2,2.2,2.1,9.0,8.0,9.0,1015.9,1016.1,1016.4,2.2,0.0,2.2,0.0,8.666666666666666,0.5773502691896255,8.333333333333334,0.5163977794943224,-0.6000000000000227,-0.3000000000000682,0.8660254037844386,0.5000000000000001,-0.9659258262890683,-0.25881904510252063,2.3,9.0
2026-07-29 18:20:00,70.0,9.0,2.1,1015.4,27.8,28.0,2.1,2.3,2.2,9.0,9.0,9.0,1015.4,1015.6,1015.8,2.1,0.0,2.1666666666666665,0.11547005383792514,9.0,0.0,8.833333333333334,0.4082482904638637,-0.39999999999997726,-0.20000000000004547,0.9396926207859083,0.3420201433256688,-1.0,-1.8369701987210297e-16,2.1,9.0
2026-07-29 19:20:00,70.0,9.0,2.2,1014.9,27.8,28.0,2.2,2.1,2.1,9.0,9.0,9.0,1015.0,1015.1,1015.4,2.2,0.0,2.166666666666667,0.05773502691896285,9.0,0.0,8.666666666666666,0.5163977794943228,-0.5,-0.20000000000004547,0.9396926207859083,0.3420201433256688,-0.9659258262890684,0.2588190451025203,2.1,9.0
2026-07-29 19:50:00,60.0,9.0,2.1,1014.8,27.8,28.0,2.1,2.2,2.1,9.0,9.0,9.0,1014.8,1014.9,1015.1,2.1,0.0,2.1500000000000004,0.05773502691896269,9.333333333333334,0.5773502691896255,9.166666666666666,0.40824829046386313,-0.3000000000000682,-0.10000000000002274,0.8660254037844386,0.5000000000000001,-0.9659258262890684,0.2588190451025203,2.3,10.0
2026-07-29 20:20:00,60.0,10.0,2.3,1014.6,27.6,28.0,2.3,2.1,2.2,9.0,9.0,9.0,1014.6,1014.8,1014.9,2.3,0.0,2.2,0.11547005383792512,9.333333333333334,0.5773502691896255,9.333333333333334,0.5163977794943226,-0.2999999999999545,-0.1999999999999318,0.8660254037844386,0.5000000000000001,-0.8660254037844386,0.5000000000000001,2.4,9.0
2026-07-29 21:20:00,70.0,10.0,2.2,1014.9,27.8,28.0,2.2,2.4,2.3,10.0,9.0,10.0,1014.8,1014.9,1014.6,2.2,0.0,2.266666666666667,0.1154700538379249,10.0,0.0,9.666666666666666,0.516397779494324,0.2999999999999545,0.0,0.9396926207859083,0.3420201433256688,-0.7071067811865477,0.7071067811865474,2.4,9.0
2026-07-29 22:20:00,70.0,9.0,2.4,1015.4,27.6,28.0,2.4,2.4,2.2,9.0,9.0,10.0,1015.3,1015.1,1014.9,2.4,0.0,2.4,0.0,9.333333333333334,0.5773502691896255,9.166666666666666,0.40824829046386313,0.5,0.2999999999999545,0.9396926207859083,0.3420201433256688,-0.5000000000000004,0.8660254037844384,2.4,10.0
2026-07-30 01:20:00,70.0,10.0,2.3,1017.3,27.6,28.0,2.3,2.4,2.4,9.0,9.0,9.0,1017.3,1017.2,1016.9,2.3,0.0,2.333333333333333,0.05773502691896285,9.333333333333334,0.5773502691896255,9.166666666666666,0.4082482904638632,0.39999999999997726,0.09999999999990905,0.9396926207859083,0.3420201433256688,0.25881904510252074,0.9659258262890683,2.4,10.0
2026-07-30 01:50:00,70.0,10.0,2.4,1017.4,27.6,28.0,2.4,2.3,2.4,10.0,10.0,9.0,1017.4,1017.3,1017.2,2.4,0.0,2.3499999999999996,0.05773502691896269,10.0,0.0,9.666666666666666,0.516397779494324,0.1999999999999318,0.10000000000002274,0.9396926207859083,0.3420201433256688,0.25881904510252074,0.9659258262890683,2.4,9.0
2026-07-30 02:20:00,70.0,9.0,2.4,1017.5,27.6,28.0,2.4,2.4,2.3,10.0,10.0,10.0,1017.5,1017.4,1017.3,2.4,0.0,2.4,0.0,9.333333333333334,0.5773502691896255,9.666666666666666,0.516397779494324,0.20000000000004547,0.10000000000002274,0.9396926207859083,0.3420201433256688,0.49999999999999994,0.8660254037844387,2.4,8.0
2026-07-30 03:20:00,70.0,9.0,2.4,1017.3,27.5,28.0,2.4,2.4,2.4,9.0,8.0,9.0,1017.3,1017.5,1017.5,2.4,0.0,2.4,0.0,9.0,0.0,9.0,0.6324555320336759,-0.20000000000004547,-0.20000000000004547,0.9396926207859083,0.3420201433256688,0.7071067811865476,0.7071067811865476,2.4,8.0
2026-07-30 04:20:00,70.0,8.0,2.3,1016.7,27.4,28.0,2.3,2.4,2.4,9.0,8.0,9.0,1016.7,1016.9,1017.3,2.3,0.0,2.333333333333333,0.05773502691896285,8.666666666666666,0.5773502691896255,8.333333333333334,0.516397779494324,-0.599999999999909,-0.1999999999999318,0.9396926207859083,0.3420201433256688,0.8660254037844386,0.5000000000000001,2.3,9.0
2026-07-30 05:20:00,80.0,9.0,2.3,1015.9,27.4,27.9,2.3,2.3,2.3,9.0,9.0,8.0,1015.9,1016.1,1016.7,2.3,0.0,2.3,0.0,9.0,0.0,8.833333333333334,0.40824829046386313,-0.8000000000000682,-0.20000000000004547,0.984807753012208,0.17364817766693041,0.9659258262890683,0.25881904510252074,2.2,9.0
2026-07-30 06:20:00,70.0,9.0,2.5,1015.3,27.3,27.9,2.5,2.2,2.3,9.0,9.0,9.0,1015.4,1015.6,1015.9,2.5,0.0,2.4,0.17320508075688743,9.0,0.0,9.0,0.0,-0.6000000000000227,-0.3000000000000682,0.9396926207859083,0.3420201433256688,1.0,6.123233995736766e-17,2.4,8.0
2026-07-30 07:20:00,60.0,9.0,2.3,1015.1,26.9,27.9,2.3,2.4,2.5,9.0,8.0,9.0,1015.1,1015.2,1015.3,2.3,0.0,2.3333333333333335,0.05773502691896269,9.0,0.0,9.0,0.6324555320336759,-0.1999999999999318,-0.10000000000002274,0.8660254037844386,0.5000000000000001,0.9659258262890683,-0.25881904510252063,2.3,10.0
2026-07-30 08:20:00,70.0,10.0,2.3,1015.3,27.4,27.9,2.3,2.3,2.3,9.0,10.0,9.0,1015.3,1015.2,1015.1,2.3,0.0,2.3,0.0,9.333333333333334,0.5773502691896255,9.5,0.547722557505167,0.1999999999999318,0.09999999999990905,0.9396926207859083,0.3420201433256688,0.8660254037844387,-0.4999999999999998,2.2,9.0
2026-07-30 11:20:00,60.0,9.0,2.2,1016.0,27.1,27.9,2.2,2.2,2.3,9.0,9.0,9.0,1016.1,1016.0,1015.8,2.2,0.0,2.2,0.0,9.333333333333334,0.5773502691896255,9.166666666666666,0.4082482904638632,0.20000000000004547,0.0,0.8660254037844386,0.5000000000000001,0.258819045102521,-0.9659258262890682,2.3,10.0
2026-07-30 12:20:00,70.0,9.0,2.3,1016.7,27.4,27.9,2.3,2.3,2.2,10.0,10.0,9.0,1016.5,1016.3,1016.0,2.3,0.0,2.3,0.0,9.333333333333334,0.5773502691896255,9.5,0.5477225575051671,0.7000000000000455,0.40000000000009095,0.9396926207859083,0.3420201433256688,1.2246467991473532e-16,-1.0,2.3,9.0
2026-07-30 12:50:00,80.0,9.0,2.3,1016.8,27.6,27.9,2.3,2.3,2.3,10.0,9.0,10.0,1016.8,1016.7,1016.3,2.3,0.0,2.3,0.0,9.333333333333334,0.5773502691896255,9.333333333333334,0.5163977794943228,0.5,0.09999999999990905,0.984807753012208,0.17364817766693041,1.2246467991473532e-16,-1.0,2.2,10.0
2026-07-30 13:20:00,70.0,10.0,2.2,1016.9,27.7,27.9,2.2,2.3,2.3,10.0,9.0,9.0,1016.9,1016.8,1016.7,2.2,0.0,2.25,0.05773502691896237,10.0,0.0,9.666666666666666,0.516397779494324,0.1999999999999318,0.10000000000002274,0.9396926207859083,0.3420201433256688,-0.2588190451025208,-0.9659258262890683,2.4,9.0
2026-07-30 13:50:00,80.0,9.0,2.4,1016.8,27.7,27.9,2.4,2.2,2.3,9.0,10.0,9.0,1016.8,1016.9,1016.8,2.4,0.0,2.3,0.11547005383792508,9.0,0.0,9.5,0.5477225575051671,0.0,-0.10000000000002274,0.984807753012208,0.17364817766693041,-0.2588190451025208,-0.9659258262890683,2.2,9.0
2026-07-30 16:20:00,70.0,9.0,2.2,1016.5,27.6,27.9,2.2,2.3,2.4,9.0,9.0,10.0,1016.7,1017.0,1017.1,2.2,0.0,2.233333333333333,0.05773502691896198,9.0,0.0,9.166666666666666,0.4082482904638632,-0.6000000000000227,-0.5,0.9396926207859083,0.3420201433256688,-0.8660254037844385,-0.5000000000000004,2.5,10.0
2026-07-30 17:20:00,80.0,9.0,2.5,1015.6,27.6,27.9,2.5,2.5,2.2,9.0,10.0,9.0,1015.9,1016.0,1016.5,2.5,0.0,2.5,0.0,9.0,0.0,9.166666666666666,0.4082482904638632,-0.8999999999999773,-0.39999999999997726,0.984807753012208,0.17364817766693041,-0.9659258262890683,-0.25881904510252063,2.4,10.0
2026-07-30 18:20:00,80.0,9.0,2.2,1015.4,26.8,27.9,2.2,2.4,2.5,8.0,10.0,9.0,1015.5,1015.6,1015.6,2.2,0.0,2.2666666666666666,0.11547005383792501,8.666666666666666,0.5773502691896255,9.166666666666666,0.7527726527090811,-0.20000000000004547,-0.20000000000004547,0.984807753012208,0.17364817766693041,-1.0,-1.8369701987210297e-16,2.1,9.0
2026-07-30 18:50:00,80.0,9.0,2.1,1015.3,26.0,27.9,2.1,2.2,2.4,9.0,9.0,10.0,1015.3,1015.4,1015.6,2.1,0.0,2.1500000000000004,0.05773502691896274,9.333333333333334,0.5773502691896255,9.0,0.6324555320336759,-0.3000000000000682,-0.10000000000002274,0.984807753012208,0.17364817766693041,-1.0,-1.8369701987210297e-16,2.4,8.0
2026-07-30 19:20:00,80.0,8.0,2.4,1015.0,27.0,27.9,2.4,2.1,2.2,8.0,9.0,9.0,1015.0,1015.3,1015.4,2.4,0.0,2.25,0.1732050807568876,8.0,0.0,8.666666666666666,0.8164965809277264,-0.39999999999997726,-0.2999999999999545,0.984807753012208,0.17364817766693041,-0.9659258262890684,0.2588190451025203,2.2,9.0
2026-07-30 20:20:00,90.0,11.0,2.4,1015.0,26.6,27.9,2.4,2.2,2.4,11.0,9.0,8.0,1015.0,1014.9,1015.0,2.4,0.0,2.3333333333333335,0.11547005383792507,11.0,0.0,9.833333333333334,1.329160135825123,0.0,0.10000000000002274,1.0,6.123233995736766e-17,-0.8660254037844386,0.5000000000000001,2.4,10.0
2026-07-30 21:20:00,90.0,9.0,2.6,1015.3,26.8,27.9,2.6,2.4,2.4,9.0,10.0,11.0,1015.2,1015.2,1015.0,2.6,0.0,2.533333333333333,0.11547005383792519,9.333333333333334,0.5773502691896255,9.833333333333334,0.7527726527090766,0.2999999999999545,0.09999999999990905,1.0,6.123233995736766e-17,-0.7071067811865477,0.7071067811865474,2.6,10.0
2026-07-31 00:50:00,130.0,5.0,2.3,1017.9,25.1,27.8,2.3,2.2,2.3,6.0,7.0,9.0,1017.9,1017.5,1016.7,2.3,0.0,2.25,0.05773502691896234,6.0,1.0,6.833333333333333,1.169045194450015,1.1999999999999318,0.39999999999997726,0.766044443118978,-0.6427876096865394,0.0,1.0,2.3,6.0
2026-07-31 01:20:00,120.0,6.0,2.3,1018.0,25.0,27.8,2.3,2.3,2.2,5.0,5.0,7.0,1017.9,1017.9,1017.5,2.3,0.0,2.3,0.0,5.666666666666667,0.5773502691896258,5.833333333333333,0.7527726527090874,0.5,0.10000000000002274,0.8660254037844387,-0.4999999999999998,0.25881904510252074,0.9659258262890683,2.2,7.0
2026-07-31 02:20:00,110.0,3.0,2.1,1017.8,24.9,27.8,2.1,2.2,2.3,4.0,7.0,6.0,1017.8,1018.1,1018.0,2.1,0.0,2.1333333333333333,0.05773502691896301,4.333333333333333,1.5275252316519468,5.833333333333333,1.9407902170679538,-0.20000000000004547,-0.3000000000000682,0.9396926207859084,-0.3420201433256687,0.49999999999999994,0.8660254037844387,2.0,5.0
2026-07-31 03:20:00,100.0,5.0,2.1,1017.2,26.8,27.8,2.1,2.0,2.1,5.0,5.0,3.0,1017.5,1017.7,1017.8,2.1,0.0,2.0666666666666664,0.05773502691896269,5.0,0.0,5.0,0.0,-0.599999999999909,-0.5,0.984807753012208,-0.1736481776669303,0.7071067811865476,0.7071067811865476,2.1,6.0
2026-07-31 05:20:00,110.0,7.0,1.9,1015.8,27.1,27.8,1.9,2.0,1.8,6.0,6.0,7.0,1015.9,1016.1,1016.6,1.9,0.0,1.9333333333333333,0.05773502691896281,6.333333333333333,0.5773502691896258,6.166666666666667,0.40824829046386296,-0.8000000000000682,-0.3000000000000682,0.9396926207859084,-0.3420201433256687,0.9659258262890683,0.25881904510252074,1.9,6.0
2026-07-31 06:20:00,90.0,7.0,2.0,1015.5,26.9,27.8,2.0,1.9,1.9,6.0,6.0,7.0,1015.5,1015.6,1015.8,2.0,0.0,1.9666666666666668,0.057735026918962484,6.333333333333333,0.5773502691896258,6.166666666666667,0.40824829046386296,-0.2999999999999545,-0.10000000000002274,1.0,6.123233995736766e-17,1.0,6.123233995736766e-17,1.8,6.0
2026-07-31 07:20:00,110.0,7.0,1.8,1015.3,27.1,27.8,1.8,1.8,2.0,6.0,6.0,7.0,1015.3,1015.4,1015.5,1.8,0.0,1.8,0.0,6.333333333333333,0.5773502691896258,6.5,0.5477225575051659,-0.20000000000004547,-0.10000000000002274,0.9396926207859084,-0.3420201433256687,0.9659258262890683,-0.25881904510252063,1.9,6.0
2026-07-31 08:20:00,100.0,6.0,1.9,1015.4,27.1,27.8,1.9,1.9,1.8,6.0,6.0,7.0,1015.4,1015.4,1015.3,1.9,0.0,1.9,0.0,6.333333333333333,0.5773502691896258,6.5,0.5477225575051659,0.10000000000002274,0.0,0.984807753012208,-0.1736481776669303,0.8660254037844387,-0.4999999999999998,1.7,7.0
2026-07-31 09:50:00,100.0,7.0,1.7,1015.8,27.1,27.8,1.7,1.7,1.7,7.0,7.0,7.0,1015.7,1015.5,1015.5,1.7,0.0,1.7,0.0,7.0,0.0,7.0,0.0,0.2999999999999545,0.2999999999999545,0.984807753012208,-0.1736481776669303,0.7071067811865476,-0.7071067811865475,1.8,7.0
2026-07-31 11:20:00,90.0,7.0,1.7,1016.4,27.5,27.8,1.7,1.7,1.8,6.0,7.0,7.0,1016.3,1016.0,1015.9,1.7,0.0,1.7,0.0,6.666666666666667,0.5773502691896258,6.833333333333333,0.40824829046386296,0.5,0.39999999999997726,1.0,6.123233995736766e-17,0.258819045102521,-0.9659258262890682,1.7,7.0
2026-07-31 12:20:00,100.0,6.0,1.8,1016.9,27.5,,1.8,1.7,1.7,6.0,7.0,7.0,1016.8,1016.7,1016.4,1.8,0.0,1.7666666666666666,0.057735026918962595,6.0,0.0,6.166666666666667,0.4082482904638632,0.5,0.1999999999999318,0.984807753012208,-0.1736481776669303,1.2246467991473532e-16,-1.0,1.8,6.0
2026-07-31 13:20:00,100.0,6.0,1.7,1017.4,27.5,27.9,1.7,1.8,1.8,6.0,6.0,6.0,1017.3,1017.1,1016.9,1.7,0.0,1.7333333333333334,0.057735026918962595,6.0,0.0,6.0,0.0,0.5,0.2999999999999545,0.984807753012208,-0.1736481776669303,-0.2588190451025208,-0.9659258262890683,1.7,5.0
2026-07-31 13:50:00,100.0,5.0,1.7,1017.4,27.6,27.9,1.7,1.7,1.8,5.0,6.0,6.0,1017.4,1017.4,1017.1,1.7,0.0,1.7,0.0,5.0,0.0,5.5,0.5477225575051659,0.2999999999999545,0.0,0.984807753012208,-0.1736481776669303,-0.2588190451025208,-0.9659258262890683,1.7,7.0
2026-07-31 14:20:00,110.0,7.0,1.7,1017.3,26.7,27.9,1.7,1.7,1.7,7.0,5.0,6.0,1017.4,1017.4,1017.4,1.7,0.0,1.7,0.0,6.333333333333333,1.1547005383792515,5.666666666666667,1.032795558988644,-0.10000000000002274,-0.10000000000002274,0.9396926207859084,-0.3420201433256687,-0.4999999999999997,-0.8660254037844388,1.6,7.0
2026-07-31 15:20:00,80.0,7.0,1.6,1017.0,27.7,28.0,1.6,1.6,1.7,7.0,7.0,7.0,1017.0,1017.2,1017.3,1.6,0.0,1.6,0.0,7.0,0.0,6.833333333333333,0.4082482904638579,-0.2999999999999545,-0.20000000000004547,0.984807753012208,0.17364817766693041,-0.7071067811865471,-0.7071067811865479,1.5,7.0
2026-07-31 16:20:00,90.0,7.0,1.6,1016.7,27.6,28.0,1.6,1.5,1.6,7.0,7.0,7.0,1016.7,1016.8,1017.0,1.6,0.0,1.5666666666666667,0.057735026918962595,7.0,0.0,7.0,0.0,-0.2999999999999545,-0.09999999999990905,1.0,6.123233995736766e-17,-0.8660254037844385,-0.5000000000000004,1.7,7.0
2026-07-31 17:20:00,90.0,6.0,1.7,1016.3,27.6,28.0,1.7,1.7,1.6,6.0,7.0,7.0,1016.4,1016.6,1016.7,1.7,0.0,1.7,0.0,6.333333333333333,0.5773502691896258,6.666666666666667,0.5163977794943221,-0.40000000000009095,-0.3000000000000682,1.0,6.123233995736766e-17,-0.9659258262890683,-0.25881904510252063,1.6,7.0
2026-07-31 17:50:00,80.0,7.0,1.6,1016.0,27.5,28.1,1.6,1.7,1.7,7.0,6.0,7.0,1016.1,1016.3,1016.6,1.6,0.0,1.65,0.05773502691896256,6.666666666666667,0.5773502691896258,6.5,0.5477225575051659,-0.6000000000000227,-0.2999999999999545,0.984807753012208,0.17364817766693041,-0.9659258262890683,-0.25881904510252063,1.6,6.0
2026-07-31 19:20:00,80.0,6.0,1.5,1015.6,27.6,28.0,1.5,1.7,1.6,6.0,7.0,6.0,1015.6,1015.6,1015.9,1.5,0.0,1.5666666666666667,0.11547005383792498,6.0,0.0,6.166666666666667,0.4082482904638632,-0.2999999999999545,0.0,0.984807753012208,0.17364817766693041,-0.9659258262890684,0.2588190451025203,1.6,7.0
2026-07-31 19:50:00,80.0,7.0,1.6,1015.3,27.8,28.0,1.6,1.5,1.7,6.0,6.0,7.0,1015.4,1015.6,1015.6,1.6,0.0,1.55,0.0577350269189623,6.666666666666667,0.5773502691896258,6.333333333333333,0.5163977794943221,-0.3000000000000682,-0.3000000000000682,0.984807753012208,0.17364817766693041,-0.9659258262890684,0.2588190451025203,1.6,6.0
2026-07-31 20:20:00,80.0,6.0,1.6,1015.4,27.7,28.0,1.6,1.6,1.5,7.0,7.0,6.0,1015.4,1015.3,1015.6,1.6,0.0,1.6,0.0,6.333333333333333,0.5773502691896258,6.5,0.5477225575051659,-0.20000000000004547,0.10000000000002274,0.984807753012208,0.17364817766693041,-0.8660254037844386,0.5000000000000001,1.5,7.0
2026-07-31 20:50:00,80.0,7.0,1.5,1015.4,27.8,28.0,1.5,1.6,1.6,7.0,6.0,7.0,1015.4,1015.4,1015.3,1.5,0.0,1.55,0.05773502691896274,6.666666666666667,0.5773502691896258,6.5,0.5477225575051659,0.10000000000002274,0.0,0.984807753012208,0.17364817766693041,-0.8660254037844386,0.5000000000000001,1.6,7.0
2026-07-31 21:20:00,90.0,7.0,1.6,1015.5,27.1,28.0,1.6,1.5,1.6,6.0,7.0,6.0,1015.5,1015.4,1015.4,1.6,0.0,1.55,0.05773502691896274,6.666666666666667,0.5773502691896258,6.666666666666667,0.5163977794943221,0.10000000000002274,0.10000000000002274,1.0,6.123233995736766e-17,-0.7071067811865477,0.7071067811865474,1.7,7.0
2026-07-31 21:50:00,70.0,7.0,1.7,1015.7,27.2,28.0,1.7,1.6,1.5,6.0,7.0,7.0,1015.6,1015.5,1015.4,1.7,0.0,1.65,0.05773502691896198,6.333333333333333,0.5773502691896258,6.5,0.5477225575051659,0.3000000000000682,0.20000000000004547,0.9396926207859083,0.3420201433256688,-0.7071067811865477,0.7071067811865474,1.6,7.0
2026-08-01 00:20:00,70.0,6.0,1.6,1016.6,27.2,28.0,1.6,,1.7,6.0,7.0,7.0,1016.6,1016.4,1016.1,1.6,0.0,1.6,0.0,6.0,0.0,6.333333333333333,0.5163977794943221,0.5,0.20000000000004547,0.9396926207859083,0.3420201433256688,0.0,1.0,1.7,7.0
2026-08-01 01:20:00,80.0,7.0,1.6,1016.9,27.0,28.0,1.6,1.7,1.6,8.0,7.0,6.0,1016.9,1016.7,1016.6,1.6,0.0,1.6500000000000001,0.057735026918962554,8.0,0.9999999999999998,7.5,0.8366600265340752,0.2999999999999545,0.1999999999999318,0.984807753012208,0.17364817766693041,0.25881904510252074,0.9659258262890683,1.6,7.0
2026-08-01 04:20:00,80.0,8.0,1.6,1015.5,27.3,28.0,1.6,1.7,1.6,8.0,7.0,7.0,1015.6,1015.8,1016.4,1.6,0.0,1.6333333333333335,0.05773502691896251,8.0,0.0,7.666666666666667,0.5163977794943202,-0.8999999999999773,-0.2999999999999545,0.984807753012208,0.17364817766693041,0.8660254037844386,0.5000000000000001,1.6,7.0
2026-08-01 05:20:00,80.0,7.0,1.6,1015.3,27.2,27.9,1.6,1.6,1.6,8.0,7.0,8.0,1015.3,1015.4,1015.5,1.6,0.0,1.6,0.0,7.666666666666667,0.5773502691896258,7.666666666666667,0.5163977794943221,-0.20000000000004547,-0.10000000000002274,0.984807753012208,0.17364817766693041,0.9659258262890683,0.25881904510252074,1.7,8.0
2026-08-01 05:50:00,80.0,8.0,1.7,1015.0,27.2,27.9,1.7,1.6,1.6,8.0,7.0,7.0,1015.0,1015.3,1015.4,1.7,0.0,1.6500000000000001,0.05773502691896256,8.0,0.0,7.833333333333333,0.4082482904638632,-0.39999999999997726,-0.2999999999999545,0.984807753012208,0.17364817766693041,0.9659258262890683,0.25881904510252074,1.7,8.0
2026-08-01 06:20:00,80.0,8.0,1.7,1014.7,27.2,27.9,1.7,1.7,1.6,8.0,8.0,7.0,1014.8,1015.0,1015.3,1.7,0.0,1.7,0.0,8.0,0.0,8.0,0.0,-0.599999999999909,-0.2999999999999545,0.984807753012208,0.17364817766693041,1.0,6.123233995736766e-17,1.6,8.0
2026-08-01 06:50:00,70.0,8.0,1.6,1014.5,27.2,27.9,1.6,1.7,1.7,7.0,8.0,8.0,1014.6,1014.7,1015.0,1.6,0.0,1.65,0.05773502691896256,7.333333333333333,0.5773502691896258,7.666666666666667,0.5163977794943221,-0.5,-0.20000000000004547,0.9396926207859083,0.3420201433256688,1.0,6.123233995736766e-17,1.6,9.0
2026-08-01 07:20:00,70.0,9.0,1.6,1014.5,27.1,27.9,1.6,1.6,1.7,9.0,8.0,8.0,1014.5,1014.5,1014.7,1.6,0.0,1.6,0.0,8.666666666666666,0.5773502691896255,8.0,0.8944271909999159,-0.20000000000004547,0.0,0.9396926207859083,0.3420201433256688,0.9659258262890683,-0.25881904510252063,1.7,8.0
2026-08-01 08:50:00,80.0,10.0,1.5,1014.8,26.7,27.9,1.5,1.7,1.7,9.0,8.0,8.0,1014.9,1014.7,1014.5,1.5,0.0,1.5666666666666664,0.11547005383792516,9.0,0.9999999999999998,8.5,0.8366600265340758,0.2999999999999545,0.09999999999990905,0.984807753012208,0.17364817766693041,0.8660254037844387,-0.4999999999999998,1.6,9.0
2026-08-01 09:20:00,70.0,9.0,1.6,1015.0,26.9,27.9,1.6,1.5,1.7,8.0,10.0,8.0,1014.9,1014.8,1014.7,1.6,0.0,1.5499999999999998,0.05773502691896265,9.0,1.0000000000000004,9.0,0.8944271909999166,0.2999999999999545,0.20000000000004547,0.9396926207859083,0.3420201433256688,0.7071067811865476,-0.7071067811865475,1.7,9.0
2026-08-01 10:20:00,70.0,10.0,1.7,1015.4,27.4,27.9,1.7,1.7,1.6,10.0,9.0,9.0,1015.3,1015.0,1015.0,1.7,0.0,1.7,0.0,9.666666666666666,0.5773502691896255,9.0,1.0954451150103335,0.39999999999997726,0.39999999999997726,0.9396926207859083,0.3420201433256688,0.49999999999999994,-0.8660254037844387,1.6,9.0
2026-08-01 10:50:00,70.0,9.0,1.6,1015.6,27.5,27.9,1.6,1.7,1.7,9.0,10.0,9.0,1015.6,1015.4,1015.0,1.6,0.0,1.65,0.05773502691896256,9.0,0.0,9.333333333333334,0.5163977794943262,0.6000000000000227,0.20000000000004547,0.9396926207859083,0.3420201433256688,0.49999999999999994,-0.8660254037844387,1.6,9.0
2026-08-01 11:20:00,70.0,9.0,1.6,1015.7,27.4,27.9,1.6,1.6,1.7,9.0,9.0,10.0,1015.6,1015.6,1015.4,1.6,0.0,1.6,0.0,9.0,0.0,9.0,0.0,0.3000000000000682,0.10000000000002274,0.9396926207859083,0.3420201433256688,0.258819045102521,-0.9659258262890682,1.7,8.0
2026-08-01 11:50:00,70.0,8.0,1.7,1016.0,27.5,27.9,1.7,1.6,1.6,9.0,9.0,9.0,1015.9,1015.7,1015.6,1.7,0.0,1.6500000000000001,0.05773502691896256,8.666666666666666,0.5773502691896255,8.833333333333334,0.4082482904638632,0.39999999999997726,0.2999999999999545,0.9396926207859083,0.3420201433256688,0.258819045102521,-0.9659258262890682,1.6,8.0
2026-08-01 12:20:00,80.0,8.0,1.6,1016.1,27.4,27.9,1.6,1.7,1.6,8.0,8.0,9.0,1016.1,1016.0,1015.7,1.6,0.0,1.6500000000000001,0.05773502691896256,8.0,0.0,8.333333333333334,0.516397779494324,0.39999999999997726,0.10000000000002274,0.984807753012208,0.17364817766693041,1.2246467991473532e-16,-1.0,1.6,8.0
2026-08-01 12:50:00,80.0,8.0,1.6,1016.3,27.4,27.9,1.6,1.6,1.7,8.0,8.0,8.0,1016.2,1016.1,1016.0,1.6,0.0,1.6,0.0,8.333333333333334,0.5773502691896255,8.166666666666666,0.40824829046386646,0.2999999999999545,0.1999999999999318,0.984807753012208,0.17364817766693041,1.2246467991473532e-16,-1.0,1.6,8.0
2026-08-01 13:20:00,80.0,8.0,1.6,1016.2,27.4,27.9,1.6,1.6,1.6,8.0,8.0,8.0,1016.2,1016.3,1016.1,1.6,0.0,1.6,0.0,8.0,0.0,8.166666666666666,0.40824829046386646,0.10000000000002274,-0.09999999999990905,0.984807753012208,0.17364817766693041,-0.2588190451025208,-0.9659258262890683,1.6,8.0
2026-08-01 14:20:00,80.0,8.0,1.6,1016.2,27.5,27.9,1.6,1.6,1.6,8.0,8.0,8.0,1016.3,1016.1,1016.2,1.6,0.0,1.6,0.0,8.0,0.0,8.0,0.0,0.0,0.10000000000002274,0.984807753012208,0.17364817766693041,-0.4999999999999997,-0.8660254037844388,1.6,7.0
2026-08-01 15:20:00,90.0,7.0,1.6,1016.2,27.5,27.9,1.6,1.6,1.6,7.0,7.0,8.0,1016.3,1016.2,1016.2,1.6,0.0,1.6,0.0,7.0,0.0,7.333333333333333,0.5163977794943221,0.0,0.0,1.0,6.123233995736766e-17,-0.7071067811865471,-0.7071067811865479,1.5,7.0
2026-08-01 18:20:00,80.0,8.0,1.5,1015.0,27.7,28.0,1.5,1.5,1.6,7.0,7.0,8.0,1015.1,1015.3,1015.5,1.5,0.0,1.5,0.0,7.666666666666667,0.5773502691896258,7.333333333333333,0.5163977794943221,-0.5,-0.2999999999999545,0.984807753012208,0.17364817766693041,-1.0,-1.8369701987210297e-16,1.5,7.0
2026-08-01 20:20:00,80.0,7.0,1.6,1014.7,27.8,28.0,1.6,1.5,1.5,7.0,7.0,7.0,1014.7,1014.8,1015.1,1.6,0.0,1.5666666666666667,0.057735026918962484,7.0,0.0,7.0,0.0,-0.39999999999997726,-0.09999999999990905,0.984807753012208,0.17364817766693041,-0.8660254037844386,0.5000000000000001,1.6,7.0
2026-08-01 22:50:00,80.0,6.0,1.3,1015.5,27.5,28.0,1.3,1.4,1.5,6.0,6.0,6.0,1015.3,1015.2,1015.0,1.3,0.0,1.3333333333333333,0.05773502691896232,6.0,0.0,6.166666666666667,0.4082482904638632,0.5,0.2999999999999545,0.984807753012208,0.17364817766693041,-0.5000000000000004,0.8660254037844384,1.4,7.0
2026-08-01 23:20:00,70.0,7.0,1.4,1015.7,27.4,28.0,1.4,1.3,1.4,7.0,6.0,6.0,1015.7,1015.5,1015.2,1.4,0.0,1.3499999999999999,0.057735026918962415,7.0,0.0,6.5,0.5477225575051659,0.5,0.20000000000004547,0.9396926207859083,0.3420201433256688,-0.25881904510252157,0.9659258262890681,1.5,6.0
2026-08-02 00:20:00,80.0,6.0,1.4,1016.5,27.5,28.0,1.4,1.5,1.4,6.0,6.0,7.0,1016.4,1016.1,1015.7,1.4,0.0,1.4333333333333333,0.057735026918962595,6.0,0.0,6.0,0.0,0.7999999999999545,0.39999999999997726,0.984807753012208,0.17364817766693041,0.0,1.0,1.3,7.0
2026-08-02 01:20:00,80.0,7.0,1.4,1016.9,27.1,27.9,1.4,1.3,1.4,7.0,7.0,6.0,1016.8,1016.7,1016.5,1.4,0.0,1.3666666666666665,0.05773502691896253,7.0,0.0,7.0,0.6324555320336769,0.39999999999997726,0.1999999999999318,0.984807753012208,0.17364817766693041,0.25881904510252074,0.9659258262890683,1.4,7.0
2026-08-02 02:20:00,80.0,7.0,1.4,1016.8,27.4,27.9,1.4,1.4,1.4,7.0,7.0,7.0,1016.9,1016.9,1016.9,1.4,0.0,1.4,0.0,7.0,0.0,6.666666666666667,0.5163977794943222,-0.10000000000002274,-0.10000000000002274,0.984807753012208,0.17364817766693041,0.49999999999999994,0.8660254037844387,1.4,8.0
2026-08-02 03:20:00,80.0,8.0,1.4,1016.4,27.5,27.9,1.4,1.4,1.4,7.0,8.0,7.0,1016.5,1016.6,1016.8,1.4,0.0,1.4,0.0,7.333333333333333,0.5773502691896258,7.333333333333333,0.5163977794943221,-0.39999999999997726,-0.20000000000004547,0.984807753012208,0.17364817766693041,0.7071067811865476,0.7071067811865476,1.4,8.0
2026-08-02 03:50:00,80.0,8.0,1.4,1016.0,27.4,27.9,1.4,1.4,1.4,8.0,8.0,8.0,1016.1,1016.4,1016.6,1.4,0.0,1.4,0.0,8.0,0.0,7.666666666666667,0.5163977794943221,-0.6000000000000227,-0.39999999999997726,0.984807753012208,0.17364817766693041,0.7071067811865476,0.7071067811865476,1.5,7.0
2026-08-02 04:20:00,80.0,7.0,1.5,1015.7,27.1,27.9,1.5,1.4,1.4,8.0,8.0,8.0,1015.9,1016.0,1016.4,1.5,0.0,1.45,0.05773502691896274,7.666666666666667,0.5773502691896258,7.833333333333333,0.40824829046386296,-0.6999999999999318,-0.2999999999999545,0.984807753012208,0.17364817766693041,0.8660254037844386,0.5000000000000001,1.5,6.0
2026-08-02 05:20:00,80.0,6.0,1.5,1015.0,27.1,27.9,1.5,1.5,1.5,6.0,6.0,7.0,1015.2,1015.3,1015.7,1.5,0.0,1.5,0.0,6.0,0.0,6.333333333333333,0.5163977794943221,-0.7000000000000455,-0.2999999999999545,0.984807753012208,0.17364817766693041,0.9659258262890683,0.25881904510252074,1.4,7.0
2026-08-02 06:20:00,90.0,7.0,1.4,1014.8,27.2,27.9,1.4,1.4,1.5,7.0,7.0,6.0,1014.8,1014.8,1015.0,1.4,0.0,1.4,0.0,7.0,0.0,6.833333333333333,0.4082482904638632,-0.20000000000004547,0.0,1.0,6.123233995736766e-17,1.0,6.123233995736766e-17,1.4,8.0
2026-08-02 07:20:00,80.0,8.0,1.5,1014.5,27.2,27.9,1.5,1.4,1.4,9.0,8.0,7.0,1014.5,1014.5,1014.8,1.5,0.0,1.4666666666666666,0.057735026918962484,8.666666666666666,0.5773502691896255,8.333333333333334,0.5163977794943226,-0.2999999999999545,0.0,0.984807753012208,0.17364817766693041,0.9659258262890683,-0.25881904510252063,1.4,8.0
2026-08-02 08:20:00,90.0,8.0,1.5,1015.0,27.2,27.9,1.5,1.4,1.5,9.0,8.0,8.0,1015.0,1014.9,1014.5,1.5,0.0,1.4666666666666668,0.057735026918962595,8.333333333333334,0.5773502691896255,8.166666666666666,0.4082482904638632,0.5,0.10000000000002274,1.0,6.123233995736766e-17,0.8660254037844387,-0.4999999999999998,1.4,8.0
2026-08-02 10:20:00,100.0,8.0,1.6,1015.8,27.2,27.9,1.6,1.6,1.5,8.0,8.0,8.0,1015.7,1015.5,1015.4,1.6,0.0,1.6,0.0,8.0,0.0,8.0,0.0,0.39999999999997726,0.2999999999999545,0.984807753012208,-0.1736481776669303,0.49999999999999994,-0.8660254037844387,1.5,8.0
2026-08-02 10:50:00,100.0,8.0,1.5,1015.9,27.4,27.9,1.5,1.6,1.6,8.0,8.0,8.0,1015.9,1015.8,1015.5,1.5,0.0,1.55,0.05773502691896274,8.0,0.0,8.0,0.0,0.39999999999997726,0.10000000000002274,0.984807753012208,-0.1736481776669303,0.49999999999999994,-0.8660254037844387,1.5,7.0
2026-08-02 12:20:00,90.0,6.0,1.5,1016.2,27.6,27.9,1.5,1.6,1.5,6.0,7.0,7.0,1016.2,1016.1,1016.1,1.5,0.0,1.5333333333333332,0.057735026918962644,6.333333333333333,0.5773502691896258,6.666666666666667,0.5163977794943221,0.10000000000002274,0.10000000000002274,1.0,6.123233995736766e-17,1.2246467991473532e-16,-1.0,1.5,6.0
2026-08-02 12:50:00,70.0,6.0,1.5,1016.0,27.8,27.9,1.5,1.5,1.6,6.0,6.0,7.0,1016.1,1016.2,1016.1,1.5,0.0,1.5,0.0,6.0,0.0,6.166666666666667,0.4082482904638632,-0.10000000000002274,-0.20000000000004547,0.9396926207859083,0.3420201433256688,1.2246467991473532e-16,-1.0,1.4,6.0
2026-08-02 13:20:00,70.0,6.0,1.4,1016.1,27.8,27.9,1.4,1.5,1.5,6.0,6.0,6.0,1016.0,1016.0,1016.2,1.4,0.0,1.4500000000000002,0.05773502691896274,6.0,0.0,6.0,0.0,-0.10000000000002274,0.10000000000002274,0.9396926207859083,0.3420201433256688,-0.2588190451025208,-0.9659258262890683,1.4,7.0
2026-08-02 14:20:00,60.0,7.0,1.4,1015.8,27.8,28.0,1.4,1.4,1.4,7.0,7.0,6.0,1015.9,1015.9,1016.1,1.4,0.0,1.4,0.0,7.0,0.0,6.833333333333333,0.4082482904638632,-0.3000000000000682,-0.10000000000002274,0.8660254037844386,0.5000000000000001,-0.4999999999999997,-0.8660254037844388,1.3,7.0
2026-08-02 15:20:00,70.0,7.0,1.3,1015.6,27.9,28.0,1.3,1.3,1.4,7.0,7.0,7.0,1015.6,1015.6,1015.8,1.3,0.0,1.3,0.0,7.0,0.0,6.833333333333333,0.4082482904638632,-0.1999999999999318,0.0,0.9396926207859083,0.3420201433256688,-0.7071067811865471,-0.7071067811865479,1.4,7.0
2026-08-02 16:50:00,80.0,6.0,1.4,1015.2,27.8,28.1,1.4,1.4,1.4,7.0,7.0,7.0,1015.3,1015.5,1015.7,1.4,0.0,1.4,0.0,6.333333333333333,0.5773502691896258,6.666666666666667,0.5163977794943221,-0.5,-0.2999999999999545,0.984807753012208,0.17364817766693041,-0.8660254037844385,-0.5000000000000004,1.3,7.0
2026-08-02 17:20:00,80.0,7.0,1.3,1015.0,27.9,28.1,1.3,1.4,1.4,6.0,6.0,7.0,1015.0,1015.2,1015.5,1.3,0.0,1.3499999999999999,0.05773502691896256,6.333333333333333,0.5773502691896258,6.333333333333333,0.5163977794943221,-0.5,-0.20000000000004547,0.984807753012208,0.17364817766693041,-0.9659258262890683,-0.25881904510252063,1.4,6.0
2026-08-02 18:20:00,70.0,6.0,1.3,1014.9,27.9,28.1,1.3,1.4,1.3,6.0,6.0,7.0,1015.0,1015.1,1015.0,1.3,0.0,1.3333333333333333,0.05773502691896253,6.0,0.0,6.0,0.0,-0.10000000000002274,-0.20000000000004547,0.9396926207859083,0.3420201433256688,-1.0,-1.8369701987210297e-16,1.3,6.0
2026-08-02 19:20:00,60.0,6.0,1.3,1014.6,27.8,28.2,1.3,1.3,1.3,6.0,6.0,6.0,1014.6,1014.6,1014.9,1.3,0.0,1.3,0.0,6.0,0.0,6.0,0.0,-0.2999999999999545,0.0,0.8660254037844386,0.5000000000000001,-0.9659258262890684,0.2588190451025203,1.2,6.0
2026-08-02 20:20:00,60.0,6.0,1.3,1014.7,27.8,28.1,1.3,1.2,1.3,6.0,6.0,6.0,1014.7,1014.6,1014.6,1.3,0.0,1.2666666666666668,0.057735026918962595,6.0,0.0,6.0,0.0,0.10000000000002274,0.10000000000002274,0.8660254037844386,0.5000000000000001,-0.8660254037844386,0.5000000000000001,1.4,5.0
2026-08-02 21:20:00,60.0,5.0,1.3,1014.9,27.6,28.1,1.3,1.4,1.3,5.0,5.0,6.0,1014.8,1014.8,1014.7,1.3,0.0,1.3333333333333333,0.05773502691896253,5.0,0.0,5.166666666666667,0.4082482904638632,0.1999999999999318,0.10000000000002274,0.8660254037844386,0.5000000000000001,-0.7071067811865477,0.7071067811865474,1.2,6.0
2026-08-02 22:20:00,60.0,6.0,1.2,1015.1,27.4,28.1,1.2,1.2,1.3,6.0,6.0,5.0,1015.0,1014.9,1014.9,1.2,0.0,1.2,0.0,6.0,0.0,5.833333333333333,0.4082482904638632,0.20000000000004547,0.20000000000004547,0.8660254037844386,0.5000000000000001,-0.5000000000000004,0.8660254037844384,1.2,6.0
2026-08-02 22:50:00,70.0,6.0,1.2,1015.3,27.5,28.0,1.2,1.2,1.2,6.0,6.0,6.0,1015.2,1015.1,1014.9,1.2,0.0,1.2,0.0,6.0,0.0,6.0,0.0,0.39999999999997726,0.1999999999999318,0.9396926207859083,0.3420201433256688,-0.5000000000000004,0.8660254037844384,1.1,6.0
2026-08-03 01:20:00,70.0,6.0,1.3,1015.9,27.5,28.0,1.3,1.3,1.2,6.0,6.0,7.0,1015.9,1015.9,1015.7,1.3,0.0,1.3,0.0,6.0,0.0,6.0,0.0,0.1999999999999318,0.0,0.9396926207859083,0.3420201433256688,0.25881904510252074,0.9659258262890683,1.2,6.0
2026-08-03 02:20:00,70.0,6.0,1.2,1016.1,27.4,28.0,1.2,1.2,1.3,6.0,6.0,6.0,1016.1,1016.1,1015.9,1.2,0.0,1.2,0.0,6.0,0.0,6.166666666666667,0.40824829046386296,0.20000000000004547,0.0,0.9396926207859083,0.3420201433256688,0.49999999999999994,0.8660254037844387,1.2,6.0
2026-08-03 04:20:00,80.0,6.0,1.2,1015.0,27.2,28.0,1.2,1.3,1.1,6.0,6.0,6.0,1015.1,1015.2,1015.5,1.2,0.0,1.2333333333333334,0.05773502691896239,6.0,0.0,6.0,0.0,-0.5,-0.20000000000004547,0.984807753012208,0.17364817766693041,0.8660254037844386,0.5000000000000001,1.2,6.0
2026-08-03 06:20:00,60.0,6.0,1.2,1014.1,27.2,27.9,1.2,1.2,1.1,6.0,6.0,6.0,1014.0,1014.1,1014.4,1.2,0.0,1.2,0.0,6.0,0.0,6.0,0.0,-0.2999999999999545,0.0,0.8660254037844386,0.5000000000000001,1.0,6.123233995736766e-17,1.1,6.0
2026-08-03 07:20:00,70.0,6.0,1.1,1013.9,27.2,27.9,1.1,1.1,1.2,6.0,6.0,6.0,1014.0,1013.9,1014.1,1.1,0.0,1.1,0.0,6.0,0.0,6.0,0.0,-0.20000000000004547,0.0,0.9396926207859083,0.3420201433256688,0.9659258262890683,-0.25881904510252063,1.2,6.0
2026-08-03 08:50:00,60.0,6.0,1.1,1014.1,27.2,27.9,1.1,1.2,1.2,6.0,6.0,6.0,1014.1,1013.9,1013.9,1.1,0.0,1.1333333333333333,0.05773502691896261,6.0,0.0,6.0,0.0,0.20000000000004547,0.20000000000004547,0.8660254037844386,0.5000000000000001,0.8660254037844387,-0.4999999999999998,1.1,6.0
2026-08-03 09:20:00,70.0,6.0,1.1,1014.3,27.1,27.9,1.1,1.1,1.2,6.0,6.0,6.0,1014.2,1014.1,1013.9,1.1,0.0,1.1,0.0,6.0,0.0,6.0,0.0,0.39999999999997726,0.1999999999999318,0.9396926207859083,0.3420201433256688,0.7071067811865476,-0.7071067811865475,1.1,6.0
2026-08-03 12:20:00,90.0,5.0,1.0,1014.8,27.6,28.0,1.0,1.0,1.0,5.0,5.0,5.0,1014.8,1014.8,1014.7,1.0,0.0,1.0,0.0,5.0,0.0,5.0,0.0,0.09999999999990905,0.0,1.0,6.123233995736766e-17,1.2246467991473532e-16,-1.0,1.0,5.0
2026-08-03 13:20:00,80.0,5.0,1.0,1014.9,27.6,28.0,1.0,1.0,1.0,5.0,5.0,5.0,1014.9,1014.8,1014.8,1.0,0.0,1.0,0.0,5.0,0.0,5.0,0.0,0.10000000000002274,0.10000000000002274,0.984807753012208,0.17364817766693041,-0.2588190451025208,-0.9659258262890683,1.0,5.0
2026-08-03 15:20:00,70.0,4.0,0.9,1015.1,27.1,28.1,0.9,1.0,1.0,4.0,4.0,7.0,1015.1,1015.0,1015.0,0.9,0.0,0.9333333333333332,0.05773502691896255,4.0,0.0,4.333333333333333,0.5163977794943244,0.10000000000002274,0.10000000000002274,0.9396926207859083,0.3420201433256688,-0.7071067811865471,-0.7071067811865479,0.9,5.0
2026-08-03 17:20:00,90.0,3.0,0.8,1013.9,26.9,28.3,0.8,0.9,0.9,4.0,4.0,4.0,1014.1,1014.3,1014.7,0.8,0.0,0.8333333333333334,0.05773502691896258,3.6666666666666665,0.5773502691896257,3.8333333333333335,0.408248290463863,-0.8000000000000682,-0.39999999999997726,1.0,6.123233995736766e-17,-0.9659258262890683,-0.25881904510252063,0.9,3.0
2026-08-03 17:50:00,70.0,3.0,0.9,1013.7,27.1,28.3,0.9,0.8,0.9,3.0,3.0,4.0,1013.7,1013.9,1014.3,0.9,0.0,0.85,0.05773502691896256,3.0,0.0,3.3333333333333335,0.5163977794943226,-0.599999999999909,-0.1999999999999318,0.9396926207859083,0.3420201433256688,-0.9659258262890683,-0.25881904510252063,0.9,3.0
2026-08-03 18:20:00,70.0,3.0,0.9,1013.4,27.2,28.3,0.9,0.9,0.8,3.0,3.0,3.0,1013.5,1013.7,1013.9,0.9,0.0,0.9,0.0,3.0,0.0,3.0,0.0,-0.5,-0.3000000000000682,0.9396926207859083,0.3420201433256688,-1.0,-1.8369701987210297e-16,0.9,3.0
2026-08-03 19:20:00,70.0,3.0,0.9,1013.3,27.4,28.4,0.9,0.9,0.9,3.0,3.0,3.0,1013.3,1013.4,1013.4,0.9,0.0,0.9,0.0,3.0,0.0,3.0,0.0,-0.10000000000002274,-0.10000000000002274,0.9396926207859083,0.3420201433256688,-0.9659258262890684,0.2588190451025203,0.9,2.0
2026-08-03 20:20:00,60.0,2.0,0.9,1013.3,27.2,28.4,0.9,0.9,0.9,2.0,2.0,3.0,1013.3,1013.2,1013.3,0.9,0.0,0.9,0.0,2.0,0.0,2.0,0.0,0.0,0.09999999999990905,0.8660254037844386,0.5000000000000001,-0.8660254037844386,0.5000000000000001,0.8,1.0
2026-08-03 21:20:00,10.0,2.0,0.8,1013.3,26.7,28.4,0.8,0.8,0.9,2.0,1.0,2.0,1013.3,1013.2,1013.3,0.8,0.0,0.8,0.0,1.6666666666666667,0.5773502691896258,1.6666666666666667,0.5163977794943222,0.0,0.09999999999990905,0.17364817766693033,0.984807753012208,-0.7071067811865477,0.7071067811865474,0.9,3.0
2026-08-03 21:50:00,60.0,3.0,0.9,1013.4,27.1,28.3,0.9,0.8,0.8,2.0,2.0,1.0,1013.4,1013.3,1013.2,0.9,0.0,0.85,0.05773502691896254,2.3333333333333335,0.5773502691896257,2.0,0.6324555320336759,0.1999999999999318,0.10000000000002274,0.8660254037844386,0.5000000000000001,-0.7071067811865477,0.7071067811865474,0.8,5.0
2026-08-03 22:20:00,70.0,5.0,0.8,1013.4,27.6,28.2,0.8,0.9,0.8,5.0,3.0,2.0,1013.4,1013.4,1013.3,0.8,0.0,0.8500000000000001,0.05773502691896254,5.0,0.0,3.6666666666666665,1.5055453054181622,0.10000000000002274,0.0,0.9396926207859083,0.3420201433256688,-0.5000000000000004,0.8660254037844384,0.8,4.0
2026-08-03 23:20:00,60.0,4.0,0.8,1013.9,27.6,28.1,0.8,0.8,0.8,4.0,4.0,5.0,1013.8,1013.7,1013.4,0.8,0.0,0.8,0.0,4.0,0.0,4.333333333333333,0.5163977794943221,0.5,0.1999999999999318,0.8660254037844386,0.5000000000000001,-0.25881904510252157,0.9659258262890681,0.8,6.0
2026-08-03 23:50:00,70.0,6.0,0.8,1013.9,27.2,28.1,0.8,0.8,0.8,6.0,4.0,4.0,1013.9,1013.9,1013.7,0.8,0.0,0.8,0.0,5.666666666666667,0.5773502691896258,4.833333333333333,0.9831920802501742,0.1999999999999318,0.0,0.9396926207859083,0.3420201433256688,-0.25881904510252157,0.9659258262890681,0.8,6.0
2026-08-04 00:20:00,70.0,6.0,0.8,1014.3,27.5,28.1,0.8,0.8,0.8,6.0,6.0,4.0,1014.3,1013.9,1013.9,0.8,0.0,0.8,0.0,5.666666666666667,0.5773502691896258,5.666666666666667,0.5163977794943178,0.39999999999997726,0.39999999999997726,0.9396926207859083,0.3420201433256688,0.0,1.0,0.8,6.0
2026-08-04 01:20:00,70.0,5.0,0.8,1014.6,27.4,28.1,0.8,0.8,0.8,6.0,6.0,6.0,1014.6,1014.5,1014.3,0.8,0.0,0.8,0.0,5.666666666666667,0.5773502691896258,5.833333333333333,0.40824829046386296,0.3000000000000682,0.10000000000002274,0.9396926207859083,0.3420201433256688,0.25881904510252074,0.9659258262890683,0.8,6.0
2026-08-04 03:20:00,80.0,6.0,0.9,1014.6,27.4,28.0,0.9,0.8,0.8,6.0,6.0,5.0,1014.7,1014.9,1015.0,0.9,0.0,0.8666666666666667,0.05773502691896255,6.0,0.0,5.666666666666667,0.5163977794943221,-0.39999999999997726,-0.2999999999999545,0.984807753012208,0.17364817766693041,0.7071067811865476,0.7071067811865476,1.0,6.0
2026-08-04 04:20:00,80.0,5.0,0.9,1013.9,27.2,28.0,0.9,1.0,0.9,6.0,6.0,6.0,1014.1,1014.3,1014.6,0.9,0.0,0.9333333333333332,0.05773502691896256,5.666666666666667,0.5773502691896258,5.833333333333333,0.40824829046386296,-0.7000000000000455,-0.39999999999997726,0.984807753012208,0.17364817766693041,0.8660254037844386,0.5000000000000001,0.9,5.0
2026-08-04 05:20:00,80.0,5.0,0.9,1013.3,27.2,28.0,0.9,0.9,0.9,5.0,5.0,5.0,1013.4,1013.7,1013.9,0.9,0.0,0.9,0.0,5.0,0.0,5.0,0.0,-0.6000000000000227,-0.40000000000009095,0.984807753012208,0.17364817766693041,0.9659258262890683,0.25881904510252074,0.9,5.0
2026-08-04 06:20:00,70.0,5.0,0.9,1013.1,27.2,28.0,0.9,0.9,0.9,5.0,5.0,5.0,1013.1,1013.2,1013.3,0.9,0.0,0.9,0.0,5.0,0.0,5.166666666666667,0.40824829046386296,-0.1999999999999318,-0.10000000000002274,0.9396926207859083,0.3420201433256688,1.0,6.123233995736766e-17,1.0,5.0
2026-08-04 07:20:00,70.0,5.0,0.9,1013.1,27.1,28.0,0.9,1.0,0.9,5.0,5.0,5.0,1013.0,1013.0,1013.1,0.9,0.0,0.9333333333333332,0.05773502691896256,5.0,0.0,5.0,0.0,0.0,0.10000000000002274,0.9396926207859083,0.3420201433256688,0.9659258262890683,-0.25881904510252063,1.0,5.0
2026-08-04 08:20:00,60.0,5.0,1.0,1013.0,27.2,28.0,1.0,1.0,0.9,5.0,5.0,5.0,1013.1,1013.0,1013.1,1.0,0.0,1.0,0.0,5.0,0.0,5.0,0.0,-0.10000000000002274,0.0,0.8660254037844386,0.5000000000000001,0.8660254037844387,-0.4999999999999998,1.0,6.0
2026-08-04 09:20:00,70.0,6.0,1.0,1013.1,27.2,28.0,1.0,1.0,1.0,6.0,6.0,5.0,1013.1,1013.1,1013.0,1.0,0.0,1.0,0.0,6.0,0.0,5.833333333333333,0.4082482904638632,0.10000000000002274,0.0,0.9396926207859083,0.3420201433256688,0.7071067811865476,-0.7071067811865475,0.9,5.0
2026-08-04 10:20:00,70.0,6.0,1.0,1013.7,27.4,27.9,1.0,0.9,1.0,6.0,5.0,6.0,1013.6,1013.4,1013.1,1.0,0.0,0.9666666666666667,0.05773502691896256,5.666666666666667,0.5773502691896258,5.666666666666667,0.5163977794943221,0.6000000000000227,0.3000000000000682,0.9396926207859083,0.3420201433256688,0.49999999999999994,-0.8660254037844387,1.0,5.0
2026-08-04 11:20:00,80.0,5.0,0.9,1014.0,27.6,27.9,0.9,1.0,1.0,5.0,5.0,6.0,1013.9,1013.8,1013.7,0.9,0.0,0.9333333333333332,0.05773502691896255,5.0,0.0,5.166666666666667,0.4082482904638632,0.2999999999999545,0.20000000000004547,0.984807753012208,0.17364817766693041,0.258819045102521,-0.9659258262890682,1.0,5.0
2026-08-04 12:20:00,90.0,5.0,0.9,1014.6,27.8,28.0,0.9,1.0,0.9,5.0,5.0,5.0,1014.4,1014.1,1014.0,0.9,0.0,0.9333333333333332,0.05773502691896256,5.0,0.0,5.0,0.0,0.6000000000000227,0.5,1.0,6.123233995736766e-17,1.2246467991473532e-16,-1.0,0.9,6.0
2026-08-04 13:20:00,90.0,6.0,1.0,1014.7,27.6,28.0,1.0,0.9,0.9,5.0,6.0,5.0,1014.7,1014.7,1014.6,1.0,0.0,0.9666666666666667,0.05773502691896258,5.666666666666667,0.5773502691896258,5.666666666666667,0.5163977794943221,0.10000000000002274,0.0,1.0,6.123233995736766e-17,-0.2588190451025208,-0.9659258262890683,1.0,6.0
2026-08-04 14:20:00,80.0,6.0,1.0,1014.7,27.6,28.1,1.0,1.0,1.0,6.0,6.0,6.0,1014.7,1014.8,1014.7,1.0,0.0,1.0,0.0,6.0,0.0,6.0,0.0,0.0,-0.09999999999990905,0.984807753012208,0.17364817766693041,-0.4999999999999997,-0.8660254037844388,1.0,6.0
2026-08-04 14:50:00,80.0,6.0,1.0,1014.6,27.6,28.1,1.0,1.0,1.0,6.0,6.0,6.0,1014.7,1014.7,1014.8,1.0,0.0,1.0,0.0,6.0,0.0,6.0,0.0,-0.1999999999999318,-0.10000000000002274,0.984807753012208,0.17364817766693041,-0.4999999999999997,-0.8660254037844388,1.0,6.0
2026-08-04 15:20:00,80.0,6.0,1.0,1014.5,27.5,28.2,1.0,1.0,1.0,6.0,6.0,6.0,1014.5,1014.6,1014.7,1.0,0.0,1.0,0.0,6.0,0.0,6.0,0.0,-0.20000000000004547,-0.10000000000002274,0.984807753012208,0.17364817766693041,-0.7071067811865471,-0.7071067811865479,1.0,6.0
2026-08-04 16:20:00,80.0,6.0,1.0,1014.3,27.6,28.2,1.0,1.0,1.0,6.0,6.0,6.0,1014.3,1014.3,1014.5,1.0,0.0,1.0,0.0,6.0,0.0,6.0,0.0,-0.20000000000004547,0.0,0.984807753012208,0.17364817766693041,-0.8660254037844385,-0.5000000000000004,1.0,5.0
2026-08-04 16:50:00,80.0,5.0,1.0,1014.0,27.6,28.2,1.0,1.0,1.0,5.0,6.0,6.0,1014.0,1014.3,1014.3,1.0,0.0,1.0,0.0,5.333333333333333,0.5773502691896258,5.666666666666667,0.5163977794943221,-0.2999999999999545,-0.2999999999999545,0.984807753012208,0.17364817766693041,-0.8660254037844385,-0.5000000000000004,1.0,5.0
2026-08-04 17:20:00,80.0,5.0,1.0,1013.9,27.6,28.3,1.0,1.0,1.0,5.0,5.0,6.0,1014.0,1014.0,1014.3,1.0,0.0,1.0,0.0,5.0,0.0,5.166666666666667,0.4082482904638632,-0.39999999999997726,-0.10000000000002274,0.984807753012208,0.17364817766693041,-0.9659258262890683,-0.25881904510252063,0.9,5.0
2026-08-04 17:50:00,80.0,5.0,0.9,1013.7,27.7,28.3,0.9,1.0,1.0,5.0,5.0,5.0,1013.7,1013.9,1014.0,0.9,0.0,0.95,0.05773502691896254,5.0,0.0,5.0,0.0,-0.2999999999999545,-0.1999999999999318,0.984807753012208,0.17364817766693041,-0.9659258262890683,-0.25881904510252063,1.0,5.0
2026-08-04 18:20:00,80.0,5.0,1.0,1013.4,27.8,28.3,1.0,0.9,1.0,5.0,5.0,5.0,1013.5,1013.7,1013.9,1.0,0.0,0.95,0.05773502691896254,5.0,0.0,5.0,0.0,-0.5,-0.3000000000000682,0.984807753012208,0.17364817766693041,-1.0,-1.8369701987210297e-16,1.0,5.0
2026-08-04 18:50:00,70.0,5.0,1.0,1013.4,27.8,28.3,1.0,1.0,0.9,5.0,5.0,5.0,1013.4,1013.4,1013.7,1.0,0.0,1.0,0.0,5.0,0.0,5.0,0.0,-0.3000000000000682,0.0,0.9396926207859083,0.3420201433256688,-1.0,-1.8369701987210297e-16,1.0,6.0
2026-08-04 21:20:00,80.0,6.0,1.0,1013.6,27.7,28.2,1.0,1.0,1.0,6.0,6.0,6.0,1013.4,1013.3,1013.1,1.0,0.0,1.0,0.0,6.0,0.0,6.0,0.0,0.5,0.3000000000000682,0.984807753012208,0.17364817766693041,-0.7071067811865477,0.7071067811865474,1.0,5.0
2026-08-04 21:50:00,90.0,5.0,1.0,1013.9,27.6,28.2,1.0,1.0,1.0,5.0,6.0,6.0,1013.8,1013.6,1013.3,1.0,0.0,1.0,0.0,5.333333333333333,0.5773502691896258,5.666666666666667,0.5163977794943221,0.6000000000000227,0.2999999999999545,1.0,6.123233995736766e-17,-0.7071067811865477,0.7071067811865474,1.0,6.0
2026-08-04 22:20:00,80.0,6.0,1.0,1013.9,27.6,28.2,1.0,1.0,1.0,6.0,5.0,6.0,1013.9,1013.9,1013.6,1.0,0.0,1.0,0.0,5.666666666666667,0.5773502691896258,5.5,0.5477225575051659,0.2999999999999545,0.0,0.984807753012208,0.17364817766693041,-0.5000000000000004,0.8660254037844384,1.1,6.0
2026-08-04 22:50:00,80.0,6.0,1.1,1014.1,27.5,28.1,1.1,1.0,1.0,6.0,6.0,5.0,1013.9,1013.9,1013.9,1.1,0.0,1.05,0.05773502691896274,6.0,0.0,5.833333333333333,0.4082482904638632,0.20000000000004547,0.20000000000004547,0.984807753012208,0.17364817766693041,-0.5000000000000004,0.8660254037844384,1.0,5.0
2026-08-04 23:40:00,80.0,5.0,1.0,1014.5,27.5,28.1,1.0,1.1,1.0,6.0,6.0,6.0,1014.3,1014.1,1013.9,1.0,0.0,1.05,0.05773502691896274,5.666666666666667,0.5773502691896258,5.833333333333333,0.40824829046386296,0.6000000000000227,0.39999999999997726,0.984807753012208,0.17364817766693041,-0.25881904510252157,0.9659258262890681,1.0,6.0
2026-08-05 01:20:00,70.0,6.0,1.0,1015.4,27.4,28.0,1.0,1.0,1.0,6.0,6.0,6.0,1015.3,1015.0,1015.0,1.0,0.0,1.0,0.0,6.0,0.0,6.0,0.0,0.39999999999997726,0.39999999999997726,0.9396926207859083,0.3420201433256688,0.25881904510252074,0.9659258262890683,1.0,6.0
2026-08-05 03:20:00,80.0,6.0,1.0,1015.4,27.2,28.0,1.0,1.0,1.0,6.0,7.0,6.0,1015.5,1015.6,1015.7,1.0,0.0,1.0,0.0,6.333333333333333,0.5773502691896258,6.5,0.5477225575051659,-0.3000000000000682,-0.20000000000004547,0.984807753012208,0.17364817766693041,0.7071067811865476,0.7071067811865476,1.0,6.0
2026-08-05 04:20:00,80.0,6.0,1.0,1015.0,27.2,28.0,1.0,1.0,1.0,6.0,6.0,6.0,1015.0,1015.2,1015.4,1.0,0.0,1.0,0.0,6.0,0.0,6.0,0.0,-0.39999999999997726,-0.20000000000004547,0.984807753012208,0.17364817766693041,0.8660254037844386,0.5000000000000001,1.0,6.0
2026-08-05 05:50:00,70.0,6.0,1.0,1014.6,27.2,28.0,1.0,1.0,1.0,6.0,6.0,6.0,1014.6,1014.7,1014.7,1.0,0.0,1.0,0.0,6.0,0.0,6.0,0.0,-0.10000000000002274,-0.10000000000002274,0.9396926207859083,0.3420201433256688,0.9659258262890683,0.25881904510252074,1.0,6.0
2026-08-05 06:20:00,70.0,6.0,1.0,1014.5,27.2,28.0,1.0,1.0,1.0,6.0,6.0,6.0,1014.5,1014.6,1014.7,1.0,0.0,1.0,0.0,6.0,0.0,6.0,0.0,-0.20000000000004547,-0.10000000000002274,0.9396926207859083,0.3420201433256688,1.0,6.123233995736766e-17,1.0,6.0
2026-08-05 09:20:00,90.0,7.0,1.1,1015.0,27.2,28.0,1.1,1.0,1.0,8.0,7.0,7.0,1014.9,1014.9,1014.6,1.1,0.0,1.0666666666666667,0.057735026918962484,7.666666666666667,0.5773502691896258,7.333333333333333,0.5163977794943221,0.39999999999997726,0.10000000000002274,1.0,6.123233995736766e-17,0.7071067811865476,-0.7071067811865475,1.1,7.0
2026-08-05 10:20:00,90.0,6.0,1.0,1015.5,27.3,28.0,1.0,1.1,1.1,7.0,7.0,7.0,1015.4,1015.2,1015.0,1.0,0.0,1.0333333333333334,0.057735026918962484,6.333333333333333,0.5773502691896258,6.666666666666667,0.5163977794943232,0.5,0.2999999999999545,1.0,6.123233995736766e-17,0.49999999999999994,-0.8660254037844387,1.1,6.0
2026-08-05 11:20:00,90.0,6.0,1.1,1016.0,27.4,28.0,1.1,1.1,1.0,6.0,6.0,6.0,1015.9,1015.6,1015.5,1.1,0.0,1.1,0.0,6.0,0.0,6.0,0.0,0.5,0.39999999999997726,1.0,6.123233995736766e-17,0.258819045102521,-0.9659258262890682,1.1,6.0
2026-08-05 11:50:00,90.0,6.0,1.1,1016.1,27.5,28.0,1.1,1.1,1.1,6.0,6.0,6.0,1016.0,1016.0,1015.6,1.1,0.0,1.1,0.0,6.0,0.0,6.0,0.0,0.5,0.10000000000002274,1.0,6.123233995736766e-17,0.258819045102521,-0.9659258262890682,1.0,6.0
2026-08-05 12:50:00,90.0,6.0,1.1,1016.1,27.6,,1.1,1.0,1.1,6.0,6.0,6.0,1016.2,1016.0,1016.1,1.1,0.0,1.0666666666666667,0.057735026918962595,6.333333333333333,0.5773502691896258,6.166666666666667,0.40824829046386296,0.0,0.10000000000002274,1.0,6.123233995736766e-17,1.2246467991473532e-16,-1.0,1.0,6.0
2026-08-05 13:50:00,90.0,6.0,1.0,1016.4,27.6,28.0,1.0,1.0,1.1,6.0,6.0,6.0,1016.4,1016.4,1016.1,1.0,0.0,1.0,0.0,6.0,0.0,6.0,0.0,0.2999999999999545,0.0,1.0,6.123233995736766e-17,-0.2588190451025208,-0.9659258262890683,1.1,6.0
2026-08-05 14:50:00,80.0,6.0,1.0,1016.4,27.6,28.1,1.0,1.1,1.0,6.0,6.0,6.0,1016.4,1016.5,1016.4,1.0,0.0,1.0333333333333334,0.057735026918962595,6.333333333333333,0.5773502691896258,6.166666666666667,0.40824829046386296,0.0,-0.10000000000002274,0.984807753012208,0.17364817766693041,-0.4999999999999997,-0.8660254037844388,1.1,6.0
2026-08-05 15:50:00,80.0,6.0,1.0,1016.2,27.6,28.2,1.0,1.1,1.0,6.0,6.0,6.0,1016.3,1016.4,1016.4,1.0,0.0,1.05,0.057735026918962595,6.0,0.0,6.0,0.0,-0.1999999999999318,-0.1999999999999318,0.984807753012208,0.17364817766693041,-0.7071067811865471,-0.7071067811865479,1.1,6.0
2026-08-05 18:20:00,90.0,6.0,1.1,1015.0,27.8,28.3,1.1,1.1,1.0,6.0,6.0,6.0,1015.2,1015.4,1015.5,1.1,0.0,1.1,0.0,6.0,0.0,6.0,0.0,-0.5,-0.39999999999997726,1.0,6.123233995736766e-17,-1.0,-1.8369701987210297e-16,1.1,6.0
2026-08-05 20:20:00,70.0,6.0,1.1,1014.8,27.8,28.3,1.1,1.1,1.1,6.0,6.0,6.0,1014.7,1014.7,1014.5,1.1,0.0,1.1,0.0,6.0,0.0,6.0,0.0,0.2999999999999545,0.09999999999990905,0.9396926207859083,0.3420201433256688,-0.8660254037844386,0.5000000000000001,1.2,6.0
2026-08-05 21:20:00,70.0,6.0,1.1,1015.0,27.8,28.2,1.1,1.2,1.1,6.0,6.0,6.0,1014.9,1014.9,1014.8,1.1,0.0,1.1333333333333335,0.05773502691896253,6.0,0.0,6.0,0.0,0.20000000000004547,0.10000000000002274,0.9396926207859083,0.3420201433256688,-0.7071067811865477,0.7071067811865474,1.0,6.0
2026-08-05 22:20:00,70.0,6.0,1.1,1015.4,27.6,28.2,1.1,1.0,1.1,6.0,6.0,6.0,1015.3,1015.2,1015.0,1.1,0.0,1.0666666666666667,0.057735026918962595,6.0,0.0,6.0,0.0,0.39999999999997726,0.1999999999999318,0.9396926207859083,0.3420201433256688,-0.5000000000000004,0.8660254037844384,1.1,6.0
2026-08-06 01:20:00,70.0,7.0,1.2,1016.7,27.6,28.1,1.2,1.1,1.2,7.0,7.0,8.0,1016.7,1016.4,1016.2,1.2,0.0,1.1666666666666667,0.0577350269189625,7.0,0.0,7.0,0.0,0.5,0.3000000000000682,0.9396926207859083,0.3420201433256688,0.25881904510252074,0.9659258262890683,1.2,8.0
2026-08-06 02:20:00,70.0,8.0,1.2,1016.3,27.5,28.1,1.2,1.2,1.2,8.0,8.0,7.0,1016.4,1016.7,1016.7,1.2,0.0,1.2,0.0,8.0,0.0,8.0,0.0,-0.40000000000009095,-0.40000000000009095,0.9396926207859083,0.3420201433256688,0.49999999999999994,0.8660254037844387,1.2,8.0
2026-08-06 03:20:00,70.0,8.0,1.3,1016.1,27.4,28.1,1.3,1.2,1.2,8.0,8.0,8.0,1016.2,1016.2,1016.3,1.3,0.0,1.2666666666666666,0.057735026918962595,8.0,0.0,8.0,0.0,-0.1999999999999318,-0.10000000000002274,0.9396926207859083,0.3420201433256688,0.7071067811865476,0.7071067811865476,1.2,8.0
2026-08-06 04:20:00,70.0,8.0,1.3,1015.5,27.4,28.1,1.3,1.2,1.3,8.0,8.0,8.0,1015.6,1015.9,1016.1,1.3,0.0,1.2666666666666668,0.057735026918962595,8.0,0.0,8.0,0.0,-0.6000000000000227,-0.39999999999997726,0.9396926207859083,0.3420201433256688,0.8660254037844386,0.5000000000000001,1.4,8.0
2026-08-06 05:20:00,70.0,8.0,1.4,1015.3,27.4,28.0,1.4,1.4,1.3,7.0,8.0,8.0,1015.3,1015.3,1015.5,1.4,0.0,1.4,0.0,7.666666666666667,0.5773502691896258,7.833333333333333,0.40824829046386296,-0.20000000000004547,0.0,0.9396926207859083,0.3420201433256688,0.9659258262890683,0.25881904510252074,1.3,8.0
2026-08-06 05:50:00,60.0,8.0,1.3,1015.0,27.2,,1.3,1.4,1.4,7.0,8.0,8.0,1015.2,1015.3,1015.3,1.3,0.0,1.3499999999999999,0.05773502691896256,7.666666666666667,0.5773502691896258,7.666666666666667,0.5163977794943221,-0.2999999999999545,-0.2999999999999545,0.8660254037844386,0.5000000000000001,0.9659258262890683,0.25881904510252074,1.3,8.0
2026-08-06 06:20:00,70.0,8.0,1.3,1014.8,27.3,28.0,1.3,1.3,1.4,8.0,8.0,8.0,1014.8,1015.0,1015.3,1.3,0.0,1.3,0.0,8.0,0.0,7.833333333333333,0.4082482904638632,-0.5,-0.20000000000004547,0.9396926207859083,0.3420201433256688,1.0,6.123233995736766e-17,1.4,8.0
2026-08-06 07:20:00,70.0,7.0,1.4,1015.0,27.2,28.0,1.4,1.4,1.3,7.0,8.0,8.0,1014.9,1014.9,1014.8,1.4,0.0,1.4,0.0,7.0,0.0,7.5,0.5477225575051659,0.20000000000004547,0.10000000000002274,0.9396926207859083,0.3420201433256688,0.9659258262890683,-0.25881904510252063,1.4,7.0
2026-08-06 08:20:00,70.0,8.0,1.4,1015.0,27.2,28.0,1.4,1.4,1.4,8.0,7.0,7.0,1015.0,1014.9,1015.0,1.4,0.0,1.4,0.0,8.0,0.0,7.666666666666667,0.5163977794943221,0.0,0.10000000000002274,0.9396926207859083,0.3420201433256688,0.8660254037844387,-0.4999999999999998,1.4,7.0
2026-08-06 09:20:00,60.0,8.0,1.3,1015.4,27.2,28.0,1.3,1.4,1.4,8.0,7.0,8.0,1015.3,1015.3,1015.0,1.3,0.0,1.3333333333333333,0.05773502691896261,7.666666666666667,0.5773502691896258,7.333333333333333,0.5163977794943221,0.39999999999997726,0.10000000000002274,0.8660254037844386,0.5000000000000001,0.7071067811865476,-0.7071067811865475,1.5,8.0
2026-08-06 10:20:00,70.0,8.0,1.4,1016.1,27.5,28.0,1.4,1.5,1.3,8.0,8.0,8.0,1015.9,1015.7,1015.4,1.4,0.0,1.4333333333333333,0.057735026918962734,8.0,0.0,8.333333333333334,0.516397779494322,0.7000000000000455,0.39999999999997726,0.9396926207859083,0.3420201433256688,0.49999999999999994,-0.8660254037844387,1.4,8.0
2026-08-06 11:20:00,70.0,9.0,1.5,1016.0,27.7,28.0,1.5,1.4,1.4,9.0,8.0,8.0,1016.0,1016.0,1016.1,1.5,0.0,1.4666666666666668,0.057735026918962484,8.666666666666666,0.5773502691896255,8.333333333333334,0.5163977794943228,-0.10000000000002274,0.0,0.9396926207859083,0.3420201433256688,0.258819045102521,-0.9659258262890682,1.5,9.0
2026-08-06 12:20:00,70.0,9.0,1.5,1016.4,27.9,28.0,1.5,1.5,1.5,9.0,9.0,9.0,1016.4,1016.1,1016.0,1.5,0.0,1.5,0.0,9.0,0.0,8.833333333333334,0.40824829046386646,0.39999999999997726,0.2999999999999545,0.9396926207859083,0.3420201433256688,1.2246467991473532e-16,-1.0,1.5,9.0
2026-08-06 12:50:00,70.0,9.0,1.5,1016.4,27.9,28.0,1.5,1.5,1.5,9.0,9.0,9.0,1016.4,1016.4,1016.1,1.5,0.0,1.5,0.0,9.0,0.0,9.0,0.0,0.2999999999999545,0.0,0.9396926207859083,0.3420201433256688,1.2246467991473532e-16,-1.0,1.5,8.0
2026-08-06 13:20:00,60.0,8.0,1.5,1016.5,27.8,28.0,1.5,1.5,1.5,8.0,9.0,9.0,1016.6,1016.4,1016.4,1.5,0.0,1.5,0.0,8.333333333333334,0.5773502691896255,8.666666666666666,0.5163977794943228,0.10000000000002274,0.10000000000002274,0.8660254037844386,0.5000000000000001,-0.2588190451025208,-0.9659258262890683,1.6,8.0
2026-08-06 14:20:00,60.0,8.0,1.4,1016.4,27.8,28.1,1.4,1.6,1.5,8.0,8.0,8.0,1016.5,1016.5,1016.5,1.4,0.0,1.4666666666666668,0.11547005383792548,8.0,0.0,8.0,0.0,-0.10000000000002274,-0.10000000000002274,0.8660254037844386,0.5000000000000001,-0.4999999999999997,-0.8660254037844388,1.5,8.0
2026-08-06 15:20:00,70.0,8.0,1.4,1016.2,27.8,28.1,1.4,1.5,1.4,8.0,8.0,8.0,1016.3,1016.3,1016.4,1.4,0.0,1.4333333333333333,0.057735026918962595,8.0,0.0,8.0,0.0,-0.1999999999999318,-0.09999999999990905,0.9396926207859083,0.3420201433256688,-0.7071067811865471,-0.7071067811865479,1.6,8.0
2026-08-06 16:20:00,60.0,8.0,1.4,1015.5,27.8,28.1,1.4,1.6,1.4,7.0,8.0,8.0,1015.7,1016.0,1016.2,1.4,0.0,1.4666666666666668,0.11547005383792529,7.333333333333333,0.5773502691896258,7.333333333333333,0.5163977794943221,-0.7000000000000455,-0.5,0.8660254037844386,0.5000000000000001,-0.8660254037844385,-0.5000000000000004,1.4,7.0
2026-08-06 17:20:00,70.0,7.0,1.4,1015.0,27.8,28.1,1.4,1.4,1.4,8.0,7.0,8.0,1015.0,1015.3,1015.5,1.4,0.0,1.4,0.0,7.666666666666667,0.5773502691896258,7.666666666666667,0.5163977794943221,-0.5,-0.2999999999999545,0.9396926207859083,0.3420201433256688,-0.9659258262890683,-0.25881904510252063,1.5,7.0
2026-08-06 18:20:00,70.0,7.0,1.5,1014.4,27.8,28.2,1.5,1.5,1.4,7.0,7.0,7.0,1014.5,1014.6,1015.0,1.5,0.0,1.5,0.0,7.0,0.0,7.166666666666667,0.4082482904638632,-0.6000000000000227,-0.20000000000004547,0.9396926207859083,0.3420201433256688,-1.0,-1.8369701987210297e-16,1.4,8.0
2026-08-06 19:50:00,60.0,7.0,1.4,1014.2,27.9,28.2,1.4,1.4,1.4,7.0,7.0,8.0,1014.2,1014.3,1014.5,1.4,0.0,1.4,0.0,7.0,0.0,7.0,0.0,-0.2999999999999545,-0.09999999999990905,0.8660254037844386,0.5000000000000001,-0.9659258262890684,0.2588190451025203,1.4,7.0
2026-08-06 20:20:00,50.0,7.0,1.4,1014.1,27.9,28.1,1.4,1.4,1.4,7.0,7.0,7.0,1014.1,1014.2,1014.3,1.4,0.0,1.4,0.0,7.0,0.0,7.0,0.0,-0.1999999999999318,-0.10000000000002274,0.766044443118978,0.6427876096865394,-0.8660254037844386,0.5000000000000001,1.5,7.0
2026-08-06 22:20:00,50.0,8.0,1.4,1014.7,27.8,28.1,1.4,1.4,1.4,8.0,8.0,7.0,1014.5,1014.5,1014.5,1.4,0.0,1.4,0.0,8.0,0.0,7.666666666666667,0.5163977794943221,0.20000000000004547,0.20000000000004547,0.766044443118978,0.6427876096865394,-0.5000000000000004,0.8660254037844384,1.4,8.0
2026-08-07 00:50:00,50.0,8.0,1.3,1015.9,27.8,28.1,1.3,1.5,1.4,8.0,8.0,9.0,1015.9,1015.7,1015.5,1.3,0.0,1.4,0.11547005383792505,7.666666666666667,0.5773502691896258,7.833333333333333,0.40824829046386235,0.39999999999997726,0.1999999999999318,0.766044443118978,0.6427876096865394,0.0,1.0,1.4,8.0
2026-08-07 01:20:00,60.0,8.0,1.4,1016.4,27.8,28.1,1.4,1.3,1.5,8.0,8.0,8.0,1016.1,1015.9,1015.7,1.4,0.0,1.3499999999999999,0.05773502691896217,8.0,0.0,7.833333333333333,0.40824829046386235,0.6999999999999318,0.5,0.8660254037844386,0.5000000000000001,0.25881904510252074,0.9659258262890683,1.4,7.0
2026-08-07 02:20:00,60.0,7.0,1.4,1016.1,27.6,28.1,1.4,1.4,1.4,7.0,7.0,8.0,1016.3,1016.4,1016.4,1.4,0.0,1.4,0.0,7.333333333333333,0.5773502691896258,7.333333333333333,0.5163977794943221,-0.2999999999999545,-0.2999999999999545,0.8660254037844386,0.5000000000000001,0.49999999999999994,0.8660254037844387,1.4,8.0
2026-08-07 03:20:00,60.0,7.0,1.3,1015.9,27.7,28.1,1.3,1.4,1.4,8.0,8.0,7.0,1015.9,1016.0,1016.1,1.3,0.0,1.3333333333333333,0.05773502691896261,7.333333333333333,0.5773502691896258,7.666666666666667,0.5163977794943221,-0.20000000000004547,-0.10000000000002274,0.8660254037844386,0.5000000000000001,0.7071067811865476,0.7071067811865476,1.4,7.0
2026-08-07 04:20:00,50.0,8.0,1.4,1015.3,27.6,28.0,1.4,1.4,1.3,8.0,7.0,7.0,1015.3,1015.7,1015.9,1.4,0.0,1.4,0.0,7.666666666666667,0.5773502691896258,7.333333333333333,0.5163977794943221,-0.6000000000000227,-0.40000000000009095,0.766044443118978,0.6427876096865394,0.8660254037844386,0.5000000000000001,1.3,7.0
2026-08-07 05:20:00,60.0,7.0,1.4,1014.5,27.5,28.0,1.4,1.3,1.4,7.0,7.0,8.0,1014.7,1014.9,1015.3,1.4,0.0,1.3666666666666665,0.05773502691896253,7.333333333333333,0.5773502691896258,7.5,0.5477225575051659,-0.7999999999999545,-0.39999999999997726,0.8660254037844386,0.5000000000000001,0.9659258262890683,0.25881904510252074,1.4,7.0
2026-08-07 06:20:00,60.0,7.0,1.3,1014.3,27.4,28.0,1.3,1.4,1.4,7.0,7.0,7.0,1014.3,1014.4,1014.5,1.3,0.0,1.3333333333333333,0.05773502691896261,7.0,0.0,7.0,0.0,-0.20000000000004547,-0.10000000000002274,0.8660254037844386,0.5000000000000001,1.0,6.123233995736766e-17,1.4,8.0
2026-08-07 07:20:00,70.0,8.0,1.3,1014.3,27.5,28.0,1.3,1.4,1.3,7.0,8.0,7.0,1014.3,1014.3,1014.3,1.3,0.0,1.3333333333333333,0.05773502691896253,7.333333333333333,0.5773502691896258,7.666666666666667,0.5163977794943221,0.0,0.0,0.9396926207859083,0.3420201433256688,0.9659258262890683,-0.25881904510252063,1.5,7.0
2026-08-07 08:20:00,70.0,8.0,1.4,1014.3,27.6,28.0,1.4,1.5,1.3,8.0,7.0,8.0,1014.3,1014.2,1014.3,1.4,0.0,1.4333333333333333,0.057735026918962734,7.666666666666667,0.5773502691896258,7.5,0.5477225575051659,0.0,0.09999999999990905,0.9396926207859083,0.3420201433256688,0.8660254037844387,-0.4999999999999998,1.4,7.0
2026-08-07 09:20:00,60.0,7.0,1.4,1014.5,27.5,28.0,1.4,1.4,1.4,7.0,7.0,8.0,1014.5,1014.4,1014.3,1.4,0.0,1.4,0.0,7.0,0.0,7.166666666666667,0.4082482904638632,0.20000000000004547,0.10000000000002274,0.8660254037844386,0.5000000000000001,0.7071067811865476,-0.7071067811865475,1.4,7.0
2026-08-07 10:20:00,60.0,8.0,1.3,1014.9,27.4,28.0,1.3,1.4,1.4,8.0,7.0,7.0,1014.9,1014.7,1014.5,1.3,0.0,1.3333333333333333,0.05773502691896261,8.0,0.0,7.666666666666667,0.5163977794943221,0.39999999999997726,0.1999999999999318,0.8660254037844386,0.5000000000000001,0.49999999999999994,-0.8660254037844387,1.4,9.0
2026-08-07 11:20:00,60.0,8.0,1.5,1015.1,27.8,28.0,1.5,1.4,1.3,8.0,9.0,8.0,1015.1,1015.0,1014.9,1.5,0.0,1.4666666666666668,0.05773502691896298,8.0,0.0,8.166666666666666,0.4082482904638632,0.20000000000004547,0.10000000000002274,0.8660254037844386,0.5000000000000001,0.258819045102521,-0.9659258262890682,1.4,8.0
2026-08-07 11:50:00,60.0,8.0,1.4,1015.2,27.8,28.0,1.4,1.5,1.4,8.0,8.0,9.0,1015.2,1015.1,1015.0,1.4,0.0,1.4500000000000002,0.05773502691896285,8.0,0.0,8.0,0.0,0.20000000000004547,0.10000000000002274,0.8660254037844386,0.5000000000000001,0.258819045102521,-0.9659258262890682,1.4,8.0
2026-08-07 12:20:00,70.0,8.0,1.4,1015.4,27.8,28.0,1.4,1.4,1.5,8.0,8.0,8.0,1015.3,1015.2,1015.1,1.4,0.0,1.4,0.0,8.0,0.0,8.0,0.0,0.2999999999999545,0.1999999999999318,0.9396926207859083,0.3420201433256688,1.2246467991473532e-16,-1.0,1.4,8.0
2026-08-07 13:20:00,70.0,8.0,1.4,1015.4,27.8,28.0,1.4,1.4,1.4,9.0,8.0,8.0,1015.4,1015.6,1015.4,1.4,0.0,1.4,0.0,8.666666666666666,0.5773502691896255,8.4,0.5477225575051663,0.0,-0.20000000000004547,0.9396926207859083,0.3420201433256688,-0.2588190451025208,-0.9659258262890683,1.4,8.0
2026-08-07 14:20:00,60.0,7.0,1.4,1015.0,28.0,28.0,1.4,1.4,1.4,7.0,8.0,8.0,1015.0,1015.2,1015.4,1.4,0.0,1.4,0.0,7.0,0.0,7.5,0.5477225575051665,-0.39999999999997726,-0.20000000000004547,0.8660254037844386,0.5000000000000001,-0.4999999999999997,-0.8660254037844388,1.4,6.0
2026-08-07 15:20:00,60.0,6.0,1.3,1014.7,28.1,28.1,1.3,1.4,1.4,6.0,6.0,7.0,1014.8,1014.8,1015.0,1.3,0.0,1.3333333333333333,0.05773502691896261,6.0,0.0,6.166666666666667,0.4082482904638658,-0.2999999999999545,-0.09999999999990905,0.8660254037844386,0.5000000000000001,-0.7071067811865471,-0.7071067811865479,1.3,7.0
2026-08-07 16:20:00,70.0,7.0,1.3,1014.1,28.0,28.1,1.3,1.3,1.3,7.0,7.0,6.0,1014.2,1014.5,1014.7,1.3,0.0,1.3,0.0,7.0,0.0,7.0,0.0,-0.6000000000000227,-0.39999999999997726,0.9396926207859083,0.3420201433256688,-0.8660254037844385,-0.5000000000000004,1.4,6.0
2026-08-07 16:50:00,70.0,6.0,1.4,1013.9,28.1,28.1,1.4,1.3,1.3,7.0,7.0,7.0,1014.0,1014.1,1014.5,1.4,0.0,1.35,0.05773502691896256,6.666666666666667,0.5773502691896258,6.833333333333333,0.40824829046386296,-0.6000000000000227,-0.20000000000004547,0.9396926207859083,0.3420201433256688,-0.8660254037844385,-0.5000000000000004,1.4,6.0
2026-08-07 17:20:00,70.0,6.0,1.4,1013.7,28.1,28.1,1.4,1.4,1.3,6.0,6.0,7.0,1013.8,1013.9,1014.1,1.4,0.0,1.4,0.0,6.0,0.0,6.333333333333333,0.5163977794943221,-0.39999999999997726,-0.1999999999999318,0.9396926207859083,0.3420201433256688,-0.9659258262890683,-0.25881904510252063,1.4,7.0
2026-08-07 17:50:00,70.0,7.0,1.4,1013.5,28.2,28.1,1.4,1.4,1.4,6.0,6.0,6.0,1013.6,1013.7,1013.9,1.4,0.0,1.4,0.0,6.333333333333333,0.5773502691896258,6.166666666666667,0.40824829046386296,-0.39999999999997726,-0.20000000000004547,0.9396926207859083,0.3420201433256688,-0.9659258262890683,-0.25881904510252063,1.3,6.0
2026-08-07 18:20:00,70.0,6.0,1.3,1013.4,28.1,28.2,1.3,1.4,1.4,6.0,7.0,6.0,1013.4,1013.5,1013.7,1.3,0.0,1.3499999999999999,0.05773502691896256,6.333333333333333,0.5773502691896258,6.333333333333333,0.5163977794943221,-0.3000000000000682,-0.10000000000002274,0.9396926207859083,0.3420201433256688,-1.0,-1.8369701987210297e-16,1.4,7.0
2026-08-07 19:20:00,60.0,6.0,1.4,1013.4,28.1,28.2,1.4,1.4,1.3,7.0,7.0,6.0,1013.3,1013.4,1013.4,1.4,0.0,1.4,0.0,6.666666666666667,0.5773502691896258,6.833333333333333,0.40824829046386296,0.0,0.0,0.8660254037844386,0.5000000000000001,-0.9659258262890684,0.2588190451025203,1.4,7.0
2026-08-07 19:50:00,60.0,7.0,1.4,1013.4,28.2,28.1,1.4,1.4,1.4,7.0,6.0,7.0,1013.4,1013.4,1013.4,1.4,0.0,1.4,0.0,7.0,0.0,6.833333333333333,0.40824829046386296,0.0,0.0,0.8660254037844386,0.5000000000000001,-0.9659258262890684,0.2588190451025203,1.4,7.0
2026-08-07 20:20:00,60.0,7.0,1.4,1013.4,28.1,28.1,1.4,1.4,1.4,7.0,7.0,6.0,1013.4,1013.4,1013.4,1.4,0.0,1.4,0.0,7.0,0.0,7.0,0.0,0.0,0.0,0.8660254037844386,0.5000000000000001,-0.8660254037844386,0.5000000000000001,1.2,6.0
2026-08-08 01:20:00,60.0,7.0,1.5,1015.1,27.6,28.1,1.5,1.4,1.3,7.0,8.0,8.0,1015.0,1014.9,1014.7,1.5,0.0,1.4666666666666668,0.05773502691896298,7.333333333333333,0.5773502691896258,7.666666666666667,0.5163977794943221,0.39999999999997726,0.20000000000004547,0.8660254037844386,0.5000000000000001,0.25881904510252074,0.9659258262890683,1.4,8.0
2026-08-08 02:20:00,70.0,8.0,1.4,1014.7,27.8,28.1,1.4,1.4,1.5,7.0,8.0,7.0,1014.7,1015.0,1015.1,1.4,0.0,1.4,0.0,7.333333333333333,0.5773502691896258,7.5,0.5477225575051659,-0.39999999999997726,-0.2999999999999545,0.9396926207859083,0.3420201433256688,0.49999999999999994,0.8660254037844387,1.4,7.0
2026-08-08 03:20:00,70.0,7.0,1.3,1014.4,27.7,28.1,1.3,1.4,1.4,7.0,7.0,8.0,1014.4,1014.5,1014.7,1.3,0.0,1.3333333333333333,0.05773502691896261,7.0,0.0,7.0,0.0,-0.3000000000000682,-0.10000000000002274,0.9396926207859083,0.3420201433256688,0.7071067811865476,0.7071067811865476,1.3,8.0
2026-08-08 04:20:00,80.0,5.0,1.5,1013.9,27.1,28.1,1.5,1.3,1.3,5.0,8.0,7.0,1014.1,1014.3,1014.4,1.5,0.0,1.4333333333333333,0.11547005383792516,5.0,0.0,6.333333333333333,1.7511900715418265,-0.5,-0.39999999999997726,0.984807753012208,0.17364817766693041,0.8660254037844386,0.5000000000000001,1.3,9.0
2026-08-08 05:20:00,70.0,5.0,1.2,1013.2,26.7,28.0,1.2,1.3,1.5,7.0,9.0,5.0,1013.4,1013.7,1013.9,1.2,0.0,1.2333333333333334,0.05773502691896238,7.0,2.0,7.0,1.7888543819998322,-0.6999999999999318,-0.5,0.9396926207859083,0.3420201433256688,0.9659258262890683,0.25881904510252074,1.3,5.0
2026-08-08 06:20:00,70.0,8.0,1.4,1012.7,26.2,28.0,1.4,1.3,1.2,8.0,5.0,5.0,1012.8,1012.9,1013.2,1.4,0.0,1.3666666666666665,0.057735026918962276,7.666666666666667,0.577350269189625,6.666666666666667,1.2110601416389974,-0.5,-0.1999999999999318,0.9396926207859083,0.3420201433256688,1.0,6.123233995736766e-17,1.4,7.0
2026-08-08 07:20:00,70.0,7.0,1.3,1012.8,26.9,28.0,1.3,1.4,1.4,6.0,7.0,8.0,1012.8,1012.9,1012.7,1.3,0.0,1.3333333333333333,0.05773502691896261,6.333333333333333,0.5773502691896258,6.833333333333333,0.7527726527090821,0.09999999999990905,-0.10000000000002274,0.9396926207859083,0.3420201433256688,0.9659258262890683,-0.25881904510252063,1.4,7.0
2026-08-08 08:20:00,70.0,7.0,1.4,1013.1,27.2,28.0,1.4,1.4,1.3,7.0,7.0,7.0,1013.1,1013.0,1012.8,1.4,0.0,1.4,0.0,7.0,0.0,7.0,0.0,0.3000000000000682,0.10000000000002274,0.9396926207859083,0.3420201433256688,0.8660254037844387,-0.4999999999999998,1.4,7.0
2026-08-08 08:50:00,80.0,7.0,1.4,1013.2,27.4,28.0,1.4,1.4,1.4,7.0,7.0,7.0,1013.2,1013.1,1013.0,1.4,0.0,1.4,0.0,7.0,0.0,7.0,0.0,0.20000000000004547,0.10000000000002274,0.984807753012208,0.17364817766693041,0.8660254037844387,-0.4999999999999998,1.3,7.0
2026-08-08 09:20:00,80.0,7.0,1.3,1013.2,27.3,28.0,1.3,1.4,1.4,7.0,7.0,7.0,1013.3,1013.2,1013.1,1.3,0.0,1.3499999999999999,0.05773502691896256,7.0,0.0,7.0,0.0,0.10000000000002274,0.0,0.984807753012208,0.17364817766693041,0.7071067811865476,-0.7071067811865475,1.4,8.0
2026-08-08 10:20:00,80.0,8.0,1.4,1014.0,27.6,28.0,1.4,1.4,1.3,8.0,8.0,7.0,1013.9,1013.7,1013.2,1.4,0.0,1.4,0.0,7.666666666666667,0.5773502691896258,7.666666666666667,0.5163977794943221,0.7999999999999545,0.2999999999999545,0.984807753012208,0.17364817766693041,0.49999999999999994,-0.8660254037844387,1.4,7.0
2026-08-08 11:20:00,90.0,7.0,1.5,1014.3,27.8,28.0,1.5,1.4,1.4,8.0,7.0,8.0,1014.3,1014.3,1014.0,1.5,0.0,1.4666666666666666,0.057735026918962484,7.666666666666667,0.5773502691896258,7.333333333333333,0.5163977794943221,0.2999999999999545,0.0,1.0,6.123233995736766e-17,0.258819045102521,-0.9659258262890682,1.4,7.0
2026-08-08 12:20:00,90.0,6.0,1.3,1014.9,27.7,28.0,1.3,1.4,1.5,7.0,7.0,7.0,1014.9,1014.6,1014.3,1.3,0.0,1.3333333333333333,0.05773502691896215,6.666666666666667,0.5773502691896258,6.833333333333333,0.40824829046386296,0.6000000000000227,0.2999999999999545,1.0,6.123233995736766e-17,1.2246467991473532e-16,-1.0,1.4,7.0
2026-08-08 12:50:00,90.0,7.0,1.4,1015.1,27.9,28.1,1.4,1.3,1.4,6.0,6.0,7.0,1015.1,1014.9,1014.6,1.4,0.0,1.3499999999999999,0.0577350269189623,6.666666666666667,0.5773502691896258,6.666666666666667,0.5163977794943221,0.5,0.20000000000004547,1.0,6.123233995736766e-17,1.2246467991473532e-16,-1.0,1.4,8.0
2026-08-08 13:20:00,100.0,8.0,1.4,1015.2,26.9,28.1,1.4,1.4,1.3,7.0,7.0,6.0,1015.1,1015.1,1014.9,1.4,0.0,1.4,0.0,7.0,1.0,6.833333333333333,0.752772652709081,0.3000000000000682,0.10000000000002274,0.984807753012208,-0.1736481776669303,-0.2588190451025208,-0.9659258262890683,1.4,8.0
2026-08-08 14:20:00,110.0,4.0,1.4,1015.3,27.3,28.1,1.4,1.4,1.4,4.0,8.0,8.0,1015.3,1015.2,1015.2,1.4,0.0,1.4,0.0,5.0,1.732050807568877,6.333333333333333,1.8618986725025253,0.09999999999990905,0.09999999999990905,0.9396926207859084,-0.3420201433256687,-0.4999999999999997,-0.8660254037844388,1.3,6.0
2026-08-08 15:20:00,100.0,6.0,1.3,1015.0,27.9,28.1,1.3,1.3,1.4,6.0,6.0,4.0,1015.1,1015.2,1015.3,1.3,0.0,1.3,0.0,6.0,0.0,5.666666666666667,0.51639777949432,-0.2999999999999545,-0.20000000000004547,0.984807753012208,-0.1736481776669303,-0.7071067811865471,-0.7071067811865479,1.3,6.0
2026-08-08 15:50:00,100.0,6.0,1.3,1014.9,27.9,28.2,1.3,1.3,1.3,6.0,6.0,6.0,1014.8,1015.0,1015.2,1.3,0.0,1.3,0.0,6.0,0.0,6.0,0.0,-0.3000000000000682,-0.10000000000002274,0.984807753012208,-0.1736481776669303,-0.7071067811865471,-0.7071067811865479,1.3,5.0
2026-08-08 16:20:00,80.0,5.0,1.3,1014.6,27.8,28.2,1.3,1.3,1.3,5.0,6.0,6.0,1014.8,1014.9,1015.0,1.3,0.0,1.3,0.0,5.333333333333333,0.5773502691896258,5.666666666666667,0.5163977794943221,-0.39999999999997726,-0.2999999999999545,0.984807753012208,0.17364817766693041,-0.8660254037844385,-0.5000000000000004,1.3,5.0
2026-08-08 17:20:00,90.0,6.0,1.4,1014.0,28.0,28.3,1.4,1.3,1.3,6.0,5.0,5.0,1014.0,1014.3,1014.6,1.4,0.0,1.3666666666666665,0.05773502691896261,5.666666666666667,0.5773502691896258,5.333333333333333,0.5163977794943221,-0.6000000000000227,-0.2999999999999545,1.0,6.123233995736766e-17,-0.9659258262890683,-0.25881904510252063,1.2,6.0
2026-08-08 18:20:00,100.0,5.0,1.3,1013.4,27.9,28.3,1.3,1.2,1.4,5.0,6.0,6.0,1013.4,1013.6,1014.0,1.3,0.0,1.2666666666666668,0.05773502691896245,5.333333333333333,0.5773502691896258,5.666666666666667,0.5163977794943221,-0.6000000000000227,-0.20000000000004547,0.984807753012208,-0.1736481776669303,-1.0,-1.8369701987210297e-16,1.3,6.0
2026-08-08 20:20:00,90.0,6.0,1.3,1013.6,28.1,28.3,1.3,1.4,1.3,5.0,6.0,6.0,1013.7,1013.5,1013.5,1.3,0.0,1.3333333333333333,0.0577350269189625,5.666666666666667,0.5773502691896258,5.833333333333333,0.40824829046386296,0.10000000000002274,0.10000000000002274,1.0,6.123233995736766e-17,-0.8660254037844386,0.5000000000000001,1.3,5.0
2026-08-08 20:50:00,100.0,5.0,1.3,1013.7,28.0,28.3,1.3,1.3,1.4,5.0,6.0,6.0,1013.7,1013.6,1013.5,1.3,0.0,1.3,0.0,5.333333333333333,0.5773502691896258,5.5,0.5477225575051659,0.20000000000004547,0.10000000000002274,0.984807753012208,-0.1736481776669303,-0.8660254037844386,0.5000000000000001,1.3,6.0
2026-08-08 21:20:00,90.0,6.0,1.3,1013.9,27.9,28.2,1.3,1.3,1.3,6.0,5.0,6.0,1013.9,1013.7,1013.6,1.3,0.0,1.3,0.0,5.666666666666667,0.5773502691896258,5.5,0.5477225575051659,0.2999999999999545,0.1999999999999318,1.0,6.123233995736766e-17,-0.7071067811865477,0.7071067811865474,1.2,5.0
2026-08-08 22:20:00,90.0,5.0,1.3,1014.4,27.8,28.2,1.3,1.2,1.3,5.0,5.0,6.0,1014.3,1014.0,1013.9,1.3,0.0,1.2666666666666668,0.057735026918962595,5.0,0.0,5.0,0.0,0.5,0.39999999999997726,1.0,6.123233995736766e-17,-0.5000000000000004,0.8660254037844384,1.3,5.0
2026-08-09 01:20:00,80.0,5.0,1.2,1015.9,27.6,28.2,1.2,1.3,1.2,6.0,6.0,5.0,1015.8,1015.6,1015.5,1.2,0.0,1.2333333333333334,0.057735026918962595,5.333333333333333,0.5773502691896258,5.5,0.5477225575051659,0.39999999999997726,0.2999999999999545,0.984807753012208,0.17364817766693041,0.25881904510252074,0.9659258262890683,1.3,6.0
2026-08-09 02:20:00,80.0,6.0,1.3,1015.9,27.7,28.1,1.3,1.3,1.2,6.0,6.0,5.0,1015.9,1016.0,1015.9,1.3,0.0,1.3,0.0,6.0,0.0,5.833333333333333,0.4082482904638632,0.0,-0.10000000000002274,0.984807753012208,0.17364817766693041,0.49999999999999994,0.8660254037844387,1.2,5.0
2026-08-09 03:20:00,90.0,5.0,1.2,1015.5,27.5,28.1,1.2,1.2,1.3,5.0,5.0,6.0,1015.5,1015.7,1015.9,1.2,0.0,1.2,0.0,5.0,0.0,5.166666666666667,0.4082482904638632,-0.39999999999997726,-0.20000000000004547,1.0,6.123233995736766e-17,0.7071067811865476,0.7071067811865476,1.2,5.0
2026-08-09 03:50:00,90.0,5.0,1.2,1015.1,27.5,28.1,1.2,1.2,1.2,5.0,5.0,5.0,1015.2,1015.5,1015.7,1.2,0.0,1.2,0.0,5.0,0.0,5.0,0.0,-0.6000000000000227,-0.39999999999997726,1.0,6.123233995736766e-17,0.7071067811865476,0.7071067811865476,1.2,5.0
2026-08-09 04:20:00,80.0,5.0,1.2,1014.7,27.5,28.1,1.2,1.2,1.2,5.0,5.0,5.0,1014.9,1015.1,1015.5,1.2,0.0,1.2,0.0,5.0,0.0,5.0,0.0,-0.7999999999999545,-0.39999999999997726,0.984807753012208,0.17364817766693041,0.8660254037844386,0.5000000000000001,1.1,5.0
2026-08-09 05:20:00,70.0,5.0,1.2,1014.0,27.4,28.1,1.2,1.1,1.2,5.0,5.0,5.0,1014.1,1014.2,1014.7,1.2,0.0,1.1666666666666667,0.05773502691896253,5.0,0.0,5.333333333333333,0.5163977794943221,-0.7000000000000455,-0.20000000000004547,0.9396926207859083,0.3420201433256688,0.9659258262890683,0.25881904510252074,1.1,4.0
2026-08-09 06:20:00,70.0,5.0,1.2,1013.9,27.3,28.1,1.2,1.1,1.2,5.0,4.0,5.0,1014.0,1013.9,1014.0,1.2,0.0,1.1666666666666667,0.05773502691896253,4.666666666666667,0.5773502691896258,4.666666666666667,0.5163977794943221,-0.10000000000002274,0.0,0.9396926207859083,0.3420201433256688,1.0,6.123233995736766e-17,1.2,6.0
2026-08-09 09:20:00,50.0,5.0,1.2,1013.7,27.3,28.1,1.2,1.2,1.2,6.0,5.0,6.0,1013.8,1013.7,1013.9,1.2,0.0,1.2,0.0,5.333333333333333,0.5773502691896258,5.166666666666667,0.40824829046386496,-0.1999999999999318,0.0,0.766044443118978,0.6427876096865394,0.7071067811865476,-0.7071067811865475,1.2,5.0
2026-08-09 09:50:00,60.0,5.0,1.2,1014.0,27.3,28.1,1.2,1.2,1.2,5.0,5.0,5.0,1014.0,1013.7,1013.7,1.2,0.0,1.2,0.0,5.0,0.0,5.166666666666667,0.40824829046386496,0.2999999999999545,0.2999999999999545,0.8660254037844386,0.5000000000000001,0.7071067811865476,-0.7071067811865475,1.2,5.0
2026-08-09 10:20:00,60.0,5.0,1.2,1014.4,27.4,28.1,1.2,1.2,1.2,5.0,5.0,5.0,1014.3,1014.0,1013.7,1.2,0.0,1.2,0.0,5.0,0.0,5.0,0.0,0.6999999999999318,0.39999999999997726,0.8660254037844386,0.5000000000000001,0.49999999999999994,-0.8660254037844387,1.2,5.0
2026-08-09 11:20:00,60.0,5.0,1.0,1014.7,27.7,28.1,1.0,1.2,1.2,5.0,5.0,5.0,1014.7,1014.5,1014.4,1.0,0.0,1.0666666666666667,0.11547005383792516,5.0,0.0,5.0,0.0,0.3000000000000682,0.20000000000004547,0.8660254037844386,0.5000000000000001,0.258819045102521,-0.9659258262890682,1.2,5.0
2026-08-09 11:50:00,60.0,5.0,1.2,1015.1,27.8,28.1,1.2,1.0,1.2,6.0,5.0,5.0,1014.9,1014.7,1014.5,1.2,0.0,1.0999999999999999,0.11547005383792512,5.666666666666667,0.5773502691896258,5.333333333333333,0.5163977794943221,0.6000000000000227,0.39999999999997726,0.8660254037844386,0.5000000000000001,0.258819045102521,-0.9659258262890682,1.2,5.0
2026-08-09 12:20:00,60.0,5.0,1.2,1015.4,27.8,28.1,1.2,1.2,1.0,5.0,5.0,5.0,1015.4,1015.1,1014.7,1.2,0.0,1.2,0.0,5.0,0.0,5.333333333333333,0.5163977794943221,0.6999999999999318,0.2999999999999545,0.8660254037844386,0.5000000000000001,1.2246467991473532e-16,-1.0,1.1,6.0
2026-08-09 13:20:00,70.0,6.0,1.2,1015.5,27.9,28.1,1.2,1.1,1.2,6.0,6.0,5.0,1015.4,1015.4,1015.4,1.2,0.0,1.1666666666666667,0.05773502691896253,6.0,0.0,6.0,0.0,0.10000000000002274,0.10000000000002274,0.9396926207859083,0.3420201433256688,-0.2588190451025208,-0.9659258262890683,1.1,6.0
2026-08-09 13:50:00,70.0,6.0,1.1,1015.6,27.9,28.2,1.1,1.2,1.1,6.0,6.0,6.0,1015.6,1015.5,1015.4,1.1,0.0,1.1500000000000001,0.057735026918962554,6.0,0.0,6.0,0.0,0.20000000000004547,0.10000000000002274,0.9396926207859083,0.3420201433256688,-0.2588190451025208,-0.9659258262890683,1.1,5.0
2026-08-09 14:20:00,70.0,5.0,1.1,1015.7,28.1,28.2,1.1,1.1,1.2,6.0,6.0,6.0,1015.6,1015.6,1015.5,1.1,0.0,1.1,0.0,5.333333333333333,0.5773502691896258,5.666666666666667,0.5163977794943221,0.20000000000004547,0.10000000000002274,0.9396926207859083,0.3420201433256688,-0.4999999999999997,-0.8660254037844388,1.1,5.0
2026-08-09 15:20:00,60.0,5.0,1.1,1015.5,28.1,28.3,1.1,1.1,1.1,4.0,5.0,5.0,1015.5,1015.4,1015.7,1.1,0.0,1.1,0.0,4.666666666666667,0.5773502691896258,4.833333333333333,0.40824829046386296,-0.20000000000004547,0.10000000000002274,0.8660254037844386,0.5000000000000001,-0.7071067811865471,-0.7071067811865479,1.1,6.0
2026-08-09 15:50:00,50.0,6.0,1.1,1015.3,28.1,28.3,1.1,1.1,1.1,6.0,5.0,5.0,1015.4,1015.5,1015.4,1.1,0.0,1.1,0.0,5.666666666666667,0.5773502691896258,5.166666666666667,0.752772652709081,-0.10000000000002274,-0.20000000000004547,0.766044443118978,0.6427876096865394,-0.7071067811865471,-0.7071067811865479,1.1,5.0
2026-08-09 16:20:00,60.0,5.0,1.1,1015.0,27.9,28.4,1.1,1.1,1.1,5.0,6.0,5.0,1015.2,1015.3,1015.5,1.1,0.0,1.1,0.0,5.333333333333333,0.5773502691896258,5.5,0.5477225575051657,-0.5,-0.2999999999999545,0.8660254037844386,0.5000000000000001,-0.8660254037844385,-0.5000000000000004,1.0,6.0
2026-08-09 17:20:00,60.0,6.0,1.0,1014.5,27.9,28.4,1.0,1.0,1.1,6.0,6.0,5.0,1014.5,1014.8,1015.0,1.0,0.0,1.0,0.0,6.0,0.0,5.833333333333333,0.408248290463863,-0.5,-0.2999999999999545,0.8660254037844386,0.5000000000000001,-0.9659258262890683,-0.25881904510252063,1.0,5.0
2026-08-09 18:20:00,60.0,5.0,1.1,1013.8,28.1,28.4,1.1,1.0,1.0,5.0,5.0,6.0,1014.0,1014.3,1014.5,1.1,0.0,1.0666666666666667,0.057735026918962484,5.0,0.0,5.166666666666667,0.4082482904638632,-0.7000000000000455,-0.5,0.8660254037844386,0.5000000000000001,-1.0,-1.8369701987210297e-16,1.0,5.0
2026-08-09 18:50:00,50.0,5.0,1.0,1013.8,28.1,,1.0,1.1,1.0,5.0,5.0,5.0,1013.7,1013.8,1014.3,1.0,0.0,1.05,0.057735026918962595,5.0,0.0,5.0,0.0,-0.5,0.0,0.766044443118978,0.6427876096865394,-1.0,-1.8369701987210297e-16,1.1,4.0
2026-08-09 19:20:00,50.0,4.0,1.1,1013.8,28.2,28.4,1.1,1.0,1.1,5.0,5.0,5.0,1013.8,1013.8,1013.8,1.1,0.0,1.05,0.057735026918962595,4.666666666666667,0.5773502691896258,4.833333333333333,0.40824829046386296,0.0,0.0,0.766044443118978,0.6427876096865394,-0.9659258262890684,0.2588190451025203,1.1,4.0
2026-08-09 19:50:00,40.0,4.0,1.1,1013.8,28.3,28.4,1.1,1.1,1.0,4.0,4.0,5.0,1013.8,1013.8,1013.8,1.1,0.0,1.1,0.0,4.333333333333333,0.5773502691896258,4.5,0.5477225575051659,0.0,0.0,0.6427876096865393,0.766044443118978,-0.9659258262890684,0.2588190451025203,1.1,4.0
2026-08-09 20:20:00,40.0,4.0,1.1,1014.0,28.3,28.4,1.1,1.1,1.1,4.0,4.0,4.0,1014.0,1013.8,1013.8,1.1,0.0,1.1,0.0,4.0,0.0,4.166666666666667,0.4082482904638632,0.20000000000004547,0.20000000000004547,0.6427876096865393,0.766044443118978,-0.8660254037844386,0.5000000000000001,1.1,4.0
2026-08-09 21:20:00,50.0,4.0,1.1,1014.3,28.1,28.4,1.1,1.1,1.1,4.0,4.0,4.0,1014.2,1014.1,1014.0,1.1,0.0,1.1,0.0,4.333333333333333,0.5773502691896258,4.166666666666667,0.40824829046386296,0.2999999999999545,0.1999999999999318,0.766044443118978,0.6427876096865394,-0.7071067811865477,0.7071067811865474,1.0,4.0
2026-08-09 22:20:00,60.0,6.0,1.0,1014.5,27.8,28.3,1.0,1.0,1.1,4.0,4.0,4.0,1014.4,1014.3,1014.3,1.0,0.0,1.0,0.0,4.666666666666667,1.1547005383792515,4.333333333333333,0.816496580927726,0.20000000000004547,0.20000000000004547,0.8660254037844386,0.5000000000000001,-0.5000000000000004,0.8660254037844384,1.0,3.0
2026-08-10 00:50:00,60.0,5.0,1.0,1016.1,28.1,,1.0,1.1,1.1,5.0,6.0,6.0,1015.9,1015.6,1015.3,1.0,0.0,1.05,0.05773502691896274,5.333333333333333,0.5773502691896258,5.666666666666667,0.5163977794943221,0.8000000000000682,0.5,0.8660254037844386,0.5000000000000001,0.0,1.0,1.0,6.0
2026-08-10 01:20:00,60.0,6.0,1.0,1016.3,28.0,28.2,1.0,1.0,1.1,5.0,5.0,6.0,1016.1,1016.1,1015.6,1.0,0.0,1.0,0.0,5.333333333333333,0.5773502691896258,5.333333333333333,0.5163977794943221,0.6999999999999318,0.1999999999999318,0.8660254037844386,0.5000000000000001,0.25881904510252074,0.9659258262890683,1.0,4.0
2026-08-10 02:20:00,70.0,4.0,1.1,1016.2,27.9,28.2,1.1,1.0,1.0,5.0,4.0,6.0,1016.3,1016.4,1016.3,1.1,0.0,1.0666666666666667,0.057735026918962484,4.666666666666667,0.5773502691896258,4.333333333333333,0.5163977794943235,-0.09999999999990905,-0.1999999999999318,0.9396926207859083,0.3420201433256688,0.49999999999999994,0.8660254037844387,1.0,5.0
2026-08-10 02:50:00,70.0,5.0,1.0,1016.1,27.9,28.2,1.0,1.1,1.0,5.0,4.0,4.0,1016.1,1016.2,1016.4,1.0,0.0,1.05,0.057735026918962595,5.0,0.0,4.833333333333333,0.40824829046386496,-0.2999999999999545,-0.10000000000002274,0.9396926207859083,0.3420201433256688,0.49999999999999994,0.8660254037844387,1.0,5.0
2026-08-10 03:20:00,70.0,5.0,1.0,1015.9,27.8,28.1,1.0,1.0,1.1,5.0,5.0,4.0,1015.9,1016.1,1016.2,1.0,0.0,1.0,0.0,5.0,0.0,5.0,0.0,-0.3000000000000682,-0.20000000000004547,0.9396926207859083,0.3420201433256688,0.7071067811865476,0.7071067811865476,1.0,5.0
2026-08-10 03:50:00,70.0,5.0,1.0,1015.6,27.6,28.1,1.0,1.0,1.0,5.0,5.0,5.0,1015.7,1015.9,1016.1,1.0,0.0,1.0,0.0,5.0,0.0,5.0,0.0,-0.5,-0.2999999999999545,0.9396926207859083,0.3420201433256688,0.7071067811865476,0.7071067811865476,1.0,5.0
2026-08-10 04:20:00,70.0,5.0,1.0,1015.2,27.6,28.1,1.0,1.0,1.0,5.0,5.0,5.0,1015.3,1015.6,1015.9,1.0,0.0,1.0,0.0,5.0,0.0,5.0,0.0,-0.6999999999999318,-0.39999999999997726,0.9396926207859083,0.3420201433256688,0.8660254037844386,0.5000000000000001,1.0,4.0
2026-08-10 05:20:00,80.0,5.0,1.1,1014.4,27.6,28.1,1.1,1.0,1.0,5.0,4.0,5.0,1014.4,1014.8,1015.2,1.1,0.0,1.0666666666666667,0.057735026918962484,5.0,0.0,4.5,0.5477225575051659,-0.8000000000000682,-0.39999999999997726,0.984807753012208,0.17364817766693041,0.9659258262890683,0.25881904510252074,1.0,5.0
2026-08-10 06:20:00,80.0,5.0,1.0,1014.3,27.6,28.1,1.0,1.0,1.1,5.0,5.0,5.0,1014.3,1014.2,1014.4,1.0,0.0,1.0,0.0,5.333333333333333,0.5773502691896258,5.166666666666667,0.40824829046386296,-0.10000000000002274,0.09999999999990905,0.984807753012208,0.17364817766693041,1.0,6.123233995736766e-17,1.1,5.0
2026-08-10 06:50:00,100.0,5.0,1.1,1014.3,27.6,28.1,1.1,1.0,1.0,5.0,5.0,5.0,1014.3,1014.3,1014.2,1.1,0.0,1.05,0.05773502691896274,5.0,0.0,5.166666666666667,0.40824829046386296,0.09999999999990905,0.0,0.984807753012208,-0.1736481776669303,1.0,6.123233995736766e-17,1.0,4.0
2026-08-10 09:20:00,100.0,5.0,1.1,1014.8,27.5,28.1,1.1,1.0,1.0,5.0,5.0,4.0,1014.7,1014.4,1014.5,1.1,0.0,1.0666666666666667,0.057735026918962484,5.0,0.0,5.0,0.0,0.2999999999999545,0.39999999999997726,0.984807753012208,-0.1736481776669303,0.7071067811865476,-0.7071067811865475,1.0,5.0
2026-08-10 09:50:00,100.0,5.0,1.0,1015.0,27.5,28.1,1.0,1.1,1.0,5.0,5.0,5.0,1015.0,1014.8,1014.4,1.0,0.0,1.05,0.057735026918962595,5.0,0.0,5.0,0.0,0.6000000000000227,0.20000000000004547,0.984807753012208,-0.1736481776669303,0.7071067811865476,-0.7071067811865475,1.1,6.0
2026-08-10 10:20:00,90.0,6.0,1.1,1015.5,27.6,28.1,1.1,1.0,1.1,5.0,5.0,5.0,1015.3,1015.0,1014.8,1.1,0.0,1.05,0.057735026918962595,5.333333333333333,0.5773502691896258,5.166666666666667,0.40824829046386296,0.7000000000000455,0.5,1.0,6.123233995736766e-17,0.49999999999999994,-0.8660254037844387,1.0,5.0
2026-08-10 11:20:00,90.0,6.0,1.0,1016.0,27.8,28.1,1.0,1.0,1.1,6.0,5.0,6.0,1015.9,1015.8,1015.5,1.0,0.0,1.0,0.0,5.666666666666667,0.5773502691896258,5.5,0.5477225575051659,0.5,0.20000000000004547,1.0,6.123233995736766e-17,0.258819045102521,-0.9659258262890682,1.1,6.0
2026-08-10 12:20:00,90.0,5.0,1.1,1016.5,27.3,28.1,1.1,1.1,1.0,6.0,6.0,6.0,1016.4,1016.4,1016.0,1.1,0.0,1.1,0.0,5.666666666666667,0.5773502691896258,5.833333333333333,0.40824829046386296,0.5,0.10000000000002274,1.0,6.123233995736766e-17,1.2246467991473532e-16,-1.0,1.2,6.0
2026-08-10 13:50:00,90.0,6.0,1.2,1016.9,28.1,28.2,1.2,1.2,1.2,6.0,6.0,6.0,1016.7,1016.8,1016.7,1.2,0.0,1.2,0.0,6.0,0.0,6.333333333333333,0.516397779494322,0.1999999999999318,0.10000000000002274,1.0,6.123233995736766e-17,-0.2588190451025208,-0.9659258262890683,1.2,6.0
2026-08-10 14:20:00,90.0,6.0,1.2,1016.9,28.2,28.2,1.2,1.2,1.2,6.0,6.0,6.0,1016.9,1016.9,1016.8,1.2,0.0,1.2,0.0,6.0,0.0,6.0,0.0,0.10000000000002274,0.0,1.0,6.123233995736766e-17,-0.4999999999999997,-0.8660254037844388,1.3,7.0
2026-08-10 15:20:00,100.0,7.0,1.3,1016.7,28.1,28.3,1.3,1.3,1.2,8.0,7.0,6.0,1016.8,1017.0,1016.9,1.3,0.0,1.3,0.0,7.333333333333333,0.5773502691896258,6.833333333333333,0.7527726527090807,-0.1999999999999318,-0.2999999999999545,0.984807753012208,-0.1736481776669303,-0.7071067811865471,-0.7071067811865479,1.3,7.0
