timestamp,wind_dir,wind_speed,wave_height,pressure,air_temp,water_temp,wave_height_1h,wave_height_3h,wave_height_6h,wind_speed_1h,wind_speed_3h,wind_speed_6h,pressure_1h,pressure_3h,pressure_6h,wave_height_roll_mean_3h,wave_height_roll_std_3h,wave_height_roll_mean_6h,wave_height_roll_std_6h,wind_speed_roll_mean_3h,wind_speed_roll_std_3h,wind_speed_roll_mean_6h,wind_speed_roll_std_6h,pressure_drop_6h,pressure_drop_3h,wind_dir_sin,wind_dir_cos,hour_sin,hour_cos,target_wave_height_3h,target_wind_speed_3h
2026-06-26 01:20:00,80.0,3.0,0.3,1017.5,29.1,29.7,0.3,0.3,0.3,4.0,3.0,3.0,1017.3,1017.1,1016.9,0.3,0.0,0.3,0.0,3.6666666666666665,0.5773502691896257,3.3333333333333335,0.5163977794943223,0.6000000000000227,0.39999999999997726,0.984807753012208,0.17364817766693041,0.25881904510252074,0.9659258262890683,0.3,4.0
2026-06-26 01:50:00,80.0,4.0,0.3,1017.5,29.1,29.7,0.3,0.3,0.3,3.0,3.0,3.0,1017.5,1017.5,1017.1,0.3,0.0,0.3,0.0,3.6666666666666665,0.5773502691896257,3.6666666666666665,0.5163977794943226,0.39999999999997726,0.0,0.984807753012208,0.17364817766693041,0.25881904510252074,0.9659258262890683,0.3,4.0
2026-06-26 02:20:00,90.0,4.0,0.3,1017.8,29.1,29.7,0.3,0.3,0.3,4.0,4.0,3.0,1017.7,1017.5,1017.5,0.3,0.0,0.3,0.0,4.0,0.0,3.8333333333333335,0.4082482904638636,0.2999999999999545,0.2999999999999545,1.0,6.123233995736766e-17,0.49999999999999994,0.8660254037844387,0.3,4.0
2026-06-26 04:20:00,120.0,5.0,0.3,1018.1,29.2,29.7,0.3,0.3,0.3,5.0,5.0,4.0,1018.2,1018.1,1018.1,0.3,0.0,0.3,0.0,5.0,0.0,5.0,0.0,0.0,0.0,0.8660254037844387,-0.4999999999999998,0.8660254037844386,0.5000000000000001,0.3,5.0
2026-06-26 05:20:00,120.0,5.0,0.3,1018.1,29.2,,0.3,0.3,0.3,5.0,5.0,5.0,1018.0,1017.9,1018.1,0.3,0.0,0.3,0.0,5.0,0.0,5.0,0.0,0.0,0.20000000000004547,0.8660254037844387,-0.4999999999999998,0.9659258262890683,0.25881904510252074,0.3,5.0
2026-06-26 06:20:00,120.0,6.0,0.4,1017.4,29.2,29.5,0.4,0.3,0.3,6.0,5.0,5.0,1017.6,1017.9,1018.1,0.4,0.0,0.3666666666666667,0.05773502691896262,6.0,0.0,5.5,0.5477225575051659,-0.7000000000000455,-0.5,0.8660254037844387,-0.4999999999999998,1.0,6.123233995736766e-17,0.4,6.0
2026-06-26 07:20:00,130.0,6.0,0.4,1016.8,29.0,29.4,0.4,0.4,0.4,6.0,6.0,6.0,1017.0,1017.1,1017.4,0.4,0.0,0.4,0.0,5.666666666666667,0.5773502691896258,5.833333333333333,0.40824829046386296,-0.6000000000000227,-0.3000000000000682,0.766044443118978,-0.6427876096865394,0.9659258262890683,-0.25881904510252063,0.4,6.0
2026-06-26 08:20:00,120.0,5.0,0.4,1016.9,29.0,29.5,0.4,0.4,0.4,5.0,6.0,6.0,1016.8,1017.1,1016.8,0.4,0.0,0.4,0.0,5.0,0.0,5.2,0.44721359549995765,0.10000000000002274,-0.20000000000004547,0.8660254037844387,-0.4999999999999998,0.8660254037844387,-0.4999999999999998,0.4,4.0
2026-06-26 09:20:00,130.0,4.0,0.4,1017.2,29.0,29.4,0.4,0.4,0.4,4.0,4.0,5.0,1017.1,1017.3,1016.9,0.4,0.0,0.4,0.0,4.0,0.0,4.333333333333333,0.5163977794943221,0.3000000000000682,-0.09999999999990905,0.766044443118978,-0.6427876096865394,0.7071067811865476,-0.7071067811865475,0.4,5.0
2026-06-26 10:20:00,130.0,5.0,0.4,1017.8,29.0,29.4,0.4,0.4,0.4,5.0,5.0,4.0,1017.6,1017.3,1017.2,0.4,0.0,0.4,0.0,5.0,0.0,5.0,0.0,0.599999999999909,0.5,0.766044443118978,-0.6427876096865394,0.49999999999999994,-0.8660254037844387,0.4,5.0
2026-06-26 11:20:00,120.0,4.0,0.4,1018.1,28.9,29.4,0.4,0.4,0.4,5.0,5.0,5.0,1018.0,1017.9,1017.8,0.4,0.0,0.4,0.0,4.333333333333333,0.5773502691896258,4.666666666666667,0.5163977794943221,0.3000000000000682,0.20000000000004547,0.8660254037844387,-0.4999999999999998,0.258819045102521,-0.9659258262890682,0.4,4.0
2026-06-26 12:20:00,140.0,5.0,0.4,1018.7,29.0,29.4,0.4,0.4,0.4,5.0,4.0,4.0,1018.6,1018.4,1018.1,0.4,0.0,0.4,0.0,5.0,0.0,4.333333333333333,0.8164965809277259,0.6000000000000227,0.3000000000000682,0.6427876096865395,-0.7660444431189779,1.2246467991473532e-16,-1.0,0.4,5.0
2026-06-26 13:20:00,140.0,5.0,0.4,1019.5,29.3,29.4,0.4,0.4,0.4,5.0,5.0,5.0,1019.5,1019.3,1018.7,0.4,0.0,0.4,0.0,5.0,0.0,5.0,0.0,0.7999999999999545,0.20000000000004547,0.6427876096865395,-0.7660444431189779,-0.2588190451025208,-0.9659258262890683,0.5,4.0
2026-06-26 13:50:00,140.0,4.0,0.5,1019.7,29.3,29.4,0.5,0.4,0.4,5.0,5.0,5.0,1019.6,1019.5,1019.3,0.5,0.0,0.45000000000000007,0.05773502691896253,4.666666666666667,0.5773502691896258,4.833333333333333,0.40824829046386296,0.40000000000009095,0.20000000000004547,0.6427876096865395,-0.7660444431189779,-0.2588190451025208,-0.9659258262890683,0.4,5.0
2026-06-26 14:20:00,140.0,5.0,0.4,1019.8,29.2,29.4,0.4,0.5,0.4,5.0,4.0,5.0,1019.8,1019.7,1019.5,0.4,0.0,0.44999999999999996,0.05773502691896253,5.0,0.0,4.833333333333333,0.40824829046386296,0.2999999999999545,0.09999999999990905,0.6427876096865395,-0.7660444431189779,-0.4999999999999997,-0.8660254037844388,0.5,5.0
2026-06-26 15:50:00,150.0,4.0,0.5,1020.2,29.3,29.5,0.5,0.5,0.5,4.0,4.0,5.0,1020.1,1020.1,1020.0,0.5,0.0,0.5,0.0,4.0,0.0,4.0,0.0,0.20000000000004547,0.10000000000002274,0.49999999999999994,-0.8660254037844387,-0.7071067811865471,-0.7071067811865479,0.5,3.0
2026-06-26 16:20:00,140.0,3.0,0.5,1020.4,29.5,29.5,0.5,0.5,0.5,3.0,4.0,4.0,1020.4,1020.2,1020.1,0.5,0.0,0.5,0.0,3.3333333333333335,0.5773502691896257,3.6666666666666665,0.5163977794943223,0.2999999999999545,0.1999999999999318,0.6427876096865395,-0.7660444431189779,-0.8660254037844385,-0.5000000000000004,0.5,3.0
2026-06-26 17:20:00,150.0,3.0,0.5,1020.3,29.5,29.6,0.5,0.5,0.5,3.0,3.0,3.0,1020.3,1020.3,1020.4,0.5,0.0,0.5,0.0,3.0,0.0,3.0,0.0,-0.10000000000002274,0.0,0.49999999999999994,-0.8660254037844387,-0.9659258262890683,-0.25881904510252063,0.5,3.0
2026-06-26 17:50:00,140.0,3.0,0.5,1019.9,29.5,29.6,0.5,0.5,0.5,3.0,3.0,3.0,1020.1,1020.3,1020.3,0.5,0.0,0.5,0.0,3.0,0.0,3.0,0.0,-0.39999999999997726,-0.39999999999997726,0.6427876096865395,-0.7660444431189779,-0.9659258262890683,-0.25881904510252063,0.5,3.0
2026-06-26 18:20:00,140.0,3.0,0.5,1019.7,29.5,29.7,0.5,0.5,0.5,3.0,3.0,3.0,1019.8,1019.9,1020.3,0.5,0.0,0.5,0.0,3.0,0.0,3.0,0.0,-0.599999999999909,-0.1999999999999318,0.6427876096865395,-0.7660444431189779,-1.0,-1.8369701987210297e-16,0.5,3.0
2026-06-26 18:50:00,140.0,3.0,0.5,1019.4,29.4,,0.5,0.5,0.5,3.0,3.0,3.0,1019.6,1019.7,1019.9,0.5,0.0,0.5,0.0,3.0,0.0,3.0,0.0,-0.5,-0.3000000000000682,0.6427876096865395,-0.7660444431189779,-1.0,-1.8369701987210297e-16,0.4,3.0
2026-06-26 19:20:00,150.0,3.0,0.4,1019.2,29.5,30.0,0.4,0.5,0.5,3.0,3.0,3.0,1019.4,1019.4,1019.7,0.4,0.0,0.45,0.05773502691896253,3.0,0.0,3.0,0.0,-0.5,-0.1999999999999318,0.49999999999999994,-0.8660254037844387,-0.9659258262890684,0.2588190451025203,0.4,3.0
2026-06-26 20:20:00,130.0,3.0,0.4,1019.2,29.5,30.0,0.4,0.4,0.4,3.0,3.0,3.0,1019.3,1019.3,1019.2,0.4,0.0,0.4,0.0,3.0,0.0,3.0,0.0,0.0,-0.09999999999990905,0.766044443118978,-0.6427876096865394,-0.8660254037844386,0.5000000000000001,0.4,3.0
2026-06-26 21:20:00,130.0,3.0,0.4,1018.9,29.7,30.1,0.4,0.4,0.4,3.0,3.0,3.0,1019.0,1018.9,1019.2,0.4,0.0,0.4,0.0,3.0,0.0,3.0,0.0,-0.3000000000000682,0.0,0.766044443118978,-0.6427876096865394,-0.7071067811865477,0.7071067811865474,0.4,3.0
2026-06-26 21:50:00,130.0,3.0,0.4,1018.8,29.7,30.1,0.4,0.4,0.4,3.0,3.0,3.0,1018.9,1018.9,1018.9,0.4,0.0,0.4,0.0,3.3333333333333335,0.5773502691896257,3.1666666666666665,0.408248290463863,-0.10000000000002274,-0.10000000000002274,0.766044443118978,-0.6427876096865394,-0.7071067811865477,0.7071067811865474,0.4,3.0
2026-06-26 22:20:00,110.0,3.0,0.4,1018.6,29.6,30.1,0.4,0.4,0.4,3.0,3.0,3.0,1018.6,1018.8,1018.9,0.4,0.0,0.4,0.0,3.0,0.0,3.1666666666666665,0.408248290463863,-0.2999999999999545,-0.1999999999999318,0.9396926207859084,-0.3420201433256687,-0.5000000000000004,0.8660254037844384,0.4,3.0
2026-06-27 01:20:00,90.0,4.0,0.5,1019.1,29.4,29.8,0.5,0.4,0.4,4.0,4.0,5.0,1019.0,1018.9,1018.7,0.5,0.0,0.4666666666666666,0.05773502691896256,4.0,0.0,4.0,0.0,0.39999999999997726,0.20000000000004547,1.0,6.123233995736766e-17,0.25881904510252074,0.9659258262890683,0.4,5.0
2026-06-27 02:20:00,110.0,6.0,0.5,1019.2,29.3,29.7,0.5,0.4,0.5,5.0,5.0,4.0,1019.2,1019.2,1019.1,0.5,0.0,0.4666666666666666,0.05773502691896256,5.333333333333333,0.5773502691896258,5.166666666666667,0.40824829046386296,0.10000000000002274,0.0,0.9396926207859084,-0.3420201433256687,0.49999999999999994,0.8660254037844387,0.5,6.0
2026-06-27 02:50:00,110.0,6.0,0.5,1019.2,29.3,29.7,0.5,0.5,0.4,5.0,6.0,5.0,1019.2,1019.2,1019.2,0.5,0.0,0.5,0.0,5.333333333333333,0.5773502691896258,5.333333333333333,0.5163977794943221,0.0,0.0,0.9396926207859084,-0.3420201433256687,0.49999999999999994,0.8660254037844387,0.5,5.0
2026-06-27 03:20:00,110.0,5.0,0.5,1019.4,29.3,29.6,0.5,0.5,0.5,5.0,6.0,6.0,1019.4,1019.2,1019.2,0.5,0.0,0.5,0.0,5.0,0.0,5.166666666666667,0.4082482904638632,0.1999999999999318,0.1999999999999318,0.9396926207859084,-0.3420201433256687,0.7071067811865476,0.7071067811865476,0.5,5.0
2026-06-27 03:50:00,110.0,5.0,0.5,1019.5,29.4,29.6,0.5,0.5,0.5,5.0,5.0,6.0,1019.5,1019.4,1019.2,0.5,0.0,0.5,0.0,5.0,0.0,5.0,0.0,0.2999999999999545,0.10000000000002274,0.9396926207859084,-0.3420201433256687,0.7071067811865476,0.7071067811865476,0.5,6.0
2026-06-27 04:20:00,110.0,6.0,0.5,1019.5,29.4,29.6,0.5,0.5,0.5,6.0,5.0,5.0,1019.4,1019.5,1019.4,0.5,0.0,0.5,0.0,6.0,0.0,5.5,0.5477225575051659,0.10000000000002274,0.0,0.9396926207859084,-0.3420201433256687,0.8660254037844386,0.5000000000000001,0.5,5.0
2026-06-27 05:20:00,110.0,6.0,0.5,1019.2,29.3,29.6,0.5,0.5,0.5,6.0,5.0,6.0,1019.1,1019.4,1019.5,0.5,0.0,0.5,0.0,5.666666666666667,0.5773502691896258,5.5,0.5477225575051659,-0.2999999999999545,-0.1999999999999318,0.9396926207859084,-0.3420201433256687,0.9659258262890683,0.25881904510252074,0.5,6.0
2026-06-27 05:50:00,120.0,6.0,0.5,1018.9,29.4,29.5,0.5,0.5,0.5,6.0,6.0,5.0,1018.9,1019.2,1019.4,0.5,0.0,0.5,0.0,6.0,0.0,5.833333333333333,0.4082482904638632,-0.5,-0.3000000000000682,0.8660254037844387,-0.4999999999999998,0.9659258262890683,0.25881904510252074,0.5,7.0
2026-06-27 06:20:00,130.0,7.0,0.5,1018.4,29.3,29.5,0.5,0.5,0.5,6.0,6.0,6.0,1018.7,1018.9,1019.2,0.5,0.0,0.5,0.0,6.333333333333333,0.5773502691896258,6.166666666666667,0.40824829046386296,-0.8000000000000682,-0.5,0.766044443118978,-0.6427876096865394,1.0,6.123233995736766e-17,0.6,7.0
2026-06-27 07:50:00,140.0,6.0,0.6,1017.6,29.1,29.5,0.6,0.6,0.6,7.0,7.0,7.0,1017.9,1017.9,1018.1,0.6,0.0,0.6,0.0,6.666666666666667,0.5773502691896258,6.833333333333333,0.40824829046386296,-0.5,-0.2999999999999545,0.6427876096865395,-0.7660444431189779,0.9659258262890683,-0.25881904510252063,0.6,6.0
2026-06-27 08:50:00,130.0,5.0,0.6,1017.8,29.0,29.5,0.6,0.6,0.6,6.0,6.0,6.0,1017.6,1017.6,1017.6,0.6,0.0,0.6,0.0,5.333333333333333,0.5773502691896258,5.666666666666667,0.5163977794943232,0.1999999999999318,0.1999999999999318,0.766044443118978,-0.6427876096865394,0.8660254037844387,-0.4999999999999998,0.6,5.0
2026-06-27 09:20:00,140.0,5.0,0.6,1017.8,29.0,29.5,0.6,0.6,0.6,4.0,5.0,6.0,1017.8,1017.8,1017.6,0.6,0.0,0.6,0.0,4.333333333333333,0.5773502691896258,4.833333333333333,0.7527726527090824,0.1999999999999318,0.0,0.6427876096865395,-0.7660444431189779,0.7071067811865476,-0.7071067811865475,0.6,5.0
2026-06-27 10:20:00,140.0,5.0,0.6,1018.2,29.0,29.5,0.6,0.6,0.6,5.0,5.0,5.0,1018.1,1018.0,1017.8,0.6,0.0,0.6,0.0,5.0,0.0,5.0,0.0,0.40000000000009095,0.20000000000004547,0.6427876096865395,-0.7660444431189779,0.49999999999999994,-0.8660254037844387,0.5,5.0
2026-06-27 11:20:00,130.0,5.0,0.6,1018.9,29.1,29.5,0.6,0.5,0.6,5.0,5.0,5.0,1018.8,1018.5,1018.2,0.6,0.0,0.5666666666666668,0.05773502691896256,5.0,0.0,5.0,0.0,0.6999999999999318,0.39999999999997726,0.766044443118978,-0.6427876096865394,0.258819045102521,-0.9659258262890682,0.5,5.0
2026-06-27 12:20:00,140.0,5.0,0.6,1019.3,29.2,29.5,0.6,0.5,0.6,5.0,5.0,5.0,1019.2,1019.2,1018.9,0.6,0.0,0.5666666666666668,0.05773502691896256,5.0,0.0,4.666666666666667,0.5163977794943221,0.39999999999997726,0.09999999999990905,0.6427876096865395,-0.7660444431189779,1.2246467991473532e-16,-1.0,0.5,6.0
2026-06-27 13:20:00,150.0,5.0,0.5,1019.7,29.2,29.4,0.5,0.5,0.6,5.0,6.0,5.0,1019.7,1019.6,1019.3,0.5,0.0,0.5,0.0,5.0,0.0,5.333333333333333,0.5163977794943221,0.40000000000009095,0.10000000000002274,0.49999999999999994,-0.8660254037844387,-0.2588190451025208,-0.9659258262890683,0.6,4.0
2026-06-27 14:20:00,130.0,4.0,0.5,1020.2,29.4,29.4,0.5,0.6,0.5,4.0,4.0,5.0,1020.1,1019.7,1019.7,0.5,0.0,0.5333333333333333,0.05773502691896256,4.0,0.0,4.333333333333333,0.5163977794943221,0.5,0.5,0.766044443118978,-0.6427876096865394,-0.4999999999999997,-0.8660254037844388,0.5,4.0
2026-06-27 15:20:00,130.0,3.0,0.5,1020.6,29.4,29.4,0.5,0.5,0.5,3.0,4.0,4.0,1020.6,1020.3,1020.2,0.5,0.0,0.5,0.0,3.3333333333333335,0.5773502691896257,3.6666666666666665,0.5163977794943223,0.39999999999997726,0.3000000000000682,0.766044443118978,-0.6427876096865394,-0.7071067811865471,-0.7071067811865479,0.5,3.0
2026-06-27 16:20:00,120.0,3.0,0.5,1020.5,29.4,29.5,0.5,0.5,0.5,3.0,3.0,3.0,1020.5,1020.5,1020.6,0.5,0.0,0.5,0.0,3.3333333333333335,0.5773502691896257,3.1666666666666665,0.408248290463863,-0.10000000000002274,0.0,0.8660254037844387,-0.4999999999999998,-0.8660254037844385,-0.5000000000000004,0.5,3.0
2026-06-27 16:50:00,130.0,3.0,0.5,1020.3,29.4,29.6,0.5,0.5,0.5,4.0,3.0,3.0,1020.4,1020.5,1020.5,0.5,0.0,0.5,0.0,3.3333333333333335,0.5773502691896257,3.3333333333333335,0.5163977794943223,-0.20000000000004547,-0.20000000000004547,0.766044443118978,-0.6427876096865394,-0.8660254037844385,-0.5000000000000004,0.4,3.0
2026-06-27 17:20:00,120.0,3.0,0.4,1020.4,29.4,29.7,0.4,0.5,0.5,3.0,3.0,3.0,1020.4,1020.3,1020.5,0.4,0.0,0.45,0.05773502691896253,3.0,0.0,3.1666666666666665,0.408248290463863,-0.10000000000002274,0.10000000000002274,0.8660254037844387,-0.4999999999999998,-0.9659258262890683,-0.25881904510252063,0.4,3.0
2026-06-27 17:50:00,120.0,3.0,0.4,1020.3,29.5,29.7,0.4,0.4,0.5,2.0,3.0,3.0,1020.3,1020.4,1020.3,0.4,0.0,0.4,0.0,2.6666666666666665,0.5773502691896257,2.8333333333333335,0.408248290463863,0.0,-0.10000000000002274,0.8660254037844387,-0.4999999999999998,-0.9659258262890683,-0.25881904510252063,0.4,3.0
2026-06-27 18:20:00,120.0,3.0,0.4,1020.1,29.5,29.8,0.4,0.4,0.4,3.0,3.0,3.0,1020.1,1020.3,1020.4,0.4,0.0,0.4,0.0,3.0,0.0,2.8333333333333335,0.408248290463863,-0.2999999999999545,-0.1999999999999318,0.8660254037844387,-0.4999999999999998,-1.0,-1.8369701987210297e-16,0.4,3.0
2026-06-27 19:20:00,100.0,3.0,0.4,1019.4,29.5,30.0,0.4,0.4,0.4,3.0,3.0,3.0,1019.5,1019.8,1020.1,0.4,0.0,0.4,0.0,3.0,0.0,3.0,0.0,-0.7000000000000455,-0.39999999999997726,0.984807753012208,-0.1736481776669303,-0.9659258262890684,0.2588190451025203,0.4,3.0
2026-06-27 19:50:00,80.0,3.0,0.4,1019.0,29.5,30.0,0.4,0.4,0.4,3.0,3.0,3.0,1019.2,1019.4,1019.8,0.4,0.0,0.4,0.0,3.0,0.0,3.0,0.0,-0.7999999999999545,-0.39999999999997726,0.984807753012208,0.17364817766693041,-0.9659258262890684,0.2588190451025203,0.4,4.0
2026-06-27 20:20:00,80.0,4.0,0.4,1019.0,29.4,29.8,0.4,0.4,0.4,3.0,3.0,3.0,1019.0,1019.0,1019.4,0.4,0.0,0.4,0.0,3.3333333333333335,0.5773502691896257,3.1666666666666665,0.408248290463863,-0.39999999999997726,0.0,0.984807753012208,0.17364817766693041,-0.8660254037844386,0.5000000000000001,0.4,4.0
2026-06-27 22:20:00,100.0,4.0,0.4,1018.3,29.6,30.0,0.4,0.4,0.4,4.0,4.0,4.0,1018.2,1018.4,1018.7,0.4,0.0,0.4,0.0,4.0,0.0,4.0,0.0,-0.40000000000009095,-0.10000000000002274,0.984807753012208,-0.1736481776669303,-0.5000000000000004,0.8660254037844384,0.4,4.0
2026-06-28 02:20:00,100.0,6.0,0.4,1018.6,29.5,29.7,0.4,0.4,0.4,5.0,5.0,5.0,1018.5,1018.5,1018.3,0.4,0.0,0.4,0.0,5.333333333333333,0.5773502691896258,5.166666666666667,0.40824829046386296,0.3000000000000682,0.10000000000002274,0.984807753012208,-0.1736481776669303,0.49999999999999994,0.8660254037844387,0.4,5.0
2026-06-28 03:20:00,110.0,5.0,0.4,1018.7,29.4,,0.4,0.4,0.4,6.0,5.0,6.0,1018.7,1018.6,1018.6,0.4,0.0,0.4,0.0,5.666666666666667,0.5773502691896258,5.5,0.5477225575051659,0.10000000000002274,0.10000000000002274,0.9396926207859084,-0.3420201433256687,0.7071067811865476,0.7071067811865476,0.4,5.0
2026-06-28 04:20:00,100.0,6.0,0.5,1018.6,29.4,29.6,0.5,0.4,0.4,6.0,5.0,5.0,1018.7,1018.9,1018.7,0.5,0.0,0.4666666666666666,0.05773502691896256,5.666666666666667,0.5773502691896258,5.333333333333333,0.5163977794943221,-0.10000000000002274,-0.2999999999999545,0.984807753012208,-0.1736481776669303,0.8660254037844386,0.5000000000000001,0.5,6.0
2026-06-28 05:20:00,120.0,6.0,0.5,1018.2,29.4,29.6,0.5,0.5,0.5,6.0,6.0,6.0,1018.3,1018.4,1018.6,0.5,0.0,0.5,0.0,6.0,0.0,6.0,0.0,-0.39999999999997726,-0.1999999999999318,0.8660254037844387,-0.4999999999999998,0.9659258262890683,0.25881904510252074,0.5,5.0
2026-06-28 06:20:00,120.0,6.0,0.5,1017.6,29.2,29.6,0.5,0.5,0.5,6.0,5.0,6.0,1017.8,1018.0,1018.2,0.5,0.0,0.5,0.0,6.0,0.0,5.833333333333333,0.40824829046386296,-0.6000000000000227,-0.39999999999997726,0.8660254037844387,-0.4999999999999998,1.0,6.123233995736766e-17,0.5,5.0
2026-06-28 07:50:00,130.0,5.0,0.5,1016.7,29.1,29.5,0.5,0.5,0.5,5.0,6.0,5.0,1016.6,1016.8,1017.3,0.5,0.0,0.5,0.0,5.0,0.0,5.2,0.44721359549995765,-0.599999999999909,-0.09999999999990905,0.766044443118978,-0.6427876096865394,0.9659258262890683,-0.25881904510252063,0.5,5.0
2026-06-28 09:20:00,150.0,5.0,0.5,1016.2,29.0,29.5,0.5,0.5,0.5,5.0,5.0,5.0,1016.2,1016.3,1016.6,0.5,0.0,0.5,0.0,5.0,0.0,5.0,0.0,-0.39999999999997726,-0.09999999999990905,0.49999999999999994,-0.8660254037844387,0.7071067811865476,-0.7071067811865475,0.5,4.0
2026-06-28 10:20:00,130.0,4.0,0.5,1016.8,29.0,29.5,0.5,0.5,0.5,4.0,4.0,5.0,1016.6,1016.5,1016.2,0.5,0.0,0.5,0.0,4.0,0.0,4.0,0.0,0.599999999999909,0.2999999999999545,0.766044443118978,-0.6427876096865394,0.49999999999999994,-0.8660254037844387,0.5,4.0
2026-06-28 11:20:00,140.0,4.0,0.5,1016.8,28.9,29.5,0.5,0.5,0.5,4.0,4.0,4.0,1016.9,1016.7,1016.8,0.5,0.0,0.5,0.0,4.0,0.0,4.0,0.0,0.0,0.09999999999990905,0.6427876096865395,-0.7660444431189779,0.258819045102521,-0.9659258262890682,0.5,4.0
2026-06-28 11:50:00,130.0,4.0,0.5,1016.8,28.9,29.5,0.5,0.5,0.5,4.0,4.0,4.0,1016.8,1016.8,1016.7,0.5,0.0,0.5,0.0,4.0,0.0,4.0,0.0,0.09999999999990905,0.0,0.766044443118978,-0.6427876096865394,0.258819045102521,-0.9659258262890682,0.5,4.0
2026-06-28 12:20:00,130.0,4.0,0.5,1017.2,29.1,29.5,0.5,0.5,0.5,4.0,4.0,4.0,1017.0,1016.8,1016.8,0.5,0.0,0.5,0.0,4.0,0.0,4.0,0.0,0.40000000000009095,0.40000000000009095,0.766044443118978,-0.6427876096865394,1.2246467991473532e-16,-1.0,0.5,4.0
2026-06-28 13:20:00,110.0,3.0,0.4,1017.9,29.4,29.5,0.4,0.5,0.5,3.0,4.0,4.0,1017.9,1017.4,1017.2,0.4,0.0,0.43333333333333335,0.05773502691896256,3.0,0.0,3.5,0.5477225575051664,0.6999999999999318,0.5,0.9396926207859084,-0.3420201433256687,-0.2588190451025208,-0.9659258262890683,0.4,3.0
2026-06-28 14:20:00,100.0,4.0,0.4,1018.3,29.3,29.5,0.4,0.4,0.4,4.0,3.0,3.0,1018.3,1018.1,1017.9,0.4,0.0,0.4,0.0,3.6666666666666665,0.5773502691896257,3.3333333333333335,0.5163977794943223,0.39999999999997726,0.1999999999999318,0.984807753012208,-0.1736481776669303,-0.4999999999999997,-0.8660254037844388,0.4,4.0
2026-06-28 15:20:00,110.0,4.0,0.4,1018.5,29.2,29.5,0.4,0.4,0.4,4.0,4.0,4.0,1018.5,1018.4,1018.3,0.4,0.0,0.4,0.0,4.0,0.0,4.0,0.0,0.20000000000004547,0.10000000000002274,0.9396926207859084,-0.3420201433256687,-0.7071067811865471,-0.7071067811865479,0.4,4.0
2026-06-28 15:50:00,110.0,4.0,0.4,1018.7,29.3,29.5,0.4,0.4,0.4,4.0,4.0,4.0,1018.6,1018.5,1018.4,0.4,0.0,0.4,0.0,4.0,0.0,4.0,0.0,0.3000000000000682,0.20000000000004547,0.9396926207859084,-0.3420201433256687,-0.7071067811865471,-0.7071067811865479,0.4,4.0
2026-06-28 16:20:00,110.0,4.0,0.4,1018.7,29.3,29.6,0.4,0.4,0.4,4.0,4.0,4.0,1018.7,1018.7,1018.5,0.4,0.0,0.4,0.0,4.0,0.0,4.0,0.0,0.20000000000004547,0.0,0.9396926207859084,-0.3420201433256687,-0.8660254037844385,-0.5000000000000004,0.4,4.0
2026-06-28 18:20:00,110.0,4.0,0.4,1018.6,29.4,29.8,0.4,0.4,0.4,3.0,4.0,4.0,1018.7,1018.7,1018.8,0.4,0.0,0.4,0.0,3.6666666666666665,0.5773502691896257,3.8,0.44721359549995787,-0.1999999999999318,-0.10000000000002274,0.9396926207859084,-0.3420201433256687,-1.0,-1.8369701987210297e-16,0.4,4.0
2026-06-28 19:20:00,120.0,4.0,0.4,1018.2,29.5,30.0,0.4,0.4,0.4,4.0,4.0,4.0,1018.4,1018.5,1018.6,0.4,0.0,0.4,0.0,4.0,0.0,4.0,0.0,-0.39999999999997726,-0.2999999999999545,0.8660254037844387,-0.4999999999999998,-0.9659258262890684,0.2588190451025203,0.4,4.0
2026-06-28 20:20:00,110.0,3.0,0.4,1017.7,29.5,30.0,0.4,0.4,0.4,3.0,4.0,4.0,1017.9,1018.0,1018.2,0.4,0.0,0.4,0.0,3.3333333333333335,0.5773502691896257,3.6666666666666665,0.5163977794943223,-0.5,-0.2999999999999545,0.9396926207859084,-0.3420201433256687,-0.8660254037844386,0.5000000000000001,0.4,3.0
2026-06-28 21:20:00,90.0,3.0,0.4,1017.2,29.5,30.1,0.4,0.4,0.4,3.0,3.0,3.0,1017.3,1017.6,1017.7,0.4,0.0,0.4,0.0,3.0,0.0,3.1666666666666665,0.4082482904638636,-0.5,-0.39999999999997726,1.0,6.123233995736766e-17,-0.7071067811865477,0.7071067811865474,0.4,3.0
2026-06-28 22:20:00,90.0,4.0,0.4,1016.8,29.6,30.1,0.4,0.4,0.4,3.0,3.0,3.0,1016.9,1017.1,1017.2,0.4,0.0,0.4,0.0,3.3333333333333335,0.5773502691896257,3.1666666666666665,0.408248290463863,-0.40000000000009095,-0.3000000000000682,1.0,6.123233995736766e-17,-0.5000000000000004,0.8660254037844384,0.4,4.0
2026-06-29 01:50:00,80.0,5.0,0.4,1016.6,29.3,29.7,0.4,0.4,0.4,5.0,5.0,5.0,1016.7,1016.6,1016.4,0.4,0.0,0.4,0.0,5.0,0.0,5.0,0.0,0.20000000000004547,0.0,0.984807753012208,0.17364817766693041,0.25881904510252074,0.9659258262890683,0.4,5.0
2026-06-29 02:20:00,90.0,5.0,0.4,1016.8,29.3,29.7,0.4,0.4,0.4,5.0,5.0,5.0,1016.8,1016.6,1016.6,0.4,0.0,0.4,0.0,5.0,0.0,5.0,0.0,0.1999999999999318,0.1999999999999318,1.0,6.123233995736766e-17,0.49999999999999994,0.8660254037844387,0.4,5.0
2026-06-29 03:20:00,100.0,5.0,0.4,1017.0,29.3,29.6,0.4,0.4,0.4,5.0,5.0,5.0,1016.9,1016.9,1016.8,0.4,0.0,0.4,0.0,5.0,0.0,5.0,0.0,0.20000000000004547,0.10000000000002274,0.984807753012208,-0.1736481776669303,0.7071067811865476,0.7071067811865476,0.4,5.0
2026-06-29 04:20:00,110.0,5.0,0.4,1017.3,29.2,29.6,0.4,0.4,0.4,5.0,5.0,5.0,1017.2,1017.2,1017.0,0.4,0.0,0.4,0.0,5.0,0.0,5.0,0.0,0.2999999999999545,0.09999999999990905,0.9396926207859084,-0.3420201433256687,0.8660254037844386,0.5000000000000001,0.4,5.0
2026-06-29 04:50:00,100.0,5.0,0.4,1017.1,29.2,29.6,0.4,0.4,0.4,5.0,5.0,5.0,1017.1,1017.3,1017.2,0.4,0.0,0.4,0.0,5.0,0.0,5.0,0.0,-0.10000000000002274,-0.1999999999999318,0.984807753012208,-0.1736481776669303,0.8660254037844386,0.5000000000000001,0.4,5.0
2026-06-29 05:20:00,110.0,5.0,0.4,1016.8,29.2,29.6,0.4,0.4,0.4,5.0,5.0,5.0,1017.0,1017.1,1017.3,0.4,0.0,0.4,0.0,5.0,0.0,5.0,0.0,-0.5,-0.3000000000000682,0.9396926207859084,-0.3420201433256687,0.9659258262890683,0.25881904510252074,0.4,5.0
2026-06-29 05:50:00,110.0,5.0,0.4,1016.5,29.2,29.6,0.4,0.4,0.4,5.0,5.0,5.0,1016.6,1016.8,1017.1,0.4,0.0,0.4,0.0,5.0,0.0,5.0,0.0,-0.6000000000000227,-0.2999999999999545,0.9396926207859084,-0.3420201433256687,0.9659258262890683,0.25881904510252074,0.4,4.0
2026-06-29 06:20:00,100.0,4.0,0.4,1016.4,29.1,29.6,0.4,0.4,0.4,4.0,5.0,5.0,1016.4,1016.5,1016.8,0.4,0.0,0.4,0.0,4.0,0.0,4.5,0.5477225575051659,-0.39999999999997726,-0.10000000000002274,0.984807753012208,-0.1736481776669303,1.0,6.123233995736766e-17,0.4,4.0
2026-06-29 07:50:00,110.0,5.0,0.4,1016.0,29.0,29.5,0.4,0.4,0.4,4.0,4.0,4.0,1016.0,1016.2,1016.2,0.4,0.0,0.4,0.0,4.333333333333333,0.5773502691896258,4.2,0.44721359549995787,-0.20000000000004547,-0.20000000000004547,0.9396926207859084,-0.3420201433256687,0.9659258262890683,-0.25881904510252063,0.4,4.0
2026-06-29 08:20:00,110.0,4.0,0.4,1016.1,28.9,29.5,0.4,0.4,0.4,5.0,5.0,4.0,1016.0,1016.0,1016.2,0.4,0.0,0.4,0.0,4.666666666666667,0.5773502691896258,4.5,0.547722557505166,-0.10000000000002274,0.10000000000002274,0.9396926207859084,-0.3420201433256687,0.8660254037844387,-0.4999999999999998,0.4,5.0
2026-06-29 08:50:00,130.0,5.0,0.4,1016.1,28.9,29.5,0.4,0.4,0.4,4.0,4.0,5.0,1016.2,1016.1,1016.0,0.4,0.0,0.4,0.0,4.666666666666667,0.5773502691896258,4.666666666666667,0.5163977794943222,0.10000000000002274,0.0,0.766044443118978,-0.6427876096865394,0.8660254037844387,-0.4999999999999998,0.5,4.0
2026-06-29 09:20:00,140.0,4.0,0.5,1016.2,29.0,,0.5,0.4,0.4,4.0,5.0,4.0,1016.1,1016.1,1016.1,0.5,0.0,0.45000000000000007,0.05773502691896253,4.0,0.0,4.333333333333333,0.5163977794943222,0.10000000000002274,0.10000000000002274,0.6427876096865395,-0.7660444431189779,0.7071067811865476,-0.7071067811865475,0.4,4.0
2026-06-29 10:20:00,130.0,4.0,0.4,1016.5,29.0,29.5,0.4,0.4,0.5,4.0,4.0,4.0,1016.4,1016.2,1016.2,0.4,0.0,0.4,0.0,4.0,0.0,4.0,0.0,0.2999999999999545,0.2999999999999545,0.766044443118978,-0.6427876096865394,0.49999999999999994,-0.8660254037844387,0.4,2.0
2026-06-29 10:50:00,140.0,2.0,0.4,1016.7,28.7,29.5,0.4,0.4,0.4,3.0,4.0,4.0,1016.6,1016.5,1016.2,0.4,0.0,0.4,0.0,3.0,0.9999999999999999,3.5,0.8366600265340756,0.5,0.20000000000004547,0.6427876096865395,-0.7660444431189779,0.49999999999999994,-0.8660254037844387,0.4,4.0
2026-06-29 11:20:00,120.0,4.0,0.4,1016.9,28.9,29.5,0.4,0.4,0.4,3.0,2.0,4.0,1016.8,1016.7,1016.5,0.4,0.0,0.4,0.0,3.3333333333333335,0.5773502691896257,3.1666666666666665,0.752772652709081,0.39999999999997726,0.1999999999999318,0.8660254037844387,-0.4999999999999998,0.258819045102521,-0.9659258262890682,0.4,4.0
2026-06-29 12:20:00,110.0,3.0,0.4,1017.3,29.2,29.5,0.4,0.4,0.4,3.0,4.0,4.0,1017.3,1017.1,1016.9,0.4,0.0,0.4,0.0,3.0,0.0,3.5,0.5477225575051663,0.39999999999997726,0.1999999999999318,0.9396926207859084,-0.3420201433256687,1.2246467991473532e-16,-1.0,0.4,3.0
2026-06-29 13:20:00,100.0,3.0,0.4,1018.1,29.5,29.5,0.4,0.4,0.4,2.0,3.0,3.0,1018.0,1017.7,1017.3,0.4,0.0,0.4,0.0,2.6666666666666665,0.5773502691896257,2.8333333333333335,0.408248290463863,0.8000000000000682,0.39999999999997726,0.984807753012208,-0.1736481776669303,-0.2588190451025208,-0.9659258262890683,0.5,3.0
2026-06-29 13:50:00,70.0,3.0,0.5,1018.3,29.5,29.5,0.5,0.4,0.4,3.0,3.0,3.0,1018.3,1018.1,1017.7,0.5,0.0,0.45000000000000007,0.05773502691896253,3.0,0.0,2.8333333333333335,0.408248290463863,0.599999999999909,0.1999999999999318,0.9396926207859083,0.3420201433256688,-0.2588190451025208,-0.9659258262890683,0.4,3.0
2026-06-29 14:20:00,80.0,3.0,0.4,1018.1,29.4,29.5,0.4,0.5,0.4,3.0,3.0,3.0,1018.3,1018.3,1018.1,0.4,0.0,0.44999999999999996,0.05773502691896253,3.0,0.0,3.0,0.0,0.0,-0.1999999999999318,0.984807753012208,0.17364817766693041,-0.4999999999999997,-0.8660254037844388,0.4,3.0
2026-06-29 15:20:00,70.0,4.0,0.4,1018.7,29.4,29.6,0.4,0.4,0.4,4.0,3.0,3.0,1018.6,1018.4,1018.1,0.4,0.0,0.4,0.0,3.6666666666666665,0.5773502691896257,3.3333333333333335,0.5163977794943223,0.6000000000000227,0.3000000000000682,0.9396926207859083,0.3420201433256688,-0.7071067811865471,-0.7071067811865479,0.4,4.0
2026-06-29 16:20:00,70.0,5.0,0.4,1018.8,29.4,29.7,0.4,0.4,0.4,5.0,4.0,4.0,1018.8,1018.8,1018.7,0.4,0.0,0.4,0.0,4.666666666666667,0.5773502691896258,4.333333333333333,0.5163977794943221,0.09999999999990905,0.0,0.9396926207859083,0.3420201433256688,-0.8660254037844385,-0.5000000000000004,0.4,5.0
2026-06-29 17:20:00,70.0,5.0,0.4,1018.9,29.5,29.7,0.4,0.4,0.4,5.0,5.0,5.0,1018.9,1018.9,1018.8,0.4,0.0,0.4,0.0,5.0,0.0,5.0,0.0,0.10000000000002274,0.0,0.9396926207859083,0.3420201433256688,-0.9659258262890683,-0.25881904510252063,0.4,5.0
2026-06-29 17:50:00,70.0,5.0,0.4,1018.9,29.4,29.7,0.4,0.4,0.4,5.0,5.0,5.0,1018.9,1018.9,1018.9,0.4,0.0,0.4,0.0,5.0,0.0,5.0,0.0,0.0,0.0,0.9396926207859083,0.3420201433256688,-0.9659258262890683,-0.25881904510252063,0.4,5.0
2026-06-29 18:20:00,80.0,5.0,0.4,1018.7,29.4,29.7,0.4,0.4,0.4,5.0,5.0,5.0,1018.8,1018.9,1018.9,0.4,0.0,0.4,0.0,5.0,0.0,5.0,0.0,-0.1999999999999318,-0.1999999999999318,0.984807753012208,0.17364817766693041,-1.0,-1.8369701987210297e-16,0.4,5.0
2026-06-29 19:20:00,90.0,5.0,0.4,1017.7,29.6,29.9,0.4,0.4,0.4,5.0,5.0,5.0,1018.2,1018.7,1018.7,0.4,0.0,0.4,0.0,5.0,0.0,5.333333333333333,0.5163977794943221,-1.0,-1.0,1.0,6.123233995736766e-17,-0.9659258262890684,0.2588190451025203,0.4,5.0
2026-06-29 20:20:00,70.0,5.0,0.4,1017.6,29.6,29.9,0.4,0.4,0.4,5.0,5.0,5.0,1017.6,1017.9,1017.7,0.4,0.0,0.4,0.0,5.0,0.0,5.0,0.0,-0.10000000000002274,-0.2999999999999545,0.9396926207859083,0.3420201433256688,-0.8660254037844386,0.5000000000000001,0.4,5.0
2026-06-29 21:20:00,80.0,5.0,0.4,1017.1,29.6,,0.4,0.4,0.4,5.0,5.0,5.0,1017.1,1017.3,1017.6,0.4,0.0,0.4,0.0,5.0,0.0,5.0,0.0,-0.5,-0.1999999999999318,0.984807753012208,0.17364817766693041,-0.7071067811865477,0.7071067811865474,0.4,5.0
2026-06-29 22:20:00,70.0,5.0,0.4,1016.7,29.7,29.8,0.4,0.4,0.4,5.0,5.0,5.0,1016.8,1016.9,1017.1,0.4,0.0,0.4,0.0,5.0,0.0,5.0,0.0,-0.39999999999997726,-0.1999999999999318,0.9396926207859083,0.3420201433256688,-0.5000000000000004,0.8660254037844384,0.4,5.0
2026-06-30 01:20:00,90.0,7.0,0.5,1016.8,29.6,29.7,0.5,0.5,0.5,6.0,5.0,5.0,1016.8,1016.8,1016.8,0.5,0.0,0.5,0.0,6.333333333333333,0.5773502691896258,6.0,0.6324555320336763,0.0,0.0,1.0,6.123233995736766e-17,0.25881904510252074,0.9659258262890683,0.5,6.0
2026-06-30 02:20:00,90.0,6.0,0.6,1017.1,29.7,29.7,0.6,0.5,0.5,7.0,6.0,7.0,1017.1,1017.0,1016.8,0.6,0.0,0.5666666666666667,0.05773502691896255,6.333333333333333,0.5773502691896258,6.333333333333333,0.5163977794943235,0.3000000000000682,0.10000000000002274,1.0,6.123233995736766e-17,0.49999999999999994,0.8660254037844387,0.5,6.0
2026-06-30 03:20:00,100.0,6.0,0.6,1017.5,29.5,29.7,0.6,0.5,0.6,6.0,6.0,6.0,1017.3,1017.3,1017.1,0.6,0.0,0.5666666666666667,0.05773502691896256,6.0,0.0,6.166666666666667,0.40824829046386496,0.39999999999997726,0.20000000000004547,0.984807753012208,-0.1736481776669303,0.7071067811865476,0.7071067811865476,0.5,6.0
2026-06-30 03:50:00,100.0,6.0,0.5,1017.6,29.6,29.7,0.5,0.6,0.5,7.0,6.0,6.0,1017.6,1017.5,1017.3,0.5,0.0,0.55,0.05773502691896257,6.333333333333333,0.5773502691896258,6.166666666666667,0.40824829046386296,0.3000000000000682,0.10000000000002274,0.984807753012208,-0.1736481776669303,0.7071067811865476,0.7071067811865476,0.6,6.0
2026-06-30 04:50:00,110.0,6.0,0.5,1017.4,29.5,29.7,0.5,0.6,0.5,6.0,6.0,6.0,1017.6,1017.6,1017.6,0.5,0.0,0.5333333333333333,0.05773502691896256,6.0,0.0,6.0,0.0,-0.20000000000004547,-0.20000000000004547,0.9396926207859084,-0.3420201433256687,0.8660254037844386,0.5000000000000001,0.6,5.0
2026-06-30 05:20:00,100.0,5.0,0.6,1017.4,29.4,29.6,0.6,0.5,0.6,5.0,6.0,6.0,1017.4,1017.4,1017.6,0.6,0.0,0.5499999999999999,0.057735026918962554,5.333333333333333,0.5773502691896258,5.666666666666667,0.5163977794943221,-0.20000000000004547,0.0,0.984807753012208,-0.1736481776669303,0.9659258262890683,0.25881904510252074,0.6,5.0
2026-06-30 05:50:00,100.0,5.0,0.6,1017.3,29.4,29.6,0.6,0.6,0.5,5.0,5.0,6.0,1017.4,1017.4,1017.4,0.6,0.0,0.6,0.0,5.0,0.0,5.166666666666667,0.4082482904638632,-0.10000000000002274,-0.10000000000002274,0.984807753012208,-0.1736481776669303,0.9659258262890683,0.25881904510252074,0.5,5.0
2026-06-30 06:20:00,110.0,5.0,0.5,1017.3,29.4,29.6,0.5,0.6,0.6,5.0,5.0,5.0,1017.4,1017.3,1017.4,0.5,0.0,0.5499999999999999,0.05773502691896256,5.0,0.0,5.0,0.0,-0.10000000000002274,0.0,0.9396926207859084,-0.3420201433256687,1.0,6.123233995736766e-17,0.6,5.0
2026-06-30 07:20:00,110.0,5.0,0.5,1017.0,29.3,29.6,0.5,0.6,0.5,5.0,5.0,5.0,1017.1,1017.1,1017.3,0.5,0.0,0.5333333333333333,0.05773502691896256,5.0,0.0,5.0,0.0,-0.2999999999999545,-0.10000000000002274,0.9396926207859084,-0.3420201433256687,0.9659258262890683,-0.25881904510252063,0.5,4.0
2026-06-30 08:20:00,110.0,4.0,0.5,1016.8,29.2,29.6,0.5,0.5,0.5,4.0,4.0,5.0,1016.8,1017.0,1017.0,0.5,0.0,0.5,0.0,4.0,0.0,4.166666666666667,0.4082482904638632,-0.20000000000004547,-0.20000000000004547,0.9396926207859084,-0.3420201433256687,0.8660254037844387,-0.4999999999999998,0.6,4.0
2026-06-30 09:20:00,120.0,4.0,0.5,1016.6,29.2,29.6,0.5,0.6,0.5,4.0,4.0,4.0,1016.6,1016.8,1016.8,0.5,0.0,0.5333333333333333,0.05773502691896256,4.0,0.0,4.0,0.0,-0.1999999999999318,-0.1999999999999318,0.8660254037844387,-0.4999999999999998,0.7071067811865476,-0.7071067811865475,0.5,4.0
2026-06-30 09:50:00,120.0,4.0,0.5,1016.5,29.1,29.6,0.5,0.5,0.6,4.0,4.0,4.0,1016.6,1016.6,1016.8,0.5,0.0,0.5,0.0,4.0,0.0,4.0,0.0,-0.2999999999999545,-0.10000000000002274,0.8660254037844387,-0.4999999999999998,0.7071067811865476,-0.7071067811865475,0.5,4.0
2026-06-30 10:20:00,120.0,4.0,0.5,1016.3,29.1,29.6,0.5,0.5,0.5,4.0,4.0,4.0,1016.3,1016.5,1016.6,0.5,0.0,0.5,0.0,4.0,0.0,4.0,0.0,-0.3000000000000682,-0.20000000000004547,0.8660254037844387,-0.4999999999999998,0.49999999999999994,-0.8660254037844387,0.5,4.0
2026-06-30 11:20:00,130.0,4.0,0.5,1016.8,29.1,29.6,0.5,0.5,0.5,4.0,4.0,4.0,1016.6,1016.4,1016.3,0.5,0.0,0.5,0.0,4.0,0.0,4.0,0.0,0.5,0.39999999999997726,0.766044443118978,-0.6427876096865394,0.258819045102521,-0.9659258262890682,0.5,4.0
2026-06-30 13:20:00,140.0,3.0,0.5,1017.9,29.4,29.6,0.5,0.5,0.5,4.0,4.0,4.0,1017.7,1017.5,1017.4,0.5,0.0,0.5,0.0,3.6666666666666665,0.5773502691896257,3.8333333333333335,0.408248290463863,0.5,0.39999999999997726,0.6427876096865395,-0.7660444431189779,-0.2588190451025208,-0.9659258262890683,0.4,4.0
2026-06-30 13:50:00,140.0,4.0,0.4,1017.9,29.5,29.6,0.4,0.5,0.5,3.0,3.0,4.0,1017.9,1017.9,1017.5,0.4,0.0,0.45,0.05773502691896253,3.3333333333333335,0.5773502691896257,3.5,0.5477225575051664,0.39999999999997726,0.0,0.6427876096865395,-0.7660444431189779,-0.2588190451025208,-0.9659258262890683,0.4,3.0
2026-06-30 14:20:00,140.0,3.0,0.4,1017.9,29.5,29.6,0.4,0.4,0.5,3.0,4.0,3.0,1017.9,1017.9,1017.9,0.4,0.0,0.4,0.0,3.0,0.0,3.1666666666666665,0.4082482904638636,0.0,0.0,0.6427876096865395,-0.7660444431189779,-0.4999999999999997,-0.8660254037844388,0.4,3.0
2026-06-30 15:20:00,120.0,3.0,0.4,1018.4,29.6,29.7,0.4,0.4,0.4,2.0,3.0,3.0,1018.4,1018.1,1017.9,0.4,0.0,0.4,0.0,2.6666666666666665,0.5773502691896257,2.8333333333333335,0.408248290463863,0.5,0.2999999999999545,0.8660254037844387,-0.4999999999999998,-0.7071067811865471,-0.7071067811865479,0.4,2.0
2026-06-30 16:20:00,110.0,2.0,0.4,1018.4,29.5,29.7,0.4,0.4,0.4,3.0,2.0,3.0,1018.4,1018.4,1018.4,0.4,0.0,0.4,0.0,2.3333333333333335,0.5773502691896257,2.1666666666666665,0.4082482904638636,0.0,0.0,0.9396926207859084,-0.3420201433256687,-0.8660254037844385,-0.5000000000000004,0.5,2.0
2026-06-30 17:20:00,80.0,2.0,0.4,1018.5,29.5,29.7,0.4,0.5,0.4,2.0,2.0,2.0,1018.4,1018.4,1018.4,0.4,0.0,0.43333333333333335,0.05773502691896256,2.3333333333333335,0.5773502691896257,2.1666666666666665,0.4082482904638636,0.10000000000002274,0.10000000000002274,0.984807753012208,0.17364817766693041,-0.9659258262890683,-0.25881904510252063,0.5,3.0
2026-06-30 18:20:00,80.0,3.0,0.4,1018.1,29.5,30.0,0.4,0.5,0.4,3.0,3.0,2.0,1018.2,1018.5,1018.5,0.4,0.0,0.43333333333333335,0.05773502691896256,3.0,0.0,3.0,0.0,-0.39999999999997726,-0.39999999999997726,0.984807753012208,0.17364817766693041,-1.0,-1.8369701987210297e-16,0.4,3.0
2026-06-30 19:20:00,70.0,3.0,0.4,1017.9,29.5,30.2,0.4,0.4,0.4,3.0,3.0,3.0,1017.9,1018.0,1018.1,0.4,0.0,0.4,0.0,3.0,0.0,3.0,0.0,-0.20000000000004547,-0.10000000000002274,0.9396926207859083,0.3420201433256688,-0.9659258262890684,0.2588190451025203,0.4,2.0
2026-06-30 20:20:00,80.0,2.0,0.4,1017.1,29.7,30.1,0.4,0.4,0.4,2.0,2.0,3.0,1017.2,1017.6,1017.9,0.4,0.0,0.4,0.0,2.0,0.0,2.1666666666666665,0.4082482904638636,-0.7999999999999545,-0.5,0.984807753012208,0.17364817766693041,-0.8660254037844386,0.5000000000000001,0.4,2.0
2026-06-30 21:20:00,70.0,2.0,0.4,1016.7,29.8,30.4,0.4,0.4,0.4,2.0,2.0,2.0,1016.7,1016.9,1017.1,0.4,0.0,0.4,0.0,2.3333333333333335,0.5773502691896257,2.1666666666666665,0.408248290463863,-0.39999999999997726,-0.1999999999999318,0.9396926207859083,0.3420201433256688,-0.7071067811865477,0.7071067811865474,0.4,3.0
2026-06-30 21:50:00,70.0,3.0,0.4,1016.6,29.9,30.6,0.4,0.4,0.4,3.0,2.0,2.0,1016.7,1016.7,1016.9,0.4,0.0,0.4,0.0,3.0,0.0,2.6666666666666665,0.5163977794943226,-0.2999999999999545,-0.10000000000002274,0.9396926207859083,0.3420201433256688,-0.7071067811865477,0.7071067811865474,0.4,3.0
2026-06-30 22:20:00,60.0,3.0,0.4,1016.1,30.0,30.5,0.4,0.4,0.4,2.0,3.0,2.0,1016.2,1016.6,1016.7,0.4,0.0,0.4,0.0,2.3333333333333335,0.5773502691896257,2.6666666666666665,0.5163977794943226,-0.6000000000000227,-0.5,0.8660254037844386,0.5000000000000001,-0.5000000000000004,0.8660254037844384,0.4,2.0
2026-06-30 23:40:00,60.0,2.0,0.4,1016.1,30.1,30.3,0.4,,0.4,2.0,2.0,2.0,1016.0,1016.1,1016.2,0.4,0.0,0.4,0.0,2.0,0.0,2.3333333333333335,0.5163977794943223,-0.10000000000002274,0.0,0.8660254037844386,0.5000000000000001,-0.25881904510252157,0.9659258262890681,0.4,2.0
2026-06-30 23:50:00,60.0,2.0,0.4,1016.0,30.0,30.4,0.4,0.4,0.4,2.0,2.0,3.0,1016.1,1016.1,1016.1,0.4,0.0,0.4,0.0,2.0,0.0,2.1666666666666665,0.408248290463863,-0.10000000000002274,-0.10000000000002274,0.8660254037844386,0.5000000000000001,-0.25881904510252157,0.9659258262890681,0.4,2.0
2026-07-01 00:20:00,40.0,2.0,0.4,1016.0,29.8,30.3,0.4,0.4,0.4,2.0,2.0,2.0,1016.0,1016.0,1016.1,0.4,0.0,0.4,0.0,2.0,0.0,2.0,0.0,-0.10000000000002274,0.0,0.6427876096865393,0.766044443118978,0.0,1.0,0.4,3.0
2026-07-01 01:20:00,60.0,4.0,0.4,1016.0,29.5,30.2,0.4,0.4,0.4,4.0,3.0,2.0,1016.1,1016.1,1016.0,0.4,0.0,0.4,0.0,4.0,0.0,3.3333333333333335,0.8164965809277269,0.0,-0.10000000000002274,0.8660254037844386,0.5000000000000001,0.25881904510252074,0.9659258262890683,0.4,5.0
2026-07-01 02:20:00,70.0,5.0,0.4,1016.5,29.6,30.1,0.4,0.4,0.4,5.0,5.0,4.0,1016.5,1016.2,1016.0,0.4,0.0,0.4,0.0,5.0,0.0,4.666666666666667,0.5163977794943221,0.5,0.2999999999999545,0.9396926207859083,0.3420201433256688,0.49999999999999994,0.8660254037844387,0.4,5.0
2026-07-01 03:20:00,70.0,5.0,0.4,1017.1,29.6,30.0,0.4,0.4,0.4,5.0,5.0,5.0,1017.1,1016.9,1016.5,0.4,0.0,0.4,0.0,5.0,0.0,5.0,0.0,0.6000000000000227,0.20000000000004547,0.9396926207859083,0.3420201433256688,0.7071067811865476,0.7071067811865476,0.4,5.0
2026-07-01 03:50:00,80.0,5.0,0.4,1017.0,29.4,30.0,0.4,0.4,0.4,5.0,5.0,5.0,1017.0,1017.1,1016.9,0.4,0.0,0.4,0.0,5.0,0.0,5.0,0.0,0.10000000000002274,-0.10000000000002274,0.984807753012208,0.17364817766693041,0.7071067811865476,0.7071067811865476,0.4,5.0
2026-07-01 04:20:00,80.0,5.0,0.4,1017.1,29.4,29.9,0.4,0.4,0.4,5.0,5.0,5.0,1017.0,1017.0,1017.1,0.4,0.0,0.4,0.0,5.0,0.0,5.0,0.0,0.0,0.10000000000002274,0.984807753012208,0.17364817766693041,0.8660254037844386,0.5000000000000001,0.5,5.0
2026-07-01 05:20:00,80.0,5.0,0.5,1016.7,29.4,30.0,0.5,0.5,0.4,5.0,5.0,5.0,1016.8,1017.0,1017.1,0.5,0.0,0.5,0.0,5.0,0.0,5.0,0.0,-0.39999999999997726,-0.2999999999999545,0.984807753012208,0.17364817766693041,0.9659258262890683,0.25881904510252074,0.5,5.0
2026-07-01 06:20:00,90.0,4.0,0.5,1015.9,29.2,29.9,0.5,0.5,0.5,4.0,5.0,5.0,1015.9,1016.2,1016.7,0.5,0.0,0.5,0.0,4.0,0.0,4.5,0.5477225575051659,-0.8000000000000682,-0.3000000000000682,1.0,6.123233995736766e-17,1.0,6.123233995736766e-17,0.5,4.0
2026-07-01 07:20:00,100.0,3.0,0.4,1015.4,29.1,29.9,0.4,0.5,0.5,3.0,4.0,4.0,1015.4,1015.6,1015.9,0.4,0.0,0.43333333333333335,0.05773502691896256,3.3333333333333335,0.5773502691896257,3.6666666666666665,0.5163977794943223,-0.5,-0.20000000000004547,0.984807753012208,-0.1736481776669303,0.9659258262890683,-0.25881904510252063,0.4,3.0
2026-07-01 08:20:00,120.0,2.0,0.4,1015.1,29.1,29.8,0.4,0.4,0.4,3.0,3.0,3.0,1015.2,1015.0,1015.4,0.4,0.0,0.4,0.0,2.6666666666666665,0.5773502691896257,2.8333333333333335,0.408248290463863,-0.2999999999999545,0.10000000000002274,0.8660254037844387,-0.4999999999999998,0.8660254037844387,-0.4999999999999998,0.4,2.0
2026-07-01 09:20:00,130.0,3.0,0.4,1015.2,29.1,29.7,0.4,0.4,0.4,3.0,2.0,2.0,1015.2,1015.1,1015.1,0.4,0.0,0.4,0.0,3.0,0.0,2.6666666666666665,0.5163977794943223,0.10000000000002274,0.10000000000002274,0.766044443118978,-0.6427876096865394,0.7071067811865476,-0.7071067811865475,0.4,2.0
2026-07-01 10:20:00,90.0,1.0,0.4,1015.3,29.0,29.7,0.4,0.4,0.4,2.0,2.0,3.0,1015.2,1015.0,1015.2,0.4,0.0,0.4,0.0,1.6666666666666667,0.5773502691896258,2.0,0.6324555320336762,0.09999999999990905,0.2999999999999545,1.0,6.123233995736766e-17,0.49999999999999994,-0.8660254037844387,0.4,4.0
2026-07-01 10:50:00,330.0,4.0,0.4,1015.4,28.1,29.6,0.4,0.4,0.4,5.0,1.0,2.0,1015.4,1015.3,1015.0,0.4,0.0,0.4,0.0,4.666666666666667,0.5773502691896258,3.1666666666666665,1.7224014243685086,0.39999999999997726,0.10000000000002274,-0.5000000000000004,0.8660254037844384,0.49999999999999994,-0.8660254037844387,0.4,4.0
2026-07-01 12:20:00,30.0,1.0,0.4,1015.9,28.6,29.6,0.4,0.4,0.4,2.0,3.0,4.0,1015.9,1015.8,1015.5,0.4,0.0,0.4,0.0,1.6666666666666667,0.5773502691896258,2.3333333333333335,0.8164965809277253,0.39999999999997726,0.10000000000002274,0.49999999999999994,0.8660254037844387,1.2246467991473532e-16,-1.0,0.4,3.0
2026-07-01 12:50:00,100.0,3.0,0.4,1016.4,28.7,29.6,0.4,0.4,0.4,2.0,1.0,3.0,1016.3,1015.9,1015.8,0.4,0.0,0.4,0.0,2.0,1.0,1.8333333333333333,0.7527726527090796,0.6000000000000227,0.5,0.984807753012208,-0.1736481776669303,1.2246467991473532e-16,-1.0,0.3,2.0
2026-07-01 13:20:00,130.0,2.0,0.3,1016.5,28.9,29.7,0.3,0.4,0.4,3.0,3.0,1.0,1016.5,1016.4,1015.9,0.3,0.0,0.35000000000000003,0.05773502691896258,3.3333333333333335,1.5275252316519465,2.6666666666666665,1.3662601021279464,0.6000000000000227,0.10000000000002274,0.766044443118978,-0.6427876096865394,-0.2588190451025208,-0.9659258262890683,0.3,4.0
2026-07-01 14:20:00,70.0,4.0,0.4,1016.8,29.3,29.7,0.4,0.3,0.3,4.0,4.0,2.0,1016.9,1016.8,1016.5,0.4,0.0,0.3666666666666667,0.05773502691896262,4.0,0.0,3.5,0.8366600265340763,0.2999999999999545,0.0,0.9396926207859083,0.3420201433256688,-0.4999999999999997,-0.8660254037844388,0.3,3.0
2026-07-01 15:20:00,70.0,3.0,0.3,1017.0,29.4,29.8,0.3,0.3,0.4,3.0,3.0,4.0,1017.1,1016.9,1016.8,0.3,0.0,0.3,0.0,3.0,0.0,3.1666666666666665,0.4082482904638636,0.20000000000004547,0.10000000000002274,0.9396926207859083,0.3420201433256688,-0.7071067811865471,-0.7071067811865479,0.3,3.0
2026-07-01 17:20:00,60.0,2.0,0.3,1017.0,29.5,30.0,0.3,0.3,0.3,2.0,3.0,3.0,1017.1,1017.1,1017.0,0.3,0.0,0.3,0.0,2.3333333333333335,0.5773502691896257,2.6666666666666665,0.5163977794943223,0.0,-0.10000000000002274,0.8660254037844386,0.5000000000000001,-0.9659258262890683,-0.25881904510252063,0.3,2.0
2026-07-01 18:20:00,70.0,2.0,0.3,1017.0,29.5,30.2,0.3,0.3,0.3,2.0,2.0,2.0,1017.1,1017.1,1017.0,0.3,0.0,0.3,0.0,2.0,0.0,2.0,0.0,0.0,-0.10000000000002274,0.9396926207859083,0.3420201433256688,-1.0,-1.8369701987210297e-16,0.3,2.0
2026-07-01 20:20:00,100.0,2.0,0.3,1016.2,29.8,30.2,0.3,0.3,0.3,2.0,2.0,3.0,1016.3,1016.5,1016.7,0.3,0.0,0.3,0.0,2.0,0.0,2.0,0.0,-0.5,-0.2999999999999545,0.984807753012208,-0.1736481776669303,-0.8660254037844386,0.5000000000000001,0.3,2.0
2026-07-01 21:20:00,50.0,2.0,0.3,1015.7,29.7,29.9,0.3,0.3,0.3,2.0,2.0,2.0,1015.7,1015.9,1016.2,0.3,0.0,0.3,0.0,2.0,0.0,2.0,0.0,-0.5,-0.1999999999999318,0.766044443118978,0.6427876096865394,-0.7071067811865477,0.7071067811865474,0.3,2.0
2026-07-01 23:20:00,30.0,4.0,0.3,1014.5,29.8,30.4,0.3,0.3,0.3,3.0,4.0,3.0,1014.6,1014.6,1015.1,0.3,0.0,0.3,0.0,3.3333333333333335,0.5773502691896257,3.5,0.5477225575051674,-0.6000000000000227,-0.10000000000002274,0.49999999999999994,0.8660254037844387,-0.25881904510252157,0.9659258262890681,0.3,3.0
2026-07-01 23:50:00,40.0,3.0,0.3,1014.4,29.7,30.2,0.3,0.3,0.3,3.0,4.0,4.0,1014.4,1014.5,1014.6,0.3,0.0,0.3,0.0,3.0,0.0,3.1666666666666665,0.408248290463864,-0.20000000000004547,-0.10000000000002274,0.6427876096865393,0.766044443118978,-0.25881904510252157,0.9659258262890681,0.2,3.0
2026-07-02 00:20:00,30.0,3.0,0.2,1014.5,29.7,30.6,0.2,0.3,0.3,4.0,3.0,4.0,1014.4,1014.4,1014.5,0.2,0.0,0.25,0.057735026918962595,3.3333333333333335,0.5773502691896257,3.1666666666666665,0.408248290463864,0.0,0.10000000000002274,0.49999999999999994,0.8660254037844387,0.0,1.0,0.3,3.0
2026-07-02 01:20:00,70.0,3.0,0.3,1014.4,29.4,30.4,0.3,0.3,0.2,3.0,3.0,3.0,1014.4,1014.3,1014.5,0.3,0.0,0.3,0.0,3.0,0.0,3.1666666666666665,0.408248290463864,-0.10000000000002274,0.10000000000002274,0.9396926207859083,0.3420201433256688,0.25881904510252074,0.9659258262890683,0.2,3.0
2026-07-02 02:20:00,90.0,4.0,0.2,1014.9,29.2,30.0,0.2,0.2,0.3,4.0,3.0,3.0,1014.7,1014.6,1014.4,0.2,0.0,0.2,0.0,3.6666666666666665,0.5773502691896257,3.3333333333333335,0.5163977794943223,0.5,0.2999999999999545,1.0,6.123233995736766e-17,0.49999999999999994,0.8660254037844387,0.2,3.0
2026-07-02 03:20:00,90.0,3.0,0.2,1016.0,29.2,30.2,0.2,0.2,0.2,2.0,3.0,4.0,1015.9,1015.6,1014.9,0.2,0.0,0.2,0.0,2.6666666666666665,0.5773502691896257,3.0,0.6324555320336755,1.1000000000000227,0.39999999999997726,1.0,6.123233995736766e-17,0.7071067811865476,0.7071067811865476,0.2,3.0
2026-07-02 03:50:00,100.0,3.0,0.2,1015.9,29.2,30.0,0.2,0.2,0.2,3.0,3.0,3.0,1016.1,1016.0,1015.6,0.2,0.0,0.2,0.0,3.0,0.0,2.8333333333333335,0.40824829046386213,0.2999999999999545,-0.10000000000002274,0.984807753012208,-0.1736481776669303,0.7071067811865476,0.7071067811865476,0.2,4.0
2026-07-02 04:20:00,90.0,4.0,0.2,1016.1,29.2,30.1,0.2,0.2,0.2,4.0,3.0,3.0,1016.1,1015.9,1016.0,0.2,0.0,0.2,0.0,3.6666666666666665,0.5773502691896257,3.3333333333333335,0.5163977794943223,0.10000000000002274,0.20000000000004547,1.0,6.123233995736766e-17,0.8660254037844386,0.5000000000000001,0.2,3.0
2026-07-02 05:20:00,80.0,3.0,0.2,1015.8,29.3,30.0,0.2,0.2,0.2,3.0,3.0,4.0,1015.9,1016.1,1016.1,0.2,0.0,0.2,0.0,3.0,0.0,3.0,0.0,-0.3000000000000682,-0.3000000000000682,0.984807753012208,0.17364817766693041,0.9659258262890683,0.25881904510252074,0.2,2.0
2026-07-02 06:20:00,80.0,2.0,0.2,1015.7,29.1,30.0,0.2,0.2,0.2,2.0,2.0,3.0,1015.8,1016.0,1015.8,0.2,0.0,0.2,0.0,2.0,0.0,2.1666666666666665,0.4082482904638636,-0.09999999999990905,-0.2999999999999545,0.984807753012208,0.17364817766693041,1.0,6.123233995736766e-17,0.2,2.0
2026-07-02 06:50:00,70.0,2.0,0.2,1015.5,29.0,30.0,0.2,0.2,0.2,2.0,2.0,2.0,1015.6,1015.7,1016.0,0.2,0.0,0.2,0.0,2.0,0.0,2.0,0.0,-0.5,-0.20000000000004547,0.9396926207859083,0.3420201433256688,1.0,6.123233995736766e-17,0.2,2.0
2026-07-02 07:50:00,130.0,2.0,0.2,1015.0,28.8,,0.2,0.2,0.2,2.0,2.0,2.0,1015.0,1015.2,1015.5,0.2,0.0,0.2,0.0,2.0,0.0,2.0,0.0,-0.5,-0.20000000000004547,0.766044443118978,-0.6427876096865394,0.9659258262890683,-0.25881904510252063,0.2,2.0
2026-07-02 08:20:00,130.0,2.0,0.2,1015.1,28.8,29.8,0.2,0.2,0.2,2.0,2.0,2.0,1015.1,1015.0,1015.2,0.2,0.0,0.2,0.0,2.0,0.0,2.0,0.0,-0.10000000000002274,0.10000000000002274,0.766044443118978,-0.6427876096865394,0.8660254037844387,-0.4999999999999998,0.2,2.0
2026-07-02 09:20:00,160.0,2.0,0.2,1015.1,28.9,29.9,0.2,0.2,0.2,2.0,2.0,2.0,1015.0,1015.0,1015.1,0.2,0.0,0.2,0.0,2.0,0.0,2.0,0.0,0.0,0.10000000000002274,0.3420201433256689,-0.9396926207859083,0.7071067811865476,-0.7071067811865475,0.2,3.0
2026-07-02 10:20:00,160.0,2.0,0.2,1015.3,28.9,29.7,0.2,0.2,0.2,2.0,3.0,2.0,1015.4,1015.2,1015.1,0.2,0.0,0.2,0.0,2.0,0.0,2.1666666666666665,0.408248290463863,0.1999999999999318,0.09999999999990905,0.3420201433256689,-0.9396926207859083,0.49999999999999994,-0.8660254037844387,0.2,2.0
2026-07-02 12:20:00,100.0,1.0,0.3,1016.0,29.5,29.6,0.3,0.2,0.2,1.0,1.0,2.0,1015.9,1015.7,1015.6,0.3,0.0,0.26666666666666666,0.05773502691896256,1.0,0.0,1.3333333333333333,0.5163977794943222,0.39999999999997726,0.2999999999999545,0.984807753012208,-0.1736481776669303,1.2246467991473532e-16,-1.0,0.2,2.0
2026-07-02 12:50:00,90.0,2.0,0.2,1016.5,29.5,29.6,0.2,0.3,0.2,2.0,1.0,1.0,1016.2,1016.0,1015.7,0.2,0.0,0.25,0.05773502691896256,1.6666666666666667,0.5773502691896258,1.3333333333333333,0.5163977794943222,0.7999999999999545,0.5,1.0,6.123233995736766e-17,1.2246467991473532e-16,-1.0,0.2,2.0
2026-07-02 13:20:00,60.0,2.0,0.2,1016.8,29.6,29.6,0.2,0.2,0.3,2.0,2.0,1.0,1016.7,1016.5,1016.0,0.2,0.0,0.2,0.0,2.0,0.0,1.8333333333333333,0.40824829046386285,0.7999999999999545,0.2999999999999545,0.8660254037844386,0.5000000000000001,-0.2588190451025208,-0.9659258262890683,0.2,2.0
2026-07-02 15:20:00,70.0,2.0,0.2,1017.3,29.5,29.7,0.2,0.2,0.2,2.0,2.0,1.0,1017.2,1017.0,1017.0,0.2,0.0,0.2,0.0,2.0,0.0,2.0,0.0,0.2999999999999545,0.2999999999999545,0.9396926207859083,0.3420201433256688,-0.7071067811865471,-0.7071067811865479,0.2,2.0
2026-07-02 15:50:00,70.0,2.0,0.2,1017.5,29.6,29.9,0.2,0.2,0.2,2.0,2.0,2.0,1017.4,1017.3,1017.0,0.2,0.0,0.2,0.0,2.0,0.0,2.0,0.0,0.5,0.20000000000004547,0.9396926207859083,0.3420201433256688,-0.7071067811865471,-0.7071067811865479,0.2,1.0
2026-07-02 16:20:00,60.0,1.0,0.2,1017.4,29.7,29.4,0.2,0.2,0.2,1.0,2.0,2.0,1017.4,1017.5,1017.3,0.2,0.0,0.2,0.0,1.3333333333333333,0.5773502691896258,1.6666666666666667,0.5163977794943222,0.10000000000002274,-0.10000000000002274,0.8660254037844386,0.5000000000000001,-0.8660254037844385,-0.5000000000000004,0.2,1.0
2026-07-02 17:20:00,50.0,1.0,0.3,1017.4,29.7,29.5,0.3,0.2,0.2,1.0,1.0,1.0,1017.6,1017.5,1017.4,0.3,0.0,0.26666666666666666,0.05773502691896256,1.0,0.0,1.1666666666666667,0.40824829046386285,0.0,-0.10000000000002274,0.766044443118978,0.6427876096865394,-0.9659258262890683,-0.25881904510252063,0.3,1.0
2026-07-02 17:50:00,100.0,1.0,0.3,1017.4,29.8,29.7,0.3,0.3,0.2,1.0,1.0,1.0,1017.4,1017.4,1017.5,0.3,0.0,0.3,0.0,1.0,0.0,1.0,0.0,-0.10000000000002274,0.0,0.984807753012208,-0.1736481776669303,-0.9659258262890683,-0.25881904510252063,0.3,1.0
2026-07-02 18:20:00,90.0,1.0,0.3,1017.5,30.0,29.6,0.3,0.3,0.3,1.0,1.0,1.0,1017.5,1017.4,1017.4,0.3,0.0,0.3,0.0,1.0,0.0,1.0,0.0,0.10000000000002274,0.10000000000002274,1.0,6.123233995736766e-17,-1.0,-1.8369701987210297e-16,0.3,0.0
2026-07-02 19:20:00,90.0,1.0,0.3,1017.1,30.2,29.7,0.3,0.3,0.3,1.0,0.0,1.0,1017.3,1017.2,1017.5,0.3,0.0,0.3,0.0,0.6666666666666666,0.5773502691896258,0.5,0.5477225575051662,-0.39999999999997726,-0.10000000000002274,1.0,6.123233995736766e-17,-0.9659258262890684,0.2588190451025203,0.3,0.0
2026-07-02 19:50:00,,0.0,0.3,1017.1,30.6,29.9,0.3,0.3,0.3,1.0,1.0,0.0,1017.1,1017.1,1017.2,0.3,0.0,0.3,0.0,0.6666666666666666,0.5773502691896258,0.6666666666666666,0.5163977794943223,-0.10000000000002274,0.0,,,-0.9659258262890684,0.2588190451025203,0.3,1.0
2026-07-02 20:20:00,350.0,1.0,0.3,1016.8,30.6,30.1,0.3,0.3,0.3,1.0,0.0,1.0,1016.9,1017.1,1017.1,0.3,0.0,0.3,0.0,0.6666666666666666,0.5773502691896258,0.6666666666666666,0.5163977794943223,-0.3000000000000682,-0.3000000000000682,-0.1736481776669304,0.984807753012208,-0.8660254037844386,0.5000000000000001,0.3,1.0
2026-07-02 21:20:00,20.0,1.0,0.3,1016.6,30.4,29.9,0.3,0.3,0.3,2.0,1.0,1.0,1016.5,1016.6,1016.8,0.3,0.0,0.3,0.0,1.3333333333333333,0.5773502691896258,0.8333333333333334,0.752772652709081,-0.1999999999999318,0.0,0.3420201433256687,0.9396926207859084,-0.7071067811865477,0.7071067811865474,0.3,1.0
2026-07-02 22:20:00,40.0,1.0,0.3,1016.1,31.0,29.9,0.3,0.3,0.3,1.0,1.0,1.0,1016.2,1016.4,1016.6,0.3,0.0,0.3,0.0,1.0,0.0,1.1666666666666667,0.408248290463863,-0.5,-0.2999999999999545,0.6427876096865393,0.766044443118978,-0.5000000000000004,0.8660254037844384,0.3,1.0
2026-07-02 22:50:00,20.0,1.0,0.3,1015.9,30.7,30.0,0.3,0.3,0.3,2.0,1.0,1.0,1016.0,1016.1,1016.4,0.3,0.0,0.3,0.0,1.3333333333333333,0.5773502691896258,1.1666666666666667,0.408248290463863,-0.5,-0.20000000000004547,0.3420201433256687,0.9396926207859084,-0.5000000000000004,0.8660254037844384,0.3,2.0
2026-07-02 23:20:00,50.0,2.0,0.3,1015.7,30.4,29.9,0.3,0.3,0.3,2.0,1.0,1.0,1015.7,1015.9,1016.1,0.3,0.0,0.3,0.0,2.0,0.0,1.6666666666666667,0.5163977794943222,-0.39999999999997726,-0.1999999999999318,0.766044443118978,0.6427876096865394,-0.25881904510252157,0.9659258262890681,0.3,3.0
2026-07-02 23:50:00,40.0,3.0,0.3,1015.6,30.3,29.8,0.3,0.3,0.3,2.0,2.0,1.0,1015.6,1015.7,1015.9,0.3,0.0,0.3,0.0,2.6666666666666665,0.5773502691896257,2.3333333333333335,0.5163977794943221,-0.2999999999999545,-0.10000000000002274,0.6427876096865393,0.766044443118978,-0.25881904510252157,0.9659258262890681,0.3,2.0
2026-07-03 00:20:00,20.0,2.0,0.3,1015.9,30.3,29.8,0.3,0.3,0.3,2.0,3.0,2.0,1015.8,1015.6,1015.7,0.3,0.0,0.3,0.0,2.0,0.0,2.3333333333333335,0.5163977794943221,0.1999999999999318,0.2999999999999545,0.3420201433256687,0.9396926207859084,0.0,1.0,0.3,2.0
2026-07-03 01:20:00,50.0,2.0,0.3,1016.1,29.9,29.7,0.3,0.3,0.3,2.0,2.0,2.0,1016.0,1015.9,1015.9,0.3,0.0,0.3,0.0,2.0,0.0,2.0,0.0,0.20000000000004547,0.20000000000004547,0.766044443118978,0.6427876096865394,0.25881904510252074,0.9659258262890683,0.3,2.0
2026-07-03 02:20:00,80.0,3.0,0.3,1016.5,29.8,29.7,0.3,0.3,0.3,2.0,2.0,2.0,1016.4,1016.2,1016.1,0.3,0.0,0.3,0.0,2.3333333333333335,0.5773502691896257,2.1666666666666665,0.408248290463863,0.39999999999997726,0.2999999999999545,0.984807753012208,0.17364817766693041,0.49999999999999994,0.8660254037844387,0.3,3.0
2026-07-03 03:20:00,60.0,4.0,0.3,1016.7,29.6,30.0,0.3,0.3,0.3,4.0,3.0,3.0,1016.6,1016.5,1016.5,0.3,0.0,0.3,0.0,3.6666666666666665,0.5773502691896257,3.3333333333333335,0.5163977794943223,0.20000000000004547,0.20000000000004547,0.8660254037844386,0.5000000000000001,0.7071067811865476,0.7071067811865476,0.3,4.0
2026-07-03 04:50:00,90.0,3.0,0.3,1017.3,29.6,30.6,0.3,0.3,0.3,3.0,4.0,4.0,1017.3,1017.3,1017.0,0.3,0.0,0.3,0.0,3.3333333333333335,0.5773502691896257,3.5,0.5477225575051664,0.2999999999999545,0.0,1.0,6.123233995736766e-17,0.8660254037844386,0.5000000000000001,0.3,3.0
2026-07-03 05:20:00,90.0,3.0,0.3,1017.3,29.5,30.5,0.3,0.3,0.3,3.0,3.0,4.0,1017.3,1017.3,1017.3,0.3,0.0,0.3,0.0,3.0,0.0,3.1666666666666665,0.4082482904638636,0.0,0.0,1.0,6.123233995736766e-17,0.9659258262890683,0.25881904510252074,0.3,3.0
2026-07-03 06:20:00,100.0,3.0,0.3,1016.8,29.4,30.3,0.3,0.3,0.3,3.0,3.0,3.0,1016.8,1016.8,1017.3,0.3,0.0,0.3,0.0,3.0,0.0,3.0,0.0,-0.5,0.0,0.984807753012208,-0.1736481776669303,1.0,6.123233995736766e-17,0.3,2.0
2026-07-03 08:20:00,110.0,2.0,0.3,1016.3,29.2,29.9,0.3,0.3,0.3,2.0,2.0,2.0,1016.2,1016.3,1016.5,0.3,0.0,0.3,0.0,2.0,0.0,2.0,0.0,-0.20000000000004547,0.0,0.9396926207859084,-0.3420201433256687,0.8660254037844387,-0.4999999999999998,0.3,2.0
2026-07-03 09:20:00,150.0,2.0,0.3,1016.5,29.3,29.8,0.3,0.3,0.3,1.0,2.0,2.0,1016.5,1016.5,1016.3,0.3,0.0,0.3,0.0,1.3333333333333333,0.5773502691896258,1.5,0.5477225575051661,0.20000000000004547,0.0,0.49999999999999994,-0.8660254037844387,0.7071067811865476,-0.7071067811865475,0.3,2.0
2026-07-03 10:20:00,180.0,1.0,0.3,1016.7,29.1,29.9,0.3,0.3,0.3,1.0,2.0,2.0,1016.7,1016.6,1016.5,0.3,0.0,0.3,0.0,1.0,0.0,1.3333333333333333,0.5163977794943222,0.20000000000004547,0.10000000000002274,1.2246467991473532e-16,-1.0,0.49999999999999994,-0.8660254037844387,0.3,1.0
2026-07-03 11:20:00,190.0,1.0,0.3,1017.1,29.1,29.9,0.3,0.3,0.3,1.0,1.0,1.0,1017.1,1016.8,1016.7,0.3,0.0,0.3,0.0,1.0,0.0,1.0,0.0,0.39999999999997726,0.3000000000000682,-0.17364817766693047,-0.984807753012208,0.258819045102521,-0.9659258262890682,0.3,1.0
2026-07-03 13:20:00,280.0,1.0,0.3,1018.2,30.2,29.8,0.3,0.3,0.3,1.0,1.0,0.0,1018.1,1018.1,1017.6,0.3,0.0,0.3,0.0,1.0,0.0,0.6666666666666666,0.5163977794943223,0.6000000000000227,0.10000000000002274,-0.9848077530122081,0.17364817766692997,-0.2588190451025208,-0.9659258262890683,0.3,1.0
2026-07-03 14:20:00,280.0,2.0,0.3,1018.4,29.6,29.8,0.3,0.3,0.3,2.0,1.0,1.0,1018.4,1018.4,1018.2,0.3,0.0,0.3,0.0,1.6666666666666667,0.5773502691896258,1.3333333333333333,0.5163977794943222,0.1999999999999318,0.0,-0.9848077530122081,0.17364817766692997,-0.4999999999999997,-0.8660254037844388,0.3,1.0
2026-07-03 15:20:00,320.0,1.0,0.3,1018.6,29.6,29.9,0.3,0.3,0.3,1.0,1.0,2.0,1018.6,1018.4,1018.4,0.3,0.0,0.3,0.0,1.0,0.0,1.3333333333333333,0.5163977794943222,0.20000000000004547,0.20000000000004547,-0.6427876096865396,0.7660444431189778,-0.7071067811865471,-0.7071067811865479,0.3,1.0
2026-07-03 16:20:00,340.0,1.0,0.3,1018.6,29.7,29.9,0.3,0.3,0.3,1.0,1.0,1.0,1018.6,1018.7,1018.6,0.3,0.0,0.3,0.0,1.0,0.0,1.0,0.0,0.0,-0.10000000000002274,-0.3420201433256686,0.9396926207859084,-0.8660254037844385,-0.5000000000000004,0.3,1.0
2026-07-03 17:20:00,340.0,1.0,0.3,1018.5,29.8,30.0,0.3,0.3,0.3,1.0,1.0,1.0,1018.5,1018.5,1018.6,0.3,0.0,0.3,0.0,1.0,0.0,1.0,0.0,-0.10000000000002274,0.0,-0.3420201433256686,0.9396926207859084,-0.9659258262890683,-0.25881904510252063,0.2,1.0
2026-07-03 17:50:00,10.0,1.0,0.2,1018.5,29.9,30.2,0.2,0.3,0.3,2.0,1.0,1.0,1018.5,1018.5,1018.5,0.2,0.0,0.25,0.057735026918962595,1.3333333333333333,0.5773502691896258,1.1666666666666667,0.408248290463863,0.0,0.0,0.17364817766693033,0.984807753012208,-0.9659258262890683,-0.25881904510252063,0.2,1.0
2026-07-03 18:20:00,350.0,1.0,0.2,1018.4,29.8,30.1,0.2,0.2,0.3,1.0,1.0,1.0,1018.4,1018.5,1018.5,0.2,0.0,0.2,0.0,1.0,0.0,1.1666666666666667,0.408248290463863,-0.10000000000002274,-0.10000000000002274,-0.1736481776669304,0.984807753012208,-1.0,-1.8369701987210297e-16,0.2,2.0
2026-07-03 19:20:00,20.0,2.0,0.3,1018.0,29.8,,0.3,0.2,0.2,2.0,2.0,1.0,1018.1,1018.2,1018.4,0.3,0.0,0.26666666666666666,0.05773502691896256,2.0,0.0,2.0,0.0,-0.39999999999997726,-0.20000000000004547,0.3420201433256687,0.9396926207859084,-0.9659258262890684,0.2588190451025203,0.2,2.0
2026-07-03 20:20:00,20.0,2.0,0.2,1017.4,30.0,30.8,0.2,0.2,0.3,2.0,2.0,2.0,1017.5,1017.7,1018.0,0.2,0.0,0.2,0.0,2.0,0.0,2.0,0.0,-0.6000000000000227,-0.3000000000000682,0.3420201433256687,0.9396926207859084,-0.8660254037844386,0.5000000000000001,0.2,2.0
2026-07-03 21:20:00,20.0,2.0,0.2,1017.1,30.3,,0.2,0.2,0.2,2.0,2.0,2.0,1017.1,1017.2,1017.4,0.2,0.0,0.2,0.0,2.0,0.0,2.0,0.0,-0.2999999999999545,-0.10000000000002274,0.3420201433256687,0.9396926207859084,-0.7071067811865477,0.7071067811865474,0.2,2.0
2026-07-03 21:50:00,30.0,2.0,0.2,1016.5,30.5,30.9,0.2,0.2,0.2,2.0,2.0,2.0,1017.1,1017.1,1017.2,0.2,0.0,0.2,0.0,2.0,0.0,2.0,0.0,-0.7000000000000455,-0.6000000000000227,0.49999999999999994,0.8660254037844387,-0.7071067811865477,0.7071067811865474,0.2,2.0
2026-07-04 00:20:00,70.0,1.0,0.2,1016.9,30.2,30.9,0.2,0.2,0.2,1.0,1.0,2.0,1016.8,1016.8,1016.8,0.2,0.0,0.2,0.0,1.0,0.0,1.0,0.0,0.10000000000002274,0.10000000000002274,0.9396926207859083,0.3420201433256688,0.0,1.0,0.2,1.0
2026-07-04 01:20:00,80.0,1.0,0.2,1017.4,29.9,30.3,0.2,0.2,0.2,1.0,1.0,1.0,1017.3,1017.3,1016.9,0.2,0.0,0.2,0.0,1.0,0.0,0.8333333333333334,0.408248290463863,0.5,0.10000000000002274,0.984807753012208,0.17364817766693041,0.25881904510252074,0.9659258262890683,0.2,1.0
2026-07-04 02:20:00,,0.0,0.2,1017.6,29.8,30.2,0.2,0.2,0.2,0.0,1.0,1.0,1017.6,1017.4,1017.4,0.2,0.0,0.2,0.0,0.0,0.0,0.3333333333333333,0.5163977794943223,0.20000000000004547,0.20000000000004547,,,0.49999999999999994,0.8660254037844387,0.2,0.0
2026-07-04 05:20:00,140.0,2.0,0.2,1017.8,29.4,30.3,0.2,0.2,0.2,1.0,2.0,1.0,1017.9,1017.8,1018.1,0.2,0.0,0.2,0.0,1.3333333333333333,0.5773502691896258,1.3333333333333333,0.5163977794943222,-0.3000000000000682,0.0,0.6427876096865395,-0.7660444431189779,0.9659258262890683,0.25881904510252074,0.2,1.0
2026-07-04 07:20:00,200.0,2.0,0.2,1017.0,29.1,,0.2,0.2,0.2,1.0,1.0,1.0,1017.1,1017.1,1017.3,0.2,0.0,0.2,0.0,1.3333333333333333,0.5773502691896258,1.1666666666666667,0.408248290463863,-0.2999999999999545,-0.10000000000002274,-0.34202014332566866,-0.9396926207859084,0.9659258262890683,-0.25881904510252063,0.2,1.0
2026-07-04 08:20:00,230.0,1.0,0.2,1016.8,29.0,30.1,0.2,0.2,0.2,2.0,1.0,2.0,1016.9,1017.1,1017.0,0.2,0.0,0.2,0.0,1.3333333333333333,0.5773502691896258,1.3333333333333333,0.5163977794943222,-0.20000000000004547,-0.3000000000000682,-0.7660444431189779,-0.6427876096865395,0.8660254037844387,-0.4999999999999998,0.2,1.0
2026-07-04 09:20:00,210.0,1.0,0.2,1016.3,28.9,30.1,0.2,0.2,0.2,1.0,1.0,1.0,1016.4,1016.6,1016.8,0.2,0.0,0.2,0.0,1.3333333333333333,0.5773502691896258,1.1666666666666667,0.40824829046386285,-0.5,-0.3000000000000682,-0.5000000000000001,-0.8660254037844386,0.7071067811865476,-0.7071067811865475,0.2,1.0
2026-07-04 11:20:00,220.0,2.0,0.2,1016.6,28.8,30.2,0.2,0.2,0.2,2.0,1.0,2.0,1016.7,1016.5,1016.2,0.2,0.0,0.2,0.0,2.0,0.0,1.6666666666666667,0.5163977794943222,0.39999999999997726,0.10000000000002274,-0.6427876096865393,-0.766044443118978,0.258819045102521,-0.9659258262890682,0.2,1.0
2026-07-04 12:20:00,240.0,1.0,0.3,1017.2,29.2,29.8,0.3,0.2,0.2,1.0,1.0,2.0,1017.1,1016.8,1016.6,0.3,0.0,0.26666666666666666,0.05773502691896256,1.0,0.0,1.1666666666666667,0.40824829046386285,0.6000000000000227,0.40000000000009095,-0.8660254037844385,-0.5000000000000004,1.2246467991473532e-16,-1.0,0.2,1.0
2026-07-04 13:20:00,210.0,1.0,0.2,1017.6,29.7,29.9,0.2,0.2,0.3,1.0,1.0,1.0,1017.6,1017.3,1017.2,0.2,0.0,0.2,0.0,1.0,0.0,1.0,0.0,0.39999999999997726,0.3000000000000682,-0.5000000000000001,-0.8660254037844386,-0.2588190451025208,-0.9659258262890683,0.3,1.0
2026-07-04 14:20:00,,0.0,0.2,1018.1,30.1,30.0,0.2,0.3,0.2,1.0,1.0,1.0,1018.0,1017.9,1017.6,0.2,0.0,0.2333333333333333,0.05773502691896256,0.3333333333333333,0.5773502691896258,0.5,0.5477225575051662,0.5,0.20000000000004547,,,-0.4999999999999997,-0.8660254037844388,0.3,1.0
2026-07-04 15:20:00,,0.0,0.2,1018.2,30.0,30.2,0.2,0.3,0.2,1.0,1.0,0.0,1018.2,1018.1,1018.1,0.2,0.0,0.2333333333333333,0.05773502691896256,0.3333333333333333,0.5773502691896258,0.6666666666666666,0.5163977794943223,0.10000000000002274,0.10000000000002274,,,-0.7071067811865471,-0.7071067811865479,0.2,1.0
2026-07-04 17:20:00,360.0,1.0,0.3,1018.4,29.7,30.1,0.3,0.2,0.2,1.0,1.0,1.0,1018.5,1018.4,1018.4,0.3,0.0,0.26666666666666666,0.05773502691896256,1.0,0.0,0.8333333333333334,0.408248290463863,0.0,0.0,-2.4492935982947064e-16,1.0,-0.9659258262890683,-0.25881904510252063,0.2,1.0
2026-07-04 17:50:00,280.0,1.0,0.2,1018.3,29.9,30.1,0.2,0.3,0.2,1.0,1.0,1.0,1018.2,1018.4,1018.4,0.2,0.0,0.25,0.05773502691896256,1.0,0.0,1.0,0.0,-0.10000000000002274,-0.10000000000002274,-0.9848077530122081,0.17364817766692997,-0.9659258262890683,-0.25881904510252063,0.2,1.0
2026-07-04 18:20:00,280.0,1.0,0.2,1018.1,30.0,30.2,0.2,0.2,0.3,1.0,1.0,1.0,1018.2,1018.3,1018.4,0.2,0.0,0.2,0.0,1.0,0.0,1.0,0.0,-0.2999999999999545,-0.1999999999999318,-0.9848077530122081,0.17364817766692997,-1.0,-1.8369701987210297e-16,0.2,1.0
2026-07-04 18:50:00,320.0,1.0,0.2,1018.0,30.1,,0.2,0.2,0.2,0.0,1.0,1.0,1018.0,1018.1,1018.3,0.2,0.0,0.2,0.0,0.6666666666666666,0.5773502691896258,0.8333333333333334,0.408248290463863,-0.2999999999999545,-0.10000000000002274,-0.6427876096865396,0.7660444431189778,-1.0,-1.8369701987210297e-16,0.2,0.0
2026-07-04 19:20:00,,0.0,0.2,1017.8,30.5,30.2,0.2,0.2,0.2,1.0,1.0,1.0,1017.8,1018.0,1018.1,0.2,0.0,0.2,0.0,0.6666666666666666,0.5773502691896258,0.6666666666666666,0.5163977794943223,-0.3000000000000682,-0.20000000000004547,,,-0.9659258262890684,0.2588190451025203,0.2,1.0
2026-07-04 21:20:00,320.0,1.0,0.2,1016.6,31.2,30.4,0.2,0.2,0.2,0.0,0.0,1.0,1016.6,1016.8,1017.1,0.2,0.0,0.2,0.0,0.3333333333333333,0.5773502691896258,0.16666666666666666,0.408248290463863,-0.5,-0.1999999999999318,-0.6427876096865396,0.7660444431189778,-0.7071067811865477,0.7071067811865474,0.2,1.0
2026-07-04 22:20:00,290.0,1.0,0.2,1016.3,31.2,30.3,0.2,0.2,0.2,1.0,1.0,1.0,1016.5,1016.8,1016.6,0.2,0.0,0.2,0.0,1.0,0.0,0.6666666666666666,0.5163977794943223,-0.3000000000000682,-0.5,-0.9396926207859083,0.342020143325669,-0.5000000000000004,0.8660254037844384,0.2,1.0
2026-07-05 01:20:00,120.0,1.0,0.2,1016.0,30.0,31.1,0.2,0.2,0.2,1.0,0.0,1.0,1015.8,1015.9,1015.9,0.2,0.0,0.2,0.0,1.0,0.0,0.5,0.5477225575051663,0.10000000000002274,0.10000000000002274,0.8660254037844387,-0.4999999999999998,0.25881904510252074,0.9659258262890683,0.2,2.0
2026-07-05 02:20:00,160.0,2.0,0.2,1016.0,29.9,30.4,0.2,0.2,0.2,3.0,2.0,1.0,1016.0,1016.0,1016.0,0.2,0.0,0.2,0.0,2.3333333333333335,0.5773502691896257,2.0,0.6324555320336747,0.0,0.0,0.3420201433256689,-0.9396926207859083,0.49999999999999994,0.8660254037844387,0.2,1.0
2026-07-05 03:20:00,170.0,2.0,0.2,1016.5,29.6,30.5,0.2,0.2,0.2,2.0,1.0,2.0,1016.2,1016.2,1016.0,0.2,0.0,0.2,0.0,2.0,0.0,1.8333333333333333,0.4082482904638615,0.5,0.2999999999999545,0.17364817766693028,-0.984807753012208,0.7071067811865476,0.7071067811865476,0.2,2.0
2026-07-05 04:20:00,150.0,3.0,0.2,1016.7,29.6,30.8,0.2,0.2,0.2,2.0,2.0,2.0,1016.8,1016.8,1016.5,0.2,0.0,0.2,0.0,2.3333333333333335,0.5773502691896257,2.0,0.6324555320336747,0.20000000000004547,-0.09999999999990905,0.49999999999999994,-0.8660254037844387,0.8660254037844386,0.5000000000000001,0.2,2.0
2026-07-05 05:20:00,160.0,2.0,0.1,1016.6,29.5,30.3,0.1,0.2,0.2,2.0,2.0,3.0,1016.7,1016.6,1016.7,0.1,0.0,0.13333333333333333,0.05773502691896259,2.0,0.0,2.0,0.0,-0.10000000000002274,0.0,0.3420201433256689,-0.9396926207859083,0.9659258262890683,0.25881904510252074,0.1,2.0
2026-07-05 06:20:00,150.0,3.0,0.2,1016.2,29.2,30.1,0.2,0.1,0.1,3.0,2.0,2.0,1016.2,1016.3,1016.6,0.2,0.0,0.16666666666666666,0.05773502691896259,3.0,0.0,2.5,0.5477225575051664,-0.39999999999997726,-0.09999999999990905,0.49999999999999994,-0.8660254037844387,1.0,6.123233995736766e-17,0.1,2.0
2026-07-05 07:20:00,180.0,3.0,0.2,1015.7,29.0,,0.2,0.1,0.2,2.0,2.0,3.0,1015.8,1016.0,1016.2,0.2,0.0,0.16666666666666666,0.05773502691896258,2.6666666666666665,0.5773502691896257,2.5,0.5477225575051664,-0.5,-0.2999999999999545,1.2246467991473532e-16,-1.0,0.9659258262890683,-0.25881904510252063,0.1,3.0
2026-07-05 08:20:00,200.0,3.0,0.1,1015.9,29.1,30.3,0.1,0.1,0.2,3.0,3.0,3.0,1015.7,1015.8,1015.7,0.1,0.0,0.1,0.0,3.0,0.0,3.0,0.0,0.1999999999999318,0.10000000000002274,-0.34202014332566866,-0.9396926207859084,0.8660254037844387,-0.4999999999999998,0.1,3.0
2026-07-05 09:20:00,240.0,2.0,0.1,1016.2,29.0,30.4,0.1,0.1,0.1,2.0,3.0,3.0,1016.2,1016.1,1015.9,0.1,0.0,0.1,0.0,2.3333333333333335,0.5773502691896257,2.5,0.5477225575051664,0.3000000000000682,0.10000000000002274,-0.8660254037844385,-0.5000000000000004,0.7071067811865476,-0.7071067811865475,0.1,2.0
2026-07-05 10:20:00,240.0,2.0,0.1,1016.2,29.0,30.0,0.1,0.1,0.1,2.0,2.0,2.0,1016.4,1016.2,1016.2,0.1,0.0,0.1,0.0,2.0,0.0,2.0,0.0,0.0,0.0,-0.8660254037844385,-0.5000000000000004,0.49999999999999994,-0.8660254037844387,0.1,2.0
2026-07-05 11:20:00,220.0,2.0,0.1,1016.4,29.0,30.1,0.1,0.1,0.1,2.0,2.0,2.0,1016.5,1016.4,1016.2,0.1,0.0,0.1,0.0,2.0,0.0,2.1666666666666665,0.408248290463863,0.1999999999999318,0.0,-0.6427876096865393,-0.766044443118978,0.258819045102521,-0.9659258262890682,0.1,2.0
2026-07-05 13:20:00,250.0,1.0,0.1,1017.4,29.8,29.9,0.1,0.1,0.1,1.0,2.0,2.0,1017.5,1017.4,1017.1,0.1,0.0,0.1,0.0,1.3333333333333333,0.5773502691896258,1.6666666666666667,0.5163977794943222,0.2999999999999545,0.0,-0.9396926207859084,-0.34202014332566855,-0.2588190451025208,-0.9659258262890683,0.1,1.0
2026-07-05 14:20:00,240.0,2.0,0.1,1017.4,29.8,29.9,0.1,0.1,0.1,1.0,1.0,1.0,1017.5,1017.5,1017.4,0.1,0.0,0.1,0.0,1.3333333333333333,0.5773502691896258,1.5,0.5477225575051661,0.0,-0.10000000000002274,-0.8660254037844385,-0.5000000000000004,-0.4999999999999997,-0.8660254037844388,0.1,1.0
2026-07-05 16:20:00,190.0,1.0,0.1,1017.4,30.0,30.0,0.1,0.1,0.1,1.0,0.0,1.0,1017.5,1017.6,1017.6,0.1,0.0,0.1,0.0,1.0,0.0,0.5,0.5477225575051662,-0.20000000000004547,-0.20000000000004547,-0.17364817766693047,-0.984807753012208,-0.8660254037844385,-0.5000000000000004,0.1,1.0
2026-07-05 17:20:00,,0.0,0.1,1017.9,30.4,30.1,0.1,0.1,0.1,0.0,1.0,1.0,1017.9,1017.8,1017.4,0.1,0.0,0.1,0.0,0.3333333333333333,0.5773502691896258,0.6666666666666666,0.5163977794943223,0.5,0.10000000000002274,,,-0.9659258262890683,-0.25881904510252063,0.1,0.0
2026-07-05 18:20:00,,0.0,0.1,1017.6,30.9,30.2,0.1,0.1,0.1,0.0,0.0,0.0,1017.6,1017.7,1017.9,0.1,0.0,0.1,0.0,0.0,0.0,0.3333333333333333,0.5163977794943223,-0.2999999999999545,-0.10000000000002274,,,-1.0,-1.8369701987210297e-16,0.1,1.0
2026-07-05 18:50:00,120.0,1.0,0.1,1017.1,30.4,30.1,0.1,0.1,0.1,1.0,0.0,0.0,1017.3,1017.6,1017.7,0.1,0.0,0.1,0.0,0.6666666666666666,0.5773502691896258,0.3333333333333333,0.5163977794943223,-0.6000000000000227,-0.5,0.8660254037844387,-0.4999999999999998,-1.0,-1.8369701987210297e-16,0.1,2.0
2026-07-05 19:20:00,90.0,2.0,0.1,1016.9,30.1,,0.1,0.1,0.1,1.0,1.0,0.0,1017.0,1017.1,1017.6,0.1,0.0,0.1,0.0,1.3333333333333333,0.5773502691896258,1.0,0.6324555320336759,-0.7000000000000455,-0.20000000000004547,1.0,6.123233995736766e-17,-0.9659258262890684,0.2588190451025203,0.1,1.0
2026-07-05 19:50:00,80.0,1.0,0.1,1016.5,30.7,,0.1,0.1,0.1,0.0,2.0,1.0,1016.8,1016.9,1017.1,0.1,0.0,0.1,0.0,0.6666666666666666,0.5773502691896258,1.0,0.6324555320336759,-0.6000000000000227,-0.39999999999997726,0.984807753012208,0.17364817766693041,-0.9659258262890684,0.2588190451025203,0.2,1.0
2026-07-05 20:20:00,100.0,1.0,0.2,1016.2,30.5,,0.2,0.1,0.1,1.0,1.0,2.0,1016.4,1016.5,1016.9,0.2,0.0,0.15000000000000002,0.05773502691896259,1.0,0.0,0.8333333333333334,0.40824829046386296,-0.6999999999999318,-0.2999999999999545,0.984807753012208,-0.1736481776669303,-0.8660254037844386,0.5000000000000001,0.2,0.0
2026-07-05 21:20:00,140.0,1.0,0.2,1015.4,31.0,30.1,0.2,0.2,0.2,1.0,0.0,1.0,1015.6,1016.0,1016.2,0.2,0.0,0.2,0.0,1.0,0.0,0.8333333333333334,0.408248290463863,-0.8000000000000682,-0.6000000000000227,0.6427876096865395,-0.7660444431189779,-0.7071067811865477,0.7071067811865474,0.2,1.0
2026-07-05 22:20:00,150.0,2.0,0.2,1014.4,30.5,30.0,0.2,0.2,0.2,2.0,1.0,1.0,1014.6,1014.8,1015.4,0.2,0.0,0.2,0.0,1.6666666666666667,0.5773502691896258,1.3333333333333333,0.5163977794943222,-1.0,-0.39999999999997726,0.49999999999999994,-0.8660254037844387,-0.5000000000000004,0.8660254037844384,0.2,2.0
2026-07-06 01:20:00,130.0,1.0,0.2,1014.8,30.1,30.4,0.2,0.2,0.2,1.0,1.0,2.0,1014.7,1014.8,1014.5,0.2,0.0,0.2,0.0,1.0,0.0,1.3333333333333333,0.5163977794943222,0.2999999999999545,0.0,0.766044443118978,-0.6427876096865394,0.25881904510252074,0.9659258262890683,0.2,2.0
2026-07-06 02:20:00,150.0,3.0,0.2,1015.2,29.9,30.7,0.2,0.2,0.2,3.0,2.0,1.0,1015.1,1015.0,1014.8,0.2,0.0,0.2,0.0,2.6666666666666665,0.5773502691896257,1.8333333333333333,1.169045194450012,0.40000000000009095,0.20000000000004547,0.49999999999999994,-0.8660254037844387,0.49999999999999994,0.8660254037844387,0.1,3.0
2026-07-06 03:20:00,150.0,3.0,0.1,1016.0,29.9,30.5,0.1,0.1,0.2,3.0,3.0,3.0,1015.9,1015.7,1015.2,0.1,0.0,0.1,0.0,3.0,0.0,3.0,0.0,0.7999999999999545,0.2999999999999545,0.49999999999999994,-0.8660254037844387,0.7071067811865476,0.7071067811865476,0.1,2.0
2026-07-06 04:20:00,150.0,2.0,0.1,1016.2,29.7,30.3,0.1,0.1,0.1,2.0,2.0,3.0,1016.1,1016.1,1016.0,0.1,0.0,0.1,0.0,2.0,0.0,2.0,0.0,0.20000000000004547,0.10000000000002274,0.49999999999999994,-0.8660254037844387,0.8660254037844386,0.5000000000000001,0.1,1.0
2026-07-06 05:20:00,140.0,2.0,0.1,1016.4,29.7,31.0,0.1,0.1,0.1,1.0,1.0,2.0,1016.4,1016.3,1016.2,0.1,0.0,0.1,0.0,1.0,1.0,1.3333333333333333,0.8164965809277259,0.1999999999999318,0.10000000000002274,0.6427876096865395,-0.7660444431189779,0.9659258262890683,0.25881904510252074,0.1,3.0
2026-07-06 05:50:00,140.0,3.0,0.1,1015.9,29.6,30.9,0.1,0.1,0.1,3.0,2.0,1.0,1016.0,1016.4,1016.3,0.1,0.0,0.1,0.0,2.6666666666666665,0.5773502691896257,1.8333333333333333,1.1690451944500122,-0.39999999999997726,-0.5,0.6427876096865395,-0.7660444431189779,0.9659258262890683,0.25881904510252074,0.1,3.0
2026-07-06 06:20:00,140.0,3.0,0.1,1016.2,29.6,30.1,0.1,0.1,0.1,3.0,3.0,2.0,1015.8,1015.9,1016.4,0.1,0.0,0.1,0.0,3.0,0.0,2.8333333333333335,0.40824829046386385,-0.1999999999999318,0.3000000000000682,0.6427876096865395,-0.7660444431189779,1.0,6.123233995736766e-17,0.1,2.0
2026-07-06 07:20:00,180.0,2.0,0.1,1016.1,29.5,,0.1,0.1,0.1,2.0,2.0,3.0,1016.2,1016.2,1016.2,0.1,0.0,0.1,0.0,2.0,0.0,2.1666666666666665,0.4082482904638636,-0.10000000000002274,-0.10000000000002274,1.2246467991473532e-16,-1.0,0.9659258262890683,-0.25881904510252063,0.1,3.0
2026-07-06 09:20:00,180.0,4.0,0.1,1015.7,29.4,,0.1,0.1,0.1,4.0,4.0,3.0,1015.7,1015.8,1016.1,0.1,0.0,0.1,0.0,4.0,0.0,4.0,0.0,-0.39999999999997726,-0.09999999999990905,1.2246467991473532e-16,-1.0,0.7071067811865476,-0.7071067811865475,0.1,4.0
2026-07-06 10:20:00,180.0,4.0,0.1,1015.6,29.2,30.0,0.1,0.1,0.1,4.0,4.0,4.0,1015.6,1015.8,1015.7,0.1,0.0,0.1,0.0,4.333333333333333,0.5773502691896258,4.166666666666667,0.40824829046386296,-0.10000000000002274,-0.1999999999999318,1.2246467991473532e-16,-1.0,0.49999999999999994,-0.8660254037844387,0.1,4.0
2026-07-06 12:20:00,190.0,4.0,0.2,1016.4,29.6,30.3,0.2,0.1,0.2,4.0,4.0,4.0,1016.5,1016.3,1016.0,0.2,0.0,0.16666666666666666,0.05773502691896258,4.0,0.0,4.0,0.0,0.39999999999997726,0.10000000000002274,-0.17364817766693047,-0.984807753012208,1.2246467991473532e-16,-1.0,0.2,4.0
2026-07-06 13:20:00,200.0,3.0,0.2,1017.0,29.8,30.3,0.2,0.2,0.2,3.0,4.0,4.0,1016.9,1016.8,1016.4,0.2,0.0,0.2,0.0,3.3333333333333335,0.5773502691896257,3.6666666666666665,0.5163977794943223,0.6000000000000227,0.20000000000004547,-0.34202014332566866,-0.9396926207859084,-0.2588190451025208,-0.9659258262890683,0.2,3.0
2026-07-06 14:20:00,200.0,3.0,0.2,1017.3,29.8,29.9,0.2,0.2,0.2,3.0,3.0,3.0,1017.4,1017.3,1017.0,0.2,0.0,0.2,0.0,3.0,0.0,2.8333333333333335,0.40824829046386435,0.2999999999999545,0.0,-0.34202014332566866,-0.9396926207859084,-0.4999999999999997,-0.8660254037844388,0.2,3.0
2026-07-06 15:20:00,190.0,2.0,0.2,1017.5,29.7,30.1,0.2,0.2,0.2,3.0,3.0,3.0,1017.6,1017.5,1017.3,0.2,0.0,0.2,0.0,2.6666666666666665,0.5773502691896257,2.8333333333333335,0.408248290463863,0.20000000000004547,0.0,-0.17364817766693047,-0.984807753012208,-0.7071067811865471,-0.7071067811865479,0.2,1.0
2026-07-06 16:20:00,160.0,2.0,0.2,1017.9,29.9,30.3,0.2,0.2,0.2,3.0,1.0,2.0,1017.9,1017.7,1017.5,0.2,0.0,0.2,0.0,2.3333333333333335,0.5773502691896258,2.0,0.6324555320336763,0.39999999999997726,0.1999999999999318,0.3420201433256689,-0.9396926207859083,-0.8660254037844385,-0.5000000000000004,0.2,2.0
2026-07-06 17:20:00,190.0,2.0,0.2,1018.2,30.1,30.3,0.2,0.2,0.2,2.0,2.0,2.0,1018.3,1018.2,1017.9,0.2,0.0,0.2,0.0,2.0,0.0,2.0,0.0,0.3000000000000682,0.0,-0.17364817766693047,-0.984807753012208,-0.9659258262890683,-0.25881904510252063,0.2,1.0
2026-07-06 19:20:00,200.0,1.0,0.2,1017.6,30.5,,0.2,0.2,0.2,1.0,2.0,1.0,1017.6,1017.7,1017.9,0.2,0.0,0.2,0.0,1.0,0.0,1.3333333333333333,0.516397779494322,-0.2999999999999545,-0.10000000000002274,-0.34202014332566866,-0.9396926207859084,-0.9659258262890684,0.2588190451025203,0.2,2.0
2026-07-06 20:20:00,240.0,2.0,0.2,1017.1,30.6,30.4,0.2,0.2,0.2,1.0,2.0,1.0,1017.3,1017.3,1017.6,0.2,0.0,0.2,0.0,1.3333333333333333,0.5773502691896258,1.3333333333333333,0.5163977794943222,-0.5,-0.1999999999999318,-0.8660254037844385,-0.5000000000000004,-0.8660254037844386,0.5000000000000001,0.2,1.0
2026-07-06 21:20:00,240.0,1.0,0.2,1016.8,31.1,30.3,0.2,0.2,0.2,1.0,1.0,2.0,1016.8,1016.8,1017.1,0.2,0.0,0.2,0.0,1.3333333333333333,0.5773502691896258,1.3333333333333333,0.5163977794943222,-0.3000000000000682,0.0,-0.8660254037844385,-0.5000000000000004,-0.7071067811865477,0.7071067811865474,0.2,2.0
2026-07-06 22:20:00,300.0,1.0,0.2,1016.5,31.1,30.4,0.2,0.2,0.2,2.0,2.0,1.0,1016.5,1016.6,1016.8,0.2,0.0,0.2,0.0,1.3333333333333333,0.5773502691896258,1.3333333333333333,0.5163977794943222,-0.2999999999999545,-0.10000000000002274,-0.8660254037844386,0.5000000000000001,-0.5000000000000004,0.8660254037844384,0.2,1.0
2026-07-07 01:20:00,90.0,2.0,0.2,1016.4,30.0,30.6,0.2,0.2,0.2,2.0,2.0,1.0,1016.3,1016.2,1016.2,0.2,0.0,0.2,0.0,1.6666666666666667,0.5773502691896258,1.5,0.5477225575051661,0.1999999999999318,0.1999999999999318,1.0,6.123233995736766e-17,0.25881904510252074,0.9659258262890683,0.2,3.0
2026-07-07 02:20:00,100.0,2.0,0.2,1017.0,30.0,30.6,0.2,0.2,0.2,3.0,3.0,2.0,1016.9,1016.5,1016.4,0.2,0.0,0.2,0.0,2.6666666666666665,0.5773502691896257,2.5,0.5477225575051659,0.6000000000000227,0.5,0.984807753012208,-0.1736481776669303,0.49999999999999994,0.8660254037844387,0.2,3.0
2026-07-07 03:20:00,110.0,4.0,0.2,1017.3,29.8,30.5,0.2,0.2,0.2,4.0,3.0,2.0,1017.2,1017.1,1017.0,0.2,0.0,0.2,0.0,4.0,0.0,3.5,0.5477225575051656,0.2999999999999545,0.1999999999999318,0.9396926207859084,-0.3420201433256687,0.7071067811865476,0.7071067811865476,0.2,4.0
2026-07-07 04:20:00,120.0,5.0,0.2,1017.9,29.8,30.5,0.2,0.2,0.2,5.0,4.0,4.0,1017.9,1017.6,1017.3,0.2,0.0,0.2,0.0,5.0,0.0,4.5,0.5477225575051659,0.6000000000000227,0.2999999999999545,0.8660254037844387,-0.4999999999999998,0.8660254037844386,0.5000000000000001,0.2,5.0
2026-07-07 05:20:00,120.0,5.0,0.2,1017.8,29.8,30.5,0.2,0.2,0.2,5.0,5.0,5.0,1017.7,1017.9,1017.9,0.2,0.0,0.2,0.0,5.0,0.0,5.0,0.0,-0.10000000000002274,-0.10000000000002274,0.8660254037844387,-0.4999999999999998,0.9659258262890683,0.25881904510252074,0.2,4.0
2026-07-07 06:20:00,140.0,4.0,0.2,1017.8,29.6,30.0,0.2,0.2,0.2,4.0,4.0,5.0,1017.8,1017.7,1017.8,0.2,0.0,0.2,0.0,4.0,0.0,4.333333333333333,0.5163977794943221,0.0,0.09999999999990905,0.6427876096865395,-0.7660444431189779,1.0,6.123233995736766e-17,0.2,4.0
2026-07-07 06:50:00,150.0,4.0,0.2,1017.4,29.7,30.3,0.2,0.2,0.2,4.0,4.0,4.0,1017.6,1017.8,1017.7,0.2,0.0,0.2,0.0,4.0,0.0,4.0,0.0,-0.3000000000000682,-0.39999999999997726,0.49999999999999994,-0.8660254037844387,1.0,6.123233995736766e-17,0.2,5.0
2026-07-07 07:20:00,150.0,5.0,0.2,1017.3,29.6,30.4,0.2,0.2,0.2,4.0,4.0,4.0,1017.3,1017.4,1017.8,0.2,0.0,0.2,0.0,4.333333333333333,0.5773502691896258,4.166666666666667,0.40824829046386296,-0.5,-0.10000000000002274,0.49999999999999994,-0.8660254037844387,0.9659258262890683,-0.25881904510252063,0.2,4.0
2026-07-07 08:20:00,160.0,4.0,0.2,1017.0,29.5,30.1,0.2,0.2,0.2,4.0,4.0,5.0,1017.1,1017.2,1017.3,0.2,0.0,0.2,0.0,4.0,0.0,4.0,0.0,-0.2999999999999545,-0.20000000000004547,0.3420201433256689,-0.9396926207859083,0.8660254037844387,-0.4999999999999998,0.2,4.0
2026-07-07 09:20:00,160.0,5.0,0.2,1016.9,29.4,30.2,0.2,0.2,0.2,4.0,4.0,4.0,1016.9,1016.9,1017.0,0.2,0.0,0.2,0.0,4.333333333333333,0.5773502691896258,4.166666666666667,0.40824829046386296,-0.10000000000002274,0.0,0.3420201433256689,-0.9396926207859083,0.7071067811865476,-0.7071067811865475,0.2,4.0
2026-07-07 10:20:00,150.0,4.0,0.2,1017.2,29.5,30.1,0.2,0.2,0.2,4.0,4.0,5.0,1017.2,1017.1,1016.9,0.2,0.0,0.2,0.0,4.0,0.0,4.0,0.0,0.3000000000000682,0.10000000000002274,0.49999999999999994,-0.8660254037844387,0.49999999999999994,-0.8660254037844387,0.2,3.0
2026-07-07 11:20:00,160.0,3.0,0.2,1018.0,29.5,29.9,0.2,0.2,0.2,3.0,3.0,4.0,1017.8,1017.7,1017.2,0.2,0.0,0.2,0.0,3.0,0.0,3.0,0.0,0.7999999999999545,0.2999999999999545,0.3420201433256689,-0.9396926207859083,0.258819045102521,-0.9659258262890682,0.2,3.0
2026-07-07 12:20:00,130.0,3.0,0.2,1018.6,29.8,30.0,0.2,0.2,0.2,3.0,3.0,3.0,1018.5,1018.4,1018.0,0.2,0.0,0.2,0.0,3.0,0.0,3.0,0.0,0.6000000000000227,0.20000000000004547,0.766044443118978,-0.6427876096865394,1.2246467991473532e-16,-1.0,0.2,2.0
2026-07-07 13:20:00,130.0,3.0,0.2,1019.2,29.9,29.8,0.2,0.2,0.2,3.0,2.0,3.0,1019.2,1018.9,1018.6,0.2,0.0,0.2,0.0,3.0,0.0,2.8333333333333335,0.408248290463863,0.6000000000000227,0.3000000000000682,0.766044443118978,-0.6427876096865394,-0.2588190451025208,-0.9659258262890683,0.2,2.0
2026-07-07 14:20:00,120.0,1.0,0.3,1019.6,30.3,29.9,0.3,0.2,0.2,2.0,2.0,3.0,1019.6,1019.5,1019.2,0.3,0.0,0.26666666666666666,0.05773502691896256,1.6666666666666667,0.5773502691896258,1.8333333333333333,0.408248290463863,0.39999999999997726,0.10000000000002274,0.8660254037844387,-0.4999999999999998,-0.4999999999999997,-0.8660254037844388,0.3,2.0
2026-07-07 15:20:00,140.0,2.0,0.3,1019.7,30.0,30.2,0.3,0.3,0.3,2.0,2.0,1.0,1019.7,1019.5,1019.6,0.3,0.0,0.3,0.0,2.0,0.0,2.0,0.0,0.10000000000002274,0.20000000000004547,0.6427876096865395,-0.7660444431189779,-0.7071067811865471,-0.7071067811865479,0.3,2.0
2026-07-07 16:20:00,140.0,3.0,0.3,1019.7,29.9,30.2,0.3,0.3,0.3,3.0,2.0,2.0,1019.7,1019.8,1019.7,0.3,0.0,0.3,0.0,2.6666666666666665,0.5773502691896257,2.3333333333333335,0.5163977794943223,0.0,-0.09999999999990905,0.6427876096865395,-0.7660444431189779,-0.8660254037844385,-0.5000000000000004,0.3,3.0
2026-07-07 17:20:00,120.0,2.0,0.3,1019.5,30.0,30.5,0.3,0.3,0.3,2.0,3.0,3.0,1019.5,1019.7,1019.7,0.3,0.0,0.3,0.0,2.3333333333333335,0.5773502691896257,2.6666666666666665,0.5163977794943223,-0.20000000000004547,-0.20000000000004547,0.8660254037844387,-0.4999999999999998,-0.9659258262890683,-0.25881904510252063,0.3,2.0
2026-07-07 18:20:00,110.0,2.0,0.3,1019.5,30.4,30.7,0.3,0.3,0.3,1.0,2.0,2.0,1019.4,1019.5,1019.5,0.3,0.0,0.3,0.0,1.3333333333333333,0.5773502691896258,1.6666666666666667,0.5163977794943222,0.0,0.0,0.9396926207859084,-0.3420201433256687,-1.0,-1.8369701987210297e-16,0.3,2.0
2026-07-07 19:20:00,130.0,1.0,0.3,1019.0,30.4,,0.3,0.3,0.3,1.0,2.0,2.0,1019.1,1019.4,1019.5,0.3,0.0,0.3,0.0,1.0,0.0,1.5,0.5477225575051661,-0.5,-0.39999999999997726,0.766044443118978,-0.6427876096865394,-0.9659258262890684,0.2588190451025203,0.3,1.0
2026-07-07 20:20:00,80.0,1.0,0.3,1018.4,30.7,30.6,0.3,0.3,0.3,2.0,1.0,1.0,1018.6,1018.8,1019.0,0.3,0.0,0.3,0.0,1.6666666666666667,0.5773502691896258,1.5,0.5477225575051662,-0.6000000000000227,-0.39999999999997726,0.984807753012208,0.17364817766693041,-0.8660254037844386,0.5000000000000001,0.3,1.0
2026-07-07 23:20:00,130.0,2.0,0.2,1018.1,30.5,30.7,0.2,,0.3,2.0,2.0,2.0,1018.1,1018.0,1018.1,0.2,0.0,0.2333333333333333,0.05773502691896256,2.0,0.0,1.8333333333333333,0.408248290463863,0.0,0.10000000000002274,0.766044443118978,-0.6427876096865394,-0.25881904510252157,0.9659258262890681,0.2,2.0
2026-07-08 00:20:00,100.0,2.0,0.3,1018.4,30.7,31.1,0.3,0.2,0.2,2.0,2.0,2.0,1018.3,1018.1,1018.1,0.3,0.0,0.26666666666666666,0.05773502691896256,2.0,0.0,2.0,0.0,0.2999999999999545,0.2999999999999545,0.984807753012208,-0.1736481776669303,0.0,1.0,0.3,3.0
2026-07-08 01:20:00,100.0,3.0,0.3,1019.0,30.4,30.8,0.3,0.3,0.3,3.0,3.0,2.0,1018.8,1018.7,1018.4,0.3,0.0,0.3,0.0,3.0,0.0,2.8333333333333335,0.4082482904638636,0.6000000000000227,0.2999999999999545,0.984807753012208,-0.1736481776669303,0.25881904510252074,0.9659258262890683,0.3,2.0
2026-07-08 02:20:00,100.0,2.0,0.3,1019.0,30.0,30.3,0.3,0.3,0.3,2.0,2.0,3.0,1019.1,1019.0,1019.0,0.3,0.0,0.3,0.0,2.0,0.0,2.3333333333333335,0.5163977794943226,0.0,0.0,0.984807753012208,-0.1736481776669303,0.49999999999999994,0.8660254037844387,0.3,3.0
2026-07-08 03:50:00,90.0,4.0,0.3,1019.1,30.0,30.2,0.3,0.3,0.3,3.0,3.0,3.0,1019.2,1019.3,1019.3,0.3,0.0,0.3,0.0,3.3333333333333335,0.5773502691896257,2.8333333333333335,0.7527726527090812,-0.1999999999999318,-0.1999999999999318,1.0,6.123233995736766e-17,0.7071067811865476,0.7071067811865476,0.3,3.0
2026-07-08 04:50:00,90.0,4.0,0.3,1019.4,29.8,30.1,0.3,0.3,0.3,4.0,3.0,4.0,1019.4,1019.4,1019.1,0.3,0.0,0.3,0.0,3.6666666666666665,0.5773502691896257,3.6666666666666665,0.5163977794943235,0.2999999999999545,0.0,1.0,6.123233995736766e-17,0.8660254037844386,0.5000000000000001,0.2,3.0
2026-07-08 05:20:00,90.0,3.0,0.2,1019.3,29.7,30.0,0.2,0.3,0.3,3.0,4.0,3.0,1019.4,1019.4,1019.4,0.2,0.0,0.25,0.057735026918962595,3.3333333333333335,0.5773502691896257,3.5,0.5477225575051672,-0.10000000000002274,-0.10000000000002274,1.0,6.123233995736766e-17,0.9659258262890683,0.25881904510252074,0.2,3.0
2026-07-08 06:20:00,90.0,3.0,0.2,1019.1,29.7,30.0,0.2,0.2,0.2,3.0,3.0,3.0,1019.0,1019.2,1019.3,0.2,0.0,0.2,0.0,3.0,0.0,3.0,0.0,-0.1999999999999318,-0.10000000000002274,1.0,6.123233995736766e-17,1.0,6.123233995736766e-17,0.2,2.0
2026-07-08 06:50:00,120.0,2.0,0.2,1018.9,,29.9,0.2,0.2,0.2,2.0,3.0,3.0,1018.9,1019.1,1019.2,0.2,0.0,0.2,0.0,2.3333333333333335,0.5773502691896257,2.6666666666666665,0.5163977794943223,-0.3000000000000682,-0.20000000000004547,0.8660254037844387,-0.4999999999999998,1.0,6.123233995736766e-17,0.2,3.0
2026-07-08 08:20:00,100.0,2.0,0.2,1018.4,29.5,30.3,0.2,0.2,0.2,2.0,2.0,3.0,1018.2,1018.3,1018.4,0.2,0.0,0.2,0.0,2.0,0.0,2.0,0.0,0.0,0.10000000000002274,0.984807753012208,-0.1736481776669303,0.8660254037844387,-0.4999999999999998,0.2,2.0
2026-07-08 10:20:00,90.0,3.0,0.2,1018.2,29.5,30.3,0.2,0.2,0.2,3.0,3.0,2.0,1018.2,1018.3,1018.4,0.2,0.0,0.2,0.0,3.0,0.0,3.0,0.0,-0.1999999999999318,-0.09999999999990905,1.0,6.123233995736766e-17,0.49999999999999994,-0.8660254037844387,0.2,3.0
2026-07-08 11:20:00,100.0,3.0,0.2,1018.6,29.5,30.1,0.2,0.2,0.2,3.0,3.0,3.0,1018.5,1018.4,1018.2,0.2,0.0,0.2,0.0,3.0,0.0,3.0,0.0,0.39999999999997726,0.20000000000004547,0.984807753012208,-0.1736481776669303,0.258819045102521,-0.9659258262890682,0.2,3.0
2026-07-08 12:20:00,80.0,3.0,0.2,1019.1,29.6,30.0,0.2,0.2,0.2,3.0,3.0,3.0,1019.0,1018.9,1018.6,0.2,0.0,0.2,0.0,3.0,0.0,3.0,0.0,0.5,0.20000000000004547,0.984807753012208,0.17364817766693041,1.2246467991473532e-16,-1.0,0.2,3.0
2026-07-08 12:50:00,80.0,3.0,0.2,1019.4,29.6,,0.2,0.2,0.2,3.0,3.0,3.0,1019.3,1019.1,1018.9,0.2,0.0,0.2,0.0,3.0,0.0,3.0,0.0,0.5,0.2999999999999545,0.984807753012208,0.17364817766693041,1.2246467991473532e-16,-1.0,0.2,3.0
2026-07-08 14:20:00,80.0,4.0,0.2,1020.2,29.8,30.1,0.2,0.2,0.2,4.0,4.0,3.0,1020.1,1019.9,1019.7,0.2,0.0,0.2,0.0,4.0,0.0,3.8333333333333335,0.4082482904638636,0.5,0.3000000000000682,0.984807753012208,0.17364817766693041,-0.4999999999999997,-0.8660254037844388,0.2,5.0
2026-07-08 14:50:00,70.0,5.0,0.2,1020.3,29.8,30.1,0.2,0.2,0.2,5.0,4.0,4.0,1020.4,1020.2,1019.9,0.2,0.0,0.2,0.0,4.666666666666667,0.5773502691896258,4.333333333333333,0.5163977794943221,0.39999999999997726,0.09999999999990905,0.9396926207859083,0.3420201433256688,-0.4999999999999997,-0.8660254037844388,0.2,5.0
2026-07-08 15:20:00,90.0,5.0,0.2,1020.4,30.0,30.1,0.2,0.2,0.2,5.0,5.0,4.0,1020.3,1020.3,1020.2,0.2,0.0,0.2,0.0,5.0,0.0,4.833333333333333,0.4082482904638632,0.1999999999999318,0.10000000000002274,1.0,6.123233995736766e-17,-0.7071067811865471,-0.7071067811865479,0.2,5.0
2026-07-08 16:20:00,90.0,4.0,0.2,1020.4,30.1,30.1,0.2,0.2,0.2,5.0,5.0,5.0,1020.6,1020.6,1020.4,0.2,0.0,0.2,0.0,4.666666666666667,0.5773502691896258,4.833333333333333,0.40824829046386296,0.0,-0.20000000000004547,1.0,6.123233995736766e-17,-0.8660254037844385,-0.5000000000000004,0.2,4.0
2026-07-08 17:20:00,80.0,3.0,0.2,1020.4,30.1,30.2,0.2,0.2,0.2,4.0,4.0,4.0,1020.5,1020.6,1020.4,0.2,0.0,0.2,0.0,3.6666666666666665,0.5773502691896257,3.8333333333333335,0.408248290463863,0.0,-0.20000000000004547,0.984807753012208,0.17364817766693041,-0.9659258262890683,-0.25881904510252063,0.2,3.0
2026-07-08 18:20:00,70.0,3.0,0.2,1020.2,30.1,30.3,0.2,0.2,0.2,3.0,3.0,3.0,1020.3,1020.3,1020.4,0.2,0.0,0.2,0.0,3.0,0.0,3.0,0.0,-0.1999999999999318,-0.09999999999990905,0.9396926207859083,0.3420201433256688,-1.0,-1.8369701987210297e-16,0.2,4.0
2026-07-08 20:20:00,80.0,4.0,0.2,1019.0,30.1,30.5,0.2,0.2,0.2,4.0,4.0,4.0,1019.1,1019.1,1019.5,0.2,0.0,0.2,0.0,4.0,0.0,4.0,0.0,-0.5,-0.10000000000002274,0.984807753012208,0.17364817766693041,-0.8660254037844386,0.5000000000000001,0.2,4.0
2026-07-08 21:20:00,90.0,4.0,0.2,1018.7,30.3,30.4,0.2,0.2,0.2,4.0,4.0,4.0,1018.7,1018.8,1019.0,0.2,0.0,0.2,0.0,4.0,0.0,4.0,0.0,-0.2999999999999545,-0.09999999999990905,1.0,6.123233995736766e-17,-0.7071067811865477,0.7071067811865474,0.2,5.0
2026-07-09 00:20:00,80.0,6.0,0.2,1017.9,29.9,30.0,0.2,0.2,0.2,5.0,5.0,4.0,1018.0,1017.9,1017.9,0.2,0.0,0.2,0.0,5.333333333333333,0.5773502691896258,5.0,0.6324555320336763,0.0,0.0,0.984807753012208,0.17364817766693041,0.0,1.0,0.3,5.0
2026-07-09 01:20:00,90.0,5.0,0.2,1018.1,29.8,29.7,0.2,0.3,0.2,5.0,5.0,6.0,1018.2,1018.1,1017.9,0.2,0.0,0.2333333333333333,0.05773502691896256,5.0,0.0,5.0,0.0,0.20000000000004547,0.0,1.0,6.123233995736766e-17,0.25881904510252074,0.9659258262890683,0.2,5.0
2026-07-09 02:20:00,90.0,5.0,0.2,1018.4,29.8,29.7,0.2,0.2,0.2,5.0,5.0,5.0,1018.4,1018.2,1018.1,0.2,0.0,0.2,0.0,5.0,0.0,5.0,0.0,0.2999999999999545,0.1999999999999318,1.0,6.123233995736766e-17,0.49999999999999994,0.8660254037844387,0.3,5.0
2026-07-09 03:20:00,100.0,5.0,0.3,1018.7,29.8,29.7,0.3,0.3,0.2,5.0,5.0,5.0,1018.5,1018.7,1018.4,0.3,0.0,0.3,0.0,5.0,0.0,4.833333333333333,0.40824829046386296,0.3000000000000682,0.0,0.984807753012208,-0.1736481776669303,0.7071067811865476,0.7071067811865476,0.3,5.0
2026-07-09 04:20:00,110.0,5.0,0.3,1018.6,29.9,29.6,0.3,0.3,0.3,5.0,5.0,5.0,1018.7,1018.7,1018.7,0.3,0.0,0.3,0.0,5.0,0.0,5.166666666666667,0.40824829046386296,-0.10000000000002274,-0.10000000000002274,0.9396926207859084,-0.3420201433256687,0.8660254037844386,0.5000000000000001,0.3,5.0
2026-07-09 06:20:00,100.0,5.0,0.3,1017.8,29.8,29.7,0.3,0.3,0.3,6.0,5.0,5.0,1017.9,1018.1,1018.3,0.3,0.0,0.3,0.0,5.333333333333333,0.5773502691896258,5.166666666666667,0.40824829046386296,-0.5,-0.3000000000000682,0.984807753012208,-0.1736481776669303,1.0,6.123233995736766e-17,0.3,5.0
2026-07-09 06:50:00,100.0,5.0,0.3,1017.6,29.8,30.0,0.3,0.3,0.3,5.0,5.0,5.0,1017.6,1017.8,1018.1,0.3,0.0,0.3,0.0,5.0,0.0,5.166666666666667,0.40824829046386296,-0.5,-0.1999999999999318,0.984807753012208,-0.1736481776669303,1.0,6.123233995736766e-17,0.3,5.0
2026-07-09 07:20:00,100.0,5.0,0.3,1017.1,29.7,30.2,0.3,0.3,0.3,5.0,5.0,5.0,1017.2,1017.6,1017.8,0.3,0.0,0.3,0.0,5.0,0.0,5.0,0.0,-0.6999999999999318,-0.5,0.984807753012208,-0.1736481776669303,0.9659258262890683,-0.25881904510252063,0.3,5.0
2026-07-09 09:20:00,110.0,6.0,0.3,1017.2,29.7,30.3,0.3,0.3,0.3,6.0,6.0,6.0,1017.2,1017.1,1017.1,0.3,0.0,0.3,0.0,6.0,0.0,6.0,0.0,0.10000000000002274,0.10000000000002274,0.9396926207859084,-0.3420201433256687,0.7071067811865476,-0.7071067811865475,0.4,6.0
2026-07-09 10:20:00,100.0,5.0,0.4,1017.3,29.7,30.2,0.4,0.4,0.3,5.0,6.0,6.0,1017.3,1017.1,1017.2,0.4,0.0,0.4,0.0,5.0,0.0,5.5,0.5477225575051659,0.09999999999990905,0.1999999999999318,0.984807753012208,-0.1736481776669303,0.49999999999999994,-0.8660254037844387,0.4,5.0
2026-07-09 12:20:00,90.0,5.0,0.4,1018.3,29.8,30.3,0.4,0.4,0.3,4.0,4.0,4.0,1018.1,1018.0,1017.9,0.4,0.0,0.4,0.0,4.333333333333333,0.5773502691896258,4.166666666666667,0.40824829046386296,0.39999999999997726,0.2999999999999545,1.0,6.123233995736766e-17,1.2246467991473532e-16,-1.0,0.3,5.0
2026-07-09 13:20:00,110.0,5.0,0.4,1018.9,29.8,30.1,0.4,0.3,0.4,5.0,5.0,5.0,1018.8,1018.5,1018.3,0.4,0.0,0.3666666666666667,0.0577350269189626,5.0,0.0,5.0,0.0,0.6000000000000227,0.39999999999997726,0.9396926207859084,-0.3420201433256687,-0.2588190451025208,-0.9659258262890683,0.4,4.0
2026-07-09 13:50:00,110.0,4.0,0.4,1018.9,30.1,30.1,0.4,0.4,0.3,4.0,5.0,5.0,1018.8,1018.9,1018.5,0.4,0.0,0.4,0.0,4.333333333333333,0.5773502691896258,4.666666666666667,0.5163977794943221,0.39999999999997726,0.0,0.9396926207859084,-0.3420201433256687,-0.2588190451025208,-0.9659258262890683,0.4,4.0
2026-07-09 14:20:00,130.0,4.0,0.4,1019.2,29.6,30.2,0.4,0.4,0.4,5.0,4.0,5.0,1019.2,1018.9,1018.9,0.4,0.0,0.4,0.0,4.666666666666667,0.5773502691896258,4.5,0.5477225575051659,0.3000000000000682,0.3000000000000682,0.766044443118978,-0.6427876096865394,-0.4999999999999997,-0.8660254037844388,0.4,4.0
2026-07-09 16:20:00,110.0,4.0,0.4,1019.3,29.5,30.2,0.4,0.4,0.4,5.0,6.0,4.0,1019.3,1019.3,1019.1,0.4,0.0,0.4,0.0,4.666666666666667,0.5773502691896258,5.0,0.6324555320336752,0.1999999999999318,0.0,0.9396926207859084,-0.3420201433256687,-0.8660254037844385,-0.5000000000000004,0.5,4.0
2026-07-09 18:20:00,110.0,4.0,0.4,1018.6,29.8,30.3,0.4,0.5,0.4,4.0,3.0,3.0,1018.6,1018.7,1018.9,0.4,0.0,0.43333333333333335,0.05773502691896256,4.0,0.0,3.5,0.5477225575051664,-0.2999999999999545,-0.10000000000002274,0.9396926207859084,-0.3420201433256687,-1.0,-1.8369701987210297e-16,0.5,4.0
2026-07-09 19:20:00,80.0,3.0,0.4,1018.1,29.8,30.4,0.4,0.5,0.4,4.0,4.0,4.0,1018.3,1018.3,1018.6,0.4,0.0,0.43333333333333335,0.05773502691896256,3.6666666666666665,0.5773502691896257,3.5,0.5477225575051664,-0.5,-0.1999999999999318,0.984807753012208,0.17364817766693041,-0.9659258262890684,0.2588190451025203,0.4,3.0
2026-07-09 20:20:00,70.0,4.0,0.4,1017.7,30.0,30.4,0.4,0.4,0.4,4.0,3.0,3.0,1017.8,1017.9,1018.1,0.4,0.0,0.4,0.0,4.0,0.0,3.5,0.5477225575051664,-0.39999999999997726,-0.1999999999999318,0.9396926207859083,0.3420201433256688,-0.8660254037844386,0.5000000000000001,0.4,4.0
2026-07-09 21:20:00,70.0,4.0,0.4,1017.4,30.1,30.6,0.4,0.4,0.4,4.0,4.0,4.0,1017.4,1017.5,1017.7,0.4,0.0,0.4,0.0,4.0,0.0,4.0,0.0,-0.3000000000000682,-0.10000000000002274,0.9396926207859083,0.3420201433256688,-0.7071067811865477,0.7071067811865474,0.3,5.0
2026-07-09 22:20:00,70.0,5.0,0.3,1017.0,30.3,30.4,0.3,0.3,0.4,5.0,5.0,4.0,1017.1,1017.3,1017.4,0.3,0.0,0.3,0.0,5.0,0.0,4.666666666666667,0.5163977794943221,-0.39999999999997726,-0.2999999999999545,0.9396926207859083,0.3420201433256688,-0.5000000000000004,0.8660254037844384,0.3,5.0
2026-07-10 02:20:00,90.0,5.0,0.4,1017.6,30.0,30.4,0.4,0.4,0.4,5.0,5.0,5.0,1017.5,1017.6,1017.3,0.4,0.0,0.4,0.0,5.0,0.0,5.333333333333333,0.5163977794943221,0.3000000000000682,0.0,1.0,6.123233995736766e-17,0.49999999999999994,0.8660254037844387,0.4,5.0
2026-07-10 04:20:00,80.0,6.0,0.5,1017.6,27.7,30.2,0.5,0.4,0.4,7.0,8.0,5.0,1017.8,1018.0,1017.8,0.5,0.0,0.4666666666666666,0.05773502691896256,7.666666666666667,2.0816659994661335,7.0,1.788854381999831,-0.1999999999999318,-0.39999999999997726,0.984807753012208,0.17364817766693041,0.8660254037844386,0.5000000000000001,0.4,5.0
2026-07-10 05:20:00,70.0,5.0,0.4,1016.7,28.9,30.1,0.4,0.4,0.5,6.0,5.0,6.0,1016.8,1017.3,1017.6,0.4,0.0,0.4,0.0,5.666666666666667,0.5773502691896258,5.5,0.5477225575051662,-0.8999999999999773,-0.599999999999909,0.9396926207859083,0.3420201433256688,0.9659258262890683,0.25881904510252074,0.4,5.0
2026-07-10 06:20:00,110.0,7.0,0.4,1016.0,29.8,30.1,0.4,0.4,0.4,6.0,5.0,5.0,1016.1,1016.4,1016.7,0.4,0.0,0.4,0.0,6.0,1.0,5.5,0.8366600265340755,-0.7000000000000455,-0.39999999999997726,0.9396926207859084,-0.3420201433256687,1.0,6.123233995736766e-17,0.4,7.0
2026-07-10 06:50:00,110.0,7.0,0.4,1015.9,29.8,,0.4,0.4,0.4,7.0,7.0,5.0,1016.0,1016.0,1016.4,0.4,0.0,0.4,0.0,7.0,0.0,6.5,0.8366600265340756,-0.5,-0.10000000000002274,0.9396926207859084,-0.3420201433256687,1.0,6.123233995736766e-17,0.5,7.0
2026-07-10 07:20:00,120.0,7.0,0.5,1015.9,29.8,30.1,0.5,0.4,0.4,7.0,7.0,7.0,1016.0,1015.9,1016.0,0.5,0.0,0.45000000000000007,0.05773502691896253,7.0,0.0,7.0,0.0,-0.10000000000002274,0.0,0.8660254037844387,-0.4999999999999998,0.9659258262890683,-0.25881904510252063,0.5,7.0
2026-07-10 08:20:00,120.0,7.0,0.6,1015.8,29.8,30.1,0.6,0.5,0.5,7.0,7.0,7.0,1015.8,1015.8,1015.9,0.6,0.0,0.5666666666666668,0.05773502691896255,7.0,0.0,7.0,0.0,-0.10000000000002274,0.0,0.8660254037844387,-0.4999999999999998,0.8660254037844387,-0.4999999999999998,0.5,7.0
2026-07-10 09:20:00,140.0,7.0,0.6,1015.8,29.9,30.1,0.6,0.5,0.6,7.0,7.0,7.0,1015.7,1015.7,1015.8,0.6,0.0,0.5666666666666668,0.05773502691896256,7.0,0.0,6.833333333333333,0.40824829046386296,0.0,0.09999999999990905,0.6427876096865395,-0.7660444431189779,0.7071067811865476,-0.7071067811865475,0.6,7.0
2026-07-10 10:20:00,130.0,7.0,0.7,1016.1,29.8,30.0,0.7,0.6,0.6,7.0,7.0,7.0,1016.1,1016.2,1015.8,0.7,0.0,0.6666666666666666,0.05773502691896258,7.0,0.0,7.333333333333333,0.5163977794943221,0.3000000000000682,-0.10000000000002274,0.766044443118978,-0.6427876096865394,0.49999999999999994,-0.8660254037844387,0.6,8.0
2026-07-10 12:20:00,130.0,7.0,0.8,1016.9,29.8,29.9,0.8,0.7,0.7,6.0,7.0,8.0,1016.8,1016.9,1016.8,0.8,0.0,0.7666666666666666,0.057735026918962644,6.666666666666667,0.5773502691896258,7.0,0.6324555320336759,0.10000000000002274,0.0,0.766044443118978,-0.6427876096865394,1.2246467991473532e-16,-1.0,0.8,6.0
2026-07-10 13:20:00,140.0,5.0,0.7,1017.7,30.0,30.0,0.7,0.8,0.8,5.0,6.0,7.0,1017.6,1017.3,1016.9,0.7,0.0,0.7333333333333334,0.057735026918962644,5.0,0.0,5.666666666666667,0.8164965809277259,0.8000000000000682,0.40000000000009095,0.6427876096865395,-0.7660444431189779,-0.2588190451025208,-0.9659258262890683,0.7,5.0
2026-07-10 14:20:00,150.0,5.0,0.7,1018.2,30.0,29.9,0.7,0.7,0.7,4.0,5.0,5.0,1018.2,1017.9,1017.7,0.7,0.0,0.7,0.0,4.333333333333333,0.5773502691896258,4.666666666666667,0.5163977794943221,0.5,0.3000000000000682,0.49999999999999994,-0.8660254037844387,-0.4999999999999997,-0.8660254037844388,0.8,4.0
2026-07-10 15:20:00,140.0,4.0,0.7,1018.3,29.9,30.1,0.7,0.8,0.7,4.0,4.0,5.0,1018.2,1018.1,1018.2,0.7,0.0,0.7333333333333334,0.057735026918962644,4.0,0.0,4.333333333333333,0.5163977794943221,0.09999999999990905,0.1999999999999318,0.6427876096865395,-0.7660444431189779,-0.7071067811865471,-0.7071067811865479,0.7,4.0
2026-07-10 16:20:00,130.0,4.0,0.7,1018.7,30.0,30.1,0.7,0.7,0.7,4.0,4.0,4.0,1018.7,1018.6,1018.3,0.7,0.0,0.7,0.0,4.0,0.0,3.8333333333333335,0.408248290463863,0.40000000000009095,0.10000000000002274,0.766044443118978,-0.6427876096865394,-0.8660254037844385,-0.5000000000000004,0.7,4.0
2026-07-10 17:20:00,110.0,4.0,0.7,1018.5,30.0,30.3,0.7,0.7,0.7,4.0,4.0,4.0,1018.5,1018.7,1018.7,0.7,0.0,0.7,0.0,4.0,0.0,4.0,0.0,-0.20000000000004547,-0.20000000000004547,0.9396926207859084,-0.3420201433256687,-0.9659258262890683,-0.25881904510252063,0.7,4.0
2026-07-10 18:20:00,90.0,4.0,0.7,1018.3,30.0,30.4,0.7,0.7,0.7,3.0,4.0,4.0,1018.2,1018.5,1018.5,0.7,0.0,0.7,0.0,3.6666666666666665,0.5773502691896257,3.8333333333333335,0.408248290463863,-0.20000000000004547,-0.20000000000004547,1.0,6.123233995736766e-17,-1.0,-1.8369701987210297e-16,0.7,4.0
2026-07-10 18:50:00,100.0,4.0,0.7,1018.1,30.1,30.4,0.7,0.7,0.7,4.0,4.0,4.0,1018.1,1018.3,1018.5,0.7,0.0,0.7,0.0,4.0,0.0,3.8333333333333335,0.408248290463863,-0.39999999999997726,-0.1999999999999318,0.984807753012208,-0.1736481776669303,-1.0,-1.8369701987210297e-16,0.7,4.0
2026-07-10 19:20:00,100.0,4.0,0.7,1017.9,30.1,30.5,0.7,0.7,0.7,4.0,4.0,4.0,1018.0,1018.1,1018.3,0.7,0.0,0.7,0.0,4.0,0.0,4.0,0.0,-0.39999999999997726,-0.20000000000004547,0.984807753012208,-0.1736481776669303,-0.9659258262890684,0.2588190451025203,0.7,5.0
2026-07-10 20:20:00,90.0,4.0,0.7,1017.4,30.2,30.6,0.7,0.7,0.7,4.0,5.0,4.0,1017.3,1017.5,1017.9,0.7,0.0,0.7,0.0,4.333333333333333,0.5773502691896258,4.5,0.5477225575051659,-0.5,-0.10000000000002274,1.0,6.123233995736766e-17,-0.8660254037844386,0.5000000000000001,0.6,4.0
2026-07-10 20:50:00,90.0,4.0,0.6,1017.3,30.4,30.6,0.6,0.7,0.7,4.0,4.0,5.0,1017.2,1017.4,1017.5,0.6,0.0,0.6499999999999999,0.05773502691896254,4.0,0.0,4.166666666666667,0.4082482904638632,-0.20000000000004547,-0.10000000000002274,1.0,6.123233995736766e-17,-0.8660254037844386,0.5000000000000001,0.6,5.0
2026-07-10 21:20:00,90.0,5.0,0.6,1016.9,30.4,30.6,0.6,0.6,0.7,5.0,4.0,4.0,1017.1,1017.3,1017.4,0.6,0.0,0.6,0.0,4.666666666666667,0.5773502691896258,4.333333333333333,0.5163977794943221,-0.5,-0.39999999999997726,1.0,6.123233995736766e-17,-0.7071067811865477,0.7071067811865474,0.6,7.0
2026-07-11 01:20:00,90.0,5.0,0.5,1016.6,29.6,30.1,0.5,0.5,0.6,5.0,5.0,6.0,1016.5,1016.3,1016.4,0.5,0.0,0.5,0.0,5.0,0.0,4.833333333333333,0.40824829046386196,0.20000000000004547,0.3000000000000682,1.0,6.123233995736766e-17,0.25881904510252074,0.9659258262890683,0.6,6.0
2026-07-11 02:20:00,90.0,7.0,0.6,1017.0,29.7,30.1,0.6,0.6,0.5,7.0,6.0,5.0,1017.1,1016.9,1016.6,0.6,0.0,0.6,0.0,6.666666666666667,0.5773502691896258,6.333333333333333,0.5163977794943236,0.39999999999997726,0.10000000000002274,1.0,6.123233995736766e-17,0.49999999999999994,0.8660254037844387,0.6,8.0
2026-07-11 02:50:00,100.0,8.0,0.6,1017.1,29.8,30.0,0.6,0.6,0.6,8.0,7.0,6.0,1017.1,1017.0,1016.9,0.6,0.0,0.6,0.0,8.0,0.0,7.333333333333333,0.8164965809277277,0.20000000000004547,0.10000000000002274,0.984807753012208,-0.1736481776669303,0.49999999999999994,0.8660254037844387,0.6,6.0
2026-07-11 04:20:00,100.0,6.0,0.6,1017.5,29.7,30.0,0.6,0.6,0.6,6.0,6.0,6.0,1017.4,1017.3,1017.1,0.6,0.0,0.6,0.0,6.0,0.0,6.0,0.0,0.39999999999997726,0.20000000000004547,0.984807753012208,-0.1736481776669303,0.8660254037844386,0.5000000000000001,0.6,6.0
2026-07-11 05:20:00,120.0,7.0,0.6,1017.1,29.8,30.0,0.6,0.6,0.6,7.0,6.0,6.0,1017.2,1017.3,1017.5,0.6,0.0,0.6,0.0,7.0,0.0,6.833333333333333,0.4082482904638632,-0.39999999999997726,-0.1999999999999318,0.8660254037844387,-0.4999999999999998,0.9659258262890683,0.25881904510252074,0.6,7.0
2026-07-11 06:20:00,130.0,7.0,0.6,1016.9,29.7,29.9,0.6,0.6,0.6,7.0,7.0,7.0,1016.9,1017.1,1017.1,0.6,0.0,0.6,0.0,7.0,0.0,7.0,0.0,-0.20000000000004547,-0.20000000000004547,0.766044443118978,-0.6427876096865394,1.0,6.123233995736766e-17,0.6,7.0
2026-07-11 07:20:00,140.0,7.0,0.6,1016.5,29.7,29.9,0.6,0.6,0.6,7.0,7.0,7.0,1016.5,1016.6,1016.9,0.6,0.0,0.6,0.0,7.0,0.0,7.0,0.0,-0.39999999999997726,-0.10000000000002274,0.6427876096865395,-0.7660444431189779,0.9659258262890683,-0.25881904510252063,0.7,7.0
2026-07-11 08:20:00,150.0,7.0,0.7,1016.2,29.7,29.9,0.7,0.7,0.6,7.0,7.0,7.0,1016.3,1016.4,1016.5,0.7,0.0,0.7,0.0,7.0,0.0,7.0,0.0,-0.2999999999999545,-0.1999999999999318,0.49999999999999994,-0.8660254037844387,0.8660254037844387,-0.4999999999999998,0.7,6.0
2026-07-11 09:20:00,160.0,6.0,0.7,1016.3,29.8,30.0,0.7,0.7,0.7,5.0,6.0,7.0,1016.2,1016.3,1016.2,0.7,0.0,0.7,0.0,5.666666666666667,0.5773502691896258,6.0,0.6324555320336759,0.09999999999990905,0.0,0.3420201433256689,-0.9396926207859083,0.7071067811865476,-0.7071067811865475,0.7,5.0
2026-07-11 10:20:00,140.0,5.0,0.6,1016.8,29.7,29.9,0.6,0.7,0.7,5.0,5.0,6.0,1016.8,1016.5,1016.3,0.6,0.0,0.6333333333333333,0.05773502691896255,5.0,0.0,5.166666666666667,0.40824829046386324,0.5,0.2999999999999545,0.6427876096865395,-0.7660444431189779,0.49999999999999994,-0.8660254037844387,0.7,5.0
2026-07-11 11:20:00,160.0,4.0,0.7,1017.3,29.7,29.9,0.7,0.7,0.6,5.0,5.0,5.0,1017.3,1017.0,1016.8,0.7,0.0,0.7,0.0,4.666666666666667,0.5773502691896258,5.166666666666667,0.752772652709081,0.5,0.2999999999999545,0.3420201433256689,-0.9396926207859083,0.258819045102521,-0.9659258262890682,0.7,5.0
2026-07-11 12:50:00,170.0,5.0,0.7,1018.2,30.1,,0.7,0.7,0.7,5.0,5.0,5.0,1018.3,1018.1,1017.7,0.7,0.0,0.7,0.0,5.0,0.0,5.0,0.0,0.5,0.10000000000002274,0.17364817766693028,-0.984807753012208,1.2246467991473532e-16,-1.0,0.6,4.0
2026-07-11 13:20:00,170.0,4.0,0.6,1018.6,30.2,29.9,0.6,0.7,0.7,5.0,5.0,5.0,1018.5,1018.2,1018.1,0.6,0.0,0.6499999999999999,0.05773502691896254,4.666666666666667,0.5773502691896258,4.833333333333333,0.40824829046386296,0.5,0.39999999999997726,0.17364817766693028,-0.984807753012208,-0.2588190451025208,-0.9659258262890683,0.7,3.0
2026-07-11 14:20:00,160.0,3.0,0.6,1019.1,30.2,29.9,0.6,0.7,0.6,3.0,3.0,4.0,1018.9,1018.7,1018.6,0.6,0.0,0.6333333333333333,0.05773502691896256,3.0,0.0,3.3333333333333335,0.5163977794943223,0.5,0.39999999999997726,0.3420201433256689,-0.9396926207859083,-0.4999999999999997,-0.8660254037844388,0.7,4.0
2026-07-11 15:20:00,130.0,3.0,0.6,1019.1,30.2,30.0,0.6,0.7,0.6,3.0,4.0,3.0,1018.9,1019.1,1019.1,0.6,0.0,0.6333333333333333,0.05773502691896256,3.0,0.0,3.3333333333333335,0.5163977794943223,0.0,0.0,0.766044443118978,-0.6427876096865394,-0.7071067811865471,-0.7071067811865479,0.6,4.0
2026-07-11 16:20:00,120.0,4.0,0.6,1019.7,30.0,30.0,0.6,0.6,0.6,4.0,4.0,3.0,1019.7,1019.6,1019.1,0.6,0.0,0.6,0.0,4.0,0.0,3.6666666666666665,0.5163977794943226,0.6000000000000227,0.10000000000002274,0.8660254037844387,-0.4999999999999998,-0.8660254037844385,-0.5000000000000004,0.7,3.0
2026-07-11 16:50:00,130.0,3.0,0.7,1019.5,30.1,30.1,0.7,0.6,0.6,4.0,4.0,4.0,1019.5,1019.7,1019.6,0.7,0.0,0.6499999999999999,0.05773502691896256,3.6666666666666665,0.5773502691896257,3.8333333333333335,0.408248290463863,-0.10000000000002274,-0.20000000000004547,0.766044443118978,-0.6427876096865394,-0.8660254037844385,-0.5000000000000004,0.7,3.0
2026-07-11 17:50:00,110.0,4.0,0.7,1019.5,30.0,,0.7,0.7,0.7,4.0,3.0,3.0,1019.5,1019.6,1019.5,0.7,0.0,0.7,0.0,4.0,0.0,3.5,0.5477225575051664,0.0,-0.10000000000002274,0.9396926207859084,-0.3420201433256687,-0.9659258262890683,-0.25881904510252063,0.6,4.0
2026-07-11 18:20:00,110.0,4.0,0.6,1019.2,30.0,30.2,0.6,0.7,0.7,4.0,4.0,3.0,1019.2,1019.5,1019.6,0.6,0.0,0.6499999999999999,0.05773502691896254,4.0,0.0,4.0,0.0,-0.39999999999997726,-0.2999999999999545,0.9396926207859084,-0.3420201433256687,-1.0,-1.8369701987210297e-16,0.6,4.0
2026-07-11 19:20:00,120.0,5.0,0.6,1018.7,30.0,30.3,0.6,0.6,0.6,4.0,4.0,4.0,1018.9,1018.8,1019.2,0.6,0.0,0.6,0.0,4.333333333333333,0.5773502691896258,4.166666666666667,0.40824829046386296,-0.5,-0.09999999999990905,0.8660254037844387,-0.4999999999999998,-0.9659258262890684,0.2588190451025203,0.6,5.0
2026-07-11 20:20:00,120.0,4.0,0.6,1018.0,30.1,30.4,0.6,0.6,0.6,5.0,5.0,5.0,1018.2,1018.3,1018.7,0.6,0.0,0.6,0.0,4.333333333333333,0.5773502691896258,4.666666666666667,0.5163977794943221,-0.7000000000000455,-0.2999999999999545,0.8660254037844387,-0.4999999999999998,-0.8660254037844386,0.5000000000000001,0.6,4.0
2026-07-11 21:20:00,100.0,3.0,0.6,1017.5,30.0,30.3,0.6,0.6,0.6,4.0,4.0,4.0,1017.4,1017.7,1018.0,0.6,0.0,0.6,0.0,3.6666666666666665,0.5773502691896257,4.0,0.6324555320336763,-0.5,-0.20000000000004547,0.984807753012208,-0.1736481776669303,-0.7071067811865477,0.7071067811865474,0.5,4.0
2026-07-11 22:20:00,110.0,4.0,0.6,1017.1,30.0,30.2,0.6,0.5,0.6,4.0,4.0,3.0,1017.1,1017.3,1017.5,0.6,0.0,0.5666666666666667,0.05773502691896256,4.0,0.0,4.0,0.0,-0.39999999999997726,-0.1999999999999318,0.9396926207859084,-0.3420201433256687,-0.5000000000000004,0.8660254037844384,0.5,4.0
2026-07-12 01:20:00,140.0,10.0,0.4,1018.4,29.0,30.2,0.4,0.5,0.5,6.0,5.0,6.0,1018.5,1018.4,1018.0,0.4,0.0,0.43333333333333335,0.05773502691896256,7.333333333333333,2.3094010767585034,6.5,1.7606816861659018,0.39999999999997726,0.0,0.6427876096865395,-0.7660444431189779,0.25881904510252074,0.9659258262890683,0.5,5.0
2026-07-12 02:20:00,110.0,6.0,0.5,1019.1,29.6,30.3,0.5,0.5,0.4,6.0,5.0,10.0,1018.9,1019.0,1018.4,0.5,0.0,0.5,0.0,5.666666666666667,0.5773502691896258,5.333333333333333,0.516397779494321,0.7000000000000455,0.10000000000002274,0.9396926207859084,-0.3420201433256687,0.49999999999999994,0.8660254037844387,0.5,6.0
2026-07-12 03:20:00,120.0,6.0,0.5,1019.6,29.8,30.1,0.5,0.5,0.5,7.0,6.0,6.0,1019.5,1019.1,1019.1,0.5,0.0,0.5,0.0,6.333333333333333,0.5773502691896258,6.166666666666667,0.40824829046386296,0.5,0.5,0.8660254037844387,-0.4999999999999998,0.7071067811865476,0.7071067811865476,0.5,7.0
2026-07-12 04:20:00,120.0,7.0,0.5,1019.5,29.9,30.1,0.5,0.5,0.5,7.0,7.0,6.0,1019.7,1019.7,1019.6,0.5,0.0,0.5,0.0,7.0,0.0,6.833333333333333,0.4082482904638632,-0.10000000000002274,-0.20000000000004547,0.8660254037844387,-0.4999999999999998,0.8660254037844386,0.5000000000000001,0.6,7.0
2026-07-12 04:50:00,130.0,7.0,0.6,1019.2,29.8,29.9,0.6,0.5,0.5,7.0,7.0,7.0,1019.4,1019.5,1019.7,0.6,0.0,0.55,0.05773502691896254,7.333333333333333,0.5773502691896258,7.166666666666667,0.40824829046386296,-0.5,-0.2999999999999545,0.766044443118978,-0.6427876096865394,0.8660254037844386,0.5000000000000001,0.6,7.0
2026-07-12 06:20:00,150.0,8.0,0.7,1018.7,29.5,29.8,0.7,0.6,0.6,7.0,7.0,7.0,1018.9,1018.9,1018.9,0.7,0.0,0.6666666666666666,0.05773502691896258,7.666666666666667,0.5773502691896258,7.5,0.5477225575051659,-0.1999999999999318,-0.1999999999999318,0.49999999999999994,-0.8660254037844387,1.0,6.123233995736766e-17,0.7,7.0
2026-07-12 07:20:00,170.0,5.0,0.7,1018.1,29.9,29.8,0.7,0.7,0.7,6.0,7.0,8.0,1018.1,1018.1,1018.7,0.7,0.0,0.7,0.0,5.666666666666667,0.5773502691896258,6.333333333333333,0.8164965809277269,-0.6000000000000227,0.0,0.17364817766693028,-0.984807753012208,0.9659258262890683,-0.25881904510252063,0.7,5.0
2026-07-12 09:20:00,150.0,5.0,0.7,1017.8,29.9,29.8,0.7,0.7,0.6,5.0,5.0,5.0,1017.8,1017.6,1017.6,0.7,0.0,0.7,0.0,5.0,0.0,5.0,0.0,0.1999999999999318,0.1999999999999318,0.49999999999999994,-0.8660254037844387,0.7071067811865476,-0.7071067811865475,0.7,5.0
2026-07-12 10:20:00,140.0,5.0,0.7,1018.2,29.8,29.8,0.7,0.7,0.7,5.0,5.0,5.0,1018.2,1017.9,1017.8,0.7,0.0,0.7,0.0,5.0,0.0,5.0,0.0,0.40000000000009095,0.3000000000000682,0.6427876096865395,-0.7660444431189779,0.49999999999999994,-0.8660254037844387,0.7,4.0
2026-07-12 10:50:00,140.0,4.0,0.7,1018.5,29.8,29.8,0.7,0.7,0.7,5.0,5.0,5.0,1018.5,1018.2,1017.9,0.7,0.0,0.7,0.0,4.666666666666667,0.5773502691896258,4.833333333333333,0.40824829046386296,0.6000000000000227,0.2999999999999545,0.6427876096865395,-0.7660444431189779,0.49999999999999994,-0.8660254037844387,0.7,3.0
2026-07-12 11:20:00,150.0,3.0,0.7,1018.9,29.7,29.8,0.7,0.7,0.7,4.0,4.0,5.0,1018.7,1018.5,1018.2,0.7,0.0,0.7,0.0,3.6666666666666665,0.5773502691896257,4.166666666666667,0.752772652709081,0.6999999999999318,0.39999999999997726,0.49999999999999994,-0.8660254037844387,0.258819045102521,-0.9659258262890682,0.7,2.0
2026-07-12 12:20:00,130.0,5.0,0.7,1019.3,29.7,29.8,0.7,0.7,0.7,5.0,2.0,3.0,1019.2,1019.0,1018.9,0.7,0.0,0.7,0.0,4.666666666666667,0.5773502691896265,3.5,1.3784048752090223,0.39999999999997726,0.2999999999999545,0.766044443118978,-0.6427876096865394,1.2246467991473532e-16,-1.0,0.7,4.0
2026-07-12 13:20:00,200.0,3.0,0.7,1020.0,29.4,29.7,0.7,0.7,0.7,4.0,4.0,5.0,1020.0,1019.7,1019.3,0.7,0.0,0.7,0.0,4.0,1.0,4.166666666666667,0.7527726527090809,0.7000000000000455,0.2999999999999545,-0.34202014332566866,-0.9396926207859084,-0.2588190451025208,-0.9659258262890683,0.7,5.0
2026-07-12 14:20:00,130.0,4.0,0.7,1020.6,29.9,29.7,0.7,0.7,0.7,4.0,5.0,3.0,1020.6,1020.3,1020.0,0.7,0.0,0.7,0.0,4.0,0.0,4.333333333333333,0.5163977794943219,0.6000000000000227,0.3000000000000682,0.766044443118978,-0.6427876096865394,-0.4999999999999997,-0.8660254037844388,0.7,3.0
2026-07-12 14:50:00,130.0,3.0,0.7,1020.7,30.0,29.7,0.7,0.7,0.7,4.0,4.0,5.0,1020.6,1020.6,1020.3,0.7,0.0,0.7,0.0,3.6666666666666665,0.5773502691896257,3.8333333333333335,0.408248290463863,0.40000000000009095,0.10000000000002274,0.766044443118978,-0.6427876096865394,-0.4999999999999997,-0.8660254037844388,0.7,3.0
2026-07-12 15:20:00,120.0,3.0,0.7,1020.8,30.1,29.7,0.7,0.7,0.7,4.0,3.0,4.0,1020.7,1020.7,1020.6,0.7,0.0,0.7,0.0,3.3333333333333335,0.5773502691896257,3.5,0.5477225575051664,0.1999999999999318,0.09999999999990905,0.8660254037844387,-0.4999999999999998,-0.7071067811865471,-0.7071067811865479,0.7,4.0
2026-07-12 16:20:00,120.0,4.0,0.7,1020.6,30.0,29.8,0.7,0.7,0.7,4.0,4.0,3.0,1020.6,1020.8,1020.8,0.7,0.0,0.7,0.0,4.0,0.0,3.8333333333333335,0.408248290463863,-0.1999999999999318,-0.1999999999999318,0.8660254037844387,-0.4999999999999998,-0.8660254037844385,-0.5000000000000004,0.7,4.0
2026-07-12 18:20:00,120.0,4.0,0.7,1020.4,30.0,30.0,0.7,0.7,0.7,4.0,3.0,4.0,1020.5,1020.7,1020.8,0.7,0.0,0.7,0.0,4.0,0.0,3.8333333333333335,0.408248290463863,-0.39999999999997726,-0.3000000000000682,0.8660254037844387,-0.4999999999999998,-1.0,-1.8369701987210297e-16,0.7,3.0
2026-07-12 18:50:00,120.0,3.0,0.7,1020.6,30.1,30.1,0.7,0.7,0.7,3.0,4.0,3.0,1020.6,1020.4,1020.7,0.7,0.0,0.7,0.0,3.3333333333333335,0.5773502691896257,3.6666666666666665,0.5163977794943223,-0.10000000000002274,0.20000000000004547,0.8660254037844387,-0.4999999999999998,-1.0,-1.8369701987210297e-16,0.8,3.0
2026-07-12 19:20:00,120.0,3.0,0.8,1020.5,30.1,30.1,0.8,0.7,0.7,3.0,3.0,4.0,1020.4,1020.6,1020.4,0.8,0.0,0.75,0.05773502691896264,3.0,0.0,3.1666666666666665,0.4082482904638636,0.10000000000002274,-0.10000000000002274,0.8660254037844387,-0.4999999999999998,-0.9659258262890684,0.2588190451025203,0.7,3.0
2026-07-12 20:20:00,100.0,3.0,0.7,1020.3,30.1,30.0,0.7,0.7,0.8,3.0,3.0,3.0,1020.4,1020.3,1020.5,0.7,0.0,0.7,0.0,3.0,0.0,3.0,0.0,-0.20000000000004547,0.0,0.984807753012208,-0.1736481776669303,-0.8660254037844386,0.5000000000000001,0.7,3.0
2026-07-12 21:20:00,100.0,2.0,0.6,1020.0,30.0,29.9,0.6,0.7,0.7,2.0,3.0,3.0,1020.1,1020.2,1020.3,0.6,0.0,0.6333333333333333,0.05773502691896255,2.3333333333333335,0.5773502691896257,2.5,0.5477225575051664,-0.2999999999999545,-0.20000000000004547,0.984807753012208,-0.1736481776669303,-0.7071067811865477,0.7071067811865474,0.6,2.0
2026-07-12 21:50:00,100.0,2.0,0.6,1019.9,30.1,29.8,0.6,0.6,0.7,2.0,2.0,3.0,1019.8,1020.0,1020.2,0.6,0.0,0.6,0.0,2.0,0.0,2.1666666666666665,0.4082482904638636,-0.3000000000000682,-0.10000000000002274,0.984807753012208,-0.1736481776669303,-0.7071067811865477,0.7071067811865474,0.6,3.0
2026-07-12 22:20:00,100.0,3.0,0.6,1019.7,30.0,29.9,0.6,0.6,0.6,3.0,2.0,2.0,1019.8,1019.9,1020.0,0.6,0.0,0.6,0.0,2.6666666666666665,0.5773502691896257,2.3333333333333335,0.5163977794943223,-0.2999999999999545,-0.1999999999999318,0.984807753012208,-0.1736481776669303,-0.5000000000000004,0.8660254037844384,0.6,3.0
2026-07-12 22:50:00,90.0,3.0,0.6,1019.4,30.1,30.0,0.6,0.6,0.6,3.0,3.0,2.0,1019.5,1019.7,1019.9,0.6,0.0,0.6,0.0,3.0,0.0,2.8333333333333335,0.4082482904638636,-0.5,-0.3000000000000682,1.0,6.123233995736766e-17,-0.5000000000000004,0.8660254037844384,0.6,3.0
2026-07-12 23:20:00,100.0,3.0,0.6,1019.2,29.9,30.1,0.6,0.6,0.6,3.0,3.0,3.0,1019.2,1019.4,1019.7,0.6,0.0,0.6,0.0,3.0,0.0,3.0,0.0,-0.5,-0.1999999999999318,0.984807753012208,-0.1736481776669303,-0.25881904510252157,0.9659258262890681,0.6,3.0
2026-07-12 23:50:00,100.0,3.0,0.6,1019.1,29.8,30.1,0.6,0.6,0.6,3.0,3.0,3.0,1019.1,1019.2,1019.4,0.6,0.0,0.6,0.0,3.0,0.0,3.0,0.0,-0.2999999999999545,-0.10000000000002274,0.984807753012208,-0.1736481776669303,-0.25881904510252157,0.9659258262890681,0.6,3.0
2026-07-13 00:20:00,90.0,3.0,0.6,1019.2,29.8,30.0,0.6,0.6,0.6,3.0,3.0,3.0,1019.2,1019.1,1019.2,0.6,0.0,0.6,0.0,3.0,0.0,3.0,0.0,0.0,0.10000000000002274,1.0,6.123233995736766e-17,0.0,1.0,0.6,5.0
2026-07-13 01:20:00,90.0,5.0,0.5,1019.2,29.8,30.0,0.5,0.6,0.6,5.0,5.0,3.0,1019.1,1019.2,1019.2,0.5,0.0,0.5333333333333333,0.05773502691896258,5.0,0.0,4.666666666666667,0.5163977794943237,0.0,0.0,1.0,6.123233995736766e-17,0.25881904510252074,0.9659258262890683,0.5,5.0
2026-07-13 01:50:00,100.0,5.0,0.5,1019.3,29.7,30.0,0.5,0.5,0.6,5.0,5.0,5.0,1019.2,1019.2,1019.2,0.5,0.0,0.5,0.0,5.0,0.0,5.0,0.0,0.09999999999990905,0.09999999999990905,0.984807753012208,-0.1736481776669303,0.25881904510252074,0.9659258262890683,0.5,5.0
2026-07-13 02:20:00,100.0,5.0,0.5,1019.1,29.7,30.0,0.5,0.5,0.5,5.0,5.0,5.0,1019.2,1019.3,1019.2,0.5,0.0,0.5,0.0,5.0,0.0,5.0,0.0,-0.10000000000002274,-0.1999999999999318,0.984807753012208,-0.1736481776669303,0.49999999999999994,0.8660254037844387,0.5,5.0
2026-07-13 03:50:00,80.0,5.0,0.5,1019.8,29.8,29.8,0.5,0.5,0.5,5.0,5.0,5.0,1019.8,1019.7,1019.4,0.5,0.0,0.5,0.0,5.0,0.0,5.0,0.0,0.39999999999997726,0.09999999999990905,0.984807753012208,0.17364817766693041,0.7071067811865476,0.7071067811865476,0.5,6.0
2026-07-13 04:20:00,60.0,6.0,0.5,1019.7,29.5,29.8,0.5,0.5,0.5,6.0,5.0,5.0,1019.7,1019.8,1019.7,0.5,0.0,0.5,0.0,5.666666666666667,0.5773502691896258,5.333333333333333,0.5163977794943221,0.0,-0.09999999999990905,0.8660254037844386,0.5000000000000001,0.8660254037844386,0.5000000000000001,0.5,5.0
2026-07-13 05:20:00,70.0,5.0,0.5,1019.7,29.6,29.7,0.5,0.5,0.5,5.0,5.0,6.0,1019.7,1019.8,1019.7,0.5,0.0,0.5,0.0,5.0,0.0,5.166666666666667,0.4082482904638632,0.0,-0.09999999999990905,0.9396926207859083,0.3420201433256688,0.9659258262890683,0.25881904510252074,0.5,6.0
2026-07-13 06:20:00,120.0,6.0,0.5,1019.2,29.8,29.7,0.5,0.5,0.5,6.0,6.0,5.0,1019.3,1019.4,1019.7,0.5,0.0,0.5,0.0,6.0,0.0,5.5,0.8366600265340753,-0.5,-0.1999999999999318,0.8660254037844387,-0.4999999999999998,1.0,6.123233995736766e-17,0.6,6.0
2026-07-13 07:20:00,110.0,5.0,0.6,1019.2,29.8,29.8,0.6,0.6,0.5,5.0,6.0,6.0,1019.2,1019.2,1019.2,0.6,0.0,0.6,0.0,5.0,0.0,5.5,0.5477225575051659,0.0,0.0,0.9396926207859084,-0.3420201433256687,0.9659258262890683,-0.25881904510252063,0.6,4.0
2026-07-13 08:20:00,100.0,4.0,0.5,1018.9,29.7,29.8,0.5,0.6,0.6,4.0,4.0,5.0,1019.1,1019.0,1019.2,0.5,0.0,0.5333333333333333,0.05773502691896258,4.0,0.0,4.333333333333333,0.5163977794943221,-0.3000000000000682,-0.10000000000002274,0.984807753012208,-0.1736481776669303,0.8660254037844387,-0.4999999999999998,0.6,6.0
2026-07-13 09:20:00,100.0,5.0,0.7,1018.7,29.7,29.8,0.7,0.6,0.5,5.0,6.0,4.0,1018.9,1019.0,1018.9,0.7,0.0,0.6666666666666666,0.05773502691896256,5.0,0.0,5.0,0.6324555320336764,-0.1999999999999318,-0.2999999999999545,0.984807753012208,-0.1736481776669303,0.7071067811865476,-0.7071067811865475,0.7,5.0
2026-07-13 11:20:00,110.0,5.0,0.8,1019.2,29.6,29.9,0.8,0.8,0.8,5.0,5.0,5.0,1019.2,1018.9,1018.7,0.8,0.0,0.8,0.0,5.0,0.0,5.333333333333333,0.5163977794943221,0.5,0.3000000000000682,0.9396926207859084,-0.3420201433256687,0.258819045102521,-0.9659258262890682,0.7,5.0
2026-07-13 11:50:00,120.0,5.0,0.7,1019.5,29.6,29.8,0.7,0.8,0.8,5.0,5.0,5.0,1019.4,1019.2,1018.9,0.7,0.0,0.75,0.05773502691896264,5.0,0.0,5.0,0.0,0.6000000000000227,0.2999999999999545,0.8660254037844387,-0.4999999999999998,0.258819045102521,-0.9659258262890682,0.7,5.0
2026-07-13 12:20:00,120.0,5.0,0.7,1019.8,29.7,29.8,0.7,0.7,0.8,5.0,5.0,5.0,1019.6,1019.5,1019.2,0.7,0.0,0.7,0.0,5.0,0.0,5.0,0.0,0.599999999999909,0.2999999999999545,0.8660254037844387,-0.4999999999999998,1.2246467991473532e-16,-1.0,0.7,5.0
2026-07-13 13:20:00,120.0,5.0,0.7,1020.3,29.8,29.7,0.7,0.7,0.7,5.0,5.0,5.0,1020.3,1020.1,1019.8,0.7,0.0,0.7,0.0,5.0,0.0,5.0,0.0,0.5,0.1999999999999318,0.8660254037844387,-0.4999999999999998,-0.2588190451025208,-0.9659258262890683,0.7,6.0
2026-07-13 15:20:00,130.0,6.0,0.7,1020.8,30.0,29.8,0.7,0.7,0.7,6.0,6.0,6.0,1020.8,1020.6,1020.6,0.7,0.0,0.7,0.0,6.0,0.0,6.0,0.0,0.1999999999999318,0.1999999999999318,0.766044443118978,-0.6427876096865394,-0.7071067811865471,-0.7071067811865479,0.7,5.0
2026-07-13 16:20:00,140.0,5.0,0.7,1020.7,29.9,29.8,0.7,0.7,0.7,5.0,5.0,6.0,1020.8,1020.8,1020.8,0.7,0.0,0.7,0.0,5.0,0.0,5.166666666666667,0.4082482904638632,-0.09999999999990905,-0.09999999999990905,0.6427876096865395,-0.7660444431189779,-0.8660254037844385,-0.5000000000000004,0.7,5.0
2026-07-13 16:50:00,140.0,5.0,0.7,1020.5,30.0,29.8,0.7,0.7,0.7,5.0,5.0,5.0,1020.6,1020.7,1020.8,0.7,0.0,0.7,0.0,5.0,0.0,5.0,0.0,-0.2999999999999545,-0.20000000000004547,0.6427876096865395,-0.7660444431189779,-0.8660254037844385,-0.5000000000000004,0.7,5.0
2026-07-13 17:20:00,140.0,5.0,0.7,1020.3,29.9,29.8,0.7,0.7,0.7,5.0,5.0,5.0,1020.4,1020.5,1020.7,0.7,0.0,0.7,0.0,5.333333333333333,0.5773502691896258,5.166666666666667,0.40824829046386296,-0.40000000000009095,-0.20000000000004547,0.6427876096865395,-0.7660444431189779,-0.9659258262890683,-0.25881904510252063,0.7,5.0
2026-07-13 18:20:00,140.0,4.0,0.7,1020.1,29.9,29.9,0.7,0.7,0.7,4.0,5.0,5.0,1020.1,1020.1,1020.3,0.7,0.0,0.7,0.0,4.0,0.0,4.5,0.5477225575051659,-0.1999999999999318,0.0,0.6427876096865395,-0.7660444431189779,-1.0,-1.8369701987210297e-16,0.7,2.0
2026-07-13 19:20:00,130.0,2.0,0.6,1019.7,30.1,29.9,0.6,0.7,0.7,2.0,2.0,4.0,1019.8,1020.1,1020.1,0.6,0.0,0.6333333333333333,0.05773502691896255,2.0,0.0,2.3333333333333335,0.5163977794943223,-0.39999999999997726,-0.39999999999997726,0.766044443118978,-0.6427876096865394,-0.9659258262890684,0.2588190451025203,0.6,2.0
2026-07-13 20:50:00,30.0,1.0,0.6,1019.3,30.4,30.0,0.6,,0.6,1.0,2.0,2.0,1019.5,1019.3,1019.3,0.6,0.0,0.6,0.0,1.0,0.0,1.5,0.5477225575051661,0.0,0.0,0.49999999999999994,0.8660254037844387,-0.8660254037844386,0.5000000000000001,0.6,2.0
2026-07-13 22:20:00,50.0,3.0,0.5,1018.6,30.3,29.9,0.5,0.6,0.6,2.0,2.0,2.0,1018.7,1018.8,1018.9,0.5,0.0,0.5333333333333333,0.05773502691896258,2.3333333333333335,0.5773502691896257,2.1666666666666665,0.408248290463863,-0.2999999999999545,-0.1999999999999318,0.766044443118978,0.6427876096865394,-0.5000000000000004,0.8660254037844384,0.6,2.0
2026-07-13 23:40:00,90.0,3.0,0.5,1018.5,30.1,30.0,0.6,0.6,0.5,3.0,2.0,3.0,1018.4,1018.4,1018.6,0.55,0.07071067811865478,0.5666666666666668,0.05773502691896256,2.6666666666666665,0.5773502691896257,2.6666666666666665,0.5163977794943226,-0.10000000000002274,0.10000000000002274,1.0,6.123233995736766e-17,-0.25881904510252157,0.9659258262890681,0.5,3.0
2026-07-14 01:20:00,90.0,3.0,0.5,1019.0,29.9,29.9,0.5,0.5,0.5,2.0,2.0,3.0,1019.0,1019.0,1018.8,0.5,0.0,0.5,0.0,2.3333333333333335,0.5773502691896257,2.4,0.5477225575051661,0.20000000000004547,0.0,1.0,6.123233995736766e-17,0.25881904510252074,0.9659258262890683,0.5,4.0
2026-07-14 01:50:00,100.0,4.0,0.5,1019.2,30.0,29.9,0.5,0.5,0.5,4.0,3.0,2.0,1019.1,1019.0,1019.0,0.5,0.0,0.5,0.0,3.6666666666666665,0.5773502691896257,3.0,0.8944271909999159,0.20000000000004547,0.20000000000004547,0.984807753012208,-0.1736481776669303,0.25881904510252074,0.9659258262890683,0.6,3.0
2026-07-14 02:20:00,80.0,3.0,0.6,1019.2,29.9,29.8,0.6,0.5,0.5,3.0,4.0,3.0,1019.2,1019.2,1019.0,0.6,0.0,0.5499999999999999,0.05773502691896254,3.0,0.0,3.3333333333333335,0.5163977794943221,0.20000000000004547,0.0,0.984807753012208,0.17364817766693041,0.49999999999999994,0.8660254037844387,0.5,3.0
2026-07-14 03:20:00,80.0,3.0,0.5,1019.6,29.9,29.7,0.5,0.5,0.6,3.0,3.0,3.0,1019.5,1019.4,1019.2,0.5,0.0,0.5,0.0,3.0,0.0,3.0,0.0,0.39999999999997726,0.20000000000004547,0.984807753012208,0.17364817766693041,0.7071067811865476,0.7071067811865476,0.5,3.0
2026-07-14 04:20:00,50.0,3.0,0.5,1019.7,29.8,29.8,0.5,0.5,0.5,3.0,3.0,3.0,1019.7,1019.8,1019.6,0.5,0.0,0.5,0.0,2.6666666666666665,0.5773502691896257,2.8333333333333335,0.408248290463863,0.10000000000002274,-0.09999999999990905,0.766044443118978,0.6427876096865394,0.8660254037844386,0.5000000000000001,0.5,4.0
2026-07-14 04:50:00,70.0,4.0,0.5,1019.4,29.8,29.8,0.5,0.5,0.5,4.0,3.0,3.0,1019.6,1019.7,1019.8,0.5,0.0,0.5,0.0,4.0,0.0,3.3333333333333335,0.816496580927726,-0.39999999999997726,-0.3000000000000682,0.9396926207859083,0.3420201433256688,0.8660254037844386,0.5000000000000001,0.5,3.0
2026-07-14 07:50:00,90.0,5.0,0.5,1018.2,29.6,29.8,0.5,0.5,0.5,5.0,5.0,4.0,1018.1,1018.4,1018.6,0.5,0.0,0.5,0.0,4.666666666666667,0.5773502691896258,4.5,0.5477225575051659,-0.39999999999997726,-0.1999999999999318,1.0,6.123233995736766e-17,0.9659258262890683,-0.25881904510252063,0.5,5.0
2026-07-14 09:20:00,120.0,5.0,0.5,1018.1,29.6,29.7,0.5,0.5,0.5,5.0,5.0,5.0,1018.1,1018.1,1018.1,0.5,0.0,0.5,0.0,5.0,0.0,5.0,0.0,0.0,0.0,0.8660254037844387,-0.4999999999999998,0.7071067811865476,-0.7071067811865475,0.5,5.0
2026-07-14 10:20:00,120.0,6.0,0.4,1017.7,29.5,29.8,0.4,0.5,0.5,6.0,5.0,5.0,1017.8,1017.9,1018.1,0.4,0.0,0.43333333333333335,0.05773502691896256,5.666666666666667,0.5773502691896258,5.333333333333333,0.5163977794943221,-0.39999999999997726,-0.1999999999999318,0.8660254037844387,-0.4999999999999998,0.49999999999999994,-0.8660254037844387,0.5,7.0
2026-07-14 10:50:00,120.0,7.0,0.5,1017.6,29.6,29.8,0.5,0.4,0.5,6.0,6.0,5.0,1017.6,1017.7,1017.9,0.5,0.0,0.45,0.05773502691896256,6.333333333333333,0.5773502691896258,6.0,0.6324555320336763,-0.2999999999999545,-0.10000000000002274,0.8660254037844387,-0.4999999999999998,0.49999999999999994,-0.8660254037844387,0.5,6.0
2026-07-14 11:20:00,130.0,6.0,0.5,1017.9,29.6,29.8,0.5,0.5,0.4,6.0,7.0,6.0,1017.7,1017.6,1017.7,0.5,0.0,0.5,0.0,6.0,0.0,6.166666666666667,0.40824829046386407,0.1999999999999318,0.2999999999999545,0.766044443118978,-0.6427876096865394,0.258819045102521,-0.9659258262890682,0.5,6.0
2026-07-14 12:20:00,140.0,6.0,0.5,1018.0,29.5,29.9,0.5,0.5,0.5,6.0,6.0,6.0,1017.9,1017.9,1017.9,0.5,0.0,0.5,0.0,6.0,0.0,6.0,0.0,0.10000000000002274,0.10000000000002274,0.6427876096865395,-0.7660444431189779,1.2246467991473532e-16,-1.0,0.5,7.0
2026-07-14 13:20:00,150.0,7.0,0.5,1018.5,29.6,30.0,0.5,0.5,0.5,7.0,7.0,6.0,1018.4,1018.1,1018.0,0.5,0.0,0.5,0.0,7.0,0.0,6.666666666666667,0.5163977794943221,0.5,0.39999999999997726,0.49999999999999994,-0.8660254037844387,-0.2588190451025208,-0.9659258262890683,0.5,7.0
2026-07-14 14:50:00,140.0,7.0,0.6,1018.5,29.8,30.0,0.6,0.5,0.5,7.0,7.0,7.0,1018.4,1018.4,1018.4,0.6,0.0,0.5666666666666667,0.05773502691896255,7.0,0.0,7.0,0.0,0.10000000000002274,0.10000000000002274,0.6427876096865395,-0.7660444431189779,-0.4999999999999997,-0.8660254037844388,0.6,6.0
2026-07-14 15:20:00,150.0,6.0,0.6,1018.7,29.8,29.9,0.6,0.6,0.5,6.0,7.0,7.0,1018.7,1018.5,1018.4,0.6,0.0,0.6,0.0,6.0,0.0,6.5,0.5477225575051659,0.3000000000000682,0.20000000000004547,0.49999999999999994,-0.8660254037844387,-0.7071067811865471,-0.7071067811865479,0.6,5.0
2026-07-14 16:20:00,150.0,5.0,0.6,1018.9,29.8,30.0,0.6,0.6,0.6,5.0,5.0,6.0,1018.9,1018.9,1018.7,0.6,0.0,0.6,0.0,5.0,0.0,5.0,0.0,0.1999999999999318,0.0,0.49999999999999994,-0.8660254037844387,-0.8660254037844385,-0.5000000000000004,0.6,5.0
2026-07-14 17:20:00,160.0,5.0,0.6,1018.7,29.9,30.1,0.6,0.6,0.6,5.0,5.0,5.0,1018.7,1018.8,1018.9,0.6,0.0,0.6,0.0,5.0,0.0,4.833333333333333,0.40824829046386296,-0.1999999999999318,-0.09999999999990905,0.3420201433256689,-0.9396926207859083,-0.9659258262890683,-0.25881904510252063,0.6,4.0
2026-07-14 19:20:00,150.0,2.0,0.5,1018.8,30.2,30.3,0.5,0.6,0.6,3.0,2.0,3.0,1018.8,1018.7,1018.7,0.5,0.0,0.5499999999999999,0.05773502691896256,2.3333333333333335,0.5773502691896257,2.4,0.5477225575051661,0.09999999999990905,0.09999999999990905,0.49999999999999994,-0.8660254037844387,-0.9659258262890684,0.2588190451025203,0.6,2.0
2026-07-14 20:20:00,120.0,2.0,0.6,1018.6,30.6,30.4,0.6,0.6,0.5,1.0,2.0,2.0,1018.6,1018.8,1018.8,0.6,0.0,0.6,0.0,1.6666666666666667,0.5773502691896258,2.0,0.6324555320336757,-0.1999999999999318,-0.1999999999999318,0.8660254037844387,-0.4999999999999998,-0.8660254037844386,0.5000000000000001,0.6,2.0
2026-07-14 22:20:00,90.0,2.0,0.5,1017.8,30.5,30.4,0.5,0.6,0.6,2.0,2.0,1.0,1017.8,1018.0,1018.1,0.5,0.0,0.5333333333333333,0.05773502691896258,2.0,0.0,2.0,0.0,-0.3000000000000682,-0.20000000000004547,1.0,6.123233995736766e-17,-0.5000000000000004,0.8660254037844384,0.5,2.0
2026-07-15 01:20:00,80.0,5.0,0.5,1018.2,30.0,30.4,0.5,0.5,0.5,5.0,5.0,4.0,1018.1,1018.0,1017.7,0.5,0.0,0.5,0.0,5.0,0.0,4.666666666666667,0.5163977794943221,0.5,0.20000000000004547,0.984807753012208,0.17364817766693041,0.25881904510252074,0.9659258262890683,0.6,5.0
2026-07-15 02:20:00,100.0,6.0,0.5,1018.6,29.7,30.3,0.5,0.6,0.5,6.0,5.0,5.0,1018.5,1018.4,1018.2,0.5,0.0,0.5333333333333333,0.05773502691896256,5.666666666666667,0.5773502691896258,5.333333333333333,0.5163977794943221,0.39999999999997726,0.20000000000004547,0.984807753012208,-0.1736481776669303,0.49999999999999994,0.8660254037844387,0.5,6.0
2026-07-15 03:20:00,100.0,7.0,0.5,1018.9,29.7,30.2,0.5,0.5,0.5,7.0,6.0,6.0,1018.9,1018.7,1018.6,0.5,0.0,0.5,0.0,6.666666666666667,0.5773502691896258,6.333333333333333,0.5163977794943221,0.2999999999999545,0.1999999999999318,0.984807753012208,-0.1736481776669303,0.7071067811865476,0.7071067811865476,0.5,7.0
2026-07-15 03:50:00,110.0,7.0,0.5,1019.0,29.7,30.2,0.5,0.5,0.5,7.0,7.0,6.0,1019.1,1018.9,1018.7,0.5,0.0,0.5,0.0,7.0,0.0,6.833333333333333,0.4082482904638632,0.2999999999999545,0.10000000000002274,0.9396926207859084,-0.3420201433256687,0.7071067811865476,0.7071067811865476,0.5,7.0
2026-07-15 04:20:00,110.0,7.0,0.5,1019.0,29.6,30.2,0.5,0.5,0.5,6.0,7.0,7.0,1019.0,1019.0,1018.9,0.5,0.0,0.5,0.0,6.333333333333333,0.5773502691896258,6.666666666666667,0.5163977794943221,0.10000000000002274,0.0,0.9396926207859084,-0.3420201433256687,0.8660254037844386,0.5000000000000001,0.5,6.0
2026-07-15 05:20:00,110.0,7.0,0.5,1018.9,29.7,30.2,0.5,0.5,0.5,7.0,6.0,7.0,1018.9,1018.9,1019.0,0.5,0.0,0.5,0.0,6.666666666666667,0.5773502691896258,6.333333333333333,0.5163977794943221,-0.10000000000002274,0.0,0.9396926207859084,-0.3420201433256687,0.9659258262890683,0.25881904510252074,0.5,6.0
2026-07-15 06:20:00,110.0,5.0,0.5,1018.9,29.6,30.3,0.5,0.5,0.5,6.0,6.0,7.0,1018.9,1018.9,1018.9,0.5,0.0,0.5,0.0,5.666666666666667,0.5773502691896258,6.166666666666667,0.752772652709081,0.0,0.0,0.9396926207859084,-0.3420201433256687,1.0,6.123233995736766e-17,0.5,5.0
2026-07-15 07:50:00,110.0,5.0,0.5,1018.6,29.6,30.3,0.5,0.5,0.5,5.0,5.0,5.0,1018.6,1018.7,1018.9,0.5,0.0,0.5,0.0,5.0,0.0,5.0,0.0,-0.2999999999999545,-0.10000000000002274,0.9396926207859084,-0.3420201433256687,0.9659258262890683,-0.25881904510252063,0.5,4.0
2026-07-15 08:20:00,110.0,4.0,0.5,1018.2,29.6,30.2,0.5,0.5,0.5,4.0,5.0,5.0,1018.4,1018.6,1018.7,0.5,0.0,0.5,0.0,4.0,0.0,4.5,0.5477225575051659,-0.5,-0.39999999999997726,0.9396926207859084,-0.3420201433256687,0.8660254037844387,-0.4999999999999998,0.5,4.0
2026-07-15 09:20:00,90.0,5.0,0.5,1018.1,29.5,30.3,0.5,0.5,0.5,5.0,4.0,4.0,1018.1,1018.1,1018.2,0.5,0.0,0.5,0.0,5.0,0.0,4.833333333333333,0.4082482904638632,-0.10000000000002274,0.0,1.0,6.123233995736766e-17,0.7071067811865476,-0.7071067811865475,0.5,5.0
2026-07-15 10:20:00,100.0,5.0,0.5,1018.4,29.6,30.2,0.5,0.5,0.5,5.0,5.0,5.0,1018.2,1018.2,1018.1,0.5,0.0,0.5,0.0,4.666666666666667,0.5773502691896258,4.833333333333333,0.40824829046386296,0.2999999999999545,0.1999999999999318,0.984807753012208,-0.1736481776669303,0.49999999999999994,-0.8660254037844387,0.5,5.0
2026-07-15 11:20:00,90.0,5.0,0.5,1018.2,29.6,30.2,0.5,0.5,0.5,5.0,5.0,5.0,1018.3,1018.4,1018.4,0.5,0.0,0.5,0.0,5.0,0.0,5.0,0.0,-0.1999999999999318,-0.1999999999999318,1.0,6.123233995736766e-17,0.258819045102521,-0.9659258262890682,0.5,6.0
2026-07-15 12:20:00,100.0,5.0,0.5,1018.7,29.7,30.2,0.5,0.5,0.5,6.0,6.0,5.0,1018.6,1018.5,1018.2,0.5,0.0,0.5,0.0,5.666666666666667,0.5773502691896258,5.666666666666667,0.5163977794943221,0.5,0.20000000000004547,0.984807753012208,-0.1736481776669303,1.2246467991473532e-16,-1.0,0.5,5.0
2026-07-15 13:20:00,110.0,5.0,0.5,1019.3,29.7,30.2,0.5,0.5,0.5,5.0,5.0,5.0,1019.2,1018.9,1018.7,0.5,0.0,0.5,0.0,5.0,0.0,5.166666666666667,0.4082482904638632,0.599999999999909,0.39999999999997726,0.9396926207859084,-0.3420201433256687,-0.2588190451025208,-0.9659258262890683,0.6,6.0
2026-07-15 14:20:00,110.0,6.0,0.6,1019.2,29.8,30.2,0.6,0.6,0.5,6.0,6.0,5.0,1019.2,1019.2,1019.3,0.6,0.0,0.6,0.0,6.0,0.0,5.833333333333333,0.4082482904638632,-0.09999999999990905,0.0,0.9396926207859084,-0.3420201433256687,-0.4999999999999997,-0.8660254037844388,0.6,6.0
2026-07-15 15:20:00,120.0,6.0,0.6,1018.9,29.9,30.3,0.6,0.6,0.6,6.0,6.0,6.0,1019.0,1018.9,1019.2,0.6,0.0,0.6,0.0,5.666666666666667,0.5773502691896258,5.833333333333333,0.40824829046386296,-0.3000000000000682,0.0,0.8660254037844387,-0.4999999999999998,-0.7071067811865471,-0.7071067811865479,0.6,6.0
2026-07-15 16:20:00,130.0,6.0,0.6,1019.2,30.0,30.3,0.6,0.6,0.6,6.0,6.0,6.0,1019.3,1019.2,1018.9,0.6,0.0,0.6,0.0,6.0,0.0,6.0,0.0,0.3000000000000682,0.0,0.766044443118978,-0.6427876096865394,-0.8660254037844385,-0.5000000000000004,0.7,6.0
2026-07-15 16:50:00,130.0,6.0,0.7,1019.2,30.0,30.3,0.7,0.6,0.6,6.0,6.0,6.0,1019.3,1019.2,1019.2,0.7,0.0,0.6499999999999999,0.05773502691896256,6.0,0.0,6.0,0.0,0.0,0.0,0.766044443118978,-0.6427876096865394,-0.8660254037844385,-0.5000000000000004,0.6,6.0
2026-07-15 17:20:00,130.0,6.0,0.6,1019.1,29.8,30.3,0.6,0.7,0.6,6.0,6.0,6.0,1019.1,1019.2,1019.2,0.6,0.0,0.6499999999999999,0.05773502691896256,6.0,0.0,6.0,0.0,-0.10000000000002274,-0.10000000000002274,0.766044443118978,-0.6427876096865394,-0.9659258262890683,-0.25881904510252063,0.6,6.0
2026-07-15 17:50:00,130.0,6.0,0.6,1019.1,29.8,30.4,0.6,0.6,0.7,6.0,6.0,6.0,1019.0,1019.1,1019.2,0.6,0.0,0.6,0.0,6.0,0.0,6.0,0.0,-0.10000000000002274,0.0,0.766044443118978,-0.6427876096865394,-0.9659258262890683,-0.25881904510252063,0.7,5.0
2026-07-15 19:20:00,120.0,4.0,0.6,1018.7,30.1,30.5,0.6,0.7,0.7,4.0,5.0,5.0,1018.7,1018.8,1018.9,0.6,0.0,0.6333333333333333,0.05773502691896255,4.333333333333333,0.5773502691896258,4.5,0.5477225575051671,-0.1999999999999318,-0.09999999999990905,0.8660254037844387,-0.4999999999999998,-0.9659258262890684,0.2588190451025203,0.6,4.0
2026-07-15 19:50:00,110.0,4.0,0.6,1018.6,30.1,30.6,0.6,0.6,0.7,4.0,4.0,5.0,1018.7,1018.7,1018.8,0.6,0.0,0.6,0.0,4.0,0.0,4.166666666666667,0.40824829046386496,-0.1999999999999318,-0.10000000000002274,0.9396926207859084,-0.3420201433256687,-0.9659258262890684,0.2588190451025203,0.6,4.0
2026-07-15 21:20:00,100.0,5.0,0.6,1018.1,30.1,30.6,0.6,0.6,0.6,5.0,4.0,4.0,1018.1,1018.2,1018.4,0.6,0.0,0.6,0.0,4.666666666666667,0.5773502691896258,4.333333333333333,0.5163977794943221,-0.2999999999999545,-0.10000000000002274,0.984807753012208,-0.1736481776669303,-0.7071067811865477,0.7071067811865474,0.6,5.0
2026-07-15 22:20:00,100.0,5.0,0.6,1017.9,30.1,30.5,0.6,0.6,0.6,5.0,5.0,5.0,1017.8,1017.8,1018.1,0.6,0.0,0.6,0.0,5.0,0.0,5.0,0.0,-0.20000000000004547,0.10000000000002274,0.984807753012208,-0.1736481776669303,-0.5000000000000004,0.8660254037844384,0.6,5.0
2026-07-15 22:50:00,100.0,5.0,0.6,1017.8,30.2,30.5,0.6,0.6,0.6,5.0,5.0,5.0,1017.8,1017.9,1017.8,0.6,0.0,0.6,0.0,5.0,0.0,5.0,0.0,0.0,-0.10000000000002274,0.984807753012208,-0.1736481776669303,-0.5000000000000004,0.8660254037844384,0.6,5.0
2026-07-15 23:40:00,90.0,5.0,0.6,1017.9,30.2,30.4,0.6,0.6,0.6,5.0,5.0,5.0,1017.8,1017.8,1017.9,0.6,0.0,0.6,0.0,5.0,0.0,5.0,0.0,0.0,0.10000000000002274,1.0,6.123233995736766e-17,-0.25881904510252157,0.9659258262890681,0.6,6.0
2026-07-16 00:50:00,100.0,6.0,0.6,1018.4,30.0,30.3,0.6,0.6,0.6,6.0,6.0,5.0,1018.3,1018.1,1017.9,0.6,0.0,0.6,0.0,6.0,0.0,5.833333333333333,0.4082482904638632,0.5,0.2999999999999545,0.984807753012208,-0.1736481776669303,0.0,1.0,0.6,6.0
2026-07-16 01:20:00,110.0,6.0,0.6,1018.6,30.0,30.3,0.6,0.6,0.6,6.0,6.0,6.0,1018.6,1018.4,1018.1,0.6,0.0,0.6,0.0,6.0,0.0,6.0,0.0,0.5,0.20000000000004547,0.9396926207859084,-0.3420201433256687,0.25881904510252074,0.9659258262890683,0.6,6.0
2026-07-16 02:20:00,120.0,6.0,0.6,1019.0,29.9,30.2,0.6,0.6,0.6,6.0,6.0,6.0,1018.9,1018.8,1018.6,0.6,0.0,0.6,0.0,6.0,0.0,6.0,0.0,0.39999999999997726,0.20000000000004547,0.8660254037844387,-0.4999999999999998,0.49999999999999994,0.8660254037844387,0.7,6.0
2026-07-16 03:20:00,100.0,5.0,0.7,1019.1,29.9,30.2,0.7,0.7,0.6,6.0,6.0,6.0,1018.9,1018.9,1019.0,0.7,0.0,0.7,0.0,5.666666666666667,0.5773502691896258,6.0,0.6324555320336759,0.10000000000002274,0.20000000000004547,0.984807753012208,-0.1736481776669303,0.7071067811865476,0.7071067811865476,0.6,6.0
2026-07-16 04:20:00,100.0,6.0,0.6,1019.0,29.8,30.1,0.6,0.6,0.7,6.0,6.0,5.0,1018.9,1019.1,1019.1,0.6,0.0,0.6,0.0,6.0,0.0,6.0,0.0,-0.10000000000002274,-0.10000000000002274,0.984807753012208,-0.1736481776669303,0.8660254037844386,0.5000000000000001,0.7,7.0
2026-07-16 06:20:00,130.0,7.0,0.7,1019.1,29.8,30.1,0.7,0.7,0.7,7.0,7.0,7.0,1019.2,1019.3,1019.2,0.7,0.0,0.7,0.0,7.0,0.0,7.0,0.0,-0.10000000000002274,-0.1999999999999318,0.766044443118978,-0.6427876096865394,1.0,6.123233995736766e-17,0.7,6.0
2026-07-16 07:10:00,120.0,6.0,0.8,1018.9,29.9,30.1,0.8,,0.7,6.0,6.0,7.0,1019.0,1019.2,1019.2,0.7666666666666666,0.05773502691896262,0.75,0.05773502691896264,6.0,0.0,6.333333333333333,0.5163977794943221,-0.3000000000000682,-0.3000000000000682,0.8660254037844387,-0.4999999999999998,0.9659258262890683,-0.25881904510252063,0.8,6.0
2026-07-16 07:20:00,130.0,6.0,0.8,1018.9,29.8,30.1,0.8,0.7,0.7,6.0,6.0,7.0,1018.9,1019.0,1019.1,0.8,0.0,0.775,0.050000000000000044,6.0,0.0,6.166666666666667,0.4082482904638632,-0.20000000000004547,-0.10000000000002274,0.766044443118978,-0.6427876096865394,0.9659258262890683,-0.25881904510252063,0.8,6.0
2026-07-16 07:50:00,130.0,6.0,0.8,1018.6,29.8,30.1,0.8,0.8,0.7,6.0,6.0,6.0,1018.7,1018.9,1019.0,0.8,0.0,0.8,0.0,6.333333333333333,0.5773502691896258,6.166666666666667,0.40824829046386296,-0.39999999999997726,-0.2999999999999545,0.766044443118978,-0.6427876096865394,0.9659258262890683,-0.25881904510252063,0.7,6.0
2026-07-16 08:20:00,130.0,6.0,0.7,1018.4,29.8,30.1,0.7,0.8,0.8,6.0,6.0,6.0,1018.4,1018.6,1018.9,0.7,0.0,0.75,0.05773502691896264,6.333333333333333,0.5773502691896258,6.333333333333333,0.5163977794943221,-0.5,-0.20000000000004547,0.766044443118978,-0.6427876096865394,0.8660254037844387,-0.4999999999999998,0.7,5.0
2026-07-16 08:50:00,110.0,5.0,0.7,1018.1,29.7,,0.7,0.7,0.8,5.0,6.0,6.0,1018.1,1018.4,1018.6,0.7,0.0,0.7,0.0,5.333333333333333,0.5773502691896258,5.833333333333333,0.7527726527090816,-0.5,-0.2999999999999545,0.9396926207859084,-0.3420201433256687,0.8660254037844387,-0.4999999999999998,0.7,4.0
2026-07-16 09:20:00,80.0,4.0,0.7,1017.8,29.6,30.1,0.7,0.7,0.7,4.0,5.0,6.0,1017.8,1018.1,1018.4,0.7,0.0,0.7,0.0,4.0,0.0,4.666666666666667,0.8164965809277276,-0.6000000000000227,-0.3000000000000682,0.984807753012208,0.17364817766693041,0.7071067811865476,-0.7071067811865475,0.7,5.0
2026-07-16 10:20:00,100.0,5.0,0.7,1018.0,29.6,30.1,0.7,0.7,0.7,5.0,5.0,4.0,1017.7,1017.6,1017.8,0.7,0.0,0.7,0.0,5.0,0.0,5.0,0.0,0.20000000000004547,0.39999999999997726,0.984807753012208,-0.1736481776669303,0.49999999999999994,-0.8660254037844387,0.7,5.0
2026-07-16 11:20:00,110.0,5.0,0.7,1018.1,29.6,30.1,0.7,0.7,0.7,4.0,5.0,5.0,1018.2,1018.2,1018.0,0.7,0.0,0.7,0.0,4.666666666666667,0.5773502691896258,4.833333333333333,0.40824829046386296,0.10000000000002274,-0.10000000000002274,0.9396926207859084,-0.3420201433256687,0.258819045102521,-0.9659258262890682,0.6,5.0
2026-07-16 12:50:00,80.0,5.0,0.6,1019.2,29.7,,0.6,0.6,0.6,5.0,5.0,5.0,1019.0,1018.7,1018.5,0.6,0.0,0.6,0.0,5.0,0.0,5.0,0.0,0.7000000000000455,0.5,0.984807753012208,0.17364817766693041,1.2246467991473532e-16,-1.0,0.6,5.0
2026-07-16 13:20:00,90.0,5.0,0.6,1019.8,29.8,30.0,0.6,0.6,0.6,5.0,5.0,5.0,1019.6,1019.2,1018.7,0.6,0.0,0.6,0.0,5.0,0.0,5.0,0.0,1.099999999999909,0.599999999999909,1.0,6.123233995736766e-17,-0.2588190451025208,-0.9659258262890683,0.6,5.0
2026-07-16 14:20:00,100.0,5.0,0.6,1020.4,29.8,30.0,0.6,0.6,0.6,5.0,5.0,5.0,1020.3,1020.2,1019.8,0.6,0.0,0.6,0.0,5.0,0.0,5.0,0.0,0.6000000000000227,0.1999999999999318,0.984807753012208,-0.1736481776669303,-0.4999999999999997,-0.8660254037844388,0.6,6.0
2026-07-16 15:20:00,100.0,6.0,0.6,1020.6,29.9,30.0,0.6,0.6,0.6,6.0,6.0,5.0,1020.6,1020.4,1020.4,0.6,0.0,0.6,0.0,6.0,0.0,6.0,0.0,0.20000000000004547,0.20000000000004547,0.984807753012208,-0.1736481776669303,-0.7071067811865471,-0.7071067811865479,0.6,6.0
2026-07-16 16:20:00,90.0,5.0,0.6,1020.8,30.0,30.1,0.6,0.6,0.6,6.0,6.0,6.0,1020.8,1020.7,1020.6,0.6,0.0,0.6,0.0,5.333333333333333,0.5773502691896258,5.5,0.5477225575051659,0.1999999999999318,0.09999999999990905,1.0,6.123233995736766e-17,-0.8660254037844385,-0.5000000000000004,0.6,5.0
2026-07-16 17:20:00,100.0,5.0,0.6,1020.7,30.1,30.1,0.6,0.6,0.6,5.0,5.0,5.0,1020.7,1020.7,1020.8,0.6,0.0,0.6,0.0,5.0,0.0,5.333333333333333,0.5163977794943221,-0.09999999999990905,0.0,0.984807753012208,-0.1736481776669303,-0.9659258262890683,-0.25881904510252063,0.6,6.0
2026-07-16 18:20:00,90.0,6.0,0.6,1020.5,30.1,30.2,0.6,0.6,0.6,5.0,6.0,5.0,1020.5,1020.5,1020.7,0.6,0.0,0.6,0.0,5.333333333333333,0.5773502691896258,5.333333333333333,0.5163977794943221,-0.20000000000004547,0.0,1.0,6.123233995736766e-17,-1.0,-1.8369701987210297e-16,0.6,6.0
2026-07-16 19:50:00,100.0,5.0,0.6,1020.0,30.1,30.3,0.6,0.6,0.6,5.0,5.0,6.0,1020.1,1020.2,1020.5,0.6,0.0,0.6,0.0,5.0,0.0,5.0,0.0,-0.5,-0.20000000000004547,0.984807753012208,-0.1736481776669303,-0.9659258262890684,0.2588190451025203,0.7,5.0
2026-07-16 20:20:00,100.0,5.0,0.7,1019.7,30.2,30.4,0.7,0.6,0.6,5.0,5.0,5.0,1019.9,1020.0,1020.2,0.7,0.0,0.6499999999999999,0.05773502691896256,5.0,0.0,5.0,0.0,-0.5,-0.2999999999999545,0.984807753012208,-0.1736481776669303,-0.8660254037844386,0.5000000000000001,0.7,5.0
2026-07-16 21:20:00,80.0,4.0,0.7,1019.4,30.3,30.4,0.7,0.7,0.7,4.0,5.0,5.0,1019.4,1019.5,1019.7,0.7,0.0,0.7,0.0,4.333333333333333,0.5773502691896258,4.5,0.5477225575051659,-0.3000000000000682,-0.10000000000002274,0.984807753012208,0.17364817766693041,-0.7071067811865477,0.7071067811865474,0.6,5.0
2026-07-16 22:20:00,90.0,5.0,0.6,1019.0,30.3,30.3,0.6,0.6,0.7,5.0,5.0,4.0,1019.1,1019.3,1019.4,0.6,0.0,0.6,0.0,5.0,0.0,4.666666666666667,0.5163977794943221,-0.39999999999997726,-0.2999999999999545,1.0,6.123233995736766e-17,-0.5000000000000004,0.8660254037844384,0.6,5.0
2026-07-17 01:20:00,90.0,6.0,0.6,1019.1,30.0,30.2,0.6,0.5,0.5,5.0,6.0,6.0,1019.0,1018.9,1018.8,0.6,0.0,0.5666666666666667,0.05773502691896255,5.333333333333333,0.5773502691896258,5.333333333333333,0.5163977794943221,0.3000000000000682,0.20000000000004547,1.0,6.123233995736766e-17,0.25881904510252074,0.9659258262890683,0.6,6.0
2026-07-17 02:20:00,90.0,6.0,0.6,1019.4,29.9,30.1,0.6,0.6,0.6,6.0,6.0,6.0,1019.4,1019.2,1019.1,0.6,0.0,0.6,0.0,6.0,0.0,6.0,0.0,0.2999999999999545,0.1999999999999318,1.0,6.123233995736766e-17,0.49999999999999994,0.8660254037844387,0.6,6.0
2026-07-17 02:50:00,100.0,6.0,0.6,1019.9,29.9,30.0,0.6,0.6,0.6,6.0,6.0,6.0,1019.7,1019.4,1019.2,0.6,0.0,0.6,0.0,6.0,0.0,6.0,0.0,0.6999999999999318,0.5,0.984807753012208,-0.1736481776669303,0.49999999999999994,0.8660254037844387,0.6,6.0
2026-07-17 04:20:00,120.0,6.0,0.6,1020.7,29.8,29.9,0.6,0.6,0.6,6.0,6.0,6.0,1020.7,1020.6,1020.2,0.6,0.0,0.6,0.0,6.0,0.0,6.333333333333333,0.5163977794943221,0.5,0.10000000000002274,0.8660254037844387,-0.4999999999999998,0.8660254037844386,0.5000000000000001,0.6,5.0
2026-07-17 05:20:00,100.0,5.0,0.6,1020.8,29.8,29.8,0.6,0.6,0.6,5.0,5.0,6.0,1020.8,1020.8,1020.7,0.6,0.0,0.6,0.0,5.0,0.0,5.333333333333333,0.5163977794943221,0.09999999999990905,0.0,0.984807753012208,-0.1736481776669303,0.9659258262890683,0.25881904510252074,0.6,5.0
2026-07-17 06:20:00,110.0,5.0,0.6,1020.6,29.7,29.8,0.6,0.6,0.6,5.0,5.0,5.0,1020.6,1020.7,1020.8,0.6,0.0,0.6,0.0,4.666666666666667,0.5773502691896258,4.833333333333333,0.40824829046386296,-0.1999999999999318,-0.10000000000002274,0.9396926207859084,-0.3420201433256687,1.0,6.123233995736766e-17,0.6,4.0
2026-07-17 06:50:00,110.0,4.0,0.6,1020.3,29.6,29.9,0.6,0.6,0.6,4.0,5.0,5.0,1020.4,1020.6,1020.7,0.6,0.0,0.6,0.0,4.333333333333333,0.5773502691896258,4.5,0.5477225575051659,-0.40000000000009095,-0.3000000000000682,0.9396926207859084,-0.3420201433256687,1.0,6.123233995736766e-17,0.6,4.0
2026-07-17 07:20:00,110.0,4.0,0.6,1019.9,29.5,29.9,0.6,0.6,0.6,5.0,4.0,5.0,1020.0,1020.3,1020.6,0.6,0.0,0.6,0.0,4.333333333333333,0.5773502691896258,4.333333333333333,0.5163977794943221,-0.7000000000000455,-0.39999999999997726,0.9396926207859084,-0.3420201433256687,0.9659258262890683,-0.25881904510252063,0.7,4.0
2026-07-17 09:20:00,100.0,2.0,0.6,1019.7,29.4,29.8,0.6,0.6,0.6,3.0,3.0,4.0,1019.7,1019.7,1019.8,0.6,0.0,0.6,0.0,2.3333333333333335,0.5773502691896257,2.8333333333333335,0.7527726527090817,-0.09999999999990905,0.0,0.984807753012208,-0.1736481776669303,0.7071067811865476,-0.7071067811865475,0.7,3.0
2026-07-17 09:50:00,90.0,3.0,0.7,1019.7,29.3,29.8,0.7,0.6,0.6,2.0,2.0,3.0,1019.7,1019.7,1019.7,0.7,0.0,0.6499999999999999,0.05773502691896256,2.3333333333333335,0.5773502691896257,2.3333333333333335,0.5163977794943239,0.0,0.0,1.0,6.123233995736766e-17,0.7071067811865476,-0.7071067811865475,0.6,3.0
2026-07-17 10:20:00,110.0,3.0,0.6,1019.8,29.2,29.8,0.6,0.7,0.6,3.0,3.0,2.0,1019.8,1019.7,1019.7,0.6,0.0,0.6499999999999999,0.05773502691896256,3.0,0.0,2.6666666666666665,0.5163977794943235,0.09999999999990905,0.09999999999990905,0.9396926207859084,-0.3420201433256687,0.49999999999999994,-0.8660254037844387,0.6,2.0
2026-07-17 10:50:00,110.0,2.0,0.6,1020.0,29.2,29.8,0.6,0.6,0.7,2.0,3.0,3.0,1020.0,1019.8,1019.7,0.6,0.0,0.6,0.0,2.3333333333333335,0.5773502691896257,2.6666666666666665,0.5163977794943223,0.2999999999999545,0.20000000000004547,0.9396926207859084,-0.3420201433256687,0.49999999999999994,-0.8660254037844387,0.5,2.0
2026-07-17 11:20:00,130.0,2.0,0.5,1020.2,29.1,29.8,0.5,0.6,0.6,2.0,2.0,3.0,1020.1,1020.0,1019.8,0.5,0.0,0.55,0.05773502691896256,2.3333333333333335,0.5773502691896257,2.3333333333333335,0.5163977794943226,0.40000000000009095,0.20000000000004547,0.766044443118978,-0.6427876096865394,0.258819045102521,-0.9659258262890682,0.6,3.0
2026-07-17 12:20:00,90.0,2.0,0.6,1020.6,29.4,29.8,0.6,0.6,0.5,2.0,3.0,2.0,1020.5,1020.4,1020.2,0.6,0.0,0.6,0.0,2.3333333333333335,0.5773502691896257,2.5,0.5477225575051664,0.39999999999997726,0.20000000000004547,1.0,6.123233995736766e-17,1.2246467991473532e-16,-1.0,0.5,3.0
2026-07-17 13:20:00,80.0,2.0,0.5,1021.0,29.7,29.9,0.5,0.5,0.6,2.0,3.0,2.0,1021.0,1020.7,1020.6,0.5,0.0,0.5,0.0,2.0,0.0,2.1666666666666665,0.4082482904638636,0.39999999999997726,0.2999999999999545,0.984807753012208,0.17364817766693041,-0.2588190451025208,-0.9659258262890683,0.5,2.0
2026-07-17 13:50:00,80.0,2.0,0.5,1021.2,29.7,29.9,0.5,0.5,0.5,2.0,2.0,3.0,1021.1,1021.0,1020.7,0.5,0.0,0.5,0.0,2.0,0.0,2.0,0.0,0.5,0.20000000000004547,0.984807753012208,0.17364817766693041,-0.2588190451025208,-0.9659258262890683,0.5,2.0
2026-07-17 14:20:00,60.0,2.0,0.5,1021.4,29.7,29.9,0.5,0.5,0.5,3.0,2.0,2.0,1021.4,1021.2,1021.0,0.5,0.0,0.5,0.0,2.3333333333333335,0.5773502691896257,2.1666666666666665,0.408248290463863,0.39999999999997726,0.1999999999999318,0.8660254037844386,0.5000000000000001,-0.4999999999999997,-0.8660254037844388,0.5,3.0
2026-07-17 14:50:00,50.0,3.0,0.5,1021.5,29.5,29.9,0.5,0.5,0.5,3.0,2.0,2.0,1021.4,1021.4,1021.2,0.5,0.0,0.5,0.0,3.0,0.0,2.6666666666666665,0.5163977794943226,0.2999999999999545,0.10000000000002274,0.766044443118978,0.6427876096865394,-0.4999999999999997,-0.8660254037844388,0.5,3.0
2026-07-17 15:20:00,60.0,3.0,0.5,1021.5,29.6,30.0,0.5,0.5,0.5,3.0,3.0,2.0,1021.6,1021.5,1021.4,0.5,0.0,0.5,0.0,3.0,0.0,3.0,0.0,0.10000000000002274,0.0,0.8660254037844386,0.5000000000000001,-0.7071067811865471,-0.7071067811865479,0.6,3.0
2026-07-17 16:20:00,70.0,3.0,0.6,1021.7,29.5,30.1,0.6,0.6,0.5,3.0,3.0,3.0,1021.7,1021.7,1021.5,0.6,0.0,0.6,0.0,3.0,0.0,3.0,0.0,0.20000000000004547,0.0,0.9396926207859083,0.3420201433256688,-0.8660254037844385,-0.5000000000000004,0.5,3.0
2026-07-17 17:20:00,60.0,3.0,0.6,1021.7,29.5,,0.6,0.5,0.6,3.0,3.0,3.0,1021.7,1021.7,1021.7,0.6,0.0,0.5666666666666667,0.05773502691896256,3.0,0.0,3.0,0.0,0.0,0.0,0.8660254037844386,0.5000000000000001,-0.9659258262890683,-0.25881904510252063,0.6,3.0
2026-07-17 18:20:00,50.0,4.0,0.6,1021.5,29.7,30.3,0.6,0.6,0.6,4.0,3.0,3.0,1021.5,1021.6,1021.7,0.6,0.0,0.6,0.0,3.6666666666666665,0.5773502691896257,3.3333333333333335,0.5163977794943223,-0.20000000000004547,-0.10000000000002274,0.766044443118978,0.6427876096865394,-1.0,-1.8369701987210297e-16,0.5,4.0
2026-07-17 18:50:00,40.0,4.0,0.5,1021.1,29.8,,0.5,0.6,0.6,4.0,4.0,3.0,1021.3,1021.5,1021.6,0.5,0.0,0.5499999999999999,0.05773502691896256,4.0,0.0,3.8333333333333335,0.4082482904638636,-0.5,-0.39999999999997726,0.6427876096865393,0.766044443118978,-1.0,-1.8369701987210297e-16,0.5,4.0
2026-07-17 19:20:00,40.0,4.0,0.5,1020.8,29.7,30.5,0.5,0.5,0.6,4.0,4.0,4.0,1021.0,1021.1,1021.5,0.5,0.0,0.5,0.0,4.0,0.0,4.0,0.0,-0.7000000000000455,-0.3000000000000682,0.6427876096865393,0.766044443118978,-0.9659258262890684,0.2588190451025203,0.5,5.0
2026-07-17 20:20:00,30.0,4.0,0.5,1020.4,29.8,30.6,0.5,0.5,0.5,4.0,5.0,4.0,1020.5,1020.6,1020.8,0.5,0.0,0.5,0.0,4.0,0.0,4.5,0.5477225575051659,-0.39999999999997726,-0.20000000000004547,0.49999999999999994,0.8660254037844387,-0.8660254037844386,0.5000000000000001,0.5,4.0
2026-07-17 20:50:00,30.0,4.0,0.5,1020.2,29.8,30.5,0.5,0.5,0.5,4.0,4.0,5.0,1020.3,1020.4,1020.6,0.5,0.0,0.5,0.0,4.0,0.0,4.0,0.0,-0.39999999999997726,-0.1999999999999318,0.49999999999999994,0.8660254037844387,-0.8660254037844386,0.5000000000000001,0.4,4.0
2026-07-17 22:20:00,30.0,5.0,0.4,1019.5,29.9,30.5,0.4,0.4,0.4,4.0,5.0,4.0,1019.7,1020.0,1020.0,0.4,0.0,0.4,0.0,4.333333333333333,0.5773502691896258,4.333333333333333,0.5163977794943221,-0.5,-0.5,0.49999999999999994,0.8660254037844387,-0.5000000000000004,0.8660254037844384,0.4,5.0
2026-07-18 01:20:00,40.0,5.0,0.4,1019.2,29.5,30.2,0.4,0.4,0.4,5.0,5.0,5.0,1019.1,1019.0,1019.1,0.4,0.0,0.4,0.0,5.0,0.0,5.0,0.0,0.10000000000002274,0.20000000000004547,0.6427876096865393,0.766044443118978,0.25881904510252074,0.9659258262890683,0.4,5.0
2026-07-18 04:20:00,10.0,3.0,0.4,1020.1,29.4,30.0,0.4,0.4,0.4,3.0,4.0,4.0,1020.0,1020.0,1019.8,0.4,0.0,0.4,0.0,3.0,0.0,3.5,0.5477225575051664,0.3000000000000682,0.10000000000002274,0.17364817766693033,0.984807753012208,0.8660254037844386,0.5000000000000001,0.4,3.0
2026-07-18 06:20:00,10.0,4.0,0.4,1019.7,29.2,30.0,0.4,0.4,0.4,4.0,4.0,3.0,1019.8,1020.0,1020.1,0.4,0.0,0.4,0.0,4.0,0.0,3.8333333333333335,0.4082482904638636,-0.39999999999997726,-0.2999999999999545,0.17364817766693033,0.984807753012208,1.0,6.123233995736766e-17,0.4,4.0
2026-07-18 06:50:00,20.0,4.0,0.4,1019.4,29.1,30.0,0.4,0.4,0.4,4.0,4.0,4.0,1019.4,1019.7,1020.0,0.4,0.0,0.4,0.0,4.0,0.0,4.0,0.0,-0.6000000000000227,-0.3000000000000682,0.3420201433256687,0.9396926207859084,1.0,6.123233995736766e-17,0.4,3.0
2026-07-18 07:20:00,30.0,3.0,0.4,1019.3,,29.9,0.4,0.4,0.4,3.0,4.0,4.0,1019.2,1019.4,1019.7,0.4,0.0,0.4,0.0,3.3333333333333335,0.5773502691896257,3.6666666666666665,0.5163977794943223,-0.40000000000009095,-0.10000000000002274,0.49999999999999994,0.8660254037844387,0.9659258262890683,-0.25881904510252063,0.4,3.0
2026-07-18 09:20:00,10.0,2.0,0.4,1018.8,29.1,29.9,0.4,0.4,0.4,2.0,2.0,2.0,1018.8,1018.9,1018.8,0.4,0.0,0.4,0.0,2.3333333333333335,0.5773502691896257,2.1666666666666665,0.4082482904638628,0.0,-0.10000000000002274,0.17364817766693033,0.984807753012208,0.7071067811865476,-0.7071067811865475,0.4,3.0
2026-07-18 09:50:00,350.0,3.0,0.4,1018.7,29.0,29.9,0.4,0.4,0.4,3.0,2.0,2.0,1018.8,1018.8,1018.9,0.4,0.0,0.4,0.0,2.6666666666666665,0.5773502691896257,2.5,0.5477225575051662,-0.1999999999999318,-0.09999999999990905,-0.1736481776669304,0.984807753012208,0.7071067811865476,-0.7071067811865475,0.4,3.0
2026-07-18 10:20:00,350.0,3.0,0.4,1018.7,29.0,29.9,0.4,0.4,0.4,3.0,3.0,2.0,1018.7,1018.7,1018.8,0.4,0.0,0.4,0.0,3.0,0.0,2.8333333333333335,0.40824829046386335,-0.09999999999990905,0.0,-0.1736481776669304,0.984807753012208,0.49999999999999994,-0.8660254037844387,0.4,3.0
2026-07-18 11:20:00,360.0,4.0,0.4,1018.8,29.0,29.9,0.4,0.4,0.4,3.0,3.0,3.0,1018.9,1018.8,1018.7,0.4,0.0,0.4,0.0,3.6666666666666665,0.5773502691896257,3.3333333333333335,0.5163977794943223,0.09999999999990905,0.0,-2.4492935982947064e-16,1.0,0.258819045102521,-0.9659258262890682,0.4,4.0
2026-07-18 12:20:00,350.0,4.0,0.4,1019.4,29.3,29.9,0.4,0.4,0.4,4.0,4.0,4.0,1019.3,1019.0,1018.8,0.4,0.0,0.4,0.0,4.0,0.0,4.0,0.0,0.6000000000000227,0.39999999999997726,-0.1736481776669304,0.984807753012208,1.2246467991473532e-16,-1.0,0.4,4.0
2026-07-18 12:50:00,350.0,4.0,0.4,1019.4,29.5,29.9,0.4,0.4,0.4,4.0,4.0,4.0,1019.5,1019.4,1019.0,0.4,0.0,0.4,0.0,4.0,0.0,4.0,0.0,0.39999999999997726,0.0,-0.1736481776669304,0.984807753012208,1.2246467991473532e-16,-1.0,0.4,4.0
2026-07-18 14:20:00,360.0,4.0,0.5,1019.7,29.5,29.9,0.5,0.5,0.4,4.0,4.0,4.0,1019.7,1019.6,1019.6,0.5,0.0,0.5,0.0,4.0,0.0,4.0,0.0,0.10000000000002274,0.10000000000002274,-2.4492935982947064e-16,1.0,-0.4999999999999997,-0.8660254037844388,0.5,5.0
2026-07-18 14:50:00,360.0,5.0,0.5,1019.7,29.5,29.9,0.5,0.5,0.5,5.0,4.0,4.0,1019.7,1019.7,1019.6,0.5,0.0,0.5,0.0,4.666666666666667,0.5773502691896258,4.333333333333333,0.5163977794943221,0.10000000000002274,0.0,-2.4492935982947064e-16,1.0,-0.4999999999999997,-0.8660254037844388,0.5,4.0
2026-07-18 15:20:00,360.0,4.0,0.5,1019.6,29.6,29.9,0.5,0.5,0.5,4.0,5.0,4.0,1019.7,1019.7,1019.7,0.5,0.0,0.5,0.0,4.333333333333333,0.5773502691896258,4.5,0.5477225575051659,-0.10000000000002274,-0.10000000000002274,-2.4492935982947064e-16,1.0,-0.7071067811865471,-0.7071067811865479,0.5,4.0
2026-07-18 15:50:00,360.0,4.0,0.5,1019.7,29.7,29.9,0.5,0.5,0.5,4.0,4.0,5.0,1019.5,1019.6,1019.7,0.5,0.0,0.5,0.0,4.0,0.0,4.166666666666667,0.4082482904638632,0.0,0.10000000000002274,-2.4492935982947064e-16,1.0,-0.7071067811865471,-0.7071067811865479,0.5,4.0
2026-07-18 16:20:00,360.0,4.0,0.5,1019.4,29.7,30.0,0.5,0.5,0.5,4.0,4.0,4.0,1019.7,1019.7,1019.6,0.5,0.0,0.5,0.0,4.0,0.0,4.0,0.0,-0.20000000000004547,-0.3000000000000682,-2.4492935982947064e-16,1.0,-0.8660254037844385,-0.5000000000000004,0.5,4.0
2026-07-18 18:50:00,350.0,4.0,0.5,1018.9,30.1,30.3,0.5,0.5,0.5,4.0,4.0,3.0,1018.8,1019.0,1019.2,0.5,0.0,0.5,0.0,3.6666666666666665,0.5773502691896257,3.8333333333333335,0.408248290463863,-0.3000000000000682,-0.10000000000002274,-0.1736481776669304,0.984807753012208,-1.0,-1.8369701987210297e-16,0.5,4.0
2026-07-18 19:50:00,340.0,4.0,0.5,1018.2,30.2,30.4,0.5,0.5,0.5,4.0,4.0,4.0,1018.3,1018.5,1018.9,0.5,0.0,0.5,0.0,4.0,0.0,4.0,0.0,-0.6999999999999318,-0.2999999999999545,-0.3420201433256686,0.9396926207859084,-0.9659258262890684,0.2588190451025203,0.5,4.0
2026-07-18 20:20:00,360.0,4.0,0.5,1017.8,30.0,30.3,0.5,0.5,0.5,4.0,4.0,4.0,1017.9,1018.2,1018.5,0.5,0.0,0.5,0.0,4.0,0.0,4.0,0.0,-0.7000000000000455,-0.40000000000009095,-2.4492935982947064e-16,1.0,-0.8660254037844386,0.5000000000000001,0.5,4.0
2026-07-18 21:20:00,360.0,3.0,0.5,1017.4,29.9,30.3,0.5,0.5,0.5,3.0,4.0,4.0,1017.4,1017.5,1017.8,0.5,0.0,0.5,0.0,3.3333333333333335,0.5773502691896257,3.6666666666666665,0.5163977794943223,-0.39999999999997726,-0.10000000000002274,-2.4492935982947064e-16,1.0,-0.7071067811865477,0.7071067811865474,0.5,4.0
2026-07-18 21:50:00,350.0,4.0,0.5,1017.4,30.0,30.3,0.5,0.5,0.5,4.0,3.0,4.0,1017.5,1017.4,1017.5,0.5,0.0,0.5,0.0,3.6666666666666665,0.5773502691896257,3.5,0.5477225575051664,-0.10000000000002274,0.0,-0.1736481776669304,0.984807753012208,-0.7071067811865477,0.7071067811865474,0.5,4.0
2026-07-19 01:20:00,330.0,4.0,0.7,1016.4,29.9,30.2,0.7,0.6,0.6,4.0,5.0,5.0,1016.3,1016.3,1016.2,0.7,0.0,0.6666666666666666,0.05773502691896258,4.333333333333333,0.5773502691896258,4.666666666666667,0.5163977794943221,0.1999999999999318,0.10000000000002274,-0.5000000000000004,0.8660254037844384,0.25881904510252074,0.9659258262890683,0.7,4.0
2026-07-19 02:20:00,330.0,4.0,0.7,1016.7,29.9,30.2,0.7,0.7,0.7,4.0,4.0,4.0,1016.6,1016.4,1016.4,0.7,0.0,0.7,0.0,4.0,0.0,4.0,0.0,0.3000000000000682,0.3000000000000682,-0.5000000000000004,0.8660254037844384,0.49999999999999994,0.8660254037844387,0.7,4.0
2026-07-19 03:20:00,330.0,5.0,0.7,1016.6,29.8,30.2,0.7,0.7,0.7,4.0,4.0,4.0,1016.7,1016.8,1016.7,0.7,0.0,0.7,0.0,4.333333333333333,0.5773502691896258,4.0,0.6324555320336759,-0.10000000000002274,-0.1999999999999318,-0.5000000000000004,0.8660254037844384,0.7071067811865476,0.7071067811865476,0.7,5.0
2026-07-19 04:20:00,340.0,5.0,0.8,1016.5,30.1,30.2,0.8,0.7,0.7,5.0,5.0,5.0,1016.5,1016.6,1016.6,0.8,0.0,0.7666666666666666,0.057735026918962644,5.0,0.0,4.666666666666667,0.5163977794943221,-0.10000000000002274,-0.10000000000002274,-0.3420201433256686,0.9396926207859084,0.8660254037844386,0.5000000000000001,0.8,4.0
2026-07-19 05:20:00,310.0,3.0,0.8,1016.1,29.8,30.2,0.8,0.8,0.8,4.0,4.0,5.0,1016.1,1016.2,1016.5,0.8,0.0,0.8,0.0,3.6666666666666665,0.5773502691896257,3.8333333333333335,0.408248290463863,-0.39999999999997726,-0.10000000000002274,-0.7660444431189781,0.6427876096865393,0.9659258262890683,0.25881904510252074,0.7,5.0
2026-07-19 06:20:00,320.0,5.0,0.8,1015.9,29.8,30.1,0.8,0.7,0.8,5.0,5.0,3.0,1016.0,1016.2,1016.1,0.8,0.0,0.7666666666666666,0.057735026918962644,5.0,0.0,4.833333333333333,0.40824829046386274,-0.20000000000004547,-0.3000000000000682,-0.6427876096865396,0.7660444431189778,1.0,6.123233995736766e-17,0.8,5.0
2026-07-19 07:50:00,330.0,5.0,0.8,1015.5,29.6,30.1,0.8,0.8,0.8,5.0,5.0,5.0,1015.2,1015.7,1015.7,0.8,0.0,0.8,0.0,5.0,0.0,4.8,0.4472135954999578,-0.20000000000004547,-0.20000000000004547,-0.5000000000000004,0.8660254037844384,0.9659258262890683,-0.25881904510252063,0.7,6.0
2026-07-19 08:20:00,330.0,6.0,0.7,1015.3,29.6,30.1,0.7,0.8,0.8,6.0,5.0,5.0,1015.4,1015.5,1015.7,0.7,0.0,0.75,0.05773502691896264,6.0,0.0,5.5,0.5477225575051659,-0.40000000000009095,-0.20000000000004547,-0.5000000000000004,0.8660254037844384,0.8660254037844387,-0.4999999999999998,0.7,7.0
2026-07-19 08:50:00,330.0,7.0,0.7,1015.9,29.7,30.1,0.7,0.7,0.8,7.0,6.0,5.0,1015.7,1015.3,1015.5,0.7,0.0,0.7,0.0,7.0,0.0,6.5,0.5477225575051659,0.39999999999997726,0.6000000000000227,-0.5000000000000004,0.8660254037844384,0.8660254037844387,-0.4999999999999998,0.8,7.0
2026-07-19 09:20:00,340.0,7.0,0.8,1016.3,29.6,30.0,0.8,0.7,0.7,7.0,7.0,6.0,1016.1,1015.9,1015.3,0.8,0.0,0.75,0.05773502691896264,7.0,0.0,7.0,0.0,1.0,0.39999999999997726,-0.3420201433256686,0.9396926207859084,0.7071067811865476,-0.7071067811865475,0.8,7.0
2026-07-19 10:20:00,40.0,12.0,0.8,1016.7,26.3,30.0,0.8,0.8,0.8,13.0,7.0,7.0,1016.8,1016.5,1016.3,0.8,0.0,0.8,0.0,11.666666666666666,1.5275252316519468,9.333333333333334,2.7325202042558927,0.40000000000009095,0.20000000000004547,0.6427876096865393,0.766044443118978,0.49999999999999994,-0.8660254037844387,1.0,8.0
2026-07-19 11:20:00,40.0,6.0,1.0,1016.1,27.6,30.0,1.0,1.0,0.8,5.0,8.0,12.0,1016.0,1016.2,1016.7,1.0,0.0,1.0,0.0,5.666666666666667,0.5773502691896253,7.166666666666667,1.722401424368509,-0.6000000000000227,-0.10000000000002274,0.6427876096865393,0.766044443118978,0.258819045102521,-0.9659258262890682,1.0,5.0
2026-07-19 11:50:00,40.0,5.0,1.0,1016.2,27.8,30.0,1.0,1.0,1.0,6.0,6.0,8.0,1016.2,1016.1,1016.2,1.0,0.0,1.0,0.0,5.666666666666667,0.5773502691896258,5.666666666666667,0.5163977794943281,0.0,0.10000000000002274,0.6427876096865393,0.766044443118978,0.258819045102521,-0.9659258262890682,1.0,6.0
2026-07-19 12:20:00,30.0,6.0,1.0,1016.7,28.0,30.0,1.0,1.0,1.0,5.0,5.0,6.0,1016.6,1016.2,1016.1,1.0,0.0,1.0,0.0,5.333333333333333,0.5773502691896258,5.5,0.5477225575051721,0.6000000000000227,0.5,0.49999999999999994,0.8660254037844387,1.2246467991473532e-16,-1.0,1.0,5.0
2026-07-19 13:20:00,10.0,4.0,1.0,1016.8,28.3,29.9,1.0,1.0,1.0,4.0,5.0,6.0,1016.8,1016.7,1016.7,1.0,0.0,1.0,0.0,4.333333333333333,0.5773502691896258,4.666666666666667,0.51639777949433,0.09999999999990905,0.09999999999990905,0.17364817766693033,0.984807753012208,-0.2588190451025208,-0.9659258262890683,0.9,4.0
2026-07-19 14:20:00,330.0,4.0,0.9,1016.1,28.7,30.0,0.9,0.9,1.0,4.0,4.0,4.0,1016.2,1016.5,1016.8,0.9,0.0,0.9,0.0,4.0,0.0,4.333333333333333,0.5163977794943302,-0.6999999999999318,-0.39999999999997726,-0.5000000000000004,0.8660254037844384,-0.4999999999999997,-0.8660254037844388,0.9,5.0
2026-07-19 14:50:00,320.0,5.0,0.9,1016.3,28.9,30.0,0.9,0.9,0.9,4.0,4.0,4.0,1016.0,1016.1,1016.5,0.9,0.0,0.9,0.0,4.333333333333333,0.5773502691896258,4.166666666666667,0.40824829046386296,-0.20000000000004547,0.1999999999999318,-0.6427876096865396,0.7660444431189778,-0.4999999999999997,-0.8660254037844388,0.8,6.0
2026-07-19 15:20:00,330.0,6.0,0.8,1016.7,29.3,30.0,0.8,0.9,0.9,6.0,5.0,4.0,1016.7,1016.3,1016.1,0.8,0.0,0.85,0.05773502691896256,5.666666666666667,0.5773502691896258,5.0,0.8944271909999154,0.6000000000000227,0.40000000000009095,-0.5000000000000004,0.8660254037844384,-0.7071067811865471,-0.7071067811865479,0.8,6.0
2026-07-19 16:20:00,310.0,6.0,0.8,1017.1,29.3,30.0,0.8,0.8,0.8,6.0,6.0,6.0,1017.1,1017.1,1016.7,0.8,0.0,0.8,0.0,6.0,0.0,6.0,0.0,0.39999999999997726,0.0,-0.7660444431189781,0.6427876096865393,-0.8660254037844385,-0.5000000000000004,0.8,6.0
2026-07-19 17:20:00,310.0,6.0,0.8,1016.8,29.3,30.1,0.8,0.8,0.8,6.0,6.0,6.0,1016.8,1016.9,1017.1,0.8,0.0,0.8,0.0,6.0,0.0,6.0,0.0,-0.3000000000000682,-0.10000000000002274,-0.7660444431189781,0.6427876096865393,-0.9659258262890683,-0.25881904510252063,0.8,6.0
2026-07-19 18:20:00,320.0,6.0,0.8,1016.2,29.4,30.1,0.8,0.8,0.8,6.0,6.0,6.0,1016.4,1016.6,1016.8,0.8,0.0,0.8,0.0,6.0,0.0,6.166666666666667,0.40824829046386296,-0.599999999999909,-0.39999999999997726,-0.6427876096865396,0.7660444431189778,-1.0,-1.8369701987210297e-16,0.7,6.0
2026-07-19 18:50:00,310.0,6.0,0.7,1015.7,29.5,,0.7,0.8,0.8,6.0,6.0,6.0,1015.7,1016.2,1016.6,0.7,0.0,0.75,0.05773502691896264,6.0,0.0,6.0,0.0,-0.8999999999999773,-0.5,-0.7660444431189781,0.6427876096865393,-1.0,-1.8369701987210297e-16,0.8,7.0
2026-07-19 20:20:00,320.0,8.0,0.8,1014.6,30.0,30.2,0.8,0.8,0.8,7.0,7.0,7.0,1014.8,1015.0,1015.6,0.8,0.0,0.8,0.0,7.333333333333333,0.5773502691896258,7.166666666666667,0.40824829046386296,-1.0,-0.39999999999997726,-0.6427876096865396,0.7660444431189778,-0.8660254037844386,0.5000000000000001,0.8,8.0
2026-07-19 22:20:00,330.0,6.0,0.9,1014.8,30.0,30.1,0.9,0.9,0.8,7.0,7.0,8.0,1014.7,1014.6,1014.2,0.9,0.0,0.9,0.0,6.666666666666667,0.5773502691896258,7.0,0.6324555320336764,0.599999999999909,0.1999999999999318,-0.5000000000000004,0.8660254037844384,-0.5000000000000004,0.8660254037844384,0.9,6.0
2026-07-20 00:20:00,330.0,5.0,1.0,1014.5,29.9,30.1,1.0,1.0,0.9,5.0,6.0,6.0,1014.6,1014.5,1014.6,1.0,0.0,0.9800000000000001,0.04472135954999569,5.333333333333333,0.5773502691896258,5.666666666666667,0.5163977794943221,-0.10000000000002274,0.0,-0.5000000000000004,0.8660254037844384,0.0,1.0,1.1,5.0
2026-07-20 00:50:00,320.0,5.0,1.1,1014.3,29.8,30.1,1.1,1.0,1.0,5.0,5.0,6.0,1014.4,1014.5,1014.5,1.1,0.0,1.05,0.05773502691896274,5.0,0.0,5.166666666666667,0.4082482904638632,-0.20000000000004547,-0.20000000000004547,-0.6427876096865396,0.7660444431189778,0.0,1.0,1.1,5.0
2026-07-20 01:20:00,310.0,5.0,1.1,1014.1,29.7,30.1,1.1,1.1,1.0,5.0,5.0,5.0,1014.1,1014.3,1014.5,1.1,0.0,1.1,0.0,5.0,0.0,5.0,0.0,-0.39999999999997726,-0.1999999999999318,-0.7660444431189781,0.6427876096865393,0.25881904510252074,0.9659258262890683,1.1,5.0
2026-07-20 02:20:00,310.0,5.0,1.1,1014.5,29.5,30.1,1.1,1.1,1.1,5.0,5.0,5.0,1014.4,1014.2,1014.1,1.1,0.0,1.1,0.0,5.0,0.0,5.0,0.0,0.39999999999997726,0.2999999999999545,-0.7660444431189781,0.6427876096865393,0.49999999999999994,0.8660254037844387,1.2,5.0
2026-07-20 03:20:00,310.0,5.0,1.2,1014.6,29.5,30.0,1.2,1.2,1.1,4.0,5.0,5.0,1014.6,1014.8,1014.5,1.2,0.0,1.2,0.0,4.666666666666667,0.5773502691896258,4.833333333333333,0.40824829046386296,0.10000000000002274,-0.1999999999999318,-0.7660444431189781,0.6427876096865393,0.7071067811865476,0.7071067811865476,1.1,5.0
2026-07-20 06:20:00,290.0,5.0,1.2,1013.9,29.4,29.9,1.2,1.1,1.2,5.0,5.0,5.0,1014.0,1014.1,1014.4,1.2,0.0,1.1666666666666667,0.0577350269189625,5.0,0.0,5.0,0.0,-0.5,-0.20000000000004547,-0.9396926207859083,0.342020143325669,1.0,6.123233995736766e-17,1.1,5.0
2026-07-20 06:50:00,300.0,5.0,1.1,1013.6,29.3,29.9,1.1,1.2,1.1,6.0,5.0,5.0,1013.6,1013.9,1014.1,1.1,0.0,1.1500000000000001,0.05773502691896246,5.333333333333333,0.5773502691896258,5.166666666666667,0.40824829046386296,-0.5,-0.2999999999999545,-0.8660254037844386,0.5000000000000001,1.0,6.123233995736766e-17,1.0,6.0
2026-07-20 07:20:00,290.0,6.0,1.0,1013.3,29.3,,1.0,1.1,1.2,6.0,5.0,5.0,1013.3,1013.6,1013.9,1.0,0.0,1.05,0.057735026918962686,5.666666666666667,0.5773502691896258,5.5,0.5477225575051659,-0.6000000000000227,-0.3000000000000682,-0.9396926207859083,0.342020143325669,0.9659258262890683,-0.25881904510252063,1.0,6.0
2026-07-20 08:20:00,290.0,6.0,0.9,1013.0,29.2,30.0,0.9,1.0,1.0,6.0,6.0,6.0,1013.0,1013.0,1013.3,0.9,0.0,0.9333333333333332,0.05773502691896255,6.0,0.0,5.666666666666667,0.5163977794943221,-0.2999999999999545,0.0,-0.9396926207859083,0.342020143325669,0.8660254037844387,-0.4999999999999998,0.8,6.0
2026-07-20 09:50:00,300.0,6.0,0.8,1013.6,29.3,30.0,0.8,0.9,0.8,6.0,6.0,6.0,1013.3,1013.4,1013.1,0.8,0.0,0.8333333333333334,0.05773502691896255,6.0,0.0,6.0,0.0,0.5,0.20000000000004547,-0.8660254037844386,0.5000000000000001,0.7071067811865476,-0.7071067811865475,0.8,7.0
2026-07-20 10:20:00,300.0,7.0,0.8,1013.4,29.4,30.0,0.8,0.8,0.9,7.0,6.0,6.0,1013.5,1013.6,1013.4,0.8,0.0,0.8,0.0,6.666666666666667,0.5773502691896258,6.333333333333333,0.5163977794943221,0.0,-0.20000000000004547,-0.8660254037844386,0.5000000000000001,0.49999999999999994,-0.8660254037844387,0.8,7.0
2026-07-20 11:20:00,300.0,7.0,0.8,1013.8,29.4,30.0,0.8,0.8,0.8,7.0,7.0,7.0,1013.8,1013.8,1013.4,0.8,0.0,0.8,0.0,7.0,0.0,7.0,0.0,0.39999999999997726,0.0,-0.8660254037844386,0.5000000000000001,0.258819045102521,-0.9659258262890682,0.8,6.0
2026-07-20 13:20:00,20.0,2.0,0.8,1015.5,28.2,29.9,0.8,0.8,0.8,2.0,3.0,5.0,1015.4,1015.2,1014.8,0.8,0.0,0.8,0.0,2.0,0.0,2.1666666666666665,0.4082482904638511,0.7000000000000455,0.2999999999999545,0.3420201433256687,0.9396926207859084,-0.2588190451025208,-0.9659258262890683,0.8,2.0
2026-07-20 14:20:00,290.0,7.0,0.8,1015.3,29.5,30.0,0.8,0.8,0.8,6.0,2.0,2.0,1015.4,1015.2,1015.5,0.8,0.0,0.8,0.0,6.333333333333333,0.5773502691896258,4.166666666666667,2.401388487243717,-0.20000000000004547,0.09999999999990905,-0.9396926207859083,0.342020143325669,-0.4999999999999997,-0.8660254037844388,0.8,7.0
2026-07-20 15:20:00,310.0,7.0,0.8,1015.5,29.7,30.0,0.8,0.8,0.8,7.0,7.0,7.0,1015.6,1015.5,1015.3,0.8,0.0,0.8,0.0,7.0,0.0,7.0,0.0,0.20000000000004547,0.0,-0.7660444431189781,0.6427876096865393,-0.7071067811865471,-0.7071067811865479,0.8,7.0
2026-07-20 17:20:00,290.0,6.0,0.8,1014.7,29.7,30.0,0.8,0.8,0.8,6.0,6.0,6.0,1014.6,1014.5,1014.8,0.8,0.0,0.8,0.0,6.0,0.0,6.0,0.0,-0.09999999999990905,0.20000000000004547,-0.9396926207859083,0.342020143325669,-0.9659258262890683,-0.25881904510252063,0.8,7.0
2026-07-20 18:50:00,300.0,7.0,0.8,1014.2,29.8,,0.8,0.8,0.8,7.0,8.0,7.0,1014.3,1014.5,1014.9,0.8,0.0,0.8,0.0,7.333333333333333,0.5773502691896258,7.333333333333333,0.5163977794943232,-0.6999999999999318,-0.2999999999999545,-0.8660254037844386,0.5000000000000001,-1.0,-1.8369701987210297e-16,0.8,7.0
2026-07-20 19:20:00,300.0,7.0,0.8,1013.9,29.8,30.1,0.8,0.8,0.8,7.0,7.0,8.0,1013.8,1014.2,1014.5,0.8,0.0,0.8,0.0,7.0,0.0,7.166666666666667,0.408248290463864,-0.6000000000000227,-0.3000000000000682,-0.8660254037844386,0.5000000000000001,-0.9659258262890684,0.2588190451025203,0.9,7.0
2026-07-20 19:50:00,300.0,7.0,0.9,1013.6,29.7,,0.9,0.8,0.8,7.0,7.0,7.0,1013.9,1013.9,1014.2,0.9,0.0,0.85,0.05773502691896254,7.0,0.0,7.0,0.0,-0.6000000000000227,-0.2999999999999545,-0.8660254037844386,0.5000000000000001,-0.9659258262890684,0.2588190451025203,0.8,7.0
2026-07-20 20:20:00,290.0,7.0,0.8,1013.3,29.7,30.1,0.8,0.9,0.8,7.0,7.0,7.0,1013.5,1013.6,1013.9,0.8,0.0,0.8500000000000001,0.05773502691896254,7.0,0.0,7.0,0.0,-0.6000000000000227,-0.3000000000000682,-0.9396926207859083,0.342020143325669,-0.8660254037844386,0.5000000000000001,0.9,7.0
2026-07-20 21:20:00,300.0,6.0,0.8,1013.3,29.9,30.1,0.8,0.9,0.8,7.0,7.0,7.0,1013.5,1013.5,1013.3,0.8,0.0,0.8333333333333334,0.05773502691896256,6.666666666666667,0.5773502691896258,6.833333333333333,0.40824829046386296,0.0,-0.20000000000004547,-0.8660254037844386,0.5000000000000001,-0.7071067811865477,0.7071067811865474,0.9,6.0
2026-07-20 22:20:00,310.0,6.0,0.9,1013.2,29.8,30.1,0.9,0.9,0.8,6.0,6.0,6.0,1013.5,1013.5,1013.3,0.9,0.0,0.9,0.0,6.0,0.0,6.0,0.0,-0.09999999999990905,-0.2999999999999545,-0.7660444431189781,0.6427876096865393,-0.5000000000000004,0.8660254037844384,0.9,6.0
2026-07-20 23:20:00,290.0,6.0,0.9,1012.8,29.7,,0.9,0.9,0.9,5.0,6.0,6.0,1013.0,1013.1,1013.2,0.9,0.0,0.9,0.0,5.666666666666667,0.5773502691896258,5.833333333333333,0.40824829046386296,-0.40000000000009095,-0.3000000000000682,-0.9396926207859083,0.342020143325669,-0.25881904510252157,0.9659258262890681,0.9,6.0
2026-07-21 01:20:00,290.0,6.0,0.9,1012.7,29.8,29.9,0.9,1.0,0.9,6.0,7.0,7.0,1012.7,1012.6,1012.4,0.9,0.0,0.9333333333333335,0.05773502691896258,6.0,0.0,6.5,0.5477225575051659,0.3000000000000682,0.10000000000002274,-0.9396926207859083,0.342020143325669,0.25881904510252074,0.9659258262890683,1.0,6.0
2026-07-21 02:20:00,290.0,6.0,0.9,1012.9,29.8,29.9,0.9,1.0,0.9,6.0,6.0,6.0,1012.9,1012.7,1012.7,0.9,0.0,0.9333333333333335,0.05773502691896256,6.0,0.0,6.0,0.0,0.1999999999999318,0.1999999999999318,-0.9396926207859083,0.342020143325669,0.49999999999999994,0.8660254037844387,0.9,6.0
2026-07-21 03:20:00,280.0,6.0,0.9,1012.6,29.8,29.9,0.9,0.9,0.9,6.0,6.0,6.0,1012.7,1012.8,1012.9,0.9,0.0,0.9,0.0,6.0,0.0,5.666666666666667,0.5163977794943221,-0.2999999999999545,-0.1999999999999318,-0.9848077530122081,0.17364817766692997,0.7071067811865476,0.7071067811865476,0.9,6.0
2026-07-21 03:50:00,270.0,6.0,0.9,1012.4,29.8,29.9,0.9,0.9,0.9,6.0,6.0,6.0,1012.4,1012.6,1012.8,0.9,0.0,0.9,0.0,6.0,0.0,6.0,0.0,-0.39999999999997726,-0.20000000000004547,-1.0,-1.8369701987210297e-16,0.7071067811865476,0.7071067811865476,0.9,6.0
2026-07-21 04:20:00,270.0,6.0,0.9,1012.4,29.7,29.9,0.9,0.9,0.9,6.0,6.0,6.0,1012.4,1012.4,1012.6,0.9,0.0,0.9,0.0,6.0,0.0,6.0,0.0,-0.20000000000004547,0.0,-1.0,-1.8369701987210297e-16,0.8660254037844386,0.5000000000000001,0.9,7.0
2026-07-21 07:20:00,260.0,8.0,0.9,1011.4,29.6,30.0,0.9,0.9,0.9,8.0,7.0,7.0,1011.7,1011.9,1011.9,0.9,0.0,0.9,0.0,7.666666666666667,0.5773502691896258,7.333333333333333,0.5163977794943221,-0.5,-0.5,-0.984807753012208,-0.17364817766693033,0.9659258262890683,-0.25881904510252063,0.9,8.0
2026-07-21 08:20:00,270.0,8.0,0.9,1011.6,29.6,30.1,0.9,0.9,0.9,8.0,8.0,8.0,1011.6,1011.5,1011.4,0.9,0.0,0.9,0.0,8.0,0.0,8.0,0.0,0.20000000000004547,0.10000000000002274,-1.0,-1.8369701987210297e-16,0.8660254037844387,-0.4999999999999998,0.9,8.0
2026-07-21 09:20:00,260.0,9.0,0.9,1010.9,29.6,30.1,0.9,0.9,0.9,8.0,8.0,8.0,1010.7,1010.9,1011.6,0.9,0.0,0.9,0.0,8.333333333333334,0.5773502691896255,8.166666666666666,0.4082482904638632,-0.7000000000000455,0.0,-0.984807753012208,-0.17364817766693033,0.7071067811865476,-0.7071067811865475,1.0,9.0
2026-07-21 09:50:00,270.0,9.0,1.0,1011.1,29.5,30.1,1.0,0.9,0.9,9.0,9.0,8.0,1011.0,1010.9,1010.9,1.0,0.0,0.95,0.05773502691896256,9.0,0.0,8.666666666666666,0.516397779494324,0.20000000000004547,0.20000000000004547,-1.0,-1.8369701987210297e-16,0.7071067811865476,-0.7071067811865475,0.9,9.0
2026-07-21 10:20:00,270.0,9.0,0.9,1011.1,29.5,30.1,0.9,1.0,0.9,9.0,9.0,9.0,1011.0,1011.1,1010.9,0.9,0.0,0.95,0.05773502691896256,9.0,0.0,9.0,0.0,0.20000000000004547,0.0,-1.0,-1.8369701987210297e-16,0.49999999999999994,-0.8660254037844387,1.0,9.0
2026-07-21 11:20:00,260.0,9.0,1.0,1011.8,29.5,30.1,1.0,1.0,0.9,9.0,9.0,9.0,1011.6,1011.3,1011.1,1.0,0.0,1.0,0.0,9.0,0.0,8.833333333333334,0.4082482904638632,0.6999999999999318,0.5,-0.984807753012208,-0.17364817766693033,0.258819045102521,-0.9659258262890682,1.1,8.0
2026-07-21 11:50:00,280.0,8.0,1.1,1012.5,29.5,30.1,1.1,1.0,1.0,9.0,9.0,9.0,1012.3,1011.8,1011.3,1.1,0.0,1.05,0.05773502691896274,8.666666666666666,0.5773502691896255,8.833333333333334,0.4082482904638632,1.2000000000000455,0.7000000000000455,-0.9848077530122081,0.17364817766692997,0.258819045102521,-0.9659258262890682,1.1,8.0
2026-07-21 12:20:00,270.0,8.0,1.1,1012.3,29.4,30.1,1.1,1.1,1.0,8.0,8.0,9.0,1012.4,1012.5,1011.8,1.1,0.0,1.1,0.0,8.0,0.0,8.333333333333334,0.516397779494324,0.5,-0.20000000000004547,-1.0,-1.8369701987210297e-16,1.2246467991473532e-16,-1.0,1.1,8.0
2026-07-21 13:20:00,270.0,9.0,1.1,1013.1,29.4,30.1,1.1,1.1,1.1,9.0,8.0,8.0,1013.2,1012.8,1012.3,1.1,0.0,1.1,0.0,8.666666666666666,0.5773502691896255,8.333333333333334,0.5163977794943228,0.8000000000000682,0.3000000000000682,-1.0,-1.8369701987210297e-16,-0.2588190451025208,-0.9659258262890683,1.1,9.0
2026-07-21 13:50:00,270.0,9.0,1.1,1013.2,29.4,30.0,1.1,1.1,1.1,9.0,9.0,8.0,1013.0,1013.1,1012.8,1.1,0.0,1.1,0.0,8.666666666666666,0.5773502691896255,8.666666666666666,0.516397779494324,0.40000000000009095,0.10000000000002274,-1.0,-1.8369701987210297e-16,-0.2588190451025208,-0.9659258262890683,1.2,9.0
2026-07-21 14:20:00,270.0,9.0,1.2,1013.3,29.0,30.0,1.2,1.1,1.1,10.0,9.0,9.0,1013.1,1013.2,1013.1,1.2,0.0,1.1500000000000001,0.05773502691896256,9.333333333333334,0.5773502691896255,9.0,0.6324555320336787,0.1999999999999318,0.09999999999990905,-1.0,-1.8369701987210297e-16,-0.4999999999999997,-0.8660254037844388,1.2,11.0
2026-07-21 15:20:00,260.0,9.0,1.3,1013.3,28.5,29.9,1.3,1.2,1.2,8.0,11.0,9.0,1013.2,1013.4,1013.3,1.3,0.0,1.2666666666666666,0.057735026918962595,9.0,0.9999999999999998,9.333333333333334,1.2110601416389986,0.0,-0.10000000000002274,-0.984807753012208,-0.17364817766693033,-0.7071067811865471,-0.7071067811865479,1.2,5.0
2026-07-21 15:50:00,210.0,5.0,1.2,1013.8,26.6,,1.2,1.3,1.2,10.0,9.0,11.0,1013.8,1013.3,1013.4,1.2,0.0,1.25,0.057735026918962595,8.666666666666666,3.214550253664318,8.833333333333334,2.1369760566432823,0.39999999999997726,0.5,-0.5000000000000001,-0.8660254037844386,-0.7071067811865471,-0.7071067811865479,1.3,9.0
2026-07-21 16:20:00,260.0,9.0,1.3,1013.8,28.7,29.8,1.3,1.2,1.3,10.0,5.0,9.0,1013.8,1013.8,1013.3,1.3,0.0,1.25,0.057735026918962595,8.666666666666666,1.527525231651945,8.666666666666666,2.250925735484553,0.5,0.0,-0.984807753012208,-0.17364817766693033,-0.8660254037844385,-0.5000000000000004,1.4,7.0
2026-07-21 17:20:00,290.0,8.0,1.3,1014.4,28.3,29.8,1.3,1.4,1.3,7.0,7.0,9.0,1014.2,1013.9,1013.8,1.3,0.0,1.3333333333333333,0.05773502691896253,7.333333333333333,0.5773502691896258,7.666666666666667,0.8164965809277297,0.6000000000000227,0.5,-0.9396926207859083,0.342020143325669,-0.9659258262890683,-0.25881904510252063,1.3,6.0
2026-07-21 17:50:00,290.0,6.0,1.3,1014.3,28.2,29.8,1.3,1.3,1.4,7.0,8.0,7.0,1014.4,1014.4,1013.9,1.3,0.0,1.3,0.0,6.666666666666667,0.5773502691896258,7.0,0.6324555320336799,0.39999999999997726,-0.10000000000002274,-0.9396926207859083,0.342020143325669,-0.9659258262890683,-0.25881904510252063,1.2,5.0
2026-07-21 18:20:00,280.0,5.0,1.2,1014.2,26.8,29.8,1.2,1.3,1.3,6.0,6.0,8.0,1014.4,1014.3,1014.4,1.2,0.0,1.25,0.05773502691896257,6.0,1.0,6.333333333333333,0.8164965809277281,-0.1999999999999318,-0.09999999999990905,-0.9848077530122081,0.17364817766692997,-1.0,-1.8369701987210297e-16,1.2,6.0
2026-07-21 18:50:00,270.0,6.0,1.2,1013.9,27.8,29.8,1.2,1.2,1.3,6.0,5.0,6.0,1014.0,1014.2,1014.3,1.2,0.0,1.2,0.0,5.666666666666667,0.5773502691896258,5.833333333333333,0.7527726527090819,-0.39999999999997726,-0.3000000000000682,-1.0,-1.8369701987210297e-16,-1.0,-1.8369701987210297e-16,1.2,7.0
2026-07-21 19:50:00,270.0,5.0,1.2,1013.6,28.0,29.8,1.2,1.2,1.2,5.0,7.0,6.0,1013.8,1014.0,1013.9,1.2,0.0,1.2,0.0,5.0,0.0,5.6,0.8944271909999164,-0.2999999999999545,-0.39999999999997726,-1.0,-1.8369701987210297e-16,-0.9659258262890684,0.2588190451025203,1.3,6.0
2026-07-21 20:20:00,300.0,6.0,1.3,1013.0,27.0,29.8,1.3,1.2,1.2,8.0,5.0,7.0,1013.3,1013.6,1014.0,1.3,0.0,1.25,0.05773502691896257,7.333333333333333,1.1547005383792515,6.166666666666667,1.4719601443879746,-1.0,-0.6000000000000227,-0.8660254037844386,0.5000000000000001,-0.8660254037844386,0.5000000000000001,1.2,6.0
2026-07-21 21:20:00,280.0,10.0,1.3,1012.4,29.3,29.8,1.3,1.2,1.3,8.0,6.0,6.0,1012.5,1013.0,1013.0,1.3,0.0,1.2666666666666666,0.057735026918962595,8.333333333333334,1.5275252316519465,7.166666666666667,1.6020819787597227,-0.6000000000000227,-0.6000000000000227,-0.9848077530122081,0.17364817766692997,-0.7071067811865477,0.7071067811865474,1.4,9.0
2026-07-21 22:20:00,250.0,8.0,1.4,1011.8,30.1,29.9,1.4,1.4,1.3,8.0,9.0,10.0,1011.8,1011.9,1012.4,1.4,0.0,1.4,0.0,8.333333333333334,0.5773502691896255,8.833333333333334,0.7527726527090846,-0.6000000000000227,-0.10000000000002274,-0.9396926207859084,-0.34202014332566855,-0.5000000000000004,0.8660254037844384,1.4,8.0
2026-07-21 23:20:00,270.0,8.0,1.4,1011.9,29.7,29.9,1.4,1.4,1.4,8.0,8.0,8.0,1011.9,1011.6,1011.8,1.4,0.0,1.4,0.0,8.0,0.0,8.0,0.0,0.10000000000002274,0.2999999999999545,-1.0,-1.8369701987210297e-16,-0.25881904510252157,0.9659258262890681,1.4,8.0
2026-07-22 00:20:00,250.0,7.0,1.3,1011.6,29.4,,1.3,1.4,1.4,7.0,8.0,8.0,1011.7,1011.8,1011.9,1.3,0.0,1.3333333333333333,0.05773502691896261,7.0,0.0,7.5,0.5477225575051659,-0.2999999999999545,-0.1999999999999318,-0.9396926207859084,-0.34202014332566855,0.0,1.0,1.3,7.0
2026-07-22 01:20:00,260.0,7.0,1.3,1011.8,29.7,29.9,1.3,1.3,1.3,7.0,7.0,7.0,1011.8,1011.9,1011.6,1.3,0.0,1.3,0.0,7.0,0.0,7.0,0.0,0.1999999999999318,-0.10000000000002274,-0.984807753012208,-0.17364817766693033,0.25881904510252074,0.9659258262890683,1.3,8.0
2026-07-22 04:20:00,250.0,9.0,1.3,1011.8,29.8,29.9,1.3,1.2,1.2,9.0,8.0,8.0,1011.7,1011.9,1012.7,1.3,0.0,1.2666666666666666,0.057735026918962595,9.0,0.0,8.5,0.5477225575051671,-0.900000000000091,-0.10000000000002274,-0.9396926207859084,-0.34202014332566855,0.8660254037844386,0.5000000000000001,1.4,9.0
2026-07-22 04:50:00,240.0,9.0,1.4,1011.3,29.6,29.9,1.4,1.3,1.2,9.0,9.0,8.0,1011.5,1011.8,1011.9,1.4,0.0,1.35,0.057735026918962824,9.0,0.0,9.0,0.0,-0.6000000000000227,-0.5,-0.8660254037844385,-0.5000000000000004,0.8660254037844386,0.5000000000000001,1.3,9.0
2026-07-22 05:20:00,240.0,9.0,1.3,1011.6,29.6,29.9,1.3,1.4,1.3,9.0,9.0,9.0,1011.2,1011.3,1011.8,1.3,0.0,1.3499999999999999,0.057735026918962824,9.0,0.0,9.0,0.0,-0.1999999999999318,0.3000000000000682,-0.8660254037844385,-0.5000000000000004,0.9659258262890683,0.25881904510252074,1.4,8.0
2026-07-22 05:50:00,250.0,8.0,1.4,1012.1,29.7,,1.4,1.3,1.4,8.0,9.0,9.0,1012.2,1011.6,1011.3,1.4,0.0,1.3499999999999999,0.057735026918962824,8.333333333333334,0.5773502691896255,8.666666666666666,0.5163977794943228,0.8000000000000682,0.5,-0.9396926207859084,-0.34202014332566855,0.9659258262890683,0.25881904510252074,1.4,9.0
2026-07-22 06:20:00,240.0,9.0,1.4,1012.1,29.7,29.9,1.4,1.4,1.3,8.0,8.0,9.0,1012.2,1012.1,1011.6,1.4,0.0,1.4,0.0,8.333333333333334,0.5773502691896255,8.333333333333334,0.516397779494324,0.5,0.0,-0.8660254037844385,-0.5000000000000004,1.0,6.123233995736766e-17,1.5,9.0
2026-07-22 09:20:00,260.0,8.0,1.4,1011.7,27.9,29.8,1.4,1.5,1.4,8.0,9.0,9.0,1011.9,1011.9,1011.4,1.4,0.0,1.4333333333333333,0.057735026918962644,8.333333333333334,0.5773502691896255,8.666666666666666,0.5163977794943228,0.3000000000000682,-0.1999999999999318,-0.984807753012208,-0.17364817766693033,0.7071067811865476,-0.7071067811865475,1.3,8.0
2026-07-22 11:20:00,220.0,7.0,1.2,1011.6,29.7,29.8,1.2,1.2,1.2,7.0,7.0,8.0,1011.5,1011.3,1011.1,1.2,0.0,1.2,0.0,7.0,0.0,7.333333333333333,0.5163977794943221,0.5,0.3000000000000682,-0.6427876096865393,-0.766044443118978,0.258819045102521,-0.9659258262890682,1.2,7.0
2026-07-22 12:20:00,200.0,8.0,1.3,1011.3,29.5,29.8,1.3,1.2,1.2,8.0,7.0,7.0,1011.6,1011.7,1011.6,1.3,0.0,1.2666666666666666,0.057735026918962595,7.666666666666667,0.5773502691896258,7.333333333333333,0.5163977794943221,-0.3000000000000682,-0.40000000000009095,-0.34202014332566866,-0.9396926207859084,1.2246467991473532e-16,-1.0,1.3,7.0
2026-07-22 12:50:00,220.0,7.0,1.3,1011.7,29.6,29.8,1.3,1.3,1.2,7.0,8.0,7.0,1011.6,1011.3,1011.7,1.3,0.0,1.3,0.0,7.333333333333333,0.5773502691896258,7.5,0.5477225575051659,0.0,0.40000000000009095,-0.6427876096865393,-0.766044443118978,1.2246467991473532e-16,-1.0,1.3,8.0
2026-07-22 13:20:00,210.0,8.0,1.3,1011.9,29.5,29.7,1.3,1.3,1.3,8.0,7.0,8.0,1011.5,1011.7,1011.3,1.3,0.0,1.3,0.0,8.0,0.0,7.666666666666667,0.5163977794943221,0.6000000000000227,0.1999999999999318,-0.5000000000000001,-0.8660254037844386,-0.2588190451025208,-0.9659258262890683,1.3,7.0
2026-07-22 14:20:00,240.0,7.0,1.4,1013.4,29.6,29.7,1.4,1.3,1.3,7.0,7.0,8.0,1013.2,1012.7,1011.9,1.4,0.0,1.3666666666666665,0.05773502691896261,7.0,0.0,7.333333333333333,0.5163977794943221,1.5,0.6999999999999318,-0.8660254037844385,-0.5000000000000004,-0.4999999999999997,-0.8660254037844388,1.3,7.0
2026-07-22 14:50:00,240.0,7.0,1.3,1013.7,29.5,29.7,1.3,1.4,1.3,7.0,7.0,7.0,1013.5,1013.4,1012.7,1.3,0.0,1.3499999999999999,0.05773502691896253,7.0,0.0,7.0,0.0,1.0,0.3000000000000682,-0.8660254037844385,-0.5000000000000004,-0.4999999999999997,-0.8660254037844388,1.5,6.0
2026-07-22 15:20:00,220.0,6.0,1.5,1013.7,29.4,29.7,1.5,1.3,1.4,6.0,7.0,7.0,1013.8,1013.7,1013.4,1.5,0.0,1.4,0.11547005383792516,6.333333333333333,0.5773502691896258,6.666666666666667,0.5163977794943221,0.3000000000000682,0.0,-0.6427876096865393,-0.766044443118978,-0.7071067811865471,-0.7071067811865479,1.4,7.0
2026-07-22 16:20:00,210.0,7.0,1.4,1013.4,29.6,29.7,1.4,1.4,1.5,7.0,7.0,6.0,1013.5,1013.7,1013.7,1.4,0.0,1.4,0.0,7.0,0.0,7.0,0.0,-0.3000000000000682,-0.3000000000000682,-0.5000000000000001,-0.8660254037844386,-0.8660254037844385,-0.5000000000000004,1.4,8.0
2026-07-22 17:20:00,200.0,8.0,1.4,1013.3,29.6,29.7,1.4,1.4,1.4,8.0,8.0,7.0,1013.3,1013.4,1013.4,1.4,0.0,1.4,0.0,8.0,0.0,7.666666666666667,0.5163977794943221,-0.10000000000002274,-0.10000000000002274,-0.34202014332566866,-0.9396926207859084,-0.9659258262890683,-0.25881904510252063,1.4,9.0
2026-07-22 17:50:00,210.0,9.0,1.4,1013.1,29.6,29.7,1.4,1.4,1.4,8.0,8.0,8.0,1013.2,1013.3,1013.4,1.4,0.0,1.4,0.0,8.666666666666666,0.5773502691896255,8.333333333333334,0.5163977794943234,-0.2999999999999545,-0.1999999999999318,-0.5000000000000001,-0.8660254037844386,-0.9659258262890683,-0.25881904510252063,1.5,9.0
2026-07-22 18:20:00,210.0,9.0,1.5,1013.2,29.4,29.7,1.5,1.4,1.4,9.0,9.0,8.0,1013.2,1013.1,1013.3,1.5,0.0,1.4499999999999997,0.05773502691896274,8.666666666666666,0.5773502691896255,8.666666666666666,0.5163977794943246,-0.09999999999990905,0.10000000000002274,-0.5000000000000001,-0.8660254037844386,-1.0,-1.8369701987210297e-16,1.5,8.0
2026-07-22 18:50:00,220.0,8.0,1.5,1012.6,29.4,,1.5,1.5,1.4,8.0,9.0,9.0,1013.2,1013.2,1013.1,1.5,0.0,1.5,0.0,8.0,0.0,8.333333333333334,0.5163977794943234,-0.5,-0.6000000000000227,-0.6427876096865393,-0.766044443118978,-1.0,-1.8369701987210297e-16,1.5,8.0
2026-07-22 19:50:00,210.0,8.0,1.5,1012.8,29.4,29.6,1.5,1.5,1.5,8.0,8.0,8.0,1012.9,1013.1,1012.6,1.5,0.0,1.5,0.0,8.0,0.0,8.166666666666666,0.40824829046386407,0.1999999999999318,-0.3000000000000682,-0.5000000000000001,-0.8660254037844386,-0.9659258262890684,0.2588190451025203,1.6,8.0
2026-07-22 20:20:00,220.0,8.0,1.6,1012.8,29.3,29.5,1.6,1.5,1.5,8.0,8.0,8.0,1012.7,1012.8,1013.1,1.6,0.0,1.55,0.05773502691896274,8.0,0.0,8.0,0.0,-0.3000000000000682,0.0,-0.6427876096865393,-0.766044443118978,-0.8660254037844386,0.5000000000000001,1.5,8.0
2026-07-22 21:20:00,230.0,8.0,1.6,1012.1,29.5,29.5,1.6,1.5,1.6,8.0,8.0,8.0,1012.4,1012.6,1012.8,1.6,0.0,1.5666666666666667,0.057735026918962595,8.0,0.0,8.0,0.0,-0.6999999999999318,-0.5,-0.7660444431189779,-0.6427876096865395,-0.7071067811865477,0.7071067811865474,1.6,8.0
2026-07-22 22:20:00,210.0,7.0,1.6,1011.9,29.6,29.5,1.6,1.6,1.6,8.0,8.0,8.0,1011.9,1011.9,1012.1,1.6,0.0,1.6,0.0,7.666666666666667,0.5773502691896258,7.833333333333333,0.40824829046386296,-0.20000000000004547,0.0,-0.5000000000000001,-0.8660254037844386,-0.5000000000000004,0.8660254037844384,1.6,8.0
2026-07-23 01:20:00,200.0,8.0,1.7,1012.1,29.8,29.4,1.7,1.7,1.8,8.0,9.0,9.0,1012.0,1012.1,1011.8,1.7,0.0,1.7,0.0,8.0,0.0,8.5,0.5477225575051671,0.3000000000000682,0.0,-0.34202014332566866,-0.9396926207859084,0.25881904510252074,0.9659258262890683,1.6,8.0
2026-07-23 03:20:00,200.0,8.0,1.5,1013.4,29.9,29.4,1.5,1.7,1.7,8.0,8.0,8.0,1013.2,1012.6,1012.4,1.5,0.0,1.5666666666666664,0.11547005383792516,8.0,0.0,8.0,0.0,1.0,0.7999999999999545,-0.34202014332566866,-0.9396926207859084,0.7071067811865476,0.7071067811865476,1.7,8.0
2026-07-23 04:20:00,200.0,7.0,1.5,1013.9,29.7,29.4,1.5,1.7,1.5,7.0,8.0,8.0,1013.8,1013.7,1013.4,1.5,0.0,1.5666666666666667,0.11547005383792512,7.0,0.0,7.333333333333333,0.5163977794943221,0.5,0.1999999999999318,-0.34202014332566866,-0.9396926207859084,0.8660254037844386,0.5000000000000001,1.6,8.0
2026-07-23 05:50:00,190.0,8.0,1.6,1014.1,29.5,29.3,1.6,1.6,1.6,8.0,7.0,8.0,1014.0,1014.0,1014.1,1.6,0.0,1.6,0.0,7.666666666666667,0.5773502691896258,7.5,0.5477225575051659,0.0,0.10000000000002274,-0.17364817766693047,-0.984807753012208,0.9659258262890683,0.25881904510252074,1.5,7.0
2026-07-23 06:20:00,180.0,7.0,1.5,1013.7,29.5,29.3,1.5,1.6,1.6,7.0,8.0,7.0,1013.8,1014.1,1014.0,1.5,0.0,1.5500000000000003,0.05773502691896274,7.333333333333333,0.5773502691896258,7.5,0.5477225575051659,-0.2999999999999545,-0.39999999999997726,1.2246467991473532e-16,-1.0,1.0,6.123233995736766e-17,1.4,8.0
2026-07-23 07:20:00,180.0,8.0,1.5,1013.2,29.4,29.3,1.5,1.4,1.5,8.0,8.0,7.0,1013.1,1013.3,1013.7,1.5,0.0,1.4666666666666668,0.057735026918962595,8.0,0.0,8.0,0.0,-0.5,-0.09999999999990905,1.2246467991473532e-16,-1.0,0.9659258262890683,-0.25881904510252063,1.5,7.0
2026-07-23 09:20:00,170.0,8.0,1.5,1013.2,29.2,29.3,1.5,1.5,1.5,8.0,8.0,8.0,1013.1,1013.0,1013.1,1.5,0.0,1.5,0.0,8.0,0.0,8.0,0.0,0.10000000000002274,0.20000000000004547,0.17364817766693028,-0.984807753012208,0.7071067811865476,-0.7071067811865475,1.5,8.0
2026-07-23 10:20:00,170.0,7.0,1.5,1013.9,29.2,29.3,1.5,1.5,1.5,7.0,8.0,8.0,1013.9,1013.6,1013.2,1.5,0.0,1.5,0.0,7.0,0.0,7.5,0.5477225575051659,0.6999999999999318,0.2999999999999545,0.17364817766693028,-0.984807753012208,0.49999999999999994,-0.8660254037844387,1.5,8.0
2026-07-23 10:50:00,160.0,8.0,1.5,1014.0,29.2,29.3,1.5,1.5,1.5,7.0,7.0,8.0,1014.1,1013.9,1013.6,1.5,0.0,1.5,0.0,7.333333333333333,0.5773502691896258,7.166666666666667,0.40824829046386296,0.39999999999997726,0.10000000000002274,0.3420201433256689,-0.9396926207859083,0.49999999999999994,-0.8660254037844387,1.5,8.0
2026-07-23 11:20:00,160.0,8.0,1.5,1014.3,29.1,29.3,1.5,1.5,1.5,8.0,8.0,7.0,1014.3,1014.0,1013.9,1.5,0.0,1.5,0.0,8.0,0.0,7.666666666666667,0.5163977794943221,0.39999999999997726,0.2999999999999545,0.3420201433256689,-0.9396926207859083,0.258819045102521,-0.9659258262890682,1.4,8.0
2026-07-23 12:20:00,160.0,8.0,1.4,1014.9,29.2,29.3,1.4,1.4,1.5,8.0,8.0,8.0,1014.8,1014.6,1014.3,1.4,0.0,1.4,0.0,7.666666666666667,0.5773502691896258,7.666666666666667,0.5163977794943221,0.6000000000000227,0.2999999999999545,0.3420201433256689,-0.9396926207859083,1.2246467991473532e-16,-1.0,1.5,8.0
2026-07-23 12:50:00,160.0,8.0,1.5,1015.0,29.2,29.3,1.5,1.4,1.4,8.0,8.0,8.0,1014.9,1014.9,1014.6,1.5,0.0,1.4499999999999997,0.05773502691896274,8.0,0.0,7.833333333333333,0.4082482904638632,0.39999999999997726,0.10000000000002274,0.3420201433256689,-0.9396926207859083,1.2246467991473532e-16,-1.0,1.4,7.0
2026-07-23 13:20:00,160.0,7.0,1.4,1015.5,29.3,29.3,1.4,1.5,1.4,7.0,8.0,8.0,1015.3,1015.0,1014.9,1.4,0.0,1.4500000000000002,0.05773502691896274,7.333333333333333,0.5773502691896258,7.666666666666667,0.5163977794943221,0.6000000000000227,0.5,0.3420201433256689,-0.9396926207859083,-0.2588190451025208,-0.9659258262890683,1.4,7.0
2026-07-23 14:20:00,150.0,7.0,1.5,1016.2,29.4,29.4,1.5,1.4,1.4,7.0,7.0,7.0,1016.1,1015.8,1015.5,1.5,0.0,1.4666666666666668,0.057735026918962484,7.0,0.0,7.0,0.0,0.7000000000000455,0.40000000000009095,0.49999999999999994,-0.8660254037844387,-0.4999999999999997,-0.8660254037844388,1.4,7.0
2026-07-23 15:20:00,150.0,8.0,1.2,1016.1,29.4,29.4,1.2,1.4,1.5,8.0,7.0,7.0,1016.1,1016.1,1016.2,1.2,0.0,1.2666666666666666,0.11547005383792483,8.0,0.0,7.666666666666667,0.5163977794943221,-0.10000000000002274,0.0,0.49999999999999994,-0.8660254037844387,-0.7071067811865471,-0.7071067811865479,1.4,8.0
2026-07-23 15:50:00,150.0,8.0,1.4,1016.2,29.3,29.4,1.4,1.2,1.4,8.0,8.0,7.0,1016.2,1016.1,1016.1,1.4,0.0,1.2999999999999998,0.11547005383792494,7.666666666666667,0.5773502691896258,7.833333333333333,0.4082482904638632,0.10000000000002274,0.10000000000002274,0.49999999999999994,-0.8660254037844387,-0.7071067811865471,-0.7071067811865479,1.3,7.0
2026-07-23 16:20:00,140.0,7.0,1.3,1016.6,29.2,29.4,1.3,1.4,1.2,7.0,8.0,8.0,1016.5,1016.2,1016.1,1.3,0.0,1.3499999999999999,0.057735026918962325,7.333333333333333,0.5773502691896258,7.5,0.5477225575051659,0.5,0.39999999999997726,0.6427876096865395,-0.7660444431189779,-0.8660254037844385,-0.5000000000000004,1.2,6.0
2026-07-23 16:50:00,150.0,6.0,1.2,1016.7,29.2,29.5,1.2,1.3,1.4,6.0,7.0,8.0,1016.8,1016.6,1016.2,1.2,0.0,1.25,0.05773502691896156,6.333333333333333,0.5773502691896258,6.833333333333333,0.752772652709081,0.5,0.10000000000002274,0.49999999999999994,-0.8660254037844387,-0.8660254037844385,-0.5000000000000004,1.2,6.0
2026-07-23 17:20:00,150.0,6.0,1.2,1016.6,29.2,29.5,1.2,1.2,1.3,6.0,6.0,7.0,1016.8,1016.7,1016.6,1.2,0.0,1.2,0.0,6.0,0.0,6.166666666666667,0.40824829046386324,0.0,-0.10000000000002274,0.49999999999999994,-0.8660254037844387,-0.9659258262890683,-0.25881904510252063,1.2,6.0
2026-07-23 17:50:00,140.0,6.0,1.2,1016.6,29.2,29.6,1.2,1.2,1.2,6.0,6.0,6.0,1016.8,1016.6,1016.7,1.2,0.0,1.2,0.0,6.0,0.0,6.0,0.0,-0.10000000000002274,0.0,0.6427876096865395,-0.7660444431189779,-0.9659258262890683,-0.25881904510252063,1.2,6.0
2026-07-23 18:20:00,150.0,6.0,1.2,1016.4,29.3,29.6,1.2,1.2,1.2,6.0,6.0,6.0,1016.5,1016.6,1016.6,1.2,0.0,1.2,0.0,6.0,0.0,6.0,0.0,-0.20000000000004547,-0.20000000000004547,0.49999999999999994,-0.8660254037844387,-1.0,-1.8369701987210297e-16,1.3,6.0
2026-07-23 19:20:00,150.0,5.0,1.2,1016.3,29.4,29.7,1.2,1.3,1.2,5.0,6.0,6.0,1016.3,1016.2,1016.4,1.2,0.0,1.2333333333333334,0.057735026918962595,5.0,0.0,5.5,0.5477225575051659,-0.10000000000002274,0.09999999999990905,0.49999999999999994,-0.8660254037844387,-0.9659258262890684,0.2588190451025203,1.1,5.0
2026-07-23 20:20:00,140.0,5.0,1.3,1016.3,29.5,29.8,1.3,1.1,1.2,5.0,5.0,5.0,1016.4,1016.3,1016.3,1.3,0.0,1.2333333333333334,0.11547005383792508,5.0,0.0,5.0,0.0,0.0,0.0,0.6427876096865395,-0.7660444431189779,-0.8660254037844386,0.5000000000000001,1.1,5.0
2026-07-23 22:20:00,140.0,5.0,1.1,1016.0,29.8,29.8,1.1,1.1,1.1,5.0,5.0,4.0,1016.0,1016.0,1016.1,1.1,0.0,1.1,0.0,5.0,0.0,5.0,0.0,-0.10000000000002274,0.0,0.6427876096865395,-0.7660444431189779,-0.5000000000000004,0.8660254037844384,1.0,4.0
2026-07-24 01:20:00,120.0,4.0,0.9,1016.7,29.5,29.6,0.9,0.9,1.0,4.0,4.0,3.0,1016.6,1016.4,1016.2,0.9,0.0,0.9,0.0,4.0,0.0,3.8333333333333335,0.408248290463863,0.5,0.3000000000000682,0.8660254037844387,-0.4999999999999998,0.25881904510252074,0.9659258262890683,0.8,4.0
2026-07-24 02:20:00,120.0,4.0,0.8,1017.2,29.5,29.6,0.8,0.8,0.9,4.0,4.0,4.0,1017.1,1016.9,1016.7,0.8,0.0,0.8,0.0,4.0,0.0,3.8333333333333335,0.408248290463863,0.5,0.3000000000000682,0.8660254037844387,-0.4999999999999998,0.49999999999999994,0.8660254037844387,0.8,3.0
2026-07-24 03:20:00,100.0,4.0,0.8,1017.6,29.5,29.6,0.8,0.8,0.8,4.0,3.0,4.0,1017.6,1017.5,1017.2,0.8,0.0,0.8,0.0,3.6666666666666665,0.5773502691896257,3.3333333333333335,0.5163977794943226,0.39999999999997726,0.10000000000002274,0.984807753012208,-0.1736481776669303,0.7071067811865476,0.7071067811865476,0.7,4.0
2026-07-24 04:20:00,110.0,4.0,0.7,1018.0,29.4,29.5,0.7,0.7,0.8,4.0,4.0,4.0,1018.0,1017.8,1017.6,0.7,0.0,0.7,0.0,4.0,0.0,4.0,0.0,0.39999999999997726,0.20000000000004547,0.9396926207859084,-0.3420201433256687,0.8660254037844386,0.5000000000000001,0.7,5.0
2026-07-24 06:20:00,90.0,4.0,0.7,1017.7,29.3,29.5,0.7,0.7,0.7,4.0,4.0,5.0,1017.8,1017.8,1017.9,0.7,0.0,0.7,0.0,4.0,0.0,4.333333333333333,0.5163977794943221,-0.1999999999999318,-0.09999999999990905,1.0,6.123233995736766e-17,1.0,6.123233995736766e-17,0.6,5.0
2026-07-24 06:50:00,80.0,5.0,0.6,1017.5,29.2,,0.6,0.7,0.7,4.0,4.0,4.0,1017.5,1017.7,1017.8,0.6,0.0,0.6499999999999999,0.05773502691896254,4.333333333333333,0.5773502691896258,4.166666666666667,0.40824829046386296,-0.2999999999999545,-0.20000000000004547,0.984807753012208,0.17364817766693041,1.0,6.123233995736766e-17,0.6,5.0
2026-07-24 07:20:00,100.0,5.0,0.6,1017.1,29.2,29.5,0.6,0.6,0.7,5.0,5.0,4.0,1017.3,1017.5,1017.7,0.6,0.0,0.6,0.0,5.0,0.0,4.666666666666667,0.5163977794943221,-0.6000000000000227,-0.39999999999997726,0.984807753012208,-0.1736481776669303,0.9659258262890683,-0.25881904510252063,0.7,5.0
2026-07-24 08:20:00,110.0,5.0,0.7,1016.8,29.2,29.5,0.7,0.7,0.6,5.0,5.0,5.0,1016.8,1016.9,1017.1,0.7,0.0,0.7,0.0,5.0,0.0,5.0,0.0,-0.3000000000000682,-0.10000000000002274,0.9396926207859084,-0.3420201433256687,0.8660254037844387,-0.4999999999999998,0.6,5.0
2026-07-24 09:20:00,100.0,5.0,0.7,1016.6,29.1,29.4,0.7,0.6,0.7,5.0,5.0,5.0,1016.8,1016.8,1016.8,0.7,0.0,0.6666666666666666,0.05773502691896256,5.0,0.0,5.0,0.0,-0.1999999999999318,-0.1999999999999318,0.984807753012208,-0.1736481776669303,0.7071067811865476,-0.7071067811865475,0.7,4.0
2026-07-24 10:20:00,100.0,5.0,0.8,1016.7,29.0,29.4,0.8,0.7,0.7,5.0,4.0,5.0,1016.5,1016.4,1016.6,0.8,0.0,0.7666666666666666,0.057735026918962644,5.0,0.0,4.666666666666667,0.5163977794943221,0.10000000000002274,0.3000000000000682,0.984807753012208,-0.1736481776669303,0.49999999999999994,-0.8660254037844387,0.7,4.0
2026-07-24 11:20:00,90.0,4.0,0.7,1016.7,28.9,29.4,0.7,0.7,0.8,4.0,4.0,5.0,1016.7,1016.8,1016.7,0.7,0.0,0.7,0.0,4.0,0.0,4.333333333333333,0.5163977794943221,0.0,-0.09999999999990905,1.0,6.123233995736766e-17,0.258819045102521,-0.9659258262890682,0.7,4.0
2026-07-24 12:20:00,90.0,4.0,0.7,1017.3,29.2,29.4,0.7,0.7,0.7,4.0,4.0,4.0,1017.2,1016.9,1016.7,0.7,0.0,0.7,0.0,4.0,0.0,4.0,0.0,0.599999999999909,0.39999999999997726,1.0,6.123233995736766e-17,1.2246467991473532e-16,-1.0,0.7,4.0
2026-07-24 13:20:00,90.0,4.0,0.7,1018.1,29.3,29.4,0.7,0.7,0.7,4.0,4.0,4.0,1017.8,1017.7,1017.3,0.7,0.0,0.7,0.0,4.333333333333333,0.5773502691896258,4.333333333333333,0.5163977794943221,0.8000000000000682,0.39999999999997726,1.0,6.123233995736766e-17,-0.2588190451025208,-0.9659258262890683,0.6,5.0
2026-07-24 14:20:00,70.0,5.0,0.6,1018.4,29.4,29.4,0.6,0.6,0.7,5.0,5.0,4.0,1018.4,1018.4,1018.1,0.6,0.0,0.6,0.0,4.666666666666667,0.5773502691896258,4.5,0.5477225575051659,0.2999999999999545,0.0,0.9396926207859083,0.3420201433256688,-0.4999999999999997,-0.8660254037844388,0.6,6.0
2026-07-24 15:50:00,60.0,6.0,0.6,1019.1,29.5,29.5,0.6,0.6,0.6,6.0,6.0,6.0,1018.9,1018.7,1018.5,0.6,0.0,0.6,0.0,6.0,0.0,5.833333333333333,0.40824829046386496,0.6000000000000227,0.39999999999997726,0.8660254037844386,0.5000000000000001,-0.7071067811865471,-0.7071067811865479,0.6,7.0
2026-07-24 16:20:00,70.0,7.0,0.6,1019.0,29.6,29.5,0.6,0.6,0.6,6.0,6.0,6.0,1019.1,1019.1,1018.7,0.6,0.0,0.6,0.0,6.333333333333333,0.5773502691896258,6.166666666666667,0.40824829046386296,0.2999999999999545,-0.10000000000002274,0.9396926207859083,0.3420201433256688,-0.8660254037844385,-0.5000000000000004,0.6,6.0
2026-07-24 17:20:00,80.0,6.0,0.6,1018.7,29.6,29.5,0.6,0.6,0.6,6.0,6.0,7.0,1018.9,1019.0,1019.0,0.6,0.0,0.6,0.0,6.0,0.0,6.166666666666667,0.4082482904638632,-0.2999999999999545,-0.2999999999999545,0.984807753012208,0.17364817766693041,-0.9659258262890683,-0.25881904510252063,0.7,6.0
2026-07-24 18:20:00,70.0,6.0,0.7,1018.6,29.5,29.5,0.7,0.7,0.6,6.0,6.0,6.0,1018.8,1018.7,1018.7,0.7,0.0,0.7,0.0,6.333333333333333,0.5773502691896258,6.166666666666667,0.40824829046386296,-0.10000000000002274,-0.10000000000002274,0.9396926207859083,0.3420201433256688,-1.0,-1.8369701987210297e-16,0.7,6.0
2026-07-24 18:50:00,70.0,6.0,0.7,1018.3,29.5,,0.7,0.7,0.7,5.0,6.0,6.0,1018.4,1018.6,1018.7,0.7,0.0,0.7,0.0,5.666666666666667,0.5773502691896258,6.0,0.6324555320336759,-0.40000000000009095,-0.3000000000000682,0.9396926207859083,0.3420201433256688,-1.0,-1.8369701987210297e-16,0.7,6.0
2026-07-24 19:20:00,70.0,6.0,0.7,1018.1,29.5,,0.7,0.7,0.7,6.0,6.0,6.0,1018.2,1018.3,1018.6,0.7,0.0,0.7,0.0,6.0,0.0,5.833333333333333,0.40824829046386296,-0.5,-0.1999999999999318,0.9396926207859083,0.3420201433256688,-0.9659258262890684,0.2588190451025203,0.7,6.0
2026-07-24 19:50:00,70.0,6.0,0.7,1017.9,29.6,29.6,0.7,0.7,0.7,6.0,6.0,6.0,1018.0,1018.1,1018.3,0.7,0.0,0.7,0.0,6.0,0.0,6.0,0.0,-0.39999999999997726,-0.20000000000004547,0.9396926207859083,0.3420201433256688,-0.9659258262890684,0.2588190451025203,0.7,6.0
2026-07-24 20:50:00,70.0,6.0,0.8,1017.4,29.6,29.6,0.8,0.7,0.7,6.0,6.0,6.0,1017.5,1017.7,1017.9,0.8,0.0,0.7666666666666667,0.057735026918962644,6.0,0.0,6.0,0.0,-0.5,-0.3000000000000682,0.9396926207859083,0.3420201433256688,-0.8660254037844386,0.5000000000000001,0.7,6.0
2026-07-24 21:20:00,80.0,6.0,0.7,1017.2,29.7,29.7,0.7,0.8,0.7,6.0,6.0,6.0,1017.3,1017.4,1017.7,0.7,0.0,0.75,0.057735026918962644,6.0,0.0,6.0,0.0,-0.5,-0.1999999999999318,0.984807753012208,0.17364817766693041,-0.7071067811865477,0.7071067811865474,0.7,6.0
2026-07-24 22:20:00,80.0,6.0,0.7,1017.1,29.7,29.7,0.7,0.7,0.7,5.0,6.0,6.0,1017.2,1017.1,1017.2,0.7,0.0,0.7,0.0,5.333333333333333,0.5773502691896258,5.666666666666667,0.5163977794943221,-0.10000000000002274,0.0,0.984807753012208,0.17364817766693041,-0.5000000000000004,0.8660254037844384,0.7,6.0
2026-07-25 00:50:00,80.0,6.0,0.8,1017.6,29.6,29.5,0.8,0.8,0.7,6.0,6.0,5.0,1017.6,1017.4,1017.3,0.8,0.0,0.8,0.0,5.666666666666667,0.5773502691896258,5.666666666666667,0.5163977794943221,0.3000000000000682,0.20000000000004547,0.984807753012208,0.17364817766693041,0.0,1.0,0.7,6.0
2026-07-25 01:20:00,80.0,6.0,0.7,1017.7,29.5,29.5,0.7,0.8,0.8,6.0,6.0,6.0,1017.6,1017.6,1017.4,0.7,0.0,0.75,0.05773502691896264,5.666666666666667,0.5773502691896258,5.666666666666667,0.5163977794943221,0.3000000000000682,0.10000000000002274,0.984807753012208,0.17364817766693041,0.25881904510252074,0.9659258262890683,0.7,6.0
2026-07-25 02:20:00,90.0,6.0,0.7,1018.1,29.5,29.4,0.7,0.7,0.7,7.0,6.0,6.0,1018.1,1017.9,1017.7,0.7,0.0,0.7,0.0,6.333333333333333,0.5773502691896258,6.166666666666667,0.40824829046386296,0.39999999999997726,0.20000000000004547,1.0,6.123233995736766e-17,0.49999999999999994,0.8660254037844387,0.8,6.0
2026-07-25 02:50:00,90.0,6.0,0.8,1018.5,29.5,29.4,0.8,0.7,0.7,6.0,6.0,6.0,1018.4,1018.1,1017.9,0.8,0.0,0.75,0.05773502691896264,6.0,0.0,6.166666666666667,0.40824829046386296,0.6000000000000227,0.39999999999997726,1.0,6.123233995736766e-17,0.49999999999999994,0.8660254037844387,0.8,6.0
2026-07-25 03:20:00,90.0,6.0,0.8,1018.9,29.5,29.4,0.8,0.8,0.7,7.0,6.0,6.0,1018.8,1018.5,1018.1,0.8,0.0,0.8,0.0,6.666666666666667,0.5773502691896258,6.333333333333333,0.5163977794943221,0.7999999999999545,0.39999999999997726,1.0,6.123233995736766e-17,0.7071067811865476,0.7071067811865476,0.7,7.0
2026-07-25 04:20:00,90.0,7.0,0.7,1018.9,29.5,29.4,0.7,0.7,0.8,7.0,7.0,6.0,1019.0,1019.1,1018.9,0.7,0.0,0.7,0.0,7.0,0.0,6.833333333333333,0.4082482904638632,0.0,-0.20000000000004547,1.0,6.123233995736766e-17,0.8660254037844386,0.5000000000000001,0.7,8.0
2026-07-25 05:20:00,100.0,7.0,0.8,1018.9,29.4,29.4,0.8,0.7,0.7,7.0,8.0,7.0,1018.9,1018.9,1018.9,0.8,0.0,0.7666666666666666,0.057735026918962644,7.0,0.0,7.333333333333333,0.5163977794943221,0.0,0.0,0.984807753012208,-0.1736481776669303,0.9659258262890683,0.25881904510252074,0.7,7.0
2026-07-25 07:20:00,90.0,6.0,0.8,1017.6,29.3,29.3,0.8,0.8,0.7,7.0,7.0,7.0,1017.6,1017.9,1018.1,0.8,0.0,0.8,0.0,6.666666666666667,0.5773502691896258,6.833333333333333,0.40824829046386296,-0.5,-0.2999999999999545,1.0,6.123233995736766e-17,0.9659258262890683,-0.25881904510252063,0.8,6.0
2026-07-25 09:20:00,110.0,6.0,0.8,1017.3,29.3,29.3,0.8,0.8,0.8,6.0,5.0,5.0,1017.3,1017.4,1017.4,0.8,0.0,0.8,0.0,6.0,0.0,5.666666666666667,0.5163977794943234,-0.10000000000002274,-0.10000000000002274,0.9396926207859084,-0.3420201433256687,0.7071067811865476,-0.7071067811865475,0.8,6.0
2026-07-25 10:20:00,110.0,6.0,0.7,1017.5,29.3,29.3,0.7,0.8,0.8,6.0,6.0,6.0,1017.3,1017.5,1017.3,0.7,0.0,0.7333333333333334,0.057735026918962644,6.0,0.0,5.666666666666667,0.5163977794943234,0.20000000000004547,0.0,0.9396926207859084,-0.3420201433256687,0.49999999999999994,-0.8660254037844387,0.7,6.0
2026-07-25 11:20:00,110.0,6.0,0.7,1017.7,29.2,29.3,0.7,0.7,0.7,6.0,6.0,6.0,1017.6,1017.6,1017.5,0.7,0.0,0.7,0.0,6.0,0.0,6.0,0.0,0.20000000000004547,0.10000000000002274,0.9396926207859084,-0.3420201433256687,0.258819045102521,-0.9659258262890682,0.7,6.0
2026-07-25 12:20:00,130.0,6.0,0.7,1018.4,29.3,29.3,0.7,0.7,0.7,6.0,6.0,6.0,1018.2,1017.9,1017.7,0.7,0.0,0.7,0.0,6.0,0.0,6.0,0.0,0.6999999999999318,0.5,0.766044443118978,-0.6427876096865394,1.2246467991473532e-16,-1.0,0.7,5.0
2026-07-25 13:20:00,130.0,5.0,0.7,1019.1,29.5,29.2,0.7,0.7,0.7,5.0,5.0,6.0,1019.0,1018.9,1018.4,0.7,0.0,0.7,0.0,5.333333333333333,0.5773502691896258,5.5,0.5477225575051659,0.7000000000000455,0.20000000000004547,0.766044443118978,-0.6427876096865394,-0.2588190451025208,-0.9659258262890683,0.6,4.0
2026-07-25 14:20:00,120.0,3.0,0.7,1019.4,29.5,29.2,0.7,0.6,0.7,4.0,4.0,5.0,1019.4,1019.3,1019.1,0.7,0.0,0.6666666666666666,0.05773502691896256,3.6666666666666665,0.5773502691896257,4.166666666666667,0.7527726527090819,0.2999999999999545,0.10000000000002274,0.8660254037844387,-0.4999999999999998,-0.4999999999999997,-0.8660254037844388,0.6,3.0
2026-07-25 15:20:00,120.0,3.0,0.6,1020.0,29.5,29.3,0.6,0.6,0.7,3.0,3.0,3.0,1019.8,1019.7,1019.4,0.6,0.0,0.6,0.0,3.0,0.0,3.1666666666666665,0.40824829046386424,0.6000000000000227,0.2999999999999545,0.8660254037844387,-0.4999999999999998,-0.7071067811865471,-0.7071067811865479,0.6,3.0
2026-07-25 15:50:00,110.0,3.0,0.6,1020.0,29.6,29.4,0.6,0.6,0.6,3.0,3.0,3.0,1020.0,1020.0,1019.7,0.6,0.0,0.6,0.0,3.0,0.0,3.0,0.0,0.2999999999999545,0.0,0.9396926207859084,-0.3420201433256687,-0.7071067811865471,-0.7071067811865479,0.6,3.0
2026-07-25 16:20:00,110.0,3.0,0.6,1019.9,29.6,29.5,0.6,0.6,0.6,3.0,3.0,3.0,1019.9,1020.0,1020.0,0.6,0.0,0.6,0.0,3.0,0.0,3.0,0.0,-0.10000000000002274,-0.10000000000002274,0.9396926207859084,-0.3420201433256687,-0.8660254037844385,-0.5000000000000004,0.6,3.0
2026-07-25 17:50:00,80.0,3.0,0.5,1019.8,29.6,29.7,0.5,0.6,0.6,3.0,3.0,3.0,1019.8,1020.0,1019.9,0.5,0.0,0.5333333333333333,0.05773502691896258,3.0,0.0,3.0,0.0,-0.10000000000002274,-0.20000000000004547,0.984807753012208,0.17364817766693041,-0.9659258262890683,-0.25881904510252063,0.5,4.0
2026-07-25 18:20:00,80.0,4.0,0.5,1019.8,29.6,29.8,0.5,0.5,0.6,3.0,3.0,3.0,1019.8,1019.8,1020.0,0.5,0.0,0.5,0.0,3.3333333333333335,0.5773502691896257,3.1666666666666665,0.408248290463863,-0.20000000000004547,0.0,0.984807753012208,0.17364817766693041,-1.0,-1.8369701987210297e-16,0.6,3.0
2026-07-25 19:20:00,80.0,3.0,0.5,1019.3,29.7,29.9,0.5,0.6,0.5,3.0,3.0,4.0,1019.4,1019.6,1019.8,0.5,0.0,0.5333333333333333,0.05773502691896256,3.0,0.0,3.1666666666666665,0.408248290463863,-0.5,-0.3000000000000682,0.984807753012208,0.17364817766693041,-0.9659258262890684,0.2588190451025203,0.5,4.0
2026-07-25 20:20:00,80.0,4.0,0.5,1018.9,29.8,30.0,0.5,0.5,0.5,4.0,4.0,3.0,1019.2,1019.2,1019.3,0.5,0.0,0.5,0.0,4.0,0.0,4.0,0.0,-0.39999999999997726,-0.3000000000000682,0.984807753012208,0.17364817766693041,-0.8660254037844386,0.5000000000000001,0.5,4.0
2026-07-25 21:20:00,80.0,4.0,0.5,1018.6,29.9,30.1,0.5,0.5,0.5,4.0,4.0,4.0,1018.6,1018.7,1018.9,0.5,0.0,0.5,0.0,4.0,0.0,4.0,0.0,-0.2999999999999545,-0.10000000000002274,0.984807753012208,0.17364817766693041,-0.7071067811865477,0.7071067811865474,0.5,4.0
2026-07-25 22:20:00,80.0,4.0,0.5,1018.2,30.0,30.0,0.5,0.5,0.5,4.0,4.0,4.0,1018.4,1018.5,1018.6,0.5,0.0,0.5,0.0,4.0,0.0,4.0,0.0,-0.39999999999997726,-0.2999999999999545,0.984807753012208,0.17364817766693041,-0.5000000000000004,0.8660254037844384,0.5,3.0
2026-07-26 00:50:00,70.0,4.0,0.4,1018.3,29.7,29.9,0.4,0.5,0.5,3.0,3.0,3.0,1018.3,1018.2,1018.2,0.4,0.0,0.44999999999999996,0.05773502691896253,3.3333333333333335,0.5773502691896257,3.1666666666666665,0.408248290463863,0.09999999999990905,0.09999999999990905,0.9396926207859083,0.3420201433256688,0.0,1.0,0.4,4.0
2026-07-26 01:20:00,80.0,4.0,0.4,1018.4,29.7,29.9,0.4,0.4,0.5,4.0,4.0,3.0,1018.4,1018.3,1018.2,0.4,0.0,0.4,0.0,4.0,0.0,3.6666666666666665,0.5163977794943226,0.1999999999999318,0.10000000000002274,0.984807753012208,0.17364817766693041,0.25881904510252074,0.9659258262890683,0.4,4.0
2026-07-26 02:20:00,80.0,4.0,0.4,1019.0,29.6,29.9,0.4,0.4,0.4,3.0,4.0,4.0,1018.9,1018.7,1018.4,0.4,0.0,0.4,0.0,3.3333333333333335,0.5773502691896257,3.6666666666666665,0.5163977794943223,0.6000000000000227,0.2999999999999545,0.984807753012208,0.17364817766693041,0.49999999999999994,0.8660254037844387,0.4,4.0
2026-07-26 02:50:00,90.0,4.0,0.4,1019.3,29.6,29.8,0.4,0.4,0.4,4.0,4.0,4.0,1019.3,1019.0,1018.7,0.4,0.0,0.4,0.0,4.0,0.0,3.6666666666666665,0.5163977794943223,0.599999999999909,0.2999999999999545,1.0,6.123233995736766e-17,0.49999999999999994,0.8660254037844387,0.4,4.0
2026-07-26 03:20:00,90.0,4.0,0.4,1019.5,29.6,29.8,0.4,0.4,0.4,4.0,4.0,4.0,1019.5,1019.3,1019.0,0.4,0.0,0.4,0.0,4.0,0.0,4.0,0.0,0.5,0.20000000000004547,1.0,6.123233995736766e-17,0.7071067811865476,0.7071067811865476,0.4,4.0
2026-07-26 04:20:00,90.0,3.0,0.4,1019.4,29.5,29.8,0.4,0.4,0.4,4.0,4.0,4.0,1019.5,1019.7,1019.5,0.4,0.0,0.4,0.0,3.3333333333333335,0.5773502691896257,3.6666666666666665,0.5163977794943223,-0.10000000000002274,-0.3000000000000682,1.0,6.123233995736766e-17,0.8660254037844386,0.5000000000000001,0.4,4.0
2026-07-26 05:20:00,120.0,4.0,0.4,1019.0,29.4,29.8,0.4,0.4,0.4,4.0,4.0,3.0,1019.1,1019.2,1019.4,0.4,0.0,0.4,0.0,4.0,0.0,4.0,0.0,-0.39999999999997726,-0.20000000000004547,0.8660254037844387,-0.4999999999999998,0.9659258262890683,0.25881904510252074,0.4,4.0
2026-07-26 06:20:00,130.0,5.0,0.4,1018.4,29.3,29.7,0.4,0.4,0.4,4.0,4.0,4.0,1018.4,1018.7,1019.0,0.4,0.0,0.4,0.0,4.333333333333333,0.5773502691896258,4.166666666666667,0.40824829046386296,-0.6000000000000227,-0.3000000000000682,0.766044443118978,-0.6427876096865394,1.0,6.123233995736766e-17,0.4,4.0
2026-07-26 07:20:00,150.0,5.0,0.4,1017.6,29.2,29.7,0.4,0.4,0.4,4.0,4.0,5.0,1017.8,1018.1,1018.4,0.4,0.0,0.4,0.0,4.333333333333333,0.5773502691896258,4.166666666666667,0.40824829046386296,-0.7999999999999545,-0.5,0.49999999999999994,-0.8660254037844387,0.9659258262890683,-0.25881904510252063,0.4,4.0
2026-07-26 09:20:00,170.0,3.0,0.4,1016.8,29.1,29.6,0.4,0.4,0.4,3.0,3.0,4.0,1016.8,1017.0,1017.1,0.4,0.0,0.4,0.0,3.0,0.0,3.0,0.0,-0.3000000000000682,-0.20000000000004547,0.17364817766693028,-0.984807753012208,0.7071067811865476,-0.7071067811865475,0.3,2.0
2026-07-26 09:50:00,150.0,2.0,0.3,1016.6,29.0,29.6,0.3,0.4,0.4,2.0,3.0,3.0,1016.7,1016.8,1017.0,0.3,0.0,0.35000000000000003,0.05773502691896258,2.3333333333333335,0.5773502691896257,2.6666666666666665,0.5163977794943223,-0.39999999999997726,-0.1999999999999318,0.49999999999999994,-0.8660254037844387,0.7071067811865476,-0.7071067811865475,0.3,2.0
2026-07-26 10:20:00,150.0,2.0,0.3,1016.8,29.0,29.6,0.3,0.3,0.4,2.0,2.0,3.0,1016.6,1016.6,1016.8,0.3,0.0,0.3,0.0,2.0,0.0,2.1666666666666665,0.4082482904638636,0.0,0.1999999999999318,0.49999999999999994,-0.8660254037844387,0.49999999999999994,-0.8660254037844387,0.4,2.0
2026-07-26 11:20:00,160.0,2.0,0.4,1017.5,29.1,29.6,0.4,0.4,0.3,2.0,2.0,2.0,1017.4,1017.1,1016.8,0.4,0.0,0.4,0.0,2.0,0.0,2.0,0.0,0.7000000000000455,0.39999999999997726,0.3420201433256689,-0.9396926207859083,0.258819045102521,-0.9659258262890682,0.4,0.0
2026-07-26 12:20:00,,0.0,0.3,1017.8,29.8,29.6,0.3,0.4,0.4,0.0,0.0,2.0,1017.8,1017.6,1017.5,0.3,0.0,0.3333333333333333,0.05773502691896262,0.0,0.0,0.3333333333333333,0.5163977794943221,0.2999999999999545,0.1999999999999318,,,1.2246467991473532e-16,-1.0,0.3,0.0
2026-07-26 13:20:00,,0.0,0.3,1018.7,30.5,29.6,0.3,0.3,0.3,1.0,0.0,0.0,1018.5,1018.3,1017.8,0.3,0.0,0.3,0.0,0.6666666666666666,0.5773502691896258,0.3333333333333333,0.5163977794943223,0.900000000000091,0.40000000000009095,,,-0.2588190451025208,-0.9659258262890683,0.3,0.0
2026-07-26 14:20:00,,0.0,0.4,1018.7,31.4,29.7,0.4,0.3,0.3,0.0,0.0,0.0,1018.7,1018.8,1018.7,0.4,0.0,0.3666666666666667,0.05773502691896262,0.0,0.0,0.0,0.0,0.0,-0.09999999999990905,,,-0.4999999999999997,-0.8660254037844388,0.4,1.0
2026-07-26 14:50:00,10.0,1.0,0.4,1018.8,30.1,29.7,0.4,0.4,0.3,1.0,0.0,0.0,1018.8,1018.7,1018.8,0.4,0.0,0.4,0.0,1.0,0.0,0.5,0.5477225575051662,0.0,0.09999999999990905,0.17364817766693033,0.984807753012208,-0.4999999999999997,-0.8660254037844388,0.3,0.0
2026-07-26 15:20:00,,0.0,0.3,1018.9,30.8,29.7,0.3,0.4,0.4,0.0,1.0,0.0,1018.9,1018.8,1018.7,0.3,0.0,0.35000000000000003,0.05773502691896258,0.3333333333333333,0.5773502691896258,0.6666666666666666,0.5163977794943223,0.1999999999999318,0.10000000000002274,,,-0.7071067811865471,-0.7071067811865479,0.3,0.0
2026-07-26 17:20:00,30.0,1.0,0.3,1019.2,29.8,29.8,0.3,0.3,0.3,1.0,2.0,2.0,1019.3,1019.2,1019.1,0.3,0.0,0.3,0.0,1.3333333333333333,0.5773502691896258,1.6666666666666667,0.5163977794943222,0.10000000000002274,0.0,0.49999999999999994,0.8660254037844387,-0.9659258262890683,-0.25881904510252063,0.3,1.0
2026-07-26 19:20:00,20.0,2.0,0.3,1018.4,29.8,29.8,0.3,0.3,0.3,2.0,0.0,1.0,1018.4,1018.4,1018.8,0.3,0.0,0.3,0.0,2.0,0.0,1.3333333333333333,0.816496580927726,-0.39999999999997726,0.0,0.3420201433256687,0.9396926207859084,-0.9659258262890684,0.2588190451025203,0.3,1.0
2026-07-26 21:20:00,50.0,1.0,0.2,1017.5,30.5,29.9,0.2,0.3,0.3,2.0,1.0,0.0,1017.6,1017.7,1018.0,0.2,0.0,0.2333333333333333,0.05773502691896256,1.3333333333333333,0.5773502691896258,1.1666666666666667,0.40824829046386274,-0.5,-0.20000000000004547,0.766044443118978,0.6427876096865394,-0.7071067811865477,0.7071067811865474,0.2,1.0
2026-07-26 22:20:00,,0.0,0.2,1016.8,32.1,30.0,0.2,0.2,0.2,0.0,1.0,1.0,1017.0,1017.3,1017.5,0.2,0.0,0.2,0.0,0.3333333333333333,0.5773502691896258,0.5,0.5477225575051656,-0.7000000000000455,-0.5,,,-0.5000000000000004,0.8660254037844384,0.2,1.0
2026-07-26 22:50:00,10.0,1.0,0.2,1016.5,30.8,29.9,0.2,0.2,0.2,2.0,0.0,1.0,1016.6,1016.8,1017.3,0.2,0.0,0.2,0.0,1.3333333333333333,0.5773502691896257,0.8333333333333334,0.7527726527090809,-0.7999999999999545,-0.2999999999999545,0.17364817766693033,0.984807753012208,-0.5000000000000004,0.8660254037844384,0.2,1.0
2026-07-27 00:20:00,40.0,1.0,0.2,1016.8,30.8,30.0,0.2,0.2,0.2,0.0,1.0,1.0,1016.8,1016.6,1016.5,0.2,0.0,0.2,0.0,0.3333333333333333,0.5773502691896258,0.6666666666666666,0.516397779494322,0.2999999999999545,0.1999999999999318,0.6427876096865393,0.766044443118978,0.0,1.0,0.2,0.0
2026-07-27 01:20:00,200.0,1.0,0.2,1017.0,30.0,30.5,0.2,0.2,0.2,1.0,0.0,1.0,1017.1,1017.0,1016.8,0.2,0.0,0.2,0.0,0.6666666666666666,0.5773502691896258,0.3333333333333333,0.5163977794943216,0.20000000000004547,0.0,-0.34202014332566866,-0.9396926207859084,0.25881904510252074,0.9659258262890683,0.2,1.0
2026-07-27 02:20:00,,0.0,0.2,1017.3,29.8,30.7,0.2,0.2,0.2,0.0,1.0,1.0,1017.3,1017.1,1017.0,0.2,0.0,0.2,0.0,0.0,0.0,0.6666666666666666,0.8164965809277259,0.2999999999999545,0.1999999999999318,,,0.49999999999999994,0.8660254037844387,0.2,1.0
2026-07-27 04:20:00,170.0,1.0,0.2,1017.6,29.7,29.9,0.2,0.2,0.2,0.0,0.0,1.0,1017.6,1017.6,1017.6,0.2,0.0,0.2,0.0,0.3333333333333333,0.5773502691896258,0.3333333333333333,0.5163977794943223,0.0,0.0,0.17364817766693028,-0.984807753012208,0.8660254037844386,0.5000000000000001,0.2,2.0
2026-07-27 05:20:00,230.0,3.0,0.2,1017.1,29.5,30.4,0.2,0.2,0.2,2.0,2.0,1.0,1017.3,1017.5,1017.6,0.2,0.0,0.2,0.0,2.3333333333333335,0.5773502691896257,1.8333333333333333,0.9831920802501751,-0.5,-0.39999999999997726,-0.7660444431189779,-0.6427876096865395,0.9659258262890683,0.25881904510252074,0.2,2.0
2026-07-27 05:50:00,200.0,2.0,0.2,1017.0,29.4,30.3,0.2,0.2,0.2,3.0,3.0,2.0,1016.9,1017.1,1017.5,0.2,0.0,0.2,0.0,2.3333333333333335,0.5773502691896257,2.3333333333333335,0.5163977794943222,-0.5,-0.10000000000002274,-0.34202014332566866,-0.9396926207859084,0.9659258262890683,0.25881904510252074,0.2,2.0
2026-07-27 07:20:00,230.0,3.0,0.2,1016.2,29.3,30.3,0.2,0.2,0.2,2.0,2.0,2.0,1016.4,1016.5,1016.7,0.2,0.0,0.2,0.0,2.6666666666666665,0.5773502691896257,2.3333333333333335,0.5163977794943223,-0.5,-0.2999999999999545,-0.7660444431189779,-0.6427876096865395,0.9659258262890683,-0.25881904510252063,0.2,3.0
2026-07-27 09:20:00,250.0,3.0,0.2,1015.7,29.1,30.3,0.2,0.2,0.2,3.0,3.0,2.0,1015.7,1015.7,1015.7,0.2,0.0,0.2,0.0,3.0,0.0,3.0,0.0,0.0,0.0,-0.9396926207859084,-0.34202014332566855,0.7071067811865476,-0.7071067811865475,0.2,3.0
2026-07-27 10:20:00,270.0,2.0,0.2,1015.9,29.0,30.0,0.2,0.2,0.2,2.0,3.0,3.0,1015.9,1015.8,1015.7,0.2,0.0,0.2,0.0,2.0,0.0,2.5,0.5477225575051664,0.1999999999999318,0.10000000000002274,-1.0,-1.8369701987210297e-16,0.49999999999999994,-0.8660254037844387,0.2,3.0
2026-07-27 11:20:00,290.0,3.0,0.2,1015.9,29.0,29.8,0.2,0.2,0.2,3.0,3.0,2.0,1015.7,1015.7,1015.9,0.2,0.0,0.2,0.0,3.0,0.0,3.0,0.0,0.0,0.1999999999999318,-0.9396926207859083,0.342020143325669,0.258819045102521,-0.9659258262890682,0.2,3.0
2026-07-27 12:20:00,290.0,4.0,0.2,1016.2,29.1,29.7,0.2,0.2,0.2,4.0,3.0,3.0,1016.1,1016.0,1015.9,0.2,0.0,0.2,0.0,3.6666666666666665,0.5773502691896257,3.3333333333333335,0.5163977794943223,0.3000000000000682,0.20000000000004547,-0.9396926207859083,0.342020143325669,1.2246467991473532e-16,-1.0,0.2,3.0
2026-07-27 12:50:00,300.0,3.0,0.2,1016.3,29.3,29.7,0.2,0.2,0.2,3.0,4.0,3.0,1016.2,1016.2,1016.0,0.2,0.0,0.2,0.0,3.0,0.0,3.3333333333333335,0.5163977794943223,0.2999999999999545,0.09999999999990905,-0.8660254037844386,0.5000000000000001,1.2246467991473532e-16,-1.0,0.2,3.0
2026-07-27 15:20:00,310.0,3.0,0.2,1016.7,29.4,29.8,0.2,0.2,0.2,3.0,3.0,3.0,1016.7,1016.5,1016.5,0.2,0.0,0.2,0.0,3.0,0.0,3.0,0.0,0.20000000000004547,0.20000000000004547,-0.7660444431189781,0.6427876096865393,-0.7071067811865471,-0.7071067811865479,0.2,4.0
2026-07-27 16:20:00,320.0,4.0,0.2,1017.0,29.4,,0.2,0.2,0.2,4.0,4.0,3.0,1017.0,1016.9,1016.7,0.2,0.0,0.2,0.0,4.0,0.0,3.6666666666666665,0.5163977794943226,0.2999999999999545,0.10000000000002274,-0.6427876096865396,0.7660444431189778,-0.8660254037844385,-0.5000000000000004,0.2,4.0
2026-07-27 17:20:00,320.0,4.0,0.2,1016.9,29.5,30.1,0.2,0.2,0.2,4.0,4.0,4.0,1016.8,1016.9,1017.0,0.2,0.0,0.2,0.0,4.0,0.0,4.0,0.0,-0.10000000000002274,0.0,-0.6427876096865396,0.7660444431189778,-0.9659258262890683,-0.25881904510252063,0.2,4.0
2026-07-27 18:20:00,320.0,3.0,0.2,1016.8,29.7,30.3,0.2,0.2,0.2,4.0,4.0,4.0,1016.9,1016.9,1016.9,0.2,0.0,0.2,0.0,3.6666666666666665,0.5773502691896257,3.8333333333333335,0.408248290463863,-0.10000000000002274,-0.10000000000002274,-0.6427876096865396,0.7660444431189778,-1.0,-1.8369701987210297e-16,0.2,4.0
2026-07-27 18:50:00,330.0,4.0,0.2,1016.7,29.8,30.3,0.2,0.2,0.2,4.0,3.0,4.0,1016.7,1016.8,1016.9,0.2,0.0,0.2,0.0,3.6666666666666665,0.5773502691896257,3.6666666666666665,0.5163977794943223,-0.1999999999999318,-0.09999999999990905,-0.5000000000000004,0.8660254037844384,-1.0,-1.8369701987210297e-16,0.2,4.0
2026-07-27 19:20:00,320.0,4.0,0.2,1016.4,29.8,30.4,0.2,0.2,0.2,4.0,4.0,3.0,1016.5,1016.7,1016.8,0.2,0.0,0.2,0.0,4.0,0.0,3.8333333333333335,0.408248290463863,-0.39999999999997726,-0.3000000000000682,-0.6427876096865396,0.7660444431189778,-0.9659258262890684,0.2588190451025203,0.2,3.0
2026-07-27 20:20:00,310.0,3.0,0.2,1015.7,30.0,30.3,0.2,0.2,0.2,3.0,3.0,4.0,1015.9,1016.2,1016.4,0.2,0.0,0.2,0.0,3.3333333333333335,0.5773502691896257,3.5,0.5477225575051664,-0.6999999999999318,-0.5,-0.7660444431189781,0.6427876096865393,-0.8660254037844386,0.5000000000000001,0.2,3.0
2026-07-27 20:50:00,310.0,3.0,0.2,1015.1,30.0,30.3,0.2,0.2,0.2,3.0,3.0,3.0,1015.3,1015.7,1016.2,0.2,0.0,0.2,0.0,3.0,0.0,3.1666666666666665,0.4082482904638636,-1.1000000000000227,-0.6000000000000227,-0.7660444431189781,0.6427876096865393,-0.8660254037844386,0.5000000000000001,0.2,3.0
2026-07-27 21:20:00,300.0,3.0,0.2,1015.0,30.1,30.3,0.2,0.2,0.2,3.0,3.0,3.0,1015.1,1015.1,1015.7,0.2,0.0,0.2,0.0,3.0,0.0,3.0,0.0,-0.7000000000000455,-0.10000000000002274,-0.8660254037844386,0.5000000000000001,-0.7071067811865477,0.7071067811865474,0.2,3.0
2026-07-28 01:20:00,300.0,3.0,0.2,1013.9,29.8,30.3,0.2,0.2,0.2,3.0,3.0,3.0,1013.8,1013.7,1013.5,0.2,0.0,0.2,0.0,3.0,0.0,3.0,0.0,0.39999999999997726,0.1999999999999318,-0.8660254037844386,0.5000000000000001,0.25881904510252074,0.9659258262890683,0.2,3.0
2026-07-28 02:20:00,310.0,2.0,0.2,1013.9,29.8,30.4,0.2,0.2,0.2,2.0,3.0,3.0,1013.9,1014.1,1013.9,0.2,0.0,0.2,0.0,2.0,0.0,2.3333333333333335,0.5163977794943226,0.0,-0.20000000000004547,-0.7660444431189781,0.6427876096865393,0.49999999999999994,0.8660254037844387,0.2,2.0
2026-07-28 03:20:00,290.0,3.0,0.2,1014.3,29.8,30.2,0.2,0.2,0.2,3.0,2.0,2.0,1014.2,1014.2,1013.9,0.2,0.0,0.2,0.0,3.0,0.0,2.5,0.5477225575051664,0.39999999999997726,0.09999999999990905,-0.9396926207859083,0.342020143325669,0.7071067811865476,0.7071067811865476,0.2,3.0
2026-07-28 03:50:00,290.0,3.0,0.2,1014.5,29.7,30.2,0.2,0.2,0.2,3.0,3.0,2.0,1014.3,1014.3,1014.2,0.2,0.0,0.2,0.0,3.0,0.0,3.0,0.0,0.2999999999999545,0.20000000000004547,-0.9396926207859083,0.342020143325669,0.7071067811865476,0.7071067811865476,0.2,3.0
2026-07-28 04:20:00,290.0,3.0,0.2,1014.5,29.7,30.1,0.2,0.2,0.2,3.0,3.0,3.0,1014.4,1014.5,1014.3,0.2,0.0,0.2,0.0,3.0,0.0,3.0,0.0,0.20000000000004547,0.0,-0.9396926207859083,0.342020143325669,0.8660254037844386,0.5000000000000001,0.2,2.0
2026-07-28 04:50:00,290.0,2.0,0.2,1014.6,29.7,30.1,0.2,0.2,0.2,2.0,3.0,3.0,1014.4,1014.5,1014.5,0.2,0.0,0.2,0.0,2.0,0.0,2.5,0.5477225575051664,0.10000000000002274,0.10000000000002274,-0.9396926207859083,0.342020143325669,0.8660254037844386,0.5000000000000001,0.2,3.0
2026-07-28 07:20:00,280.0,3.0,0.2,1013.4,29.4,30.1,0.2,0.2,0.2,3.0,3.0,3.0,1013.4,1013.4,1013.8,0.2,0.0,0.2,0.0,3.0,0.0,3.0,0.0,-0.39999999999997726,0.0,-0.9848077530122081,0.17364817766692997,0.9659258262890683,-0.25881904510252063,0.2,3.0
2026-07-28 09:20:00,270.0,4.0,0.2,1013.1,29.2,30.1,0.2,0.2,0.2,3.0,3.0,3.0,1013.0,1012.8,1013.2,0.2,0.0,0.2,0.0,3.3333333333333335,0.5773502691896257,3.1666666666666665,0.408248290463863,-0.10000000000002274,0.3000000000000682,-1.0,-1.8369701987210297e-16,0.7071067811865476,-0.7071067811865475,0.2,3.0
2026-07-28 09:50:00,260.0,3.0,0.2,1013.0,29.2,30.1,0.2,0.2,0.2,3.0,4.0,3.0,1013.0,1013.1,1012.8,0.2,0.0,0.2,0.0,3.3333333333333335,0.5773502691896257,3.3333333333333335,0.5163977794943223,0.20000000000004547,-0.10000000000002274,-0.984807753012208,-0.17364817766693033,0.7071067811865476,-0.7071067811865475,0.2,3.0
2026-07-28 10:20:00,250.0,3.0,0.2,1013.0,29.2,30.1,0.2,0.2,0.2,3.0,3.0,4.0,1013.0,1013.0,1013.1,0.2,0.0,0.2,0.0,3.0,0.0,3.1666666666666665,0.408248290463863,-0.10000000000002274,0.0,-0.9396926207859084,-0.34202014332566855,0.49999999999999994,-0.8660254037844387,0.2,3.0
2026-07-28 11:20:00,290.0,4.0,0.2,1013.2,29.2,30.1,0.2,0.2,0.2,4.0,3.0,3.0,1013.0,1013.1,1013.0,0.2,0.0,0.2,0.0,3.6666666666666665,0.5773502691896257,3.3333333333333335,0.5163977794943223,0.20000000000004547,0.10000000000002274,-0.9396926207859083,0.342020143325669,0.258819045102521,-0.9659258262890682,0.2,4.0
2026-07-28 12:20:00,280.0,4.0,0.2,1013.4,29.4,30.0,0.2,0.2,0.2,4.0,4.0,4.0,1013.2,1013.2,1013.2,0.2,0.0,0.2,0.0,4.0,0.0,4.0,0.0,0.1999999999999318,0.1999999999999318,-0.9848077530122081,0.17364817766692997,1.2246467991473532e-16,-1.0,0.2,3.0
2026-07-28 12:50:00,270.0,3.0,0.2,1013.5,29.6,30.0,0.2,0.2,0.2,3.0,4.0,4.0,1013.5,1013.4,1013.2,0.2,0.0,0.2,0.0,3.3333333333333335,0.5773502691896257,3.6666666666666665,0.5163977794943223,0.2999999999999545,0.10000000000002274,-1.0,-1.8369701987210297e-16,1.2246467991473532e-16,-1.0,0.2,8.0
2026-07-28 13:20:00,280.0,8.0,0.2,1013.7,28.6,29.8,0.2,0.2,0.2,3.0,3.0,4.0,1013.6,1013.5,1013.4,0.2,0.0,0.2,0.0,4.666666666666667,2.8867513459481287,4.0,2.0,0.3000000000000682,0.20000000000004547,-0.9848077530122081,0.17364817766692997,-0.2588190451025208,-0.9659258262890683,0.3,2.0
2026-07-28 14:20:00,220.0,4.0,0.3,1014.5,28.1,30.0,0.3,0.3,0.2,2.0,2.0,8.0,1014.3,1014.2,1013.7,0.3,0.0,0.3,0.0,3.0,0.9999999999999999,3.5,2.3452078799117144,0.7999999999999545,0.2999999999999545,-0.6427876096865393,-0.766044443118978,-0.4999999999999997,-0.8660254037844388,0.3,4.0
2026-07-28 15:20:00,40.0,4.0,0.3,1015.1,25.7,29.6,0.3,0.3,0.3,6.0,4.0,4.0,1015.1,1014.6,1014.5,0.3,0.0,0.3,0.0,5.0,1.0,4.833333333333333,0.7527726527090803,0.6000000000000227,0.5,0.6427876096865393,0.766044443118978,-0.7071067811865471,-0.7071067811865479,0.3,4.0
2026-07-28 19:20:00,320.0,5.0,0.3,1014.6,29.9,29.8,0.3,0.3,0.3,6.0,5.0,4.0,1014.6,1014.7,1015.0,0.3,0.0,0.3,0.0,5.666666666666667,0.5773502691896258,5.166666666666667,0.7527726527090802,-0.39999999999997726,-0.10000000000002274,-0.6427876096865396,0.7660444431189778,-0.9659258262890684,0.2588190451025203,0.3,5.0
2026-07-28 20:20:00,330.0,5.0,0.3,1014.3,30.0,30.0,0.3,0.3,0.3,4.0,5.0,5.0,1014.4,1014.6,1014.6,0.3,0.0,0.3,0.0,4.666666666666667,0.5773502691896258,4.833333333333333,0.40824829046386296,-0.3000000000000682,-0.3000000000000682,-0.5000000000000004,0.8660254037844384,-0.8660254037844386,0.5000000000000001,0.3,4.0
2026-07-28 20:50:00,330.0,4.0,0.3,1013.9,30.0,30.0,0.3,0.3,0.3,4.0,5.0,5.0,1014.1,1014.3,1014.6,0.3,0.0,0.3,0.0,4.0,0.0,4.333333333333333,0.5163977794943221,-0.7000000000000455,-0.39999999999997726,-0.5000000000000004,0.8660254037844384,-0.8660254037844386,0.5000000000000001,0.3,4.0
2026-07-28 21:20:00,320.0,4.0,0.3,1013.5,30.0,30.1,0.3,0.3,0.3,4.0,4.0,5.0,1013.5,1013.9,1014.3,0.3,0.0,0.3,0.0,4.0,0.0,4.0,0.0,-0.7999999999999545,-0.39999999999997726,-0.6427876096865396,0.7660444431189778,-0.7071067811865477,0.7071067811865474,0.3,4.0
2026-07-28 22:20:00,330.0,4.0,0.4,1013.4,30.1,30.1,0.4,0.3,0.3,4.0,4.0,4.0,1013.6,1013.6,1013.5,0.4,0.0,0.3666666666666667,0.05773502691896262,4.0,0.0,3.6666666666666665,0.5163977794943223,-0.10000000000002274,-0.20000000000004547,-0.5000000000000004,0.8660254037844384,-0.5000000000000004,0.8660254037844384,0.4,4.0
2026-07-29 01:20:00,310.0,1.0,0.3,1013.0,29.8,29.9,0.3,0.3,0.4,1.0,1.0,2.0,1013.0,1012.9,1012.8,0.3,0.0,0.3,0.0,1.0,0.0,1.3333333333333333,0.5163977794943222,0.20000000000004547,0.10000000000002274,-0.7660444431189781,0.6427876096865393,0.25881904510252074,0.9659258262890683,0.3,2.0
2026-07-29 02:20:00,290.0,2.0,0.4,1013.2,29.6,30.0,0.4,0.3,0.3,2.0,2.0,1.0,1013.1,1013.2,1013.0,0.4,0.0,0.3666666666666667,0.05773502691896262,2.0,0.0,2.0,0.0,0.20000000000004547,0.0,-0.9396926207859083,0.342020143325669,0.49999999999999994,0.8660254037844387,0.3,2.0
2026-07-29 02:50:00,320.0,2.0,0.3,1013.4,29.7,30.0,0.3,0.4,0.3,2.0,2.0,2.0,1013.4,1013.2,1013.2,0.3,0.0,0.35000000000000003,0.0577350269189626,2.0,0.0,2.0,0.0,0.1999999999999318,0.1999999999999318,-0.6427876096865396,0.7660444431189778,0.49999999999999994,0.8660254037844387,0.3,1.0
2026-07-29 03:20:00,350.0,1.0,0.3,1013.4,29.7,30.0,0.3,0.3,0.4,2.0,2.0,2.0,1013.4,1013.4,1013.2,0.3,0.0,0.3,0.0,1.6666666666666667,0.5773502691896258,1.8333333333333333,0.408248290463863,0.1999999999999318,0.0,-0.1736481776669304,0.984807753012208,0.7071067811865476,0.7071067811865476,0.3,1.0
2026-07-29 04:20:00,330.0,1.0,0.3,1013.6,29.5,29.9,0.3,0.3,0.3,1.0,1.0,1.0,1013.5,1013.5,1013.4,0.3,0.0,0.3,0.0,1.0,0.0,1.0,0.0,0.20000000000004547,0.10000000000002274,-0.5000000000000004,0.8660254037844384,0.8660254037844386,0.5000000000000001,0.3,0.0
2026-07-29 05:20:00,,0.0,0.3,1013.2,29.3,29.9,0.3,0.3,0.3,0.0,0.0,1.0,1013.4,1013.4,1013.6,0.3,0.0,0.3,0.0,0.0,0.0,0.3333333333333333,0.5163977794943223,-0.39999999999997726,-0.1999999999999318,,,0.9659258262890683,0.25881904510252074,0.3,1.0
2026-07-29 06:20:00,210.0,1.0,0.3,1013.1,29.2,29.9,0.3,0.3,0.3,1.0,1.0,0.0,1013.1,1013.1,1013.2,0.3,0.0,0.3,0.0,1.0,0.0,1.0,0.0,-0.10000000000002274,0.0,-0.5000000000000001,-0.8660254037844386,1.0,6.123233995736766e-17,0.3,2.0
2026-07-29 06:50:00,200.0,2.0,0.3,1012.7,29.2,29.8,0.3,0.3,0.3,2.0,1.0,1.0,1012.9,1013.1,1013.1,0.3,0.0,0.3,0.0,2.0,0.0,1.5,0.5477225575051661,-0.39999999999997726,-0.39999999999997726,-0.34202014332566866,-0.9396926207859084,1.0,6.123233995736766e-17,0.3,2.0
2026-07-29 09:20:00,230.0,2.0,0.3,1012.4,29.0,29.8,0.3,0.3,0.3,2.0,2.0,2.0,1012.4,1012.4,1012.4,0.3,0.0,0.3,0.0,2.0,0.0,2.0,0.0,0.0,0.0,-0.7660444431189779,-0.6427876096865395,0.7071067811865476,-0.7071067811865475,0.3,2.0
2026-07-29 10:20:00,240.0,2.0,0.3,1012.7,29.0,29.7,0.3,0.3,0.3,2.0,2.0,2.0,1012.7,1012.5,1012.4,0.3,0.0,0.3,0.0,2.0,0.0,2.0,0.0,0.3000000000000682,0.20000000000004547,-0.8660254037844385,-0.5000000000000004,0.49999999999999994,-0.8660254037844387,0.3,2.0
2026-07-29 11:20:00,250.0,3.0,0.3,1013.2,29.1,29.9,0.3,0.3,0.3,2.0,2.0,2.0,1013.1,1013.0,1012.7,0.3,0.0,0.3,0.0,2.6666666666666665,0.5773502691896257,2.5,0.5477225575051664,0.5,0.20000000000004547,-0.9396926207859084,-0.34202014332566855,0.258819045102521,-0.9659258262890682,0.3,3.0
2026-07-29 11:50:00,250.0,3.0,0.3,1013.5,29.1,29.9,0.3,0.3,0.3,3.0,3.0,2.0,1013.5,1013.2,1013.0,0.3,0.0,0.3,0.0,3.0,0.0,2.8333333333333335,0.4082482904638636,0.5,0.2999999999999545,-0.9396926207859084,-0.34202014332566855,0.258819045102521,-0.9659258262890682,0.3,3.0
2026-07-29 12:20:00,250.0,3.0,0.3,1013.7,29.3,29.9,0.3,0.3,0.3,3.0,3.0,3.0,1013.5,1013.5,1013.2,0.3,0.0,0.3,0.0,3.0,0.0,3.0,0.0,0.5,0.20000000000004547,-0.9396926207859084,-0.34202014332566855,1.2246467991473532e-16,-1.0,0.3,3.0
2026-07-29 12:50:00,260.0,3.0,0.3,1013.9,29.4,30.0,0.3,0.3,0.3,3.0,3.0,3.0,1013.8,1013.7,1013.5,0.3,0.0,0.3,0.0,2.6666666666666665,0.5773502691896257,2.8333333333333335,0.408248290463863,0.39999999999997726,0.1999999999999318,-0.984807753012208,-0.17364817766693033,1.2246467991473532e-16,-1.0,0.3,3.0
2026-07-29 13:20:00,280.0,3.0,0.3,1014.2,29.5,30.0,0.3,0.3,0.3,3.0,3.0,3.0,1014.1,1013.9,1013.7,0.3,0.0,0.3,0.0,3.0,0.0,2.8333333333333335,0.408248290463863,0.5,0.3000000000000682,-0.9848077530122081,0.17364817766692997,-0.2588190451025208,-0.9659258262890683,0.3,3.0
2026-07-29 14:50:00,300.0,4.0,0.3,1014.9,29.5,30.0,0.3,0.3,0.3,4.0,4.0,3.0,1014.9,1014.8,1014.6,0.3,0.0,0.3,0.0,4.0,0.0,4.0,0.0,0.2999999999999545,0.10000000000002274,-0.8660254037844386,0.5000000000000001,-0.4999999999999997,-0.8660254037844388,0.3,4.0
2026-07-29 15:20:00,300.0,4.0,0.3,1015.1,29.6,30.0,0.3,0.3,0.3,4.0,4.0,4.0,1015.0,1014.9,1014.8,0.3,0.0,0.3,0.0,4.0,0.0,4.0,0.0,0.3000000000000682,0.20000000000004547,-0.8660254037844386,0.5000000000000001,-0.7071067811865471,-0.7071067811865479,0.3,4.0
2026-07-29 17:20:00,330.0,4.0,0.3,1015.7,29.8,30.3,0.3,0.3,0.3,4.0,3.0,3.0,1015.6,1015.5,1015.5,0.3,0.0,0.3,0.0,3.6666666666666665,0.5773502691896257,3.5,0.5477225575051664,0.20000000000004547,0.20000000000004547,-0.5000000000000004,0.8660254037844384,-0.9659258262890683,-0.25881904510252063,0.3,3.0
2026-07-29 18:20:00,310.0,3.0,0.3,1015.4,29.8,30.3,0.3,0.3,0.3,3.0,3.0,4.0,1015.5,1015.6,1015.7,0.3,0.0,0.3,0.0,3.0,0.0,3.0,0.0,-0.3000000000000682,-0.20000000000004547,-0.7660444431189781,0.6427876096865393,-1.0,-1.8369701987210297e-16,0.3,2.0
2026-07-29 19:20:00,310.0,2.0,0.3,1015.0,29.9,30.4,0.3,0.3,0.3,2.0,2.0,3.0,1015.1,1015.1,1015.4,0.3,0.0,0.3,0.0,2.0,0.0,2.0,0.0,-0.39999999999997726,-0.10000000000002274,-0.7660444431189781,0.6427876096865393,-0.9659258262890684,0.2588190451025203,0.3,2.0
2026-07-29 20:20:00,310.0,2.0,0.3,1014.8,30.1,30.4,0.3,0.3,0.3,2.0,2.0,2.0,1014.8,1014.8,1015.0,0.3,0.0,0.3,0.0,2.0,0.0,2.0,0.0,-0.20000000000004547,0.0,-0.7660444431189781,0.6427876096865393,-0.8660254037844386,0.5000000000000001,0.2,2.0
2026-07-30 01:20:00,,0.0,0.2,1014.4,29.8,30.4,0.2,0.2,0.3,0.0,1.0,1.0,1014.4,1014.3,1014.3,0.2,0.0,0.2,0.0,0.3333333333333333,0.5773502691896258,0.8333333333333334,0.752772652709081,0.10000000000002274,0.10000000000002274,,,0.25881904510252074,0.9659258262890683,0.3,0.0
2026-07-30 02:20:00,,0.0,0.2,1014.5,29.7,30.7,0.2,0.3,0.2,0.0,0.0,0.0,1014.3,1014.4,1014.4,0.2,0.0,0.2333333333333333,0.05773502691896256,0.0,0.0,0.16666666666666666,0.40824829046386313,0.10000000000002274,0.10000000000002274,,,0.49999999999999994,0.8660254037844387,0.2,1.0
2026-07-30 03:20:00,150.0,1.0,0.3,1015.1,29.6,30.6,0.3,0.2,0.2,1.0,1.0,0.0,1014.9,1014.8,1014.5,0.3,0.0,0.26666666666666666,0.05773502691896256,1.0,0.0,1.0,0.0,0.6000000000000227,0.3000000000000682,0.49999999999999994,-0.8660254037844387,0.7071067811865476,0.7071067811865476,0.3,1.0
2026-07-30 04:20:00,,0.0,0.3,1015.6,29.6,30.6,0.3,0.3,0.3,0.0,1.0,1.0,1015.4,1015.3,1015.1,0.3,0.0,0.3,0.0,0.0,0.0,0.5,0.5477225575051662,0.5,0.3000000000000682,,,0.8660254037844386,0.5000000000000001,0.3,0.0
2026-07-30 05:20:00,150.0,1.0,0.3,1015.5,29.5,,0.3,0.3,0.3,1.0,0.0,0.0,1015.5,1015.6,1015.6,0.3,0.0,0.3,0.0,1.0,0.0,0.5,0.5477225575051662,-0.10000000000002274,-0.10000000000002274,0.49999999999999994,-0.8660254037844387,0.9659258262890683,0.25881904510252074,0.3,2.0
2026-07-30 06:20:00,160.0,2.0,0.3,1015.0,29.4,30.4,0.3,0.3,0.3,1.0,2.0,1.0,1015.1,1015.2,1015.5,0.3,0.0,0.3,0.0,1.3333333333333333,0.5773502691896258,1.3333333333333333,0.5163977794943222,-0.5,-0.20000000000004547,0.3420201433256689,-0.9396926207859083,1.0,6.123233995736766e-17,0.3,2.0
2026-07-30 06:50:00,160.0,2.0,0.3,1014.8,29.3,30.4,0.3,0.3,0.3,2.0,2.0,2.0,1014.7,1015.0,1015.2,0.3,0.0,0.3,0.0,2.0,0.0,1.6666666666666667,0.5163977794943222,-0.40000000000009095,-0.20000000000004547,0.3420201433256689,-0.9396926207859083,1.0,6.123233995736766e-17,0.3,2.0
2026-07-30 07:20:00,170.0,2.0,0.3,1014.6,29.3,30.5,0.3,0.3,0.3,3.0,2.0,2.0,1014.7,1014.8,1015.0,0.3,0.0,0.3,0.0,2.3333333333333335,0.5773502691896257,2.1666666666666665,0.408248290463863,-0.39999999999997726,-0.1999999999999318,0.17364817766693028,-0.984807753012208,0.9659258262890683,-0.25881904510252063,0.3,2.0
2026-07-30 08:20:00,190.0,2.0,0.3,1014.2,29.2,30.3,0.3,0.3,0.3,2.0,2.0,2.0,1014.3,1014.6,1014.6,0.3,0.0,0.3,0.0,2.0,0.0,2.0,0.0,-0.39999999999997726,-0.39999999999997726,-0.17364817766693047,-0.984807753012208,0.8660254037844387,-0.4999999999999998,0.3,1.0
2026-07-30 09:20:00,190.0,2.0,0.3,1014.4,29.2,30.3,0.3,0.3,0.3,1.0,1.0,2.0,1014.3,1014.3,1014.2,0.3,0.0,0.3,0.0,1.3333333333333333,0.5773502691896258,1.3333333333333333,0.5163977794943222,0.1999999999999318,0.10000000000002274,-0.17364817766693047,-0.984807753012208,0.7071067811865476,-0.7071067811865475,0.3,2.0
2026-07-30 09:50:00,190.0,2.0,0.3,1014.3,29.2,30.3,0.3,0.3,0.3,2.0,2.0,1.0,1014.3,1014.4,1014.3,0.3,0.0,0.3,0.0,2.0,0.0,1.6666666666666667,0.5163977794943222,0.0,-0.10000000000002274,-0.17364817766693047,-0.984807753012208,0.7071067811865476,-0.7071067811865475,0.3,3.0
2026-07-30 10:20:00,170.0,3.0,0.3,1014.4,29.2,30.2,0.3,0.3,0.3,2.0,2.0,2.0,1014.3,1014.3,1014.4,0.3,0.0,0.3,0.0,2.3333333333333335,0.5773502691896257,2.1666666666666665,0.408248290463863,0.0,0.10000000000002274,0.17364817766693028,-0.984807753012208,0.49999999999999994,-0.8660254037844387,0.3,2.0
2026-07-30 11:20:00,160.0,1.0,0.3,1015.1,29.1,30.2,0.3,0.3,0.3,1.0,2.0,3.0,1015.0,1014.7,1014.4,0.3,0.0,0.3,0.0,1.3333333333333333,0.5773502691896258,1.8333333333333333,0.7527726527090807,0.7000000000000455,0.39999999999997726,0.3420201433256689,-0.9396926207859083,0.258819045102521,-0.9659258262890682,0.3,2.0
2026-07-30 12:20:00,150.0,1.0,0.3,1015.7,29.5,30.2,0.3,0.3,0.3,1.0,2.0,1.0,1015.6,1015.4,1015.1,0.3,0.0,0.3,0.0,1.0,0.0,1.1666666666666667,0.4082482904638614,0.6000000000000227,0.3000000000000682,0.49999999999999994,-0.8660254037844387,1.2246467991473532e-16,-1.0,0.3,1.0
2026-07-30 13:20:00,,0.0,0.3,1016.5,30.4,30.2,0.3,0.3,0.3,0.0,1.0,1.0,1016.2,1016.0,1015.7,0.3,0.0,0.3,0.0,0.0,0.0,0.5,0.5477225575051662,0.7999999999999545,0.5,,,-0.2588190451025208,-0.9659258262890683,0.3,1.0
2026-07-30 14:20:00,150.0,2.0,0.3,1017.0,29.7,30.2,0.3,0.3,0.3,2.0,1.0,0.0,1016.8,1016.6,1016.5,0.3,0.0,0.3,0.0,2.0,0.0,1.5,0.5477225575051661,0.5,0.39999999999997726,0.49999999999999994,-0.8660254037844387,-0.4999999999999997,-0.8660254037844388,0.3,1.0
2026-07-30 16:20:00,170.0,1.0,0.2,1017.5,30.2,30.4,0.2,0.2,0.3,1.0,2.0,2.0,1017.5,1017.6,1017.6,0.2,0.0,0.2,0.0,1.0,0.0,1.1666666666666667,0.40824829046386285,-0.10000000000002274,-0.10000000000002274,0.17364817766693028,-0.984807753012208,-0.8660254037844385,-0.5000000000000004,0.3,1.0
2026-07-30 17:20:00,180.0,2.0,0.3,1017.6,30.0,30.5,0.3,0.3,0.2,2.0,1.0,1.0,1017.6,1017.5,1017.5,0.3,0.0,0.3,0.0,1.6666666666666667,0.5773502691896258,1.3333333333333333,0.5163977794943222,0.10000000000002274,0.10000000000002274,1.2246467991473532e-16,-1.0,-0.9659258262890683,-0.25881904510252063,0.3,2.0
2026-07-30 18:20:00,170.0,1.0,0.3,1017.5,30.1,30.1,0.3,0.3,0.3,2.0,2.0,2.0,1017.4,1017.4,1017.6,0.3,0.0,0.3,0.0,1.3333333333333333,0.5773502691896258,1.6666666666666667,0.5163977794943222,-0.10000000000002274,0.10000000000002274,0.17364817766693028,-0.984807753012208,-1.0,-1.8369701987210297e-16,0.3,2.0
2026-07-30 19:20:00,190.0,2.0,0.4,1017.0,30.2,30.2,0.4,0.3,0.3,2.0,2.0,1.0,1017.2,1017.4,1017.5,0.4,0.0,0.3666666666666667,0.05773502691896262,2.0,0.0,2.0,0.0,-0.5,-0.39999999999997726,-0.17364817766693047,-0.984807753012208,-0.9659258262890684,0.2588190451025203,0.4,2.0
2026-07-30 20:20:00,210.0,1.0,0.4,1016.4,30.5,30.2,0.4,0.4,0.4,1.0,2.0,2.0,1016.5,1016.7,1017.0,0.4,0.0,0.4,0.0,1.0,0.0,1.5,0.5477225575051661,-0.6000000000000227,-0.3000000000000682,-0.5000000000000001,-0.8660254037844386,-0.8660254037844386,0.5000000000000001,0.4,1.0
2026-07-30 21:50:00,230.0,1.0,0.3,1015.7,31.0,30.2,0.3,0.4,0.4,1.0,1.0,1.0,1015.7,1015.8,1016.2,0.3,0.0,0.3333333333333333,0.05773502691896262,0.6666666666666666,0.5773502691896258,1.0,0.6324555320336759,-0.5,-0.09999999999990905,-0.7660444431189779,-0.6427876096865395,-0.7071067811865477,0.7071067811865474,0.4,0.0
2026-07-30 22:20:00,,0.0,0.4,1015.6,31.4,30.2,0.4,0.3,0.4,1.0,1.0,1.0,1015.4,1015.7,1015.8,0.4,0.0,0.35,0.0577350269189626,0.3333333333333333,0.5773502691896258,0.5,0.5477225575051663,-0.1999999999999318,-0.10000000000002274,,,-0.5000000000000004,0.8660254037844384,0.3,1.0
2026-07-31 00:20:00,150.0,2.0,0.3,1016.0,30.4,30.8,0.3,0.3,0.3,3.0,2.0,1.0,1015.8,1015.7,1015.6,0.3,0.0,0.3,0.0,2.6666666666666665,0.5773502691896257,2.3333333333333335,0.5163977794943221,0.39999999999997726,0.2999999999999545,0.49999999999999994,-0.8660254037844387,0.0,1.0,0.3,4.0
2026-07-31 00:50:00,180.0,4.0,0.3,1016.2,30.4,31.1,0.3,0.3,0.3,3.0,2.0,2.0,1016.1,1016.0,1015.7,0.3,0.0,0.3,0.0,3.3333333333333335,0.5773502691896257,3.0,0.632455532033676,0.5,0.20000000000004547,1.2246467991473532e-16,-1.0,0.0,1.0,0.3,5.0
2026-07-31 01:20:00,160.0,5.0,0.3,1016.4,30.2,31.1,0.3,0.3,0.3,4.0,4.0,2.0,1016.2,1016.2,1016.0,0.3,0.0,0.3,0.0,4.0,0.9999999999999999,3.6666666666666665,0.8164965809277263,0.39999999999997726,0.1999999999999318,0.3420201433256689,-0.9396926207859083,0.25881904510252074,0.9659258262890683,0.3,4.0
2026-07-31 02:20:00,200.0,4.0,0.3,1016.5,30.2,31.1,0.3,0.3,0.3,4.0,4.0,5.0,1016.5,1016.5,1016.4,0.3,0.0,0.3,0.0,4.0,0.0,4.333333333333333,0.5163977794943223,0.10000000000002274,0.0,-0.34202014332566866,-0.9396926207859084,0.49999999999999994,0.8660254037844387,0.3,3.0
2026-07-31 03:20:00,210.0,3.0,0.3,1017.1,30.1,30.9,0.3,0.3,0.3,3.0,3.0,4.0,1017.1,1016.9,1016.5,0.3,0.0,0.3,0.0,3.0,0.0,3.3333333333333335,0.5163977794943226,0.6000000000000227,0.20000000000004547,-0.5000000000000001,-0.8660254037844386,0.7071067811865476,0.7071067811865476,0.3,3.0
2026-07-31 05:20:00,190.0,2.0,0.3,1017.1,30.0,30.7,0.3,0.3,0.3,2.0,1.0,2.0,1017.1,1017.3,1017.5,0.3,0.0,0.3,0.0,2.0,0.0,1.8333333333333333,0.408248290463863,-0.39999999999997726,-0.1999999999999318,-0.17364817766693047,-0.984807753012208,0.9659258262890683,0.25881904510252074,0.3,2.0
2026-07-31 06:20:00,190.0,2.0,0.3,1016.8,29.8,30.5,0.3,0.3,0.3,1.0,2.0,2.0,1016.9,1017.0,1017.1,0.3,0.0,0.3,0.0,1.6666666666666667,0.5773502691896258,1.8333333333333333,0.408248290463863,-0.3000000000000682,-0.20000000000004547,-0.17364817766693047,-0.984807753012208,1.0,6.123233995736766e-17,0.3,4.0
2026-07-31 07:20:00,190.0,4.0,0.3,1016.5,29.7,30.1,0.3,0.3,0.3,3.0,4.0,2.0,1016.6,1016.8,1016.8,0.3,0.0,0.3,0.0,3.6666666666666665,0.5773502691896257,3.3333333333333335,0.8164965809277271,-0.2999999999999545,-0.2999999999999545,-0.17364817766693047,-0.984807753012208,0.9659258262890683,-0.25881904510252063,0.3,4.0
2026-07-31 08:20:00,190.0,4.0,0.4,1016.4,29.7,30.4,0.4,0.3,0.3,4.0,4.0,4.0,1016.3,1016.4,1016.5,0.4,0.0,0.3666666666666667,0.05773502691896262,4.0,0.0,4.0,0.0,-0.10000000000002274,0.0,-0.17364817766693047,-0.984807753012208,0.8660254037844387,-0.4999999999999998,0.4,3.0
2026-07-31 09:20:00,200.0,3.0,0.4,1016.4,29.6,30.4,0.4,0.4,0.4,3.0,3.0,4.0,1016.4,1016.4,1016.4,0.4,0.0,0.4,0.0,3.0,0.0,3.0,0.0,0.0,0.0,-0.34202014332566866,-0.9396926207859084,0.7071067811865476,-0.7071067811865475,0.4,3.0
2026-07-31 10:20:00,200.0,3.0,0.4,1016.7,29.6,30.4,0.4,0.4,0.4,3.0,3.0,3.0,1016.6,1016.5,1016.4,0.4,0.0,0.4,0.0,3.0,0.0,3.0,0.0,0.3000000000000682,0.20000000000004547,-0.34202014332566866,-0.9396926207859084,0.49999999999999994,-0.8660254037844387,0.4,2.0
2026-07-31 11:20:00,200.0,2.0,0.5,1017.1,29.6,30.4,0.5,0.4,0.4,2.0,2.0,3.0,1016.8,1016.8,1016.7,0.5,0.0,0.4666666666666666,0.05773502691896256,2.0,0.0,2.0,0.0,0.39999999999997726,0.3000000000000682,-0.34202014332566866,-0.9396926207859084,0.258819045102521,-0.9659258262890682,0.4,2.0
2026-07-31 12:20:00,200.0,2.0,0.4,1017.3,29.9,30.5,0.4,0.4,0.5,2.0,2.0,2.0,1017.2,1017.1,1017.1,0.4,0.0,0.4,0.0,2.0,0.0,2.0,0.0,0.1999999999999318,0.1999999999999318,-0.34202014332566866,-0.9396926207859084,1.2246467991473532e-16,-1.0,0.4,1.0
2026-07-31 12:50:00,220.0,1.0,0.4,1017.6,30.4,30.5,0.4,0.4,0.4,2.0,2.0,2.0,1017.4,1017.3,1017.1,0.4,0.0,0.4,0.0,1.6666666666666667,0.5773502691896258,1.8333333333333333,0.408248290463863,0.5,0.3000000000000682,-0.6427876096865393,-0.766044443118978,1.2246467991473532e-16,-1.0,0.4,1.0
2026-07-31 13:20:00,180.0,1.0,0.4,1017.9,30.5,30.5,0.4,0.4,0.4,1.0,1.0,2.0,1017.8,1017.6,1017.3,0.4,0.0,0.4,0.0,1.0,0.0,1.3333333333333333,0.5163977794943222,0.6000000000000227,0.2999999999999545,1.2246467991473532e-16,-1.0,-0.2588190451025208,-0.9659258262890683,0.4,1.0
2026-07-31 13:50:00,210.0,1.0,0.4,1018.1,30.8,30.6,0.4,0.4,0.4,1.0,1.0,1.0,1018.1,1017.9,1017.6,0.4,0.0,0.4,0.0,1.0,0.0,1.0,0.0,0.5,0.20000000000004547,-0.5000000000000001,-0.8660254037844386,-0.2588190451025208,-0.9659258262890683,0.4,0.0
2026-07-31 14:20:00,,0.0,0.4,1018.4,30.7,30.5,0.4,0.4,0.4,2.0,1.0,1.0,1018.2,1018.1,1017.9,0.4,0.0,0.4,0.0,1.0,1.0,1.0,0.6324555320336759,0.5,0.2999999999999545,,,-0.4999999999999997,-0.8660254037844388,0.4,1.0
2026-07-31 15:20:00,170.0,1.0,0.4,1018.4,30.4,30.6,0.4,0.4,0.4,1.0,1.0,0.0,1018.5,1018.4,1018.4,0.4,0.0,0.4,0.0,1.0,0.0,1.0,0.0,0.0,0.0,0.17364817766693028,-0.984807753012208,-0.7071067811865471,-0.7071067811865479,0.3,1.0
2026-07-31 16:20:00,190.0,2.0,0.3,1018.6,30.3,30.6,0.3,0.3,0.4,2.0,1.0,1.0,1018.6,1018.7,1018.4,0.3,0.0,0.3,0.0,2.0,0.0,1.6666666666666667,0.5163977794943222,0.20000000000004547,-0.10000000000002274,-0.17364817766693047,-0.984807753012208,-0.8660254037844385,-0.5000000000000004,0.3,2.0
2026-07-31 17:20:00,180.0,3.0,0.3,1018.5,30.2,30.6,0.3,0.3,0.3,3.0,2.0,2.0,1018.5,1018.7,1018.6,0.3,0.0,0.3,0.0,2.6666666666666665,0.5773502691896257,2.3333333333333335,0.5163977794943223,-0.10000000000002274,-0.20000000000004547,1.2246467991473532e-16,-1.0,-0.9659258262890683,-0.25881904510252063,0.3,3.0
2026-07-31 17:50:00,190.0,3.0,0.3,1018.5,30.3,31.0,0.3,0.3,0.3,3.0,3.0,2.0,1018.4,1018.5,1018.7,0.3,0.0,0.3,0.0,3.0,0.0,2.8333333333333335,0.4082482904638636,-0.20000000000004547,0.0,-0.17364817766693047,-0.984807753012208,-0.9659258262890683,-0.25881904510252063,0.3,3.0
2026-07-31 18:20:00,170.0,3.0,0.3,1018.4,30.2,30.5,0.3,0.3,0.3,3.0,3.0,3.0,1018.4,1018.5,1018.5,0.3,0.0,0.3,0.0,3.0,0.0,3.0,0.0,-0.10000000000002274,-0.10000000000002274,0.17364817766693028,-0.984807753012208,-1.0,-1.8369701987210297e-16,0.3,4.0
2026-07-31 19:20:00,170.0,3.0,0.3,1017.9,30.3,30.4,0.3,0.3,0.3,3.0,4.0,3.0,1018.0,1018.1,1018.4,0.3,0.0,0.3,0.0,3.0,0.0,3.5,0.5477225575051664,-0.5,-0.20000000000004547,0.17364817766693028,-0.984807753012208,-0.9659258262890684,0.2588190451025203,0.3,3.0
2026-07-31 20:20:00,190.0,2.0,0.3,1017.7,30.5,30.8,0.3,0.3,0.3,2.0,3.0,3.0,1017.8,1017.8,1017.9,0.3,0.0,0.3,0.0,2.3333333333333335,0.5773502691896257,2.6666666666666665,0.5163977794943223,-0.1999999999999318,-0.09999999999990905,-0.17364817766693047,-0.984807753012208,-0.8660254037844386,0.5000000000000001,0.3,3.0
2026-07-31 20:50:00,190.0,3.0,0.3,1017.3,30.6,31.1,0.3,0.3,0.3,2.0,2.0,3.0,1017.4,1017.7,1017.8,0.3,0.0,0.3,0.0,2.3333333333333335,0.5773502691896257,2.3333333333333335,0.5163977794943226,-0.5,-0.40000000000009095,-0.17364817766693047,-0.984807753012208,-0.8660254037844386,0.5000000000000001,0.3,2.0
2026-07-31 21:20:00,180.0,2.0,0.3,1017.0,30.7,31.1,0.3,0.3,0.3,2.0,3.0,2.0,1017.0,1017.3,1017.7,0.3,0.0,0.3,0.0,2.0,0.0,2.1666666666666665,0.4082482904638636,-0.7000000000000455,-0.2999999999999545,1.2246467991473532e-16,-1.0,-0.7071067811865477,0.7071067811865474,0.2,3.0
2026-07-31 22:20:00,190.0,3.0,0.2,1016.5,30.6,31.0,0.2,0.2,0.3,3.0,3.0,2.0,1016.6,1016.9,1017.0,0.2,0.0,0.2,0.0,3.0,0.0,2.6666666666666665,0.5163977794943226,-0.5,-0.39999999999997726,-0.17364817766693047,-0.984807753012208,-0.5000000000000004,0.8660254037844384,0.3,3.0
2026-08-01 00:20:00,180.0,2.0,0.3,1016.1,30.5,30.4,0.3,0.3,0.3,2.0,3.0,3.0,1016.1,1016.0,1016.4,0.3,0.0,0.3,0.0,2.0,0.0,2.5,0.5477225575051664,-0.2999999999999545,0.10000000000002274,1.2246467991473532e-16,-1.0,0.0,1.0,0.3,2.0
2026-08-01 00:50:00,160.0,2.0,0.3,1016.2,30.2,30.9,0.3,0.3,0.3,2.0,2.0,3.0,1016.2,1016.1,1016.0,0.3,0.0,0.3,0.0,2.0,0.0,2.0,0.0,0.20000000000004547,0.10000000000002274,0.3420201433256689,-0.9396926207859083,0.0,1.0,0.3,3.0
2026-08-01 01:20:00,180.0,3.0,0.3,1016.2,30.2,30.9,0.3,0.3,0.3,3.0,2.0,2.0,1016.2,1016.2,1016.1,0.3,0.0,0.3,0.0,3.0,0.0,2.5,0.5477225575051664,0.10000000000002274,0.0,1.2246467991473532e-16,-1.0,0.25881904510252074,0.9659258262890683,0.3,3.0
2026-08-01 02:50:00,180.0,2.0,0.3,1017.0,30.2,30.8,0.3,0.3,0.3,2.0,2.0,3.0,1016.9,1016.7,1016.4,0.3,0.0,0.3,0.0,2.0,0.0,2.0,0.0,0.6000000000000227,0.2999999999999545,1.2246467991473532e-16,-1.0,0.49999999999999994,0.8660254037844387,0.3,2.0
2026-08-01 04:20:00,170.0,3.0,0.3,1017.3,30.1,30.7,0.3,0.3,0.3,3.0,3.0,2.0,1017.4,1017.5,1017.3,0.3,0.0,0.3,0.0,3.0,0.0,2.8333333333333335,0.4082482904638636,0.0,-0.20000000000004547,0.17364817766693028,-0.984807753012208,0.8660254037844386,0.5000000000000001,0.3,4.0
2026-08-01 05:20:00,160.0,4.0,0.3,1016.8,30.0,,0.3,0.3,0.3,4.0,4.0,3.0,1016.8,1016.9,1017.3,0.3,0.0,0.3,0.0,4.0,0.0,3.8333333333333335,0.4082482904638636,-0.5,-0.10000000000002274,0.3420201433256689,-0.9396926207859083,0.9659258262890683,0.25881904510252074,0.3,5.0
2026-08-01 05:50:00,170.0,5.0,0.3,1016.3,30.0,30.5,0.3,0.3,0.3,5.0,4.0,4.0,1016.4,1016.8,1016.9,0.3,0.0,0.3,0.0,5.0,0.0,4.5,0.5477225575051659,-0.6000000000000227,-0.5,0.17364817766693028,-0.984807753012208,0.9659258262890683,0.25881904510252074,0.3,5.0
2026-08-01 06:20:00,170.0,5.0,0.3,1015.9,30.0,30.5,0.3,0.3,0.3,5.0,5.0,4.0,1016.0,1016.3,1016.8,0.3,0.0,0.3,0.0,5.0,0.0,5.0,0.0,-0.8999999999999773,-0.39999999999997726,0.17364817766693028,-0.984807753012208,1.0,6.123233995736766e-17,0.3,5.0
2026-08-01 06:50:00,180.0,5.0,0.3,1015.7,30.0,30.5,0.3,0.3,0.3,5.0,5.0,5.0,1015.7,1015.9,1016.3,0.3,0.0,0.3,0.0,5.0,0.0,5.0,0.0,-0.599999999999909,-0.1999999999999318,1.2246467991473532e-16,-1.0,1.0,6.123233995736766e-17,0.3,5.0
2026-08-01 07:20:00,180.0,5.0,0.3,1015.6,30.0,30.5,0.3,0.3,0.3,5.0,5.0,5.0,1015.7,1015.7,1015.9,0.3,0.0,0.3,0.0,5.0,0.0,5.0,0.0,-0.2999999999999545,-0.10000000000002274,1.2246467991473532e-16,-1.0,0.9659258262890683,-0.25881904510252063,0.4,5.0
2026-08-01 08:50:00,180.0,5.0,0.4,1014.9,29.9,30.4,0.4,0.4,0.4,5.0,5.0,5.0,1014.9,1014.9,1015.2,0.4,0.0,0.4,0.0,5.0,0.0,4.833333333333333,0.40824829046386296,-0.3000000000000682,0.0,1.2246467991473532e-16,-1.0,0.8660254037844387,-0.4999999999999998,0.4,4.0
2026-08-01 09:20:00,180.0,4.0,0.4,1014.8,29.9,30.4,0.4,0.4,0.4,5.0,5.0,5.0,1014.9,1014.9,1014.9,0.4,0.0,0.4,0.0,4.666666666666667,0.5773502691896258,4.833333333333333,0.40824829046386296,-0.10000000000002274,-0.10000000000002274,1.2246467991473532e-16,-1.0,0.7071067811865476,-0.7071067811865475,0.4,5.0
2026-08-01 10:20:00,200.0,5.0,0.4,1014.7,29.8,30.5,0.4,0.4,0.4,5.0,5.0,4.0,1014.8,1014.7,1014.8,0.4,0.0,0.4,0.0,4.666666666666667,0.5773502691896258,4.666666666666667,0.5163977794943221,-0.09999999999990905,0.0,-0.34202014332566866,-0.9396926207859084,0.49999999999999994,-0.8660254037844387,0.4,5.0
2026-08-01 10:50:00,190.0,5.0,0.4,1015.0,29.8,30.5,0.4,0.4,0.4,5.0,5.0,5.0,1014.9,1014.7,1014.7,0.4,0.0,0.4,0.0,5.0,0.0,4.833333333333333,0.4082482904638632,0.2999999999999545,0.2999999999999545,-0.17364817766693047,-0.984807753012208,0.49999999999999994,-0.8660254037844387,0.4,5.0
2026-08-01 12:20:00,210.0,5.0,0.4,1016.1,29.9,30.5,0.4,,0.4,5.0,5.0,5.0,1015.9,1015.7,1015.4,0.4,0.0,0.4,0.0,5.0,0.0,5.0,0.0,0.7000000000000455,0.39999999999997726,-0.5000000000000001,-0.8660254037844386,1.2246467991473532e-16,-1.0,0.4,5.0
2026-08-01 13:20:00,210.0,5.0,0.4,1016.2,30.1,30.5,0.4,0.4,0.4,5.0,5.0,5.0,1016.2,1016.3,1016.1,0.4,0.0,0.4,0.0,5.0,0.0,5.0,0.0,0.10000000000002274,-0.09999999999990905,-0.5000000000000001,-0.8660254037844386,-0.2588190451025208,-0.9659258262890683,0.4,5.0
2026-08-01 14:20:00,210.0,6.0,0.4,1016.2,30.1,30.6,0.4,0.4,0.4,5.0,5.0,5.0,1016.2,1016.2,1016.2,0.4,0.0,0.4,0.0,5.333333333333333,0.5773502691896258,5.166666666666667,0.40824829046386296,0.0,0.0,-0.5000000000000001,-0.8660254037844386,-0.4999999999999997,-0.8660254037844388,0.4,6.0
2026-08-01 18:20:00,220.0,5.0,0.4,1015.1,30.4,30.8,0.4,0.4,0.4,5.0,6.0,6.0,1015.2,1015.2,1015.5,0.4,0.0,0.4,0.0,5.0,0.0,5.5,0.5477225575051659,-0.39999999999997726,-0.10000000000002274,-0.6427876096865393,-0.766044443118978,-1.0,-1.8369701987210297e-16,0.5,6.0
2026-08-01 20:20:00,240.0,5.0,0.5,1014.3,30.7,30.8,0.5,0.4,0.4,5.0,5.0,5.0,1014.4,1014.8,1014.7,0.5,0.0,0.4666666666666666,0.05773502691896256,5.0,0.0,5.333333333333333,0.5163977794943221,-0.40000000000009095,-0.5,-0.8660254037844385,-0.5000000000000004,-0.8660254037844386,0.5000000000000001,0.4,5.0
2026-08-01 22:20:00,240.0,4.0,0.4,1013.5,30.8,30.8,0.4,0.4,0.4,3.0,4.0,4.0,1013.5,1013.8,1014.0,0.4,0.0,0.4,0.0,3.6666666666666665,0.5773502691896257,3.8333333333333335,0.408248290463863,-0.5,-0.2999999999999545,-0.8660254037844385,-0.5000000000000004,-0.5000000000000004,0.8660254037844384,0.4,3.0
2026-08-01 22:50:00,250.0,3.0,0.4,1013.2,30.7,30.8,0.4,0.4,0.4,4.0,4.0,4.0,1013.2,1013.5,1013.8,0.4,0.0,0.4,0.0,3.6666666666666665,0.5773502691896257,3.6666666666666665,0.5163977794943223,-0.599999999999909,-0.2999999999999545,-0.9396926207859084,-0.34202014332566855,-0.5000000000000004,0.8660254037844384,0.4,3.0
2026-08-02 00:20:00,240.0,4.0,0.4,1013.0,30.4,30.7,0.4,0.4,0.4,4.0,4.0,3.0,1013.0,1013.0,1013.0,0.4,0.0,0.4,0.0,4.0,0.0,3.6666666666666665,0.5163977794943226,0.0,0.0,-0.8660254037844385,-0.5000000000000004,0.0,1.0,0.4,3.0
2026-08-02 01:20:00,230.0,3.0,0.4,1013.2,30.4,30.7,0.4,0.4,0.4,3.0,3.0,4.0,1013.3,1013.2,1013.0,0.4,0.0,0.4,0.0,3.0,0.0,3.0,0.0,0.20000000000004547,0.0,-0.7660444431189779,-0.6427876096865395,0.25881904510252074,0.9659258262890683,0.4,2.0
2026-08-02 02:20:00,200.0,2.0,0.3,1013.2,30.3,30.6,0.3,0.4,0.4,2.0,2.0,3.0,1013.3,1013.2,1013.2,0.3,0.0,0.3333333333333333,0.05773502691896262,2.0,0.0,2.3333333333333335,0.5163977794943226,0.0,0.0,-0.34202014332566866,-0.9396926207859084,0.49999999999999994,0.8660254037844387,0.4,3.0
2026-08-02 02:50:00,190.0,3.0,0.4,1013.2,30.3,30.6,0.4,0.3,0.4,3.0,2.0,2.0,1013.2,1013.2,1013.2,0.4,0.0,0.35,0.0577350269189626,3.0,0.0,2.5,0.5477225575051664,0.0,0.0,-0.17364817766693047,-0.984807753012208,0.49999999999999994,0.8660254037844387,0.4,4.0
2026-08-02 03:20:00,190.0,4.0,0.4,1013.3,30.3,30.6,0.4,0.4,0.3,3.0,3.0,2.0,1013.2,1013.2,1013.2,0.4,0.0,0.4,0.0,3.6666666666666665,0.5773502691896257,3.3333333333333335,0.5163977794943212,0.09999999999990905,0.09999999999990905,-0.17364817766693047,-0.984807753012208,0.7071067811865476,0.7071067811865476,0.4,4.0
2026-08-02 04:20:00,190.0,5.0,0.4,1013.2,30.3,30.5,0.4,0.4,0.4,4.0,4.0,4.0,1013.2,1013.2,1013.3,0.4,0.0,0.4,0.0,4.333333333333333,0.5773502691896258,4.166666666666667,0.40824829046386296,-0.09999999999990905,0.0,-0.17364817766693047,-0.984807753012208,0.8660254037844386,0.5000000000000001,0.4,4.0
2026-08-02 05:20:00,200.0,4.0,0.4,1013.2,30.3,30.6,0.4,0.4,0.4,4.0,4.0,5.0,1013.2,1013.1,1013.2,0.4,0.0,0.4,0.0,4.0,0.0,4.0,0.0,0.0,0.10000000000002274,-0.34202014332566866,-0.9396926207859084,0.9659258262890683,0.25881904510252074,0.4,5.0
2026-08-02 06:20:00,220.0,6.0,0.4,1012.9,30.3,30.5,0.4,0.4,0.4,6.0,5.0,4.0,1012.9,1013.0,1013.2,0.4,0.0,0.4,0.0,6.0,0.0,5.333333333333333,0.8164965809277251,-0.3000000000000682,-0.10000000000002274,-0.6427876096865393,-0.766044443118978,1.0,6.123233995736766e-17,0.4,6.0
2026-08-02 07:20:00,220.0,6.0,0.4,1012.4,30.2,,0.4,0.4,0.4,6.0,6.0,6.0,1012.7,1012.7,1012.9,0.4,0.0,0.4,0.0,6.0,0.0,6.0,0.0,-0.5,-0.3000000000000682,-0.6427876096865393,-0.766044443118978,0.9659258262890683,-0.25881904510252063,0.4,6.0
2026-08-02 09:20:00,230.0,7.0,0.5,1012.2,30.1,30.4,0.5,0.5,0.4,7.0,5.0,6.0,1012.2,1012.1,1012.2,0.5,0.0,0.5,0.0,7.0,0.0,6.333333333333333,0.8164965809277259,0.0,0.10000000000002274,-0.7660444431189779,-0.6427876096865395,0.7071067811865476,-0.7071067811865475,0.5,8.0
2026-08-02 10:20:00,240.0,7.0,0.6,1012.3,30.2,30.5,0.6,0.5,0.5,8.0,8.0,7.0,1012.2,1012.2,1012.2,0.6,0.0,0.5666666666666667,0.05773502691896255,7.666666666666667,0.5773502691896258,7.5,0.5477225575051659,0.09999999999990905,0.09999999999990905,-0.8660254037844385,-0.5000000000000004,0.49999999999999994,-0.8660254037844387,0.7,8.0
2026-08-02 11:20:00,230.0,8.0,0.7,1012.3,30.2,30.6,0.7,0.7,0.6,8.0,8.0,7.0,1012.4,1012.1,1012.3,0.7,0.0,0.7,0.0,7.666666666666667,0.5773502691896258,7.666666666666667,0.5163977794943221,0.0,0.1999999999999318,-0.7660444431189779,-0.6427876096865395,0.258819045102521,-0.9659258262890682,0.7,8.0
2026-08-02 12:20:00,230.0,8.0,0.7,1012.6,30.2,30.6,0.7,0.7,0.7,8.0,8.0,8.0,1012.7,1012.4,1012.3,0.7,0.0,0.7,0.0,7.666666666666667,0.5773502691896258,7.833333333333333,0.40824829046386296,0.3000000000000682,0.20000000000004547,-0.7660444431189779,-0.6427876096865395,1.2246467991473532e-16,-1.0,0.8,8.0
2026-08-02 12:50:00,230.0,8.0,0.8,1013.0,30.2,30.6,0.8,0.7,0.7,8.0,8.0,8.0,1012.8,1012.6,1012.4,0.8,0.0,0.75,0.05773502691896264,8.0,0.0,7.833333333333333,0.40824829046386296,0.6000000000000227,0.39999999999997726,-0.7660444431189779,-0.6427876096865395,1.2246467991473532e-16,-1.0,0.8,7.0
2026-08-02 13:20:00,220.0,7.0,0.8,1013.2,30.3,30.6,0.8,0.8,0.7,7.0,8.0,8.0,1013.2,1013.0,1012.6,0.8,0.0,0.8,0.0,7.0,0.0,7.5,0.5477225575051659,0.6000000000000227,0.20000000000004547,-0.6427876096865393,-0.766044443118978,-0.2588190451025208,-0.9659258262890683,0.7,7.0
2026-08-02 14:20:00,230.0,6.0,0.8,1013.1,30.2,30.6,0.8,0.7,0.8,6.0,7.0,7.0,1013.2,1013.2,1013.2,0.8,0.0,0.7666666666666666,0.057735026918962644,6.0,0.0,6.5,0.5477225575051659,-0.10000000000002274,-0.10000000000002274,-0.7660444431189779,-0.6427876096865395,-0.4999999999999997,-0.8660254037844388,0.8,6.0
2026-08-02 14:50:00,220.0,6.0,0.8,1013.4,30.3,30.6,0.8,0.8,0.7,6.0,6.0,7.0,1013.4,1013.1,1013.2,0.8,0.0,0.8,0.0,6.0,0.0,6.0,0.0,0.1999999999999318,0.2999999999999545,-0.6427876096865393,-0.766044443118978,-0.4999999999999997,-0.8660254037844388,0.7,6.0
2026-08-02 15:20:00,210.0,6.0,0.7,1013.4,30.3,30.5,0.7,0.8,0.8,6.0,6.0,6.0,1013.5,1013.4,1013.1,0.7,0.0,0.75,0.05773502691896264,6.0,0.0,6.0,0.0,0.2999999999999545,0.0,-0.5000000000000001,-0.8660254037844386,-0.7071067811865471,-0.7071067811865479,0.8,7.0
2026-08-02 15:50:00,210.0,7.0,0.8,1013.4,30.3,30.4,0.8,0.7,0.8,7.0,6.0,6.0,1013.3,1013.4,1013.4,0.8,0.0,0.75,0.05773502691896264,6.666666666666667,0.5773502691896258,6.333333333333333,0.5163977794943221,0.0,0.0,-0.5000000000000001,-0.8660254037844386,-0.7071067811865471,-0.7071067811865479,0.7,6.0
2026-08-02 16:20:00,210.0,6.0,0.7,1013.8,30.3,30.4,0.7,0.8,0.7,7.0,7.0,6.0,1013.8,1013.4,1013.4,0.7,0.0,0.75,0.05773502691896264,6.666666666666667,0.5773502691896258,6.666666666666667,0.5163977794943221,0.39999999999997726,0.39999999999997726,-0.5000000000000001,-0.8660254037844386,-0.8660254037844385,-0.5000000000000004,0.7,7.0
2026-08-02 16:50:00,210.0,7.0,0.7,1013.8,30.4,30.3,0.7,0.7,0.8,6.0,6.0,7.0,1013.9,1013.8,1013.4,0.7,0.0,0.7,0.0,6.333333333333333,0.5773502691896258,6.5,0.5477225575051659,0.39999999999997726,0.0,-0.5000000000000001,-0.8660254037844386,-0.8660254037844385,-0.5000000000000004,0.7,6.0
2026-08-02 17:20:00,210.0,6.0,0.7,1013.8,30.4,30.3,0.7,0.7,0.7,7.0,7.0,6.0,1013.9,1013.8,1013.8,0.7,0.0,0.7,0.0,6.333333333333333,0.5773502691896258,6.333333333333333,0.5163977794943221,0.0,0.0,-0.5000000000000001,-0.8660254037844386,-0.9659258262890683,-0.25881904510252063,0.7,7.0
2026-08-02 18:20:00,210.0,7.0,0.7,1013.4,30.4,30.4,0.7,0.7,0.7,6.0,7.0,6.0,1013.5,1013.7,1013.8,0.7,0.0,0.7,0.0,6.666666666666667,0.5773502691896258,6.833333333333333,0.4082482904638632,-0.39999999999997726,-0.3000000000000682,-0.5000000000000001,-0.8660254037844386,-1.0,-1.8369701987210297e-16,0.7,7.0
2026-08-02 18:50:00,220.0,7.0,0.7,1013.3,30.5,30.4,0.7,0.7,0.7,7.0,7.0,7.0,1013.3,1013.4,1013.7,0.7,0.0,0.7,0.0,7.0,0.0,6.833333333333333,0.4082482904638632,-0.40000000000009095,-0.10000000000002274,-0.6427876096865393,-0.766044443118978,-1.0,-1.8369701987210297e-16,0.7,7.0
2026-08-02 19:20:00,220.0,7.0,0.7,1013.2,30.6,30.4,0.7,0.7,0.7,7.0,7.0,7.0,1013.2,1013.3,1013.4,0.7,0.0,0.7,0.0,7.0,0.0,7.0,0.0,-0.1999999999999318,-0.09999999999990905,-0.6427876096865393,-0.766044443118978,-0.9659258262890684,0.2588190451025203,0.8,7.0
2026-08-02 21:20:00,230.0,6.0,0.8,1012.6,30.7,30.6,0.8,0.7,0.7,6.0,6.0,7.0,1012.6,1012.4,1012.5,0.8,0.0,0.7666666666666666,0.057735026918962644,6.0,0.0,6.333333333333333,0.5163977794943221,0.10000000000002274,0.20000000000004547,-0.7660444431189779,-0.6427876096865395,-0.7071067811865477,0.7071067811865474,0.8,6.0
2026-08-02 22:20:00,240.0,6.0,0.7,1012.8,30.7,30.7,0.7,0.8,0.8,6.0,6.0,6.0,1012.7,1012.5,1012.6,0.7,0.0,0.7333333333333334,0.057735026918962644,6.0,0.0,6.0,0.0,0.1999999999999318,0.2999999999999545,-0.8660254037844385,-0.5000000000000004,-0.5000000000000004,0.8660254037844384,0.7,6.0
2026-08-02 23:40:00,320.0,8.0,0.8,1013.0,27.9,30.7,0.7,0.7,0.7,7.0,6.0,6.0,1012.8,1012.8,1012.8,0.75,0.07071067811865482,0.7333333333333334,0.057735026918962644,7.333333333333333,0.5773502691896258,6.666666666666667,0.8164965809277258,0.20000000000004547,0.20000000000004547,-0.6427876096865396,0.7660444431189778,-0.25881904510252157,0.9659258262890681,0.7,3.0
2026-08-03 00:50:00,220.0,2.0,0.8,1011.5,28.6,30.7,0.8,0.7,0.8,1.0,2.0,5.0,1011.4,1012.4,1012.7,0.8,0.0,0.75,0.057735026918962644,1.3333333333333333,0.5773502691896258,2.0,0.8944271909999214,-1.2000000000000455,-0.8999999999999773,-0.6427876096865393,-0.766044443118978,0.0,1.0,0.8,3.0
2026-08-03 01:20:00,170.0,3.0,0.8,1011.1,28.8,30.7,0.8,0.8,0.7,3.0,2.0,2.0,1011.2,1011.5,1012.4,0.8,0.0,0.8,0.0,3.0,0.0,2.1666666666666665,0.98319208025018,-1.2999999999999545,-0.39999999999997726,0.17364817766693028,-0.984807753012208,0.25881904510252074,0.9659258262890683,0.8,4.0
2026-08-03 02:20:00,190.0,4.0,0.8,1011.5,29.2,30.6,0.8,0.8,0.8,4.0,4.0,3.0,1011.3,1011.3,1011.1,0.8,0.0,0.8,0.0,4.0,0.0,3.8333333333333335,0.40824829046387245,0.39999999999997726,0.20000000000004547,-0.17364817766693047,-0.984807753012208,0.49999999999999994,0.8660254037844387,0.7,4.0
2026-08-03 03:20:00,200.0,3.0,0.8,1012.2,29.7,30.6,0.8,0.7,0.8,4.0,4.0,4.0,1012.1,1011.9,1011.5,0.8,0.0,0.7666666666666666,0.057735026918962644,3.6666666666666665,0.5773502691896257,3.8333333333333335,0.408248290463863,0.7000000000000455,0.3000000000000682,-0.34202014332566866,-0.9396926207859084,0.7071067811865476,0.7071067811865476,0.7,3.0
2026-08-03 04:20:00,230.0,3.0,0.7,1013.0,30.0,30.6,0.7,0.7,0.8,3.0,3.0,3.0,1012.9,1012.6,1012.2,0.7,0.0,0.7,0.0,3.0,0.0,3.0,0.0,0.7999999999999545,0.39999999999997726,-0.7660444431189779,-0.6427876096865395,0.8660254037844386,0.5000000000000001,0.7,6.0
2026-08-03 05:20:00,230.0,5.0,0.6,1012.8,30.3,30.6,0.6,0.7,0.7,6.0,6.0,3.0,1012.9,1013.0,1013.0,0.6,0.0,0.6333333333333333,0.05773502691896255,5.666666666666667,0.5773502691896258,5.166666666666667,1.1690451944500124,-0.20000000000004547,-0.20000000000004547,-0.7660444431189779,-0.6427876096865395,0.9659258262890683,0.25881904510252074,0.7,6.0
2026-08-03 06:20:00,230.0,6.0,0.7,1012.7,30.2,30.6,0.7,0.7,0.6,5.0,6.0,5.0,1012.7,1012.7,1012.8,0.7,0.0,0.7,0.0,5.333333333333333,0.5773502691896258,5.5,0.547722557505167,-0.09999999999990905,0.0,-0.7660444431189779,-0.6427876096865395,1.0,6.123233995736766e-17,0.7,5.0
2026-08-03 07:20:00,230.0,5.0,0.8,1012.4,30.1,30.6,0.8,0.7,0.7,5.0,5.0,6.0,1012.4,1012.6,1012.7,0.8,0.0,0.7666666666666666,0.057735026918962644,5.0,0.0,5.166666666666667,0.4082482904638647,-0.3000000000000682,-0.20000000000004547,-0.7660444431189779,-0.6427876096865395,0.9659258262890683,-0.25881904510252063,0.7,5.0
2026-08-03 09:20:00,230.0,4.0,0.7,1012.2,30.1,30.5,0.7,0.8,0.7,5.0,4.0,5.0,1012.3,1012.2,1012.2,0.7,0.0,0.7333333333333334,0.05773502691896262,4.666666666666667,0.5773502691896258,4.5,0.5477225575051659,0.0,0.0,-0.7660444431189779,-0.6427876096865395,0.7071067811865476,-0.7071067811865475,0.7,4.0
2026-08-03 10:50:00,250.0,4.0,0.7,1012.5,30.1,30.5,0.7,0.7,0.7,4.0,4.0,4.0,1012.4,1012.4,1012.5,0.7,0.0,0.7,0.0,4.0,0.0,4.0,0.0,0.0,0.10000000000002274,-0.9396926207859084,-0.34202014332566855,0.49999999999999994,-0.8660254037844387,0.7,3.0
2026-08-03 11:20:00,250.0,3.0,0.7,1012.7,30.1,30.5,0.7,0.7,0.7,4.0,4.0,4.0,1012.7,1012.5,1012.4,0.7,0.0,0.7,0.0,3.6666666666666665,0.5773502691896257,3.8333333333333335,0.408248290463863,0.3000000000000682,0.20000000000004547,-0.9396926207859084,-0.34202014332566855,0.258819045102521,-0.9659258262890682,0.7,4.0
2026-08-03 12:20:00,260.0,3.0,0.6,1013.8,30.2,30.5,0.6,0.7,0.7,3.0,4.0,3.0,1013.7,1013.5,1012.7,0.6,0.0,0.6333333333333333,0.05773502691896255,3.0,0.0,3.1666666666666665,0.4082482904638636,1.099999999999909,0.2999999999999545,-0.984807753012208,-0.17364817766693033,1.2246467991473532e-16,-1.0,0.7,3.0
2026-08-03 13:20:00,250.0,5.0,0.6,1014.2,30.1,30.4,0.6,0.7,0.6,3.0,3.0,3.0,1014.1,1013.9,1013.8,0.6,0.0,0.6333333333333333,0.05773502691896256,3.6666666666666665,1.1547005383792517,3.5,0.8366600265340758,0.40000000000009095,0.3000000000000682,-0.9396926207859084,-0.34202014332566855,-0.2588190451025208,-0.9659258262890683,0.6,3.0
2026-08-03 17:20:00,220.0,5.0,0.6,1014.4,30.5,30.9,0.6,0.6,0.6,5.0,4.0,4.0,1014.4,1014.5,1014.6,0.6,0.0,0.6,0.0,5.0,0.0,4.5,0.5477225575051659,-0.20000000000004547,-0.10000000000002274,-0.6427876096865393,-0.766044443118978,-0.9659258262890683,-0.25881904510252063,0.6,5.0
2026-08-03 17:50:00,220.0,5.0,0.6,1014.4,30.4,30.9,0.6,0.6,0.6,5.0,5.0,4.0,1014.4,1014.4,1014.5,0.6,0.0,0.6,0.0,5.0,0.0,5.0,0.0,-0.10000000000002274,0.0,-0.6427876096865393,-0.766044443118978,-0.9659258262890683,-0.25881904510252063,0.6,5.0
2026-08-03 18:20:00,210.0,5.0,0.6,1014.2,30.5,31.0,0.6,0.6,0.6,5.0,5.0,5.0,1014.3,1014.4,1014.4,0.6,0.0,0.6,0.0,5.0,0.0,5.0,0.0,-0.1999999999999318,-0.1999999999999318,-0.5000000000000001,-0.8660254037844386,-1.0,-1.8369701987210297e-16,0.6,5.0
2026-08-03 19:20:00,210.0,5.0,0.5,1013.8,30.5,30.9,0.5,0.6,0.6,5.0,5.0,5.0,1013.8,1014.0,1014.2,0.5,0.0,0.5333333333333333,0.05773502691896258,5.0,0.0,5.0,0.0,-0.40000000000009095,-0.20000000000004547,-0.5000000000000001,-0.8660254037844386,-0.9659258262890684,0.2588190451025203,0.5,5.0
2026-08-03 20:20:00,210.0,5.0,0.5,1013.2,30.5,30.9,0.5,0.5,0.5,4.0,5.0,5.0,1013.4,1013.6,1013.8,0.5,0.0,0.5,0.0,4.666666666666667,0.5773502691896258,4.833333333333333,0.40824829046386296,-0.599999999999909,-0.39999999999997726,-0.5000000000000001,-0.8660254037844386,-0.8660254037844386,0.5000000000000001,0.5,5.0
2026-08-03 21:20:00,230.0,5.0,0.5,1013.1,30.5,30.9,0.5,0.5,0.5,5.0,5.0,5.0,1013.0,1013.1,1013.2,0.5,0.0,0.5,0.0,5.0,0.0,5.0,0.0,-0.10000000000002274,0.0,-0.7660444431189779,-0.6427876096865395,-0.7071067811865477,0.7071067811865474,0.5,4.0
2026-08-03 21:50:00,250.0,4.0,0.5,1013.2,30.7,30.9,0.5,0.5,0.5,4.0,5.0,5.0,1013.2,1013.1,1013.1,0.5,0.0,0.5,0.0,4.0,0.0,4.5,0.5477225575051659,0.10000000000002274,0.10000000000002274,-0.9396926207859084,-0.34202014332566855,-0.7071067811865477,0.7071067811865474,0.5,4.0
2026-08-03 22:20:00,280.0,4.0,0.5,1013.1,30.9,31.0,0.5,0.5,0.5,4.0,4.0,5.0,1013.2,1013.2,1013.1,0.5,0.0,0.5,0.0,4.0,0.0,4.0,0.0,0.0,-0.10000000000002274,-0.9848077530122081,0.17364817766692997,-0.5000000000000004,0.8660254037844384,0.4,4.0
2026-08-03 23:20:00,260.0,4.0,0.5,1012.7,30.4,31.1,0.5,0.4,0.5,4.0,4.0,4.0,1012.9,1013.1,1013.1,0.5,0.0,0.4666666666666666,0.05773502691896256,4.0,0.0,4.0,0.0,-0.39999999999997726,-0.39999999999997726,-0.984807753012208,-0.17364817766693033,-0.25881904510252157,0.9659258262890681,0.4,4.0
2026-08-04 00:20:00,240.0,3.0,0.4,1012.8,30.4,31.1,0.4,0.4,0.5,4.0,4.0,4.0,1012.7,1012.6,1012.7,0.4,0.0,0.4,0.0,3.6666666666666665,0.5773502691896257,4.0,0.6324555320336759,0.09999999999990905,0.1999999999999318,-0.8660254037844385,-0.5000000000000004,0.0,1.0,0.4,4.0
2026-08-04 00:50:00,240.0,4.0,0.4,1013.2,30.5,31.0,0.4,0.4,0.4,3.0,3.0,4.0,1013.2,1012.8,1012.6,0.4,0.0,0.4,0.0,3.3333333333333335,0.5773502691896257,3.5,0.5477225575051659,0.6000000000000227,0.40000000000009095,-0.8660254037844385,-0.5000000000000004,0.0,1.0,0.4,3.0
2026-08-04 01:20:00,220.0,3.0,0.4,1013.5,30.1,30.9,0.4,0.4,0.4,4.0,4.0,3.0,1013.5,1013.2,1012.8,0.4,0.0,0.4,0.0,3.6666666666666665,0.5773502691896257,3.5,0.5477225575051659,0.7000000000000455,0.2999999999999545,-0.6427876096865393,-0.766044443118978,0.25881904510252074,0.9659258262890683,0.4,3.0
2026-08-04 03:20:00,240.0,3.0,0.4,1014.3,30.5,31.0,0.4,0.4,0.4,3.0,3.0,3.0,1014.2,1013.9,1013.8,0.4,0.0,0.4,0.0,3.0,0.0,2.6666666666666665,0.5163977794943223,0.5,0.39999999999997726,-0.8660254037844385,-0.5000000000000004,0.7071067811865476,0.7071067811865476,0.4,3.0
2026-08-04 04:20:00,230.0,3.0,0.4,1014.3,30.3,30.9,0.4,0.4,0.4,2.0,3.0,3.0,1014.3,1014.3,1014.3,0.4,0.0,0.4,0.0,2.3333333333333335,0.5773502691896257,2.6666666666666665,0.5163977794943223,0.0,0.0,-0.7660444431189779,-0.6427876096865395,0.8660254037844386,0.5000000000000001,0.3,3.0
2026-08-04 04:50:00,240.0,3.0,0.3,1014.3,30.2,30.9,0.3,0.4,0.4,3.0,3.0,3.0,1014.4,1014.3,1014.3,0.3,0.0,0.35000000000000003,0.05773502691896258,3.0,0.0,2.6666666666666665,0.5163977794943223,0.0,0.0,-0.8660254037844385,-0.5000000000000004,0.8660254037844386,0.5000000000000001,0.3,3.0
2026-08-04 05:20:00,240.0,3.0,0.3,1014.3,30.1,30.9,0.3,0.3,0.4,3.0,3.0,3.0,1014.3,1014.3,1014.3,0.3,0.0,0.3,0.0,3.0,0.0,3.0,0.0,0.0,0.0,-0.8660254037844385,-0.5000000000000004,0.9659258262890683,0.25881904510252074,0.3,3.0
2026-08-04 06:20:00,220.0,2.0,0.3,1014.2,30.1,30.8,0.3,0.3,0.3,2.0,3.0,3.0,1014.3,1014.3,1014.3,0.3,0.0,0.3,0.0,2.3333333333333335,0.5773502691896257,2.6666666666666665,0.5163977794943223,-0.09999999999990905,-0.09999999999990905,-0.6427876096865393,-0.766044443118978,1.0,6.123233995736766e-17,0.3,2.0
2026-08-04 07:20:00,230.0,2.0,0.3,1014.1,30.1,30.8,0.3,0.3,0.3,2.0,2.0,2.0,1014.1,1014.1,1014.2,0.3,0.0,0.3,0.0,2.0,0.0,2.0,0.0,-0.10000000000002274,0.0,-0.7660444431189779,-0.6427876096865395,0.9659258262890683,-0.25881904510252063,0.3,3.0
2026-08-04 08:20:00,240.0,3.0,0.3,1013.6,29.9,30.8,0.3,0.3,0.3,2.0,3.0,2.0,1013.7,1013.7,1014.1,0.3,0.0,0.3,0.0,2.6666666666666665,0.5773502691896257,2.6666666666666665,0.5163977794943226,-0.5,-0.10000000000002274,-0.8660254037844385,-0.5000000000000004,0.8660254037844387,-0.4999999999999998,0.3,2.0
2026-08-04 08:50:00,240.0,2.0,0.3,1013.6,29.9,30.7,0.3,0.3,0.3,3.0,3.0,3.0,1013.5,1013.6,1013.7,0.3,0.0,0.3,0.0,2.3333333333333335,0.5773502691896257,2.5,0.5477225575051664,-0.10000000000002274,0.0,-0.8660254037844385,-0.5000000000000004,0.8660254037844387,-0.4999999999999998,0.3,2.0
2026-08-04 09:20:00,240.0,2.0,0.3,1013.7,29.8,30.7,0.3,0.3,0.3,2.0,2.0,3.0,1013.7,1013.6,1013.6,0.3,0.0,0.3,0.0,2.3333333333333335,0.5773502691896257,2.3333333333333335,0.5163977794943223,0.10000000000002274,0.10000000000002274,-0.8660254037844385,-0.5000000000000004,0.7071067811865476,-0.7071067811865475,0.3,2.0
2026-08-04 10:20:00,230.0,2.0,0.3,1014.1,29.9,30.7,0.3,0.3,0.3,2.0,2.0,2.0,1014.0,1013.8,1013.7,0.3,0.0,0.3,0.0,2.0,0.0,2.0,0.0,0.39999999999997726,0.3000000000000682,-0.7660444431189779,-0.6427876096865395,0.49999999999999994,-0.8660254037844387,0.3,2.0
2026-08-04 11:20:00,200.0,2.0,0.3,1014.5,29.8,30.7,0.3,0.3,0.3,2.0,2.0,2.0,1014.4,1014.3,1014.1,0.3,0.0,0.3,0.0,2.0,0.0,2.0,0.0,0.39999999999997726,0.20000000000004547,-0.34202014332566866,-0.9396926207859084,0.258819045102521,-0.9659258262890682,0.3,2.0
2026-08-04 12:20:00,210.0,2.0,0.3,1015.1,30.0,30.7,0.3,0.3,0.3,2.0,2.0,2.0,1015.0,1014.8,1014.5,0.3,0.0,0.3,0.0,2.0,0.0,2.0,0.0,0.6000000000000227,0.3000000000000682,-0.5000000000000001,-0.8660254037844386,1.2246467991473532e-16,-1.0,0.3,2.0
2026-08-04 13:20:00,210.0,2.0,0.3,1015.4,30.2,30.8,0.3,0.3,0.3,2.0,2.0,2.0,1015.4,1015.4,1015.1,0.3,0.0,0.3,0.0,2.0,0.0,2.0,0.0,0.2999999999999545,0.0,-0.5000000000000001,-0.8660254037844386,-0.2588190451025208,-0.9659258262890683,0.3,2.0
2026-08-04 14:20:00,200.0,2.0,0.3,1015.8,30.2,30.8,0.3,0.3,0.3,2.0,2.0,2.0,1015.8,1015.7,1015.4,0.3,0.0,0.3,0.0,2.0,0.0,2.0,0.0,0.39999999999997726,0.09999999999990905,-0.34202014332566866,-0.9396926207859084,-0.4999999999999997,-0.8660254037844388,0.3,2.0
2026-08-04 15:20:00,210.0,2.0,0.3,1016.1,30.5,30.8,0.3,0.3,0.3,2.0,2.0,2.0,1016.2,1016.3,1015.8,0.3,0.0,0.3,0.0,2.0,0.0,2.0,0.0,0.3000000000000682,-0.1999999999999318,-0.5000000000000001,-0.8660254037844386,-0.7071067811865471,-0.7071067811865479,0.3,2.0
2026-08-04 16:20:00,190.0,2.0,0.3,1016.5,30.5,30.8,0.3,0.3,0.3,2.0,2.0,2.0,1016.5,1016.4,1016.1,0.3,0.0,0.3,0.0,2.0,0.0,2.0,0.0,0.39999999999997726,0.10000000000002274,-0.17364817766693047,-0.984807753012208,-0.8660254037844385,-0.5000000000000004,0.3,2.0
2026-08-04 17:20:00,200.0,2.0,0.3,1016.5,30.5,31.0,0.3,0.3,0.3,2.0,2.0,2.0,1016.5,1016.6,1016.5,0.3,0.0,0.3,0.0,2.0,0.0,2.0,0.0,0.0,-0.10000000000002274,-0.34202014332566866,-0.9396926207859084,-0.9659258262890683,-0.25881904510252063,0.3,2.0
2026-08-04 17:50:00,200.0,2.0,0.3,1016.6,30.6,30.9,0.3,0.3,0.3,2.0,2.0,2.0,1016.5,1016.5,1016.6,0.3,0.0,0.3,0.0,2.0,0.0,2.0,0.0,0.0,0.10000000000002274,-0.34202014332566866,-0.9396926207859084,-0.9659258262890683,-0.25881904510252063,0.3,2.0
2026-08-04 18:20:00,200.0,2.0,0.3,1016.7,30.7,31.0,0.3,0.3,0.3,1.0,2.0,2.0,1016.8,1016.6,1016.5,0.3,0.0,0.3,0.0,1.6666666666666667,0.5773502691896258,1.8333333333333333,0.408248290463863,0.20000000000004547,0.10000000000002274,-0.34202014332566866,-0.9396926207859084,-1.0,-1.8369701987210297e-16,0.3,2.0
2026-08-04 18:50:00,170.0,2.0,0.3,1016.3,30.7,31.0,0.3,0.3,0.3,2.0,2.0,2.0,1016.4,1016.7,1016.6,0.3,0.0,0.3,0.0,2.0,0.0,1.8333333333333333,0.408248290463863,-0.3000000000000682,-0.40000000000009095,0.17364817766693028,-0.984807753012208,-1.0,-1.8369701987210297e-16,0.3,2.0
2026-08-04 21:20:00,150.0,2.0,0.3,1015.4,30.4,30.9,0.3,0.3,0.3,3.0,2.0,4.0,1015.5,1015.9,1016.1,0.3,0.0,0.3,0.0,2.6666666666666665,0.5773502691896257,2.8333333333333335,0.752772652709081,-0.7000000000000455,-0.5,0.49999999999999994,-0.8660254037844387,-0.7071067811865477,0.7071067811865474,0.3,1.0
2026-08-04 21:50:00,60.0,1.0,0.3,1015.2,31.0,30.9,0.3,0.3,0.3,1.0,2.0,2.0,1015.2,1015.4,1015.9,0.3,0.0,0.3,0.0,1.0,0.0,1.8333333333333333,0.9831920802501756,-0.6999999999999318,-0.1999999999999318,0.8660254037844386,0.5000000000000001,-0.7071067811865477,0.7071067811865474,0.2,1.0
2026-08-04 22:20:00,350.0,1.0,0.2,1015.1,31.2,31.0,0.2,0.3,0.3,0.0,1.0,2.0,1015.2,1015.2,1015.4,0.2,0.0,0.25,0.057735026918962595,0.3333333333333333,0.5773502691896258,0.6666666666666666,0.5163977794943243,-0.2999999999999545,-0.10000000000002274,-0.1736481776669304,0.984807753012208,-0.5000000000000004,0.8660254037844384,0.2,1.0
2026-08-04 23:40:00,,0.0,0.2,1014.9,31.5,31.4,0.2,0.2,0.2,2.0,1.0,1.0,1015.0,1015.1,1015.1,0.2,0.0,0.2,0.0,1.3333333333333333,1.1547005383792517,1.1666666666666667,0.7527726527090822,-0.20000000000004547,-0.20000000000004547,,,-0.25881904510252157,0.9659258262890681,0.2,1.0
2026-08-05 01:20:00,60.0,1.0,0.2,1015.2,30.2,31.3,0.2,0.2,0.2,1.0,1.0,1.0,1015.2,1015.1,1015.0,0.2,0.0,0.2,0.0,0.6666666666666666,0.5773502691896258,0.6666666666666666,0.5163977794943249,0.20000000000004547,0.10000000000002274,0.8660254037844386,0.5000000000000001,0.25881904510252074,0.9659258262890683,0.2,1.0
2026-08-05 02:50:00,50.0,2.0,0.2,1016.0,30.2,30.8,0.2,0.2,0.2,2.0,2.0,1.0,1016.0,1015.8,1015.5,0.2,0.0,0.2,0.0,2.0,0.0,1.6666666666666667,0.5163977794943222,0.5,0.20000000000004547,0.766044443118978,0.6427876096865394,0.49999999999999994,0.8660254037844387,0.2,2.0
2026-08-05 03:20:00,70.0,2.0,0.2,1016.5,30.2,31.1,0.2,0.2,0.2,2.0,2.0,2.0,1016.4,1016.0,1015.8,0.2,0.0,0.2,0.0,2.0,0.0,2.0,0.0,0.7000000000000455,0.5,0.9396926207859083,0.3420201433256688,0.7071067811865476,0.7071067811865476,0.2,3.0
2026-08-05 04:20:00,110.0,3.0,0.2,1016.6,30.3,31.1,0.2,0.2,0.2,3.0,3.0,2.0,1016.7,1016.7,1016.5,0.2,0.0,0.2,0.0,3.0,0.0,3.0,0.0,0.10000000000002274,-0.10000000000002274,0.9396926207859084,-0.3420201433256687,0.8660254037844386,0.5000000000000001,0.2,3.0
2026-08-05 06:20:00,110.0,3.0,0.2,1016.8,30.3,30.8,0.2,0.2,0.2,3.0,4.0,3.0,1016.8,1016.7,1016.5,0.2,0.0,0.2,0.0,3.3333333333333335,0.5773502691896257,3.5,0.5477225575051664,0.2999999999999545,0.09999999999990905,0.9396926207859084,-0.3420201433256687,1.0,6.123233995736766e-17,0.2,3.0
2026-08-05 07:20:00,130.0,3.0,0.2,1016.5,30.2,30.7,0.2,0.2,0.2,3.0,3.0,3.0,1016.6,1016.7,1016.8,0.2,0.0,0.2,0.0,3.3333333333333335,0.5773502691896257,3.5,0.5477225575051664,-0.2999999999999545,-0.20000000000004547,0.766044443118978,-0.6427876096865394,0.9659258262890683,-0.25881904510252063,0.2,3.0
2026-08-05 10:20:00,110.0,3.0,0.3,1016.1,30.0,30.7,0.3,0.3,0.3,3.0,3.0,3.0,1016.1,1016.2,1016.2,0.3,0.0,0.3,0.0,3.0,0.0,3.0,0.0,-0.10000000000002274,-0.10000000000002274,0.9396926207859084,-0.3420201433256687,0.49999999999999994,-0.8660254037844387,0.3,3.0
2026-08-05 11:20:00,130.0,3.0,0.3,1016.8,30.0,30.7,0.3,0.3,0.3,3.0,3.0,3.0,1016.5,1016.4,1016.1,0.3,0.0,0.3,0.0,3.0,0.0,3.0,0.0,0.6999999999999318,0.39999999999997726,0.766044443118978,-0.6427876096865394,0.258819045102521,-0.9659258262890682,0.3,3.0
2026-08-05 11:50:00,140.0,3.0,0.3,1017.0,29.8,30.7,0.3,0.3,0.3,3.0,3.0,3.0,1016.9,1016.8,1016.4,0.3,0.0,0.3,0.0,3.3333333333333335,0.5773502691896257,3.1666666666666665,0.408248290463863,0.6000000000000227,0.20000000000004547,0.6427876096865395,-0.7660444431189779,0.258819045102521,-0.9659258262890682,0.3,3.0
2026-08-05 12:20:00,130.0,3.0,0.3,1017.3,30.1,30.6,0.3,0.3,0.3,3.0,3.0,3.0,1017.3,1017.0,1016.8,0.3,0.0,0.3,0.0,3.0,0.0,3.1666666666666665,0.408248290463863,0.5,0.2999999999999545,0.766044443118978,-0.6427876096865394,1.2246467991473532e-16,-1.0,0.3,3.0
2026-08-05 12:50:00,130.0,3.0,0.3,1017.6,30.2,,0.3,0.3,0.3,3.0,3.0,3.0,1017.6,1017.3,1017.0,0.3,0.0,0.3,0.0,3.0,0.0,3.0,0.0,0.6000000000000227,0.3000000000000682,0.766044443118978,-0.6427876096865394,1.2246467991473532e-16,-1.0,0.3,3.0
2026-08-05 13:50:00,130.0,3.0,0.2,1017.8,30.2,30.9,0.2,0.3,0.3,4.0,3.0,3.0,1017.7,1017.8,1017.6,0.2,0.0,0.2333333333333333,0.05773502691896256,3.3333333333333335,0.5773502691896257,3.1666666666666665,0.408248290463863,0.1999999999999318,0.0,0.766044443118978,-0.6427876096865394,-0.2588190451025208,-0.9659258262890683,0.3,3.0
2026-08-05 14:50:00,130.0,3.0,0.2,1018.4,30.2,31.0,0.2,0.3,0.2,3.0,3.0,3.0,1018.5,1018.2,1017.8,0.2,0.0,0.2333333333333333,0.05773502691896256,3.3333333333333335,0.5773502691896257,3.1666666666666665,0.408248290463863,0.6000000000000227,0.1999999999999318,0.766044443118978,-0.6427876096865394,-0.4999999999999997,-0.8660254037844388,0.2,3.0
2026-08-05 15:50:00,120.0,3.0,0.2,1018.5,30.2,31.1,0.2,0.2,0.2,3.0,3.0,3.0,1018.4,1018.4,1018.4,0.2,0.0,0.2,0.0,3.0,0.0,3.0,0.0,0.10000000000002274,0.10000000000002274,0.8660254037844387,-0.4999999999999998,-0.7071067811865471,-0.7071067811865479,0.2,2.0
2026-08-05 18:20:00,120.0,2.0,0.2,1018.4,30.3,31.2,0.2,0.2,0.2,3.0,2.0,3.0,1018.4,1018.3,1018.3,0.2,0.0,0.2,0.0,2.6666666666666665,0.5773502691896257,2.5,0.5477225575051664,0.10000000000002274,0.10000000000002274,0.8660254037844387,-0.4999999999999998,-1.0,-1.8369701987210297e-16,0.2,2.0
2026-08-05 20:20:00,120.0,2.0,0.3,1017.6,30.7,31.6,0.3,0.2,0.2,2.0,2.0,2.0,1017.8,1017.8,1018.1,0.3,0.0,0.26666666666666666,0.05773502691896256,2.0,0.0,2.0,0.0,-0.5,-0.1999999999999318,0.8660254037844387,-0.4999999999999998,-0.8660254037844386,0.5000000000000001,0.3,2.0
2026-08-05 22:20:00,70.0,1.0,0.3,1016.8,31.0,31.8,0.3,0.3,0.3,2.0,2.0,2.0,1016.8,1017.0,1016.8,0.3,0.0,0.3,0.0,1.3333333333333333,0.5773502691896258,1.5,0.5477225575051661,0.0,-0.20000000000004547,0.9396926207859083,0.3420201433256688,-0.5000000000000004,0.8660254037844384,0.3,1.0
2026-08-06 00:50:00,80.0,3.0,0.3,1017.0,30.4,31.6,0.3,0.3,0.3,4.0,3.0,2.0,1016.9,1016.8,1016.8,0.3,0.0,0.3,0.0,3.3333333333333335,0.5773502691896257,3.0,0.6324555320336763,0.20000000000004547,0.20000000000004547,0.984807753012208,0.17364817766693041,0.0,1.0,0.3,3.0
2026-08-06 01:20:00,80.0,3.0,0.3,1017.1,30.4,31.6,0.3,0.3,0.3,3.0,3.0,3.0,1017.1,1017.0,1016.8,0.3,0.0,0.3,0.0,3.0,0.0,3.1666666666666665,0.408248290463864,0.3000000000000682,0.10000000000002274,0.984807753012208,0.17364817766693041,0.25881904510252074,0.9659258262890683,0.3,4.0
2026-08-06 02:20:00,90.0,4.0,0.3,1017.7,30.3,31.5,0.3,0.3,0.3,4.0,4.0,3.0,1017.5,1017.3,1017.1,0.3,0.0,0.3,0.0,4.0,0.0,4.0,0.0,0.6000000000000227,0.40000000000009095,1.0,6.123233995736766e-17,0.49999999999999994,0.8660254037844387,0.3,5.0
2026-08-06 03:20:00,100.0,5.0,0.3,1018.3,30.3,31.4,0.3,0.3,0.3,5.0,5.0,4.0,1018.2,1018.1,1017.7,0.3,0.0,0.3,0.0,5.0,0.0,4.833333333333333,0.4082482904638632,0.599999999999909,0.1999999999999318,0.984807753012208,-0.1736481776669303,0.7071067811865476,0.7071067811865476,0.4,8.0
2026-08-06 04:20:00,120.0,7.0,0.5,1018.4,29.2,31.3,0.5,0.4,0.3,7.0,8.0,5.0,1018.3,1018.4,1018.3,0.5,0.0,0.4666666666666666,0.057735026918962686,7.333333333333333,0.5773502691896258,7.5,0.5477225575051679,0.10000000000002274,0.0,0.8660254037844387,-0.4999999999999998,0.8660254037844386,0.5000000000000001,0.5,6.0
2026-08-06 05:20:00,110.0,6.0,0.5,1018.4,29.5,31.2,0.5,0.5,0.5,6.0,6.0,7.0,1018.4,1018.3,1018.4,0.5,0.0,0.5,0.0,5.666666666666667,0.5773502691896258,5.833333333333333,0.40824829046386224,0.0,0.10000000000002274,0.9396926207859084,-0.3420201433256687,0.9659258262890683,0.25881904510252074,0.5,6.0
2026-08-06 05:50:00,120.0,6.0,0.5,1018.2,29.6,,0.5,0.5,0.5,6.0,6.0,6.0,1018.3,1018.4,1018.3,0.5,0.0,0.5,0.0,5.666666666666667,0.5773502691896258,5.666666666666667,0.5163977794943213,-0.09999999999990905,-0.1999999999999318,0.8660254037844387,-0.4999999999999998,0.9659258262890683,0.25881904510252074,0.5,6.0
2026-08-06 06:20:00,120.0,6.0,0.5,1018.0,29.9,31.1,0.5,0.5,0.5,6.0,6.0,6.0,1018.1,1018.2,1018.4,0.5,0.0,0.5,0.0,6.0,0.0,5.833333333333333,0.40824829046386224,-0.39999999999997726,-0.20000000000004547,0.8660254037844387,-0.4999999999999998,1.0,6.123233995736766e-17,0.5,5.0
2026-08-06 06:50:00,130.0,5.0,0.5,1017.8,29.9,31.1,0.5,0.5,0.5,5.0,6.0,6.0,1017.9,1018.0,1018.2,0.5,0.0,0.5,0.0,5.333333333333333,0.5773502691896258,5.666666666666667,0.5163977794943221,-0.40000000000009095,-0.20000000000004547,0.766044443118978,-0.6427876096865394,1.0,6.123233995736766e-17,0.5,5.0
2026-08-06 07:20:00,120.0,5.0,0.5,1017.4,30.0,,0.5,0.5,0.5,5.0,5.0,6.0,1017.6,1017.8,1018.0,0.5,0.0,0.5,0.0,5.0,0.0,5.166666666666667,0.4082482904638632,-0.6000000000000227,-0.39999999999997726,0.8660254037844387,-0.4999999999999998,0.9659258262890683,-0.25881904510252063,0.5,5.0
2026-08-06 08:20:00,120.0,4.0,0.5,1017.3,29.9,30.9,0.5,0.5,0.5,5.0,5.0,5.0,1017.3,1017.4,1017.4,0.5,0.0,0.5,0.0,4.666666666666667,0.5773502691896258,4.833333333333333,0.40824829046386296,-0.10000000000002274,-0.10000000000002274,0.8660254037844387,-0.4999999999999998,0.8660254037844387,-0.4999999999999998,0.4,5.0
2026-08-06 09:20:00,130.0,3.0,0.4,1017.3,29.6,30.9,0.4,0.4,0.5,4.0,5.0,4.0,1017.2,1017.1,1017.3,0.4,0.0,0.4,0.0,4.0,1.0,4.5,0.8366600265340752,0.0,0.1999999999999318,0.766044443118978,-0.6427876096865394,0.7071067811865476,-0.7071067811865475,0.4,4.0
2026-08-06 09:50:00,120.0,4.0,0.4,1017.2,29.5,30.9,0.4,0.4,0.4,3.0,3.0,5.0,1017.0,1017.3,1017.1,0.4,0.0,0.4,0.0,3.3333333333333335,0.5773502691896257,3.6666666666666665,0.8164965809277238,0.10000000000002274,-0.09999999999990905,0.8660254037844387,-0.4999999999999998,0.7071067811865476,-0.7071067811865475,0.4,4.0
2026-08-06 10:20:00,130.0,4.0,0.4,1017.3,29.5,30.9,0.4,0.4,0.4,3.0,4.0,3.0,1017.2,1017.2,1017.3,0.4,0.0,0.4,0.0,3.3333333333333335,0.5773502691896257,3.3333333333333335,0.5163977794943172,0.0,0.09999999999990905,0.766044443118978,-0.6427876096865394,0.49999999999999994,-0.8660254037844387,0.4,3.0
2026-08-06 10:50:00,130.0,3.0,0.4,1017.2,29.5,30.8,0.4,0.4,0.4,3.0,4.0,4.0,1017.2,1017.3,1017.2,0.4,0.0,0.4,0.0,3.0,0.0,3.1666666666666665,0.4082482904638557,0.0,-0.09999999999990905,0.766044443118978,-0.6427876096865394,0.49999999999999994,-0.8660254037844387,0.3,3.0
2026-08-06 11:20:00,120.0,3.0,0.3,1017.6,29.5,30.8,0.3,0.4,0.4,3.0,3.0,4.0,1017.4,1017.2,1017.3,0.3,0.0,0.35000000000000003,0.05773502691896258,3.0,0.0,3.0,0.0,0.3000000000000682,0.39999999999997726,0.8660254037844387,-0.4999999999999998,0.258819045102521,-0.9659258262890682,0.3,2.0
2026-08-06 12:20:00,110.0,2.0,0.3,1018.2,29.7,30.8,0.3,0.3,0.3,2.0,2.0,3.0,1018.1,1017.9,1017.6,0.3,0.0,0.3,0.0,2.0,0.0,2.1666666666666665,0.4082482904638636,0.6000000000000227,0.3000000000000682,0.9396926207859084,-0.3420201433256687,1.2246467991473532e-16,-1.0,0.3,2.0
2026-08-06 12:50:00,110.0,2.0,0.3,1018.4,29.9,30.8,0.3,0.3,0.3,2.0,2.0,2.0,1018.3,1018.2,1017.9,0.3,0.0,0.3,0.0,2.0,0.0,2.0,0.0,0.5,0.1999999999999318,0.9396926207859084,-0.3420201433256687,1.2246467991473532e-16,-1.0,0.3,3.0
2026-08-06 13:20:00,100.0,3.0,0.3,1018.5,29.9,30.8,0.3,0.3,0.3,3.0,2.0,2.0,1018.5,1018.4,1018.2,0.3,0.0,0.3,0.0,3.0,0.0,2.5,0.5477225575051664,0.2999999999999545,0.10000000000002274,0.984807753012208,-0.1736481776669303,-0.2588190451025208,-0.9659258262890683,0.3,3.0
2026-08-06 14:20:00,60.0,3.0,0.3,1019.2,29.9,30.8,0.3,0.3,0.3,3.0,3.0,3.0,1019.0,1018.7,1018.5,0.3,0.0,0.3,0.0,3.0,0.0,3.0,0.0,0.7000000000000455,0.5,0.8660254037844386,0.5000000000000001,-0.4999999999999997,-0.8660254037844388,0.3,3.0
2026-08-06 15:20:00,70.0,4.0,0.3,1019.5,30.1,30.8,0.3,0.3,0.3,4.0,3.0,3.0,1019.4,1019.3,1019.2,0.3,0.0,0.3,0.0,3.6666666666666665,0.5773502691896257,3.3333333333333335,0.5163977794943223,0.2999999999999545,0.20000000000004547,0.9396926207859083,0.3420201433256688,-0.7071067811865471,-0.7071067811865479,0.3,3.0
2026-08-06 16:50:00,80.0,4.0,0.3,1019.4,30.0,30.9,0.3,0.3,0.3,6.0,4.0,3.0,1019.4,1019.7,1019.7,0.3,0.0,0.3,0.0,5.0,1.0,4.333333333333333,1.032795558988645,-0.3000000000000682,-0.3000000000000682,0.984807753012208,0.17364817766693041,-0.8660254037844385,-0.5000000000000004,0.3,4.0
2026-08-06 17:20:00,60.0,4.0,0.3,1019.4,29.9,30.9,0.3,0.3,0.3,4.0,4.0,4.0,1019.3,1019.4,1019.7,0.3,0.0,0.3,0.0,4.0,0.0,4.5,0.8366600265340765,-0.3000000000000682,0.0,0.8660254037844386,0.5000000000000001,-0.9659258262890683,-0.25881904510252063,0.3,4.0
2026-08-06 18:20:00,50.0,5.0,0.3,1019.1,29.9,31.1,0.3,0.3,0.3,4.0,4.0,4.0,1019.2,1019.2,1019.4,0.3,0.0,0.3,0.0,4.333333333333333,0.5773502691896258,4.333333333333333,0.5163977794943236,-0.2999999999999545,-0.10000000000002274,0.766044443118978,0.6427876096865394,-1.0,-1.8369701987210297e-16,0.3,4.0
2026-08-06 19:50:00,60.0,5.0,0.4,1018.5,30.0,31.2,0.4,0.4,0.3,5.0,5.0,4.0,1018.5,1018.8,1018.9,0.4,0.0,0.4,0.0,5.0,0.0,4.666666666666667,0.5163977794943236,-0.39999999999997726,-0.2999999999999545,0.8660254037844386,0.5000000000000001,-0.9659258262890684,0.2588190451025203,0.3,8.0
2026-08-06 20:20:00,70.0,8.0,0.3,1018.1,29.8,31.2,0.3,0.4,0.4,6.0,5.0,5.0,1018.3,1018.5,1018.8,0.3,0.0,0.35,0.05773502691896258,6.333333333333333,1.5275252316519468,5.666666666666667,1.2110601416389966,-0.6999999999999318,-0.39999999999997726,0.9396926207859083,0.3420201433256688,-0.8660254037844386,0.5000000000000001,0.4,6.0
2026-08-06 22:20:00,70.0,5.0,0.4,1017.3,29.6,31.0,0.4,0.4,0.5,4.0,5.0,5.0,1017.3,1017.3,1017.6,0.4,0.0,0.4,0.0,4.666666666666667,0.5773502691896258,4.833333333333333,0.40824829046386296,-0.3000000000000682,0.0,0.9396926207859083,0.3420201433256688,-0.5000000000000004,0.8660254037844384,0.4,4.0
2026-08-07 01:20:00,80.0,7.0,0.4,1018.1,29.8,30.9,0.4,0.4,0.5,6.0,6.0,5.0,1018.1,1018.0,1017.7,0.4,0.0,0.4,0.0,6.333333333333333,0.5773502691896258,5.833333333333333,0.7527726527090798,0.39999999999997726,0.10000000000002274,0.984807753012208,0.17364817766693041,0.25881904510252074,0.9659258262890683,0.5,5.0
2026-08-07 02:20:00,110.0,7.0,0.5,1018.6,29.0,30.9,0.5,0.5,0.4,7.0,5.0,7.0,1018.5,1018.3,1018.1,0.5,0.0,0.5,0.0,7.333333333333333,0.5773502691896257,7.0,1.0954451150103321,0.5,0.3000000000000682,0.9396926207859084,-0.3420201433256687,0.49999999999999994,0.8660254037844387,0.6,7.0
2026-08-07 03:20:00,100.0,7.0,0.6,1018.9,29.6,30.9,0.6,0.6,0.5,7.0,7.0,7.0,1018.9,1018.9,1018.6,0.6,0.0,0.6,0.0,7.0,0.0,6.666666666666667,0.5163977794943206,0.2999999999999545,0.0,0.984807753012208,-0.1736481776669303,0.7071067811865476,0.7071067811865476,0.7,6.0
2026-08-07 04:20:00,100.0,7.0,0.6,1018.9,29.5,30.8,0.6,0.7,0.6,7.0,6.0,7.0,1018.8,1019.0,1018.9,0.6,0.0,0.6333333333333333,0.05773502691896256,7.0,0.0,6.833333333333333,0.40824829046386296,0.0,-0.10000000000002274,0.984807753012208,-0.1736481776669303,0.8660254037844386,0.5000000000000001,0.7,6.0
2026-08-07 05:20:00,110.0,7.0,0.7,1018.7,29.5,30.7,0.7,0.7,0.6,6.0,6.0,7.0,1018.7,1018.8,1018.9,0.7,0.0,0.7,0.0,6.333333333333333,0.5773502691896258,6.333333333333333,0.5163977794943221,-0.1999999999999318,-0.09999999999990905,0.9396926207859084,-0.3420201433256687,0.9659258262890683,0.25881904510252074,0.7,6.0
2026-08-07 06:20:00,110.0,6.0,0.7,1018.1,29.5,30.5,0.7,0.7,0.7,6.0,6.0,7.0,1018.1,1018.4,1018.7,0.7,0.0,0.7,0.0,6.0,0.0,6.166666666666667,0.4082482904638632,-0.6000000000000227,-0.2999999999999545,0.9396926207859084,-0.3420201433256687,1.0,6.123233995736766e-17,0.7,5.0
2026-08-07 07:20:00,110.0,5.0,0.7,1017.1,29.5,30.8,0.7,0.7,0.7,5.0,5.0,6.0,1017.2,1017.5,1018.1,0.7,0.0,0.7,0.0,5.0,0.0,5.166666666666667,0.4082482904638632,-1.0,-0.39999999999997726,0.9396926207859084,-0.3420201433256687,0.9659258262890683,-0.25881904510252063,0.7,4.0
2026-08-07 08:20:00,110.0,4.0,0.6,1016.8,29.2,30.7,0.6,0.7,0.7,4.0,4.0,5.0,1016.8,1016.8,1017.1,0.6,0.0,0.6333333333333333,0.05773502691896255,4.0,0.0,4.0,0.0,-0.3000000000000682,0.0,0.9396926207859084,-0.3420201433256687,0.8660254037844387,-0.4999999999999998,0.6,4.0
2026-08-07 09:20:00,100.0,4.0,0.7,1017.0,29.3,30.5,0.7,0.6,0.6,4.0,4.0,4.0,1016.9,1016.8,1016.8,0.7,0.0,0.6666666666666666,0.05773502691896258,4.0,0.0,4.0,0.0,0.20000000000004547,0.20000000000004547,0.984807753012208,-0.1736481776669303,0.7071067811865476,-0.7071067811865475,0.6,4.0
2026-08-07 10:20:00,50.0,3.0,0.6,1017.0,27.9,30.4,0.6,0.6,0.7,6.0,4.0,4.0,1017.1,1017.0,1017.0,0.6,0.0,0.6,0.0,4.333333333333333,1.5275252316519465,4.166666666666667,0.983192080250175,0.0,0.0,0.766044443118978,0.6427876096865394,0.49999999999999994,-0.8660254037844387,0.6,5.0
2026-08-07 12:20:00,100.0,4.0,0.7,1018.1,29.5,30.2,0.7,0.7,0.6,4.0,5.0,5.0,1018.0,1017.7,1017.5,0.7,0.0,0.7,0.0,4.333333333333333,0.5773502691896258,4.666666666666667,0.5163977794943221,0.6000000000000227,0.39999999999997726,0.984807753012208,-0.1736481776669303,1.2246467991473532e-16,-1.0,0.6,4.0
2026-08-07 13:20:00,90.0,4.0,0.6,1018.4,29.8,30.6,0.6,0.6,0.7,4.0,4.0,4.0,1018.3,1018.3,1018.1,0.6,0.0,0.6,0.0,4.0,0.0,4.0,0.0,0.2999999999999545,0.10000000000002274,1.0,6.123233995736766e-17,-0.2588190451025208,-0.9659258262890683,0.6,4.0
2026-08-07 13:50:00,100.0,4.0,0.6,1018.5,29.8,30.7,0.6,0.6,0.6,4.0,4.0,4.0,1018.4,1018.4,1018.3,0.6,0.0,0.6,0.0,4.0,0.0,4.0,0.0,0.20000000000004547,0.10000000000002274,0.984807753012208,-0.1736481776669303,-0.2588190451025208,-0.9659258262890683,0.6,3.0
2026-08-07 14:20:00,100.0,3.0,0.6,1018.7,29.8,30.7,0.6,0.6,0.6,3.0,4.0,4.0,1018.7,1018.5,1018.4,0.6,0.0,0.6,0.0,3.3333333333333335,0.5773502691896257,3.6666666666666665,0.5163977794943223,0.3000000000000682,0.20000000000004547,0.984807753012208,-0.1736481776669303,-0.4999999999999997,-0.8660254037844388,0.6,3.0
2026-08-07 14:50:00,110.0,3.0,0.6,1018.7,29.7,30.7,0.6,0.6,0.6,3.0,3.0,4.0,1018.8,1018.7,1018.5,0.6,0.0,0.6,0.0,3.0,0.0,3.1666666666666665,0.4082482904638636,0.20000000000004547,0.0,0.9396926207859084,-0.3420201433256687,-0.4999999999999997,-0.8660254037844388,0.6,2.0
2026-08-07 15:20:00,100.0,2.0,0.6,1018.8,29.7,30.7,0.6,0.6,0.6,2.0,3.0,3.0,1018.8,1018.7,1018.7,0.6,0.0,0.6,0.0,2.3333333333333335,0.5773502691896257,2.6666666666666665,0.5163977794943223,0.09999999999990905,0.09999999999990905,0.984807753012208,-0.1736481776669303,-0.7071067811865471,-0.7071067811865479,0.5,4.0
2026-08-07 16:20:00,60.0,4.0,0.5,1018.9,29.8,30.6,0.5,0.5,0.6,3.0,4.0,2.0,1018.9,1018.7,1018.8,0.5,0.0,0.5,0.0,3.0,0.9999999999999999,3.0,0.8944271909999159,0.10000000000002274,0.1999999999999318,0.8660254037844386,0.5000000000000001,-0.8660254037844385,-0.5000000000000004,0.5,4.0
2026-08-07 16:50:00,60.0,4.0,0.5,1018.9,29.8,30.9,0.5,0.5,0.5,4.0,4.0,4.0,1018.9,1018.9,1018.7,0.5,0.0,0.5,0.0,4.0,0.0,3.5,0.8366600265340755,0.1999999999999318,0.0,0.8660254037844386,0.5000000000000001,-0.8660254037844385,-0.5000000000000004,0.5,4.0
2026-08-07 17:20:00,50.0,4.0,0.5,1019.1,29.9,30.9,0.5,0.5,0.5,4.0,4.0,4.0,1018.9,1018.9,1018.9,0.5,0.0,0.5,0.0,4.0,0.0,4.0,0.0,0.20000000000004547,0.20000000000004547,0.766044443118978,0.6427876096865394,-0.9659258262890683,-0.25881904510252063,0.5,5.0
2026-08-07 17:50:00,60.0,5.0,0.5,1018.9,29.9,30.9,0.5,0.5,0.5,4.0,4.0,4.0,1019.1,1019.1,1018.9,0.5,0.0,0.5,0.0,4.333333333333333,0.5773502691896258,4.166666666666667,0.40824829046386296,0.0,-0.20000000000004547,0.8660254037844386,0.5000000000000001,-0.9659258262890683,-0.25881904510252063,0.5,5.0
2026-08-07 18:20:00,50.0,5.0,0.5,1018.7,29.9,30.7,0.5,0.5,0.5,4.0,5.0,4.0,1018.9,1018.9,1019.1,0.5,0.0,0.5,0.0,4.666666666666667,0.5773502691896258,4.5,0.5477225575051659,-0.39999999999997726,-0.1999999999999318,0.766044443118978,0.6427876096865394,-1.0,-1.8369701987210297e-16,0.5,7.0
2026-08-07 19:20:00,50.0,5.0,0.6,1018.2,29.5,30.3,0.6,0.5,0.5,5.0,7.0,5.0,1018.3,1018.5,1018.7,0.6,0.0,0.5666666666666668,0.05773502691896255,4.666666666666667,0.577350269189625,5.5,1.2247448713915896,-0.5,-0.2999999999999545,0.766044443118978,0.6427876096865394,-0.9659258262890684,0.2588190451025203,0.6,5.0
2026-08-07 19:50:00,60.0,5.0,0.6,1018.1,29.6,30.1,0.6,0.6,0.5,5.0,5.0,7.0,1018.2,1018.2,1018.5,0.6,0.0,0.6,0.0,5.0,0.0,4.833333333333333,0.4082482904638633,-0.39999999999997726,-0.10000000000002274,0.8660254037844386,0.5000000000000001,-0.9659258262890684,0.2588190451025203,0.5,5.0
2026-08-07 20:20:00,50.0,5.0,0.5,1017.8,29.6,30.0,0.5,0.6,0.6,5.0,5.0,5.0,1017.8,1018.1,1018.2,0.5,0.0,0.5499999999999999,0.05773502691896256,5.0,0.0,5.0,0.0,-0.40000000000009095,-0.3000000000000682,0.766044443118978,0.6427876096865394,-0.8660254037844386,0.5000000000000001,0.6,6.0
2026-08-07 20:50:00,70.0,6.0,0.6,1017.5,29.7,30.0,0.6,0.5,0.6,5.0,5.0,5.0,1017.1,1017.8,1018.1,0.6,0.0,0.5499999999999999,0.05773502691896256,5.333333333333333,0.5773502691896258,5.166666666666667,0.40824829046386296,-0.6000000000000227,-0.2999999999999545,0.9396926207859083,0.3420201433256688,-0.8660254037844386,0.5000000000000001,0.6,5.0
2026-08-07 21:20:00,70.0,5.0,0.6,1017.0,29.8,29.9,0.6,0.6,0.5,6.0,6.0,5.0,1017.2,1017.5,1017.8,0.6,0.0,0.6,0.0,5.333333333333333,0.5773502691896258,5.333333333333333,0.5163977794943221,-0.7999999999999545,-0.5,0.9396926207859083,0.3420201433256688,-0.7071067811865477,0.7071067811865474,0.6,5.0
2026-08-07 22:20:00,80.0,6.0,0.7,1016.9,29.9,29.9,0.7,0.6,0.6,5.0,5.0,5.0,1017.1,1016.8,1017.0,0.7,0.0,0.6666666666666666,0.05773502691896258,5.333333333333333,0.5773502691896258,5.333333333333333,0.5163977794943221,-0.10000000000002274,0.10000000000002274,0.984807753012208,0.17364817766693041,-0.5000000000000004,0.8660254037844384,0.6,5.0
2026-08-07 22:50:00,90.0,5.0,0.6,1016.8,30.0,29.9,0.6,0.7,0.6,6.0,6.0,5.0,1016.8,1016.9,1016.8,0.6,0.0,0.6499999999999999,0.05773502691896256,5.666666666666667,0.5773502691896258,5.5,0.5477225575051659,0.0,-0.10000000000002274,1.0,6.123233995736766e-17,-0.5000000000000004,0.8660254037844384,0.6,5.0
2026-08-08 01:20:00,90.0,6.0,0.7,1017.6,29.5,29.8,0.7,0.6,0.7,6.0,5.0,5.0,1017.4,1017.3,1016.9,0.7,0.0,0.6666666666666666,0.05773502691896256,5.666666666666667,0.5773502691896258,5.333333333333333,0.5163977794943221,0.7000000000000455,0.3000000000000682,1.0,6.123233995736766e-17,0.25881904510252074,0.9659258262890683,0.7,6.0
2026-08-08 02:20:00,100.0,6.0,0.7,1017.8,29.4,29.7,0.7,0.7,0.7,6.0,6.0,6.0,1017.6,1017.7,1017.6,0.7,0.0,0.7,0.0,6.0,0.0,6.0,0.0,0.1999999999999318,0.09999999999990905,0.984807753012208,-0.1736481776669303,0.49999999999999994,0.8660254037844387,0.6,6.0
2026-08-08 03:20:00,50.0,2.0,0.7,1018.2,27.8,29.7,0.7,0.6,0.7,7.0,6.0,6.0,1018.3,1017.9,1017.8,0.7,0.0,0.6666666666666666,0.05773502691896256,5.333333333333333,2.8867513459481287,5.666666666666667,1.8618986725025257,0.40000000000009095,0.3000000000000682,0.766044443118978,0.6427876096865394,0.7071067811865476,0.7071067811865476,0.7,7.0
2026-08-08 03:50:00,110.0,7.0,0.7,1017.9,29.2,29.8,0.7,0.7,0.6,7.0,2.0,6.0,1018.0,1018.2,1017.9,0.7,0.0,0.7,0.0,7.0,0.0,6.166666666666667,2.041241452319315,0.0,-0.3000000000000682,0.9396926207859084,-0.3420201433256687,0.7071067811865476,0.7071067811865476,0.7,6.0
2026-08-08 04:20:00,110.0,6.0,0.7,1017.9,29.2,29.7,0.7,0.7,0.7,6.0,7.0,2.0,1017.9,1017.9,1018.2,0.7,0.0,0.7,0.0,6.333333333333333,0.5773502691896258,6.666666666666667,0.5163977794943203,-0.3000000000000682,0.0,0.9396926207859084,-0.3420201433256687,0.8660254037844386,0.5000000000000001,0.8,7.0
2026-08-08 06:20:00,110.0,6.0,0.8,1017.2,29.2,29.6,0.8,0.8,0.7,6.0,6.0,7.0,1017.3,1017.3,1017.4,0.8,0.0,0.8,0.0,6.0,0.0,6.333333333333333,0.5163977794943221,-0.1999999999999318,-0.09999999999990905,0.9396926207859084,-0.3420201433256687,1.0,6.123233995736766e-17,0.8,7.0
2026-08-08 06:50:00,110.0,7.0,0.8,1016.8,29.2,29.5,0.8,0.8,0.8,7.0,6.0,6.0,1017.1,1017.2,1017.3,0.8,0.0,0.8,0.0,6.666666666666667,0.5773502691896258,6.333333333333333,0.5163977794943221,-0.5,-0.40000000000009095,0.9396926207859084,-0.3420201433256687,1.0,6.123233995736766e-17,0.8,7.0
2026-08-08 07:20:00,120.0,7.0,0.8,1016.3,29.2,29.6,0.8,0.8,0.8,7.0,7.0,6.0,1016.6,1016.8,1017.2,0.8,0.0,0.8,0.0,7.0,0.0,6.833333333333333,0.4082482904638632,-0.900000000000091,-0.5,0.8660254037844387,-0.4999999999999998,0.9659258262890683,-0.25881904510252063,0.8,6.0
2026-08-08 08:20:00,150.0,5.0,0.8,1015.7,28.4,29.5,0.8,0.8,0.8,5.0,6.0,7.0,1015.7,1015.9,1016.3,0.8,0.0,0.8,0.0,5.333333333333333,0.5773502691896258,6.333333333333333,1.5055453054181618,-0.599999999999909,-0.1999999999999318,0.49999999999999994,-0.8660254037844387,0.8660254037844387,-0.4999999999999998,0.8,5.0
2026-08-08 09:20:00,120.0,6.0,0.8,1015.8,29.2,29.5,0.8,0.8,0.8,6.0,5.0,5.0,1016.0,1015.7,1015.7,0.8,0.0,0.8,0.0,6.0,0.0,5.166666666666667,0.9831920802501743,0.09999999999990905,0.09999999999990905,0.8660254037844387,-0.4999999999999998,0.7071067811865476,-0.7071067811865475,0.8,6.0
2026-08-08 10:20:00,130.0,5.0,0.8,1016.1,29.2,29.5,0.8,0.8,0.8,5.0,6.0,6.0,1016.1,1015.9,1015.8,0.8,0.0,0.8,0.0,5.333333333333333,0.5773502691896258,5.666666666666667,0.5163977794943221,0.3000000000000682,0.20000000000004547,0.766044443118978,-0.6427876096865394,0.49999999999999994,-0.8660254037844387,0.8,4.0
2026-08-08 11:20:00,120.0,4.0,0.8,1016.5,28.7,29.4,0.8,0.8,0.8,2.0,4.0,5.0,1016.5,1016.5,1016.1,0.8,0.0,0.8,0.0,3.6666666666666665,1.5275252316519465,4.0,1.0954451150103317,0.39999999999997726,0.0,0.8660254037844387,-0.4999999999999998,0.258819045102521,-0.9659258262890682,0.8,4.0
2026-08-08 11:50:00,140.0,4.0,0.8,1016.8,29.0,29.3,0.8,0.8,0.8,5.0,4.0,4.0,1016.9,1016.5,1016.5,0.8,0.0,0.8,0.0,4.666666666666667,0.5773502691896258,4.166666666666667,1.1690451944500118,0.2999999999999545,0.2999999999999545,0.6427876096865395,-0.7660444431189779,0.258819045102521,-0.9659258262890682,0.8,5.0
2026-08-08 12:20:00,100.0,5.0,0.8,1017.1,28.9,29.5,0.8,0.8,0.8,5.0,4.0,4.0,1017.1,1016.8,1016.5,0.8,0.0,0.8,0.0,4.666666666666667,0.5773502691896258,4.666666666666667,0.5163977794943229,0.6000000000000227,0.3000000000000682,0.984807753012208,-0.1736481776669303,1.2246467991473532e-16,-1.0,0.7,3.0
2026-08-08 12:50:00,100.0,3.0,0.7,1017.6,29.3,29.5,0.7,0.8,0.8,4.0,5.0,4.0,1017.6,1017.1,1016.8,0.7,0.0,0.75,0.05773502691896264,3.6666666666666665,0.5773502691896257,4.166666666666667,0.7527726527090814,0.8000000000000682,0.5,0.984807753012208,-0.1736481776669303,1.2246467991473532e-16,-1.0,0.7,4.0
2026-08-08 13:20:00,90.0,4.0,0.7,1017.7,29.1,29.5,0.7,0.7,0.8,5.0,3.0,5.0,1017.6,1017.6,1017.1,0.7,0.0,0.7,0.0,4.333333333333333,0.5773502691896256,4.0,0.6324555320336764,0.6000000000000227,0.10000000000002274,1.0,6.123233995736766e-17,-0.2588190451025208,-0.9659258262890683,0.7,5.0
2026-08-08 14:20:00,100.0,4.0,0.7,1018.3,29.2,29.5,0.7,0.7,0.7,3.0,5.0,4.0,1018.3,1018.0,1017.7,0.7,0.0,0.7,0.0,3.6666666666666665,0.577350269189626,4.0,0.6324555320336769,0.599999999999909,0.2999999999999545,0.984807753012208,-0.1736481776669303,-0.4999999999999997,-0.8660254037844388,0.7,4.0
2026-08-08 15:20:00,70.0,4.0,0.7,1018.5,28.8,29.5,0.7,0.7,0.7,4.0,4.0,4.0,1018.5,1018.1,1018.3,0.7,0.0,0.7,0.0,4.0,0.0,4.333333333333333,0.5163977794943225,0.20000000000004547,0.39999999999997726,0.9396926207859083,0.3420201433256688,-0.7071067811865471,-0.7071067811865479,0.7,6.0
2026-08-08 16:20:00,70.0,5.0,0.7,1018.7,28.5,29.5,0.7,0.7,0.7,5.0,6.0,4.0,1018.8,1018.6,1018.5,0.7,0.0,0.7,0.0,5.333333333333333,0.5773502691896258,5.166666666666667,0.7527726527090811,0.20000000000004547,0.10000000000002274,0.9396926207859083,0.3420201433256688,-0.8660254037844385,-0.5000000000000004,0.7,5.0
2026-08-08 18:20:00,80.0,9.0,0.9,1018.1,26.6,29.4,0.9,0.7,0.7,8.0,9.0,10.0,1018.2,1018.8,1019.1,0.9,0.0,0.8333333333333334,0.11547005383792525,8.666666666666666,0.5773502691896255,9.166666666666666,0.752772652709086,-1.0,-0.6999999999999318,0.984807753012208,0.17364817766693041,-1.0,-1.8369701987210297e-16,0.9,7.0
2026-08-08 18:50:00,80.0,7.0,0.9,1018.8,,29.4,0.9,0.9,0.7,8.0,9.0,9.0,1018.7,1018.1,1018.8,0.9,0.0,0.9,0.0,7.666666666666667,0.5773502691896258,8.166666666666666,0.7527726527090874,0.0,0.6999999999999318,0.984807753012208,0.17364817766693041,-1.0,-1.8369701987210297e-16,0.8,5.0
2026-08-08 19:20:00,60.0,5.0,0.8,1018.3,26.6,29.4,0.8,0.9,0.9,5.0,7.0,9.0,1018.7,1018.8,1018.1,0.8,0.0,0.8500000000000001,0.05773502691896256,5.0,0.0,6.333333333333333,1.5055453054181678,0.1999999999999318,-0.5,0.8660254037844386,0.5000000000000001,-0.9659258262890684,0.2588190451025203,0.7,5.0
2026-08-08 21:20:00,70.0,4.0,0.7,1016.9,27.7,29.3,0.7,0.7,0.7,5.0,5.0,6.0,1016.8,1017.0,1017.4,0.7,0.0,0.7,0.0,4.666666666666667,0.5773502691896258,5.166666666666667,0.7527726527090971,-0.5,-0.10000000000002274,0.9396926207859083,0.3420201433256688,-0.7071067811865477,0.7071067811865474,0.7,4.0
2026-08-08 21:50:00,60.0,4.0,0.7,1016.4,28.1,29.3,0.7,0.7,0.7,4.0,4.0,5.0,1016.5,1016.9,1017.0,0.7,0.0,0.7,0.0,4.0,0.0,4.333333333333333,0.5163977794943521,-0.6000000000000227,-0.5,0.8660254037844386,0.5000000000000001,-0.7071067811865477,0.7071067811865474,0.7,4.0
2026-08-08 22:20:00,70.0,4.0,0.7,1016.2,28.6,29.4,0.7,0.7,0.7,4.0,4.0,4.0,1016.2,1016.4,1016.9,0.7,0.0,0.7,0.0,4.0,0.0,4.0,0.0,-0.6999999999999318,-0.1999999999999318,0.9396926207859083,0.3420201433256688,-0.5000000000000004,0.8660254037844384,0.7,3.0
2026-08-09 00:50:00,160.0,2.0,0.6,1016.7,28.3,29.6,0.6,0.6,0.6,3.0,3.0,3.0,1016.5,1016.3,1016.0,0.6,0.0,0.6,0.0,2.6666666666666665,0.5773502691896257,2.8333333333333335,0.408248290463863,0.7000000000000455,0.40000000000009095,0.3420201433256689,-0.9396926207859083,0.0,1.0,0.6,2.0
2026-08-09 01:20:00,180.0,2.0,0.6,1016.9,28.2,29.6,0.6,0.6,0.6,2.0,2.0,3.0,1016.8,1016.7,1016.3,0.6,0.0,0.6,0.0,2.0,0.0,2.3333333333333335,0.5163977794943226,0.6000000000000227,0.1999999999999318,1.2246467991473532e-16,-1.0,0.25881904510252074,0.9659258262890683,0.5,3.0
2026-08-09 02:20:00,160.0,4.0,0.6,1017.4,28.3,29.6,0.6,0.5,0.6,4.0,3.0,2.0,1017.3,1017.1,1016.9,0.6,0.0,0.5666666666666667,0.05773502691896256,3.6666666666666665,0.5773502691896257,3.3333333333333335,0.5163977794943222,0.5,0.2999999999999545,0.3420201433256689,-0.9396926207859083,0.49999999999999994,0.8660254037844387,0.6,3.0
2026-08-09 03:20:00,130.0,4.0,0.6,1017.7,28.5,29.5,0.6,0.6,0.6,4.0,3.0,4.0,1017.7,1017.6,1017.4,0.6,0.0,0.6,0.0,4.0,0.0,3.8333333333333335,0.4082482904638625,0.3000000000000682,0.10000000000002274,0.766044443118978,-0.6427876096865394,0.7071067811865476,0.7071067811865476,0.6,4.0
2026-08-09 04:20:00,110.0,3.0,0.5,1017.6,28.5,29.5,0.5,0.6,0.6,3.0,4.0,4.0,1017.7,1017.8,1017.7,0.5,0.0,0.5333333333333333,0.05773502691896258,3.0,0.0,3.5,0.5477225575051664,-0.10000000000002274,-0.1999999999999318,0.9396926207859084,-0.3420201433256687,0.8660254037844386,0.5000000000000001,0.5,3.0
2026-08-09 05:20:00,110.0,4.0,0.5,1017.2,28.7,29.5,0.5,0.5,0.5,4.0,3.0,3.0,1017.3,1017.4,1017.6,0.5,0.0,0.5,0.0,4.0,0.0,3.5,0.5477225575051664,-0.39999999999997726,-0.1999999999999318,0.9396926207859084,-0.3420201433256687,0.9659258262890683,0.25881904510252074,0.4,4.0
2026-08-09 06:20:00,100.0,4.0,0.5,1016.7,28.7,29.5,0.5,0.4,0.5,4.0,4.0,4.0,1016.7,1016.9,1017.2,0.5,0.0,0.4666666666666666,0.05773502691896256,4.0,0.0,4.0,0.0,-0.5,-0.1999999999999318,0.984807753012208,-0.1736481776669303,1.0,6.123233995736766e-17,0.4,4.0
2026-08-09 08:50:00,100.0,3.0,0.4,1016.1,29.0,29.4,0.4,0.4,0.4,3.0,3.0,4.0,1016.0,1016.1,1016.2,0.4,0.0,0.4,0.0,3.0,0.0,3.3333333333333335,0.5163977794943226,-0.10000000000002274,0.0,0.984807753012208,-0.1736481776669303,0.8660254037844387,-0.4999999999999998,0.4,3.0
2026-08-09 09:20:00,120.0,3.0,0.4,1016.0,28.9,29.4,0.4,0.4,0.4,3.0,3.0,3.0,1016.0,1016.1,1016.1,0.4,0.0,0.4,0.0,3.0,0.0,3.0,0.0,-0.10000000000002274,-0.10000000000002274,0.8660254037844387,-0.4999999999999998,0.7071067811865476,-0.7071067811865475,0.4,3.0
2026-08-09 10:20:00,130.0,3.0,0.4,1016.2,28.8,29.5,0.4,0.4,0.4,3.0,3.0,3.0,1016.2,1016.1,1016.0,0.4,0.0,0.4,0.0,3.0,0.0,3.0,0.0,0.20000000000004547,0.10000000000002274,0.766044443118978,-0.6427876096865394,0.49999999999999994,-0.8660254037844387,0.4,4.0
2026-08-09 11:20:00,140.0,5.0,0.4,1016.5,28.8,29.5,0.4,0.4,0.4,4.0,4.0,3.0,1016.4,1016.4,1016.2,0.4,0.0,0.4,0.0,4.333333333333333,0.5773502691896258,4.0,0.6324555320336762,0.2999999999999545,0.10000000000002274,0.6427876096865395,-0.7660444431189779,0.258819045102521,-0.9659258262890682,0.4,5.0
2026-08-09 11:50:00,140.0,5.0,0.4,1017.0,28.9,29.4,0.4,0.4,0.4,4.0,5.0,4.0,1016.9,1016.5,1016.4,0.4,0.0,0.4,0.0,4.333333333333333,0.5773502691896258,4.333333333333333,0.5163977794943225,0.6000000000000227,0.5,0.6427876096865395,-0.7660444431189779,0.258819045102521,-0.9659258262890682,0.4,4.0
2026-08-09 12:20:00,150.0,4.0,0.4,1017.1,29.0,29.4,0.4,0.4,0.4,4.0,5.0,5.0,1017.1,1017.0,1016.5,0.4,0.0,0.4,0.0,4.333333333333333,0.5773502691896258,4.333333333333333,0.5163977794943225,0.6000000000000227,0.10000000000002274,0.49999999999999994,-0.8660254037844387,1.2246467991473532e-16,-1.0,0.4,4.0
2026-08-09 12:50:00,150.0,4.0,0.4,1017.5,29.1,,0.4,0.4,0.4,4.0,4.0,5.0,1017.3,1017.1,1017.0,0.4,0.0,0.4,0.0,4.0,0.0,4.166666666666667,0.4082482904638638,0.5,0.39999999999997726,0.49999999999999994,-0.8660254037844387,1.2246467991473532e-16,-1.0,0.4,5.0
2026-08-09 13:20:00,140.0,5.0,0.4,1017.7,29.3,29.4,0.4,0.4,0.4,5.0,4.0,4.0,1017.6,1017.5,1017.1,0.4,0.0,0.4,0.0,4.666666666666667,0.5773502691896258,4.333333333333333,0.5163977794943221,0.6000000000000227,0.20000000000004547,0.6427876096865395,-0.7660444431189779,-0.2588190451025208,-0.9659258262890683,0.3,4.0
2026-08-09 13:50:00,140.0,4.0,0.3,1018.1,29.2,29.4,0.3,0.4,0.4,4.0,5.0,4.0,1017.9,1017.7,1017.5,0.3,0.0,0.35000000000000003,0.05773502691896258,4.333333333333333,0.5773502691896258,4.5,0.5477225575051659,0.6000000000000227,0.39999999999997726,0.6427876096865395,-0.7660444431189779,-0.2588190451025208,-0.9659258262890683,0.3,4.0
2026-08-09 14:20:00,150.0,4.0,0.3,1018.3,29.2,29.4,0.3,0.3,0.4,4.0,4.0,5.0,1018.3,1018.1,1017.7,0.3,0.0,0.3,0.0,4.0,0.0,4.166666666666667,0.4082482904638632,0.599999999999909,0.1999999999999318,0.49999999999999994,-0.8660254037844387,-0.4999999999999997,-0.8660254037844388,0.4,3.0
2026-08-09 15:20:00,130.0,3.0,0.3,1018.5,29.3,29.4,0.3,0.4,0.3,3.0,3.0,4.0,1018.6,1018.4,1018.3,0.3,0.0,0.3333333333333333,0.0577350269189626,3.0,0.0,3.0,0.0,0.20000000000004547,0.10000000000002274,0.766044443118978,-0.6427876096865394,-0.7071067811865471,-0.7071067811865479,0.3,3.0
2026-08-09 16:20:00,130.0,4.0,0.3,1018.9,29.3,29.6,0.3,0.3,0.3,4.0,3.0,3.0,1018.9,1018.8,1018.5,0.3,0.0,0.3,0.0,4.0,0.0,3.5,0.5477225575051664,0.39999999999997726,0.10000000000002274,0.766044443118978,-0.6427876096865394,-0.8660254037844385,-0.5000000000000004,0.3,4.0
2026-08-09 17:20:00,130.0,4.0,0.3,1018.8,29.5,29.7,0.3,0.3,0.3,4.0,4.0,4.0,1018.9,1018.9,1018.9,0.3,0.0,0.3,0.0,4.0,0.0,4.0,0.0,-0.10000000000002274,-0.10000000000002274,0.766044443118978,-0.6427876096865394,-0.9659258262890683,-0.25881904510252063,0.3,4.0
2026-08-09 18:20:00,130.0,4.0,0.3,1018.5,29.5,29.6,0.3,0.3,0.3,4.0,4.0,4.0,1018.5,1018.6,1018.8,0.3,0.0,0.3,0.0,4.0,0.0,4.0,0.0,-0.2999999999999545,-0.10000000000002274,0.766044443118978,-0.6427876096865394,-1.0,-1.8369701987210297e-16,0.3,4.0
2026-08-09 18:50:00,130.0,4.0,0.3,1018.3,29.6,,0.3,0.3,0.3,4.0,4.0,4.0,1018.3,1018.5,1018.6,0.3,0.0,0.3,0.0,4.0,0.0,4.0,0.0,-0.3000000000000682,-0.20000000000004547,0.766044443118978,-0.6427876096865394,-1.0,-1.8369701987210297e-16,0.3,4.0
2026-08-09 19:20:00,120.0,4.0,0.3,1018.1,29.7,30.0,0.3,0.3,0.3,3.0,4.0,4.0,1018.3,1018.3,1018.5,0.3,0.0,0.3,0.0,3.6666666666666665,0.5773502691896257,3.8333333333333335,0.408248290463863,-0.39999999999997726,-0.1999999999999318,0.8660254037844387,-0.4999999999999998,-0.9659258262890684,0.2588190451025203,0.3,2.0
2026-08-09 20:20:00,160.0,2.0,0.3,1017.9,30.1,29.6,0.3,0.3,0.3,2.0,2.0,4.0,1018.1,1018.1,1018.1,0.3,0.0,0.3,0.0,2.0,0.0,2.3333333333333335,0.5163977794943239,-0.20000000000004547,-0.20000000000004547,0.3420201433256689,-0.9396926207859083,-0.8660254037844386,0.5000000000000001,0.3,1.0
2026-08-09 21:20:00,220.0,1.0,0.3,1017.6,30.8,29.8,0.3,0.3,0.3,1.0,1.0,2.0,1017.8,1017.9,1017.9,0.3,0.0,0.3,0.0,1.0,0.0,1.0,0.0,-0.2999999999999545,-0.2999999999999545,-0.6427876096865393,-0.766044443118978,-0.7071067811865477,0.7071067811865474,0.3,0.0
2026-08-09 22:20:00,310.0,1.0,0.3,1017.1,31.2,29.9,0.3,0.3,0.3,1.0,0.0,1.0,1017.2,1017.3,1017.6,0.3,0.0,0.3,0.0,1.0,0.0,0.6666666666666666,0.5163977794943223,-0.5,-0.1999999999999318,-0.7660444431189781,0.6427876096865393,-0.5000000000000004,0.8660254037844384,0.3,1.0
2026-08-10 00:50:00,110.0,2.0,0.3,1017.0,29.9,,0.3,0.3,0.3,2.0,1.0,2.0,1017.1,1016.9,1016.9,0.3,0.0,0.3,0.0,2.0,0.0,1.8333333333333333,0.40824829046386313,0.10000000000002274,0.10000000000002274,0.9396926207859084,-0.3420201433256687,0.0,1.0,0.3,2.0
2026-08-10 01:20:00,80.0,2.0,0.3,1017.3,29.9,29.8,0.3,0.3,0.3,2.0,2.0,1.0,1017.0,1017.0,1016.9,0.3,0.0,0.3,0.0,2.3333333333333335,0.5773502691896257,2.1666666666666665,0.40824829046386313,0.39999999999997726,0.2999999999999545,0.984807753012208,0.17364817766693041,0.25881904510252074,0.9659258262890683,0.3,3.0
2026-08-10 02:20:00,90.0,4.0,0.3,1017.7,29.9,30.5,0.3,0.3,0.3,3.0,3.0,2.0,1017.4,1017.3,1017.3,0.3,0.0,0.3,0.0,3.3333333333333335,0.5773502691896257,3.1666666666666665,0.408248290463863,0.40000000000009095,0.40000000000009095,1.0,6.123233995736766e-17,0.49999999999999994,0.8660254037844387,0.3,4.0
2026-08-10 03:20:00,100.0,5.0,0.3,1018.0,30.0,30.5,0.3,0.3,0.3,5.0,4.0,4.0,1017.9,1017.9,1017.7,0.3,0.0,0.3,0.0,4.666666666666667,0.5773502691896258,4.333333333333333,0.5163977794943221,0.2999999999999545,0.10000000000002274,0.984807753012208,-0.1736481776669303,0.7071067811865476,0.7071067811865476,0.4,5.0
2026-08-10 03:50:00,110.0,5.0,0.4,1018.1,30.0,30.1,0.4,0.3,0.3,5.0,5.0,4.0,1018.0,1018.0,1017.9,0.4,0.0,0.35,0.05773502691896258,5.0,0.0,4.833333333333333,0.4082482904638632,0.20000000000004547,0.10000000000002274,0.9396926207859084,-0.3420201433256687,0.7071067811865476,0.7071067811865476,0.4,5.0
2026-08-10 04:20:00,110.0,5.0,0.4,1018.3,29.9,29.9,0.4,0.4,0.3,5.0,5.0,5.0,1018.3,1018.1,1018.0,0.4,0.0,0.4,0.0,5.0,0.0,5.0,0.0,0.2999999999999545,0.1999999999999318,0.9396926207859084,-0.3420201433256687,0.8660254037844386,0.5000000000000001,0.4,6.0
2026-08-10 05:20:00,120.0,6.0,0.4,1018.3,29.8,29.8,0.4,0.4,0.4,5.0,6.0,5.0,1018.4,1018.4,1018.3,0.4,0.0,0.4,0.0,5.666666666666667,0.5773502691896258,5.666666666666667,0.5163977794943221,0.0,-0.10000000000002274,0.8660254037844387,-0.4999999999999998,0.9659258262890683,0.25881904510252074,0.4,6.0
2026-08-10 05:50:00,110.0,6.0,0.4,1018.1,29.7,29.6,0.4,0.4,0.4,5.0,6.0,6.0,1018.1,1018.3,1018.4,0.4,0.0,0.4,0.0,5.666666666666667,0.5773502691896258,5.666666666666667,0.5163977794943221,-0.2999999999999545,-0.1999999999999318,0.9396926207859084,-0.3420201433256687,0.9659258262890683,0.25881904510252074,0.4,6.0
2026-08-10 06:20:00,120.0,6.0,0.4,1017.9,29.7,29.6,0.4,0.4,0.4,6.0,6.0,6.0,1017.9,1018.1,1018.3,0.4,0.0,0.4,0.0,6.0,0.0,5.833333333333333,0.4082482904638632,-0.39999999999997726,-0.20000000000004547,0.8660254037844387,-0.4999999999999998,1.0,6.123233995736766e-17,0.4,5.0
2026-08-10 06:50:00,120.0,5.0,0.4,1017.8,29.6,29.6,0.4,0.4,0.4,6.0,6.0,6.0,1018.1,1017.9,1018.1,0.4,0.0,0.4,0.0,5.666666666666667,0.5773502691896258,5.833333333333333,0.40824829046386296,-0.3000000000000682,-0.10000000000002274,0.8660254037844387,-0.4999999999999998,1.0,6.123233995736766e-17,0.4,5.0
2026-08-10 09:20:00,120.0,4.0,0.4,1017.3,29.6,29.5,0.4,0.4,0.4,5.0,4.0,5.0,1017.3,1017.6,1017.5,0.4,0.0,0.4,0.0,4.666666666666667,0.5773502691896258,4.666666666666667,0.5163977794943221,-0.20000000000004547,-0.3000000000000682,0.8660254037844387,-0.4999999999999998,0.7071067811865476,-0.7071067811865475,0.4,3.0
2026-08-10 09:50:00,120.0,3.0,0.4,1017.4,29.5,29.4,0.4,0.4,0.4,4.0,4.0,4.0,1017.3,1017.3,1017.6,0.4,0.0,0.4,0.0,3.6666666666666665,0.5773502691896257,4.166666666666667,0.752772652709081,-0.20000000000004547,0.10000000000002274,0.8660254037844387,-0.4999999999999998,0.7071067811865476,-0.7071067811865475,0.4,3.0
2026-08-10 10:20:00,120.0,3.0,0.4,1017.3,29.5,29.4,0.4,0.4,0.4,3.0,3.0,4.0,1017.4,1017.4,1017.3,0.4,0.0,0.4,0.0,3.0,0.0,3.3333333333333335,0.5163977794943223,0.0,-0.10000000000002274,0.8660254037844387,-0.4999999999999998,0.49999999999999994,-0.8660254037844387,0.4,3.0
2026-08-10 11:20:00,110.0,2.0,0.4,1017.8,29.5,29.6,0.4,0.4,0.4,2.0,3.0,3.0,1017.9,1017.8,1017.3,0.4,0.0,0.4,0.0,2.3333333333333335,0.5773502691896257,2.6666666666666665,0.5163977794943223,0.5,0.0,0.9396926207859084,-0.3420201433256687,0.258819045102521,-0.9659258262890682,0.3,2.0
2026-08-10 12:20:00,90.0,2.0,0.3,1018.4,29.9,29.5,0.3,0.3,0.4,2.0,2.0,2.0,1018.4,1018.1,1017.8,0.3,0.0,0.3,0.0,1.6666666666666667,0.5773502691896258,1.6666666666666667,0.5163977794943234,0.6000000000000227,0.2999999999999545,1.0,6.123233995736766e-17,1.2246467991473532e-16,-1.0,0.3,2.0
2026-08-10 14:20:00,80.0,3.0,0.3,1019.5,30.1,29.6,0.3,0.3,0.3,3.0,3.0,3.0,1019.5,1019.3,1018.8,0.3,0.0,0.3,0.0,3.0,0.0,3.0,0.0,0.7000000000000455,0.20000000000004547,0.984807753012208,0.17364817766693041,-0.4999999999999997,-0.8660254037844388,0.3,3.0
2026-08-10 15:20:00,70.0,3.0,0.4,1020.0,30.0,29.6,0.4,0.3,0.3,3.0,3.0,3.0,1019.9,1019.7,1019.5,0.4,0.0,0.3666666666666667,0.05773502691896262,3.0,0.0,3.0,0.0,0.5,0.2999999999999545,0.9396926207859083,0.3420201433256688,-0.7071067811865471,-0.7071067811865479,0.4,4.0
