timestamp,wind_dir,wind_speed,wave_height,pressure,air_temp,water_temp,wave_height_1h,wave_height_3h,wave_height_6h,wind_speed_1h,wind_speed_3h,wind_speed_6h,pressure_1h,pressure_3h,pressure_6h,wave_height_roll_mean_3h,wave_height_roll_std_3h,wave_height_roll_mean_6h,wave_height_roll_std_6h,wind_speed_roll_mean_3h,wind_speed_roll_std_3h,wind_speed_roll_mean_6h,wind_speed_roll_std_6h,pressure_drop_6h,pressure_drop_3h,wind_dir_sin,wind_dir_cos,hour_sin,hour_cos,target_wave_height_3h,target_wind_speed_3h
2026-06-26 02:20:00,200.0,3.0,0.3,1018.4,19.4,16.8,0.3,0.4,0.3,3.0,3.0,3.0,1018.3,1018.2,1018.1,0.3,0.0,0.3333333333333333,0.0577350269189626,3.0,0.0,3.1666666666666665,0.40824829046386435,0.2999999999999545,0.1999999999999318,-0.34202014332566866,-0.9396926207859084,0.49999999999999994,0.8660254037844387,0.4,3.0
2026-06-26 05:20:00,170.0,2.0,0.4,1018.5,17.9,16.5,0.4,0.5,0.4,2.0,2.0,1.0,1018.5,1018.3,1018.4,0.4,0.0,0.43333333333333335,0.05773502691896256,2.0,0.0,2.0,0.0,0.10000000000002274,0.20000000000004547,0.17364817766693028,-0.984807753012208,0.9659258262890683,0.25881904510252074,0.4,3.0
2026-06-26 07:20:00,210.0,3.0,0.4,1018.0,18.2,16.7,0.4,0.5,0.4,2.0,3.0,2.0,1018.2,1018.2,1018.2,0.4,0.0,0.43333333333333335,0.05773502691896256,2.3333333333333335,0.5773502691896257,3.0,0.8944271909999159,-0.20000000000004547,-0.20000000000004547,-0.5000000000000001,-0.8660254037844386,0.9659258262890683,-0.25881904510252063,0.5,2.0
2026-06-26 13:20:00,,0.0,0.4,1018.5,17.4,16.6,0.4,0.4,0.4,0.0,0.0,0.0,1018.5,1018.3,1018.9,0.4,0.0,0.4,0.0,0.0,0.0,0.0,0.0,-0.39999999999997726,0.20000000000004547,,,-0.2588190451025208,-0.9659258262890683,0.3,4.0
2026-06-26 18:50:00,130.0,4.0,0.4,1016.9,17.9,,0.4,0.4,0.4,3.0,2.0,3.0,1016.9,1017.1,1017.4,0.4,0.0,0.4,0.0,3.3333333333333335,0.5773502691896257,3.0,0.6324555320336759,-0.5,-0.20000000000004547,0.766044443118978,-0.6427876096865394,-1.0,-1.8369701987210297e-16,0.4,5.0
2026-06-26 19:20:00,140.0,5.0,0.4,1016.6,18.2,17.0,0.4,0.4,0.4,5.0,4.0,2.0,1016.7,1016.9,1017.1,0.4,0.0,0.4,0.0,4.666666666666667,0.5773502691896258,4.0,0.8944271909999159,-0.5,-0.2999999999999545,0.6427876096865395,-0.7660444431189779,-0.9659258262890684,0.2588190451025203,0.4,5.0
2026-06-26 19:50:00,130.0,5.0,0.4,1016.0,18.7,16.9,0.4,0.4,0.4,5.0,5.0,4.0,1016.2,1016.6,1016.9,0.4,0.0,0.4,0.0,5.0,0.0,4.833333333333333,0.40824829046386213,-0.8999999999999773,-0.6000000000000227,0.766044443118978,-0.6427876096865394,-0.9659258262890684,0.2588190451025203,0.4,5.0
2026-06-26 20:20:00,140.0,5.0,0.4,1015.9,18.5,16.9,0.4,0.4,0.4,5.0,5.0,5.0,1015.9,1016.0,1016.6,0.4,0.0,0.4,0.0,5.0,0.0,5.0,0.0,-0.7000000000000455,-0.10000000000002274,0.6427876096865395,-0.7660444431189779,-0.8660254037844386,0.5000000000000001,0.4,5.0
2026-06-26 22:20:00,150.0,5.0,0.4,1015.3,19.2,16.9,0.4,0.4,0.4,5.0,5.0,5.0,1015.3,1015.3,1015.4,0.4,0.0,0.4,0.0,5.0,0.0,5.166666666666667,0.40824829046386296,-0.10000000000002274,0.0,0.49999999999999994,-0.8660254037844387,-0.5000000000000004,0.8660254037844384,0.4,5.0
2026-06-27 04:20:00,230.0,2.0,0.3,1016.1,18.1,17.4,0.3,0.3,0.3,2.0,3.0,3.0,1016.1,1016.2,1016.3,0.3,0.0,0.3,0.0,2.3333333333333335,0.5773502691896257,2.6666666666666665,0.5163977794943223,-0.1999999999999318,-0.10000000000002274,-0.7660444431189779,-0.6427876096865395,0.8660254037844386,0.5000000000000001,0.3,4.0
2026-06-27 04:50:00,240.0,4.0,0.3,1016.2,18.2,17.4,0.3,0.3,0.3,4.0,2.0,3.0,1016.2,1016.1,1016.2,0.3,0.0,0.3,0.0,3.6666666666666665,0.5773502691896257,3.0,0.8944271909999157,0.0,0.10000000000002274,-0.8660254037844385,-0.5000000000000004,0.8660254037844386,0.5000000000000001,0.3,4.0
2026-06-27 06:20:00,230.0,3.0,0.3,1016.1,18.5,17.3,0.3,0.3,0.3,4.0,3.0,4.0,1016.1,1016.0,1016.4,0.3,0.0,0.3,0.0,3.6666666666666665,0.5773502691896257,3.5,0.5477225575051664,-0.2999999999999545,0.10000000000002274,-0.7660444431189779,-0.6427876096865395,1.0,6.123233995736766e-17,0.2,3.0
2026-06-27 07:50:00,320.0,1.0,0.3,1016.4,17.8,17.2,0.3,0.3,0.2,3.0,3.0,3.0,1016.6,1016.4,1016.4,0.3,0.0,0.3,0.0,2.3333333333333335,1.1547005383792517,2.6666666666666665,0.816496580927726,0.0,0.0,-0.6427876096865396,0.7660444431189778,0.9659258262890683,-0.25881904510252063,0.3,2.0
2026-06-27 10:50:00,50.0,3.0,0.3,1017.4,16.8,16.8,0.3,0.3,0.3,3.0,2.0,1.0,1017.4,1017.3,1017.1,0.3,0.0,0.3,0.0,2.6666666666666665,0.5773502691896257,2.0,0.8944271909999157,0.2999999999999545,0.10000000000002274,0.766044443118978,0.6427876096865394,0.49999999999999994,-0.8660254037844387,0.3,2.0
2026-06-27 11:20:00,50.0,2.0,0.3,1017.7,16.3,16.8,0.3,0.3,0.3,2.0,3.0,2.0,1017.7,1017.4,1017.3,0.3,0.0,0.3,0.0,2.3333333333333335,0.5773502691896257,2.5,0.5477225575051659,0.40000000000009095,0.3000000000000682,0.766044443118978,0.6427876096865394,0.258819045102521,-0.9659258262890682,0.3,2.0
2026-06-27 15:20:00,10.0,4.0,0.3,1018.4,16.0,16.9,0.3,0.3,0.3,4.0,4.0,4.0,1018.3,1018.4,1018.2,0.3,0.0,0.3,0.0,3.6666666666666665,0.5773502691896257,3.8333333333333335,0.408248290463863,0.1999999999999318,0.0,0.17364817766693033,0.984807753012208,-0.7071067811865471,-0.7071067811865479,0.3,3.0
2026-06-27 15:50:00,20.0,3.0,0.3,1018.3,16.0,17.0,0.3,0.3,0.3,3.0,4.0,4.0,1018.4,1018.4,1018.4,0.3,0.0,0.3,0.0,3.3333333333333335,0.5773502691896257,3.5,0.5477225575051664,-0.10000000000002274,-0.10000000000002274,0.3420201433256687,0.9396926207859084,-0.7071067811865471,-0.7071067811865479,0.3,3.0
2026-06-27 17:20:00,50.0,3.0,0.3,1018.0,15.7,16.9,0.3,0.3,0.3,3.0,2.0,3.0,1018.0,1018.0,1018.0,0.3,0.0,0.3,0.0,3.0,0.0,2.8333333333333335,0.408248290463863,0.0,0.0,0.766044443118978,0.6427876096865394,-0.9659258262890683,-0.25881904510252063,0.3,4.0
2026-06-27 18:20:00,60.0,4.0,0.3,1017.7,15.5,17.0,0.3,0.3,0.3,4.0,4.0,3.0,1017.7,1017.8,1018.0,0.3,0.0,0.3,0.0,4.0,0.0,3.8333333333333335,0.4082482904638625,-0.2999999999999545,-0.09999999999990905,0.8660254037844386,0.5000000000000001,-1.0,-1.8369701987210297e-16,0.4,4.0
2026-06-27 19:50:00,100.0,4.0,0.3,1017.2,15.2,17.0,0.3,0.3,0.4,4.0,4.0,4.0,1017.2,1017.2,1017.6,0.3,0.0,0.3,0.0,4.0,0.0,4.0,0.0,-0.39999999999997726,0.0,0.984807753012208,-0.1736481776669303,-0.9659258262890684,0.2588190451025203,0.3,4.0
2026-06-27 21:20:00,130.0,3.0,0.4,1016.4,15.6,17.0,0.4,0.4,0.3,4.0,4.0,4.0,1016.7,1017.0,1016.9,0.4,0.0,0.4,0.0,3.6666666666666665,0.5773502691896257,3.6666666666666665,0.5163977794943223,-0.5,-0.6000000000000227,0.766044443118978,-0.6427876096865394,-0.7071067811865477,0.7071067811865474,0.4,3.0
2026-06-27 22:20:00,130.0,2.0,0.4,1016.4,15.7,17.0,0.4,0.4,0.4,2.0,3.0,3.0,1016.4,1016.6,1016.4,0.4,0.0,0.4,0.0,2.0,0.0,2.6666666666666665,0.8164965809277267,0.0,-0.20000000000004547,0.766044443118978,-0.6427876096865394,-0.5000000000000004,0.8660254037844384,0.4,3.0
2026-06-28 02:20:00,120.0,3.0,0.4,1015.9,16.3,17.1,0.4,0.4,0.4,3.0,3.0,3.0,1016.2,1016.3,1016.4,0.4,0.0,0.4,0.0,3.0,0.0,3.0,0.0,-0.5,-0.39999999999997726,0.8660254037844387,-0.4999999999999998,0.49999999999999994,0.8660254037844387,0.4,3.0
2026-06-28 04:50:00,140.0,3.0,0.3,1015.7,16.6,17.1,0.3,0.3,0.3,3.0,2.0,2.0,1015.7,1015.8,1015.8,0.3,0.0,0.3,0.0,3.0,0.0,2.5,0.5477225575051664,-0.09999999999990905,-0.09999999999990905,0.6427876096865395,-0.7660444431189779,0.8660254037844386,0.5000000000000001,0.4,2.0
2026-06-28 08:50:00,110.0,1.0,0.4,1015.3,16.6,17.2,0.4,0.4,0.4,2.0,2.0,2.0,1015.1,1015.1,1015.2,0.4,0.0,0.4,0.0,1.6666666666666667,0.5773502691896258,1.8333333333333333,0.408248290463863,0.09999999999990905,0.1999999999999318,0.9396926207859084,-0.3420201433256687,0.8660254037844387,-0.4999999999999998,0.4,1.0
2026-06-28 13:20:00,,0.0,0.4,1016.2,16.8,17.4,0.4,0.4,0.4,0.0,0.0,2.0,1016.3,1016.5,1016.3,0.4,0.0,0.4,0.0,0.0,0.0,0.5,0.8366600265340752,-0.09999999999990905,-0.2999999999999545,,,-0.2588190451025208,-0.9659258262890683,0.4,1.0
2026-06-28 14:20:00,220.0,1.0,0.4,1016.2,17.0,17.4,0.4,0.4,0.4,0.0,1.0,0.0,1016.2,1016.4,1016.2,0.4,0.0,0.4,0.0,0.6666666666666666,0.5773502691896258,0.8333333333333334,0.4082482904638624,0.0,-0.1999999999999318,-0.6427876096865393,-0.766044443118978,-0.4999999999999997,-0.8660254037844388,0.4,1.0
2026-06-28 15:20:00,10.0,1.0,0.4,1016.6,17.1,17.7,0.4,0.4,0.4,1.0,1.0,1.0,1016.6,1016.5,1016.2,0.4,0.0,0.4,0.0,1.0,0.0,1.0,0.0,0.39999999999997726,0.10000000000002274,0.17364817766693033,0.984807753012208,-0.7071067811865471,-0.7071067811865479,0.3,1.0
2026-06-28 15:50:00,40.0,1.0,0.3,1016.5,17.3,17.6,0.3,0.4,0.4,0.0,1.0,1.0,1016.6,1016.6,1016.5,0.3,0.0,0.35000000000000003,0.05773502691896258,0.6666666666666666,0.5773502691896258,0.8333333333333334,0.408248290463863,0.0,-0.10000000000002274,0.6427876096865393,0.766044443118978,-0.7071067811865471,-0.7071067811865479,0.3,1.0
2026-06-28 16:20:00,100.0,1.0,0.3,1016.5,17.2,18.0,0.3,0.3,0.4,1.0,1.0,1.0,1016.6,1016.5,1016.6,0.3,0.0,0.3,0.0,1.0,0.0,0.8333333333333334,0.408248290463863,-0.10000000000002274,0.0,0.984807753012208,-0.1736481776669303,-0.8660254037844385,-0.5000000000000004,0.4,3.0
2026-06-28 17:20:00,80.0,3.0,0.4,1016.0,17.5,18.0,0.4,0.4,0.3,3.0,3.0,1.0,1016.0,1016.0,1016.5,0.4,0.0,0.4,0.0,3.0,0.0,2.5,0.8366600265340755,-0.5,0.0,0.984807753012208,0.17364817766693041,-0.9659258262890683,-0.25881904510252063,0.3,3.0
2026-06-28 18:20:00,100.0,3.0,0.4,1015.8,17.7,18.2,0.4,0.3,0.4,3.0,3.0,3.0,1015.8,1015.9,1016.0,0.4,0.0,0.3666666666666667,0.0577350269189626,3.0,0.0,3.0,0.0,-0.20000000000004547,-0.10000000000002274,0.984807753012208,-0.1736481776669303,-1.0,-1.8369701987210297e-16,0.4,4.0
2026-06-28 18:50:00,110.0,4.0,0.4,1015.6,17.6,18.4,0.4,0.4,0.3,3.0,3.0,3.0,1015.6,1015.8,1015.9,0.4,0.0,0.4,0.0,3.3333333333333335,0.5773502691896257,3.1666666666666665,0.408248290463863,-0.2999999999999545,-0.1999999999999318,0.9396926207859084,-0.3420201433256687,-1.0,-1.8369701987210297e-16,0.3,4.0
2026-06-28 19:20:00,150.0,4.0,0.3,1015.9,17.6,18.6,0.3,0.4,0.4,3.0,4.0,3.0,1015.8,1015.6,1015.8,0.3,0.0,0.35,0.05773502691896258,3.6666666666666665,0.5773502691896257,3.5,0.5477225575051664,0.10000000000002274,0.2999999999999545,0.49999999999999994,-0.8660254037844387,-0.9659258262890684,0.2588190451025203,0.3,4.0
2026-06-28 20:50:00,130.0,3.0,0.4,1015.9,16.9,18.4,0.4,0.4,0.3,3.0,3.0,4.0,1015.8,1015.8,1015.8,0.4,0.0,0.4,0.0,3.0,0.0,3.1666666666666665,0.4082482904638636,0.10000000000002274,0.10000000000002274,0.766044443118978,-0.6427876096865394,-0.8660254037844386,0.5000000000000001,0.3,3.0
2026-06-29 02:20:00,180.0,3.0,0.4,1016.2,17.8,17.5,0.4,0.4,0.4,3.0,3.0,3.0,1016.1,1016.0,1016.0,0.4,0.0,0.4,0.0,3.0,0.0,3.0,0.0,0.20000000000004547,0.20000000000004547,1.2246467991473532e-16,-1.0,0.49999999999999994,0.8660254037844387,0.4,3.0
2026-06-29 04:50:00,240.0,3.0,0.3,1015.8,18.3,17.5,0.3,0.3,0.3,4.0,3.0,3.0,1015.8,1015.9,1016.3,0.3,0.0,0.3,0.0,3.3333333333333335,0.5773502691896257,3.1666666666666665,0.408248290463863,-0.5,-0.10000000000002274,-0.8660254037844385,-0.5000000000000004,0.8660254037844386,0.5000000000000001,0.3,3.0
2026-06-29 05:20:00,250.0,3.0,0.3,1015.9,18.2,17.5,0.3,0.3,0.3,3.0,3.0,3.0,1015.8,1015.8,1015.9,0.3,0.0,0.3,0.0,3.0,0.0,3.1666666666666665,0.408248290463863,0.0,0.10000000000002274,-0.9396926207859084,-0.34202014332566855,0.9659258262890683,0.25881904510252074,0.3,4.0
2026-06-29 06:20:00,230.0,4.0,0.3,1015.8,17.9,17.5,0.3,0.3,0.3,3.0,4.0,3.0,1015.8,1015.8,1015.9,0.3,0.0,0.3,0.0,3.6666666666666665,0.5773502691896257,3.6666666666666665,0.5163977794943226,-0.10000000000002274,0.0,-0.7660444431189779,-0.6427876096865395,1.0,6.123233995736766e-17,0.3,3.0
2026-06-29 07:50:00,240.0,2.0,0.3,1016.3,18.5,17.2,0.3,0.3,0.3,1.0,2.0,3.0,1016.5,1016.1,1015.9,0.3,0.0,0.3,0.0,1.6666666666666667,0.5773502691896258,2.0,0.6324555320336752,0.39999999999997726,0.1999999999999318,-0.8660254037844385,-0.5000000000000004,0.9659258262890683,-0.25881904510252063,0.3,2.0
2026-06-29 08:20:00,170.0,2.0,0.3,1016.7,18.1,17.2,0.3,0.3,0.3,2.0,2.0,2.0,1016.4,1016.3,1016.1,0.3,0.0,0.3,0.0,1.6666666666666667,0.5773502691896258,1.6666666666666667,0.5163977794943211,0.6000000000000227,0.40000000000009095,0.17364817766693028,-0.984807753012208,0.8660254037844387,-0.4999999999999998,0.3,1.0
2026-06-29 08:50:00,210.0,1.0,0.3,1016.6,17.7,17.1,0.3,0.3,0.3,1.0,2.0,2.0,1016.6,1016.7,1016.3,0.3,0.0,0.3,0.0,1.3333333333333333,0.5773502691896258,1.5,0.5477225575051647,0.3000000000000682,-0.10000000000002274,-0.5000000000000001,-0.8660254037844386,0.8660254037844387,-0.4999999999999998,0.3,2.0
2026-06-29 10:20:00,290.0,2.0,0.3,1017.2,17.3,17.0,0.3,0.3,0.3,2.0,2.0,2.0,1017.1,1017.0,1016.7,0.3,0.0,0.3,0.0,2.0,0.0,2.1666666666666665,0.40824829046386224,0.5,0.20000000000004547,-0.9396926207859083,0.342020143325669,0.49999999999999994,-0.8660254037844387,0.3,2.0
2026-06-29 10:50:00,290.0,2.0,0.3,1017.3,17.5,17.0,0.3,0.3,0.3,2.0,2.0,2.0,1017.3,1017.2,1017.0,0.3,0.0,0.3,0.0,2.0,0.0,2.0,0.0,0.2999999999999545,0.09999999999990905,-0.9396926207859083,0.342020143325669,0.49999999999999994,-0.8660254037844387,0.3,3.0
2026-06-29 11:20:00,260.0,3.0,0.3,1017.5,17.5,17.1,0.3,0.3,0.3,3.0,2.0,2.0,1017.4,1017.3,1017.2,0.3,0.0,0.3,0.0,2.6666666666666665,0.5773502691896257,2.3333333333333335,0.5163977794943223,0.2999999999999545,0.20000000000004547,-0.984807753012208,-0.17364817766693033,0.258819045102521,-0.9659258262890682,0.3,2.0
2026-06-29 12:20:00,330.0,3.0,0.3,1018.0,17.8,17.3,0.3,0.3,0.3,2.0,2.0,3.0,1017.9,1017.7,1017.5,0.3,0.0,0.3,0.0,2.3333333333333335,0.5773502691896257,2.3333333333333335,0.5163977794943223,0.5,0.2999999999999545,-0.5000000000000004,0.8660254037844384,1.2246467991473532e-16,-1.0,0.3,2.0
2026-06-29 13:20:00,10.0,3.0,0.4,1018.5,18.2,17.5,0.4,0.3,0.3,3.0,2.0,3.0,1018.5,1018.1,1018.0,0.4,0.0,0.3666666666666667,0.05773502691896262,3.0,0.0,2.8333333333333335,0.4082482904638636,0.5,0.39999999999997726,0.17364817766693033,0.984807753012208,-0.2588190451025208,-0.9659258262890683,0.3,4.0
2026-06-29 14:20:00,10.0,3.0,0.3,1018.9,18.3,17.6,0.3,0.3,0.4,4.0,4.0,3.0,1018.8,1018.7,1018.5,0.3,0.0,0.3,0.0,3.6666666666666665,0.5773502691896257,3.8333333333333335,0.408248290463863,0.39999999999997726,0.1999999999999318,0.17364817766693033,0.984807753012208,-0.4999999999999997,-0.8660254037844388,0.3,3.0
2026-06-29 14:50:00,10.0,3.0,0.3,1019.0,18.3,17.8,0.3,0.3,0.3,3.0,3.0,4.0,1019.0,1018.9,1018.7,0.3,0.0,0.3,0.0,3.0,0.0,3.3333333333333335,0.5163977794943226,0.2999999999999545,0.10000000000002274,0.17364817766693033,0.984807753012208,-0.4999999999999997,-0.8660254037844388,0.3,2.0
2026-06-29 15:20:00,20.0,2.0,0.3,1019.3,18.3,18.0,0.3,0.3,0.3,2.0,3.0,3.0,1019.2,1019.0,1018.9,0.3,0.0,0.3,0.0,2.3333333333333335,0.5773502691896257,2.6666666666666665,0.5163977794943223,0.39999999999997726,0.2999999999999545,0.3420201433256687,0.9396926207859084,-0.7071067811865471,-0.7071067811865479,0.3,2.0
2026-06-29 16:20:00,10.0,2.0,0.3,1019.4,18.7,18.7,0.3,0.3,0.3,2.0,2.0,2.0,1019.4,1019.6,1019.3,0.3,0.0,0.3,0.0,2.0,0.0,2.3333333333333335,0.5163977794943226,0.10000000000002274,-0.20000000000004547,0.17364817766693033,0.984807753012208,-0.8660254037844385,-0.5000000000000004,0.3,3.0
2026-06-29 17:20:00,40.0,4.0,0.3,1019.4,18.9,19.1,0.3,0.3,0.3,4.0,3.0,2.0,1019.5,1019.4,1019.4,0.3,0.0,0.3,0.0,3.6666666666666665,0.5773502691896257,3.1666666666666665,0.7527726527090816,0.0,0.0,0.6427876096865393,0.766044443118978,-0.9659258262890683,-0.25881904510252063,0.3,4.0
2026-06-29 18:20:00,50.0,4.0,0.3,1019.2,18.9,19.1,0.3,0.3,0.3,4.0,4.0,4.0,1019.2,1019.3,1019.4,0.3,0.0,0.3,0.0,4.0,0.0,4.0,0.0,-0.1999999999999318,-0.09999999999990905,0.766044443118978,0.6427876096865394,-1.0,-1.8369701987210297e-16,0.4,4.0
2026-06-29 20:20:00,80.0,4.0,0.4,1019.4,18.6,19.0,0.4,0.3,0.3,4.0,4.0,4.0,1019.3,1019.2,1019.1,0.4,0.0,0.3666666666666667,0.05773502691896262,4.0,0.0,4.0,0.0,0.2999999999999545,0.1999999999999318,0.984807753012208,0.17364817766693041,-0.8660254037844386,0.5000000000000001,0.4,4.0
2026-06-29 21:20:00,90.0,3.0,0.4,1019.3,18.7,,0.4,0.4,0.4,4.0,4.0,4.0,1019.2,1019.4,1019.4,0.4,0.0,0.4,0.0,3.6666666666666665,0.5773502691896257,3.8333333333333335,0.408248290463863,-0.10000000000002274,-0.10000000000002274,1.0,6.123233995736766e-17,-0.7071067811865477,0.7071067811865474,0.4,3.0
2026-06-29 22:20:00,110.0,2.0,0.4,1019.3,18.8,18.7,0.4,0.4,0.4,2.0,3.0,3.0,1019.2,1019.2,1019.3,0.4,0.0,0.4,0.0,2.3333333333333335,0.5773502691896257,2.6666666666666665,0.5163977794943223,0.0,0.09999999999990905,0.9396926207859084,-0.3420201433256687,-0.5000000000000004,0.8660254037844384,0.4,1.0
2026-06-30 00:50:00,170.0,3.0,0.4,1020.1,18.5,18.5,0.4,0.4,0.4,3.0,2.0,2.0,1020.0,1020.1,1019.9,0.4,0.0,0.4,0.0,2.6666666666666665,0.5773502691896257,2.3333333333333335,0.5163977794943223,0.20000000000004547,0.0,0.17364817766693028,-0.984807753012208,0.0,1.0,0.4,3.0
2026-06-30 01:20:00,170.0,3.0,0.4,1020.5,18.5,18.5,0.4,0.4,0.4,2.0,3.0,2.0,1020.3,1020.1,1020.1,0.4,0.0,0.4,0.0,2.6666666666666665,0.5773502691896257,2.6666666666666665,0.5163977794943226,0.39999999999997726,0.39999999999997726,0.17364817766693028,-0.984807753012208,0.25881904510252074,0.9659258262890683,0.4,3.0
2026-06-30 01:50:00,160.0,3.0,0.4,1020.6,19.0,18.5,0.4,0.4,0.4,2.0,3.0,3.0,1020.6,1020.5,1020.1,0.4,0.0,0.4,0.0,2.6666666666666665,0.5773502691896257,2.6666666666666665,0.5163977794943226,0.5,0.10000000000002274,0.3420201433256689,-0.9396926207859083,0.25881904510252074,0.9659258262890683,0.4,3.0
2026-06-30 02:20:00,150.0,3.0,0.4,1020.4,19.1,18.4,0.4,0.4,0.4,3.0,3.0,3.0,1020.4,1020.6,1020.5,0.4,0.0,0.4,0.0,2.6666666666666665,0.5773502691896257,2.6666666666666665,0.5163977794943226,-0.10000000000002274,-0.20000000000004547,0.49999999999999994,-0.8660254037844387,0.49999999999999994,0.8660254037844387,0.4,2.0
2026-06-30 03:20:00,170.0,2.0,0.3,1020.3,18.7,18.3,0.3,0.4,0.4,2.0,2.0,3.0,1020.4,1020.3,1020.4,0.3,0.0,0.3333333333333333,0.05773502691896262,2.0,0.0,2.3333333333333335,0.5163977794943223,-0.10000000000002274,0.0,0.17364817766693028,-0.984807753012208,0.7071067811865476,0.7071067811865476,0.3,2.0
2026-06-30 04:20:00,180.0,3.0,0.3,1020.0,18.5,18.2,0.3,0.3,0.3,3.0,2.0,2.0,1020.1,1020.1,1020.3,0.3,0.0,0.3,0.0,2.6666666666666665,0.5773502691896257,2.5,0.5477225575051664,-0.2999999999999545,-0.10000000000002274,1.2246467991473532e-16,-1.0,0.8660254037844386,0.5000000000000001,0.3,3.0
2026-06-30 05:20:00,190.0,2.0,0.3,1019.9,18.3,18.1,0.3,0.3,0.3,2.0,3.0,3.0,1019.9,1019.8,1020.0,0.3,0.0,0.3,0.0,2.3333333333333335,0.5773502691896257,2.6666666666666665,0.5163977794943223,-0.10000000000002274,0.10000000000002274,-0.17364817766693047,-0.984807753012208,0.9659258262890683,0.25881904510252074,0.3,2.0
2026-06-30 06:20:00,200.0,2.0,0.3,1019.9,18.2,18.1,0.3,0.3,0.3,2.0,2.0,2.0,1019.9,1020.0,1019.9,0.3,0.0,0.3,0.0,2.0,0.0,2.1666666666666665,0.4082482904638636,0.0,-0.10000000000002274,-0.34202014332566866,-0.9396926207859084,1.0,6.123233995736766e-17,0.3,1.0
2026-06-30 07:50:00,240.0,2.0,0.3,1019.9,17.9,18.1,0.3,0.3,0.3,1.0,1.0,1.0,1019.9,1019.9,1019.9,0.3,0.0,0.3,0.0,1.3333333333333333,0.5773502691896258,1.1666666666666667,0.408248290463863,0.0,0.0,-0.8660254037844385,-0.5000000000000004,0.9659258262890683,-0.25881904510252063,0.3,1.0
2026-06-30 08:20:00,230.0,1.0,0.3,1019.8,18.0,18.1,0.3,0.3,0.3,1.0,2.0,1.0,1019.9,1019.9,1019.9,0.3,0.0,0.3,0.0,1.3333333333333333,0.5773502691896258,1.3333333333333333,0.5163977794943222,-0.10000000000002274,-0.10000000000002274,-0.7660444431189779,-0.6427876096865395,0.8660254037844387,-0.4999999999999998,0.3,1.0
2026-06-30 08:50:00,210.0,1.0,0.3,1019.6,17.9,18.0,0.3,0.3,0.3,1.0,1.0,2.0,1019.6,1019.8,1019.9,0.3,0.0,0.3,0.0,1.0,0.0,1.1666666666666667,0.408248290463863,-0.2999999999999545,-0.1999999999999318,-0.5000000000000001,-0.8660254037844386,0.8660254037844387,-0.4999999999999998,0.3,0.0
2026-06-30 09:20:00,,0.0,0.3,1019.9,17.8,18.0,0.3,0.3,0.3,0.0,1.0,1.0,1019.9,1019.6,1019.8,0.3,0.0,0.3,0.0,0.3333333333333333,0.5773502691896258,0.6666666666666666,0.5163977794943223,0.10000000000002274,0.2999999999999545,,,0.7071067811865476,-0.7071067811865475,0.3,1.0
2026-06-30 10:20:00,110.0,1.0,0.3,1020.1,17.9,17.9,0.3,0.3,0.3,1.0,1.0,0.0,1020.2,1020.2,1019.9,0.3,0.0,0.3,0.0,1.0,0.0,1.0,0.0,0.20000000000004547,-0.10000000000002274,0.9396926207859084,-0.3420201433256687,0.49999999999999994,-0.8660254037844387,0.3,2.0
2026-06-30 11:20:00,130.0,2.0,0.3,1020.0,18.2,17.9,0.3,0.3,0.3,2.0,2.0,1.0,1020.0,1020.1,1020.1,0.3,0.0,0.3,0.0,2.0,0.0,1.6666666666666667,0.5163977794943222,-0.10000000000002274,-0.10000000000002274,0.766044443118978,-0.6427876096865394,0.258819045102521,-0.9659258262890682,0.4,3.0
2026-06-30 12:20:00,160.0,3.0,0.3,1020.2,18.3,18.0,0.3,0.4,0.3,3.0,3.0,2.0,1020.1,1019.9,1020.0,0.3,0.0,0.3333333333333333,0.0577350269189626,3.0,0.0,2.6666666666666665,0.5163977794943226,0.20000000000004547,0.3000000000000682,0.3420201433256689,-0.9396926207859083,1.2246467991473532e-16,-1.0,0.3,4.0
2026-06-30 13:20:00,150.0,4.0,0.3,1019.5,18.6,18.3,0.3,0.3,0.3,4.0,4.0,3.0,1019.3,1019.6,1020.2,0.3,0.0,0.3,0.0,3.6666666666666665,0.5773502691896257,3.6666666666666665,0.5163977794943226,-0.7000000000000455,-0.10000000000002274,0.49999999999999994,-0.8660254037844387,-0.2588190451025208,-0.9659258262890683,0.3,4.0
2026-06-30 14:20:00,140.0,4.0,0.4,1019.1,18.9,18.4,0.4,0.3,0.3,4.0,4.0,4.0,1019.3,1019.2,1019.5,0.4,0.0,0.3666666666666667,0.05773502691896262,4.0,0.0,4.0,0.0,-0.39999999999997726,-0.10000000000002274,0.6427876096865395,-0.7660444431189779,-0.4999999999999997,-0.8660254037844388,0.4,5.0
2026-06-30 14:50:00,140.0,5.0,0.4,1019.0,19.1,18.4,0.4,0.4,0.3,5.0,4.0,4.0,1018.9,1019.1,1019.2,0.4,0.0,0.4,0.0,4.666666666666667,0.5773502691896258,4.333333333333333,0.5163977794943221,-0.20000000000004547,-0.10000000000002274,0.6427876096865395,-0.7660444431189779,-0.4999999999999997,-0.8660254037844388,0.4,5.0
2026-06-30 15:20:00,140.0,5.0,0.4,1019.1,19.0,18.4,0.4,0.4,0.4,5.0,5.0,4.0,1019.1,1019.0,1019.1,0.4,0.0,0.4,0.0,5.0,0.0,4.833333333333333,0.4082482904638632,0.0,0.10000000000002274,0.6427876096865395,-0.7660444431189779,-0.7071067811865471,-0.7071067811865479,0.5,6.0
2026-06-30 15:50:00,140.0,6.0,0.5,1019.0,19.3,18.3,0.5,0.4,0.4,6.0,5.0,5.0,1019.1,1019.1,1019.0,0.5,0.0,0.45000000000000007,0.05773502691896253,6.0,0.0,5.5,0.5477225575051659,0.0,-0.10000000000002274,0.6427876096865395,-0.7660444431189779,-0.7071067811865471,-0.7071067811865479,0.5,7.0
2026-06-30 16:20:00,150.0,7.0,0.5,1018.7,19.5,18.3,0.5,0.5,0.4,6.0,6.0,5.0,1018.8,1019.0,1019.1,0.5,0.0,0.5,0.0,6.333333333333333,0.5773502691896258,6.166666666666667,0.40824829046386296,-0.39999999999997726,-0.2999999999999545,0.49999999999999994,-0.8660254037844387,-0.8660254037844385,-0.5000000000000004,0.6,7.0
2026-06-30 17:20:00,150.0,7.0,0.6,1018.0,20.0,18.5,0.6,0.6,0.5,7.0,7.0,7.0,1018.2,1018.5,1018.7,0.6,0.0,0.6,0.0,7.0,0.0,7.0,0.0,-0.7000000000000455,-0.5,0.49999999999999994,-0.8660254037844387,-0.9659258262890683,-0.25881904510252063,0.8,7.0
2026-06-30 18:20:00,150.0,7.0,0.7,1017.1,20.2,18.5,0.7,0.8,0.6,7.0,7.0,7.0,1017.1,1017.6,1018.0,0.7,0.0,0.7333333333333333,0.057735026918962706,7.0,0.0,7.166666666666667,0.40824829046386296,-0.8999999999999773,-0.5,0.49999999999999994,-0.8660254037844387,-1.0,-1.8369701987210297e-16,0.8,7.0
2026-06-30 19:20:00,150.0,7.0,0.8,1016.9,20.2,18.0,0.8,0.8,0.7,7.0,7.0,7.0,1017.1,1016.9,1017.1,0.8,0.0,0.8,0.0,7.333333333333333,0.5773502691896258,7.166666666666667,0.40824829046386296,-0.20000000000004547,0.0,0.49999999999999994,-0.8660254037844387,-0.9659258262890684,0.2588190451025203,0.8,7.0
2026-06-30 19:50:00,150.0,7.0,0.8,1016.8,20.2,17.8,0.8,0.8,0.8,7.0,7.0,7.0,1016.9,1016.9,1016.9,0.8,0.0,0.8,0.0,7.0,0.0,7.166666666666667,0.40824829046386296,-0.10000000000002274,-0.10000000000002274,0.49999999999999994,-0.8660254037844387,-0.9659258262890684,0.2588190451025203,0.7,6.0
2026-06-30 20:20:00,150.0,6.0,0.7,1016.6,20.3,17.5,0.7,0.8,0.8,7.0,7.0,7.0,1016.5,1016.8,1016.9,0.7,0.0,0.75,0.05773502691896264,6.666666666666667,0.5773502691896258,6.833333333333333,0.40824829046386296,-0.2999999999999545,-0.1999999999999318,0.49999999999999994,-0.8660254037844387,-0.8660254037844386,0.5000000000000001,0.7,6.0
2026-06-30 21:20:00,160.0,7.0,0.7,1016.1,20.2,17.4,0.7,0.7,0.7,6.0,6.0,6.0,1016.0,1016.2,1016.6,0.7,0.0,0.7,0.0,6.333333333333333,0.5773502691896258,6.166666666666667,0.40824829046386296,-0.5,-0.10000000000002274,0.3420201433256689,-0.9396926207859083,-0.7071067811865477,0.7071067811865474,0.7,7.0
2026-06-30 22:20:00,170.0,6.0,0.7,1016.3,19.8,17.1,0.7,0.7,0.7,7.0,7.0,7.0,1016.0,1016.2,1016.1,0.7,0.0,0.7,0.0,6.666666666666667,0.5773502691896258,7.0,0.6324555320336752,0.1999999999999318,0.09999999999990905,0.17364817766693028,-0.984807753012208,-0.5000000000000004,0.8660254037844384,0.6,5.0
2026-06-30 23:40:00,180.0,3.0,0.6,1015.9,19.0,17.7,0.6,,0.7,4.0,4.0,7.0,1016.4,1016.6,1016.0,0.6,0.0,0.625,0.049999999999999926,4.0,1.0,4.5,1.048808848170153,-0.10000000000002274,-0.7000000000000455,1.2246467991473532e-16,-1.0,-0.25881904510252157,0.9659258262890681,0.5,4.0
2026-06-30 23:50:00,170.0,3.0,0.6,1015.9,19.4,17.8,0.6,0.6,0.7,3.0,5.0,6.0,1015.9,1016.4,1016.3,0.6,0.0,0.6,0.0,3.3333333333333335,0.577350269189626,4.0,0.8944271909999183,-0.39999999999997726,-0.5,0.17364817766693028,-0.984807753012208,-0.25881904510252157,0.9659258262890681,0.5,4.0
2026-07-01 00:20:00,160.0,4.0,0.5,1015.8,19.5,17.8,0.5,0.6,0.6,4.0,3.0,5.0,1015.8,1015.9,1016.4,0.5,0.0,0.5599999999999999,0.05477225575051658,4.0,0.0,3.6666666666666665,0.5163977794943272,-0.6000000000000227,-0.10000000000002274,0.3420201433256689,-0.9396926207859083,0.0,1.0,0.5,4.0
2026-07-01 01:20:00,160.0,5.0,0.4,1015.8,19.1,17.8,0.4,0.5,0.5,5.0,4.0,4.0,1015.6,1015.7,1015.8,0.4,0.0,0.43333333333333335,0.05773502691896256,5.0,0.0,4.5,0.5477225575051659,0.0,0.09999999999990905,0.3420201433256689,-0.9396926207859083,0.25881904510252074,0.9659258262890683,0.4,3.0
2026-07-01 01:50:00,160.0,3.0,0.4,1016.6,18.6,17.8,0.4,0.4,0.5,4.0,5.0,4.0,1016.1,1015.8,1015.7,0.4,0.0,0.4,0.0,3.6666666666666665,0.5773502691896257,4.333333333333333,0.8164965809277258,0.8999999999999773,0.8000000000000682,0.3420201433256689,-0.9396926207859083,0.25881904510252074,0.9659258262890683,0.5,4.0
2026-07-01 02:20:00,170.0,4.0,0.5,1016.1,18.6,17.7,0.5,0.4,0.4,4.0,3.0,5.0,1016.3,1016.6,1015.8,0.5,0.0,0.45,0.05773502691896253,3.6666666666666665,0.5773502691896257,3.6666666666666665,0.5163977794943212,0.3000000000000682,-0.5,0.17364817766693028,-0.984807753012208,0.49999999999999994,0.8660254037844387,0.5,4.0
2026-07-01 03:20:00,190.0,4.0,0.5,1015.5,19.5,17.8,0.5,0.5,0.5,4.0,4.0,4.0,1015.6,1015.6,1016.1,0.5,0.0,0.5,0.0,4.0,0.0,4.0,0.0,-0.6000000000000227,-0.10000000000002274,-0.17364817766693047,-0.984807753012208,0.7071067811865476,0.7071067811865476,0.5,4.0
2026-07-01 04:20:00,200.0,4.0,0.5,1015.2,19.4,17.7,0.5,0.5,0.5,4.0,4.0,4.0,1015.2,1015.4,1015.5,0.5,0.0,0.5,0.0,4.0,0.0,4.0,0.0,-0.2999999999999545,-0.1999999999999318,-0.34202014332566866,-0.9396926207859084,0.8660254037844386,0.5000000000000001,0.4,3.0
2026-07-01 05:20:00,180.0,4.0,0.4,1014.7,18.8,17.7,0.4,0.4,0.5,3.0,3.0,4.0,1015.0,1015.5,1015.2,0.4,0.0,0.4,0.0,3.3333333333333335,0.5773502691896257,3.1666666666666665,0.408248290463863,-0.5,-0.7999999999999545,1.2246467991473532e-16,-1.0,0.9659258262890683,0.25881904510252074,0.4,4.0
2026-07-01 06:20:00,180.0,4.0,0.4,1014.2,18.7,17.8,0.4,0.4,0.4,4.0,4.0,4.0,1014.2,1014.4,1014.7,0.4,0.0,0.4,0.0,4.0,0.0,4.166666666666667,0.4082482904638629,-0.5,-0.1999999999999318,1.2246467991473532e-16,-1.0,1.0,6.123233995736766e-17,0.4,4.0
2026-07-01 06:50:00,180.0,4.0,0.4,1013.9,18.6,17.7,0.4,0.4,0.4,4.0,4.0,4.0,1014.1,1014.2,1014.4,0.4,0.0,0.4,0.0,4.0,0.0,4.0,0.0,-0.5,-0.3000000000000682,1.2246467991473532e-16,-1.0,1.0,6.123233995736766e-17,0.4,4.0
2026-07-01 07:20:00,190.0,4.0,0.4,1013.8,18.9,17.7,0.4,0.4,0.4,4.0,4.0,4.0,1013.7,1013.9,1014.2,0.4,0.0,0.4,0.0,4.0,0.0,4.0,0.0,-0.40000000000009095,-0.10000000000002274,-0.17364817766693047,-0.984807753012208,0.9659258262890683,-0.25881904510252063,0.4,3.0
2026-07-01 09:20:00,200.0,4.0,0.5,1013.1,20.0,17.4,0.5,0.4,0.4,5.0,4.0,3.0,1013.0,1013.1,1013.6,0.5,0.0,0.4666666666666666,0.05773502691896256,4.666666666666667,0.5773502691896258,4.0,0.8944271909999159,-0.5,0.0,-0.34202014332566866,-0.9396926207859084,0.7071067811865476,-0.7071067811865475,0.5,5.0
2026-07-01 09:50:00,200.0,5.0,0.5,1012.8,20.2,17.5,0.5,0.5,0.4,4.0,4.0,4.0,1012.8,1013.1,1013.1,0.5,0.0,0.5,0.0,4.333333333333333,0.5773502691896258,4.5,0.5477225575051659,-0.3000000000000682,-0.3000000000000682,-0.34202014332566866,-0.9396926207859084,0.7071067811865476,-0.7071067811865475,0.6,2.0
2026-07-01 10:20:00,200.0,2.0,0.6,1013.1,19.7,17.5,0.6,0.5,0.5,3.0,5.0,4.0,1013.0,1012.8,1013.1,0.6,0.0,0.55,0.05773502691896254,3.0,1.0,3.6666666666666665,1.032795558988645,0.0,0.3000000000000682,-0.34202014332566866,-0.9396926207859084,0.49999999999999994,-0.8660254037844387,0.6,3.0
2026-07-01 11:20:00,210.0,2.0,0.6,1013.4,19.4,17.7,0.6,0.6,0.6,3.0,3.0,2.0,1013.3,1013.2,1013.1,0.6,0.0,0.6,0.0,2.6666666666666665,0.5773502691896257,2.8333333333333335,0.408248290463863,0.2999999999999545,0.1999999999999318,-0.5000000000000001,-0.8660254037844386,0.258819045102521,-0.9659258262890682,0.6,3.0
2026-07-01 12:20:00,220.0,3.0,0.5,1013.9,19.3,17.8,0.5,0.6,0.6,3.0,3.0,2.0,1013.9,1014.0,1013.4,0.5,0.0,0.5333333333333333,0.05773502691896258,3.0,0.0,3.0,0.0,0.5,-0.10000000000002274,-0.6427876096865393,-0.766044443118978,1.2246467991473532e-16,-1.0,0.5,3.0
2026-07-01 13:20:00,220.0,4.0,0.5,1013.8,20.1,17.8,0.5,0.5,0.5,4.0,3.0,3.0,1013.9,1013.8,1013.9,0.5,0.0,0.5,0.0,4.0,0.0,3.5,0.5477225575051664,-0.10000000000002274,0.0,-0.6427876096865393,-0.766044443118978,-0.2588190451025208,-0.9659258262890683,0.5,3.0
2026-07-01 14:20:00,,0.0,0.5,1014.0,20.4,17.9,0.5,0.5,0.5,1.0,3.0,4.0,1014.0,1013.8,1013.8,0.5,0.0,0.5,0.0,1.3333333333333333,1.5275252316519468,2.5,1.643167672515499,0.20000000000004547,0.20000000000004547,,,-0.4999999999999997,-0.8660254037844388,0.5,2.0
2026-07-01 14:50:00,160.0,2.0,0.5,1013.6,20.6,18.0,0.5,0.5,0.5,1.0,0.0,3.0,1013.7,1014.0,1013.8,0.5,0.0,0.5,0.0,1.0,1.0,1.1666666666666667,1.1690451944500135,-0.1999999999999318,-0.39999999999997726,0.3420201433256689,-0.9396926207859083,-0.4999999999999997,-0.8660254037844388,0.5,2.0
2026-07-01 16:20:00,150.0,2.0,0.5,1013.3,20.9,18.5,0.5,0.5,0.5,2.0,3.0,2.0,1013.3,1013.1,1013.5,0.5,0.0,0.5,0.0,2.3333333333333335,0.5773502691896257,2.5,0.5477225575051664,-0.20000000000004547,0.1999999999999318,0.49999999999999994,-0.8660254037844387,-0.8660254037844385,-0.5000000000000004,0.4,3.0
2026-07-01 17:20:00,150.0,4.0,0.4,1013.2,20.7,18.9,0.4,0.4,0.5,4.0,3.0,2.0,1013.1,1013.3,1013.3,0.4,0.0,0.4,0.0,3.6666666666666665,0.5773502691896257,3.3333333333333335,0.5163977794943226,-0.09999999999990905,-0.09999999999990905,0.49999999999999994,-0.8660254037844387,-0.9659258262890683,-0.25881904510252063,0.4,3.0
2026-07-01 17:50:00,140.0,3.0,0.4,1013.5,20.5,18.9,0.4,0.4,0.4,3.0,4.0,3.0,1013.3,1013.2,1013.3,0.4,0.0,0.4,0.0,3.3333333333333335,0.5773502691896257,3.5,0.5477225575051664,0.20000000000004547,0.2999999999999545,0.6427876096865395,-0.7660444431189779,-0.9659258262890683,-0.25881904510252063,0.3,3.0
2026-07-01 18:20:00,150.0,3.0,0.3,1013.5,20.6,19.1,0.3,0.4,0.4,3.0,3.0,4.0,1013.6,1013.5,1013.2,0.3,0.0,0.35000000000000003,0.05773502691896258,3.0,0.0,3.1666666666666665,0.4082482904638636,0.2999999999999545,0.0,0.49999999999999994,-0.8660254037844387,-1.0,-1.8369701987210297e-16,0.3,5.0
2026-07-01 19:20:00,160.0,5.0,0.3,1013.0,21.4,18.9,0.3,0.3,0.3,5.0,5.0,3.0,1013.2,1013.4,1013.5,0.3,0.0,0.3,0.0,5.0,0.0,4.833333333333333,0.4082482904638626,-0.5,-0.39999999999997726,0.3420201433256689,-0.9396926207859083,-0.9659258262890684,0.2588190451025203,0.4,6.0
2026-07-01 20:20:00,160.0,5.0,0.6,1012.5,22.0,18.8,0.6,0.4,0.3,5.0,6.0,5.0,1012.6,1012.8,1013.0,0.6,0.0,0.5333333333333333,0.1154700538379252,5.333333333333333,0.5773502691896258,5.5,0.5477225575051659,-0.5,-0.2999999999999545,0.3420201433256689,-0.9396926207859083,-0.8660254037844386,0.5000000000000001,0.5,5.0
2026-07-01 23:20:00,170.0,4.0,0.5,1012.5,21.5,18.6,0.5,0.5,0.5,4.0,5.0,5.0,1012.3,1012.3,1012.3,0.5,0.0,0.5,0.0,4.0,0.0,4.5,0.5477225575051659,0.20000000000004547,0.20000000000004547,0.17364817766693028,-0.984807753012208,-0.25881904510252157,0.9659258262890681,0.5,4.0
2026-07-01 23:50:00,160.0,4.0,0.5,1012.4,20.9,18.5,0.5,0.5,0.5,4.0,4.0,5.0,1012.5,1012.5,1012.3,0.5,0.0,0.5,0.0,4.0,0.0,4.0,0.0,0.10000000000002274,-0.10000000000002274,0.3420201433256689,-0.9396926207859083,-0.25881904510252157,0.9659258262890681,0.4,4.0
2026-07-02 00:20:00,170.0,4.0,0.4,1012.5,20.8,18.4,0.4,0.5,0.5,4.0,4.0,4.0,1012.5,1012.4,1012.5,0.4,0.0,0.44999999999999996,0.05773502691896253,4.0,0.0,4.0,0.0,0.0,0.10000000000002274,0.17364817766693028,-0.984807753012208,0.0,1.0,0.4,3.0
2026-07-02 01:20:00,210.0,4.0,0.4,1012.5,21.5,,0.4,0.4,0.4,3.0,3.0,4.0,1012.3,1012.3,1012.5,0.4,0.0,0.4,0.0,3.6666666666666665,0.5773502691896257,3.6666666666666665,0.5163977794943223,0.0,0.20000000000004547,-0.5000000000000001,-0.8660254037844386,0.25881904510252074,0.9659258262890683,0.4,4.0
2026-07-02 01:50:00,210.0,4.0,0.4,1012.8,,,0.4,0.4,0.4,4.0,4.0,3.0,1012.7,1012.5,1012.3,0.4,0.0,0.4,0.0,4.0,0.0,3.8333333333333335,0.408248290463863,0.5,0.2999999999999545,-0.5000000000000001,-0.8660254037844386,0.25881904510252074,0.9659258262890683,0.4,3.0
2026-07-02 02:20:00,200.0,3.0,0.4,1012.6,21.4,18.5,0.4,0.4,0.4,3.0,4.0,4.0,1012.8,1012.8,1012.5,0.4,0.0,0.4,0.0,3.0,0.0,3.5,0.5477225575051664,0.10000000000002274,-0.1999999999999318,-0.34202014332566866,-0.9396926207859084,0.49999999999999994,0.8660254037844387,0.4,3.0
2026-07-02 02:50:00,210.0,3.0,0.4,1012.6,21.4,18.3,0.4,0.4,0.4,4.0,3.0,4.0,1012.8,1012.6,1012.8,0.4,0.0,0.4,0.0,3.6666666666666665,0.5773502691896257,3.3333333333333335,0.5163977794943226,-0.1999999999999318,0.0,-0.5000000000000001,-0.8660254037844386,0.49999999999999994,0.8660254037844387,0.4,4.0
2026-07-02 03:20:00,200.0,4.0,0.4,1012.9,21.2,,0.4,0.4,0.4,4.0,3.0,3.0,1012.7,1012.6,1012.6,0.4,0.0,0.4,0.0,4.0,0.0,3.8333333333333335,0.408248290463863,0.2999999999999545,0.2999999999999545,-0.34202014332566866,-0.9396926207859084,0.7071067811865476,0.7071067811865476,0.4,3.0
2026-07-02 03:50:00,210.0,3.0,0.4,1013.2,20.9,,0.4,0.4,0.4,3.0,4.0,3.0,1013.1,1012.9,1012.6,0.4,0.0,0.4,0.0,3.0,0.0,3.5,0.5477225575051664,0.6000000000000227,0.3000000000000682,-0.5000000000000001,-0.8660254037844386,0.7071067811865476,0.7071067811865476,0.5,3.0
2026-07-02 04:20:00,200.0,3.0,0.5,1012.7,20.6,18.5,0.5,0.4,0.4,3.0,3.0,4.0,1012.8,1013.2,1012.9,0.5,0.0,0.44999999999999996,0.05773502691896253,3.0,0.0,3.0,0.0,-0.1999999999999318,-0.5,-0.34202014332566866,-0.9396926207859084,0.8660254037844386,0.5000000000000001,0.4,3.0
2026-07-02 05:20:00,230.0,3.0,0.4,1012.5,21.1,18.3,0.4,0.4,0.5,3.0,3.0,3.0,1012.5,1012.7,1012.7,0.4,0.0,0.4,0.0,3.0,0.0,3.0,0.0,-0.20000000000004547,-0.20000000000004547,-0.7660444431189779,-0.6427876096865395,0.9659258262890683,0.25881904510252074,0.4,4.0
2026-07-02 05:50:00,240.0,4.0,0.4,1012.8,21.5,18.4,0.4,0.4,0.4,6.0,3.0,3.0,1012.6,1012.5,1012.7,0.4,0.0,0.4,0.0,5.0,0.9999999999999996,4.0,1.2649110640673515,0.09999999999990905,0.2999999999999545,-0.8660254037844385,-0.5000000000000004,0.9659258262890683,0.25881904510252074,0.4,5.0
2026-07-02 06:20:00,260.0,5.0,0.4,1012.5,21.9,18.6,0.4,0.4,0.4,4.0,4.0,3.0,1012.5,1012.8,1012.5,0.4,0.0,0.4,0.0,4.333333333333333,0.5773502691896258,4.666666666666667,0.8164965809277255,0.0,-0.2999999999999545,-0.984807753012208,-0.17364817766693033,1.0,6.123233995736766e-17,0.3,2.0
2026-07-02 06:50:00,190.0,2.0,0.3,1012.2,22.1,18.7,0.3,0.4,0.4,3.0,5.0,4.0,1012.1,1012.5,1012.8,0.3,0.0,0.35,0.05773502691896258,3.0,1.0,3.6666666666666665,1.0327955589886442,-0.599999999999909,-0.2999999999999545,-0.17364817766693047,-0.984807753012208,1.0,6.123233995736766e-17,0.3,5.0
2026-07-02 07:50:00,210.0,4.0,0.3,1011.9,20.7,18.9,0.3,0.3,0.3,6.0,5.0,2.0,1011.8,1011.2,1012.2,0.3,0.0,0.3,0.0,4.666666666666667,1.1547005383792517,4.333333333333333,1.0327955589886444,-0.3000000000000682,0.6999999999999318,-0.5000000000000001,-0.8660254037844386,0.9659258262890683,-0.25881904510252063,0.3,3.0
2026-07-02 08:20:00,220.0,3.0,0.3,1012.4,21.0,18.8,0.3,0.3,0.3,4.0,4.0,5.0,1012.1,1011.9,1011.2,0.3,0.0,0.3,0.0,4.0,1.0,4.333333333333333,1.0327955589886446,1.1999999999999318,0.5,-0.6427876096865393,-0.766044443118978,0.8660254037844387,-0.4999999999999998,0.3,3.0
2026-07-02 09:20:00,210.0,4.0,0.3,1012.8,20.8,18.5,0.3,0.3,0.3,4.0,3.0,3.0,1012.7,1012.5,1012.4,0.3,0.0,0.3,0.0,3.6666666666666665,0.5773502691896257,3.3333333333333335,0.5163977794943223,0.39999999999997726,0.2999999999999545,-0.5000000000000001,-0.8660254037844386,0.7071067811865476,-0.7071067811865475,0.3,4.0
2026-07-02 10:20:00,210.0,5.0,0.3,1013.0,21.4,18.6,0.3,0.3,0.3,5.0,4.0,4.0,1013.0,1012.8,1012.8,0.3,0.0,0.3,0.0,5.0,0.0,4.5,0.5477225575051659,0.20000000000004547,0.20000000000004547,-0.5000000000000001,-0.8660254037844386,0.49999999999999994,-0.8660254037844387,0.3,3.0
2026-07-02 11:20:00,190.0,3.0,0.4,1013.4,20.9,18.4,0.4,0.3,0.3,2.0,3.0,5.0,1013.5,1013.4,1013.0,0.4,0.0,0.36666666666666664,0.05773502691896262,2.3333333333333335,0.5773502691896257,3.1666666666666665,1.1690451944500102,0.39999999999997726,0.0,-0.17364817766693047,-0.984807753012208,0.258819045102521,-0.9659258262890682,0.4,2.0
2026-07-02 11:50:00,170.0,2.0,0.4,1013.2,20.3,18.4,0.4,0.4,0.3,3.0,3.0,3.0,1013.4,1013.4,1013.4,0.4,0.0,0.4,0.0,2.6666666666666665,0.5773502691896257,2.5,0.5477225575051595,-0.1999999999999318,-0.1999999999999318,0.17364817766693028,-0.984807753012208,0.258819045102521,-0.9659258262890682,0.4,3.0
2026-07-02 12:20:00,190.0,3.0,0.4,1013.4,20.7,,0.4,0.4,0.4,2.0,2.0,3.0,1013.4,1013.2,1013.4,0.4,0.0,0.4,0.0,2.3333333333333335,0.5773502691896257,2.5,0.5477225575051595,0.0,0.1999999999999318,-0.17364817766693047,-0.984807753012208,1.2246467991473532e-16,-1.0,0.3,1.0
2026-07-02 12:50:00,160.0,1.0,0.3,1013.1,20.7,18.4,0.3,0.4,0.4,1.0,3.0,2.0,1013.2,1013.4,1013.2,0.3,0.0,0.35,0.05773502691896258,1.3333333333333333,0.5773502691896256,1.8333333333333333,0.7527726527090741,-0.10000000000002274,-0.2999999999999545,0.3420201433256689,-0.9396926207859083,1.2246467991473532e-16,-1.0,0.3,1.0
2026-07-02 13:20:00,220.0,1.0,0.3,1013.0,22.5,18.7,0.3,0.3,0.4,2.0,1.0,3.0,1013.1,1013.1,1013.4,0.3,0.0,0.3,0.0,1.3333333333333333,0.5773502691896258,1.3333333333333333,0.51639777949431,-0.39999999999997726,-0.10000000000002274,-0.6427876096865393,-0.766044443118978,-0.2588190451025208,-0.9659258262890683,0.3,3.0
2026-07-02 14:20:00,260.0,3.0,0.3,1013.1,22.2,18.6,0.3,0.3,0.3,3.0,3.0,1.0,1012.9,1013.0,1013.0,0.3,0.0,0.3,0.0,3.0,0.0,2.5,0.8366600265340712,0.10000000000002274,0.10000000000002274,-0.984807753012208,-0.17364817766693033,-0.4999999999999997,-0.8660254037844388,0.3,2.0
2026-07-02 14:50:00,260.0,2.0,0.3,1013.2,22.4,18.5,0.3,0.3,0.3,2.0,3.0,3.0,1013.3,1013.1,1013.0,0.3,0.0,0.3,0.0,2.3333333333333335,0.5773502691896257,2.6666666666666665,0.5163977794943223,0.20000000000004547,0.10000000000002274,-0.984807753012208,-0.17364817766693033,-0.4999999999999997,-0.8660254037844388,0.3,2.0
2026-07-02 15:20:00,230.0,2.0,0.3,1013.0,22.7,18.8,0.3,0.3,0.3,2.0,2.0,3.0,1013.0,1013.2,1013.1,0.3,0.0,0.3,0.0,2.0,0.0,2.1666666666666665,0.4082482904638636,-0.10000000000002274,-0.20000000000004547,-0.7660444431189779,-0.6427876096865395,-0.7071067811865471,-0.7071067811865479,0.3,2.0
2026-07-02 16:20:00,240.0,3.0,0.3,1013.0,24.0,19.1,0.3,0.3,0.3,3.0,2.0,2.0,1012.9,1013.0,1013.0,0.3,0.0,0.3,0.0,2.6666666666666665,0.5773502691896257,2.5,0.5477225575051664,0.0,0.0,-0.8660254037844385,-0.5000000000000004,-0.8660254037844385,-0.5000000000000004,0.4,2.0
2026-07-02 17:20:00,230.0,2.0,0.4,1012.7,26.0,19.8,0.4,0.4,0.3,2.0,2.0,3.0,1012.8,1013.0,1013.0,0.4,0.0,0.4,0.0,2.0,0.0,2.0,0.0,-0.2999999999999545,-0.2999999999999545,-0.7660444431189779,-0.6427876096865395,-0.9659258262890683,-0.25881904510252063,0.4,2.0
2026-07-02 18:20:00,210.0,2.0,0.4,1012.0,28.4,20.4,0.4,0.4,0.4,2.0,2.0,2.0,1012.0,1012.4,1012.7,0.4,0.0,0.4,0.0,2.0,0.0,2.0,0.0,-0.7000000000000455,-0.39999999999997726,-0.5000000000000001,-0.8660254037844386,-1.0,-1.8369701987210297e-16,0.3,3.0
2026-07-02 18:50:00,160.0,3.0,0.3,1011.9,24.8,20.7,0.3,0.4,0.4,3.0,2.0,2.0,1011.8,1012.0,1012.4,0.3,0.0,0.35,0.05773502691896258,2.3333333333333335,1.1547005383792515,2.1666666666666665,0.7527726527090811,-0.5,-0.10000000000002274,0.3420201433256689,-0.9396926207859083,-1.0,-1.8369701987210297e-16,0.3,4.0
2026-07-02 20:20:00,190.0,3.0,0.3,1011.4,24.0,21.3,0.3,0.4,0.3,4.0,3.0,4.0,1011.5,1011.7,1011.9,0.3,0.0,0.3333333333333333,0.0577350269189626,3.3333333333333335,0.5773502691896257,3.3333333333333335,0.5163977794943233,-0.5,-0.3000000000000682,-0.17364817766693047,-0.984807753012208,-0.8660254037844386,0.5000000000000001,0.3,3.0
2026-07-02 21:20:00,190.0,3.0,0.3,1011.0,25.5,21.4,0.3,0.3,0.3,2.0,3.0,3.0,1011.2,1011.2,1011.4,0.3,0.0,0.3,0.0,2.3333333333333335,0.5773502691896257,2.6666666666666665,0.5163977794943232,-0.39999999999997726,-0.20000000000004547,-0.17364817766693047,-0.984807753012208,-0.7071067811865477,0.7071067811865474,0.3,2.0
2026-07-02 22:20:00,250.0,3.0,0.3,1010.6,26.0,21.6,0.3,0.3,0.3,3.0,2.0,3.0,1010.8,1010.9,1011.0,0.3,0.0,0.3,0.0,3.0,0.0,2.8333333333333335,0.40824829046386424,-0.39999999999997726,-0.2999999999999545,-0.9396926207859084,-0.34202014332566855,-0.5000000000000004,0.8660254037844384,0.3,4.0
2026-07-02 23:20:00,260.0,3.0,0.3,1011.0,26.1,21.1,0.3,0.3,0.3,4.0,4.0,3.0,1011.0,1010.7,1010.6,0.3,0.0,0.3,0.0,4.0,1.0,4.0,0.6324555320336767,0.39999999999997726,0.2999999999999545,-0.984807753012208,-0.17364817766693033,-0.25881904510252157,0.9659258262890681,0.3,4.0
2026-07-03 00:20:00,250.0,3.0,0.3,1010.9,25.2,20.6,0.3,0.3,0.3,4.0,4.0,3.0,1011.0,1010.9,1011.0,0.3,0.0,0.3,0.0,3.6666666666666665,0.5773502691896257,3.5,0.5477225575051672,-0.10000000000002274,0.0,-0.9396926207859084,-0.34202014332566855,0.0,1.0,0.3,4.0
2026-07-03 01:20:00,240.0,3.0,0.4,1011.2,24.2,20.4,0.4,0.3,0.3,3.0,4.0,3.0,1011.2,1011.1,1010.9,0.4,0.0,0.3666666666666667,0.05773502691896262,3.3333333333333335,0.5773502691896257,3.8333333333333335,0.7527726527090816,0.3000000000000682,0.10000000000002274,-0.8660254037844385,-0.5000000000000004,0.25881904510252074,0.9659258262890683,0.3,3.0
2026-07-03 02:20:00,190.0,3.0,0.4,1011.4,24.6,20.4,0.4,0.3,0.4,3.0,3.0,3.0,1011.4,1011.4,1011.2,0.4,0.0,0.36666666666666664,0.0577350269189626,3.3333333333333335,0.5773502691896257,3.1666666666666665,0.408248290463863,0.1999999999999318,0.0,-0.17364817766693047,-0.984807753012208,0.49999999999999994,0.8660254037844387,0.3,3.0
2026-07-03 02:50:00,200.0,3.0,0.3,1011.6,24.1,,0.3,0.4,0.3,4.0,3.0,3.0,1011.5,1011.4,1011.4,0.3,0.0,0.35,0.05773502691896261,3.3333333333333335,0.5773502691896257,3.3333333333333335,0.5163977794943223,0.20000000000004547,0.20000000000004547,-0.34202014332566866,-0.9396926207859084,0.49999999999999994,0.8660254037844387,0.3,3.0
2026-07-03 03:20:00,230.0,3.0,0.3,1011.8,23.5,19.8,0.3,0.3,0.4,3.0,3.0,3.0,1011.8,1011.6,1011.4,0.3,0.0,0.3,0.0,3.0,0.0,3.1666666666666665,0.408248290463863,0.39999999999997726,0.1999999999999318,-0.7660444431189779,-0.6427876096865395,0.7071067811865476,0.7071067811865476,0.3,3.0
2026-07-03 03:50:00,240.0,3.0,0.3,1011.6,23.4,19.8,0.3,0.3,0.3,4.0,3.0,3.0,1011.7,1011.8,1011.6,0.3,0.0,0.3,0.0,3.6666666666666665,0.5773502691896257,3.3333333333333335,0.5163977794943223,0.0,-0.1999999999999318,-0.8660254037844385,-0.5000000000000004,0.7071067811865476,0.7071067811865476,0.3,4.0
2026-07-03 04:20:00,230.0,4.0,0.3,1011.3,23.4,19.9,0.3,0.3,0.3,4.0,3.0,3.0,1011.4,1011.6,1011.8,0.3,0.0,0.3,0.0,4.0,0.0,3.8333333333333335,0.4082482904638636,-0.5,-0.3000000000000682,-0.7660444431189779,-0.6427876096865395,0.8660254037844386,0.5000000000000001,0.3,3.0
2026-07-03 04:50:00,230.0,3.0,0.3,1010.9,23.2,19.8,0.3,0.3,0.3,3.0,4.0,3.0,1011.0,1011.3,1011.6,0.3,0.0,0.3,0.0,3.0,0.0,3.5,0.5477225575051664,-0.7000000000000455,-0.39999999999997726,-0.7660444431189779,-0.6427876096865395,0.8660254037844386,0.5000000000000001,0.3,4.0
2026-07-03 05:20:00,230.0,4.0,0.3,1011.1,22.9,19.8,0.3,0.3,0.3,4.0,3.0,4.0,1010.9,1010.9,1011.3,0.3,0.0,0.3,0.0,3.6666666666666665,0.5773502691896257,3.3333333333333335,0.5163977794943223,-0.1999999999999318,0.20000000000004547,-0.7660444431189779,-0.6427876096865395,0.9659258262890683,0.25881904510252074,0.3,5.0
2026-07-03 05:50:00,240.0,5.0,0.3,1010.9,24.3,19.7,0.3,0.3,0.3,5.0,4.0,3.0,1011.0,1011.1,1010.9,0.3,0.0,0.3,0.0,5.0,0.0,4.333333333333333,0.8164965809277268,0.0,-0.20000000000004547,-0.8660254037844385,-0.5000000000000004,0.9659258262890683,0.25881904510252074,0.3,5.0
2026-07-03 06:50:00,260.0,5.0,0.3,1010.7,23.4,19.5,0.3,0.3,0.3,5.0,5.0,5.0,1010.7,1010.7,1010.9,0.3,0.0,0.3,0.0,5.0,0.0,5.0,0.0,-0.1999999999999318,0.0,-0.984807753012208,-0.17364817766693033,1.0,6.123233995736766e-17,0.3,5.0
2026-07-03 07:20:00,260.0,5.0,0.3,1010.8,23.3,,0.3,0.3,0.3,5.0,5.0,5.0,1010.8,1010.7,1010.7,0.3,0.0,0.3,0.0,5.0,0.0,5.0,0.0,0.09999999999990905,0.09999999999990905,-0.984807753012208,-0.17364817766693033,0.9659258262890683,-0.25881904510252063,0.3,4.0
2026-07-03 08:20:00,260.0,4.0,0.2,1011.1,22.4,19.4,0.2,0.3,0.3,4.0,4.0,5.0,1011.0,1010.9,1010.8,0.2,0.0,0.2333333333333333,0.05773502691896256,4.0,0.0,4.166666666666667,0.4082482904638632,0.3000000000000682,0.20000000000004547,-0.984807753012208,-0.17364817766693033,0.8660254037844387,-0.4999999999999998,0.2,3.0
2026-07-03 08:50:00,250.0,3.0,0.2,1011.1,22.3,19.3,0.2,0.2,0.3,3.0,4.0,4.0,1011.1,1011.1,1010.9,0.2,0.0,0.2,0.0,3.0,0.0,3.5,0.5477225575051664,0.20000000000004547,0.0,-0.9396926207859084,-0.34202014332566855,0.8660254037844387,-0.4999999999999998,0.2,2.0
2026-07-03 09:20:00,220.0,2.0,0.2,1011.4,22.5,19.2,0.2,0.2,0.2,2.0,3.0,4.0,1011.4,1011.1,1011.1,0.2,0.0,0.2,0.0,2.3333333333333335,0.5773502691896257,2.6666666666666665,0.5163977794943226,0.2999999999999545,0.2999999999999545,-0.6427876096865393,-0.766044443118978,0.7071067811865476,-0.7071067811865475,0.2,4.0
2026-07-03 09:50:00,260.0,4.0,0.2,1011.4,22.1,19.2,0.2,0.2,0.2,4.0,2.0,3.0,1011.4,1011.4,1011.1,0.2,0.0,0.2,0.0,4.0,0.0,3.1666666666666665,0.9831920802501752,0.2999999999999545,0.0,-0.984807753012208,-0.17364817766693033,0.7071067811865476,-0.7071067811865475,0.2,3.0
2026-07-03 10:20:00,260.0,3.0,0.2,1011.6,22.0,19.1,0.2,0.2,0.2,3.0,4.0,2.0,1011.5,1011.4,1011.4,0.2,0.0,0.2,0.0,3.3333333333333335,0.5773502691896257,3.6666666666666665,0.5163977794943231,0.20000000000004547,0.20000000000004547,-0.984807753012208,-0.17364817766693033,0.49999999999999994,-0.8660254037844387,0.2,4.0
2026-07-03 11:20:00,240.0,3.0,0.2,1011.9,21.7,19.2,0.2,0.2,0.2,4.0,4.0,3.0,1011.8,1011.7,1011.6,0.2,0.0,0.2,0.0,3.6666666666666665,0.5773502691896257,3.5,0.5477225575051666,0.2999999999999545,0.1999999999999318,-0.8660254037844385,-0.5000000000000004,0.258819045102521,-0.9659258262890682,0.2,3.0
2026-07-03 11:50:00,240.0,3.0,0.2,1012.3,21.8,19.3,0.2,0.2,0.2,3.0,3.0,4.0,1012.0,1011.9,1011.7,0.2,0.0,0.2,0.0,3.0,0.0,3.3333333333333335,0.5163977794943224,0.599999999999909,0.39999999999997726,-0.8660254037844385,-0.5000000000000004,0.258819045102521,-0.9659258262890682,0.2,3.0
2026-07-03 13:50:00,250.0,3.0,0.3,1012.0,22.8,21.2,0.3,0.3,0.3,3.0,3.0,3.0,1012.0,1012.0,1012.1,0.3,0.0,0.3,0.0,3.0,0.0,3.0,0.0,-0.10000000000002274,0.0,-0.9396926207859084,-0.34202014332566855,-0.2588190451025208,-0.9659258262890683,0.3,2.0
2026-07-03 14:20:00,240.0,2.0,0.3,1011.7,23.1,21.7,0.3,0.3,0.3,2.0,3.0,3.0,1011.7,1012.0,1012.0,0.3,0.0,0.3,0.0,2.0,0.0,2.5,0.5477225575051664,-0.2999999999999545,-0.2999999999999545,-0.8660254037844385,-0.5000000000000004,-0.4999999999999997,-0.8660254037844388,0.3,2.0
2026-07-03 15:20:00,230.0,2.0,0.3,1011.8,24.1,22.1,0.3,0.3,0.3,2.0,2.0,2.0,1011.7,1011.7,1011.7,0.3,0.0,0.3,0.0,2.0,0.0,2.0,0.0,0.09999999999990905,0.09999999999990905,-0.7660444431189779,-0.6427876096865395,-0.7071067811865471,-0.7071067811865479,0.4,2.0
2026-07-03 15:50:00,240.0,2.0,0.4,1011.8,24.1,22.5,0.4,0.3,0.3,3.0,2.0,2.0,1011.9,1011.8,1011.7,0.4,0.0,0.35,0.05773502691896258,2.3333333333333335,0.5773502691896257,2.1666666666666665,0.408248290463863,0.09999999999990905,0.0,-0.8660254037844385,-0.5000000000000004,-0.7071067811865471,-0.7071067811865479,0.4,2.0
2026-07-03 16:20:00,210.0,2.0,0.4,1011.4,24.8,22.4,0.4,0.4,0.3,2.0,2.0,2.0,1011.5,1011.8,1011.8,0.4,0.0,0.4,0.0,2.0,0.0,2.1666666666666665,0.408248290463863,-0.39999999999997726,-0.39999999999997726,-0.5000000000000001,-0.8660254037844386,-0.8660254037844385,-0.5000000000000004,0.4,2.0
2026-07-03 17:20:00,240.0,2.0,0.3,1010.9,25.9,23.0,0.3,0.4,0.4,2.0,2.0,2.0,1010.9,1011.0,1011.4,0.3,0.0,0.3333333333333333,0.05773502691896262,2.0,0.0,2.0,0.0,-0.5,-0.10000000000002274,-0.8660254037844385,-0.5000000000000004,-0.9659258262890683,-0.25881904510252063,0.3,3.0
2026-07-03 18:20:00,250.0,2.0,0.3,1010.4,27.9,23.6,0.3,0.3,0.3,3.0,3.0,2.0,1010.4,1010.6,1010.9,0.3,0.0,0.3,0.0,2.6666666666666665,0.5773502691896257,2.5,0.5477225575051664,-0.5,-0.20000000000004547,-0.9396926207859084,-0.34202014332566855,-1.0,-1.8369701987210297e-16,0.3,2.0
2026-07-03 20:20:00,190.0,2.0,0.3,1009.6,29.7,24.7,0.3,0.3,0.3,1.0,1.0,0.0,1009.7,1009.8,1010.0,0.3,0.0,0.3,0.0,1.3333333333333333,0.5773502691896258,0.8333333333333334,0.7527726527090807,-0.39999999999997726,-0.1999999999999318,-0.17364817766693047,-0.984807753012208,-0.8660254037844386,0.5000000000000001,0.3,2.0
2026-07-03 23:20:00,240.0,2.0,0.3,1009.3,27.0,23.3,0.3,0.3,0.3,1.0,0.0,2.0,1009.3,1009.2,1009.2,0.3,0.0,0.3,0.0,1.3333333333333333,0.5773502691896258,1.0,0.8944271909999155,0.09999999999990905,0.09999999999990905,-0.8660254037844385,-0.5000000000000004,-0.25881904510252157,0.9659258262890681,0.3,5.0
2026-07-03 23:50:00,260.0,5.0,0.3,1009.4,26.7,23.0,0.3,0.3,0.3,4.0,2.0,0.0,1009.4,1009.3,1009.2,0.3,0.0,0.3,0.0,4.333333333333333,0.5773502691896258,2.8333333333333335,1.7224014243685086,0.1999999999999318,0.10000000000002274,-0.984807753012208,-0.17364817766693033,-0.25881904510252157,0.9659258262890681,0.3,5.0
2026-07-04 00:20:00,260.0,5.0,0.3,1009.5,26.5,22.7,0.3,0.3,0.3,5.0,5.0,2.0,1009.6,1009.4,1009.3,0.3,0.0,0.3,0.0,4.666666666666667,0.5773502691896258,4.5,0.547722557505167,0.20000000000004547,0.10000000000002274,-0.984807753012208,-0.17364817766693033,0.0,1.0,0.3,4.0
2026-07-04 01:50:00,260.0,5.0,0.3,1010.2,25.3,21.8,0.3,0.2,0.3,4.0,4.0,4.0,1010.1,1009.9,1009.3,0.3,0.0,0.2666666666666666,0.05773502691896256,4.333333333333333,0.5773502691896258,4.166666666666667,0.40824829046386296,0.900000000000091,0.3000000000000682,-0.984807753012208,-0.17364817766693033,0.25881904510252074,0.9659258262890683,0.3,5.0
2026-07-04 02:20:00,260.0,5.0,0.3,1010.1,25.2,21.3,0.3,0.3,0.2,5.0,5.0,4.0,1010.3,1010.2,1009.9,0.3,0.0,0.3,0.0,5.333333333333333,0.5773502691896258,4.833333333333333,0.7527726527090811,0.20000000000004547,-0.10000000000002274,-0.984807753012208,-0.17364817766693033,0.49999999999999994,0.8660254037844387,0.3,5.0
2026-07-04 02:50:00,270.0,5.0,0.3,1010.0,24.6,21.3,0.3,0.3,0.3,4.0,5.0,5.0,1009.9,1010.1,1010.2,0.3,0.0,0.3,0.0,4.666666666666667,0.5773502691896258,5.0,0.6324555320336764,-0.20000000000004547,-0.10000000000002274,-1.0,-1.8369701987210297e-16,0.49999999999999994,0.8660254037844387,0.3,5.0
2026-07-04 03:20:00,270.0,5.0,0.3,1010.1,24.8,21.1,0.3,0.3,0.3,5.0,5.0,5.0,1010.1,1010.0,1010.1,0.3,0.0,0.3,0.0,5.0,0.0,4.833333333333333,0.408248290463863,0.0,0.10000000000002274,-1.0,-1.8369701987210297e-16,0.7071067811865476,0.7071067811865476,0.3,4.0
2026-07-04 04:20:00,270.0,5.0,0.3,1009.8,24.0,21.1,0.3,0.3,0.3,5.0,4.0,5.0,1010.0,1010.3,1010.1,0.3,0.0,0.3,0.0,5.0,0.0,4.833333333333333,0.40824829046386296,-0.3000000000000682,-0.5,-1.0,-1.8369701987210297e-16,0.8660254037844386,0.5000000000000001,0.3,4.0
2026-07-04 05:20:00,270.0,3.0,0.3,1009.6,23.3,21.7,0.3,0.3,0.3,4.0,4.0,5.0,1009.6,1009.6,1009.8,0.3,0.0,0.3,0.0,3.6666666666666665,0.5773502691896257,3.8333333333333335,0.408248290463863,-0.1999999999999318,0.0,-1.0,-1.8369701987210297e-16,0.9659258262890683,0.25881904510252074,0.3,3.0
2026-07-04 05:50:00,250.0,3.0,0.3,1009.6,23.0,21.7,0.3,0.3,0.3,3.0,3.0,4.0,1009.3,1009.6,1009.6,0.3,0.0,0.3,0.0,3.0,0.0,3.3333333333333335,0.5163977794943226,0.0,0.0,-0.9396926207859084,-0.34202014332566855,0.9659258262890683,0.25881904510252074,0.3,3.0
2026-07-04 08:50:00,270.0,4.0,0.2,1009.8,23.3,21.2,0.2,0.2,0.2,4.0,4.0,4.0,1009.8,1009.6,1009.8,0.2,0.0,0.2,0.0,4.0,0.0,4.333333333333333,0.5163977794943221,0.0,0.1999999999999318,-1.0,-1.8369701987210297e-16,0.8660254037844387,-0.4999999999999998,0.2,3.0
2026-07-04 09:20:00,280.0,3.0,0.2,1009.8,23.0,21.2,0.2,0.2,0.2,4.0,4.0,4.0,1009.7,1009.8,1009.6,0.2,0.0,0.2,0.0,3.6666666666666665,0.5773502691896257,3.8333333333333335,0.408248290463863,0.1999999999999318,0.0,-0.9848077530122081,0.17364817766692997,0.7071067811865476,-0.7071067811865475,0.2,3.0
2026-07-04 09:50:00,270.0,3.0,0.2,1010.0,22.6,21.2,0.2,0.2,0.2,3.0,3.0,4.0,1009.8,1009.8,1009.8,0.2,0.0,0.2,0.0,3.0,0.0,3.3333333333333335,0.5163977794943226,0.20000000000004547,0.20000000000004547,-1.0,-1.8369701987210297e-16,0.7071067811865476,-0.7071067811865475,0.2,4.0
2026-07-04 10:20:00,270.0,4.0,0.2,1010.1,23.1,21.3,0.2,0.2,0.2,4.0,3.0,3.0,1010.0,1010.0,1009.8,0.2,0.0,0.2,0.0,3.6666666666666665,0.5773502691896257,3.3333333333333335,0.5163977794943223,0.3000000000000682,0.10000000000002274,-1.0,-1.8369701987210297e-16,0.49999999999999994,-0.8660254037844387,0.3,4.0
2026-07-04 11:20:00,270.0,3.0,0.2,1010.3,22.9,21.3,0.2,0.3,0.2,4.0,4.0,4.0,1010.4,1010.3,1010.1,0.2,0.0,0.2333333333333333,0.05773502691896256,3.6666666666666665,0.5773502691896257,3.8333333333333335,0.408248290463863,0.1999999999999318,0.0,-1.0,-1.8369701987210297e-16,0.258819045102521,-0.9659258262890682,0.2,3.0
2026-07-04 12:20:00,250.0,3.0,0.2,1010.3,22.6,21.5,0.2,0.2,0.2,3.0,3.0,3.0,1010.3,1010.3,1010.3,0.2,0.0,0.2,0.0,3.0,0.0,3.0,0.0,0.0,0.0,-0.9396926207859084,-0.34202014332566855,1.2246467991473532e-16,-1.0,0.3,3.0
2026-07-04 13:20:00,260.0,3.0,0.2,1010.6,23.3,21.7,0.2,0.3,0.2,3.0,3.0,3.0,1010.5,1010.5,1010.3,0.2,0.0,0.2333333333333333,0.05773502691896256,3.0,0.0,3.0,0.0,0.3000000000000682,0.10000000000002274,-0.984807753012208,-0.17364817766693033,-0.2588190451025208,-0.9659258262890683,0.2,3.0
2026-07-04 14:20:00,230.0,3.0,0.3,1010.6,23.7,22.0,0.3,0.2,0.2,3.0,3.0,3.0,1010.6,1010.6,1010.6,0.3,0.0,0.2666666666666666,0.05773502691896256,3.0,0.0,3.0,0.0,0.0,0.0,-0.7660444431189779,-0.6427876096865395,-0.4999999999999997,-0.8660254037844388,0.3,2.0
2026-07-04 15:20:00,240.0,2.0,0.2,1010.4,24.5,21.8,0.2,0.3,0.3,2.0,2.0,3.0,1010.4,1010.3,1010.6,0.2,0.0,0.2333333333333333,0.05773502691896256,2.0,0.0,2.1666666666666665,0.4082482904638636,-0.20000000000004547,0.10000000000002274,-0.8660254037844385,-0.5000000000000004,-0.7071067811865471,-0.7071067811865479,0.3,1.0
2026-07-04 17:50:00,230.0,2.0,0.3,1009.3,28.4,23.2,0.3,0.3,0.3,2.0,1.0,1.0,1009.2,1009.7,1009.9,0.3,0.0,0.3,0.0,2.0,0.0,1.3333333333333333,0.8164965809277259,-0.6000000000000227,-0.40000000000009095,-0.7660444431189779,-0.6427876096865395,-0.9659258262890683,-0.25881904510252063,0.3,3.0
2026-07-04 19:20:00,310.0,3.0,0.3,1009.0,26.1,23.5,0.3,0.2,0.3,4.0,5.0,3.0,1009.0,1008.9,1009.3,0.3,0.0,0.2666666666666666,0.05773502691896256,3.6666666666666665,0.5773502691896257,4.333333333333333,0.8164965809277253,-0.2999999999999545,0.10000000000002274,-0.7660444431189781,0.6427876096865393,-0.9659258262890684,0.2588190451025203,0.2,2.0
2026-07-04 19:50:00,310.0,2.0,0.2,1009.2,25.7,23.6,0.2,0.3,0.2,3.0,3.0,5.0,1009.1,1009.0,1008.9,0.2,0.0,0.24999999999999994,0.05773502691896256,2.6666666666666665,0.5773502691896257,3.1666666666666665,0.7527726527090821,0.3000000000000682,0.20000000000004547,-0.7660444431189781,0.6427876096865393,-0.9659258262890684,0.2588190451025203,0.3,5.0
2026-07-04 21:20:00,20.0,1.0,0.3,1009.2,23.7,23.1,0.3,0.3,0.3,1.0,2.0,5.0,1009.3,1009.3,1009.6,0.3,0.0,0.3,0.0,1.3333333333333333,0.5773502691896258,2.1666666666666665,1.1690451944500122,-0.39999999999997726,-0.09999999999990905,0.3420201433256687,0.9396926207859084,-0.7071067811865477,0.7071067811865474,0.3,0.0
2026-07-04 22:20:00,,0.0,0.3,1009.3,24.5,23.2,0.3,0.3,0.3,0.0,0.0,1.0,1009.3,1009.3,1009.2,0.3,0.0,0.3,0.0,0.0,0.0,0.16666666666666666,0.40824829046386385,0.09999999999990905,0.0,,,-0.5000000000000004,0.8660254037844384,0.5,1.0
2026-07-04 22:50:00,160.0,1.0,0.5,1009.4,24.0,23.0,0.5,0.3,0.3,0.0,0.0,0.0,1009.3,1009.3,1009.3,0.5,0.0,0.39999999999999997,0.11547005383792518,0.3333333333333333,0.5773502691896258,0.16666666666666666,0.408248290463863,0.10000000000002274,0.10000000000002274,0.3420201433256689,-0.9396926207859083,-0.5000000000000004,0.8660254037844384,0.4,0.0
2026-07-05 00:20:00,230.0,2.0,0.3,1010.2,23.6,22.8,0.3,0.3,0.4,3.0,5.0,1.0,1010.1,1010.1,1009.5,0.3,0.0,0.32499999999999996,0.05000000000000013,3.3333333333333335,1.5275252316519463,2.8333333333333335,1.9407902170679516,0.7000000000000455,0.10000000000002274,-0.7660444431189779,-0.6427876096865395,0.0,1.0,0.3,3.0
2026-07-05 01:20:00,270.0,5.0,0.3,1011.3,23.4,22.7,0.3,0.3,0.3,3.0,3.0,2.0,1010.9,1010.5,1010.2,0.3,0.0,0.3,0.0,3.6666666666666665,1.1547005383792517,3.1666666666666665,0.983192080250175,1.099999999999909,0.7999999999999545,-1.0,-1.8369701987210297e-16,0.25881904510252074,0.9659258262890683,0.3,4.0
2026-07-05 02:20:00,320.0,6.0,0.3,1012.0,23.0,22.7,0.3,0.3,0.3,7.0,4.0,5.0,1012.0,1011.5,1011.3,0.3,0.0,0.3,0.0,6.0,1.0000000000000002,5.666666666666667,1.0327955589886448,0.7000000000000455,0.5,-0.6427876096865396,0.7660444431189778,0.49999999999999994,0.8660254037844387,0.3,3.0
2026-07-05 02:50:00,20.0,3.0,0.3,1011.7,23.0,22.7,0.3,0.3,0.3,4.0,6.0,4.0,1011.9,1012.0,1011.5,0.3,0.0,0.3,0.0,4.0,1.0000000000000002,5.0,1.4142135623730954,0.20000000000004547,-0.2999999999999545,0.3420201433256687,0.9396926207859084,0.49999999999999994,0.8660254037844387,0.3,2.0
2026-07-05 03:20:00,60.0,2.0,0.3,1012.0,24.2,22.7,0.3,0.3,0.3,4.0,3.0,6.0,1012.0,1011.7,1012.0,0.3,0.0,0.3,0.0,3.3333333333333335,1.1547005383792517,3.6666666666666665,1.0327955589886442,0.0,0.2999999999999545,0.8660254037844386,0.5000000000000001,0.7071067811865476,0.7071067811865476,0.3,2.0
2026-07-05 03:50:00,70.0,2.0,0.3,1012.0,23.7,22.7,0.3,0.3,0.3,1.0,2.0,3.0,1012.0,1012.0,1011.7,0.3,0.0,0.3,0.0,1.3333333333333333,0.5773502691896258,2.3333333333333335,1.3662601021279455,0.2999999999999545,0.0,0.9396926207859083,0.3420201433256688,0.7071067811865476,0.7071067811865476,0.3,2.0
2026-07-05 04:20:00,280.0,2.0,0.3,1012.7,23.4,22.7,0.3,0.3,0.3,1.0,2.0,2.0,1012.3,1012.0,1012.0,0.3,0.0,0.3,0.0,1.3333333333333333,0.5773502691896258,1.3333333333333333,0.5163977794943191,0.7000000000000455,0.7000000000000455,-0.9848077530122081,0.17364817766692997,0.8660254037844386,0.5000000000000001,0.3,3.0
2026-07-05 04:50:00,260.0,3.0,0.3,1013.3,23.7,22.7,0.3,0.3,0.3,3.0,2.0,2.0,1013.0,1012.7,1012.0,0.3,0.0,0.3,0.0,3.0,0.0,2.1666666666666665,0.9831920802501737,1.2999999999999545,0.599999999999909,-0.984807753012208,-0.17364817766693033,0.8660254037844386,0.5000000000000001,0.2,2.0
2026-07-05 05:20:00,350.0,2.0,0.2,1013.2,24.0,22.7,0.2,0.3,0.3,2.0,3.0,2.0,1013.4,1013.3,1012.7,0.2,0.0,0.24999999999999997,0.057735026918962595,2.3333333333333335,0.5773502691896257,2.6666666666666665,0.5163977794943198,0.5,-0.09999999999990905,-0.1736481776669304,0.984807753012208,0.9659258262890683,0.25881904510252074,0.2,3.0
2026-07-05 05:50:00,30.0,3.0,0.2,1013.1,23.5,22.7,0.2,0.2,0.3,3.0,2.0,3.0,1013.0,1013.2,1013.3,0.2,0.0,0.2,0.0,3.0,0.0,2.6666666666666665,0.5163977794943198,-0.1999999999999318,-0.10000000000002274,0.49999999999999994,0.8660254037844387,0.9659258262890683,0.25881904510252074,0.2,3.0
2026-07-05 06:20:00,40.0,3.0,0.2,1012.9,23.3,22.7,0.2,0.2,0.2,3.0,3.0,2.0,1013.0,1013.1,1013.2,0.2,0.0,0.2,0.0,3.0,0.0,3.0,0.0,-0.3000000000000682,-0.20000000000004547,0.6427876096865393,0.766044443118978,1.0,6.123233995736766e-17,0.2,3.0
2026-07-05 06:50:00,40.0,3.0,0.2,1012.8,22.8,22.6,0.2,0.2,0.2,3.0,3.0,3.0,1012.9,1012.9,1013.1,0.2,0.0,0.2,0.0,3.0,0.0,3.0,0.0,-0.3000000000000682,-0.10000000000002274,0.6427876096865393,0.766044443118978,1.0,6.123233995736766e-17,0.2,1.0
2026-07-05 07:50:00,40.0,1.0,0.2,1013.3,22.3,22.5,0.2,0.2,0.2,1.0,1.0,3.0,1013.2,1013.3,1012.8,0.2,0.0,0.2,0.0,1.3333333333333333,0.5773502691896256,1.6666666666666667,0.8164965809277259,0.5,0.0,0.6427876096865393,0.766044443118978,0.9659258262890683,-0.25881904510252063,0.2,1.0
2026-07-05 08:20:00,40.0,1.0,0.2,1013.6,22.2,22.5,0.2,0.2,0.2,0.0,1.0,1.0,1013.6,1013.3,1013.3,0.2,0.0,0.2,0.0,0.6666666666666666,0.5773502691896258,1.0,0.6324555320336755,0.3000000000000682,0.3000000000000682,0.6427876096865393,0.766044443118978,0.8660254037844387,-0.4999999999999998,0.2,1.0
2026-07-05 08:50:00,50.0,1.0,0.2,1013.7,21.9,22.5,0.2,0.2,0.2,2.0,1.0,1.0,1013.6,1013.6,1013.3,0.2,0.0,0.2,0.0,1.6666666666666667,0.5773502691896258,1.1666666666666667,0.7527726527090807,0.40000000000009095,0.10000000000002274,0.766044443118978,0.6427876096865394,0.8660254037844387,-0.4999999999999998,0.2,1.0
2026-07-05 09:20:00,70.0,1.0,0.2,1013.6,21.8,22.4,0.2,0.2,0.2,1.0,1.0,1.0,1013.6,1013.7,1013.6,0.2,0.0,0.2,0.0,1.0,0.0,1.3333333333333333,0.5163977794943219,0.0,-0.10000000000002274,0.9396926207859083,0.3420201433256688,0.7071067811865476,-0.7071067811865475,0.2,2.0
2026-07-05 09:50:00,40.0,2.0,0.2,1013.7,21.7,22.4,0.2,0.2,0.2,2.0,1.0,1.0,1013.8,1013.6,1013.7,0.2,0.0,0.2,0.0,2.0,0.0,1.5,0.5477225575051657,0.0,0.10000000000002274,0.6427876096865393,0.766044443118978,0.7071067811865476,-0.7071067811865475,0.2,3.0
2026-07-05 10:20:00,30.0,3.0,0.2,1013.8,21.7,22.3,0.2,0.2,0.2,3.0,2.0,1.0,1013.8,1013.7,1013.6,0.2,0.0,0.2,0.0,3.0,0.0,2.5,0.5477225575051657,0.1999999999999318,0.09999999999990905,0.49999999999999994,0.8660254037844387,0.49999999999999994,-0.8660254037844387,0.2,3.0
2026-07-05 10:50:00,30.0,3.0,0.2,1013.9,21.7,22.3,0.2,0.2,0.2,3.0,3.0,2.0,1013.9,1013.8,1013.7,0.2,0.0,0.2,0.0,3.0,0.0,3.0,0.0,0.1999999999999318,0.10000000000002274,0.49999999999999994,0.8660254037844387,0.49999999999999994,-0.8660254037844387,0.2,4.0
2026-07-05 11:20:00,20.0,4.0,0.2,1014.4,21.6,22.2,0.2,0.2,0.2,4.0,3.0,3.0,1014.3,1013.9,1013.8,0.2,0.0,0.2,0.0,3.6666666666666665,0.5773502691896257,3.3333333333333335,0.5163977794943223,0.6000000000000227,0.5,0.3420201433256687,0.9396926207859084,0.258819045102521,-0.9659258262890682,0.2,4.0
2026-07-05 11:50:00,20.0,4.0,0.2,1015.0,21.6,22.2,0.2,0.2,0.2,4.0,4.0,3.0,1014.6,1014.4,1013.9,0.2,0.0,0.2,0.0,4.0,0.0,3.8333333333333335,0.4082482904638636,1.1000000000000227,0.6000000000000227,0.3420201433256687,0.9396926207859084,0.258819045102521,-0.9659258262890682,0.2,4.0
2026-07-05 12:20:00,20.0,4.0,0.2,1015.1,21.6,22.1,0.2,0.2,0.2,4.0,4.0,4.0,1015.2,1015.0,1014.4,0.2,0.0,0.2,0.0,4.0,0.0,4.0,0.0,0.7000000000000455,0.10000000000002274,0.3420201433256687,0.9396926207859084,1.2246467991473532e-16,-1.0,0.3,3.0
2026-07-05 13:20:00,20.0,2.0,0.2,1015.8,21.5,21.8,0.2,0.3,0.2,2.0,3.0,4.0,1015.8,1015.5,1015.1,0.2,0.0,0.2333333333333333,0.05773502691896256,2.3333333333333335,0.5773502691896257,2.8333333333333335,0.7527726527090816,0.6999999999999318,0.2999999999999545,0.3420201433256687,0.9396926207859084,-0.2588190451025208,-0.9659258262890683,0.2,2.0
2026-07-05 13:50:00,30.0,2.0,0.2,1016.3,21.6,22.2,0.2,0.2,0.3,2.0,2.0,3.0,1016.1,1015.8,1015.5,0.2,0.0,0.2,0.0,2.0,0.0,2.1666666666666665,0.4082482904638647,0.7999999999999545,0.5,0.49999999999999994,0.8660254037844387,-0.2588190451025208,-0.9659258262890683,0.2,1.0
2026-07-05 14:20:00,30.0,1.0,0.2,1016.5,21.8,22.4,0.2,0.2,0.2,1.0,2.0,2.0,1016.5,1016.3,1015.8,0.2,0.0,0.2,0.0,1.3333333333333333,0.5773502691896258,1.6666666666666667,0.5163977794943222,0.7000000000000455,0.20000000000004547,0.49999999999999994,0.8660254037844387,-0.4999999999999997,-0.8660254037844388,0.3,1.0
2026-07-05 15:20:00,40.0,2.0,0.3,1016.9,21.7,22.5,0.3,0.3,0.2,2.0,1.0,1.0,1016.8,1016.7,1016.5,0.3,0.0,0.3,0.0,2.0,0.0,1.5,0.5477225575051661,0.39999999999997726,0.1999999999999318,0.6427876096865393,0.766044443118978,-0.7071067811865471,-0.7071067811865479,0.3,2.0
2026-07-05 16:20:00,100.0,2.0,0.3,1017.1,21.9,23.1,0.3,0.3,0.3,2.0,2.0,2.0,1017.1,1017.0,1016.9,0.3,0.0,0.3,0.0,2.3333333333333335,0.5773502691896257,2.1666666666666665,0.408248290463863,0.20000000000004547,0.10000000000002274,0.984807753012208,-0.1736481776669303,-0.8660254037844385,-0.5000000000000004,0.3,3.0
2026-07-05 16:50:00,130.0,3.0,0.3,1017.0,22.3,22.8,0.3,0.3,0.3,3.0,2.0,2.0,1017.0,1017.1,1017.0,0.3,0.0,0.3,0.0,2.6666666666666665,0.5773502691896257,2.5,0.5477225575051664,0.0,-0.10000000000002274,0.766044443118978,-0.6427876096865394,-0.8660254037844385,-0.5000000000000004,0.3,3.0
2026-07-05 17:20:00,130.0,3.0,0.3,1016.7,22.3,23.0,0.3,0.3,0.3,3.0,3.0,2.0,1016.9,1017.0,1017.1,0.3,0.0,0.3,0.0,3.0,0.0,2.8333333333333335,0.4082482904638636,-0.39999999999997726,-0.2999999999999545,0.766044443118978,-0.6427876096865394,-0.9659258262890683,-0.25881904510252063,0.3,3.0
2026-07-05 18:20:00,110.0,3.0,0.3,1016.6,22.3,22.7,0.3,0.3,0.3,3.0,3.0,3.0,1016.6,1016.5,1016.7,0.3,0.0,0.3,0.0,3.0,0.0,3.0,0.0,-0.10000000000002274,0.10000000000002274,0.9396926207859084,-0.3420201433256687,-1.0,-1.8369701987210297e-16,0.3,3.0
2026-07-05 20:20:00,100.0,4.0,0.3,1016.3,22.5,23.0,0.3,0.3,0.3,4.0,4.0,3.0,1016.3,1016.4,1016.8,0.3,0.0,0.3,0.0,4.0,0.0,3.8333333333333335,0.4082482904638636,-0.5,-0.10000000000002274,0.984807753012208,-0.1736481776669303,-0.8660254037844386,0.5000000000000001,0.3,5.0
2026-07-05 22:20:00,120.0,4.0,0.3,1016.7,23.1,22.8,0.3,0.3,0.3,4.0,4.0,4.0,1016.7,1016.4,1016.4,0.3,0.0,0.3,0.0,4.0,0.0,4.0,0.0,0.3000000000000682,0.3000000000000682,0.8660254037844387,-0.4999999999999998,-0.5000000000000004,0.8660254037844384,0.3,4.0
2026-07-05 23:20:00,130.0,4.0,0.3,1017.0,22.9,22.3,0.3,0.3,0.3,4.0,4.0,4.0,1017.0,1016.9,1016.7,0.3,0.0,0.3,0.0,4.0,0.0,4.0,0.0,0.2999999999999545,0.10000000000002274,0.766044443118978,-0.6427876096865394,-0.25881904510252157,0.9659258262890681,0.3,4.0
2026-07-06 00:20:00,130.0,3.0,0.3,1017.1,22.8,22.3,0.3,0.3,0.3,4.0,4.0,4.0,1017.1,1017.1,1017.0,0.3,0.0,0.3,0.0,3.6666666666666665,0.5773502691896257,3.8333333333333335,0.408248290463863,0.10000000000002274,0.0,0.766044443118978,-0.6427876096865394,0.0,1.0,0.3,3.0
2026-07-06 00:50:00,130.0,3.0,0.3,1017.1,22.6,22.0,0.3,0.3,0.3,3.0,3.0,4.0,1017.1,1017.1,1017.1,0.3,0.0,0.3,0.0,3.0,0.0,3.3333333333333335,0.5163977794943226,0.0,0.0,0.766044443118978,-0.6427876096865394,0.0,1.0,0.3,3.0
2026-07-06 01:20:00,130.0,3.0,0.3,1017.4,22.7,22.0,0.3,0.3,0.3,3.0,3.0,3.0,1017.3,1017.1,1017.1,0.3,0.0,0.3,0.0,3.0,0.0,3.0,0.0,0.2999999999999545,0.2999999999999545,0.766044443118978,-0.6427876096865394,0.25881904510252074,0.9659258262890683,0.3,3.0
2026-07-06 01:50:00,130.0,3.0,0.3,1017.9,22.6,22.0,0.3,0.3,0.3,3.0,3.0,3.0,1017.6,1017.4,1017.1,0.3,0.0,0.3,0.0,3.0,0.0,3.0,0.0,0.7999999999999545,0.5,0.766044443118978,-0.6427876096865394,0.25881904510252074,0.9659258262890683,0.3,3.0
2026-07-06 02:20:00,140.0,3.0,0.3,1018.0,22.5,22.0,0.3,0.3,0.3,4.0,3.0,3.0,1018.1,1017.9,1017.4,0.3,0.0,0.3,0.0,3.3333333333333335,0.5773502691896257,3.1666666666666665,0.408248290463863,0.6000000000000227,0.10000000000002274,0.6427876096865395,-0.7660444431189779,0.49999999999999994,0.8660254037844387,0.2,3.0
2026-07-06 02:50:00,150.0,3.0,0.2,1018.1,22.5,21.9,0.2,0.3,0.3,3.0,3.0,3.0,1018.0,1018.0,1017.9,0.2,0.0,0.25,0.057735026918962595,3.0,0.0,3.1666666666666665,0.408248290463863,0.20000000000004547,0.10000000000002274,0.49999999999999994,-0.8660254037844387,0.49999999999999994,0.8660254037844387,0.2,4.0
2026-07-06 03:20:00,160.0,4.0,0.2,1018.0,22.6,21.9,0.2,0.2,0.3,4.0,3.0,3.0,1018.0,1018.1,1018.0,0.2,0.0,0.2,0.0,4.0,0.0,3.5,0.5477225575051664,0.0,-0.10000000000002274,0.3420201433256689,-0.9396926207859083,0.7071067811865476,0.7071067811865476,0.2,5.0
2026-07-06 03:50:00,170.0,5.0,0.2,1018.2,22.2,21.9,0.2,0.2,0.2,5.0,4.0,3.0,1018.1,1018.0,1018.1,0.2,0.0,0.2,0.0,4.666666666666667,0.5773502691896258,4.333333333333333,0.5163977794943225,0.10000000000002274,0.20000000000004547,0.17364817766693028,-0.984807753012208,0.7071067811865476,0.7071067811865476,0.3,5.0
2026-07-06 04:20:00,170.0,5.0,0.3,1018.2,21.8,21.8,0.3,0.2,0.2,5.0,5.0,4.0,1018.2,1018.2,1018.0,0.3,0.0,0.25,0.05773502691896256,5.0,0.0,4.833333333333333,0.4082482904638638,0.20000000000004547,0.0,0.17364817766693028,-0.984807753012208,0.8660254037844386,0.5000000000000001,0.3,5.0
2026-07-06 05:20:00,170.0,4.0,0.3,1018.4,21.7,22.1,0.3,0.3,0.3,4.0,5.0,5.0,1018.3,1018.2,1018.2,0.3,0.0,0.3,0.0,4.333333333333333,0.5773502691896258,4.666666666666667,0.5163977794943221,0.1999999999999318,0.1999999999999318,0.17364817766693028,-0.984807753012208,0.9659258262890683,0.25881904510252074,0.4,4.0
2026-07-06 06:50:00,190.0,5.0,0.4,1019.5,21.7,21.9,0.4,0.3,0.4,5.0,5.0,4.0,1019.5,1019.3,1018.6,0.4,0.0,0.3666666666666667,0.057735026918962595,5.0,0.0,4.666666666666667,0.5163977794943221,0.8999999999999773,0.20000000000004547,-0.17364817766693047,-0.984807753012208,1.0,6.123233995736766e-17,0.4,4.0
2026-07-06 09:20:00,190.0,5.0,0.4,1020.1,20.9,21.5,0.4,0.4,0.4,4.0,4.0,4.0,1020.1,1019.9,1019.6,0.4,0.0,0.4,0.0,4.333333333333333,0.5773502691896258,4.166666666666667,0.40824829046386296,0.5,0.20000000000004547,-0.17364817766693047,-0.984807753012208,0.7071067811865476,-0.7071067811865475,0.4,5.0
2026-07-06 09:50:00,190.0,5.0,0.4,1020.6,20.3,21.4,0.4,0.4,0.4,6.0,5.0,4.0,1020.2,1020.1,1019.9,0.4,0.0,0.4,0.0,5.333333333333333,0.5773502691896258,4.833333333333333,0.7527726527090807,0.7000000000000455,0.5,-0.17364817766693047,-0.984807753012208,0.7071067811865476,-0.7071067811865475,0.4,5.0
2026-07-06 10:20:00,190.0,5.0,0.4,1020.9,19.9,21.3,0.4,0.4,0.4,5.0,5.0,5.0,1020.9,1020.6,1020.1,0.4,0.0,0.4,0.0,4.666666666666667,0.5773502691896258,5.0,0.6324555320336752,0.7999999999999545,0.2999999999999545,-0.17364817766693047,-0.984807753012208,0.49999999999999994,-0.8660254037844387,0.5,4.0
2026-07-06 11:20:00,180.0,5.0,0.5,1021.3,19.9,21.1,0.5,0.5,0.4,4.0,4.0,5.0,1021.3,1021.1,1020.9,0.5,0.0,0.5,0.0,4.666666666666667,0.5773502691896258,4.5,0.5477225575051659,0.39999999999997726,0.1999999999999318,1.2246467991473532e-16,-1.0,0.258819045102521,-0.9659258262890682,0.5,3.0
2026-07-06 12:20:00,150.0,5.0,0.6,1021.6,19.7,20.9,0.6,0.5,0.5,4.0,3.0,5.0,1021.7,1021.8,1021.3,0.6,0.0,0.5666666666666665,0.05773502691896255,4.333333333333333,0.5773502691896258,4.166666666666667,0.7527726527090807,0.3000000000000682,-0.1999999999999318,0.49999999999999994,-0.8660254037844387,1.2246467991473532e-16,-1.0,0.7,2.0
2026-07-06 13:20:00,150.0,4.0,0.7,1021.8,19.7,20.8,0.7,0.7,0.6,5.0,2.0,5.0,1021.4,1021.7,1021.6,0.7,0.0,0.7,0.0,4.0,0.9999999999999997,4.166666666666667,1.4719601443879742,0.1999999999999318,0.09999999999990905,0.49999999999999994,-0.8660254037844387,-0.2588190451025208,-0.9659258262890683,0.7,4.0
2026-07-06 14:20:00,110.0,4.0,0.6,1021.3,19.7,20.8,0.6,0.7,0.7,4.0,4.0,4.0,1021.4,1021.8,1021.8,0.6,0.0,0.6333333333333333,0.05773502691896255,4.0,0.0,3.3333333333333335,1.0327955589886424,-0.5,-0.5,0.9396926207859084,-0.3420201433256687,-0.4999999999999997,-0.8660254037844388,0.6,3.0
2026-07-06 15:20:00,160.0,4.0,0.5,1022.6,20.2,20.8,0.5,0.6,0.6,3.0,3.0,4.0,1022.3,1022.1,1021.3,0.5,0.0,0.5333333333333333,0.05773502691896258,3.3333333333333335,0.5773502691896257,3.3333333333333335,0.5163977794943226,1.3000000000000682,0.5,0.3420201433256689,-0.9396926207859083,-0.7071067811865471,-0.7071067811865479,0.5,3.0
2026-07-06 15:50:00,220.0,3.0,0.5,1022.8,19.4,20.8,0.5,0.5,0.6,4.0,4.0,3.0,1022.6,1022.6,1022.1,0.5,0.0,0.5,0.0,3.6666666666666665,0.5773502691896257,3.5,0.5477225575051664,0.6999999999999318,0.1999999999999318,-0.6427876096865393,-0.766044443118978,-0.7071067811865471,-0.7071067811865479,0.5,2.0
2026-07-06 16:20:00,180.0,2.0,0.5,1022.7,19.5,20.9,0.5,0.5,0.5,2.0,3.0,4.0,1022.7,1022.8,1022.6,0.5,0.0,0.5,0.0,2.0,0.0,2.8333333333333335,0.9831920802501757,0.10000000000002274,-0.09999999999990905,1.2246467991473532e-16,-1.0,-0.8660254037844385,-0.5000000000000004,0.5,0.0
2026-07-06 17:20:00,30.0,2.0,0.5,1022.3,19.6,21.1,0.5,0.5,0.5,2.0,0.0,2.0,1022.4,1022.7,1022.7,0.5,0.0,0.5,0.0,1.6666666666666667,0.5773502691896257,1.1666666666666667,0.7527726527090837,-0.40000000000009095,-0.40000000000009095,0.49999999999999994,0.8660254037844387,-0.9659258262890683,-0.25881904510252063,0.5,2.0
2026-07-06 18:20:00,80.0,4.0,0.5,1022.3,20.3,21.1,0.5,0.5,0.5,4.0,2.0,2.0,1022.4,1022.3,1022.3,0.5,0.0,0.5,0.0,3.6666666666666665,0.5773502691896257,2.8333333333333335,0.983192080250175,0.0,0.0,0.984807753012208,0.17364817766693041,-1.0,-1.8369701987210297e-16,0.5,4.0
2026-07-06 19:20:00,80.0,5.0,0.4,1022.1,20.5,21.1,0.4,0.5,0.5,5.0,4.0,4.0,1022.2,1022.3,1022.3,0.4,0.0,0.4333333333333333,0.05773502691896256,5.0,0.0,4.5,0.5477225575051659,-0.1999999999999318,-0.1999999999999318,0.984807753012208,0.17364817766693041,-0.9659258262890684,0.2588190451025203,0.5,4.0
2026-07-06 19:50:00,90.0,4.0,0.5,1022.3,20.6,21.0,0.5,0.4,0.5,4.0,5.0,4.0,1022.3,1022.1,1022.3,0.5,0.0,0.44999999999999996,0.05773502691896256,4.333333333333333,0.5773502691896258,4.666666666666667,0.5163977794943221,0.0,0.1999999999999318,1.0,6.123233995736766e-17,-0.9659258262890684,0.2588190451025203,0.5,4.0
2026-07-06 20:20:00,100.0,4.0,0.5,1022.3,20.5,21.0,0.5,0.5,0.4,4.0,4.0,5.0,1022.3,1022.3,1022.1,0.5,0.0,0.5,0.0,4.0,0.0,4.166666666666667,0.4082482904638632,0.1999999999999318,0.0,0.984807753012208,-0.1736481776669303,-0.8660254037844386,0.5000000000000001,0.5,4.0
2026-07-06 21:20:00,120.0,5.0,0.4,1022.1,20.5,21.1,0.4,0.5,0.5,4.0,4.0,4.0,1022.2,1022.2,1022.3,0.4,0.0,0.4333333333333333,0.05773502691896256,4.333333333333333,0.5773502691896258,4.166666666666667,0.40824829046386296,-0.1999999999999318,-0.10000000000002274,0.8660254037844387,-0.4999999999999998,-0.7071067811865477,0.7071067811865474,0.5,5.0
2026-07-06 21:50:00,110.0,5.0,0.5,1022.1,20.5,21.1,0.5,0.4,0.5,5.0,5.0,4.0,1022.1,1022.1,1022.2,0.5,0.0,0.44999999999999996,0.05773502691896256,5.0,0.0,4.666666666666667,0.5163977794943221,-0.10000000000002274,0.0,0.9396926207859084,-0.3420201433256687,-0.7071067811865477,0.7071067811865474,0.5,5.0
2026-07-06 22:20:00,120.0,5.0,0.5,1022.0,20.5,21.1,0.5,0.5,0.4,5.0,5.0,5.0,1022.0,1022.1,1022.1,0.5,0.0,0.5,0.0,5.0,0.0,5.0,0.0,-0.10000000000002274,-0.10000000000002274,0.8660254037844387,-0.4999999999999998,-0.5000000000000004,0.8660254037844384,0.5,5.0
2026-07-06 23:20:00,130.0,5.0,0.5,1022.1,20.5,21.0,0.5,0.5,0.5,5.0,5.0,5.0,1022.0,1022.1,1022.0,0.5,0.0,0.5,0.0,5.0,0.0,5.0,0.0,0.10000000000002274,0.0,0.766044443118978,-0.6427876096865394,-0.25881904510252157,0.9659258262890681,0.5,4.0
2026-07-06 23:50:00,110.0,4.0,0.5,1021.9,20.5,20.9,0.5,0.5,0.5,5.0,5.0,5.0,1021.9,1022.1,1022.1,0.5,0.0,0.5,0.0,4.666666666666667,0.5773502691896258,4.833333333333333,0.40824829046386296,-0.20000000000004547,-0.20000000000004547,0.9396926207859084,-0.3420201433256687,-0.25881904510252157,0.9659258262890681,0.5,3.0
2026-07-07 00:20:00,110.0,3.0,0.5,1021.7,20.4,20.9,0.5,0.5,0.5,4.0,4.0,5.0,1021.7,1021.9,1022.1,0.5,0.0,0.5,0.0,3.6666666666666665,0.5773502691896257,4.166666666666667,0.752772652709081,-0.39999999999997726,-0.1999999999999318,0.9396926207859084,-0.3420201433256687,0.0,1.0,0.5,3.0
2026-07-07 01:20:00,90.0,4.0,0.5,1022.0,20.4,20.8,0.5,0.5,0.5,4.0,3.0,3.0,1021.8,1021.8,1021.7,0.5,0.0,0.5,0.0,4.0,0.0,3.5,0.5477225575051663,0.2999999999999545,0.20000000000004547,1.0,6.123233995736766e-17,0.25881904510252074,0.9659258262890683,0.5,4.0
2026-07-07 02:20:00,110.0,4.0,0.5,1022.1,20.6,20.8,0.5,0.5,0.5,4.0,4.0,4.0,1022.2,1022.3,1022.0,0.5,0.0,0.5,0.0,3.6666666666666665,0.5773502691896257,3.8333333333333335,0.408248290463863,0.10000000000002274,-0.1999999999999318,0.9396926207859084,-0.3420201433256687,0.49999999999999994,0.8660254037844387,0.4,5.0
2026-07-07 02:50:00,120.0,5.0,0.4,1022.1,20.7,20.8,0.4,0.5,0.5,5.0,4.0,4.0,1022.1,1022.1,1022.3,0.4,0.0,0.44999999999999996,0.05773502691896253,5.0,0.0,4.333333333333333,0.8164965809277259,-0.1999999999999318,0.0,0.8660254037844387,-0.4999999999999998,0.49999999999999994,0.8660254037844387,0.4,5.0
2026-07-07 03:20:00,120.0,5.0,0.4,1022.2,20.6,20.8,0.4,0.4,0.5,5.0,5.0,4.0,1022.0,1022.1,1022.1,0.4,0.0,0.4,0.0,5.0,0.0,5.0,0.0,0.10000000000002274,0.10000000000002274,0.8660254037844387,-0.4999999999999998,0.7071067811865476,0.7071067811865476,0.5,5.0
2026-07-07 04:20:00,100.0,5.0,0.5,1021.5,20.5,20.9,0.5,0.5,0.4,5.0,5.0,5.0,1021.4,1021.5,1022.2,0.5,0.0,0.5,0.0,5.0,0.0,5.0,0.0,-0.7000000000000455,0.0,0.984807753012208,-0.1736481776669303,0.8660254037844386,0.5000000000000001,0.5,6.0
2026-07-07 04:50:00,100.0,6.0,0.5,1021.2,20.4,20.9,0.5,0.5,0.5,6.0,5.0,5.0,1021.3,1021.5,1021.5,0.5,0.0,0.5,0.0,5.666666666666667,0.5773502691896258,5.333333333333333,0.5163977794943221,-0.2999999999999545,-0.2999999999999545,0.984807753012208,-0.1736481776669303,0.8660254037844386,0.5000000000000001,0.6,6.0
2026-07-07 05:20:00,100.0,6.0,0.6,1021.2,20.1,20.8,0.6,0.5,0.5,6.0,6.0,5.0,1021.2,1021.2,1021.5,0.6,0.0,0.5499999999999999,0.05773502691896254,6.333333333333333,0.5773502691896258,6.0,0.6324555320336752,-0.2999999999999545,0.0,0.984807753012208,-0.1736481776669303,0.9659258262890683,0.25881904510252074,0.7,6.0
2026-07-07 06:20:00,90.0,5.0,0.7,1020.2,19.9,20.6,0.7,0.7,0.6,5.0,6.0,6.0,1020.5,1020.9,1021.2,0.7,0.0,0.7,0.0,5.333333333333333,0.5773502691896258,5.666666666666667,0.5163977794943221,-1.0,-0.6999999999999318,1.0,6.123233995736766e-17,1.0,6.123233995736766e-17,0.7,7.0
2026-07-07 07:20:00,70.0,6.0,0.7,1019.7,19.9,20.6,0.7,0.7,0.7,7.0,7.0,5.0,1019.8,1019.7,1020.2,0.7,0.0,0.7,0.0,6.333333333333333,0.5773502691896257,6.4,0.5477225575051659,-0.5,0.0,0.9396926207859083,0.3420201433256688,0.9659258262890683,-0.25881904510252063,0.8,7.0
2026-07-07 07:50:00,70.0,7.0,0.8,1019.2,19.7,20.5,0.8,0.7,0.7,7.0,6.0,7.0,1019.5,1019.7,1019.7,0.8,0.0,0.75,0.05773502691896264,7.0,0.0,6.666666666666667,0.5163977794943221,-0.5,-0.5,0.9396926207859083,0.3420201433256688,0.9659258262890683,-0.25881904510252063,0.8,7.0
2026-07-07 08:20:00,60.0,7.0,0.8,1019.2,19.6,20.5,0.8,0.8,0.7,7.0,7.0,6.0,1019.1,1019.2,1019.7,0.8,0.0,0.8,0.0,7.0,0.0,7.0,0.0,-0.5,0.0,0.8660254037844386,0.5000000000000001,0.8660254037844387,-0.4999999999999998,0.8,7.0
2026-07-07 08:50:00,60.0,7.0,0.8,1019.3,19.6,20.4,0.8,0.8,0.8,7.0,7.0,7.0,1019.4,1019.2,1019.2,0.8,0.0,0.8,0.0,7.0,0.0,7.0,0.0,0.09999999999990905,0.09999999999990905,0.8660254037844386,0.5000000000000001,0.8660254037844387,-0.4999999999999998,0.8,7.0
2026-07-07 09:20:00,60.0,7.0,0.8,1019.3,20.0,20.4,0.8,0.8,0.8,7.0,7.0,7.0,1019.3,1019.3,1019.2,0.8,0.0,0.8,0.0,7.0,0.0,7.0,0.0,0.09999999999990905,0.0,0.8660254037844386,0.5000000000000001,0.7071067811865476,-0.7071067811865475,0.9,7.0
2026-07-07 10:20:00,50.0,7.0,0.9,1019.3,19.9,20.3,0.9,0.9,0.8,8.0,7.0,7.0,1019.3,1019.3,1019.3,0.9,0.0,0.9,0.0,7.333333333333333,0.5773502691896258,7.166666666666667,0.40824829046386296,0.0,0.0,0.766044443118978,0.6427876096865394,0.49999999999999994,-0.8660254037844387,0.9,8.0
2026-07-07 10:50:00,40.0,8.0,0.9,1019.0,19.8,20.3,0.9,0.9,0.9,7.0,7.0,7.0,1019.3,1019.3,1019.3,0.9,0.0,0.9,0.0,7.333333333333333,0.5773502691896258,7.333333333333333,0.5163977794943221,-0.2999999999999545,-0.2999999999999545,0.6427876096865393,0.766044443118978,0.49999999999999994,-0.8660254037844387,0.9,8.0
2026-07-07 11:20:00,50.0,8.0,0.9,1019.1,19.8,20.3,0.9,0.9,0.9,8.0,8.0,7.0,1019.2,1019.0,1019.3,0.9,0.0,0.9,0.0,8.0,0.0,7.666666666666667,0.5163977794943221,-0.1999999999999318,0.10000000000002274,0.766044443118978,0.6427876096865394,0.258819045102521,-0.9659258262890682,1.0,8.0
2026-07-07 12:20:00,50.0,7.0,1.0,1019.4,20.0,19.9,1.0,1.0,0.9,8.0,8.0,8.0,1019.3,1019.2,1019.1,1.0,0.0,1.0,0.0,7.666666666666667,0.5773502691896258,7.833333333333333,0.40824829046386296,0.2999999999999545,0.1999999999999318,0.766044443118978,0.6427876096865394,1.2246467991473532e-16,-1.0,1.1,7.0
2026-07-07 12:50:00,60.0,7.0,1.1,1019.6,20.0,20.0,1.1,1.0,1.0,8.0,7.0,8.0,1019.4,1019.4,1019.2,1.1,0.0,1.05,0.05773502691896274,7.666666666666667,0.5773502691896258,7.666666666666667,0.5163977794943221,0.39999999999997726,0.20000000000004547,0.8660254037844386,0.5000000000000001,1.2246467991473532e-16,-1.0,1.2,7.0
2026-07-07 13:20:00,50.0,7.0,1.2,1019.4,19.9,20.0,1.2,1.1,1.0,7.0,7.0,7.0,1019.3,1019.6,1019.4,1.2,0.0,1.15,0.05773502691896306,7.0,0.0,7.333333333333333,0.5163977794943221,0.0,-0.20000000000004547,0.766044443118978,0.6427876096865394,-0.2588190451025208,-0.9659258262890683,1.1,7.0
2026-07-07 13:50:00,50.0,7.0,1.1,1018.9,19.8,20.0,1.1,1.2,1.1,8.0,7.0,7.0,1019.0,1019.4,1019.6,1.1,0.0,1.15,0.05773502691896306,7.333333333333333,0.5773502691896258,7.166666666666667,0.40824829046386296,-0.7000000000000455,-0.5,0.766044443118978,0.6427876096865394,-0.2588190451025208,-0.9659258262890683,1.1,8.0
2026-07-07 14:20:00,50.0,8.0,1.1,1018.8,19.9,20.0,1.1,1.1,1.2,7.0,7.0,7.0,1019.1,1018.9,1019.4,1.1,0.0,1.1,0.0,7.333333333333333,0.5773502691896258,7.333333333333333,0.5163977794943221,-0.6000000000000227,-0.10000000000002274,0.766044443118978,0.6427876096865394,-0.4999999999999997,-0.8660254037844388,1.1,8.0
2026-07-07 15:20:00,50.0,8.0,1.2,1018.4,19.9,20.3,1.2,1.1,1.1,8.0,8.0,8.0,1018.4,1018.5,1018.8,1.2,0.0,1.1666666666666667,0.05773502691896261,8.333333333333334,0.5773502691896255,8.166666666666666,0.40824829046386407,-0.39999999999997726,-0.10000000000002274,0.766044443118978,0.6427876096865394,-0.7071067811865471,-0.7071067811865479,1.2,9.0
2026-07-07 17:20:00,50.0,10.0,1.3,1017.7,19.5,19.9,1.3,1.3,1.3,10.0,9.0,9.0,1017.8,1018.0,1018.2,1.3,0.0,1.3,0.0,9.666666666666666,0.5773502691896255,9.333333333333334,0.5163977794943228,-0.5,-0.2999999999999545,0.766044443118978,0.6427876096865394,-0.9659258262890683,-0.25881904510252063,1.5,10.0
2026-07-07 18:20:00,40.0,11.0,1.5,1017.4,19.2,19.4,1.5,1.5,1.3,11.0,10.0,10.0,1017.3,1017.7,1017.7,1.5,0.0,1.5,0.0,10.666666666666666,0.5773502691896255,10.333333333333334,0.5163977794943228,-0.3000000000000682,-0.3000000000000682,0.6427876096865393,0.766044443118978,-1.0,-1.8369701987210297e-16,1.6,10.0
2026-07-07 19:20:00,40.0,10.0,1.6,1017.1,19.0,19.0,1.6,1.6,1.5,10.0,10.0,11.0,1017.1,1017.2,1017.4,1.6,0.0,1.6,0.0,10.0,0.0,10.166666666666666,0.4082482904638632,-0.2999999999999545,-0.10000000000002274,0.6427876096865393,0.766044443118978,-0.9659258262890684,0.2588190451025203,1.7,11.0
2026-07-07 21:20:00,40.0,13.0,1.9,1016.0,18.5,18.9,1.9,1.8,1.8,11.0,11.0,12.0,1016.1,1016.5,1016.8,1.9,0.0,1.8666666666666665,0.05773502691896261,11.666666666666666,1.1547005383792517,11.333333333333334,0.8164965809277259,-0.7999999999999545,-0.5,0.6427876096865393,0.766044443118978,-0.7071067811865477,0.7071067811865474,1.9,12.0
2026-07-07 21:50:00,40.0,12.0,1.9,1016.4,18.5,18.9,1.9,1.9,1.8,13.0,13.0,11.0,1016.4,1016.0,1016.5,1.9,0.0,1.9,0.0,12.666666666666666,0.5773502691896255,12.166666666666666,0.9831920802501745,-0.10000000000002274,0.39999999999997726,0.6427876096865393,0.766044443118978,-0.7071067811865477,0.7071067811865474,1.9,12.0
2026-07-08 00:50:00,70.0,14.0,2.3,1015.3,17.8,18.5,2.3,2.1,2.2,13.0,13.0,12.0,1015.2,1015.6,1016.7,2.3,0.0,2.1999999999999997,0.11547005383792483,13.333333333333334,0.5773502691896255,13.166666666666666,0.7527726527090758,-1.400000000000091,-0.3000000000000682,0.9396926207859083,0.3420201433256688,0.0,1.0,2.1,10.0
2026-07-08 01:20:00,50.0,10.0,2.1,1016.2,17.8,18.6,2.1,2.3,2.1,11.0,14.0,13.0,1015.9,1015.3,1015.6,2.1,0.0,2.2,0.11547005383792483,11.0,1.0000000000000004,12.166666666666666,1.4719601443879742,0.6000000000000227,0.900000000000091,0.766044443118978,0.6427876096865394,0.25881904510252074,0.9659258262890683,2.2,9.0
2026-07-08 01:50:00,50.0,9.0,2.2,1016.6,18.1,18.6,2.2,2.1,2.3,9.0,10.0,14.0,1016.3,1016.2,1015.3,2.2,0.0,2.1500000000000004,0.05773502691896253,9.0,0.0,10.0,1.2649110640673589,1.3000000000000682,0.39999999999997726,0.766044443118978,0.6427876096865394,0.25881904510252074,0.9659258262890683,2.2,8.0
2026-07-08 02:20:00,30.0,8.0,2.2,1016.6,18.0,18.4,2.2,2.2,2.1,8.0,9.0,10.0,1016.6,1016.6,1016.2,2.2,0.0,2.2,0.0,8.333333333333334,0.5773502691896255,8.666666666666666,0.5163977794943512,0.39999999999997726,0.0,0.49999999999999994,0.8660254037844387,0.49999999999999994,0.8660254037844387,2.1,9.0
2026-07-08 02:50:00,30.0,9.0,2.1,1016.4,17.9,18.2,2.1,2.2,2.2,9.0,8.0,9.0,1016.4,1016.6,1016.6,2.1,0.0,2.1500000000000004,0.05773502691896274,8.666666666666666,0.5773502691896255,8.5,0.5477225575051945,-0.20000000000004547,-0.20000000000004547,0.49999999999999994,0.8660254037844387,0.49999999999999994,0.8660254037844387,2.0,8.0
2026-07-08 03:20:00,30.0,8.0,2.0,1016.5,17.9,18.1,2.0,2.1,2.2,8.0,9.0,8.0,1016.4,1016.4,1016.6,2.0,0.0,2.0500000000000003,0.057735026918963636,8.0,0.0,8.333333333333334,0.5163977794943536,-0.10000000000002274,0.10000000000002274,0.49999999999999994,0.8660254037844387,0.7071067811865476,0.7071067811865476,2.0,9.0
2026-07-08 03:50:00,20.0,9.0,2.0,1016.2,17.7,18.1,2.0,2.0,2.1,8.0,8.0,9.0,1016.2,1016.5,1016.4,2.0,0.0,2.0,0.0,8.333333333333334,0.5773502691896255,8.166666666666666,0.4082482904638632,-0.1999999999999318,-0.2999999999999545,0.3420201433256687,0.9396926207859084,0.7071067811865476,0.7071067811865476,2.0,9.0
2026-07-08 04:20:00,20.0,9.0,2.0,1016.2,17.8,17.9,2.0,2.0,2.0,9.0,9.0,8.0,1016.3,1016.2,1016.5,2.0,0.0,2.0,0.0,9.0,0.0,8.666666666666666,0.516397779494324,-0.2999999999999545,0.0,0.3420201433256687,0.9396926207859084,0.8660254037844386,0.5000000000000001,2.0,9.0
2026-07-08 04:50:00,20.0,9.0,2.0,1016.1,17.8,17.8,2.0,2.0,2.0,9.0,9.0,9.0,1016.2,1016.2,1016.2,2.0,0.0,2.0,0.0,9.0,0.0,9.0,0.0,-0.10000000000002274,-0.10000000000002274,0.3420201433256687,0.9396926207859084,0.8660254037844386,0.5000000000000001,2.0,9.0
2026-07-08 05:20:00,10.0,9.0,2.0,1016.0,17.8,17.7,2.0,2.0,2.0,9.0,9.0,9.0,1015.9,1016.1,1016.2,2.0,0.0,2.0,0.0,9.0,0.0,9.0,0.0,-0.20000000000004547,-0.10000000000002274,0.17364817766693033,0.984807753012208,0.9659258262890683,0.25881904510252074,2.0,9.0
2026-07-08 05:50:00,360.0,9.0,2.0,1015.6,17.8,17.6,2.0,2.0,2.0,9.0,9.0,9.0,1015.8,1016.0,1016.1,2.0,0.0,2.0,0.0,9.0,0.0,9.0,0.0,-0.5,-0.39999999999997726,-2.4492935982947064e-16,1.0,0.9659258262890683,0.25881904510252074,2.0,9.0
2026-07-08 08:50:00,360.0,9.0,1.8,1015.5,17.5,17.3,1.8,1.8,2.1,9.0,9.0,9.0,1015.5,1015.2,1015.3,1.8,0.0,1.8,0.0,9.0,0.0,9.0,0.0,0.20000000000004547,0.2999999999999545,-2.4492935982947064e-16,1.0,0.8660254037844387,-0.4999999999999998,1.8,8.0
2026-07-08 10:20:00,360.0,8.0,1.7,1016.0,17.6,17.3,1.7,1.8,1.8,8.0,9.0,8.0,1016.0,1015.6,1015.6,1.7,0.0,1.7333333333333334,0.057735026918962595,8.0,0.0,8.166666666666666,0.4082482904638632,0.39999999999997726,0.39999999999997726,-2.4492935982947064e-16,1.0,0.49999999999999994,-0.8660254037844387,1.7,7.0
2026-07-08 10:50:00,360.0,7.0,1.7,1016.4,17.8,17.4,1.7,1.7,1.8,8.0,8.0,9.0,1016.2,1016.0,1015.6,1.7,0.0,1.7,0.0,7.666666666666667,0.5773502691896258,7.833333333333333,0.40824829046386296,0.7999999999999545,0.39999999999997726,-2.4492935982947064e-16,1.0,0.49999999999999994,-0.8660254037844387,1.7,7.0
2026-07-08 11:20:00,360.0,7.0,1.7,1016.1,17.7,17.7,1.7,1.7,1.7,7.0,7.0,8.0,1016.2,1016.4,1016.0,1.7,0.0,1.7,0.0,7.0,0.0,7.333333333333333,0.5163977794943221,0.10000000000002274,-0.2999999999999545,-2.4492935982947064e-16,1.0,0.258819045102521,-0.9659258262890682,1.6,6.0
2026-07-08 11:50:00,10.0,6.0,1.6,1015.9,17.8,17.8,1.6,1.7,1.7,6.0,7.0,7.0,1016.0,1016.1,1016.4,1.6,0.0,1.6500000000000001,0.05773502691896256,6.0,0.0,6.5,0.5477225575051671,-0.5,-0.20000000000004547,0.17364817766693033,0.984807753012208,0.258819045102521,-0.9659258262890682,1.6,6.0
2026-07-08 12:20:00,20.0,6.0,1.6,1016.0,18.0,17.9,1.6,1.6,1.7,6.0,6.0,7.0,1015.9,1015.9,1016.1,1.6,0.0,1.6,0.0,6.0,0.0,6.0,0.0,-0.10000000000002274,0.10000000000002274,0.3420201433256687,0.9396926207859084,1.2246467991473532e-16,-1.0,1.6,6.0
2026-07-08 13:20:00,10.0,6.0,1.7,1015.9,17.9,17.8,1.7,1.6,1.6,6.0,6.0,6.0,1016.0,1016.1,1016.0,1.7,0.0,1.6666666666666667,0.05773502691896261,6.0,0.0,6.0,0.0,-0.10000000000002274,-0.20000000000004547,0.17364817766693033,0.984807753012208,-0.2588190451025208,-0.9659258262890683,1.6,5.0
2026-07-08 13:50:00,340.0,5.0,1.6,1016.4,17.8,17.8,1.6,1.7,1.6,5.0,6.0,6.0,1016.2,1015.9,1016.1,1.6,0.0,1.6500000000000001,0.05773502691896253,5.333333333333333,0.5773502691896258,5.666666666666667,0.5163977794943221,0.2999999999999545,0.5,-0.3420201433256686,0.9396926207859084,-0.2588190451025208,-0.9659258262890683,1.5,6.0
2026-07-08 14:20:00,350.0,6.0,1.5,1016.7,18.0,17.7,1.5,1.6,1.7,6.0,5.0,6.0,1016.7,1016.4,1015.9,1.5,0.0,1.55,0.05773502691896275,6.0,0.0,5.666666666666667,0.5163977794943221,0.8000000000000682,0.3000000000000682,-0.1736481776669304,0.984807753012208,-0.4999999999999997,-0.8660254037844388,1.5,5.0
2026-07-08 15:20:00,360.0,4.0,1.5,1016.8,18.7,18.0,1.5,1.5,1.5,5.0,5.0,6.0,1016.8,1016.6,1016.7,1.5,0.0,1.5,0.0,4.666666666666667,0.5773502691896258,5.0,0.6324555320336763,0.09999999999990905,0.1999999999999318,-2.4492935982947064e-16,1.0,-0.7071067811865471,-0.7071067811865479,1.6,3.0
2026-07-08 16:20:00,10.0,1.0,1.5,1016.5,18.7,18.4,1.5,1.6,1.5,2.0,3.0,4.0,1016.7,1016.8,1016.8,1.5,0.0,1.5333333333333332,0.057735026918962595,2.0,0.9999999999999999,2.6666666666666665,1.0327955589886473,-0.2999999999999545,-0.2999999999999545,0.17364817766693033,0.984807753012208,-0.8660254037844385,-0.5000000000000004,1.5,3.0
2026-07-08 17:20:00,10.0,1.0,1.6,1016.0,19.1,19.0,1.6,1.5,1.5,1.0,3.0,1.0,1016.1,1016.4,1016.5,1.6,0.0,1.5666666666666667,0.057735026918962484,1.3333333333333333,0.5773502691896256,1.8333333333333333,0.7527726527090859,-0.5,-0.39999999999997726,0.17364817766693033,0.984807753012208,-0.9659258262890683,-0.25881904510252063,1.5,2.0
2026-07-08 17:50:00,30.0,2.0,1.5,1015.7,19.5,19.1,1.5,1.6,1.5,2.0,1.0,3.0,1015.8,1016.0,1016.4,1.5,0.0,1.55,0.057735026918962595,2.0,0.0,1.6666666666666667,0.5163977794943296,-0.6999999999999318,-0.2999999999999545,0.49999999999999994,0.8660254037844387,-0.9659258262890683,-0.25881904510252063,1.4,2.0
2026-07-08 18:20:00,30.0,2.0,1.4,1015.6,19.6,19.3,1.4,1.5,1.6,2.0,2.0,1.0,1015.6,1015.7,1016.0,1.4,0.0,1.45,0.057735026918963143,2.0,0.0,2.0,0.0,-0.39999999999997726,-0.10000000000002274,0.49999999999999994,0.8660254037844387,-1.0,-1.8369701987210297e-16,1.5,1.0
2026-07-08 18:50:00,40.0,1.0,1.5,1015.5,19.8,19.3,1.5,1.4,1.5,1.0,2.0,2.0,1015.5,1015.6,1015.7,1.5,0.0,1.45,0.057735026918963143,1.0,0.0,1.5,0.5477225575051661,-0.20000000000004547,-0.10000000000002274,0.6427876096865393,0.766044443118978,-1.0,-1.8369701987210297e-16,1.5,2.0
2026-07-08 19:20:00,80.0,2.0,1.5,1015.0,19.6,19.3,1.5,1.5,1.4,2.0,1.0,2.0,1015.0,1015.5,1015.6,1.5,0.0,1.5,0.0,1.6666666666666667,0.5773502691896258,1.3333333333333333,0.5163977794943222,-0.6000000000000227,-0.5,0.984807753012208,0.17364817766693041,-0.9659258262890684,0.2588190451025203,1.4,2.0
2026-07-08 19:50:00,90.0,2.0,1.4,1014.7,19.7,19.5,1.4,1.5,1.5,1.0,2.0,1.0,1014.7,1015.0,1015.5,1.4,0.0,1.45,0.05773502691896274,1.6666666666666667,0.5773502691896258,1.6666666666666667,0.5163977794943222,-0.7999999999999545,-0.2999999999999545,1.0,6.123233995736766e-17,-0.9659258262890684,0.2588190451025203,1.5,2.0
2026-07-08 20:20:00,110.0,2.0,1.5,1014.4,19.7,19.5,1.5,1.4,1.5,2.0,2.0,2.0,1014.4,1014.7,1015.0,1.5,0.0,1.45,0.05773502691896274,2.0,0.0,1.8333333333333333,0.40824829046386285,-0.6000000000000227,-0.3000000000000682,0.9396926207859084,-0.3420201433256687,-0.8660254037844386,0.5000000000000001,1.6,2.0
2026-07-08 20:50:00,100.0,2.0,1.6,1014.2,19.7,19.2,1.6,1.5,1.4,2.0,2.0,2.0,1014.3,1014.4,1014.7,1.6,0.0,1.55,0.0577350269189622,2.0,0.0,2.0,0.0,-0.5,-0.1999999999999318,0.984807753012208,-0.1736481776669303,-0.8660254037844386,0.5000000000000001,1.3,3.0
2026-07-08 21:50:00,140.0,3.0,1.4,1013.5,19.5,19.2,1.4,1.3,1.6,3.0,3.0,2.0,1013.6,1013.9,1014.2,1.4,0.0,1.3666666666666665,0.05773502691896233,3.0,0.0,2.6666666666666665,0.5163977794943226,-0.7000000000000455,-0.39999999999997726,0.6427876096865395,-0.7660444431189779,-0.7071067811865477,0.7071067811865474,1.3,3.0
2026-07-08 22:20:00,140.0,3.0,1.3,1013.4,19.5,19.1,1.3,1.4,1.3,3.0,3.0,3.0,1013.3,1013.5,1013.9,1.3,0.0,1.35,0.05773502691896242,2.6666666666666665,0.5773502691896257,2.8333333333333335,0.4082482904638636,-0.5,-0.10000000000002274,0.6427876096865395,-0.7660444431189779,-0.5000000000000004,0.8660254037844384,1.2,3.0
2026-07-08 22:50:00,170.0,3.0,1.2,1013.3,19.4,19.0,1.2,1.3,1.4,3.0,3.0,3.0,1013.3,1013.4,1013.5,1.2,0.0,1.25,0.057735026918962734,3.0,0.0,2.8333333333333335,0.4082482904638636,-0.20000000000004547,-0.10000000000002274,0.17364817766693028,-0.984807753012208,-0.5000000000000004,0.8660254037844384,1.1,4.0
2026-07-08 23:20:00,160.0,4.0,1.1,1013.0,19.1,18.9,1.1,1.2,1.3,4.0,3.0,3.0,1013.0,1013.3,1013.4,1.1,0.0,1.1500000000000001,0.05773502691896296,4.0,0.0,3.5,0.5477225575051664,-0.39999999999997726,-0.2999999999999545,0.3420201433256689,-0.9396926207859083,-0.25881904510252157,0.9659258262890681,1.1,4.0
2026-07-08 23:50:00,180.0,4.0,1.1,1013.0,19.0,18.8,1.1,1.1,1.2,4.0,4.0,3.0,1013.0,1013.0,1013.3,1.1,0.0,1.1,0.0,4.0,0.0,4.0,0.0,-0.2999999999999545,0.0,1.2246467991473532e-16,-1.0,-0.25881904510252157,0.9659258262890681,1.1,5.0
2026-07-09 00:20:00,180.0,5.0,1.1,1013.0,19.0,18.8,1.1,1.1,1.1,4.0,4.0,4.0,1012.9,1013.0,1013.0,1.1,0.0,1.1,0.0,4.666666666666667,0.5773502691896258,4.333333333333333,0.5163977794943221,0.0,0.0,1.2246467991473532e-16,-1.0,0.0,1.0,1.1,5.0
2026-07-09 00:50:00,170.0,5.0,1.1,1013.1,19.0,18.6,1.1,1.1,1.1,5.0,5.0,4.0,1013.0,1013.0,1013.0,1.1,0.0,1.1,0.0,5.0,0.0,4.833333333333333,0.4082482904638632,0.10000000000002274,0.10000000000002274,0.17364817766693028,-0.984807753012208,0.0,1.0,0.9,5.0
2026-07-09 01:20:00,170.0,5.0,0.9,1013.3,18.9,18.6,0.9,1.1,1.1,5.0,5.0,5.0,1013.3,1013.1,1013.0,0.9,0.0,1.0,0.11547005383792518,5.0,0.0,5.0,0.0,0.2999999999999545,0.1999999999999318,0.17364817766693028,-0.984807753012208,0.25881904510252074,0.9659258262890683,0.9,4.0
2026-07-09 02:20:00,180.0,5.0,0.9,1013.1,18.8,18.4,0.9,0.9,0.9,4.0,4.0,5.0,1013.2,1013.2,1013.3,0.9,0.0,0.9,0.0,4.333333333333333,0.5773502691896258,4.5,0.5477225575051659,-0.1999999999999318,-0.10000000000002274,1.2246467991473532e-16,-1.0,0.49999999999999994,0.8660254037844387,1.0,4.0
2026-07-09 02:50:00,170.0,4.0,1.0,1013.0,19.0,18.6,1.0,0.9,0.9,4.0,5.0,4.0,1013.1,1013.1,1013.2,1.0,0.0,0.9500000000000001,0.05773502691896256,4.0,0.0,4.166666666666667,0.4082482904638632,-0.20000000000004547,-0.10000000000002274,0.17364817766693028,-0.984807753012208,0.49999999999999994,0.8660254037844387,0.9,4.0
2026-07-09 03:20:00,180.0,4.0,0.9,1013.0,19.0,18.6,0.9,1.0,0.9,4.0,4.0,5.0,1013.0,1013.0,1013.1,0.9,0.0,0.95,0.05773502691896256,4.0,0.0,4.0,0.0,-0.10000000000002274,0.0,1.2246467991473532e-16,-1.0,0.7071067811865476,0.7071067811865476,0.9,4.0
2026-07-09 04:20:00,180.0,3.0,0.9,1012.5,19.0,18.6,0.9,0.9,0.9,3.0,4.0,4.0,1012.7,1012.9,1013.0,0.9,0.0,0.9,0.0,3.0,0.0,3.3333333333333335,0.5163977794943226,-0.5,-0.39999999999997726,1.2246467991473532e-16,-1.0,0.8660254037844386,0.5000000000000001,0.9,3.0
2026-07-09 04:50:00,220.0,3.0,0.9,1012.3,19.4,18.6,0.9,0.9,0.9,3.0,3.0,4.0,1012.3,1012.5,1012.9,0.9,0.0,0.9,0.0,3.0,0.0,3.0,0.0,-0.6000000000000227,-0.20000000000004547,-0.6427876096865393,-0.766044443118978,0.8660254037844386,0.5000000000000001,1.0,3.0
2026-07-09 05:20:00,240.0,3.0,1.0,1011.9,19.4,18.5,1.0,0.9,0.9,3.0,3.0,3.0,1012.0,1012.3,1012.5,1.0,0.0,0.95,0.05773502691896256,3.0,0.0,3.0,0.0,-0.6000000000000227,-0.39999999999997726,-0.8660254037844385,-0.5000000000000004,0.9659258262890683,0.25881904510252074,0.9,4.0
2026-07-09 06:20:00,240.0,5.0,1.0,1011.8,19.7,18.2,1.0,0.9,1.0,5.0,4.0,3.0,1011.8,1011.8,1011.9,1.0,0.0,0.9666666666666667,0.05773502691896256,5.0,0.0,4.333333333333333,0.8164965809277268,-0.10000000000002274,0.0,-0.8660254037844385,-0.5000000000000004,1.0,6.123233995736766e-17,1.0,4.0
2026-07-09 07:20:00,250.0,3.0,1.0,1011.5,19.4,,1.0,1.0,1.0,3.0,4.0,5.0,1011.6,1011.8,1011.8,1.0,0.0,1.0,0.0,3.3333333333333335,0.5773502691896257,3.6666666666666665,0.5163977794943252,-0.2999999999999545,-0.2999999999999545,-0.9396926207859084,-0.34202014332566855,0.9659258262890683,-0.25881904510252063,0.9,3.0
2026-07-09 08:20:00,230.0,4.0,0.9,1011.5,19.3,18.4,0.9,0.9,1.0,4.0,3.0,3.0,1011.5,1011.4,1011.5,0.9,0.0,0.9,0.0,3.6666666666666665,0.5773502691896257,3.5,0.5477225575051693,0.0,0.10000000000002274,-0.7660444431189779,-0.6427876096865395,0.8660254037844387,-0.4999999999999998,0.9,5.0
2026-07-09 09:20:00,230.0,5.0,0.9,1011.6,19.4,18.5,0.9,0.9,0.9,5.0,5.0,4.0,1011.5,1011.4,1011.5,0.9,0.0,0.9,0.0,4.666666666666667,0.5773502691896258,4.5,0.5477225575051667,0.10000000000002274,0.20000000000004547,-0.7660444431189779,-0.6427876096865395,0.7071067811865476,-0.7071067811865475,0.8,4.0
2026-07-09 10:20:00,240.0,4.0,0.8,1011.4,19.4,18.5,0.8,0.8,0.9,4.0,4.0,5.0,1011.4,1011.4,1011.6,0.8,0.0,0.8,0.0,4.0,0.0,4.166666666666667,0.4082482904638644,-0.20000000000004547,0.0,-0.8660254037844385,-0.5000000000000004,0.49999999999999994,-0.8660254037844387,0.8,3.0
2026-07-09 10:50:00,260.0,3.0,0.8,1011.6,19.4,18.5,0.8,0.8,0.8,4.0,4.0,4.0,1011.5,1011.4,1011.4,0.8,0.0,0.8,0.0,3.3333333333333335,0.5773502691896257,3.6666666666666665,0.5163977794943223,0.20000000000004547,0.20000000000004547,-0.984807753012208,-0.17364817766693033,0.49999999999999994,-0.8660254037844387,0.8,3.0
2026-07-09 11:20:00,250.0,3.0,0.8,1011.8,19.3,18.5,0.8,0.8,0.8,3.0,3.0,4.0,1011.7,1011.6,1011.4,0.8,0.0,0.8,0.0,3.0,0.0,3.1666666666666665,0.4082482904638636,0.39999999999997726,0.1999999999999318,-0.9396926207859084,-0.34202014332566855,0.258819045102521,-0.9659258262890682,0.8,4.0
2026-07-09 12:20:00,250.0,4.0,0.8,1011.8,20.0,18.6,0.8,0.8,0.8,4.0,4.0,3.0,1011.7,1011.8,1011.8,0.8,0.0,0.8,0.0,4.0,0.0,4.0,0.0,0.0,0.0,-0.9396926207859084,-0.34202014332566855,1.2246467991473532e-16,-1.0,0.8,4.0
2026-07-09 13:20:00,250.0,3.0,0.8,1011.6,20.5,18.8,0.8,0.8,0.8,3.0,4.0,4.0,1011.6,1011.9,1011.8,0.8,0.0,0.8,0.0,3.0,0.0,3.5,0.5477225575051664,-0.1999999999999318,-0.2999999999999545,-0.9396926207859084,-0.34202014332566855,-0.2588190451025208,-0.9659258262890683,0.9,3.0
2026-07-09 13:50:00,260.0,3.0,0.9,1011.4,20.8,19.0,0.9,0.8,0.8,3.0,3.0,4.0,1011.4,1011.6,1011.9,0.9,0.0,0.85,0.05773502691896254,3.0,0.0,3.0,0.0,-0.5,-0.20000000000004547,-0.984807753012208,-0.17364817766693033,-0.2588190451025208,-0.9659258262890683,0.8,3.0
2026-07-09 14:20:00,250.0,3.0,0.8,1011.2,21.4,19.2,0.8,0.9,0.8,2.0,3.0,3.0,1011.2,1011.4,1011.6,0.8,0.0,0.8500000000000001,0.05773502691896254,2.6666666666666665,0.5773502691896257,2.8333333333333335,0.408248290463863,-0.39999999999997726,-0.1999999999999318,-0.9396926207859084,-0.34202014332566855,-0.4999999999999997,-0.8660254037844388,0.8,2.0
2026-07-09 15:20:00,230.0,2.0,0.8,1011.2,22.5,19.8,0.8,0.8,0.8,3.0,2.0,3.0,1011.3,1011.4,1011.2,0.8,0.0,0.8,0.0,2.3333333333333335,0.5773502691896257,2.5,0.5477225575051664,0.0,-0.1999999999999318,-0.7660444431189779,-0.6427876096865395,-0.7071067811865471,-0.7071067811865479,0.8,2.0
2026-07-09 16:20:00,200.0,1.0,0.8,1010.8,24.3,20.2,0.8,0.8,0.8,1.0,2.0,2.0,1010.9,1011.0,1011.2,0.8,0.0,0.8,0.0,1.3333333333333333,0.5773502691896258,1.6666666666666667,0.5163977794943222,-0.40000000000009095,-0.20000000000004547,-0.34202014332566866,-0.9396926207859084,-0.8660254037844385,-0.5000000000000004,0.9,3.0
2026-07-09 17:20:00,150.0,3.0,0.8,1010.4,22.8,20.0,0.8,0.9,0.8,3.0,3.0,1.0,1010.5,1010.7,1010.8,0.8,0.0,0.8333333333333334,0.05773502691896256,3.0,0.0,2.6666666666666665,0.8164965809277264,-0.39999999999997726,-0.3000000000000682,0.49999999999999994,-0.8660254037844387,-0.9659258262890683,-0.25881904510252063,0.7,4.0
2026-07-09 18:20:00,130.0,4.0,0.8,1009.6,22.7,20.9,0.8,0.7,0.8,4.0,4.0,3.0,1009.8,1010.1,1010.4,0.8,0.0,0.7666666666666667,0.057735026918962644,4.0,0.0,4.0,0.0,-0.7999999999999545,-0.5,0.766044443118978,-0.6427876096865394,-1.0,-1.8369701987210297e-16,0.7,4.0
2026-07-09 18:50:00,150.0,4.0,0.7,1009.2,22.9,21.2,0.7,0.8,0.7,4.0,4.0,4.0,1009.5,1009.6,1010.1,0.7,0.0,0.75,0.057735026918962644,4.0,0.0,4.0,0.0,-0.8999999999999773,-0.39999999999997726,0.49999999999999994,-0.8660254037844387,-1.0,-1.8369701987210297e-16,0.7,4.0
2026-07-09 19:20:00,150.0,4.0,0.7,1008.9,22.5,20.8,0.7,0.7,0.8,4.0,4.0,4.0,1009.0,1009.2,1009.6,0.7,0.0,0.7,0.0,4.0,0.0,4.0,0.0,-0.7000000000000455,-0.3000000000000682,0.49999999999999994,-0.8660254037844387,-0.9659258262890684,0.2588190451025203,0.7,4.0
2026-07-09 20:20:00,190.0,5.0,0.7,1008.0,25.1,20.9,0.7,0.7,0.7,4.0,4.0,4.0,1008.1,1008.5,1008.9,0.7,0.0,0.7,0.0,4.0,0.9999999999999999,4.0,0.6324555320336759,-0.8999999999999773,-0.5,-0.17364817766693047,-0.984807753012208,-0.8660254037844386,0.5000000000000001,0.7,5.0
2026-07-09 21:20:00,190.0,5.0,0.7,1007.7,23.9,20.5,0.7,0.7,0.7,5.0,5.0,5.0,1007.7,1007.8,1008.0,0.7,0.0,0.7,0.0,5.0,0.0,5.0,0.0,-0.2999999999999545,-0.09999999999990905,-0.17364817766693047,-0.984807753012208,-0.7071067811865477,0.7071067811865474,0.7,6.0
2026-07-09 21:50:00,190.0,6.0,0.7,1007.6,24.1,20.3,0.7,0.7,0.7,6.0,5.0,5.0,1007.5,1007.7,1007.8,0.7,0.0,0.7,0.0,5.666666666666667,0.5773502691896258,5.333333333333333,0.5163977794943221,-0.1999999999999318,-0.10000000000002274,-0.17364817766693047,-0.984807753012208,-0.7071067811865477,0.7071067811865474,0.7,6.0
2026-07-09 22:20:00,190.0,6.0,0.7,1007.6,23.9,20.3,0.7,0.7,0.7,6.0,6.0,5.0,1007.7,1007.6,1007.7,0.7,0.0,0.7,0.0,6.0,0.0,5.833333333333333,0.4082482904638632,-0.10000000000002274,0.0,-0.17364817766693047,-0.984807753012208,-0.5000000000000004,0.8660254037844384,0.7,6.0
2026-07-10 00:20:00,190.0,5.0,0.7,1007.4,22.4,19.8,0.7,0.7,0.8,5.0,6.0,4.0,1007.4,1007.4,1007.5,0.7,0.0,0.725,0.05000000000000005,5.0,0.0,5.166666666666667,0.40824829046386363,-0.10000000000002274,0.0,-0.17364817766693047,-0.984807753012208,0.0,1.0,0.7,4.0
2026-07-10 00:50:00,190.0,4.0,0.7,1007.9,21.8,19.7,0.7,0.7,0.7,5.0,5.0,6.0,1007.7,1007.4,1007.4,0.7,0.0,0.7,0.0,4.666666666666667,0.5773502691896258,4.833333333333333,0.40824829046386296,0.5,0.5,-0.17364817766693047,-0.984807753012208,0.0,1.0,0.7,5.0
2026-07-10 01:20:00,190.0,5.0,0.7,1008.2,22.6,19.7,0.7,0.7,0.7,5.0,4.0,5.0,1008.2,1007.9,1007.4,0.7,0.0,0.7,0.0,4.666666666666667,0.5773502691896258,4.666666666666667,0.5163977794943221,0.8000000000000682,0.3000000000000682,-0.17364817766693047,-0.984807753012208,0.25881904510252074,0.9659258262890683,0.7,3.0
2026-07-10 01:50:00,180.0,3.0,0.7,1008.5,21.7,19.8,0.7,0.7,0.7,4.0,5.0,4.0,1008.5,1008.2,1007.9,0.7,0.0,0.7,0.0,3.6666666666666665,0.5773502691896257,4.166666666666667,0.752772652709081,0.6000000000000227,0.2999999999999545,1.2246467991473532e-16,-1.0,0.25881904510252074,0.9659258262890683,0.7,5.0
2026-07-10 02:20:00,210.0,5.0,0.7,1008.4,21.8,19.7,0.7,0.7,0.7,4.0,3.0,5.0,1008.5,1008.5,1008.2,0.7,0.0,0.7,0.0,4.333333333333333,0.5773502691896258,4.0,0.6324555320336759,0.1999999999999318,-0.10000000000002274,-0.5000000000000001,-0.8660254037844386,0.49999999999999994,0.8660254037844387,0.7,5.0
2026-07-10 03:20:00,200.0,4.0,0.6,1008.4,21.3,19.5,0.6,0.7,0.7,4.0,5.0,5.0,1008.4,1008.5,1008.4,0.6,0.0,0.6333333333333333,0.05773502691896255,4.333333333333333,0.5773502691896258,4.5,0.5477225575051659,0.0,-0.10000000000002274,-0.34202014332566866,-0.9396926207859084,0.7071067811865476,0.7071067811865476,0.6,4.0
2026-07-10 03:50:00,210.0,4.0,0.6,1008.2,21.4,19.5,0.6,0.6,0.7,4.0,4.0,5.0,1008.3,1008.4,1008.5,0.6,0.0,0.6,0.0,4.0,0.0,4.166666666666667,0.40824829046386324,-0.2999999999999545,-0.1999999999999318,-0.5000000000000001,-0.8660254037844386,0.7071067811865476,0.7071067811865476,0.7,4.0
2026-07-10 04:20:00,210.0,4.0,0.7,1008.0,21.2,19.4,0.7,0.6,0.6,5.0,4.0,4.0,1008.1,1008.2,1008.4,0.7,0.0,0.6499999999999999,0.05773502691896256,4.333333333333333,0.5773502691896258,4.166666666666667,0.40824829046386296,-0.39999999999997726,-0.20000000000004547,-0.5000000000000001,-0.8660254037844386,0.8660254037844386,0.5000000000000001,0.6,4.0
2026-07-10 04:50:00,200.0,4.0,0.6,1007.6,21.2,19.3,0.6,0.7,0.6,4.0,4.0,4.0,1007.7,1008.0,1008.2,0.6,0.0,0.6499999999999999,0.05773502691896256,4.0,0.0,4.166666666666667,0.40824829046386296,-0.6000000000000227,-0.39999999999997726,-0.34202014332566866,-0.9396926207859084,0.8660254037844386,0.5000000000000001,0.6,4.0
2026-07-10 05:20:00,200.0,4.0,0.6,1007.2,20.7,19.3,0.6,0.6,0.7,4.0,4.0,4.0,1007.3,1007.6,1008.0,0.6,0.0,0.6,0.0,4.0,0.0,4.0,0.0,-0.7999999999999545,-0.39999999999997726,-0.34202014332566866,-0.9396926207859084,0.9659258262890683,0.25881904510252074,0.7,5.0
2026-07-10 05:50:00,220.0,5.0,0.7,1007.0,21.1,19.3,0.7,0.6,0.6,5.0,4.0,4.0,1007.1,1007.2,1007.6,0.7,0.0,0.6499999999999999,0.05773502691896256,5.0,0.0,4.5,0.5477225575051659,-0.6000000000000227,-0.20000000000004547,-0.6427876096865393,-0.766044443118978,0.9659258262890683,0.25881904510252074,0.7,4.0
2026-07-10 06:20:00,210.0,4.0,0.7,1006.6,21.0,19.2,0.7,0.7,0.6,5.0,5.0,4.0,1006.7,1007.0,1007.2,0.7,0.0,0.7,0.0,4.666666666666667,0.5773502691896258,4.833333333333333,0.40824829046386296,-0.6000000000000227,-0.39999999999997726,-0.5000000000000001,-0.8660254037844386,1.0,6.123233995736766e-17,0.7,4.0
2026-07-10 07:20:00,240.0,4.0,0.7,1006.6,20.7,19.2,0.7,0.7,0.7,3.0,4.0,4.0,1006.6,1006.7,1006.6,0.7,0.0,0.7,0.0,3.3333333333333335,0.5773502691896257,3.8333333333333335,0.752772652709081,0.0,-0.10000000000002274,-0.8660254037844385,-0.5000000000000004,0.9659258262890683,-0.25881904510252063,0.7,3.0
2026-07-10 07:50:00,220.0,3.0,0.7,1006.5,20.4,19.1,0.7,0.7,0.7,3.0,4.0,4.0,1006.6,1006.6,1006.7,0.7,0.0,0.7,0.0,3.0,0.0,3.1666666666666665,0.4082482904638629,-0.20000000000004547,-0.10000000000002274,-0.6427876096865393,-0.766044443118978,0.9659258262890683,-0.25881904510252063,0.7,2.0
2026-07-10 09:20:00,220.0,3.0,0.6,1006.5,20.3,19.4,0.6,0.7,0.7,3.0,3.0,2.0,1006.3,1006.3,1006.4,0.6,0.0,0.6333333333333333,0.05773502691896255,3.0,0.0,3.0,0.0,0.10000000000002274,0.20000000000004547,-0.6427876096865393,-0.766044443118978,0.7071067811865476,-0.7071067811865475,0.6,2.0
2026-07-10 09:50:00,210.0,2.0,0.6,1006.1,20.2,19.4,0.6,0.6,0.7,2.0,3.0,3.0,1006.2,1006.5,1006.3,0.6,0.0,0.6,0.0,2.3333333333333335,0.5773502691896257,2.6666666666666665,0.5163977794943223,-0.1999999999999318,-0.39999999999997726,-0.5000000000000001,-0.8660254037844386,0.7071067811865476,-0.7071067811865475,0.6,2.0
2026-07-10 10:20:00,220.0,2.0,0.6,1006.2,20.1,19.6,0.6,0.6,0.6,2.0,2.0,3.0,1006.3,1006.1,1006.5,0.6,0.0,0.6,0.0,2.0,0.0,2.1666666666666665,0.4082482904638636,-0.2999999999999545,0.10000000000002274,-0.6427876096865393,-0.766044443118978,0.49999999999999994,-0.8660254037844387,0.6,3.0
2026-07-10 10:50:00,240.0,3.0,0.6,1006.4,20.4,19.5,0.6,0.6,0.6,3.0,2.0,2.0,1006.6,1006.2,1006.1,0.6,0.0,0.6,0.0,3.0,0.0,2.5,0.5477225575051664,0.2999999999999545,0.1999999999999318,-0.8660254037844385,-0.5000000000000004,0.49999999999999994,-0.8660254037844387,0.6,3.0
2026-07-10 11:20:00,270.0,3.0,0.6,1006.6,20.4,19.3,0.6,0.6,0.6,3.0,3.0,2.0,1006.6,1006.4,1006.2,0.6,0.0,0.6,0.0,3.0,0.0,3.0,0.0,0.39999999999997726,0.20000000000004547,-1.0,-1.8369701987210297e-16,0.258819045102521,-0.9659258262890682,0.5,3.0
2026-07-10 12:20:00,250.0,3.0,0.5,1006.8,20.6,19.1,0.5,0.5,0.6,3.0,3.0,3.0,1006.6,1006.8,1006.6,0.5,0.0,0.5,0.0,3.0,0.0,3.0,0.0,0.1999999999999318,0.0,-0.9396926207859084,-0.34202014332566855,1.2246467991473532e-16,-1.0,0.5,4.0
2026-07-10 13:20:00,270.0,3.0,0.5,1006.8,20.8,19.2,0.5,0.5,0.5,4.0,4.0,3.0,1006.8,1006.7,1006.8,0.5,0.0,0.5,0.0,3.6666666666666665,0.5773502691896257,3.5,0.5477225575051664,0.0,0.09999999999990905,-1.0,-1.8369701987210297e-16,-0.2588190451025208,-0.9659258262890683,0.5,3.0
2026-07-10 14:20:00,290.0,3.0,0.5,1007.2,21.4,19.6,0.5,0.5,0.5,3.0,3.0,3.0,1007.2,1006.8,1006.8,0.5,0.0,0.5,0.0,3.0,0.0,3.0,0.0,0.40000000000009095,0.40000000000009095,-0.9396926207859083,0.342020143325669,-0.4999999999999997,-0.8660254037844388,0.5,2.0
2026-07-10 14:50:00,300.0,2.0,0.5,1007.3,22.0,19.9,0.5,0.5,0.5,2.0,3.0,3.0,1007.3,1007.2,1006.8,0.5,0.0,0.5,0.0,2.0,0.0,2.5,0.5477225575051664,0.5,0.09999999999990905,-0.8660254037844386,0.5000000000000001,-0.4999999999999997,-0.8660254037844388,0.5,2.0
2026-07-10 15:20:00,300.0,2.0,0.5,1007.5,22.2,20.1,0.5,0.5,0.5,2.0,2.0,3.0,1007.4,1007.3,1007.2,0.5,0.0,0.5,0.0,2.0,0.0,2.0,0.0,0.2999999999999545,0.20000000000004547,-0.8660254037844386,0.5000000000000001,-0.7071067811865471,-0.7071067811865479,0.4,2.0
2026-07-10 16:20:00,330.0,3.0,0.5,1007.8,23.2,20.2,0.5,0.4,0.5,3.0,2.0,2.0,1007.8,1007.6,1007.5,0.5,0.0,0.4666666666666666,0.05773502691896256,2.6666666666666665,0.5773502691896257,2.3333333333333335,0.5163977794943223,0.2999999999999545,0.1999999999999318,-0.5000000000000004,0.8660254037844384,-0.8660254037844385,-0.5000000000000004,0.5,2.0
2026-07-10 17:20:00,360.0,2.0,0.5,1007.8,23.1,19.9,0.5,0.5,0.5,2.0,2.0,3.0,1007.9,1007.9,1007.8,0.5,0.0,0.5,0.0,2.0,0.0,2.3333333333333335,0.5163977794943223,0.0,-0.10000000000002274,-2.4492935982947064e-16,1.0,-0.9659258262890683,-0.25881904510252063,0.6,3.0
2026-07-10 18:20:00,50.0,3.0,0.5,1007.7,22.8,20.2,0.5,0.6,0.5,3.0,3.0,2.0,1007.6,1007.7,1007.8,0.5,0.0,0.5333333333333333,0.05773502691896256,3.0,0.0,2.6666666666666665,0.5163977794943226,-0.09999999999990905,0.0,0.766044443118978,0.6427876096865394,-1.0,-1.8369701987210297e-16,0.5,3.0
2026-07-10 19:20:00,80.0,3.0,0.5,1008.0,22.4,21.4,0.5,0.5,0.5,3.0,3.0,3.0,1007.7,1007.9,1007.7,0.5,0.0,0.5,0.0,3.0,0.0,3.0,0.0,0.2999999999999545,0.10000000000002274,0.984807753012208,0.17364817766693041,-0.9659258262890684,0.2588190451025203,0.5,4.0
2026-07-10 19:50:00,70.0,4.0,0.5,1007.8,22.3,21.1,0.5,0.5,0.5,3.0,3.0,3.0,1007.9,1008.0,1007.9,0.5,0.0,0.5,0.0,3.3333333333333335,0.5773502691896257,3.1666666666666665,0.408248290463863,-0.10000000000002274,-0.20000000000004547,0.9396926207859083,0.3420201433256688,-0.9659258262890684,0.2588190451025203,0.5,4.0
2026-07-10 20:20:00,70.0,4.0,0.5,1008.4,22.3,21.1,0.5,0.5,0.5,4.0,4.0,3.0,1008.0,1007.8,1008.0,0.5,0.0,0.5,0.0,4.0,0.0,3.6666666666666665,0.5163977794943226,0.39999999999997726,0.6000000000000227,0.9396926207859083,0.3420201433256688,-0.8660254037844386,0.5000000000000001,0.5,3.0
2026-07-10 21:20:00,90.0,2.0,0.5,1008.7,22.0,21.0,0.5,0.5,0.5,3.0,3.0,4.0,1008.7,1008.5,1008.4,0.5,0.0,0.5,0.0,2.6666666666666665,0.5773502691896257,2.8333333333333335,0.408248290463863,0.3000000000000682,0.20000000000004547,1.0,6.123233995736766e-17,-0.7071067811865477,0.7071067811865474,0.5,2.0
2026-07-11 00:50:00,190.0,3.0,0.4,1010.1,21.8,20.6,0.4,0.4,0.4,3.0,4.0,3.0,1009.8,1009.6,1009.5,0.4,0.0,0.4,0.0,3.3333333333333335,0.5773502691896257,3.3333333333333335,0.5163977794943223,0.6000000000000227,0.5,-0.17364817766693047,-0.984807753012208,0.0,1.0,0.4,3.0
2026-07-11 01:20:00,220.0,3.0,0.4,1010.6,21.6,20.6,0.4,0.4,0.4,2.0,3.0,4.0,1010.4,1010.1,1009.6,0.4,0.0,0.4,0.0,2.6666666666666665,0.5773502691896257,3.0,0.6324555320336755,1.0,0.5,-0.6427876096865393,-0.766044443118978,0.25881904510252074,0.9659258262890683,0.4,3.0
2026-07-11 02:20:00,270.0,1.0,0.3,1011.6,21.4,20.5,0.3,0.4,0.4,1.0,3.0,3.0,1011.4,1011.4,1010.6,0.3,0.0,0.3333333333333333,0.05773502691896262,1.6666666666666667,1.1547005383792517,2.1666666666666665,0.9831920802501739,1.0,0.20000000000004547,-1.0,-1.8369701987210297e-16,0.49999999999999994,0.8660254037844387,0.3,3.0
2026-07-11 02:50:00,270.0,3.0,0.3,1011.8,21.5,20.4,0.3,0.3,0.4,2.0,1.0,3.0,1011.7,1011.6,1011.4,0.3,0.0,0.3,0.0,2.3333333333333335,0.5773502691896257,2.0,0.8944271909999145,0.39999999999997726,0.1999999999999318,-1.0,-1.8369701987210297e-16,0.49999999999999994,0.8660254037844387,0.3,2.0
2026-07-11 03:20:00,260.0,2.0,0.3,1012.0,21.5,20.4,0.3,0.3,0.3,3.0,3.0,1.0,1012.0,1011.8,1011.6,0.3,0.0,0.3,0.0,2.6666666666666665,0.5773502691896257,2.5,0.5477225575051646,0.39999999999997726,0.20000000000004547,-0.984807753012208,-0.17364817766693033,0.7071067811865476,0.7071067811865476,0.3,3.0
2026-07-11 03:50:00,250.0,3.0,0.3,1012.3,21.9,20.4,0.3,0.3,0.3,3.0,2.0,3.0,1012.1,1012.0,1011.8,0.3,0.0,0.3,0.0,2.6666666666666665,0.5773502691896257,2.6666666666666665,0.516397779494321,0.5,0.2999999999999545,-0.9396926207859084,-0.34202014332566855,0.7071067811865476,0.7071067811865476,0.3,3.0
2026-07-11 04:20:00,260.0,3.0,0.3,1012.2,21.7,20.4,0.3,0.3,0.3,3.0,3.0,2.0,1012.3,1012.3,1012.0,0.3,0.0,0.3,0.0,3.0,0.0,2.8333333333333335,0.4082482904638619,0.20000000000004547,-0.09999999999990905,-0.984807753012208,-0.17364817766693033,0.8660254037844386,0.5000000000000001,0.3,3.0
2026-07-11 04:50:00,300.0,3.0,0.3,1012.4,21.1,20.4,0.3,0.3,0.3,3.0,3.0,3.0,1012.4,1012.2,1012.3,0.3,0.0,0.3,0.0,3.0,0.0,3.0,0.0,0.10000000000002274,0.1999999999999318,-0.8660254037844386,0.5000000000000001,0.8660254037844386,0.5000000000000001,0.3,3.0
2026-07-11 05:20:00,340.0,3.0,0.3,1012.5,21.2,20.3,0.3,0.3,0.3,3.0,3.0,3.0,1012.4,1012.4,1012.2,0.3,0.0,0.3,0.0,3.0,0.0,3.0,0.0,0.2999999999999545,0.10000000000002274,-0.3420201433256686,0.9396926207859084,0.9659258262890683,0.25881904510252074,0.3,3.0
2026-07-11 06:20:00,30.0,3.0,0.3,1012.7,20.9,20.4,0.3,0.3,0.3,3.0,3.0,3.0,1012.6,1012.5,1012.5,0.3,0.0,0.3,0.0,3.0,0.0,3.0,0.0,0.20000000000004547,0.20000000000004547,0.49999999999999994,0.8660254037844387,1.0,6.123233995736766e-17,0.3,3.0
2026-07-11 07:20:00,360.0,2.0,0.3,1013.1,20.7,20.4,0.3,0.3,0.3,2.0,3.0,3.0,1013.0,1013.0,1012.7,0.3,0.0,0.3,0.0,2.3333333333333335,0.5773502691896257,2.3333333333333335,0.5163977794943226,0.39999999999997726,0.10000000000002274,-2.4492935982947064e-16,1.0,0.9659258262890683,-0.25881904510252063,0.3,3.0
2026-07-11 09:20:00,350.0,2.0,0.4,1013.6,20.7,20.1,0.4,0.4,0.3,2.0,2.0,2.0,1013.4,1013.4,1013.3,0.4,0.0,0.4,0.0,2.0,0.0,2.0,0.0,0.3000000000000682,0.20000000000004547,-0.1736481776669304,0.984807753012208,0.7071067811865476,-0.7071067811865475,0.4,2.0
2026-07-11 10:20:00,310.0,2.0,0.4,1014.0,20.4,,0.4,0.4,0.4,2.0,2.0,2.0,1013.9,1013.7,1013.6,0.4,0.0,0.4,0.0,2.0,0.0,2.0,0.0,0.39999999999997726,0.2999999999999545,-0.7660444431189781,0.6427876096865393,0.49999999999999994,-0.8660254037844387,0.4,2.0
2026-07-11 11:20:00,340.0,3.0,0.4,1013.9,20.2,20.1,0.4,0.4,0.4,2.0,2.0,2.0,1013.9,1014.0,1014.0,0.4,0.0,0.4,0.0,2.3333333333333335,0.5773502691896257,2.1666666666666665,0.408248290463863,-0.10000000000002274,-0.10000000000002274,-0.3420201433256686,0.9396926207859084,0.258819045102521,-0.9659258262890682,0.4,3.0
2026-07-11 12:20:00,360.0,4.0,0.4,1014.3,20.3,20.1,0.4,0.4,0.4,3.0,3.0,3.0,1014.4,1014.0,1013.9,0.4,0.0,0.4,0.0,3.3333333333333335,0.5773502691896257,3.1666666666666665,0.408248290463863,0.39999999999997726,0.2999999999999545,-2.4492935982947064e-16,1.0,1.2246467991473532e-16,-1.0,0.4,4.0
2026-07-11 13:20:00,10.0,4.0,0.4,1014.9,20.4,,0.4,0.4,0.4,5.0,4.0,4.0,1014.9,1014.6,1014.3,0.4,0.0,0.4,0.0,4.666666666666667,0.5773502691896258,4.333333333333333,0.5163977794943225,0.6000000000000227,0.2999999999999545,0.17364817766693033,0.984807753012208,-0.2588190451025208,-0.9659258262890683,0.4,4.0
2026-07-11 13:50:00,10.0,4.0,0.4,1015.3,20.4,20.1,0.4,0.4,0.4,4.0,4.0,4.0,1015.1,1014.9,1014.6,0.4,0.0,0.4,0.0,4.0,0.0,4.333333333333333,0.5163977794943225,0.6999999999999318,0.39999999999997726,0.17364817766693033,0.984807753012208,-0.2588190451025208,-0.9659258262890683,0.4,3.0
2026-07-11 14:20:00,20.0,3.0,0.4,1015.5,20.3,20.1,0.4,0.4,0.4,3.0,4.0,4.0,1015.5,1015.3,1014.9,0.4,0.0,0.4,0.0,3.0,0.0,3.5,0.5477225575051682,0.6000000000000227,0.20000000000004547,0.3420201433256687,0.9396926207859084,-0.4999999999999997,-0.8660254037844388,0.5,2.0
2026-07-11 15:20:00,30.0,2.0,0.5,1016.1,20.3,20.3,0.5,0.5,0.4,2.0,2.0,3.0,1016.0,1015.9,1015.5,0.5,0.0,0.5,0.0,2.0,0.0,2.1666666666666665,0.4082482904638725,0.6000000000000227,0.20000000000004547,0.49999999999999994,0.8660254037844387,-0.7071067811865471,-0.7071067811865479,0.4,2.0
2026-07-11 15:50:00,10.0,2.0,0.4,1016.3,20.5,20.7,0.4,0.5,0.5,2.0,2.0,2.0,1016.4,1016.1,1015.9,0.4,0.0,0.45,0.05773502691896253,2.0,0.0,2.0,0.0,0.39999999999997726,0.1999999999999318,0.17364817766693033,0.984807753012208,-0.7071067811865471,-0.7071067811865479,0.4,2.0
2026-07-11 16:20:00,20.0,2.0,0.4,1016.3,20.5,20.9,0.4,0.4,0.5,2.0,2.0,2.0,1016.2,1016.3,1016.1,0.4,0.0,0.4,0.0,2.0,0.0,2.0,0.0,0.1999999999999318,0.0,0.3420201433256687,0.9396926207859084,-0.8660254037844385,-0.5000000000000004,0.4,2.0
2026-07-11 17:20:00,40.0,2.0,0.5,1016.3,20.7,21.3,0.5,0.4,0.4,2.0,2.0,2.0,1016.4,1016.4,1016.3,0.5,0.0,0.4666666666666666,0.05773502691896256,2.0,0.0,2.0,0.0,0.0,-0.10000000000002274,0.6427876096865393,0.766044443118978,-0.9659258262890683,-0.25881904510252063,0.4,2.0
2026-07-11 18:20:00,90.0,2.0,0.5,1016.1,20.9,21.7,0.5,0.4,0.5,2.0,2.0,2.0,1016.1,1016.5,1016.3,0.5,0.0,0.4666666666666666,0.05773502691896256,2.0,0.0,2.0,0.0,-0.1999999999999318,-0.39999999999997726,1.0,6.123233995736766e-17,-1.0,-1.8369701987210297e-16,0.5,3.0
2026-07-11 19:20:00,110.0,4.0,0.5,1015.7,21.2,21.7,0.5,0.5,0.5,3.0,3.0,2.0,1015.7,1015.8,1016.1,0.5,0.0,0.5,0.0,3.3333333333333335,0.5773502691896257,3.0,0.6324555320336762,-0.39999999999997726,-0.09999999999990905,0.9396926207859084,-0.3420201433256687,-0.9659258262890684,0.2588190451025203,0.5,4.0
2026-07-11 19:50:00,110.0,4.0,0.5,1015.7,21.2,21.5,0.5,0.5,0.5,4.0,4.0,3.0,1015.7,1015.7,1015.8,0.5,0.0,0.5,0.0,4.0,0.0,3.6666666666666665,0.5163977794943223,-0.09999999999990905,0.0,0.9396926207859084,-0.3420201433256687,-0.9659258262890684,0.2588190451025203,0.5,4.0
2026-07-11 20:20:00,110.0,4.0,0.5,1015.4,21.1,21.1,0.5,0.5,0.5,4.0,4.0,4.0,1015.5,1015.7,1015.7,0.5,0.0,0.5,0.0,4.0,0.0,4.0,0.0,-0.3000000000000682,-0.3000000000000682,0.9396926207859084,-0.3420201433256687,-0.8660254037844386,0.5000000000000001,0.5,4.0
2026-07-11 20:50:00,130.0,4.0,0.5,1015.4,21.0,21.1,0.5,0.5,0.5,4.0,4.0,4.0,1015.4,1015.4,1015.7,0.5,0.0,0.5,0.0,4.0,0.0,4.0,0.0,-0.3000000000000682,0.0,0.766044443118978,-0.6427876096865394,-0.8660254037844386,0.5000000000000001,0.5,4.0
2026-07-11 21:20:00,130.0,4.0,0.5,1015.3,21.0,20.9,0.5,0.5,0.5,4.0,4.0,4.0,1015.4,1015.4,1015.4,0.5,0.0,0.5,0.0,4.0,0.0,4.0,0.0,-0.10000000000002274,-0.10000000000002274,0.766044443118978,-0.6427876096865394,-0.7071067811865477,0.7071067811865474,0.5,4.0
2026-07-11 22:20:00,150.0,4.0,0.5,1015.5,21.1,20.8,0.5,0.5,0.5,4.0,4.0,4.0,1015.5,1015.6,1015.3,0.5,0.0,0.5,0.0,4.0,0.0,4.0,0.0,0.20000000000004547,-0.10000000000002274,0.49999999999999994,-0.8660254037844387,-0.5000000000000004,0.8660254037844384,0.5,4.0
2026-07-11 22:50:00,150.0,4.0,0.5,1015.6,21.0,20.7,0.5,0.5,0.5,4.0,4.0,4.0,1015.6,1015.5,1015.6,0.5,0.0,0.5,0.0,4.0,0.0,4.0,0.0,0.0,0.10000000000002274,0.49999999999999994,-0.8660254037844387,-0.5000000000000004,0.8660254037844384,0.4,4.0
2026-07-12 00:50:00,170.0,3.0,0.4,1017.1,20.7,20.6,0.4,0.4,0.4,3.0,4.0,4.0,1016.9,1016.7,1016.3,0.4,0.0,0.4,0.0,3.3333333333333335,0.5773502691896257,3.6666666666666665,0.5163977794943223,0.8000000000000682,0.39999999999997726,0.17364817766693028,-0.984807753012208,0.0,1.0,0.4,2.0
2026-07-12 01:20:00,160.0,2.0,0.4,1017.4,20.7,20.5,0.4,0.4,0.4,3.0,3.0,4.0,1017.4,1017.1,1016.7,0.4,0.0,0.4,0.0,2.6666666666666665,0.5773502691896257,3.0,0.6324555320336762,0.6999999999999318,0.2999999999999545,0.3420201433256689,-0.9396926207859083,0.25881904510252074,0.9659258262890683,0.4,3.0
2026-07-12 01:50:00,180.0,3.0,0.4,1017.7,20.7,20.5,0.4,0.4,0.4,3.0,2.0,3.0,1017.5,1017.4,1017.1,0.4,0.0,0.4,0.0,3.0,0.0,2.8333333333333335,0.4082482904638636,0.6000000000000227,0.3000000000000682,1.2246467991473532e-16,-1.0,0.25881904510252074,0.9659258262890683,0.4,2.0
2026-07-12 02:20:00,140.0,2.0,0.4,1017.7,20.7,20.5,0.4,0.4,0.4,2.0,3.0,2.0,1017.7,1017.7,1017.4,0.4,0.0,0.4,0.0,2.0,0.0,2.5,0.5477225575051664,0.3000000000000682,0.0,0.6427876096865395,-0.7660444431189779,0.49999999999999994,0.8660254037844387,0.4,2.0
2026-07-12 02:50:00,140.0,2.0,0.4,1018.0,20.6,20.5,0.4,0.4,0.4,2.0,2.0,3.0,1017.9,1017.7,1017.7,0.4,0.0,0.4,0.0,2.0,0.0,2.0,0.0,0.2999999999999545,0.2999999999999545,0.6427876096865395,-0.7660444431189779,0.49999999999999994,0.8660254037844387,0.4,2.0
2026-07-12 03:20:00,130.0,2.0,0.4,1018.2,20.5,20.4,0.4,0.4,0.4,2.0,2.0,2.0,1018.1,1018.0,1017.7,0.4,0.0,0.4,0.0,2.0,0.0,2.0,0.0,0.5,0.20000000000004547,0.766044443118978,-0.6427876096865394,0.7071067811865476,0.7071067811865476,0.3,2.0
2026-07-12 04:20:00,200.0,2.0,0.4,1018.2,20.5,20.5,0.4,0.3,0.4,2.0,2.0,2.0,1018.3,1018.3,1018.2,0.4,0.0,0.3666666666666667,0.0577350269189626,2.0,0.0,2.0,0.0,0.0,-0.09999999999990905,-0.34202014332566866,-0.9396926207859084,0.8660254037844386,0.5000000000000001,0.3,3.0
2026-07-12 04:50:00,230.0,3.0,0.3,1018.4,20.4,20.5,0.3,0.4,0.3,3.0,2.0,2.0,1018.3,1018.2,1018.3,0.3,0.0,0.35,0.05773502691896261,3.0,0.0,2.5,0.5477225575051664,0.10000000000002274,0.1999999999999318,-0.7660444431189779,-0.6427876096865395,0.8660254037844386,0.5000000000000001,0.3,3.0
2026-07-12 05:20:00,240.0,3.0,0.3,1018.3,20.7,20.5,0.3,0.3,0.4,2.0,3.0,2.0,1018.3,1018.4,1018.2,0.3,0.0,0.3,0.0,2.3333333333333335,0.5773502691896257,2.6666666666666665,0.5163977794943226,0.09999999999990905,-0.10000000000002274,-0.8660254037844385,-0.5000000000000004,0.9659258262890683,0.25881904510252074,0.3,2.0
2026-07-12 05:50:00,210.0,2.0,0.3,1018.6,20.6,20.5,0.3,0.3,0.3,2.0,3.0,3.0,1018.5,1018.3,1018.4,0.3,0.0,0.3,0.0,2.0,0.0,2.1666666666666665,0.408248290463863,0.20000000000004547,0.3000000000000682,-0.5000000000000001,-0.8660254037844386,0.9659258262890683,0.25881904510252074,0.3,2.0
2026-07-12 06:20:00,230.0,2.0,0.3,1018.7,20.6,20.5,0.3,0.3,0.3,2.0,2.0,3.0,1018.7,1018.6,1018.3,0.3,0.0,0.3,0.0,2.0,0.0,2.0,0.0,0.40000000000009095,0.10000000000002274,-0.7660444431189779,-0.6427876096865395,1.0,6.123233995736766e-17,0.3,3.0
2026-07-12 06:50:00,250.0,3.0,0.3,1018.9,20.6,20.5,0.3,0.3,0.3,3.0,2.0,2.0,1018.9,1018.7,1018.6,0.3,0.0,0.3,0.0,2.6666666666666665,0.5773502691896257,2.3333333333333335,0.5163977794943223,0.2999999999999545,0.1999999999999318,-0.9396926207859084,-0.34202014332566855,1.0,6.123233995736766e-17,0.3,2.0
2026-07-12 07:20:00,250.0,2.0,0.3,1019.0,20.5,20.4,0.3,0.3,0.3,2.0,3.0,2.0,1018.9,1018.9,1018.7,0.3,0.0,0.3,0.0,2.3333333333333335,0.5773502691896257,2.5,0.5477225575051664,0.2999999999999545,0.10000000000002274,-0.9396926207859084,-0.34202014332566855,0.9659258262890683,-0.25881904510252063,0.3,3.0
2026-07-12 07:50:00,310.0,3.0,0.3,1019.1,20.5,20.4,0.3,0.3,0.3,3.0,2.0,3.0,1019.1,1019.0,1018.9,0.3,0.0,0.3,0.0,3.0,0.0,2.6666666666666665,0.5163977794943226,0.20000000000004547,0.10000000000002274,-0.7660444431189781,0.6427876096865393,0.9659258262890683,-0.25881904510252063,0.3,3.0
2026-07-12 09:20:00,360.0,3.0,0.4,1019.7,20.1,20.4,0.4,0.4,0.3,2.0,3.0,3.0,1019.6,1019.5,1019.3,0.4,0.0,0.4,0.0,2.3333333333333335,0.5773502691896257,2.6666666666666665,0.5163977794943223,0.40000000000009095,0.20000000000004547,-2.4492935982947064e-16,1.0,0.7071067811865476,-0.7071067811865475,0.4,4.0
2026-07-12 09:50:00,360.0,4.0,0.4,1019.9,20.3,20.3,0.4,0.4,0.4,3.0,3.0,3.0,1019.9,1019.7,1019.5,0.4,0.0,0.4,0.0,3.3333333333333335,0.5773502691896257,2.8333333333333335,0.752772652709081,0.39999999999997726,0.1999999999999318,-2.4492935982947064e-16,1.0,0.7071067811865476,-0.7071067811865475,0.4,5.0
2026-07-12 10:20:00,10.0,5.0,0.4,1020.1,20.1,20.2,0.4,0.4,0.4,5.0,4.0,3.0,1020.0,1019.9,1019.7,0.4,0.0,0.4,0.0,4.666666666666667,0.5773502691896258,4.0,0.8944271909999146,0.39999999999997726,0.20000000000004547,0.17364817766693033,0.984807753012208,0.49999999999999994,-0.8660254037844387,0.4,4.0
2026-07-12 10:50:00,20.0,4.0,0.4,1020.4,20.3,20.2,0.4,0.4,0.4,4.0,5.0,4.0,1020.3,1020.1,1019.9,0.4,0.0,0.4,0.0,4.333333333333333,0.5773502691896258,4.5,0.5477225575051634,0.5,0.2999999999999545,0.3420201433256687,0.9396926207859084,0.49999999999999994,-0.8660254037844387,0.5,7.0
2026-07-12 11:20:00,20.0,7.0,0.5,1020.6,20.4,20.1,0.5,0.4,0.4,7.0,4.0,5.0,1020.4,1020.4,1020.1,0.5,0.0,0.45,0.05773502691896253,6.333333333333333,1.154700538379252,5.333333333333333,1.3662601021279455,0.5,0.20000000000004547,0.3420201433256687,0.9396926207859084,0.258819045102521,-0.9659258262890682,0.6,6.0
2026-07-12 11:50:00,10.0,6.0,0.6,1020.9,20.2,20.2,0.6,0.5,0.4,6.0,7.0,4.0,1020.7,1020.6,1020.4,0.6,0.0,0.55,0.05773502691896249,6.333333333333333,0.5773502691896258,6.333333333333333,0.8164965809277254,0.5,0.2999999999999545,0.17364817766693033,0.984807753012208,0.258819045102521,-0.9659258262890682,0.6,6.0
2026-07-12 12:20:00,20.0,6.0,0.6,1021.2,20.2,20.1,0.6,0.6,0.5,6.0,6.0,7.0,1021.2,1020.9,1020.6,0.6,0.0,0.6,0.0,6.0,0.0,6.166666666666667,0.40824829046386124,0.6000000000000227,0.3000000000000682,0.3420201433256687,0.9396926207859084,1.2246467991473532e-16,-1.0,0.5,5.0
2026-07-12 12:50:00,20.0,5.0,0.5,1021.4,20.2,20.1,0.5,0.6,0.6,5.0,6.0,6.0,1021.3,1021.2,1020.9,0.5,0.0,0.55,0.05773502691896256,5.333333333333333,0.5773502691896258,5.666666666666667,0.5163977794943221,0.5,0.1999999999999318,0.3420201433256687,0.9396926207859084,1.2246467991473532e-16,-1.0,0.5,5.0
2026-07-12 13:20:00,20.0,5.0,0.5,1021.7,20.1,20.2,0.5,0.5,0.6,5.0,5.0,6.0,1021.5,1021.4,1021.2,0.5,0.0,0.5,0.0,5.0,0.0,5.166666666666667,0.4082482904638632,0.5,0.3000000000000682,0.3420201433256687,0.9396926207859084,-0.2588190451025208,-0.9659258262890683,0.5,5.0
2026-07-12 14:20:00,30.0,4.0,0.5,1022.0,20.1,20.3,0.5,0.5,0.5,5.0,5.0,5.0,1021.8,1021.8,1021.7,0.5,0.0,0.5,0.0,4.666666666666667,0.5773502691896258,4.833333333333333,0.40824829046386296,0.2999999999999545,0.20000000000004547,0.49999999999999994,0.8660254037844387,-0.4999999999999997,-0.8660254037844388,0.5,4.0
2026-07-12 15:20:00,30.0,4.0,0.5,1022.1,20.2,20.3,0.5,0.5,0.5,4.0,4.0,4.0,1022.2,1022.0,1022.0,0.5,0.0,0.5,0.0,4.0,0.0,4.0,0.0,0.10000000000002274,0.10000000000002274,0.49999999999999994,0.8660254037844387,-0.7071067811865471,-0.7071067811865479,0.4,4.0
2026-07-12 15:50:00,30.0,4.0,0.4,1022.3,20.3,20.3,0.4,0.5,0.5,4.0,4.0,4.0,1022.3,1022.1,1022.0,0.4,0.0,0.45,0.05773502691896253,4.0,0.0,4.0,0.0,0.2999999999999545,0.1999999999999318,0.49999999999999994,0.8660254037844387,-0.7071067811865471,-0.7071067811865479,0.4,3.0
2026-07-12 16:20:00,20.0,3.0,0.4,1022.4,20.3,20.5,0.4,0.4,0.5,3.0,4.0,4.0,1022.4,1022.3,1022.1,0.4,0.0,0.4,0.0,3.0,0.0,3.5,0.5477225575051664,0.2999999999999545,0.10000000000002274,0.3420201433256687,0.9396926207859084,-0.8660254037844385,-0.5000000000000004,0.4,2.0
2026-07-12 16:50:00,40.0,2.0,0.4,1022.6,20.4,20.6,0.4,0.4,0.4,3.0,3.0,4.0,1022.6,1022.4,1022.3,0.4,0.0,0.4,0.0,2.6666666666666665,0.5773502691896257,2.8333333333333335,0.408248290463863,0.3000000000000682,0.20000000000004547,0.6427876096865393,0.766044443118978,-0.8660254037844385,-0.5000000000000004,0.4,2.0
2026-07-12 18:20:00,100.0,2.0,0.4,1022.7,20.9,21.5,0.4,0.4,0.4,1.0,2.0,2.0,1022.8,1022.6,1022.6,0.4,0.0,0.4,0.0,1.6666666666666667,0.5773502691896258,1.8333333333333333,0.408248290463863,0.10000000000002274,0.10000000000002274,0.984807753012208,-0.1736481776669303,-1.0,-1.8369701987210297e-16,0.4,2.0
2026-07-12 19:20:00,120.0,3.0,0.4,1022.6,21.3,22.0,0.4,0.4,0.4,2.0,2.0,2.0,1022.6,1022.6,1022.7,0.4,0.0,0.4,0.0,2.3333333333333335,0.5773502691896257,2.1666666666666665,0.408248290463863,-0.10000000000002274,0.0,0.8660254037844387,-0.4999999999999998,-0.9659258262890684,0.2588190451025203,0.4,3.0
2026-07-12 20:20:00,140.0,3.0,0.4,1022.4,21.6,21.9,0.4,0.4,0.4,3.0,3.0,3.0,1022.4,1022.5,1022.6,0.4,0.0,0.4,0.0,3.0,0.0,3.0,0.0,-0.20000000000004547,-0.10000000000002274,0.6427876096865395,-0.7660444431189779,-0.8660254037844386,0.5000000000000001,0.4,4.0
2026-07-12 21:20:00,140.0,4.0,0.4,1022.4,21.5,21.9,0.4,0.4,0.4,4.0,4.0,3.0,1022.3,1022.5,1022.4,0.4,0.0,0.4,0.0,4.0,0.0,3.6666666666666665,0.5163977794943226,0.0,-0.10000000000002274,0.6427876096865395,-0.7660444431189779,-0.7071067811865477,0.7071067811865474,0.4,4.0
2026-07-12 22:20:00,140.0,4.0,0.4,1022.2,21.5,21.3,0.4,0.4,0.4,4.0,4.0,4.0,1022.2,1022.3,1022.4,0.4,0.0,0.4,0.0,4.0,0.0,4.0,0.0,-0.1999999999999318,-0.09999999999990905,0.6427876096865395,-0.7660444431189779,-0.5000000000000004,0.8660254037844384,0.4,4.0
2026-07-12 22:50:00,150.0,4.0,0.4,1022.3,21.4,21.1,0.4,0.4,0.4,4.0,4.0,4.0,1022.3,1022.2,1022.3,0.4,0.0,0.4,0.0,4.0,0.0,4.0,0.0,0.0,0.09999999999990905,0.49999999999999994,-0.8660254037844387,-0.5000000000000004,0.8660254037844384,0.4,4.0
2026-07-12 23:20:00,150.0,4.0,0.4,1022.3,21.2,21.1,0.4,0.4,0.4,4.0,4.0,4.0,1022.2,1022.3,1022.2,0.4,0.0,0.4,0.0,4.0,0.0,4.0,0.0,0.09999999999990905,0.0,0.49999999999999994,-0.8660254037844387,-0.25881904510252157,0.9659258262890681,0.4,3.0
2026-07-12 23:50:00,160.0,3.0,0.4,1022.3,21.0,21.0,0.4,0.4,0.4,4.0,4.0,4.0,1022.3,1022.3,1022.3,0.4,0.0,0.4,0.0,3.6666666666666665,0.5773502691896257,3.8333333333333335,0.408248290463863,0.0,0.0,0.3420201433256689,-0.9396926207859083,-0.25881904510252157,0.9659258262890681,0.4,4.0
2026-07-13 00:20:00,150.0,4.0,0.4,1022.3,20.9,21.0,0.4,0.4,0.4,4.0,3.0,4.0,1022.2,1022.3,1022.3,0.4,0.0,0.4,0.0,4.0,0.0,3.8333333333333335,0.408248290463863,0.0,0.0,0.49999999999999994,-0.8660254037844387,0.0,1.0,0.4,4.0
2026-07-13 00:50:00,150.0,4.0,0.4,1022.2,20.9,20.9,0.4,0.4,0.4,4.0,4.0,3.0,1022.2,1022.3,1022.3,0.4,0.0,0.4,0.0,3.6666666666666665,0.5773502691896257,3.8333333333333335,0.408248290463863,-0.09999999999990905,-0.09999999999990905,0.49999999999999994,-0.8660254037844387,0.0,1.0,0.4,4.0
2026-07-13 01:20:00,160.0,4.0,0.4,1022.4,20.9,20.6,0.4,0.4,0.4,4.0,4.0,4.0,1022.2,1022.2,1022.3,0.4,0.0,0.4,0.0,4.0,0.0,3.8333333333333335,0.408248290463863,0.10000000000002274,0.1999999999999318,0.3420201433256689,-0.9396926207859083,0.25881904510252074,0.9659258262890683,0.4,4.0
2026-07-13 02:20:00,190.0,4.0,0.3,1022.7,21.2,20.5,0.3,0.4,0.4,4.0,4.0,4.0,1022.6,1022.7,1022.4,0.3,0.0,0.3333333333333333,0.05773502691896262,4.0,0.0,4.166666666666667,0.40824829046386296,0.3000000000000682,0.0,-0.17364817766693047,-0.984807753012208,0.49999999999999994,0.8660254037844387,0.3,3.0
2026-07-13 02:50:00,210.0,3.0,0.3,1022.7,21.0,20.5,0.3,0.3,0.4,3.0,4.0,4.0,1022.8,1022.7,1022.7,0.3,0.0,0.3,0.0,3.3333333333333335,0.5773502691896257,3.6666666666666665,0.5163977794943223,0.0,0.0,-0.5000000000000001,-0.8660254037844386,0.49999999999999994,0.8660254037844387,0.3,4.0
2026-07-13 03:20:00,200.0,4.0,0.3,1022.6,20.9,20.4,0.3,0.3,0.3,4.0,3.0,4.0,1022.7,1022.7,1022.7,0.3,0.0,0.3,0.0,3.6666666666666665,0.5773502691896257,3.5,0.5477225575051664,-0.10000000000002274,-0.10000000000002274,-0.34202014332566866,-0.9396926207859084,0.7071067811865476,0.7071067811865476,0.3,4.0
2026-07-13 04:20:00,210.0,4.0,0.3,1022.8,20.4,20.3,0.3,0.3,0.3,4.0,4.0,4.0,1022.7,1022.8,1022.6,0.3,0.0,0.3,0.0,4.0,0.0,3.6666666666666665,0.5163977794943223,0.1999999999999318,0.0,-0.5000000000000001,-0.8660254037844386,0.8660254037844386,0.5000000000000001,0.3,4.0
2026-07-13 04:50:00,220.0,4.0,0.3,1022.8,20.4,20.2,0.3,0.3,0.3,4.0,4.0,4.0,1022.7,1022.8,1022.8,0.3,0.0,0.3,0.0,3.6666666666666665,0.5773502691896257,3.8333333333333335,0.408248290463863,0.0,0.0,-0.6427876096865393,-0.766044443118978,0.8660254037844386,0.5000000000000001,0.3,4.0
2026-07-13 05:20:00,220.0,4.0,0.3,1022.9,20.2,20.1,0.3,0.3,0.3,4.0,4.0,4.0,1022.9,1022.8,1022.8,0.3,0.0,0.3,0.0,4.0,0.0,3.8333333333333335,0.408248290463863,0.10000000000002274,0.10000000000002274,-0.6427876096865393,-0.766044443118978,0.9659258262890683,0.25881904510252074,0.3,5.0
2026-07-13 06:50:00,210.0,5.0,0.3,1022.6,20.0,20.1,0.3,0.3,0.3,5.0,4.0,5.0,1022.6,1022.7,1022.6,0.3,0.0,0.3,0.0,4.666666666666667,0.5773502691896258,4.5,0.5477225575051659,0.0,-0.10000000000002274,-0.5000000000000001,-0.8660254037844386,1.0,6.123233995736766e-17,0.4,5.0
2026-07-13 08:20:00,230.0,5.0,0.4,1022.6,19.6,20.0,0.4,0.4,0.4,4.0,5.0,5.0,1022.6,1022.7,1022.6,0.4,0.0,0.4,0.0,4.666666666666667,0.5773502691896258,4.833333333333333,0.40824829046386296,0.0,-0.10000000000002274,-0.7660444431189779,-0.6427876096865395,0.8660254037844387,-0.4999999999999998,0.5,6.0
2026-07-13 09:20:00,210.0,5.0,0.5,1022.7,19.8,20.0,0.5,0.5,0.4,6.0,6.0,5.0,1022.6,1022.6,1022.6,0.5,0.0,0.5,0.0,5.666666666666667,0.5773502691896258,5.833333333333333,0.40824829046386296,0.10000000000002274,0.10000000000002274,-0.5000000000000001,-0.8660254037844386,0.7071067811865476,-0.7071067811865475,0.5,6.0
2026-07-13 10:20:00,210.0,5.0,0.5,1023.1,19.4,20.0,0.5,0.5,0.5,6.0,6.0,5.0,1023.0,1022.8,1022.7,0.5,0.0,0.5,0.0,5.666666666666667,0.5773502691896258,5.666666666666667,0.5163977794943221,0.39999999999997726,0.3000000000000682,-0.5000000000000001,-0.8660254037844386,0.49999999999999994,-0.8660254037844387,0.5,5.0
2026-07-13 10:50:00,210.0,5.0,0.5,1023.1,19.6,19.9,0.5,0.5,0.5,5.0,5.0,6.0,1023.3,1023.1,1022.8,0.5,0.0,0.5,0.0,5.0,0.0,5.333333333333333,0.5163977794943221,0.3000000000000682,0.0,-0.5000000000000001,-0.8660254037844386,0.49999999999999994,-0.8660254037844387,0.4,4.0
2026-07-13 11:20:00,210.0,4.0,0.4,1023.2,19.9,19.9,0.4,0.5,0.5,4.0,5.0,5.0,1023.2,1023.1,1023.1,0.4,0.0,0.45,0.05773502691896253,4.333333333333333,0.5773502691896258,4.666666666666667,0.5163977794943221,0.10000000000002274,0.10000000000002274,-0.5000000000000001,-0.8660254037844386,0.258819045102521,-0.9659258262890682,0.4,4.0
2026-07-13 12:20:00,200.0,4.0,0.4,1022.7,20.3,20.0,0.4,0.4,0.4,4.0,4.0,4.0,1022.8,1022.9,1023.2,0.4,0.0,0.4,0.0,4.0,0.0,4.0,0.0,-0.5,-0.1999999999999318,-0.34202014332566866,-0.9396926207859084,1.2246467991473532e-16,-1.0,0.4,3.0
2026-07-13 13:20:00,180.0,3.0,0.3,1022.5,20.7,20.1,0.3,0.4,0.4,3.0,3.0,4.0,1022.5,1022.6,1022.7,0.3,0.0,0.3333333333333333,0.05773502691896262,3.0,0.0,3.3333333333333335,0.5163977794943226,-0.20000000000004547,-0.10000000000002274,1.2246467991473532e-16,-1.0,-0.2588190451025208,-0.9659258262890683,0.3,3.0
2026-07-13 15:20:00,160.0,5.0,0.3,1021.7,21.3,20.4,0.3,0.3,0.3,5.0,4.0,3.0,1021.8,1021.9,1022.0,0.3,0.0,0.3,0.0,4.666666666666667,0.5773502691896258,4.166666666666667,0.7527726527090816,-0.2999999999999545,-0.1999999999999318,0.3420201433256689,-0.9396926207859083,-0.7071067811865471,-0.7071067811865479,0.4,5.0
2026-07-13 16:20:00,170.0,5.0,0.4,1021.2,21.9,20.5,0.4,0.4,0.3,6.0,5.0,5.0,1021.4,1021.4,1021.7,0.4,0.0,0.4,0.0,5.666666666666667,0.5773502691896258,5.333333333333333,0.5163977794943221,-0.5,-0.1999999999999318,0.17364817766693028,-0.984807753012208,-0.8660254037844385,-0.5000000000000004,0.5,5.0
2026-07-13 16:50:00,160.0,5.0,0.5,1021.0,22.1,20.5,0.5,0.4,0.4,5.0,5.0,5.0,1021.1,1021.2,1021.4,0.5,0.0,0.45000000000000007,0.05773502691896253,5.0,0.0,5.333333333333333,0.5163977794943221,-0.39999999999997726,-0.20000000000004547,0.3420201433256689,-0.9396926207859083,-0.8660254037844385,-0.5000000000000004,0.5,6.0
2026-07-13 17:20:00,160.0,6.0,0.5,1020.6,22.2,20.6,0.5,0.5,0.4,5.0,5.0,5.0,1020.7,1021.0,1021.2,0.5,0.0,0.5,0.0,5.333333333333333,0.5773502691896258,5.166666666666667,0.40824829046386296,-0.6000000000000227,-0.39999999999997726,0.3420201433256689,-0.9396926207859083,-0.9659258262890683,-0.25881904510252063,0.5,7.0
2026-07-13 17:50:00,160.0,7.0,0.5,1020.1,22.5,,0.5,0.5,0.5,7.0,6.0,5.0,1020.2,1020.6,1021.0,0.5,0.0,0.5,0.0,6.666666666666667,0.5773502691896258,6.0,0.8944271909999154,-0.8999999999999773,-0.5,0.3420201433256689,-0.9396926207859083,-0.9659258262890683,-0.25881904510252063,0.6,7.0
2026-07-13 18:20:00,170.0,7.0,0.6,1020.0,23.1,20.5,0.6,0.5,0.5,7.0,7.0,6.0,1020.1,1020.1,1020.6,0.6,0.0,0.55,0.05773502691896254,7.0,0.0,6.833333333333333,0.40824829046386046,-0.6000000000000227,-0.10000000000002274,0.17364817766693028,-0.984807753012208,-1.0,-1.8369701987210297e-16,0.7,6.0
2026-07-13 20:20:00,170.0,7.0,0.9,1018.5,22.6,20.7,0.9,0.8,0.7,7.0,7.0,7.0,1018.6,1019.0,1019.4,0.9,0.0,0.8666666666666667,0.05773502691896248,7.0,0.0,7.0,0.0,-0.8999999999999773,-0.5,0.17364817766693028,-0.984807753012208,-0.8660254037844386,0.5000000000000001,0.7,6.0
2026-07-13 20:50:00,170.0,6.0,0.7,1018.2,22.6,20.7,0.7,0.9,0.8,6.0,7.0,7.0,1018.3,1018.5,1019.0,0.7,0.0,0.8,0.11547005383792514,6.0,0.0,6.5,0.5477225575051659,-0.7999999999999545,-0.2999999999999545,0.17364817766693028,-0.984807753012208,-0.8660254037844386,0.5000000000000001,0.7,6.0
2026-07-13 21:50:00,200.0,6.0,0.7,1018.1,23.6,20.6,0.7,0.7,0.7,6.0,6.0,6.0,1018.1,1018.6,1018.2,0.7,0.0,0.7,0.0,6.0,0.0,6.0,0.0,-0.10000000000002274,-0.5,-0.34202014332566866,-0.9396926207859084,-0.7071067811865477,0.7071067811865474,0.7,8.0
2026-07-13 22:20:00,200.0,8.0,0.7,1018.1,23.9,20.6,0.7,0.7,0.7,8.0,6.0,6.0,1018.1,1018.1,1018.6,0.7,0.0,0.7,0.0,7.666666666666667,0.5773502691896258,6.833333333333333,0.9831920802501751,-0.5,0.0,-0.34202014332566866,-0.9396926207859084,-0.5000000000000004,0.8660254037844384,0.7,7.0
2026-07-13 22:50:00,210.0,7.0,0.7,1018.3,23.6,20.6,0.7,0.7,0.7,7.0,8.0,6.0,1018.2,1018.1,1018.1,0.7,0.0,0.7,0.0,7.0,0.0,7.333333333333333,0.5163977794943223,0.1999999999999318,0.1999999999999318,-0.5000000000000001,-0.8660254037844386,-0.5000000000000004,0.8660254037844384,0.7,7.0
2026-07-13 23:50:00,200.0,7.0,0.7,1018.0,23.2,20.5,0.7,0.7,0.7,8.0,7.0,7.0,1017.9,1018.1,1018.2,0.7,0.0,0.7,0.0,7.333333333333333,0.5773502691896258,7.0,0.632455532033676,-0.20000000000004547,-0.10000000000002274,-0.34202014332566866,-0.9396926207859084,-0.25881904510252157,0.9659258262890681,0.8,7.0
2026-07-14 00:20:00,200.0,7.0,0.8,1018.2,22.8,20.5,0.8,0.7,0.7,7.0,7.0,7.0,1018.2,1018.0,1018.1,0.8,0.0,0.74,0.05477225575051666,7.0,0.0,7.166666666666667,0.4082482904638632,0.10000000000002274,0.20000000000004547,-0.34202014332566866,-0.9396926207859084,0.0,1.0,0.7,7.0
2026-07-14 01:20:00,210.0,7.0,0.7,1018.2,22.4,20.4,0.7,0.7,0.8,7.0,7.0,7.0,1018.2,1018.1,1018.2,0.7,0.0,0.7,0.0,7.0,0.0,7.0,0.0,0.0,0.10000000000002274,-0.5000000000000001,-0.8660254037844386,0.25881904510252074,0.9659258262890683,0.7,8.0
2026-07-14 02:20:00,220.0,9.0,0.8,1017.9,22.2,20.5,0.8,0.7,0.7,9.0,8.0,7.0,1017.9,1018.3,1018.2,0.8,0.0,0.7666666666666666,0.057735026918962644,8.666666666666666,0.5773502691896255,8.0,0.8944271909999155,-0.3000000000000682,-0.39999999999997726,-0.6427876096865393,-0.766044443118978,0.49999999999999994,0.8660254037844387,0.8,9.0
2026-07-14 02:50:00,220.0,9.0,0.8,1017.6,22.2,20.5,0.8,0.8,0.7,9.0,9.0,8.0,1017.7,1017.9,1018.3,0.8,0.0,0.8,0.0,9.0,0.0,8.833333333333334,0.40824829046386557,-0.6999999999999318,-0.2999999999999545,-0.6427876096865393,-0.766044443118978,0.49999999999999994,0.8660254037844387,0.8,9.0
2026-07-14 03:20:00,230.0,9.0,0.8,1017.3,22.1,20.3,0.8,0.8,0.8,9.0,9.0,9.0,1017.5,1017.6,1017.9,0.8,0.0,0.8,0.0,9.0,0.0,9.0,0.0,-0.6000000000000227,-0.3000000000000682,-0.7660444431189779,-0.6427876096865395,0.7071067811865476,0.7071067811865476,0.9,8.0
2026-07-14 04:20:00,230.0,7.0,0.9,1017.0,21.6,20.2,0.9,0.9,0.8,8.0,8.0,9.0,1017.1,1017.3,1017.3,0.9,0.0,0.9,0.0,7.666666666666667,0.5773502691896258,8.166666666666666,0.7527726527090824,-0.2999999999999545,-0.2999999999999545,-0.7660444431189779,-0.6427876096865395,0.8660254037844386,0.5000000000000001,0.8,7.0
2026-07-14 06:20:00,220.0,7.0,0.8,1016.4,21.4,19.9,0.8,0.7,0.8,8.0,8.0,8.0,1016.3,1016.5,1016.9,0.8,0.0,0.7666666666666666,0.05773502691896262,7.666666666666667,0.5773502691896258,7.833333333333333,0.40824829046386296,-0.5,-0.10000000000002274,-0.6427876096865393,-0.766044443118978,1.0,6.123233995736766e-17,0.7,7.0
2026-07-14 08:50:00,240.0,6.0,0.7,1015.9,20.7,18.8,0.7,0.7,0.7,6.0,7.0,7.0,1015.9,1015.6,1015.7,0.7,0.0,0.7,0.0,6.0,0.0,6.5,0.5477225575051659,0.1999999999999318,0.2999999999999545,-0.8660254037844385,-0.5000000000000004,0.8660254037844387,-0.4999999999999998,0.7,6.0
2026-07-14 09:20:00,230.0,6.0,0.7,1015.5,20.6,19.1,0.7,0.7,0.7,6.0,6.0,7.0,1015.8,1015.9,1015.6,0.7,0.0,0.7,0.0,6.0,0.0,6.0,0.0,-0.10000000000002274,-0.39999999999997726,-0.7660444431189779,-0.6427876096865395,0.7071067811865476,-0.7071067811865475,0.6,6.0
2026-07-14 09:50:00,230.0,6.0,0.6,1015.2,20.5,19.2,0.6,0.7,0.7,6.0,6.0,6.0,1015.2,1015.5,1015.9,0.6,0.0,0.6499999999999999,0.05773502691896254,6.0,0.0,6.0,0.0,-0.6999999999999318,-0.2999999999999545,-0.7660444431189779,-0.6427876096865395,0.7071067811865476,-0.7071067811865475,0.7,6.0
2026-07-14 10:20:00,240.0,6.0,0.7,1015.2,20.5,19.1,0.7,0.6,0.7,6.0,6.0,6.0,1015.2,1015.2,1015.5,0.7,0.0,0.6499999999999999,0.05773502691896254,6.0,0.0,6.0,0.0,-0.2999999999999545,0.0,-0.8660254037844385,-0.5000000000000004,0.49999999999999994,-0.8660254037844387,0.6,6.0
2026-07-14 10:50:00,230.0,6.0,0.6,1015.2,20.5,19.2,0.6,0.7,0.6,6.0,6.0,6.0,1015.1,1015.2,1015.2,0.6,0.0,0.6499999999999999,0.05773502691896254,5.666666666666667,0.5773502691896258,5.833333333333333,0.40824829046386296,0.0,0.0,-0.7660444431189779,-0.6427876096865395,0.49999999999999994,-0.8660254037844387,0.6,5.0
2026-07-14 11:20:00,240.0,5.0,0.6,1015.3,20.6,19.4,0.6,0.6,0.7,5.0,6.0,6.0,1015.3,1015.2,1015.2,0.6,0.0,0.6,0.0,5.0,0.0,5.333333333333333,0.5163977794943221,0.09999999999990905,0.09999999999990905,-0.8660254037844385,-0.5000000000000004,0.258819045102521,-0.9659258262890682,0.5,6.0
2026-07-14 11:50:00,250.0,6.0,0.5,1014.9,20.9,19.2,0.5,0.6,0.6,6.0,5.0,6.0,1014.8,1015.3,1015.2,0.5,0.0,0.55,0.05773502691896256,5.666666666666667,0.5773502691896258,5.333333333333333,0.5163977794943221,-0.3000000000000682,-0.39999999999997726,-0.9396926207859084,-0.34202014332566855,0.258819045102521,-0.9659258262890682,0.6,6.0
2026-07-14 12:20:00,260.0,6.0,0.6,1015.4,21.3,19.3,0.6,0.5,0.6,6.0,6.0,5.0,1015.3,1014.9,1015.3,0.6,0.0,0.55,0.05773502691896256,5.666666666666667,0.5773502691896258,5.666666666666667,0.5163977794943221,0.10000000000002274,0.5,-0.984807753012208,-0.17364817766693033,1.2246467991473532e-16,-1.0,0.5,5.0
2026-07-14 13:20:00,250.0,4.0,0.5,1015.3,21.5,19.5,0.5,0.5,0.6,4.0,5.0,6.0,1015.4,1015.6,1015.4,0.5,0.0,0.5,0.0,4.0,0.0,4.5,0.5477225575051659,-0.10000000000002274,-0.3000000000000682,-0.9396926207859084,-0.34202014332566855,-0.2588190451025208,-0.9659258262890683,0.4,5.0
2026-07-14 14:20:00,250.0,5.0,0.5,1014.5,22.3,19.7,0.5,0.4,0.5,5.0,5.0,4.0,1014.6,1014.9,1015.3,0.5,0.0,0.4666666666666666,0.05773502691896256,5.0,0.0,4.666666666666667,0.5163977794943221,-0.7999999999999545,-0.39999999999997726,-0.9396926207859084,-0.34202014332566855,-0.4999999999999997,-0.8660254037844388,0.4,4.0
2026-07-14 14:50:00,240.0,4.0,0.4,1014.4,22.8,19.8,0.4,0.5,0.4,5.0,5.0,5.0,1014.4,1014.5,1014.9,0.4,0.0,0.44999999999999996,0.05773502691896256,4.666666666666667,0.5773502691896258,4.833333333333333,0.40824829046386296,-0.5,-0.10000000000002274,-0.8660254037844385,-0.5000000000000004,-0.4999999999999997,-0.8660254037844388,0.4,2.0
2026-07-14 15:20:00,230.0,2.0,0.4,1013.9,22.2,19.9,0.4,0.4,0.5,2.0,4.0,5.0,1014.2,1014.4,1014.5,0.4,0.0,0.4,0.0,2.3333333333333335,0.577350269189626,3.5,1.378404875209022,-0.6000000000000227,-0.5,-0.7660444431189779,-0.6427876096865395,-0.7071067811865471,-0.7071067811865479,0.3,3.0
2026-07-14 16:20:00,230.0,4.0,0.3,1013.0,23.0,20.1,0.3,0.3,0.4,3.0,3.0,2.0,1013.2,1013.4,1013.9,0.3,0.0,0.3,0.0,3.3333333333333335,0.5773502691896257,2.8333333333333335,0.7527726527090807,-0.8999999999999773,-0.39999999999997726,-0.7660444431189779,-0.6427876096865395,-0.8660254037844385,-0.5000000000000004,0.3,5.0
2026-07-14 16:50:00,230.0,5.0,0.3,1012.1,23.2,20.0,0.3,0.3,0.3,5.0,4.0,3.0,1012.3,1013.0,1013.4,0.3,0.0,0.3,0.0,4.666666666666667,0.5773502691896258,4.0,0.8944271909999145,-1.2999999999999545,-0.8999999999999773,-0.7660444431189779,-0.6427876096865395,-0.8660254037844385,-0.5000000000000004,0.3,4.0
2026-07-14 17:20:00,230.0,4.0,0.3,1012.0,23.0,20.0,0.3,0.3,0.3,5.0,5.0,4.0,1012.0,1012.1,1013.0,0.3,0.0,0.3,0.0,4.666666666666667,0.5773502691896258,4.666666666666667,0.5163977794943189,-1.0,-0.10000000000002274,-0.7660444431189779,-0.6427876096865395,-0.9659258262890683,-0.25881904510252063,0.3,5.0
2026-07-14 17:50:00,230.0,5.0,0.3,1011.3,23.3,20.1,0.3,0.3,0.3,5.0,4.0,5.0,1011.5,1012.0,1012.1,0.3,0.0,0.3,0.0,4.666666666666667,0.5773502691896258,4.666666666666667,0.5163977794943189,-0.8000000000000682,-0.7000000000000455,-0.7660444431189779,-0.6427876096865395,-0.9659258262890683,-0.25881904510252063,0.4,6.0
2026-07-14 18:20:00,230.0,6.0,0.4,1010.7,23.5,20.0,0.4,0.3,0.3,5.0,5.0,4.0,1011.2,1011.3,1012.0,0.4,0.0,0.35,0.05773502691896258,5.666666666666667,0.5773502691896258,5.166666666666667,0.752772652709078,-1.2999999999999545,-0.599999999999909,-0.7660444431189779,-0.6427876096865395,-1.0,-1.8369701987210297e-16,0.4,6.0
2026-07-14 20:20:00,240.0,6.0,0.5,1009.7,23.5,20.2,0.5,0.6,0.5,5.0,6.0,6.0,1009.8,1009.9,1010.2,0.5,0.0,0.5333333333333333,0.05773502691896255,5.666666666666667,0.5773502691896258,6.0,0.6324555320336763,-0.5,-0.1999999999999318,-0.8660254037844385,-0.5000000000000004,-0.8660254037844386,0.5000000000000001,0.5,6.0
2026-07-14 21:50:00,240.0,5.0,0.4,1009.0,24.0,20.3,0.4,0.4,0.5,6.0,6.0,6.0,1009.0,1009.6,1009.6,0.4,0.0,0.4,0.0,5.666666666666667,0.5773502691896258,5.5,0.5477225575051671,-0.6000000000000227,-0.6000000000000227,-0.8660254037844385,-0.5000000000000004,-0.7071067811865477,0.7071067811865474,0.4,7.0
2026-07-14 22:20:00,240.0,7.0,0.4,1008.6,24.8,20.3,0.4,0.4,0.4,6.0,5.0,6.0,1008.5,1009.0,1009.6,0.4,0.0,0.4,0.0,6.333333333333333,0.5773502691896258,6.0,0.6324555320336774,-1.0,-0.39999999999997726,-0.8660254037844385,-0.5000000000000004,-0.5000000000000004,0.8660254037844384,0.5,6.0
2026-07-14 22:50:00,250.0,6.0,0.5,1008.5,24.3,20.3,0.5,0.4,0.4,6.0,7.0,5.0,1008.5,1008.6,1009.0,0.5,0.0,0.45000000000000007,0.05773502691896253,6.0,0.0,6.166666666666667,0.4082482904638658,-0.5,-0.10000000000002274,-0.9396926207859084,-0.34202014332566855,-0.5000000000000004,0.8660254037844384,0.4,5.0
2026-07-15 00:20:00,230.0,4.0,0.4,1008.5,23.8,20.2,0.4,0.4,0.4,4.0,4.0,6.0,1008.5,1008.9,1008.5,0.4,0.0,0.4,0.0,4.0,0.0,4.166666666666667,0.408248290463863,0.0,-0.39999999999997726,-0.7660444431189779,-0.6427876096865395,0.0,1.0,0.4,5.0
2026-07-15 00:50:00,220.0,5.0,0.4,1008.4,23.9,20.2,0.4,0.4,0.4,4.0,4.0,4.0,1008.5,1008.5,1008.9,0.4,0.0,0.4,0.0,4.333333333333333,0.5773502691896258,4.166666666666667,0.40824829046386296,-0.5,-0.10000000000002274,-0.6427876096865393,-0.766044443118978,0.0,1.0,0.5,5.0
2026-07-15 01:20:00,220.0,5.0,0.5,1008.4,24.0,20.2,0.5,0.4,0.4,5.0,5.0,4.0,1008.4,1008.4,1008.5,0.5,0.0,0.45,0.05773502691896253,5.0,0.0,4.666666666666667,0.5163977794943221,-0.10000000000002274,0.0,-0.6427876096865393,-0.766044443118978,0.25881904510252074,0.9659258262890683,0.5,6.0
2026-07-15 01:50:00,230.0,6.0,0.5,1008.2,23.8,20.1,0.5,0.5,0.4,5.0,5.0,5.0,1008.4,1008.4,1008.4,0.5,0.0,0.5,0.0,5.333333333333333,0.5773502691896258,5.166666666666667,0.40824829046386296,-0.1999999999999318,-0.1999999999999318,-0.7660444431189779,-0.6427876096865395,0.25881904510252074,0.9659258262890683,0.7,9.0
2026-07-15 02:20:00,230.0,9.0,0.7,1007.9,24.9,20.1,0.7,0.5,0.5,8.0,6.0,5.0,1008.0,1008.2,1008.4,0.7,0.0,0.6,0.11547005383792507,8.333333333333334,0.5773502691896255,6.833333333333333,1.722401424368508,-0.5,-0.3000000000000682,-0.7660444431189779,-0.6427876096865395,0.49999999999999994,0.8660254037844387,0.7,8.0
2026-07-15 02:50:00,230.0,8.0,0.7,1007.6,24.8,20.0,0.7,0.7,0.5,8.0,9.0,6.0,1007.7,1007.9,1008.2,0.7,0.0,0.7,0.0,8.333333333333334,0.5773502691896255,8.333333333333334,0.5163977794943168,-0.6000000000000227,-0.2999999999999545,-0.7660444431189779,-0.6427876096865395,0.49999999999999994,0.8660254037844387,0.7,7.0
2026-07-15 03:20:00,230.0,7.0,0.7,1007.8,24.4,19.9,0.7,0.7,0.7,8.0,8.0,9.0,1007.8,1007.6,1007.9,0.7,0.0,0.7,0.0,7.666666666666667,0.5773502691896258,8.0,0.6324555320336728,-0.10000000000002274,0.1999999999999318,-0.7660444431189779,-0.6427876096865395,0.7071067811865476,0.7071067811865476,0.6,7.0
2026-07-15 04:20:00,230.0,7.0,0.6,1007.0,23.5,19.7,0.6,0.6,0.7,7.0,7.0,7.0,1007.2,1007.4,1007.8,0.6,0.0,0.6,0.0,7.0,0.0,7.0,0.0,-0.7999999999999545,-0.39999999999997726,-0.7660444431189779,-0.6427876096865395,0.8660254037844386,0.5000000000000001,0.6,8.0
2026-07-15 05:20:00,240.0,7.0,0.7,1006.5,23.1,19.6,0.7,0.6,0.6,8.0,8.0,7.0,1006.5,1006.7,1007.0,0.7,0.0,0.6666666666666666,0.05773502691896258,7.333333333333333,0.5773502691896258,7.666666666666667,0.5163977794943221,-0.5,-0.20000000000004547,-0.8660254037844385,-0.5000000000000004,0.9659258262890683,0.25881904510252074,0.6,6.0
2026-07-15 06:20:00,240.0,5.0,0.4,1006.3,22.5,19.7,0.4,0.6,0.7,6.0,6.0,7.0,1006.4,1006.7,1006.5,0.4,0.0,0.4666666666666666,0.11547005383792511,5.666666666666667,0.5773502691896258,5.833333333333333,0.40824829046386296,-0.20000000000004547,-0.40000000000009095,-0.8660254037844385,-0.5000000000000004,1.0,6.123233995736766e-17,0.4,6.0
2026-07-15 07:20:00,230.0,6.0,0.4,1005.5,22.5,19.7,0.4,0.4,0.4,6.0,6.0,5.0,1005.5,1006.1,1006.3,0.4,0.0,0.4,0.0,6.0,0.0,5.666666666666667,0.5163977794943221,-0.7999999999999545,-0.6000000000000227,-0.7660444431189779,-0.6427876096865395,0.9659258262890683,-0.25881904510252063,0.4,5.0
2026-07-15 09:20:00,260.0,5.0,0.4,1006.5,22.6,19.7,0.4,0.3,0.4,4.0,4.0,5.0,1006.8,1005.9,1006.1,0.4,0.0,0.3666666666666667,0.057735026918962595,4.333333333333333,0.5773502691896258,4.5,0.5477225575051659,0.39999999999997726,0.6000000000000227,-0.984807753012208,-0.17364817766693033,0.7071067811865476,-0.7071067811865475,0.3,5.0
2026-07-15 09:50:00,250.0,5.0,0.3,1006.3,22.6,19.7,0.3,0.4,0.3,5.0,5.0,4.0,1006.4,1006.5,1005.9,0.3,0.0,0.35,0.05773502691896259,5.0,0.0,4.666666666666667,0.5163977794943221,0.39999999999997726,-0.20000000000004547,-0.9396926207859084,-0.34202014332566855,0.7071067811865476,-0.7071067811865475,0.3,5.0
2026-07-15 10:20:00,240.0,5.0,0.3,1006.2,22.6,19.8,0.3,0.3,0.4,4.0,5.0,5.0,1006.7,1006.3,1006.5,0.3,0.0,0.3,0.0,4.666666666666667,0.5773502691896258,4.833333333333333,0.40824829046386296,-0.2999999999999545,-0.09999999999990905,-0.8660254037844385,-0.5000000000000004,0.49999999999999994,-0.8660254037844387,0.3,4.0
2026-07-15 10:50:00,250.0,4.0,0.3,1006.4,22.8,19.7,0.3,0.3,0.3,5.0,5.0,5.0,1006.3,1006.2,1006.3,0.3,0.0,0.3,0.0,4.666666666666667,0.5773502691896258,4.666666666666667,0.5163977794943221,0.10000000000002274,0.1999999999999318,-0.9396926207859084,-0.34202014332566855,0.49999999999999994,-0.8660254037844387,0.3,5.0
2026-07-15 11:20:00,240.0,5.0,0.3,1006.5,22.5,19.6,0.3,0.3,0.3,5.0,4.0,5.0,1006.3,1006.4,1006.2,0.3,0.0,0.3,0.0,5.0,0.0,4.833333333333333,0.4082482904638632,0.2999999999999545,0.10000000000002274,-0.8660254037844385,-0.5000000000000004,0.258819045102521,-0.9659258262890682,0.3,4.0
2026-07-15 11:50:00,240.0,4.0,0.3,1006.3,22.4,,0.3,0.3,0.3,4.0,5.0,4.0,1006.6,1006.5,1006.4,0.3,0.0,0.3,0.0,4.0,0.0,4.5,0.5477225575051659,-0.10000000000002274,-0.20000000000004547,-0.8660254037844385,-0.5000000000000004,0.258819045102521,-0.9659258262890682,0.3,3.0
2026-07-15 12:20:00,240.0,3.0,0.3,1006.5,22.2,19.7,0.3,0.3,0.3,4.0,4.0,5.0,1006.6,1006.3,1006.5,0.3,0.0,0.3,0.0,3.6666666666666665,0.5773502691896257,3.8333333333333335,0.408248290463863,0.0,0.20000000000004547,-0.8660254037844385,-0.5000000000000004,1.2246467991473532e-16,-1.0,0.3,3.0
2026-07-15 12:50:00,240.0,3.0,0.3,1006.5,22.0,19.7,0.3,0.3,0.3,4.0,3.0,4.0,1006.6,1006.5,1006.3,0.3,0.0,0.3,0.0,3.6666666666666665,0.5773502691896257,3.6666666666666665,0.5163977794943223,0.20000000000004547,0.0,-0.8660254037844385,-0.5000000000000004,1.2246467991473532e-16,-1.0,0.3,5.0
2026-07-15 13:20:00,280.0,5.0,0.3,1006.0,22.4,19.6,0.3,0.3,0.3,5.0,3.0,3.0,1006.3,1006.5,1006.5,0.3,0.0,0.3,0.0,4.666666666666667,0.5773502691896256,4.166666666666667,0.7527726527090804,-0.5,-0.5,-0.9848077530122081,0.17364817766692997,-0.2588190451025208,-0.9659258262890683,0.4,4.0
2026-07-15 14:20:00,260.0,4.0,0.4,1006.5,22.0,19.6,0.4,0.4,0.3,5.0,4.0,5.0,1006.4,1006.3,1006.0,0.4,0.0,0.4,0.0,4.333333333333333,0.5773502691896258,4.166666666666667,0.4082482904638619,0.5,0.20000000000004547,-0.984807753012208,-0.17364817766693033,-0.4999999999999997,-0.8660254037844388,0.4,4.0
2026-07-15 14:50:00,270.0,4.0,0.4,1006.5,22.1,19.6,0.4,0.4,0.4,5.0,4.0,4.0,1006.6,1006.5,1006.3,0.4,0.0,0.4,0.0,4.666666666666667,0.5773502691896258,4.5,0.5477225575051649,0.20000000000004547,0.0,-1.0,-1.8369701987210297e-16,-0.4999999999999997,-0.8660254037844388,0.3,4.0
2026-07-15 15:20:00,290.0,4.0,0.3,1006.8,21.9,19.7,0.3,0.4,0.4,4.0,4.0,4.0,1006.8,1006.5,1006.5,0.3,0.0,0.35000000000000003,0.05773502691896258,4.0,0.0,4.333333333333333,0.516397779494321,0.2999999999999545,0.2999999999999545,-0.9396926207859083,0.342020143325669,-0.7071067811865471,-0.7071067811865479,0.3,2.0
2026-07-15 15:50:00,290.0,2.0,0.3,1006.9,21.4,,0.3,0.3,0.4,3.0,4.0,4.0,1006.7,1006.8,1006.5,0.3,0.0,0.3,0.0,2.6666666666666665,0.5773502691896257,3.3333333333333335,0.8164965809277267,0.39999999999997726,0.10000000000002274,-0.9396926207859083,0.342020143325669,-0.7071067811865471,-0.7071067811865479,0.3,4.0
2026-07-15 16:20:00,290.0,4.0,0.3,1006.8,22.1,19.6,0.3,0.3,0.3,3.0,2.0,4.0,1006.8,1006.9,1006.8,0.3,0.0,0.3,0.0,3.3333333333333335,0.5773502691896257,3.0,0.6324555320336773,0.0,-0.10000000000002274,-0.9396926207859083,0.342020143325669,-0.8660254037844385,-0.5000000000000004,0.2,3.0
2026-07-15 17:20:00,260.0,3.0,0.2,1006.5,22.0,19.6,0.2,0.2,0.3,2.0,3.0,4.0,1006.4,1006.5,1006.8,0.2,0.0,0.2,0.0,2.6666666666666665,0.5773502691896257,3.0,0.6324555320336773,-0.2999999999999545,0.0,-0.984807753012208,-0.17364817766693033,-0.9659258262890683,-0.25881904510252063,0.2,5.0
2026-07-15 18:50:00,280.0,5.0,0.2,1006.3,22.4,,0.2,0.2,0.2,5.0,5.0,5.0,1006.4,1006.4,1006.5,0.2,0.0,0.2,0.0,5.0,0.0,5.0,0.0,-0.20000000000004547,-0.10000000000002274,-0.9848077530122081,0.17364817766692997,-1.0,-1.8369701987210297e-16,0.3,5.0
2026-07-15 19:20:00,270.0,5.0,0.3,1006.4,22.5,19.9,0.3,0.2,0.2,5.0,5.0,5.0,1006.6,1006.3,1006.4,0.3,0.0,0.25,0.05773502691896256,5.0,0.0,5.0,0.0,0.0,0.10000000000002274,-1.0,-1.8369701987210297e-16,-0.9659258262890684,0.2588190451025203,0.3,6.0
2026-07-15 20:20:00,270.0,7.0,0.4,1006.8,23.0,19.8,0.4,0.3,0.3,7.0,6.0,5.0,1006.6,1006.7,1006.4,0.4,0.0,0.3666666666666667,0.05773502691896262,7.0,0.0,6.5,0.5477225575051659,0.39999999999997726,0.09999999999990905,-1.0,-1.8369701987210297e-16,-0.8660254037844386,0.5000000000000001,0.5,7.0
2026-07-15 20:50:00,270.0,7.0,0.5,1007.2,23.2,19.9,0.5,0.4,0.3,8.0,7.0,6.0,1007.1,1006.8,1006.7,0.5,0.0,0.45000000000000007,0.05773502691896266,7.666666666666667,0.5773502691896258,7.333333333333333,0.5163977794943221,0.5,0.40000000000009095,-1.0,-1.8369701987210297e-16,-0.8660254037844386,0.5000000000000001,0.5,7.0
2026-07-15 21:20:00,270.0,7.0,0.5,1007.1,23.0,19.8,0.5,0.5,0.4,8.0,7.0,7.0,1007.2,1007.2,1006.8,0.5,0.0,0.5,0.0,7.333333333333333,0.5773502691896258,7.5,0.5477225575051659,0.3000000000000682,-0.10000000000002274,-1.0,-1.8369701987210297e-16,-0.7071067811865477,0.7071067811865474,0.4,5.0
2026-07-15 22:20:00,280.0,6.0,0.4,1007.0,23.2,19.7,0.4,0.4,0.5,7.0,5.0,7.0,1007.0,1007.1,1007.1,0.4,0.0,0.4,0.0,6.333333333333333,0.5773502691896258,5.833333333333333,0.7527726527090821,-0.10000000000002274,-0.10000000000002274,-0.9848077530122081,0.17364817766692997,-0.5000000000000004,0.8660254037844384,0.4,6.0
2026-07-15 22:50:00,270.0,6.0,0.4,1007.3,22.7,19.7,0.4,0.4,0.4,6.0,6.0,5.0,1007.3,1007.0,1007.1,0.4,0.0,0.4,0.0,6.0,0.0,6.166666666666667,0.4082482904638632,0.1999999999999318,0.2999999999999545,-1.0,-1.8369701987210297e-16,-0.5000000000000004,0.8660254037844384,0.4,5.0
2026-07-16 00:20:00,270.0,6.0,0.4,1007.6,21.9,19.7,0.4,0.4,0.4,6.0,5.0,6.0,1007.9,1008.1,1007.6,0.4,0.0,0.4,0.0,5.666666666666667,0.5773502691896258,5.333333333333333,0.5163977794943221,0.0,-0.5,-1.0,-1.8369701987210297e-16,0.0,1.0,0.4,7.0
2026-07-16 01:20:00,290.0,6.0,0.5,1008.5,21.8,19.7,0.5,0.4,0.4,6.0,7.0,6.0,1008.4,1008.0,1007.6,0.5,0.0,0.4666666666666666,0.05773502691896256,6.333333333333333,0.5773502691896258,6.666666666666667,0.5163977794943204,0.8999999999999773,0.5,-0.9396926207859083,0.342020143325669,0.25881904510252074,0.9659258262890683,0.4,6.0
2026-07-16 02:20:00,290.0,5.0,0.5,1009.1,21.8,19.7,0.5,0.4,0.5,5.0,6.0,6.0,1009.0,1008.8,1008.5,0.5,0.0,0.44999999999999996,0.05773502691896256,5.333333333333333,0.5773502691896258,5.4,0.5477225575051672,0.6000000000000227,0.3000000000000682,-0.9396926207859083,0.342020143325669,0.49999999999999994,0.8660254037844387,0.5,6.0
2026-07-16 04:50:00,280.0,5.0,0.5,1009.6,21.0,19.5,0.5,0.5,0.4,5.0,6.0,7.0,1009.5,1009.6,1009.5,0.5,0.0,0.5,0.0,5.0,0.0,5.666666666666667,0.8164965809277259,0.10000000000002274,0.0,-0.9848077530122081,0.17364817766692997,0.8660254037844386,0.5000000000000001,0.4,5.0
2026-07-16 05:20:00,280.0,5.0,0.4,1009.7,20.6,,0.4,0.5,0.5,4.0,5.0,6.0,1009.7,1009.6,1009.6,0.4,0.0,0.45,0.05773502691896253,5.0,1.0,5.0,0.6324555320336757,0.10000000000002274,0.10000000000002274,-0.9848077530122081,0.17364817766692997,0.9659258262890683,0.25881904510252074,0.4,6.0
2026-07-16 06:20:00,280.0,6.0,0.4,1009.9,20.4,,0.4,0.4,0.4,6.0,6.0,5.0,1009.8,1009.8,1009.7,0.4,0.0,0.4,0.0,5.666666666666667,0.5773502691896258,5.5,0.5477225575051657,0.1999999999999318,0.10000000000002274,-0.9848077530122081,0.17364817766692997,1.0,6.123233995736766e-17,0.5,5.0
2026-07-16 07:50:00,260.0,6.0,0.3,1010.2,19.9,19.2,0.3,0.4,0.5,6.0,5.0,5.0,1010.4,1010.3,1010.1,0.3,0.0,0.3333333333333333,0.057735026918962644,5.666666666666667,0.5773502691896258,5.333333333333333,0.5163977794943221,0.10000000000002274,-0.09999999999990905,-0.984807753012208,-0.17364817766693033,0.9659258262890683,-0.25881904510252063,0.3,6.0
2026-07-16 08:50:00,270.0,5.0,0.3,1010.5,19.7,,0.3,0.3,0.3,5.0,6.0,6.0,1010.5,1010.3,1010.2,0.3,0.0,0.3,0.0,5.0,0.0,5.5,0.5477225575051659,0.2999999999999545,0.20000000000004547,-1.0,-1.8369701987210297e-16,0.8660254037844387,-0.4999999999999998,0.3,6.0
2026-07-16 09:20:00,270.0,6.0,0.3,1010.7,19.4,19.1,0.3,0.3,0.3,6.0,5.0,6.0,1010.5,1010.5,1010.3,0.3,0.0,0.3,0.0,5.666666666666667,0.5773502691896258,5.333333333333333,0.5163977794943221,0.40000000000009095,0.20000000000004547,-1.0,-1.8369701987210297e-16,0.7071067811865476,-0.7071067811865475,0.3,5.0
2026-07-16 09:50:00,270.0,5.0,0.3,1010.8,19.4,19.1,0.3,0.3,0.3,6.0,6.0,5.0,1010.7,1010.7,1010.5,0.3,0.0,0.3,0.0,5.666666666666667,0.5773502691896258,5.666666666666667,0.5163977794943221,0.2999999999999545,0.09999999999990905,-1.0,-1.8369701987210297e-16,0.7071067811865476,-0.7071067811865475,0.3,4.0
2026-07-16 10:20:00,270.0,4.0,0.3,1011.1,19.4,19.1,0.3,0.3,0.3,4.0,5.0,6.0,1011.1,1010.8,1010.7,0.3,0.0,0.3,0.0,4.333333333333333,0.5773502691896258,5.0,0.8944271909999154,0.39999999999997726,0.3000000000000682,-1.0,-1.8369701987210297e-16,0.49999999999999994,-0.8660254037844387,0.3,5.0
2026-07-16 10:50:00,270.0,5.0,0.3,1011.0,19.5,19.0,0.3,0.3,0.3,4.0,4.0,5.0,1011.1,1011.1,1010.8,0.3,0.0,0.3,0.0,4.0,0.9999999999999999,4.166666666666667,0.7527726527090793,0.20000000000004547,-0.10000000000002274,-1.0,-1.8369701987210297e-16,0.49999999999999994,-0.8660254037844387,0.2,4.0
2026-07-16 11:20:00,250.0,4.0,0.2,1011.2,19.5,18.8,0.2,0.3,0.3,3.0,5.0,4.0,1011.1,1011.0,1011.1,0.2,0.0,0.25,0.057735026918962595,4.0,0.9999999999999997,4.0,0.8944271909999143,0.10000000000002274,0.20000000000004547,-0.9396926207859084,-0.34202014332566855,0.258819045102521,-0.9659258262890682,0.3,4.0
2026-07-16 11:50:00,260.0,4.0,0.3,1011.0,19.5,18.7,0.3,0.2,0.3,4.0,4.0,5.0,1011.1,1011.2,1011.0,0.3,0.0,0.25,0.057735026918962595,4.333333333333333,0.5773502691896256,4.166666666666667,0.7527726527090793,0.0,-0.20000000000004547,-0.984807753012208,-0.17364817766693033,0.258819045102521,-0.9659258262890682,0.2,4.0
2026-07-16 13:20:00,230.0,3.0,0.3,1010.5,20.4,18.7,0.3,0.2,0.2,4.0,4.0,4.0,1010.6,1011.1,1010.9,0.3,0.0,0.26666666666666666,0.05773502691896256,3.6666666666666665,0.5773502691896257,3.8333333333333335,0.408248290463863,-0.39999999999997726,-0.6000000000000227,-0.7660444431189779,-0.6427876096865395,-0.2588190451025208,-0.9659258262890683,0.3,4.0
2026-07-16 13:50:00,250.0,4.0,0.3,1010.1,20.8,18.8,0.3,0.3,0.2,5.0,3.0,4.0,1010.3,1010.5,1011.1,0.3,0.0,0.3,0.0,4.666666666666667,0.5773502691896258,4.166666666666667,0.752772652709081,-1.0,-0.39999999999997726,-0.9396926207859084,-0.34202014332566855,-0.2588190451025208,-0.9659258262890683,0.3,4.0
2026-07-16 14:50:00,230.0,4.0,0.3,1009.4,21.6,19.4,0.3,0.3,0.3,3.0,4.0,4.0,1009.5,1010.0,1010.1,0.3,0.0,0.3,0.0,3.3333333333333335,0.5773502691896257,3.5,0.5477225575051662,-0.7000000000000455,-0.6000000000000227,-0.7660444431189779,-0.6427876096865395,-0.4999999999999997,-0.8660254037844388,0.3,4.0
2026-07-16 15:20:00,230.0,4.0,0.3,1009.0,21.7,,0.3,0.3,0.3,4.0,4.0,4.0,1009.2,1009.4,1010.0,0.3,0.0,0.3,0.0,4.0,0.0,3.6666666666666665,0.5163977794943223,-1.0,-0.39999999999997726,-0.7660444431189779,-0.6427876096865395,-0.7071067811865471,-0.7071067811865479,0.3,4.0
2026-07-16 15:50:00,230.0,4.0,0.3,1008.7,22.4,19.7,0.3,0.3,0.3,4.0,4.0,4.0,1008.8,1009.0,1009.4,0.3,0.0,0.3,0.0,4.0,0.0,4.0,0.0,-0.6999999999999318,-0.2999999999999545,-0.7660444431189779,-0.6427876096865395,-0.7071067811865471,-0.7071067811865479,0.3,3.0
2026-07-16 16:20:00,220.0,3.0,0.3,1008.1,22.6,19.9,0.3,0.3,0.3,4.0,4.0,4.0,1008.2,1008.7,1009.0,0.3,0.0,0.3,0.0,3.6666666666666665,0.5773502691896257,3.8333333333333335,0.408248290463863,-0.8999999999999773,-0.6000000000000227,-0.6427876096865393,-0.766044443118978,-0.8660254037844385,-0.5000000000000004,0.4,5.0
2026-07-16 16:50:00,240.0,5.0,0.4,1007.6,23.3,19.8,0.4,0.3,0.3,4.0,3.0,4.0,1007.8,1008.1,1008.7,0.4,0.0,0.35,0.05773502691896258,4.333333333333333,0.5773502691896258,4.0,0.6324555320336759,-1.1000000000000227,-0.5,-0.8660254037844385,-0.5000000000000004,-0.8660254037844385,-0.5000000000000004,0.3,5.0
2026-07-16 17:20:00,240.0,5.0,0.3,1007.1,23.2,19.9,0.3,0.4,0.3,4.0,5.0,3.0,1007.2,1007.6,1008.1,0.3,0.0,0.35000000000000003,0.05773502691896258,4.333333333333333,0.5773502691896258,4.333333333333333,0.5163977794943221,-1.0,-0.5,-0.8660254037844385,-0.5000000000000004,-0.9659258262890683,-0.25881904510252063,0.4,5.0
2026-07-16 18:20:00,230.0,6.0,0.3,1006.2,23.7,,0.3,0.4,0.3,6.0,5.0,5.0,1006.3,1006.7,1007.1,0.3,0.0,0.3333333333333333,0.0577350269189626,5.666666666666667,0.5773502691896258,5.333333333333333,0.5163977794943221,-0.8999999999999773,-0.5,-0.7660444431189779,-0.6427876096865395,-1.0,-1.8369701987210297e-16,0.3,5.0
2026-07-16 19:50:00,250.0,5.0,0.5,1005.8,23.6,20.2,0.5,0.4,0.3,5.0,6.0,5.0,1005.7,1006.0,1006.1,0.5,0.0,0.4666666666666666,0.05773502691896267,5.333333333333333,0.5773502691896258,5.333333333333333,0.5163977794943221,-0.3000000000000682,-0.20000000000004547,-0.9396926207859084,-0.34202014332566855,-0.9659258262890684,0.2588190451025203,0.4,5.0
2026-07-16 20:20:00,250.0,5.0,0.4,1005.7,23.7,20.1,0.4,0.5,0.4,5.0,5.0,6.0,1005.7,1005.8,1006.0,0.4,0.0,0.45,0.057735026918962616,5.0,0.0,5.166666666666667,0.4082482904638632,-0.2999999999999545,-0.09999999999990905,-0.9396926207859084,-0.34202014332566855,-0.8660254037844386,0.5000000000000001,0.4,6.0
2026-07-16 22:20:00,30.0,8.0,0.5,1008.5,20.0,19.7,0.5,0.5,0.5,9.0,7.0,5.0,1008.2,1007.4,1006.0,0.5,0.0,0.5,0.0,8.666666666666666,0.5773502691896255,7.333333333333333,1.6329931618554525,2.5,1.1000000000000227,0.49999999999999994,0.8660254037844387,-0.5000000000000004,0.8660254037844384,0.6,6.0
2026-07-17 00:50:00,220.0,2.0,0.6,1010.1,19.7,18.8,0.6,0.5,0.6,2.0,1.0,1.0,1009.9,1009.7,1009.7,0.6,0.0,0.55,0.05773502691896257,2.0,0.0,1.3333333333333333,0.8164965809277245,0.39999999999997726,0.39999999999997726,-0.6427876096865393,-0.766044443118978,0.0,1.0,0.6,3.0
2026-07-17 01:20:00,220.0,3.0,0.6,1010.6,20.2,18.8,0.6,0.6,0.5,3.0,2.0,1.0,1010.5,1010.1,1009.7,0.6,0.0,0.6,0.0,2.6666666666666665,0.5773502691896257,2.3333333333333335,0.5163977794943206,0.8999999999999773,0.5,-0.6427876096865393,-0.766044443118978,0.25881904510252074,0.9659258262890683,0.5,3.0
2026-07-17 02:20:00,260.0,3.0,0.5,1011.4,20.9,18.6,0.5,0.5,0.6,4.0,3.0,3.0,1011.2,1011.1,1010.6,0.5,0.0,0.5,0.0,3.3333333333333335,0.5773502691896257,3.1666666666666665,0.408248290463863,0.7999999999999545,0.2999999999999545,-0.984807753012208,-0.17364817766693033,0.49999999999999994,0.8660254037844387,0.4,3.0
2026-07-17 03:20:00,290.0,3.0,0.5,1011.7,19.9,19.0,0.5,0.4,0.5,3.0,3.0,3.0,1011.7,1011.4,1011.4,0.5,0.0,0.4666666666666666,0.05773502691896256,3.0,0.0,3.0,0.0,0.3000000000000682,0.3000000000000682,-0.9396926207859083,0.342020143325669,0.7071067811865476,0.7071067811865476,0.5,4.0
2026-07-17 04:20:00,270.0,4.0,0.5,1011.7,20.0,19.1,0.5,0.5,0.5,4.0,4.0,3.0,1011.7,1011.6,1011.7,0.5,0.0,0.5,0.0,4.0,0.0,3.8333333333333335,0.4082482904638636,0.0,0.10000000000002274,-1.0,-1.8369701987210297e-16,0.8660254037844386,0.5000000000000001,0.5,2.0
2026-07-17 05:20:00,280.0,3.0,0.4,1012.1,19.7,,0.4,0.5,0.5,2.0,2.0,4.0,1012.1,1011.9,1011.7,0.4,0.0,0.43333333333333335,0.05773502691896256,2.3333333333333335,0.5773502691896257,2.6666666666666665,0.816496580927726,0.39999999999997726,0.20000000000004547,-0.9848077530122081,0.17364817766692997,0.9659258262890683,0.25881904510252074,0.4,3.0
2026-07-17 08:50:00,300.0,6.0,0.4,1013.5,19.4,18.5,0.4,0.3,0.4,7.0,6.0,6.0,1013.3,1012.8,1013.0,0.4,0.0,0.3666666666666667,0.057735026918962595,6.666666666666667,0.5773502691896258,6.0,0.8944271909999159,0.5,0.7000000000000455,-0.8660254037844386,0.5000000000000001,0.8660254037844387,-0.4999999999999998,0.4,7.0
2026-07-17 09:20:00,300.0,7.0,0.4,1013.9,19.5,18.4,0.4,0.4,0.3,7.0,6.0,6.0,1013.7,1013.5,1012.8,0.4,0.0,0.4,0.0,7.0,0.0,6.833333333333333,0.40824829046386213,1.1000000000000227,0.39999999999997726,-0.8660254037844386,0.5000000000000001,0.7071067811865476,-0.7071067811865475,0.5,6.0
2026-07-17 10:20:00,270.0,5.0,0.4,1014.7,19.2,18.5,0.4,0.5,0.4,6.0,6.0,7.0,1014.5,1014.4,1013.9,0.4,0.0,0.43333333333333335,0.05773502691896256,5.666666666666667,0.5773502691896258,6.166666666666667,0.752772652709081,0.8000000000000682,0.3000000000000682,-1.0,-1.8369701987210297e-16,0.49999999999999994,-0.8660254037844387,0.4,6.0
2026-07-17 11:20:00,280.0,6.0,0.4,1015.4,18.8,18.9,0.4,0.4,0.4,5.0,6.0,5.0,1015.3,1015.0,1014.7,0.4,0.0,0.4,0.0,5.333333333333333,0.5773502691896258,5.666666666666667,0.5163977794943221,0.6999999999999318,0.39999999999997726,-0.9848077530122081,0.17364817766692997,0.258819045102521,-0.9659258262890682,0.4,6.0
2026-07-17 12:20:00,280.0,6.0,0.4,1015.6,19.2,18.7,0.4,0.4,0.4,6.0,6.0,6.0,1015.5,1015.5,1015.4,0.4,0.0,0.4,0.0,6.0,0.0,6.0,0.0,0.20000000000004547,0.10000000000002274,-0.9848077530122081,0.17364817766692997,1.2246467991473532e-16,-1.0,0.4,6.0
2026-07-17 14:20:00,280.0,5.0,0.4,1015.5,19.5,19.0,0.4,0.4,0.4,5.0,5.0,6.0,1015.5,1015.4,1015.6,0.4,0.0,0.4,0.0,5.0,0.0,5.333333333333333,0.5163977794943221,-0.10000000000002274,0.10000000000002274,-0.9848077530122081,0.17364817766692997,-0.4999999999999997,-0.8660254037844388,0.4,5.0
2026-07-17 14:50:00,300.0,5.0,0.4,1015.6,19.7,,0.4,0.4,0.4,4.0,5.0,5.0,1015.7,1015.5,1015.4,0.4,0.0,0.4,0.0,4.333333333333333,0.5773502691896258,4.666666666666667,0.5163977794943232,0.20000000000004547,0.10000000000002274,-0.8660254037844386,0.5000000000000001,-0.4999999999999997,-0.8660254037844388,0.4,5.0
2026-07-17 15:20:00,290.0,5.0,0.4,1015.7,19.6,18.5,0.4,0.4,0.4,5.0,5.0,5.0,1015.5,1015.6,1015.5,0.4,0.0,0.4,0.0,5.0,0.0,4.666666666666667,0.5163977794943232,0.20000000000004547,0.10000000000002274,-0.9396926207859083,0.342020143325669,-0.7071067811865471,-0.7071067811865479,0.4,5.0
2026-07-17 15:50:00,290.0,5.0,0.4,1015.7,19.9,18.4,0.4,0.4,0.4,6.0,5.0,5.0,1015.5,1015.7,1015.6,0.4,0.0,0.4,0.0,5.666666666666667,0.5773502691896258,5.333333333333333,0.5163977794943221,0.10000000000002274,0.0,-0.9396926207859083,0.342020143325669,-0.7071067811865471,-0.7071067811865479,0.4,4.0
2026-07-17 16:20:00,280.0,4.0,0.4,1015.5,19.6,18.3,0.4,0.4,0.4,5.0,5.0,5.0,1015.7,1015.7,1015.7,0.4,0.0,0.4,0.0,4.333333333333333,0.5773502691896258,5.0,0.8944271909999159,-0.20000000000004547,-0.20000000000004547,-0.9848077530122081,0.17364817766692997,-0.8660254037844385,-0.5000000000000004,0.4,3.0
2026-07-17 16:50:00,290.0,3.0,0.4,1015.3,19.8,18.4,0.4,0.4,0.4,4.0,4.0,5.0,1015.3,1015.5,1015.7,0.4,0.0,0.4,0.0,4.0,1.0,4.166666666666667,0.752772652709081,-0.40000000000009095,-0.20000000000004547,-0.9396926207859083,0.342020143325669,-0.8660254037844385,-0.5000000000000004,0.4,3.0
2026-07-17 18:20:00,280.0,3.0,0.4,1015.2,20.8,18.6,0.4,0.4,0.4,2.0,3.0,3.0,1015.2,1015.3,1015.4,0.4,0.0,0.4,0.0,2.3333333333333335,0.5773502691896257,3.0,0.8944271909999156,-0.1999999999999318,-0.09999999999990905,-0.9848077530122081,0.17364817766692997,-1.0,-1.8369701987210297e-16,0.3,2.0
2026-07-17 19:20:00,290.0,2.0,0.4,1014.8,21.8,19.1,0.4,0.3,0.4,2.0,2.0,3.0,1014.8,1015.0,1015.2,0.4,0.0,0.35,0.05773502691896258,2.0,0.0,2.2,0.4472135954999564,-0.40000000000009095,-0.20000000000004547,-0.9396926207859083,0.342020143325669,-0.9659258262890684,0.2588190451025203,0.4,2.0
2026-07-17 20:20:00,180.0,1.0,0.3,1014.8,21.8,19.1,0.3,0.4,0.4,1.0,2.0,2.0,1014.9,1014.8,1014.8,0.3,0.0,0.3333333333333333,0.05773502691896262,1.0,0.0,1.5,0.5477225575051661,0.0,0.0,1.2246467991473532e-16,-1.0,-0.8660254037844386,0.5000000000000001,0.3,1.0
2026-07-17 22:20:00,210.0,1.0,0.3,1014.8,22.4,20.3,0.3,0.3,0.3,2.0,1.0,1.0,1014.8,1014.7,1014.6,0.3,0.0,0.3,0.0,1.6666666666666667,0.5773502691896258,1.5,0.5477225575051661,0.1999999999999318,0.09999999999990905,-0.5000000000000001,-0.8660254037844386,-0.5000000000000004,0.8660254037844384,0.3,1.0
2026-07-17 22:50:00,110.0,1.0,0.3,1015.3,22.0,20.4,0.3,0.3,0.3,1.0,1.0,1.0,1015.1,1014.8,1014.7,0.3,0.0,0.3,0.0,1.0,0.0,1.3333333333333333,0.5163977794943222,0.599999999999909,0.5,0.9396926207859084,-0.3420201433256687,-0.5000000000000004,0.8660254037844384,0.3,3.0
2026-07-18 00:20:00,310.0,2.0,0.3,1015.8,22.3,20.1,0.3,0.3,0.3,2.0,2.0,4.0,1015.8,1015.9,1015.3,0.3,0.0,0.3,0.0,1.6666666666666667,0.5773502691896258,2.0,0.6324555320336755,0.5,-0.10000000000002274,-0.7660444431189781,0.6427876096865393,0.0,1.0,0.3,2.0
2026-07-18 01:20:00,,0.0,0.3,1016.2,21.8,19.7,0.3,0.3,0.3,1.0,2.0,2.0,1016.0,1016.1,1015.8,0.3,0.0,0.3,0.0,1.0,1.0,1.3333333333333333,0.8164965809277253,0.40000000000009095,0.10000000000002274,,,0.25881904510252074,0.9659258262890683,0.3,2.0
2026-07-18 02:20:00,,0.0,0.3,1016.1,21.2,,0.3,0.3,0.3,0.0,2.0,0.0,1016.3,1016.2,1016.2,0.3,0.0,0.3,0.0,0.3333333333333333,0.5773502691896258,0.8333333333333334,0.7527726527090796,-0.10000000000002274,-0.10000000000002274,,,0.49999999999999994,0.8660254037844387,0.3,0.0
2026-07-18 02:50:00,,0.0,0.3,1016.3,21.3,19.7,0.3,0.3,0.3,1.0,0.0,2.0,1016.3,1016.1,1016.2,0.3,0.0,0.3,0.0,0.6666666666666666,0.5773502691896258,0.5,0.5477225575051634,0.09999999999990905,0.1999999999999318,,,0.49999999999999994,0.8660254037844387,0.3,3.0
2026-07-18 03:20:00,220.0,3.0,0.3,1016.3,20.7,,0.3,0.3,0.3,3.0,0.0,0.0,1016.3,1016.3,1016.1,0.3,0.0,0.3,0.0,2.0,1.7320508075688772,1.3333333333333333,1.3662601021279461,0.1999999999999318,0.0,-0.6427876096865393,-0.766044443118978,0.7071067811865476,0.7071067811865476,0.3,2.0
2026-07-18 04:20:00,150.0,2.0,0.4,1016.6,20.6,19.4,0.4,0.3,0.3,2.0,2.0,3.0,1016.7,1016.8,1016.3,0.4,0.0,0.3666666666666667,0.05773502691896262,2.0,0.0,2.1666666666666665,0.4082482904638647,0.3000000000000682,-0.1999999999999318,0.49999999999999994,-0.8660254037844387,0.8660254037844386,0.5000000000000001,0.3,2.0
2026-07-18 06:20:00,200.0,3.0,0.3,1016.1,20.6,20.0,0.3,0.3,0.3,3.0,3.0,2.0,1016.3,1016.3,1016.6,0.3,0.0,0.3,0.0,3.0,0.0,2.6666666666666665,0.5163977794943226,-0.5,-0.1999999999999318,-0.34202014332566866,-0.9396926207859084,1.0,6.123233995736766e-17,0.3,3.0
2026-07-18 08:20:00,210.0,3.0,0.3,1015.8,20.0,19.7,0.3,0.3,0.3,2.0,3.0,2.0,1015.5,1015.7,1016.0,0.3,0.0,0.3,0.0,2.3333333333333335,0.5773502691896257,2.6666666666666665,0.5163977794943223,-0.20000000000004547,0.09999999999990905,-0.5000000000000001,-0.8660254037844386,0.8660254037844387,-0.4999999999999998,0.3,3.0
2026-07-18 09:20:00,200.0,4.0,0.3,1015.7,19.6,,0.3,0.3,0.3,3.0,3.0,3.0,1015.8,1015.8,1015.8,0.3,0.0,0.3,0.0,3.3333333333333335,0.5773502691896257,3.1666666666666665,0.408248290463863,-0.09999999999990905,-0.09999999999990905,-0.34202014332566866,-0.9396926207859084,0.7071067811865476,-0.7071067811865475,0.3,4.0
2026-07-18 09:50:00,190.0,4.0,0.3,1015.3,19.5,19.6,0.3,0.3,0.3,4.0,4.0,3.0,1015.3,1015.7,1015.8,0.3,0.0,0.3,0.0,4.0,0.0,3.6666666666666665,0.5163977794943226,-0.5,-0.40000000000009095,-0.17364817766693047,-0.984807753012208,0.7071067811865476,-0.7071067811865475,0.3,5.0
2026-07-18 10:50:00,210.0,4.0,0.3,1015.1,19.6,19.7,0.3,0.3,0.3,4.0,5.0,4.0,1015.3,1015.6,1015.3,0.3,0.0,0.3,0.0,4.333333333333333,0.5773502691896258,4.666666666666667,0.5163977794943225,-0.1999999999999318,-0.5,-0.5000000000000001,-0.8660254037844386,0.49999999999999994,-0.8660254037844387,0.3,3.0
2026-07-18 11:20:00,220.0,3.0,0.3,1015.4,19.8,19.8,0.3,0.3,0.3,3.0,4.0,5.0,1015.3,1015.1,1015.6,0.3,0.0,0.3,0.0,3.3333333333333335,0.5773502691896257,3.8333333333333335,0.7527726527090812,-0.20000000000004547,0.2999999999999545,-0.6427876096865393,-0.766044443118978,0.258819045102521,-0.9659258262890682,0.3,4.0
2026-07-18 12:20:00,210.0,5.0,0.3,1015.2,20.4,19.8,0.3,0.3,0.3,5.0,4.0,3.0,1015.4,1015.6,1015.4,0.3,0.0,0.3,0.0,4.666666666666667,0.5773502691896258,4.0,0.8944271909999166,-0.1999999999999318,-0.39999999999997726,-0.5000000000000001,-0.8660254037844386,1.2246467991473532e-16,-1.0,0.3,4.0
2026-07-18 13:20:00,190.0,4.0,0.3,1014.3,20.6,19.8,0.3,0.3,0.3,4.0,4.0,5.0,1014.4,1014.7,1015.2,0.3,0.0,0.3,0.0,4.333333333333333,0.5773502691896258,4.166666666666667,0.40824829046386574,-0.900000000000091,-0.40000000000009095,-0.17364817766693047,-0.984807753012208,-0.2588190451025208,-0.9659258262890683,0.3,4.0
2026-07-18 14:20:00,200.0,5.0,0.4,1013.7,22.0,,0.4,0.3,0.3,5.0,4.0,4.0,1013.8,1013.8,1014.3,0.4,0.0,0.3666666666666667,0.05773502691896262,4.333333333333333,1.1547005383792517,3.8333333333333335,0.9831920802501766,-0.599999999999909,-0.09999999999990905,-0.34202014332566866,-0.9396926207859084,-0.4999999999999997,-0.8660254037844388,0.6,7.0
2026-07-18 15:20:00,200.0,7.0,0.6,1012.8,22.8,20.0,0.6,0.6,0.4,5.0,7.0,5.0,1013.0,1013.3,1013.7,0.6,0.0,0.6,0.0,6.0,1.0000000000000004,6.5,1.0488088481701519,-0.900000000000091,-0.5,-0.34202014332566866,-0.9396926207859084,-0.7071067811865471,-0.7071067811865479,0.6,6.0
2026-07-18 16:20:00,190.0,7.0,0.6,1011.7,23.3,20.0,0.6,0.6,0.6,7.0,6.0,7.0,1011.9,1012.3,1012.8,0.6,0.0,0.6,0.0,6.666666666666667,0.5773502691896258,6.333333333333333,0.5163977794943228,-1.099999999999909,-0.599999999999909,-0.17364817766693047,-0.984807753012208,-0.8660254037844385,-0.5000000000000004,0.6,6.0
2026-07-18 18:20:00,170.0,6.0,0.6,1010.5,21.8,19.9,0.6,0.6,0.6,6.0,6.0,7.0,1010.6,1011.2,1011.5,0.6,0.0,0.6,0.0,5.666666666666667,0.5773502691896258,5.833333333333333,0.40824829046386374,-1.0,-0.7000000000000455,0.17364817766693028,-0.984807753012208,-1.0,-1.8369701987210297e-16,0.6,5.0
2026-07-18 19:50:00,180.0,6.0,0.5,1009.5,21.3,19.9,0.5,0.5,0.6,5.0,4.0,5.0,1009.4,1009.8,1010.1,0.5,0.0,0.5,0.0,5.0,1.0,4.5,0.8366600265340767,-0.6000000000000227,-0.2999999999999545,1.2246467991473532e-16,-1.0,-0.9659258262890684,0.2588190451025203,0.6,7.0
2026-07-18 20:20:00,190.0,7.0,0.6,1008.9,21.3,19.9,0.6,0.5,0.5,6.0,6.0,4.0,1009.3,1009.5,1009.8,0.6,0.0,0.5499999999999999,0.05773502691896254,6.333333333333333,0.5773502691896258,5.666666666666667,1.0327955589886437,-0.8999999999999773,-0.6000000000000227,-0.17364817766693047,-0.984807753012208,-0.8660254037844386,0.5000000000000001,0.6,7.0
2026-07-18 21:20:00,190.0,6.0,0.6,1007.3,20.8,19.8,0.6,0.6,0.6,7.0,7.0,7.0,1007.7,1007.9,1008.9,0.6,0.0,0.6,0.0,6.666666666666667,0.5773502691896258,6.833333333333333,0.40824829046386296,-1.6000000000000227,-0.6000000000000227,-0.17364817766693047,-0.984807753012208,-0.7071067811865477,0.7071067811865474,0.7,9.0
2026-07-18 22:20:00,200.0,8.0,0.8,1006.7,20.4,19.5,0.8,0.7,0.6,9.0,9.0,6.0,1006.8,1006.9,1007.3,0.8,0.0,0.7666666666666666,0.05773502691896269,8.666666666666666,0.5773502691896255,8.5,0.8366600265340787,-0.599999999999909,-0.1999999999999318,-0.34202014332566866,-0.9396926207859084,-0.5000000000000004,0.8660254037844384,0.8,7.0
2026-07-18 23:40:00,200.0,11.0,0.9,1005.5,20.0,19.0,0.8,0.8,0.8,9.0,7.0,8.0,1005.8,1006.5,1006.7,0.8500000000000001,0.0707106781186547,0.8333333333333334,0.05773502691896256,9.333333333333334,1.5275252316519465,8.166666666666666,1.6020819787597234,-1.2000000000000455,-1.0,-0.34202014332566866,-0.9396926207859084,-0.25881904510252157,0.9659258262890681,0.9,10.0
2026-07-19 01:20:00,190.0,9.0,1.0,1003.8,19.3,18.5,1.0,1.0,0.9,9.0,11.0,10.0,1003.6,1003.6,1004.4,1.0,0.0,1.0,0.0,9.333333333333334,0.5773502691896255,10.166666666666666,0.9831920802501793,-0.6000000000000227,0.1999999999999318,-0.17364817766693047,-0.984807753012208,0.25881904510252074,0.9659258262890683,1.0,8.0
2026-07-19 01:50:00,200.0,8.0,1.0,1003.0,19.6,18.3,1.0,1.0,1.0,7.0,9.0,11.0,1003.3,1003.8,1003.6,1.0,0.0,1.0,0.0,7.666666666666667,0.5773502691896253,8.5,1.0488088481701536,-0.6000000000000227,-0.7999999999999545,-0.34202014332566866,-0.9396926207859084,0.25881904510252074,0.9659258262890683,1.0,7.0
2026-07-19 02:20:00,200.0,7.0,1.0,1002.5,20.0,18.2,1.0,1.0,1.0,6.0,8.0,9.0,1002.7,1003.0,1003.8,1.0,0.0,1.0,0.0,6.666666666666667,0.5773502691896253,7.166666666666667,0.75277265270908,-1.2999999999999545,-0.5,-0.34202014332566866,-0.9396926207859084,0.49999999999999994,0.8660254037844387,0.9,7.0
2026-07-19 02:50:00,200.0,7.0,0.9,1002.4,20.2,18.0,0.9,1.0,1.0,7.0,7.0,8.0,1002.1,1002.5,1003.0,0.9,0.0,0.9500000000000001,0.05773502691896254,7.0,0.0,6.833333333333333,0.4082482904638591,-0.6000000000000227,-0.10000000000002274,-0.34202014332566866,-0.9396926207859084,0.49999999999999994,0.8660254037844387,0.9,8.0
2026-07-19 03:20:00,200.0,8.0,0.9,1002.2,20.7,17.9,0.9,0.9,1.0,8.0,7.0,7.0,1002.2,1002.4,1002.5,0.9,0.0,0.9,0.0,7.666666666666667,0.5773502691896258,7.333333333333333,0.5163977794943221,-0.2999999999999545,-0.1999999999999318,-0.34202014332566866,-0.9396926207859084,0.7071067811865476,0.7071067811865476,1.0,5.0
2026-07-19 04:20:00,270.0,8.0,1.0,1001.6,20.3,17.5,1.0,1.0,0.9,8.0,5.0,8.0,1000.4,1001.9,1002.2,1.0,0.0,1.0,0.0,7.0,1.7320508075688772,6.666666666666667,1.505545305418162,-0.6000000000000227,-0.2999999999999545,-1.0,-1.8369701987210297e-16,0.8660254037844386,0.5000000000000001,1.0,4.0
2026-07-19 04:50:00,270.0,4.0,1.0,1000.8,19.7,17.3,1.0,1.0,1.0,3.0,8.0,5.0,1001.0,1001.6,1001.9,1.0,0.0,1.0,0.0,4.666666666666667,2.081665999466133,5.833333333333333,2.136976056643281,-1.1000000000000227,-0.8000000000000682,-1.0,-1.8369701987210297e-16,0.8660254037844386,0.5000000000000001,1.0,3.0
2026-07-19 05:20:00,230.0,3.0,1.0,1000.2,19.1,17.0,1.0,1.0,1.0,3.0,4.0,8.0,1000.5,1000.8,1001.6,1.0,0.0,1.0,0.0,3.0,0.0,3.8333333333333335,1.6020819787597238,-1.3999999999999773,-0.599999999999909,-0.7660444431189779,-0.6427876096865395,0.9659258262890683,0.25881904510252074,0.9,2.0
2026-07-19 06:20:00,250.0,3.0,0.8,1000.3,17.8,15.9,0.8,0.9,1.0,3.0,2.0,3.0,1000.4,1000.3,1000.2,0.8,0.0,0.8333333333333334,0.05773502691896256,2.6666666666666665,0.5773502691896257,2.8333333333333335,0.7527726527090871,0.09999999999990905,0.0,-0.9396926207859084,-0.34202014332566855,1.0,6.123233995736766e-17,0.6,5.0
2026-07-19 08:20:00,240.0,5.0,0.5,1000.0,18.2,15.6,0.5,0.5,0.5,4.0,5.0,6.0,1000.0,1000.0,999.9,0.5,0.0,0.5,0.0,4.666666666666667,0.5773502691896258,5.166666666666667,0.7527726527090807,0.10000000000002274,0.0,-0.8660254037844385,-0.5000000000000004,0.8660254037844387,-0.4999999999999998,0.5,6.0
2026-07-19 08:50:00,250.0,6.0,0.5,1000.2,18.6,15.5,0.5,0.5,0.5,6.0,5.0,5.0,1000.1,1000.0,1000.0,0.5,0.0,0.5,0.0,5.666666666666667,0.5773502691896258,5.166666666666667,0.7527726527090807,0.20000000000004547,0.20000000000004547,-0.9396926207859084,-0.34202014332566855,0.8660254037844387,-0.4999999999999998,0.5,6.0
2026-07-19 09:20:00,250.0,6.0,0.5,1000.6,18.3,15.5,0.5,0.5,0.5,6.0,6.0,5.0,1000.6,1000.2,1000.0,0.5,0.0,0.5,0.0,6.0,0.0,5.833333333333333,0.40824829046386324,0.6000000000000227,0.39999999999997726,-0.9396926207859084,-0.34202014332566855,0.7071067811865476,-0.7071067811865475,0.5,5.0
2026-07-19 10:20:00,260.0,6.0,0.4,1001.9,18.2,15.5,0.4,0.5,0.5,6.0,5.0,6.0,1001.7,1001.1,1000.6,0.4,0.0,0.43333333333333335,0.05773502691896256,5.666666666666667,0.5773502691896258,5.333333333333333,0.5163977794943221,1.2999999999999545,0.7999999999999545,-0.984807753012208,-0.17364817766693033,0.49999999999999994,-0.8660254037844387,0.5,5.0
2026-07-19 10:50:00,280.0,5.0,0.5,1002.8,18.3,15.5,0.5,0.4,0.5,6.0,6.0,5.0,1002.3,1001.9,1001.1,0.5,0.0,0.45,0.05773502691896256,5.333333333333333,0.5773502691896258,5.5,0.5477225575051659,1.6999999999999318,0.8999999999999773,-0.9848077530122081,0.17364817766692997,0.49999999999999994,-0.8660254037844387,0.5,10.0
2026-07-19 11:20:00,320.0,10.0,0.5,1003.7,19.1,15.5,0.5,0.5,0.4,6.0,5.0,6.0,1003.4,1002.8,1001.9,0.5,0.0,0.5,0.0,7.0,2.6457513110645907,6.166666666666667,1.9407902170679514,1.8000000000000682,0.900000000000091,-0.6427876096865396,0.7660444431189778,0.258819045102521,-0.9659258262890682,0.7,10.0
2026-07-19 12:20:00,310.0,9.0,0.8,1004.9,18.4,15.4,0.8,0.7,0.5,8.0,10.0,10.0,1004.7,1004.4,1003.7,0.8,0.0,0.7666666666666666,0.05773502691896269,8.0,1.0,8.833333333333334,1.1690451944500113,1.1999999999999318,0.5,-0.7660444431189781,0.6427876096865393,1.2246467991473532e-16,-1.0,1.0,9.0
2026-07-19 13:20:00,300.0,9.0,1.0,1005.2,18.2,15.2,1.0,1.0,0.8,9.0,9.0,9.0,1005.1,1005.0,1004.9,1.0,0.0,1.0,0.0,9.0,0.0,9.333333333333334,0.5163977794943195,0.3000000000000682,0.20000000000004547,-0.8660254037844386,0.5000000000000001,-0.2588190451025208,-0.9659258262890683,0.9,7.0
2026-07-19 14:20:00,300.0,7.0,0.9,1005.4,17.8,15.2,0.9,0.9,1.0,7.0,7.0,9.0,1005.5,1005.5,1005.2,0.9,0.0,0.9,0.0,7.0,0.0,7.0,0.0,0.1999999999999318,-0.10000000000002274,-0.8660254037844386,0.5000000000000001,-0.4999999999999997,-0.8660254037844388,0.8,7.0
2026-07-19 15:20:00,300.0,6.0,0.7,1006.2,18.5,15.4,0.7,0.8,0.9,7.0,7.0,7.0,1006.2,1005.8,1005.4,0.7,0.0,0.7333333333333334,0.05773502691896269,6.333333333333333,0.5773502691896258,7.0,0.8944271909999159,0.8000000000000682,0.40000000000009095,-0.8660254037844386,0.5000000000000001,-0.7071067811865471,-0.7071067811865479,0.8,5.0
2026-07-19 15:50:00,320.0,5.0,0.8,1006.4,18.6,15.8,0.8,0.7,0.8,7.0,6.0,7.0,1006.3,1006.2,1005.8,0.8,0.0,0.75,0.05773502691896267,6.0,1.0,6.166666666666667,0.7527726527090809,0.6000000000000227,0.1999999999999318,-0.6427876096865396,0.7660444431189778,-0.7071067811865471,-0.7071067811865479,0.7,7.0
2026-07-19 16:20:00,310.0,7.0,0.7,1006.3,19.1,16.5,0.7,0.8,0.7,6.0,5.0,6.0,1006.2,1006.4,1006.2,0.7,0.0,0.75,0.05773502691896267,6.0,1.0,6.0,0.8944271909999157,0.09999999999990905,-0.10000000000002274,-0.7660444431189781,0.6427876096865393,-0.8660254037844385,-0.5000000000000004,0.8,6.0
2026-07-19 17:20:00,310.0,4.0,0.8,1006.5,19.3,17.6,0.8,0.8,0.7,5.0,6.0,7.0,1006.7,1006.5,1006.3,0.8,0.0,0.8,0.0,5.0,1.0,5.666666666666667,1.0327955589886444,0.20000000000004547,0.0,-0.7660444431189781,0.6427876096865393,-0.9659258262890683,-0.25881904510252063,0.7,5.0
2026-07-19 18:20:00,320.0,4.0,0.7,1007.2,19.7,18.1,0.7,0.7,0.8,5.0,5.0,4.0,1007.1,1006.9,1006.5,0.7,0.0,0.7,0.0,4.333333333333333,0.5773502691896258,4.666666666666667,0.5163977794943249,0.7000000000000455,0.3000000000000682,-0.6427876096865396,0.7660444431189778,-1.0,-1.8369701987210297e-16,0.6,4.0
2026-07-19 19:20:00,290.0,3.0,0.6,1007.7,20.3,,0.6,0.6,0.7,3.0,4.0,4.0,1007.6,1007.5,1007.2,0.6,0.0,0.6,0.0,3.0,0.0,3.5,0.5477225575051721,0.5,0.20000000000004547,-0.9396926207859083,0.342020143325669,-0.9659258262890684,0.2588190451025203,0.5,2.0
2026-07-19 19:50:00,300.0,2.0,0.5,1007.8,20.2,18.5,0.5,0.6,0.6,2.0,3.0,4.0,1007.8,1007.7,1007.5,0.5,0.0,0.55,0.05773502691896256,2.3333333333333335,0.5773502691896257,2.6666666666666665,0.5163977794943316,0.2999999999999545,0.09999999999990905,-0.8660254037844386,0.5000000000000001,-0.9659258262890684,0.2588190451025203,0.5,3.0
2026-07-19 20:20:00,270.0,3.0,0.5,1007.9,20.7,18.7,0.5,0.5,0.6,2.0,2.0,3.0,1007.9,1007.8,1007.7,0.5,0.0,0.5,0.0,2.3333333333333335,0.5773502691896257,2.3333333333333335,0.5163977794943331,0.1999999999999318,0.10000000000002274,-1.0,-1.8369701987210297e-16,-0.8660254037844386,0.5000000000000001,0.4,1.0
2026-07-19 22:20:00,300.0,3.0,0.4,1007.9,21.0,18.9,0.4,0.4,0.4,2.0,0.0,2.0,1007.8,1007.7,1007.6,0.4,0.0,0.4,0.0,2.3333333333333335,0.5773502691896257,1.5,1.0488088481701583,0.2999999999999545,0.1999999999999318,-0.8660254037844386,0.5000000000000001,-0.5000000000000004,0.8660254037844384,0.4,3.0
2026-07-20 02:20:00,350.0,5.0,0.4,1012.1,20.8,18.1,0.4,0.4,0.4,4.0,3.0,3.0,1012.0,1011.7,1010.9,0.4,0.0,0.4,0.0,4.0,0.9999999999999999,3.5,0.8366600265340756,1.2000000000000455,0.39999999999997726,-0.1736481776669304,0.984807753012208,0.49999999999999994,0.8660254037844387,0.4,4.0
2026-07-20 02:50:00,340.0,4.0,0.4,1012.4,19.9,18.1,0.4,0.4,0.4,5.0,5.0,3.0,1012.3,1012.1,1011.7,0.4,0.0,0.4,0.0,4.666666666666667,0.5773502691896258,4.333333333333333,0.8164965809277258,0.6999999999999318,0.2999999999999545,-0.3420201433256686,0.9396926207859084,0.49999999999999994,0.8660254037844387,0.3,3.0
2026-07-20 03:20:00,320.0,3.0,0.3,1012.3,19.4,18.2,0.3,0.4,0.4,3.0,4.0,5.0,1012.4,1012.4,1012.1,0.3,0.0,0.35000000000000003,0.05773502691896258,3.3333333333333335,0.5773502691896257,4.0,0.8944271909999152,0.1999999999999318,-0.10000000000002274,-0.6427876096865396,0.7660444431189778,0.7071067811865476,0.7071067811865476,0.3,4.0
2026-07-20 03:50:00,320.0,4.0,0.3,1012.5,19.7,18.3,0.3,0.3,0.4,4.0,3.0,4.0,1012.5,1012.3,1012.4,0.3,0.0,0.3,0.0,4.333333333333333,0.5773502691896258,3.8333333333333335,0.7527726527090801,0.10000000000002274,0.20000000000004547,-0.6427876096865396,0.7660444431189778,0.7071067811865476,0.7071067811865476,0.3,3.0
2026-07-20 04:20:00,320.0,3.0,0.3,1012.5,19.3,18.4,0.3,0.3,0.3,3.0,4.0,3.0,1012.5,1012.5,1012.3,0.3,0.0,0.3,0.0,3.3333333333333335,0.5773502691896257,3.8333333333333335,0.7527726527090801,0.20000000000004547,0.0,-0.6427876096865396,0.7660444431189778,0.8660254037844386,0.5000000000000001,0.4,3.0
2026-07-20 04:50:00,310.0,3.0,0.4,1012.5,19.0,18.3,0.4,0.3,0.3,3.0,3.0,4.0,1012.5,1012.5,1012.5,0.4,0.0,0.35,0.05773502691896258,3.0,0.0,3.1666666666666665,0.4082482904638608,0.0,0.0,-0.7660444431189781,0.6427876096865393,0.8660254037844386,0.5000000000000001,0.4,3.0
2026-07-20 07:50:00,250.0,4.0,0.4,1012.1,17.5,17.9,0.4,0.4,0.4,4.0,4.0,3.0,1012.0,1011.9,1012.2,0.4,0.0,0.4,0.0,4.0,0.0,3.6666666666666665,0.516397779494322,-0.10000000000002274,0.20000000000004547,-0.9396926207859084,-0.34202014332566855,0.9659258262890683,-0.25881904510252063,0.3,4.0
2026-07-20 08:20:00,270.0,4.0,0.3,1012.3,17.9,17.8,0.3,0.4,0.4,4.0,4.0,4.0,1012.2,1012.1,1011.9,0.3,0.0,0.35000000000000003,0.05773502691896258,4.0,0.0,4.0,0.0,0.39999999999997726,0.1999999999999318,-1.0,-1.8369701987210297e-16,0.8660254037844387,-0.4999999999999998,0.3,4.0
2026-07-20 09:20:00,260.0,4.0,0.3,1013.0,17.9,17.8,0.3,0.3,0.3,4.0,4.0,4.0,1013.0,1012.8,1012.3,0.3,0.0,0.3,0.0,4.0,0.0,4.0,0.0,0.7000000000000455,0.20000000000004547,-0.984807753012208,-0.17364817766693033,0.7071067811865476,-0.7071067811865475,0.3,4.0
2026-07-20 10:20:00,260.0,4.0,0.3,1014.2,17.2,17.8,0.3,0.3,0.3,4.0,4.0,4.0,1014.0,1013.5,1013.0,0.3,0.0,0.3,0.0,4.0,0.0,4.0,0.0,1.2000000000000455,0.7000000000000455,-0.984807753012208,-0.17364817766693033,0.49999999999999994,-0.8660254037844387,0.3,5.0
2026-07-20 11:20:00,260.0,4.0,0.3,1014.5,17.4,17.8,0.3,0.3,0.3,4.0,5.0,4.0,1014.4,1014.4,1014.2,0.3,0.0,0.3,0.0,4.0,0.0,4.166666666666667,0.40824829046386296,0.2999999999999545,0.10000000000002274,-0.984807753012208,-0.17364817766693033,0.258819045102521,-0.9659258262890682,0.3,4.0
2026-07-20 12:20:00,250.0,5.0,0.3,1015.2,17.4,,0.3,0.3,0.3,5.0,4.0,4.0,1015.1,1014.8,1014.5,0.3,0.0,0.3,0.0,5.0,0.0,4.5,0.5477225575051659,0.7000000000000455,0.40000000000009095,-0.9396926207859084,-0.34202014332566855,1.2246467991473532e-16,-1.0,0.3,3.0
2026-07-20 13:20:00,250.0,4.0,0.3,1015.4,18.0,17.9,0.3,0.3,0.3,4.0,3.0,5.0,1015.3,1015.3,1015.2,0.3,0.0,0.3,0.0,4.0,0.0,3.8333333333333335,0.40824829046386146,0.1999999999999318,0.10000000000002274,-0.9396926207859084,-0.34202014332566855,-0.2588190451025208,-0.9659258262890683,0.3,3.0
2026-07-20 14:20:00,270.0,3.0,0.3,1015.4,18.7,18.0,0.3,0.3,0.3,3.0,3.0,4.0,1015.3,1015.4,1015.4,0.3,0.0,0.3,0.0,3.0,0.0,3.0,0.0,0.0,0.0,-1.0,-1.8369701987210297e-16,-0.4999999999999997,-0.8660254037844388,0.3,3.0
2026-07-20 15:20:00,270.0,3.0,0.3,1015.8,19.1,18.3,0.3,0.3,0.3,3.0,3.0,3.0,1015.7,1015.5,1015.4,0.3,0.0,0.3,0.0,3.0,0.0,3.0,0.0,0.39999999999997726,0.2999999999999545,-1.0,-1.8369701987210297e-16,-0.7071067811865471,-0.7071067811865479,0.4,2.0
2026-07-20 15:50:00,230.0,2.0,0.4,1015.7,19.3,18.6,0.4,0.3,0.3,2.0,3.0,3.0,1015.8,1015.8,1015.5,0.4,0.0,0.35,0.05773502691896258,2.0,0.0,2.5,0.5477225575051664,0.20000000000004547,-0.09999999999990905,-0.7660444431189779,-0.6427876096865395,-0.7071067811865471,-0.7071067811865479,0.3,0.0
2026-07-20 16:20:00,,0.0,0.3,1015.5,19.8,,0.3,0.4,0.3,1.0,2.0,3.0,1015.7,1015.7,1015.8,0.3,0.0,0.35000000000000003,0.05773502691896258,0.6666666666666666,0.5773502691896258,1.3333333333333333,0.8164965809277268,-0.2999999999999545,-0.20000000000004547,,,-0.8660254037844385,-0.5000000000000004,0.4,1.0
2026-07-20 16:50:00,100.0,1.0,0.4,1015.4,20.2,18.9,0.4,0.3,0.4,1.0,0.0,2.0,1015.5,1015.5,1015.7,0.4,0.0,0.35000000000000003,0.05773502691896258,1.0,0.0,0.8333333333333334,0.40824829046386507,-0.3000000000000682,-0.10000000000002274,0.984807753012208,-0.1736481776669303,-0.8660254037844385,-0.5000000000000004,0.4,3.0
2026-07-20 19:50:00,130.0,4.0,0.4,1014.4,20.0,,0.4,0.4,0.5,4.0,5.0,5.0,1014.5,1014.7,1014.8,0.4,0.0,0.4,0.0,4.333333333333333,0.5773502691896258,4.333333333333333,0.5163977794943196,-0.39999999999997726,-0.3000000000000682,0.766044443118978,-0.6427876096865394,-0.9659258262890684,0.2588190451025203,0.4,4.0
2026-07-20 20:20:00,130.0,4.0,0.4,1014.2,20.3,19.3,0.4,0.4,0.4,4.0,4.0,5.0,1014.3,1014.4,1014.7,0.4,0.0,0.4,0.0,3.6666666666666665,0.5773502691896257,4.0,0.6324555320336738,-0.5,-0.1999999999999318,0.766044443118978,-0.6427876096865394,-0.8660254037844386,0.5000000000000001,0.4,3.0
2026-07-20 21:20:00,130.0,4.0,0.4,1013.7,20.1,19.2,0.4,0.4,0.4,4.0,3.0,4.0,1013.9,1014.0,1014.2,0.4,0.0,0.4,0.0,4.0,0.0,3.6666666666666665,0.5163977794943198,-0.5,-0.2999999999999545,0.766044443118978,-0.6427876096865394,-0.7071067811865477,0.7071067811865474,0.4,4.0
2026-07-20 21:50:00,150.0,4.0,0.4,1013.8,20.5,19.2,0.4,0.4,0.4,3.0,4.0,3.0,1013.7,1013.7,1014.0,0.4,0.0,0.4,0.0,3.6666666666666665,0.5773502691896257,3.8333333333333335,0.40824829046385985,-0.20000000000004547,0.09999999999990905,0.49999999999999994,-0.8660254037844387,-0.7071067811865477,0.7071067811865474,0.4,4.0
2026-07-20 22:20:00,190.0,4.0,0.4,1013.7,21.7,19.3,0.4,0.4,0.4,4.0,4.0,4.0,1013.8,1013.8,1013.7,0.4,0.0,0.4,0.0,3.6666666666666665,0.5773502691896257,3.6666666666666665,0.5163977794943198,0.0,-0.09999999999990905,-0.17364817766693047,-0.984807753012208,-0.5000000000000004,0.8660254037844384,0.4,5.0
2026-07-21 00:20:00,190.0,5.0,0.4,1014.6,20.1,18.7,0.4,0.4,0.4,5.0,5.0,4.0,1014.3,1014.3,1014.1,0.4,0.0,0.4,0.0,5.0,0.0,4.666666666666667,0.5163977794943204,0.5,0.3000000000000682,-0.17364817766693047,-0.984807753012208,0.0,1.0,0.4,5.0
2026-07-21 00:50:00,200.0,5.0,0.4,1014.8,19.7,18.5,0.4,0.4,0.4,4.0,5.0,5.0,1014.7,1014.6,1014.3,0.4,0.0,0.4,0.0,4.333333333333333,0.5773502691896258,4.666666666666667,0.5163977794943204,0.5,0.1999999999999318,-0.34202014332566866,-0.9396926207859084,0.0,1.0,0.4,4.0
2026-07-21 01:20:00,170.0,4.0,0.4,1015.4,18.8,18.3,0.4,0.4,0.4,4.0,5.0,5.0,1015.2,1014.8,1014.6,0.4,0.0,0.4,0.0,4.333333333333333,0.5773502691896258,4.333333333333333,0.5163977794943204,0.7999999999999545,0.6000000000000227,0.17364817766693028,-0.984807753012208,0.25881904510252074,0.9659258262890683,0.4,4.0
2026-07-21 01:50:00,190.0,4.0,0.4,1015.8,18.8,18.1,0.4,0.4,0.4,4.0,4.0,5.0,1015.7,1015.4,1014.8,0.4,0.0,0.4,0.0,4.0,0.0,4.166666666666667,0.4082482904638612,1.0,0.39999999999997726,-0.17364817766693047,-0.984807753012208,0.25881904510252074,0.9659258262890683,0.5,5.0
2026-07-21 02:20:00,200.0,5.0,0.5,1015.7,19.1,18.1,0.5,0.4,0.4,5.0,4.0,4.0,1015.8,1015.8,1015.4,0.5,0.0,0.45000000000000007,0.05773502691896253,4.666666666666667,0.5773502691896258,4.333333333333333,0.5163977794943221,0.3000000000000682,-0.09999999999990905,-0.34202014332566866,-0.9396926207859084,0.49999999999999994,0.8660254037844387,0.4,4.0
2026-07-21 02:50:00,180.0,4.0,0.4,1015.7,18.6,18.1,0.4,0.5,0.4,5.0,5.0,4.0,1015.6,1015.7,1015.8,0.4,0.0,0.44999999999999996,0.05773502691896253,4.666666666666667,0.5773502691896258,4.666666666666667,0.5163977794943221,-0.09999999999990905,0.0,1.2246467991473532e-16,-1.0,0.49999999999999994,0.8660254037844387,0.5,4.0
2026-07-21 03:20:00,190.0,4.0,0.5,1015.7,18.4,18.1,0.5,0.4,0.5,4.0,4.0,5.0,1015.6,1015.7,1015.7,0.5,0.0,0.44999999999999996,0.05773502691896253,4.333333333333333,0.5773502691896258,4.5,0.5477225575051659,0.0,0.0,-0.17364817766693047,-0.984807753012208,0.7071067811865476,0.7071067811865476,0.5,3.0
2026-07-21 03:50:00,180.0,3.0,0.5,1015.8,18.3,18.1,0.5,0.5,0.4,4.0,4.0,4.0,1015.9,1015.7,1015.7,0.5,0.0,0.5,0.0,3.6666666666666665,0.5773502691896257,4.0,0.6324555320336763,0.09999999999990905,0.09999999999990905,1.2246467991473532e-16,-1.0,0.7071067811865476,0.7071067811865476,0.5,3.0
2026-07-21 04:20:00,180.0,3.0,0.5,1015.7,18.0,18.1,0.5,0.5,0.5,3.0,3.0,4.0,1015.7,1015.8,1015.7,0.5,0.0,0.5,0.0,3.0,0.0,3.3333333333333335,0.5163977794943245,0.0,-0.09999999999990905,1.2246467991473532e-16,-1.0,0.8660254037844386,0.5000000000000001,0.5,5.0
2026-07-21 05:20:00,190.0,4.0,0.5,1015.5,17.9,18.2,0.5,0.5,0.5,4.0,5.0,3.0,1015.3,1015.4,1015.7,0.5,0.0,0.5,0.0,4.333333333333333,0.5773502691896258,4.5,0.5477225575051633,-0.20000000000004547,0.10000000000002274,-0.17364817766693047,-0.984807753012208,0.9659258262890683,0.25881904510252074,0.4,3.0
2026-07-21 06:20:00,180.0,3.0,0.4,1015.6,17.8,,0.4,0.4,0.5,3.0,3.0,4.0,1015.7,1015.5,1015.5,0.4,0.0,0.4,0.0,3.0,0.0,3.0,0.0,0.10000000000002274,0.10000000000002274,1.2246467991473532e-16,-1.0,1.0,6.123233995736766e-17,0.4,5.0
2026-07-21 08:50:00,190.0,3.0,0.4,1015.2,17.8,17.9,0.4,0.4,0.4,4.0,5.0,4.0,1015.2,1015.5,1015.5,0.4,0.0,0.4,0.0,4.0,1.0,4.333333333333333,0.8164965809277258,-0.2999999999999545,-0.2999999999999545,-0.17364817766693047,-0.984807753012208,0.8660254037844387,-0.4999999999999998,0.4,3.0
2026-07-21 09:20:00,170.0,3.0,0.4,1015.0,17.4,,0.4,0.4,0.4,3.0,3.0,5.0,1015.0,1015.2,1015.5,0.4,0.0,0.4,0.0,3.0,0.0,3.5,0.8366600265340745,-0.5,-0.20000000000004547,0.17364817766693028,-0.984807753012208,0.7071067811865476,-0.7071067811865475,0.4,3.0
2026-07-21 10:20:00,170.0,4.0,0.4,1015.0,17.7,17.9,0.4,0.4,0.4,4.0,3.0,3.0,1014.8,1015.0,1015.0,0.4,0.0,0.4,0.0,4.0,0.0,3.5,0.5477225575051664,0.0,0.0,0.17364817766693028,-0.984807753012208,0.49999999999999994,-0.8660254037844387,0.4,5.0
2026-07-21 10:50:00,160.0,5.0,0.4,1014.8,17.8,17.9,0.4,0.4,0.4,5.0,4.0,3.0,1014.8,1015.0,1015.0,0.4,0.0,0.4,0.0,5.0,0.0,4.5,0.5477225575051672,-0.20000000000004547,-0.20000000000004547,0.3420201433256689,-0.9396926207859083,0.49999999999999994,-0.8660254037844387,0.4,5.0
2026-07-21 11:20:00,160.0,5.0,0.4,1014.4,18.0,17.9,0.4,0.4,0.4,5.0,5.0,4.0,1014.6,1014.8,1015.0,0.4,0.0,0.4,0.0,5.333333333333333,0.5773502691896258,5.166666666666667,0.40824829046386474,-0.6000000000000227,-0.39999999999997726,0.3420201433256689,-0.9396926207859083,0.258819045102521,-0.9659258262890682,0.4,5.0
2026-07-21 13:20:00,160.0,5.0,0.4,1014.8,18.3,18.1,0.4,0.4,0.4,5.0,4.0,5.0,1014.9,1014.9,1014.8,0.4,0.0,0.4,0.0,4.666666666666667,0.5773502691896258,4.5,0.5477225575051659,0.0,-0.10000000000002274,0.3420201433256689,-0.9396926207859083,-0.2588190451025208,-0.9659258262890683,0.4,5.0
2026-07-21 13:50:00,150.0,5.0,0.4,1014.6,18.4,18.1,0.4,0.4,0.4,5.0,5.0,4.0,1014.8,1014.8,1014.9,0.4,0.0,0.4,0.0,5.0,0.0,4.833333333333333,0.4082482904638632,-0.2999999999999545,-0.1999999999999318,0.49999999999999994,-0.8660254037844387,-0.2588190451025208,-0.9659258262890683,0.5,5.0
2026-07-21 14:20:00,150.0,5.0,0.5,1014.6,18.8,18.2,0.5,0.4,0.4,5.0,5.0,5.0,1014.6,1014.6,1014.8,0.5,0.0,0.45000000000000007,0.05773502691896253,5.0,0.0,5.0,0.0,-0.1999999999999318,0.0,0.49999999999999994,-0.8660254037844387,-0.4999999999999997,-0.8660254037844388,0.5,5.0
2026-07-21 14:50:00,150.0,5.0,0.5,1014.7,19.0,18.2,0.5,0.5,0.4,5.0,5.0,5.0,1014.7,1014.6,1014.6,0.5,0.0,0.5,0.0,5.0,0.0,5.0,0.0,0.10000000000002274,0.10000000000002274,0.49999999999999994,-0.8660254037844387,-0.4999999999999997,-0.8660254037844388,0.5,6.0
2026-07-21 15:20:00,160.0,6.0,0.5,1014.5,19.5,18.3,0.5,0.5,0.5,6.0,5.0,5.0,1014.4,1014.7,1014.6,0.5,0.0,0.5,0.0,5.666666666666667,0.5773502691896258,5.333333333333333,0.5163977794943221,-0.10000000000002274,-0.20000000000004547,0.3420201433256689,-0.9396926207859083,-0.7071067811865471,-0.7071067811865479,0.5,6.0
2026-07-21 15:50:00,160.0,6.0,0.5,1014.4,19.5,,0.5,0.5,0.5,6.0,6.0,5.0,1014.4,1014.5,1014.7,0.5,0.0,0.5,0.0,6.0,0.0,5.833333333333333,0.4082482904638632,-0.3000000000000682,-0.10000000000002274,0.3420201433256689,-0.9396926207859083,-0.7071067811865471,-0.7071067811865479,0.6,7.0
2026-07-21 16:20:00,160.0,7.0,0.6,1014.3,20.3,,0.6,0.5,0.5,7.0,6.0,6.0,1014.3,1014.4,1014.5,0.6,0.0,0.55,0.05773502691896254,6.666666666666667,0.5773502691896258,6.333333333333333,0.5163977794943221,-0.20000000000004547,-0.10000000000002274,0.3420201433256689,-0.9396926207859083,-0.8660254037844385,-0.5000000000000004,0.6,5.0
2026-07-21 16:50:00,150.0,5.0,0.6,1014.2,19.6,18.3,0.6,0.6,0.5,6.0,7.0,6.0,1014.0,1014.3,1014.4,0.6,0.0,0.6,0.0,5.666666666666667,0.5773502691896258,6.166666666666667,0.752772652709081,-0.1999999999999318,-0.09999999999990905,0.49999999999999994,-0.8660254037844387,-0.8660254037844385,-0.5000000000000004,0.6,6.0
2026-07-21 17:20:00,150.0,6.0,0.6,1013.8,19.8,18.3,0.6,0.6,0.6,6.0,5.0,7.0,1013.8,1014.2,1014.3,0.6,0.0,0.6,0.0,5.333333333333333,1.1547005383792517,5.5,0.8366600265340759,-0.5,-0.40000000000009095,0.49999999999999994,-0.8660254037844387,-0.9659258262890683,-0.25881904510252063,0.6,7.0
2026-07-21 18:20:00,140.0,7.0,0.6,1012.8,19.7,,0.6,0.6,0.6,7.0,7.0,6.0,1012.8,1013.1,1013.8,0.6,0.0,0.6,0.0,7.0,0.0,6.833333333333333,0.4082482904638606,-1.0,-0.3000000000000682,0.6427876096865395,-0.7660444431189779,-1.0,-1.8369701987210297e-16,0.6,6.0
2026-07-21 19:20:00,130.0,5.0,0.7,1011.9,19.7,18.4,0.7,0.6,0.6,5.0,6.0,7.0,1012.3,1013.1,1012.8,0.7,0.0,0.6666666666666666,0.05773502691896258,5.0,0.0,5.5,0.5477225575051659,-0.8999999999999773,-1.2000000000000455,0.766044443118978,-0.6427876096865394,-0.9659258262890684,0.2588190451025203,0.6,5.0
2026-07-21 20:20:00,130.0,6.0,0.6,1010.6,19.8,18.3,0.6,0.6,0.7,6.0,5.0,5.0,1011.0,1011.4,1011.9,0.6,0.0,0.6,0.0,6.0,0.0,5.333333333333333,0.8164965809277259,-1.2999999999999545,-0.7999999999999545,0.766044443118978,-0.6427876096865394,-0.8660254037844386,0.5000000000000001,0.7,6.0
2026-07-21 20:50:00,110.0,6.0,0.7,1010.1,19.5,18.2,0.7,0.6,0.6,6.0,6.0,5.0,1010.3,1010.6,1011.4,0.7,0.0,0.6499999999999999,0.05773502691896256,6.0,0.0,6.0,0.0,-1.2999999999999545,-0.5,0.9396926207859084,-0.3420201433256687,-0.8660254037844386,0.5000000000000001,0.7,6.0
2026-07-21 21:20:00,130.0,6.0,0.7,1010.7,19.4,,0.7,0.7,0.6,6.0,6.0,6.0,1010.6,1010.1,1010.6,0.7,0.0,0.7,0.0,6.0,0.0,6.0,0.0,0.10000000000002274,0.6000000000000227,0.766044443118978,-0.6427876096865394,-0.7071067811865477,0.7071067811865474,0.7,6.0
2026-07-21 22:20:00,120.0,9.0,0.7,1008.9,18.8,18.2,0.7,0.7,0.7,8.0,6.0,6.0,1009.1,1009.6,1010.7,0.7,0.0,0.7,0.0,8.0,1.0,7.166666666666667,1.1690451944500118,-1.8000000000000682,-0.7000000000000455,0.8660254037844387,-0.4999999999999998,-0.5000000000000004,0.8660254037844384,0.7,8.0
2026-07-21 22:50:00,110.0,8.0,0.7,1007.8,19.1,18.2,0.7,0.7,0.7,8.0,9.0,6.0,1008.1,1008.9,1009.6,0.7,0.0,0.7,0.0,8.0,0.0,8.0,0.6324555320336748,-1.8000000000000682,-1.1000000000000227,0.9396926207859084,-0.3420201433256687,-0.5000000000000004,0.8660254037844384,0.9,9.0
2026-07-22 00:20:00,160.0,8.0,1.1,1006.7,19.4,,1.1,1.1,0.9,8.0,6.0,11.0,1006.9,1007.4,1007.6,1.1,0.0,1.05,0.10000000000000009,7.333333333333333,1.1547005383792515,7.333333333333333,1.2110601416389932,-0.8999999999999773,-0.6999999999999318,0.3420201433256689,-0.9396926207859083,0.0,1.0,1.2,8.0
2026-07-22 01:50:00,160.0,6.0,1.1,1006.0,19.1,17.6,1.1,1.2,1.2,6.0,7.0,8.0,1005.8,1006.3,1006.8,1.1,0.0,1.15,0.05773502691896256,6.333333333333333,0.5773502691896258,6.6,0.547722557505152,-0.7999999999999545,-0.2999999999999545,0.3420201433256689,-0.9396926207859083,0.25881904510252074,0.9659258262890683,1.0,6.0
2026-07-22 02:20:00,160.0,6.0,1.0,1005.9,18.9,17.7,1.0,1.1,1.2,6.0,6.0,7.0,1006.0,1006.0,1006.3,1.0,0.0,1.05,0.05773502691896292,6.0,0.0,6.166666666666667,0.4082482904638444,-0.39999999999997726,-0.10000000000002274,0.3420201433256689,-0.9396926207859083,0.49999999999999994,0.8660254037844387,0.9,5.0
2026-07-22 02:50:00,150.0,5.0,0.9,1005.7,18.8,17.7,0.9,1.0,1.1,5.0,6.0,6.0,1006.1,1005.9,1006.0,0.9,0.0,0.95,0.0577350269189633,5.0,0.0,5.5,0.5477225575051659,-0.2999999999999545,-0.1999999999999318,0.49999999999999994,-0.8660254037844387,0.49999999999999994,0.8660254037844387,0.9,4.0
2026-07-22 03:20:00,150.0,4.0,0.9,1005.5,18.8,17.7,0.9,0.9,1.0,4.0,5.0,6.0,1005.5,1005.7,1005.9,0.9,0.0,0.9,0.0,4.0,0.0,4.5,0.5477225575051659,-0.39999999999997726,-0.20000000000004547,0.49999999999999994,-0.8660254037844387,0.7071067811865476,0.7071067811865476,0.9,3.0
2026-07-22 03:50:00,150.0,3.0,0.9,1005.3,18.7,,0.9,0.9,0.9,3.0,4.0,5.0,1005.4,1005.5,1005.7,0.9,0.0,0.9,0.0,3.3333333333333335,0.5773502691896257,3.6666666666666665,0.5163977794943236,-0.40000000000009095,-0.20000000000004547,0.49999999999999994,-0.8660254037844387,0.7071067811865476,0.7071067811865476,0.9,4.0
2026-07-22 04:20:00,150.0,4.0,0.9,1005.3,18.6,17.4,0.9,0.9,0.9,4.0,3.0,4.0,1005.4,1005.3,1005.5,0.9,0.0,0.9,0.0,4.0,0.0,3.6666666666666665,0.5163977794943236,-0.20000000000004547,0.0,0.49999999999999994,-0.8660254037844387,0.8660254037844386,0.5000000000000001,0.8,5.0
2026-07-22 04:50:00,160.0,5.0,0.8,1004.4,18.5,,0.8,0.9,0.9,5.0,4.0,3.0,1004.6,1005.3,1005.3,0.8,0.0,0.8500000000000001,0.05773502691896256,5.0,0.0,4.5,0.5477225575051654,-0.8999999999999773,-0.8999999999999773,0.3420201433256689,-0.9396926207859083,0.8660254037844386,0.5000000000000001,0.8,5.0
2026-07-22 06:20:00,160.0,5.0,0.7,1003.7,18.6,,0.7,0.7,0.8,4.0,4.0,5.0,1003.8,1004.2,1004.3,0.7,0.0,0.7,0.0,4.333333333333333,0.5773502691896258,4.166666666666667,0.40824829046386296,-0.599999999999909,-0.5,0.3420201433256689,-0.9396926207859083,1.0,6.123233995736766e-17,0.7,4.0
2026-07-22 08:20:00,190.0,5.0,0.7,1003.6,18.7,17.0,0.7,0.7,0.7,5.0,4.0,3.0,1003.4,1003.2,1003.5,0.7,0.0,0.7,0.0,4.666666666666667,0.5773502691896258,4.333333333333333,0.5163977794943221,0.10000000000002274,0.39999999999997726,-0.17364817766693047,-0.984807753012208,0.8660254037844387,-0.4999999999999998,0.8,5.0
2026-07-22 09:50:00,160.0,4.0,0.7,1003.9,18.4,17.0,0.7,0.7,0.8,4.0,5.0,5.0,1003.9,1003.9,1003.7,0.7,0.0,0.7,0.0,4.333333333333333,0.5773502691896258,4.833333333333333,0.7527726527090806,0.1999999999999318,0.0,0.3420201433256689,-0.9396926207859083,0.7071067811865476,-0.7071067811865475,0.7,3.0
2026-07-22 10:20:00,180.0,3.0,0.7,1003.5,18.4,,0.7,0.7,0.7,3.0,4.0,5.0,1003.6,1003.9,1003.9,0.7,0.0,0.7,0.0,3.3333333333333335,0.5773502691896257,3.8333333333333335,0.752772652709081,-0.39999999999997726,-0.39999999999997726,1.2246467991473532e-16,-1.0,0.49999999999999994,-0.8660254037844387,0.7,4.0
2026-07-22 10:50:00,180.0,4.0,0.7,1004.3,18.4,17.1,0.7,0.7,0.7,4.0,3.0,4.0,1004.1,1003.5,1003.9,0.7,0.0,0.7,0.0,3.6666666666666665,0.5773502691896257,3.5,0.5477225575051661,0.39999999999997726,0.7999999999999545,1.2246467991473532e-16,-1.0,0.49999999999999994,-0.8660254037844387,0.6,3.0
2026-07-22 11:20:00,190.0,3.0,0.6,1004.4,18.2,17.3,0.6,0.7,0.7,3.0,4.0,3.0,1004.3,1004.3,1003.5,0.6,0.0,0.6499999999999999,0.05773502691896254,3.3333333333333335,0.5773502691896257,3.5,0.5477225575051661,0.8999999999999773,0.10000000000002274,-0.17364817766693047,-0.984807753012208,0.258819045102521,-0.9659258262890682,0.6,4.0
2026-07-22 11:50:00,180.0,4.0,0.6,1004.5,18.6,,0.6,0.6,0.7,4.0,3.0,4.0,1004.3,1004.4,1004.3,0.6,0.0,0.6,0.0,3.6666666666666665,0.5773502691896257,3.5,0.5477225575051661,0.20000000000004547,0.10000000000002274,1.2246467991473532e-16,-1.0,0.258819045102521,-0.9659258262890682,0.6,3.0
2026-07-22 12:20:00,190.0,3.0,0.6,1004.4,18.6,17.4,0.6,0.6,0.6,4.0,4.0,3.0,1004.4,1004.5,1004.4,0.6,0.0,0.6,0.0,3.6666666666666665,0.5773502691896257,3.6666666666666665,0.5163977794943222,0.0,-0.10000000000002274,-0.17364817766693047,-0.984807753012208,1.2246467991473532e-16,-1.0,0.5,3.0
2026-07-22 12:50:00,200.0,3.0,0.5,1005.0,18.4,,0.5,0.6,0.6,3.0,3.0,4.0,1005.2,1004.4,1004.5,0.5,0.0,0.55,0.05773502691896256,3.0,0.0,3.3333333333333335,0.5163977794943224,0.5,0.6000000000000227,-0.34202014332566866,-0.9396926207859084,1.2246467991473532e-16,-1.0,0.6,3.0
2026-07-22 13:20:00,180.0,3.0,0.6,1005.0,18.5,17.4,0.6,0.5,0.6,3.0,3.0,3.0,1004.9,1005.0,1004.4,0.6,0.0,0.55,0.05773502691896256,3.0,0.0,3.0,0.0,0.6000000000000227,0.0,1.2246467991473532e-16,-1.0,-0.2588190451025208,-0.9659258262890683,0.5,4.0
2026-07-22 14:20:00,150.0,4.0,0.5,1005.7,18.9,17.5,0.5,0.5,0.6,5.0,4.0,3.0,1005.6,1005.5,1005.0,0.5,0.0,0.5,0.0,4.666666666666667,0.5773502691896258,4.166666666666667,0.7527726527090817,0.7000000000000455,0.20000000000004547,0.49999999999999994,-0.8660254037844387,-0.4999999999999997,-0.8660254037844388,0.5,3.0
2026-07-22 15:20:00,170.0,4.0,0.5,1005.9,20.2,17.8,0.5,0.5,0.5,4.0,3.0,4.0,1005.8,1005.7,1005.7,0.5,0.0,0.5,0.0,3.6666666666666665,0.5773502691896257,3.6666666666666665,0.5163977794943224,0.1999999999999318,0.1999999999999318,0.17364817766693028,-0.984807753012208,-0.7071067811865471,-0.7071067811865479,0.6,4.0
2026-07-22 16:20:00,190.0,5.0,0.6,1005.9,20.5,17.9,0.6,0.6,0.5,5.0,4.0,4.0,1005.8,1005.6,1005.9,0.6,0.0,0.6,0.0,5.0,0.0,4.5,0.5477225575051659,0.0,0.2999999999999545,-0.17364817766693047,-0.984807753012208,-0.8660254037844385,-0.5000000000000004,0.6,5.0
2026-07-22 17:20:00,200.0,4.0,0.7,1006.1,20.6,18.1,0.7,0.6,0.6,4.0,5.0,5.0,1006.1,1006.1,1005.9,0.7,0.0,0.6666666666666666,0.05773502691896258,4.333333333333333,0.5773502691896258,4.333333333333333,0.5163977794943221,0.20000000000004547,0.0,-0.34202014332566866,-0.9396926207859084,-0.9659258262890683,-0.25881904510252063,0.7,5.0
2026-07-22 17:50:00,200.0,5.0,0.7,1006.2,21.0,18.0,0.7,0.7,0.6,5.0,4.0,5.0,1006.2,1006.1,1006.1,0.7,0.0,0.7,0.0,5.0,0.0,4.666666666666667,0.5163977794943221,0.10000000000002274,0.10000000000002274,-0.34202014332566866,-0.9396926207859084,-0.9659258262890683,-0.25881904510252063,0.7,5.0
2026-07-22 18:20:00,190.0,5.0,0.7,1006.1,21.1,18.1,0.7,0.7,0.7,4.0,5.0,4.0,1006.1,1006.2,1006.1,0.7,0.0,0.7,0.0,4.666666666666667,0.5773502691896258,4.833333333333333,0.4082482904638632,0.0,-0.10000000000002274,-0.17364817766693047,-0.984807753012208,-1.0,-1.8369701987210297e-16,0.8,4.0
2026-07-22 19:50:00,160.0,7.0,0.8,1005.5,20.2,18.2,0.8,0.8,0.8,7.0,6.0,4.0,1005.7,1006.0,1006.3,0.8,0.0,0.8,0.0,7.0,0.0,6.166666666666667,0.9831920802501743,-0.7999999999999545,-0.5,0.3420201433256689,-0.9396926207859083,-0.9659258262890684,0.2588190451025203,0.8,6.0
2026-07-22 20:20:00,160.0,6.0,0.8,1005.6,19.8,18.2,0.8,0.8,0.8,6.0,7.0,6.0,1005.3,1005.5,1006.0,0.8,0.0,0.8,0.0,6.333333333333333,0.5773502691896258,6.666666666666667,0.5163977794943205,-0.39999999999997726,0.10000000000002274,0.3420201433256689,-0.9396926207859083,-0.8660254037844386,0.5000000000000001,0.8,4.0
2026-07-22 20:50:00,180.0,4.0,0.8,1006.5,19.7,18.1,0.8,0.8,0.8,7.0,6.0,7.0,1005.7,1005.6,1005.5,0.8,0.0,0.8,0.0,6.0,1.7320508075688772,6.166666666666667,1.169045194450011,1.0,0.8999999999999773,1.2246467991473532e-16,-1.0,-0.8660254037844386,0.5000000000000001,0.8,7.0
2026-07-22 21:20:00,230.0,7.0,0.8,1007.4,20.6,18.1,0.8,0.8,0.8,7.0,4.0,6.0,1007.1,1006.5,1005.6,0.8,0.0,0.8,0.0,7.0,0.0,6.5,1.224744871391588,1.7999999999999545,0.8999999999999773,-0.7660444431189779,-0.6427876096865395,-0.7071067811865477,0.7071067811865474,0.7,5.0
2026-07-22 21:50:00,230.0,5.0,0.7,1007.6,19.8,18.1,0.7,0.8,0.8,6.0,7.0,4.0,1007.7,1007.4,1006.5,0.7,0.0,0.75,0.05773502691896264,5.666666666666667,0.5773502691896258,6.333333333333333,0.8164965809277248,1.1000000000000227,0.20000000000004547,-0.7660444431189779,-0.6427876096865395,-0.7071067811865477,0.7071067811865474,0.7,4.0
2026-07-22 22:20:00,210.0,4.0,0.7,1008.0,19.2,18.0,0.7,0.7,0.8,4.0,5.0,7.0,1007.9,1007.6,1007.4,0.7,0.0,0.7,0.0,3.3333333333333335,1.154700538379251,4.5,1.516575088810312,0.6000000000000227,0.39999999999997726,-0.5000000000000001,-0.8660254037844386,-0.5000000000000004,0.8660254037844384,0.7,3.0
2026-07-23 00:20:00,220.0,4.0,0.6,1009.3,19.3,17.6,0.6,0.6,0.6,4.0,5.0,5.0,1009.2,1009.0,1008.4,0.6,0.0,0.6,0.0,4.0,0.0,4.5,0.5477225575051718,0.8999999999999773,0.2999999999999545,-0.6427876096865393,-0.766044443118978,0.0,1.0,0.6,4.0
2026-07-23 01:20:00,230.0,3.0,0.5,1010.6,19.0,17.8,0.5,0.6,0.6,3.0,4.0,4.0,1010.4,1009.8,1009.3,0.5,0.0,0.5333333333333333,0.05773502691896258,3.0,0.0,3.5,0.5477225575051664,1.3000000000000682,0.8000000000000682,-0.7660444431189779,-0.6427876096865395,0.25881904510252074,0.9659258262890683,0.5,5.0
2026-07-23 01:50:00,270.0,5.0,0.5,1011.4,19.4,17.8,0.5,0.5,0.6,5.0,3.0,4.0,1011.2,1010.6,1009.8,0.5,0.0,0.5,0.0,4.333333333333333,1.1547005383792517,3.6666666666666665,1.0327955589886446,1.6000000000000227,0.7999999999999545,-1.0,-1.8369701987210297e-16,0.25881904510252074,0.9659258262890683,0.5,5.0
2026-07-23 02:20:00,280.0,5.0,0.5,1011.8,19.8,,0.5,0.5,0.5,5.0,5.0,3.0,1011.7,1011.4,1010.6,0.5,0.0,0.5,0.0,5.0,0.0,4.666666666666667,0.816496580927726,1.1999999999999318,0.39999999999997726,-0.9848077530122081,0.17364817766692997,0.49999999999999994,0.8660254037844387,0.5,4.0
2026-07-23 02:50:00,290.0,4.0,0.5,1012.3,19.5,17.7,0.5,0.5,0.5,5.0,5.0,5.0,1011.9,1011.8,1011.4,0.5,0.0,0.5,0.0,4.666666666666667,0.5773502691896258,4.833333333333333,0.40824829046386296,0.8999999999999773,0.5,-0.9396926207859083,0.342020143325669,0.49999999999999994,0.8660254037844387,0.5,3.0
2026-07-23 03:20:00,290.0,3.0,0.5,1012.9,19.2,17.6,0.5,0.5,0.5,4.0,4.0,5.0,1012.7,1012.3,1011.8,0.5,0.0,0.5,0.0,3.6666666666666665,0.5773502691896257,4.166666666666667,0.752772652709081,1.1000000000000227,0.6000000000000227,-0.9396926207859083,0.342020143325669,0.7071067811865476,0.7071067811865476,0.5,4.0
2026-07-23 04:20:00,290.0,4.0,0.4,1013.6,19.0,17.6,0.4,0.5,0.5,3.0,4.0,3.0,1013.4,1013.4,1012.9,0.4,0.0,0.43333333333333335,0.05773502691896256,3.6666666666666665,0.5773502691896257,3.5,0.5477225575051663,0.7000000000000455,0.20000000000004547,-0.9396926207859083,0.342020143325669,0.8660254037844386,0.5000000000000001,0.5,4.0
2026-07-23 04:50:00,280.0,4.0,0.5,1013.5,18.9,17.7,0.5,0.4,0.5,4.0,4.0,4.0,1013.6,1013.6,1013.4,0.5,0.0,0.45,0.05773502691896256,4.0,0.0,3.8333333333333335,0.40824829046386346,0.10000000000002274,-0.10000000000002274,-0.9848077530122081,0.17364817766692997,0.8660254037844386,0.5000000000000001,0.5,3.0
2026-07-23 05:20:00,270.0,3.0,0.5,1014.0,18.8,17.7,0.5,0.5,0.4,3.0,4.0,4.0,1013.9,1013.5,1013.6,0.5,0.0,0.5,0.0,3.3333333333333335,0.5773502691896257,3.6666666666666665,0.5163977794943223,0.39999999999997726,0.5,-1.0,-1.8369701987210297e-16,0.9659258262890683,0.25881904510252074,0.5,3.0
2026-07-23 06:20:00,280.0,4.0,0.5,1014.2,18.2,17.7,0.5,0.5,0.5,3.0,3.0,3.0,1014.2,1014.1,1014.0,0.5,0.0,0.5,0.0,3.3333333333333335,0.5773502691896257,3.1666666666666665,0.408248290463863,0.20000000000004547,0.10000000000002274,-0.9848077530122081,0.17364817766692997,1.0,6.123233995736766e-17,0.6,4.0
2026-07-23 06:50:00,280.0,4.0,0.6,1014.2,18.4,17.7,0.6,0.5,0.5,4.0,4.0,3.0,1014.1,1014.2,1014.1,0.6,0.0,0.55,0.05773502691896254,4.0,0.0,3.6666666666666665,0.5163977794943226,0.10000000000002274,0.0,-0.9848077530122081,0.17364817766692997,1.0,6.123233995736766e-17,0.6,5.0
2026-07-23 07:20:00,290.0,5.0,0.6,1014.4,18.3,17.7,0.6,0.6,0.5,5.0,4.0,4.0,1014.2,1014.2,1014.2,0.6,0.0,0.6,0.0,4.666666666666667,0.5773502691896258,4.333333333333333,0.5163977794943221,0.1999999999999318,0.1999999999999318,-0.9396926207859083,0.342020143325669,0.9659258262890683,-0.25881904510252063,0.6,5.0
2026-07-23 08:50:00,280.0,4.0,0.6,1015.1,17.6,17.3,0.6,0.6,0.6,4.0,4.0,5.0,1015.1,1014.8,1014.4,0.6,0.0,0.6,0.0,3.6666666666666665,0.577350269189626,4.166666666666667,0.7527726527090807,0.7000000000000455,0.3000000000000682,-0.9848077530122081,0.17364817766692997,0.8660254037844387,-0.4999999999999998,0.6,4.0
2026-07-23 10:20:00,280.0,4.0,0.6,1016.0,17.0,16.9,0.6,,0.6,4.0,4.0,4.0,1016.0,1015.5,1015.4,0.6,0.0,0.6,0.0,4.0,0.0,4.0,0.0,0.6000000000000227,0.5,-0.9848077530122081,0.17364817766692997,0.49999999999999994,-0.8660254037844387,0.5,3.0
2026-07-23 11:20:00,290.0,3.0,0.5,1016.8,16.9,17.1,0.5,0.5,0.6,3.0,3.0,4.0,1016.5,1016.6,1016.0,0.5,0.0,0.5,0.0,3.0,0.0,3.1666666666666665,0.4082482904638636,0.7999999999999545,0.1999999999999318,-0.9396926207859083,0.342020143325669,0.258819045102521,-0.9659258262890682,0.5,3.0
2026-07-23 12:20:00,310.0,4.0,0.5,1016.8,17.1,17.2,0.5,0.5,0.5,4.0,3.0,3.0,1016.8,1016.8,1016.8,0.5,0.0,0.5,0.0,4.0,0.0,3.5,0.5477225575051664,0.0,0.0,-0.7660444431189781,0.6427876096865393,1.2246467991473532e-16,-1.0,0.5,3.0
2026-07-23 12:50:00,320.0,3.0,0.5,1017.4,17.2,17.3,0.5,0.5,0.5,5.0,4.0,3.0,1017.1,1016.8,1016.8,0.5,0.0,0.5,0.0,4.0,1.0,4.0,0.6324555320336762,0.6000000000000227,0.6000000000000227,-0.6427876096865396,0.7660444431189778,1.2246467991473532e-16,-1.0,0.5,2.0
2026-07-23 13:20:00,290.0,2.0,0.5,1017.7,17.2,17.3,0.5,0.5,0.5,2.0,3.0,4.0,1017.7,1017.4,1016.8,0.5,0.0,0.5,0.0,2.0,0.0,3.0,1.2649110640673518,0.900000000000091,0.3000000000000682,-0.9396926207859083,0.342020143325669,-0.2588190451025208,-0.9659258262890683,0.5,4.0
2026-07-23 13:50:00,300.0,4.0,0.5,1018.0,17.6,17.4,0.5,0.5,0.5,4.0,2.0,3.0,1017.9,1017.7,1017.4,0.5,0.0,0.5,0.0,3.3333333333333335,1.1547005383792517,2.6666666666666665,1.0327955589886444,0.6000000000000227,0.2999999999999545,-0.8660254037844386,0.5000000000000001,-0.2588190451025208,-0.9659258262890683,0.5,5.0
2026-07-23 14:20:00,310.0,5.0,0.5,1018.4,18.0,17.5,0.5,0.5,0.5,5.0,4.0,2.0,1018.3,1018.0,1017.7,0.5,0.0,0.5,0.0,4.666666666666667,0.5773502691896258,4.0,1.0954451150103324,0.6999999999999318,0.39999999999997726,-0.7660444431189781,0.6427876096865393,-0.4999999999999997,-0.8660254037844388,0.5,4.0
2026-07-23 15:20:00,290.0,3.0,0.5,1019.0,18.0,17.6,0.5,0.5,0.5,3.0,4.0,5.0,1018.8,1018.7,1018.4,0.5,0.0,0.5,0.0,3.3333333333333335,0.5773502691896257,3.8333333333333335,0.7527726527090812,0.6000000000000227,0.2999999999999545,-0.9396926207859083,0.342020143325669,-0.7071067811865471,-0.7071067811865479,0.6,1.0
2026-07-23 16:20:00,,0.0,0.6,1019.2,18.9,18.2,0.6,0.6,0.5,1.0,1.0,3.0,1019.2,1019.2,1019.0,0.6,0.0,0.6,0.0,0.6666666666666666,0.5773502691896258,1.0,0.6324555320336764,0.20000000000004547,0.0,,,-0.8660254037844385,-0.5000000000000004,0.6,2.0
2026-07-23 17:20:00,180.0,1.0,0.7,1019.2,19.3,18.6,0.7,0.6,0.6,1.0,2.0,0.0,1019.2,1019.2,1019.2,0.7,0.0,0.6666666666666666,0.05773502691896258,1.3333333333333333,0.5773502691896258,1.6666666666666667,0.5163977794943228,0.0,0.0,1.2246467991473532e-16,-1.0,-0.9659258262890683,-0.25881904510252063,0.6,1.0
2026-07-23 18:20:00,140.0,2.0,0.6,1019.2,20.2,18.7,0.6,0.6,0.7,1.0,1.0,1.0,1019.2,1019.2,1019.2,0.6,0.0,0.6,0.0,1.6666666666666667,0.5773502691896257,1.1666666666666667,0.7527726527090812,0.0,0.0,0.6427876096865395,-0.7660444431189779,-1.0,-1.8369701987210297e-16,0.6,3.0
2026-07-23 18:50:00,150.0,3.0,0.6,1019.1,19.7,18.7,0.6,0.6,0.6,3.0,2.0,1.0,1019.2,1019.2,1019.2,0.6,0.0,0.6,0.0,3.0,0.0,2.3333333333333335,0.8164965809277267,-0.10000000000002274,-0.10000000000002274,0.49999999999999994,-0.8660254037844387,-1.0,-1.8369701987210297e-16,0.6,4.0
2026-07-23 19:20:00,140.0,4.0,0.6,1019.2,19.2,18.7,0.6,0.6,0.6,4.0,3.0,2.0,1019.3,1019.1,1019.2,0.6,0.0,0.6,0.0,3.6666666666666665,0.5773502691896257,3.3333333333333335,0.5163977794943245,0.0,0.10000000000002274,0.6427876096865395,-0.7660444431189779,-0.9659258262890684,0.2588190451025203,0.6,4.0
2026-07-23 19:50:00,130.0,4.0,0.6,1019.2,19.6,18.7,0.6,0.6,0.6,4.0,4.0,3.0,1019.2,1019.2,1019.1,0.6,0.0,0.6,0.0,4.0,0.0,3.8333333333333335,0.40824829046386724,0.10000000000002274,0.0,0.766044443118978,-0.6427876096865394,-0.9659258262890684,0.2588190451025203,0.6,4.0
2026-07-23 20:20:00,130.0,4.0,0.6,1019.3,19.7,18.7,0.6,0.6,0.6,4.0,4.0,4.0,1019.2,1019.2,1019.2,0.6,0.0,0.6,0.0,4.0,0.0,4.0,0.0,0.09999999999990905,0.09999999999990905,0.766044443118978,-0.6427876096865394,-0.8660254037844386,0.5000000000000001,0.5,4.0
2026-07-23 21:20:00,160.0,3.0,0.5,1019.6,19.6,18.7,0.5,0.5,0.6,3.0,4.0,4.0,1019.6,1019.3,1019.3,0.5,0.0,0.5,0.0,3.0,0.0,3.5,0.5477225575051664,0.3000000000000682,0.3000000000000682,0.3420201433256689,-0.9396926207859083,-0.7071067811865477,0.7071067811865474,0.6,4.0
2026-07-23 22:20:00,160.0,4.0,0.5,1019.9,19.6,18.7,0.5,0.6,0.5,4.0,4.0,3.0,1019.9,1019.7,1019.6,0.5,0.0,0.5333333333333333,0.05773502691896256,4.0,0.0,4.0,0.0,0.2999999999999545,0.1999999999999318,0.3420201433256689,-0.9396926207859083,-0.5000000000000004,0.8660254037844384,0.5,5.0
2026-07-23 22:50:00,170.0,5.0,0.5,1020.2,19.2,18.7,0.5,0.5,0.6,4.0,4.0,4.0,1020.1,1019.9,1019.7,0.5,0.0,0.5,0.0,4.333333333333333,0.5773502691896258,4.166666666666667,0.40824829046386296,0.5,0.3000000000000682,0.17364817766693028,-0.984807753012208,-0.5000000000000004,0.8660254037844384,0.5,5.0
2026-07-24 00:20:00,170.0,5.0,0.5,1020.8,19.1,17.9,0.5,0.5,0.5,5.0,5.0,5.0,1020.8,1020.6,1020.3,0.5,0.0,0.5,0.0,5.0,0.0,5.0,0.0,0.5,0.1999999999999318,0.17364817766693028,-0.984807753012208,0.0,1.0,0.5,5.0
2026-07-24 00:50:00,170.0,5.0,0.5,1021.3,19.3,17.8,0.5,0.5,0.5,5.0,5.0,5.0,1021.1,1020.8,1020.6,0.5,0.0,0.5,0.0,5.0,0.0,5.0,0.0,0.6999999999999318,0.5,0.17364817766693028,-0.984807753012208,0.0,1.0,0.4,5.0
2026-07-24 02:20:00,170.0,5.0,0.5,1022.1,18.4,17.8,0.5,0.5,0.4,5.0,6.0,5.0,1022.0,1022.0,1021.7,0.5,0.0,0.5,0.0,5.0,0.0,5.5,0.5477225575051659,0.39999999999997726,0.10000000000002274,0.17364817766693028,-0.984807753012208,0.49999999999999994,0.8660254037844387,0.5,5.0
2026-07-24 03:20:00,180.0,5.0,0.5,1022.4,18.2,18.0,0.5,0.5,0.5,5.0,5.0,5.0,1022.4,1022.2,1022.1,0.5,0.0,0.5,0.0,5.0,0.0,5.0,0.0,0.2999999999999545,0.1999999999999318,1.2246467991473532e-16,-1.0,0.7071067811865476,0.7071067811865476,0.5,5.0
2026-07-24 03:50:00,180.0,5.0,0.5,1022.5,18.4,17.8,0.5,0.5,0.5,5.0,5.0,5.0,1022.5,1022.4,1022.2,0.5,0.0,0.5,0.0,5.0,0.0,5.0,0.0,0.2999999999999545,0.10000000000002274,1.2246467991473532e-16,-1.0,0.7071067811865476,0.7071067811865476,0.5,4.0
2026-07-24 04:20:00,180.0,4.0,0.5,1022.6,18.1,17.8,0.5,0.5,0.5,5.0,5.0,5.0,1022.5,1022.5,1022.4,0.5,0.0,0.5,0.0,4.666666666666667,0.5773502691896258,4.833333333333333,0.40824829046386296,0.20000000000004547,0.10000000000002274,1.2246467991473532e-16,-1.0,0.8660254037844386,0.5000000000000001,0.5,4.0
2026-07-24 04:50:00,200.0,4.0,0.5,1022.6,17.9,17.7,0.5,0.5,0.5,4.0,4.0,5.0,1022.6,1022.6,1022.5,0.5,0.0,0.5,0.0,4.0,0.0,4.333333333333333,0.5163977794943221,0.10000000000002274,0.0,-0.34202014332566866,-0.9396926207859084,0.8660254037844386,0.5000000000000001,0.5,3.0
2026-07-24 05:20:00,200.0,3.0,0.5,1022.8,17.7,17.5,0.5,0.5,0.5,3.0,4.0,4.0,1022.7,1022.6,1022.6,0.5,0.0,0.5,0.0,3.3333333333333335,0.5773502691896257,3.6666666666666665,0.5163977794943223,0.1999999999999318,0.1999999999999318,-0.34202014332566866,-0.9396926207859084,0.9659258262890683,0.25881904510252074,0.6,4.0
2026-07-24 05:50:00,210.0,4.0,0.6,1022.8,17.7,17.4,0.6,0.5,0.5,3.0,3.0,4.0,1022.8,1022.8,1022.6,0.6,0.0,0.55,0.05773502691896254,3.3333333333333335,0.5773502691896257,3.3333333333333335,0.5163977794943226,0.1999999999999318,0.0,-0.5000000000000001,-0.8660254037844386,0.9659258262890683,0.25881904510252074,0.6,3.0
2026-07-24 06:20:00,220.0,3.0,0.6,1022.8,17.6,17.4,0.6,0.6,0.5,3.0,4.0,3.0,1022.8,1022.8,1022.8,0.6,0.0,0.6,0.0,3.3333333333333335,0.5773502691896257,3.3333333333333335,0.5163977794943226,0.0,0.0,-0.6427876096865393,-0.766044443118978,1.0,6.123233995736766e-17,0.5,3.0
2026-07-24 07:20:00,190.0,3.0,0.5,1022.9,17.2,17.2,0.5,0.5,0.6,2.0,3.0,3.0,1023.0,1023.1,1022.8,0.5,0.0,0.5,0.0,2.3333333333333335,0.5773502691896257,2.6666666666666665,0.5163977794943223,0.10000000000002274,-0.20000000000004547,-0.17364817766693047,-0.984807753012208,0.9659258262890683,-0.25881904510252063,0.5,2.0
2026-07-24 08:20:00,240.0,2.0,0.5,1022.8,17.0,17.0,0.5,0.5,0.5,2.0,2.0,3.0,1022.8,1022.8,1022.9,0.5,0.0,0.5,0.0,2.0,0.0,2.0,0.0,-0.10000000000002274,0.0,-0.8660254037844385,-0.5000000000000004,0.8660254037844387,-0.4999999999999998,0.5,2.0
2026-07-24 09:20:00,220.0,2.0,0.5,1023.1,16.7,16.8,0.5,0.5,0.5,2.0,2.0,2.0,1023.0,1023.0,1022.8,0.5,0.0,0.5,0.0,2.0,0.0,2.0,0.0,0.3000000000000682,0.10000000000002274,-0.6427876096865393,-0.766044443118978,0.7071067811865476,-0.7071067811865475,0.5,3.0
2026-07-24 09:50:00,270.0,3.0,0.5,1023.3,16.8,16.8,0.5,0.5,0.5,3.0,2.0,2.0,1023.3,1023.1,1023.0,0.5,0.0,0.5,0.0,2.6666666666666665,0.5773502691896257,2.3333333333333335,0.5163977794943223,0.2999999999999545,0.1999999999999318,-1.0,-1.8369701987210297e-16,0.7071067811865476,-0.7071067811865475,0.5,2.0
2026-07-24 10:20:00,270.0,2.0,0.5,1023.4,16.6,16.7,0.5,0.5,0.5,2.0,3.0,2.0,1023.4,1023.3,1023.1,0.5,0.0,0.5,0.0,2.0,0.0,2.3333333333333335,0.5163977794943223,0.2999999999999545,0.10000000000002274,-1.0,-1.8369701987210297e-16,0.49999999999999994,-0.8660254037844387,0.5,1.0
2026-07-24 11:20:00,230.0,2.0,0.5,1023.6,16.5,16.7,0.5,0.5,0.5,2.0,1.0,2.0,1023.6,1023.3,1023.4,0.5,0.0,0.5,0.0,2.0,0.0,1.5,0.5477225575051653,0.20000000000004547,0.3000000000000682,-0.7660444431189779,-0.6427876096865395,0.258819045102521,-0.9659258262890682,0.5,1.0
2026-07-24 11:50:00,270.0,1.0,0.5,1023.6,16.5,16.9,0.5,0.5,0.5,2.0,2.0,1.0,1023.6,1023.6,1023.3,0.5,0.0,0.5,0.0,1.6666666666666667,0.5773502691896258,1.8333333333333333,0.408248290463863,0.3000000000000682,0.0,-1.0,-1.8369701987210297e-16,0.258819045102521,-0.9659258262890682,0.4,2.0
2026-07-24 12:20:00,280.0,2.0,0.4,1023.8,16.5,17.0,0.4,0.5,0.5,2.0,1.0,2.0,1023.8,1023.6,1023.6,0.4,0.0,0.45,0.05773502691896253,2.0,0.0,1.8333333333333333,0.408248290463863,0.1999999999999318,0.1999999999999318,-0.9848077530122081,0.17364817766692997,1.2246467991473532e-16,-1.0,0.5,2.0
2026-07-24 13:20:00,290.0,2.0,0.5,1023.8,16.6,17.4,0.5,0.5,0.4,2.0,2.0,2.0,1023.8,1023.9,1023.8,0.5,0.0,0.5,0.0,2.0,0.0,2.0,0.0,0.0,-0.10000000000002274,-0.9396926207859083,0.342020143325669,-0.2588190451025208,-0.9659258262890683,0.4,1.0
2026-07-24 14:20:00,240.0,1.0,0.4,1023.8,17.3,17.7,0.4,0.4,0.5,1.0,1.0,2.0,1023.8,1023.9,1023.8,0.4,0.0,0.4,0.0,1.0,0.0,1.0,0.0,0.0,-0.10000000000002274,-0.8660254037844385,-0.5000000000000004,-0.4999999999999997,-0.8660254037844388,0.4,1.0
2026-07-24 14:50:00,270.0,1.0,0.4,1023.9,17.8,17.7,0.4,0.4,0.4,1.0,1.0,1.0,1023.9,1023.8,1023.9,0.4,0.0,0.4,0.0,1.0,0.0,1.0,0.0,0.0,0.10000000000002274,-1.0,-1.8369701987210297e-16,-0.4999999999999997,-0.8660254037844388,0.4,0.0
2026-07-24 15:20:00,,0.0,0.4,1024.0,18.4,17.9,0.4,0.4,0.4,0.0,1.0,1.0,1024.1,1023.9,1023.8,0.4,0.0,0.4,0.0,0.3333333333333333,0.5773502691896258,0.6666666666666666,0.5163977794943223,0.20000000000004547,0.10000000000002274,,,-0.7071067811865471,-0.7071067811865479,0.4,0.0
2026-07-24 16:20:00,90.0,2.0,0.4,1023.9,19.5,17.5,0.4,0.4,0.4,1.0,0.0,0.0,1024.0,1023.9,1024.0,0.4,0.0,0.4,0.0,1.3333333333333333,0.5773502691896258,0.6666666666666666,0.816496580927726,-0.10000000000002274,0.0,1.0,6.123233995736766e-17,-0.8660254037844385,-0.5000000000000004,0.4,3.0
2026-07-24 17:20:00,110.0,4.0,0.4,1023.3,19.5,18.8,0.4,0.4,0.4,3.0,3.0,2.0,1023.4,1023.6,1023.9,0.4,0.0,0.4,0.0,3.3333333333333335,0.5773502691896257,3.0,0.6324555320336758,-0.6000000000000227,-0.3000000000000682,0.9396926207859084,-0.3420201433256687,-0.9659258262890683,-0.25881904510252063,0.4,4.0
2026-07-24 17:50:00,120.0,4.0,0.4,1023.0,19.4,18.6,0.4,0.4,0.4,3.0,4.0,3.0,1023.1,1023.3,1023.6,0.4,0.0,0.4,0.0,3.6666666666666665,0.5773502691896257,3.5,0.5477225575051659,-0.6000000000000227,-0.2999999999999545,0.8660254037844387,-0.4999999999999998,-0.9659258262890683,-0.25881904510252063,0.4,3.0
2026-07-24 18:20:00,120.0,3.0,0.4,1022.7,19.6,18.6,0.4,0.4,0.4,3.0,4.0,4.0,1022.8,1023.0,1023.3,0.4,0.0,0.4,0.0,3.0,0.0,3.3333333333333335,0.5163977794943221,-0.599999999999909,-0.2999999999999545,0.8660254037844387,-0.4999999999999998,-1.0,-1.8369701987210297e-16,0.5,3.0
2026-07-24 18:50:00,120.0,3.0,0.5,1022.3,19.8,19.0,0.5,0.4,0.4,3.0,3.0,4.0,1022.4,1022.7,1023.0,0.5,0.0,0.45000000000000007,0.05773502691896253,3.0,0.0,3.0,0.0,-0.7000000000000455,-0.40000000000009095,0.8660254037844387,-0.4999999999999998,-1.0,-1.8369701987210297e-16,0.5,4.0
2026-07-24 19:50:00,130.0,4.0,0.5,1022.0,20.1,18.7,0.5,0.5,0.5,4.0,4.0,3.0,1022.1,1022.2,1022.3,0.5,0.0,0.5,0.0,4.0,0.0,4.0,0.0,-0.2999999999999545,-0.20000000000004547,0.766044443118978,-0.6427876096865394,-0.9659258262890684,0.2588190451025203,0.5,4.0
2026-07-24 21:20:00,130.0,4.0,0.5,1021.7,19.8,18.4,0.5,0.5,0.5,4.0,4.0,4.0,1021.8,1021.8,1021.9,0.5,0.0,0.5,0.0,4.0,0.0,4.166666666666667,0.40824829046386296,-0.1999999999999318,-0.09999999999990905,0.766044443118978,-0.6427876096865394,-0.7071067811865477,0.7071067811865474,0.5,4.0
2026-07-24 21:50:00,130.0,4.0,0.5,1021.7,19.7,18.5,0.5,0.5,0.5,4.0,4.0,4.0,1021.7,1021.7,1021.8,0.5,0.0,0.5,0.0,4.0,0.0,4.0,0.0,-0.09999999999990905,0.0,0.766044443118978,-0.6427876096865394,-0.7071067811865477,0.7071067811865474,0.4,4.0
2026-07-24 22:20:00,130.0,4.0,0.4,1021.7,19.7,18.4,0.4,0.5,0.5,4.0,4.0,4.0,1021.7,1021.7,1021.7,0.4,0.0,0.45,0.05773502691896253,4.0,0.0,4.0,0.0,0.0,0.0,0.766044443118978,-0.6427876096865394,-0.5000000000000004,0.8660254037844384,0.5,4.0
2026-07-24 22:50:00,130.0,4.0,0.5,1021.8,19.6,18.5,0.5,0.4,0.5,4.0,4.0,4.0,1021.7,1021.7,1021.7,0.5,0.0,0.45,0.05773502691896253,4.0,0.0,4.0,0.0,0.09999999999990905,0.09999999999990905,0.766044443118978,-0.6427876096865394,-0.5000000000000004,0.8660254037844384,0.5,4.0
2026-07-24 23:40:00,150.0,4.0,0.5,1021.9,19.7,18.3,0.5,0.5,0.4,4.0,4.0,4.0,1021.8,1021.8,1021.7,0.5,0.0,0.5,0.0,4.0,0.0,4.0,0.0,0.1999999999999318,0.10000000000002274,0.49999999999999994,-0.8660254037844387,-0.25881904510252157,0.9659258262890681,0.4,5.0
2026-07-25 01:20:00,170.0,3.0,0.4,1022.4,19.2,18.0,0.4,0.4,0.4,3.0,4.0,5.0,1022.3,1022.1,1022.0,0.4,0.0,0.4,0.0,3.3333333333333335,0.5773502691896257,3.6666666666666665,0.5163977794943236,0.39999999999997726,0.2999999999999545,0.17364817766693028,-0.984807753012208,0.25881904510252074,0.9659258262890683,0.4,3.0
2026-07-25 02:20:00,190.0,3.0,0.4,1022.6,18.6,17.9,0.4,0.4,0.4,3.0,3.0,3.0,1022.6,1022.6,1022.4,0.4,0.0,0.4,0.0,3.0,0.0,3.0,0.0,0.20000000000004547,0.0,-0.17364817766693047,-0.984807753012208,0.49999999999999994,0.8660254037844387,0.4,3.0
2026-07-25 02:50:00,190.0,3.0,0.4,1022.7,18.6,17.8,0.4,0.4,0.4,3.0,3.0,3.0,1022.6,1022.6,1022.6,0.4,0.0,0.4,0.0,3.0,0.0,3.0,0.0,0.10000000000002274,0.10000000000002274,-0.17364817766693047,-0.984807753012208,0.49999999999999994,0.8660254037844387,0.4,3.0
2026-07-25 03:20:00,190.0,3.0,0.4,1022.7,18.7,17.9,0.4,0.4,0.4,3.0,3.0,3.0,1022.8,1022.7,1022.6,0.4,0.0,0.4,0.0,3.0,0.0,3.0,0.0,0.10000000000002274,0.0,-0.17364817766693047,-0.984807753012208,0.7071067811865476,0.7071067811865476,0.3,3.0
2026-07-25 03:50:00,200.0,3.0,0.3,1022.7,18.4,17.7,0.3,0.4,0.4,3.0,3.0,3.0,1022.7,1022.7,1022.7,0.3,0.0,0.35000000000000003,0.05773502691896258,3.0,0.0,3.0,0.0,0.0,0.0,-0.34202014332566866,-0.9396926207859084,0.7071067811865476,0.7071067811865476,0.3,2.0
2026-07-25 04:20:00,200.0,2.0,0.3,1022.7,18.1,17.8,0.3,0.3,0.4,3.0,3.0,3.0,1022.8,1022.7,1022.7,0.3,0.0,0.3,0.0,2.6666666666666665,0.5773502691896257,2.8333333333333335,0.408248290463863,0.0,0.0,-0.34202014332566866,-0.9396926207859084,0.8660254037844386,0.5000000000000001,0.3,1.0
2026-07-25 05:20:00,200.0,1.0,0.3,1022.6,17.7,17.8,0.3,0.3,0.3,1.0,1.0,2.0,1022.7,1022.7,1022.7,0.3,0.0,0.3,0.0,1.3333333333333333,0.5773502691896258,1.5,0.5477225575051671,-0.10000000000002274,-0.10000000000002274,-0.34202014332566866,-0.9396926207859084,0.9659258262890683,0.25881904510252074,0.3,1.0
2026-07-25 06:20:00,200.0,1.0,0.4,1022.3,17.6,,0.4,0.3,0.3,1.0,1.0,1.0,1022.4,1022.4,1022.6,0.4,0.0,0.3666666666666667,0.05773502691896262,1.0,0.0,1.1666666666666667,0.40824829046386457,-0.3000000000000682,-0.10000000000002274,-0.34202014332566866,-0.9396926207859084,1.0,6.123233995736766e-17,0.3,1.0
2026-07-25 06:50:00,190.0,1.0,0.3,1022.2,17.7,17.7,0.3,0.4,0.3,1.0,1.0,1.0,1022.2,1022.3,1022.4,0.3,0.0,0.35000000000000003,0.0577350269189626,1.0,0.0,1.0,0.0,-0.1999999999999318,-0.09999999999990905,-0.17364817766693047,-0.984807753012208,1.0,6.123233995736766e-17,0.4,1.0
2026-07-25 07:20:00,190.0,1.0,0.4,1022.2,17.5,17.6,0.4,0.3,0.4,1.0,1.0,1.0,1022.1,1022.2,1022.3,0.4,0.0,0.35,0.0577350269189626,1.0,0.0,1.0,0.0,-0.09999999999990905,0.0,-0.17364817766693047,-0.984807753012208,0.9659258262890683,-0.25881904510252063,0.4,2.0
2026-07-25 09:20:00,180.0,2.0,0.4,1021.5,17.2,17.1,0.4,0.4,0.3,2.0,1.0,2.0,1021.6,1021.6,1021.7,0.4,0.0,0.4,0.0,2.0,0.0,1.8333333333333333,0.408248290463863,-0.20000000000004547,-0.10000000000002274,1.2246467991473532e-16,-1.0,0.7071067811865476,-0.7071067811865475,0.3,1.0
2026-07-25 10:20:00,150.0,1.0,0.4,1021.4,17.1,17.1,0.4,0.3,0.4,1.0,1.0,2.0,1021.5,1021.4,1021.5,0.4,0.0,0.3666666666666667,0.0577350269189626,1.0,0.0,1.0,0.0,-0.10000000000002274,0.0,0.49999999999999994,-0.8660254037844387,0.49999999999999994,-0.8660254037844387,0.4,0.0
2026-07-25 11:20:00,,0.0,0.4,1021.3,17.4,17.3,0.4,0.4,0.4,1.0,0.0,1.0,1021.4,1021.2,1021.4,0.4,0.0,0.4,0.0,0.3333333333333333,0.5773502691896258,0.3333333333333333,0.5163977794943223,-0.10000000000002274,0.09999999999990905,,,0.258819045102521,-0.9659258262890682,0.4,1.0
2026-07-25 11:50:00,160.0,1.0,0.4,1021.6,17.8,17.3,0.4,0.4,0.4,1.0,0.0,0.0,1021.5,1021.3,1021.2,0.4,0.0,0.4,0.0,0.6666666666666666,0.5773502691896258,0.5,0.5477225575051662,0.39999999999997726,0.3000000000000682,0.3420201433256689,-0.9396926207859083,0.258819045102521,-0.9659258262890682,0.4,2.0
2026-07-25 12:20:00,160.0,2.0,0.4,1021.6,17.7,17.4,0.4,0.4,0.4,2.0,1.0,0.0,1021.6,1021.6,1021.3,0.4,0.0,0.4,0.0,1.6666666666666667,0.5773502691896258,1.1666666666666667,0.752772652709081,0.3000000000000682,0.0,0.3420201433256689,-0.9396926207859083,1.2246467991473532e-16,-1.0,0.4,2.0
2026-07-25 12:50:00,170.0,2.0,0.4,1021.7,17.6,17.4,0.4,0.4,0.4,3.0,2.0,1.0,1021.8,1021.6,1021.6,0.4,0.0,0.4,0.0,2.6666666666666665,0.5773502691896257,2.1666666666666665,0.7527726527090809,0.10000000000002274,0.10000000000002274,0.17364817766693028,-0.984807753012208,1.2246467991473532e-16,-1.0,0.4,3.0
2026-07-25 13:20:00,160.0,3.0,0.4,1021.8,17.7,17.5,0.4,0.4,0.4,2.0,2.0,2.0,1021.8,1021.7,1021.6,0.4,0.0,0.4,0.0,2.3333333333333335,0.5773502691896257,2.5,0.5477225575051656,0.1999999999999318,0.09999999999990905,0.3420201433256689,-0.9396926207859083,-0.2588190451025208,-0.9659258262890683,0.4,2.0
2026-07-25 14:20:00,130.0,2.0,0.4,1021.8,18.2,17.8,0.4,0.4,0.4,2.0,2.0,3.0,1021.9,1021.7,1021.8,0.4,0.0,0.4,0.0,1.6666666666666667,0.5773502691896258,1.8333333333333333,0.4082482904638627,0.0,0.09999999999990905,0.766044443118978,-0.6427876096865394,-0.4999999999999997,-0.8660254037844388,0.4,2.0
2026-07-25 14:50:00,140.0,2.0,0.4,1021.7,18.5,18.1,0.4,0.4,0.4,2.0,2.0,2.0,1021.7,1021.8,1021.7,0.4,0.0,0.4,0.0,2.0,0.0,1.8333333333333333,0.4082482904638627,0.0,-0.09999999999990905,0.6427876096865395,-0.7660444431189779,-0.4999999999999997,-0.8660254037844388,0.4,2.0
2026-07-25 15:20:00,120.0,2.0,0.4,1021.5,18.7,18.3,0.4,0.4,0.4,2.0,2.0,2.0,1021.5,1021.7,1021.8,0.4,0.0,0.4,0.0,2.0,0.0,2.0,0.0,-0.2999999999999545,-0.20000000000004547,0.8660254037844387,-0.4999999999999998,-0.7071067811865471,-0.7071067811865479,0.4,2.0
2026-07-25 15:50:00,130.0,2.0,0.4,1021.3,19.0,18.6,0.4,0.4,0.4,1.0,2.0,2.0,1021.3,1021.5,1021.7,0.4,0.0,0.4,0.0,1.6666666666666667,0.5773502691896258,1.8333333333333333,0.408248290463863,-0.40000000000009095,-0.20000000000004547,0.766044443118978,-0.6427876096865394,-0.7071067811865471,-0.7071067811865479,0.4,1.0
2026-07-25 16:20:00,100.0,1.0,0.4,1021.0,19.2,19.0,0.4,0.4,0.4,1.0,2.0,2.0,1021.1,1021.3,1021.5,0.4,0.0,0.4,0.0,1.3333333333333333,0.5773502691896258,1.5,0.5477225575051661,-0.5,-0.2999999999999545,0.984807753012208,-0.1736481776669303,-0.8660254037844385,-0.5000000000000004,0.4,2.0
2026-07-25 17:20:00,120.0,3.0,0.4,1020.5,19.6,19.2,0.4,0.4,0.4,3.0,2.0,1.0,1020.7,1020.7,1021.0,0.4,0.0,0.4,0.0,2.6666666666666665,0.5773502691896257,2.3333333333333335,0.5163977794943221,-0.5,-0.20000000000004547,0.8660254037844387,-0.4999999999999998,-0.9659258262890683,-0.25881904510252063,0.4,3.0
2026-07-25 18:20:00,120.0,3.0,0.4,1020.1,19.6,19.4,0.4,0.4,0.4,3.0,3.0,3.0,1020.1,1020.2,1020.5,0.4,0.0,0.4,0.0,3.0,0.0,3.0,0.0,-0.39999999999997726,-0.10000000000002274,0.8660254037844387,-0.4999999999999998,-1.0,-1.8369701987210297e-16,0.4,3.0
2026-07-25 18:50:00,110.0,3.0,0.4,1019.8,19.6,19.5,0.4,0.4,0.4,3.0,3.0,3.0,1019.9,1020.1,1020.2,0.4,0.0,0.4,0.0,3.0,0.0,3.0,0.0,-0.40000000000009095,-0.3000000000000682,0.9396926207859084,-0.3420201433256687,-1.0,-1.8369701987210297e-16,0.4,3.0
2026-07-25 19:20:00,110.0,3.0,0.4,1019.4,19.8,19.7,0.4,0.4,0.4,3.0,3.0,3.0,1019.5,1019.8,1020.1,0.4,0.0,0.4,0.0,3.0,0.0,3.0,0.0,-0.7000000000000455,-0.39999999999997726,0.9396926207859084,-0.3420201433256687,-0.9659258262890684,0.2588190451025203,0.4,4.0
2026-07-25 20:20:00,130.0,4.0,0.4,1019.0,19.7,,0.4,0.4,0.4,4.0,4.0,3.0,1019.0,1019.0,1019.4,0.4,0.0,0.4,0.0,4.0,0.0,3.8333333333333335,0.4082482904638636,-0.39999999999997726,0.0,0.766044443118978,-0.6427876096865394,-0.8660254037844386,0.5000000000000001,0.4,3.0
2026-07-25 21:20:00,130.0,3.0,0.4,1018.2,19.5,19.4,0.4,0.4,0.4,3.0,3.0,4.0,1018.4,1018.6,1019.0,0.4,0.0,0.4,0.0,3.0,0.0,3.1666666666666665,0.4082482904638636,-0.7999999999999545,-0.39999999999997726,0.766044443118978,-0.6427876096865394,-0.7071067811865477,0.7071067811865474,0.5,2.0
2026-07-25 22:20:00,110.0,2.0,0.4,1018.0,19.5,19.3,0.4,0.5,0.4,2.0,2.0,3.0,1018.0,1018.0,1018.2,0.4,0.0,0.43333333333333335,0.05773502691896256,2.0,0.0,2.3333333333333335,0.5163977794943226,-0.20000000000004547,0.0,0.9396926207859084,-0.3420201433256687,-0.5000000000000004,0.8660254037844384,0.4,2.0
2026-07-26 00:20:00,,0.0,0.4,1017.4,18.8,19.1,0.4,0.5,0.4,0.0,1.0,2.0,1017.4,1017.4,1017.4,0.4,0.0,0.44000000000000006,0.05477225575051658,0.3333333333333333,0.5773502691896258,0.8333333333333334,0.7527726527090808,0.0,0.0,,,0.0,1.0,0.5,0.0
2026-07-26 01:20:00,60.0,1.0,0.5,1017.4,18.7,18.9,0.5,0.5,0.4,1.0,0.0,0.0,1017.4,1017.4,1017.4,0.5,0.0,0.5,0.0,1.0,0.0,0.5,0.5477225575051662,0.0,0.0,0.8660254037844386,0.5000000000000001,0.25881904510252074,0.9659258262890683,0.5,2.0
2026-07-26 01:50:00,60.0,2.0,0.5,1017.1,18.8,18.9,0.5,0.5,0.5,2.0,1.0,0.0,1017.1,1017.4,1017.4,0.5,0.0,0.5,0.0,1.6666666666666667,0.5773502691896258,1.3333333333333333,0.5163977794943223,-0.2999999999999545,-0.2999999999999545,0.8660254037844386,0.5000000000000001,0.25881904510252074,0.9659258262890683,0.5,2.0
2026-07-26 02:20:00,60.0,2.0,0.5,1016.9,18.8,18.8,0.5,0.5,0.5,2.0,2.0,1.0,1017.1,1017.1,1017.4,0.5,0.0,0.5,0.0,2.0,0.0,1.8333333333333333,0.40824829046386313,-0.5,-0.20000000000004547,0.8660254037844386,0.5000000000000001,0.49999999999999994,0.8660254037844387,0.5,3.0
2026-07-26 02:50:00,60.0,3.0,0.5,1016.5,18.8,18.7,0.5,0.5,0.5,2.0,2.0,2.0,1016.8,1016.9,1017.1,0.5,0.0,0.5,0.0,2.3333333333333335,0.5773502691896257,2.1666666666666665,0.408248290463863,-0.6000000000000227,-0.39999999999997726,0.8660254037844386,0.5000000000000001,0.49999999999999994,0.8660254037844387,0.5,3.0
2026-07-26 03:20:00,60.0,3.0,0.5,1016.3,18.8,18.6,0.5,0.5,0.5,3.0,3.0,2.0,1016.3,1016.5,1016.9,0.5,0.0,0.5,0.0,3.0,0.0,2.6666666666666665,0.5163977794943226,-0.6000000000000227,-0.20000000000004547,0.8660254037844386,0.5000000000000001,0.7071067811865476,0.7071067811865476,0.5,2.0
2026-07-26 03:50:00,40.0,2.0,0.5,1016.3,18.7,18.5,0.5,0.5,0.5,2.0,3.0,3.0,1016.4,1016.3,1016.5,0.5,0.0,0.5,0.0,2.3333333333333335,0.5773502691896257,2.6666666666666665,0.5163977794943223,-0.20000000000004547,0.0,0.6427876096865393,0.766044443118978,0.7071067811865476,0.7071067811865476,0.5,2.0
2026-07-26 04:20:00,20.0,2.0,0.5,1016.2,18.5,18.5,0.5,0.5,0.5,2.0,2.0,3.0,1016.2,1016.3,1016.3,0.5,0.0,0.5,0.0,2.0,0.0,2.1666666666666665,0.4082482904638636,-0.09999999999990905,-0.09999999999990905,0.3420201433256687,0.9396926207859084,0.8660254037844386,0.5000000000000001,0.5,3.0
2026-07-26 05:20:00,30.0,3.0,0.5,1015.5,18.2,18.4,0.5,0.5,0.5,3.0,3.0,2.0,1015.5,1015.5,1016.2,0.5,0.0,0.5,0.0,3.0,0.0,2.8333333333333335,0.4082482904638636,-0.7000000000000455,0.0,0.49999999999999994,0.8660254037844387,0.9659258262890683,0.25881904510252074,0.5,3.0
2026-07-26 05:50:00,30.0,3.0,0.5,1015.1,18.1,18.3,0.5,0.5,0.5,3.0,3.0,3.0,1015.3,1015.5,1015.5,0.5,0.0,0.5,0.0,3.0,0.0,3.0,0.0,-0.39999999999997726,-0.39999999999997726,0.49999999999999994,0.8660254037844387,0.9659258262890683,0.25881904510252074,0.5,4.0
2026-07-26 06:20:00,30.0,4.0,0.5,1014.9,18.1,18.3,0.5,0.5,0.5,4.0,3.0,3.0,1015.0,1015.1,1015.5,0.5,0.0,0.5,0.0,3.6666666666666665,0.5773502691896257,3.3333333333333335,0.5163977794943223,-0.6000000000000227,-0.20000000000004547,0.49999999999999994,0.8660254037844387,1.0,6.123233995736766e-17,0.5,4.0
2026-07-26 07:20:00,20.0,4.0,0.5,1014.7,18.0,18.1,0.5,0.5,0.5,4.0,4.0,4.0,1014.6,1014.7,1014.9,0.5,0.0,0.5,0.0,4.0,0.0,4.0,0.0,-0.1999999999999318,0.0,0.3420201433256687,0.9396926207859084,0.9659258262890683,-0.25881904510252063,0.6,4.0
2026-07-26 09:50:00,360.0,5.0,0.8,1014.8,16.9,17.7,0.8,0.7,0.7,5.0,6.0,5.0,1014.7,1014.6,1014.3,0.8,0.0,0.7666666666666666,0.057735026918962644,5.0,0.0,5.333333333333333,0.5163977794943221,0.5,0.1999999999999318,-2.4492935982947064e-16,1.0,0.7071067811865476,-0.7071067811865475,0.9,6.0
2026-07-26 10:50:00,10.0,6.0,0.9,1014.7,17.2,17.6,0.9,0.9,0.8,6.0,6.0,5.0,1014.8,1014.7,1014.8,0.9,0.0,0.9,0.0,6.0,0.0,5.666666666666667,0.5163977794943221,-0.09999999999990905,0.0,0.17364817766693033,0.984807753012208,0.49999999999999994,-0.8660254037844387,1.0,6.0
2026-07-26 11:20:00,360.0,6.0,1.0,1014.6,17.2,17.5,1.0,0.9,0.9,6.0,6.0,6.0,1014.6,1014.7,1014.7,1.0,0.0,0.9500000000000001,0.05773502691896256,6.0,0.0,6.0,0.0,-0.10000000000002274,-0.10000000000002274,-2.4492935982947064e-16,1.0,0.258819045102521,-0.9659258262890682,1.0,6.0
2026-07-26 12:20:00,20.0,6.0,1.0,1014.6,17.4,17.7,1.0,1.0,1.0,6.0,6.0,6.0,1014.4,1014.5,1014.6,1.0,0.0,1.0,0.0,6.0,0.0,6.0,0.0,0.0,0.10000000000002274,0.3420201433256687,0.9396926207859084,1.2246467991473532e-16,-1.0,1.0,5.0
2026-07-26 14:20:00,20.0,6.0,0.9,1013.9,17.4,17.8,0.9,0.9,0.9,6.0,5.0,5.0,1013.9,1014.2,1014.4,0.9,0.0,0.9,0.0,6.0,0.0,5.5,0.5477225575051659,-0.5,-0.3000000000000682,0.3420201433256687,0.9396926207859084,-0.4999999999999997,-0.8660254037844388,0.9,6.0
2026-07-26 17:20:00,30.0,6.0,0.9,1013.1,18.0,18.2,0.9,0.9,0.9,6.0,5.0,6.0,1013.1,1013.3,1013.2,0.9,0.0,0.9,0.0,6.0,0.0,5.666666666666667,0.5163977794943221,-0.10000000000002274,-0.1999999999999318,0.49999999999999994,0.8660254037844387,-0.9659258262890683,-0.25881904510252063,0.9,6.0
2026-07-26 17:50:00,30.0,6.0,0.9,1012.9,18.0,18.2,0.9,0.9,0.9,6.0,6.0,5.0,1012.9,1013.1,1013.3,0.9,0.0,0.9,0.0,6.0,0.0,6.0,0.0,-0.39999999999997726,-0.20000000000004547,0.49999999999999994,0.8660254037844387,-0.9659258262890683,-0.25881904510252063,1.0,5.0
2026-07-26 18:20:00,30.0,5.0,1.0,1012.9,18.1,18.5,1.0,0.9,0.9,5.0,6.0,6.0,1012.9,1012.9,1013.1,1.0,0.0,0.95,0.05773502691896256,5.333333333333333,0.5773502691896258,5.666666666666667,0.5163977794943221,-0.20000000000004547,0.0,0.49999999999999994,0.8660254037844387,-1.0,-1.8369701987210297e-16,0.9,6.0
2026-07-26 19:20:00,20.0,5.0,0.9,1012.3,18.0,18.5,0.9,0.9,1.0,5.0,6.0,5.0,1012.5,1012.5,1012.9,0.9,0.0,0.9,0.0,5.0,0.0,5.333333333333333,0.5163977794943221,-0.6000000000000227,-0.20000000000004547,0.3420201433256687,0.9396926207859084,-0.9659258262890684,0.2588190451025203,1.0,5.0
2026-07-26 21:20:00,30.0,4.0,1.1,1011.9,17.9,18.5,1.1,1.0,1.0,5.0,5.0,5.0,1011.8,1011.8,1012.0,1.1,0.0,1.0666666666666667,0.057735026918962484,4.666666666666667,0.5773502691896258,4.833333333333333,0.40824829046386296,-0.10000000000002274,0.10000000000002274,0.49999999999999994,0.8660254037844387,-0.7071067811865477,0.7071067811865474,1.1,4.0
2026-07-26 22:20:00,20.0,4.0,1.1,1011.7,17.8,18.4,1.1,1.1,1.1,4.0,4.0,4.0,1011.7,1011.7,1011.9,1.1,0.0,1.1,0.0,4.0,0.0,4.0,0.0,-0.1999999999999318,0.0,0.3420201433256687,0.9396926207859084,-0.5000000000000004,0.8660254037844384,1.1,4.0
2026-07-26 23:20:00,50.0,4.0,1.2,1011.7,17.9,18.4,1.2,1.1,1.1,4.0,4.0,4.0,1011.7,1011.7,1011.7,1.2,0.0,1.1666666666666667,0.05773502691896261,4.0,0.0,4.0,0.0,0.0,0.0,0.766044443118978,0.6427876096865394,-0.25881904510252157,0.9659258262890681,1.1,4.0
2026-07-26 23:50:00,40.0,4.0,1.1,1011.2,17.9,18.3,1.1,1.2,1.1,4.0,4.0,4.0,1011.3,1011.7,1011.7,1.1,0.0,1.15,0.05773502691896253,4.0,0.0,4.0,0.0,-0.5,-0.5,0.6427876096865393,0.766044443118978,-0.25881904510252157,0.9659258262890681,1.1,3.0
2026-07-27 00:20:00,40.0,3.0,1.1,1011.1,17.8,18.2,1.1,1.1,1.2,3.0,4.0,4.0,1011.1,1011.2,1011.7,1.1,0.0,1.1,0.0,3.0,0.0,3.5,0.5477225575051664,-0.6000000000000227,-0.10000000000002274,0.6427876096865393,0.766044443118978,0.0,1.0,1.1,3.0
2026-07-27 04:20:00,30.0,3.0,0.8,1011.2,17.7,18.1,0.8,0.8,0.8,3.0,3.0,4.0,1011.2,1011.2,1011.1,0.8,0.0,0.8,0.0,3.0,0.0,3.1666666666666665,0.4082482904638636,0.10000000000002274,0.0,0.49999999999999994,0.8660254037844387,0.8660254037844386,0.5000000000000001,0.8,2.0
2026-07-27 05:20:00,10.0,2.0,0.7,1010.9,17.7,18.2,0.7,0.8,0.8,2.0,2.0,3.0,1010.9,1011.1,1011.2,0.7,0.0,0.7333333333333334,0.057735026918962644,2.0,0.0,2.0,0.0,-0.3000000000000682,-0.20000000000004547,0.17364817766693033,0.984807753012208,0.9659258262890683,0.25881904510252074,0.7,2.0
2026-07-27 06:20:00,360.0,3.0,0.7,1010.3,17.5,18.2,0.7,0.7,0.7,3.0,2.0,2.0,1010.4,1010.6,1010.9,0.7,0.0,0.7,0.0,2.6666666666666665,0.5773502691896257,2.3333333333333335,0.5163977794943223,-0.6000000000000227,-0.3000000000000682,-2.4492935982947064e-16,1.0,1.0,6.123233995736766e-17,0.7,3.0
2026-07-27 07:20:00,330.0,3.0,0.7,1010.4,17.4,18.1,0.7,0.7,0.7,3.0,3.0,3.0,1010.4,1010.4,1010.3,0.7,0.0,0.7,0.0,3.0,0.0,3.0,0.0,0.10000000000002274,0.0,-0.5000000000000004,0.8660254037844384,0.9659258262890683,-0.25881904510252063,0.7,3.0
2026-07-27 07:50:00,320.0,3.0,0.7,1010.3,16.7,18.1,0.7,0.7,0.7,3.0,3.0,3.0,1010.4,1010.4,1010.4,0.7,0.0,0.7,0.0,3.0,0.0,3.0,0.0,-0.10000000000002274,-0.10000000000002274,-0.6427876096865396,0.7660444431189778,0.9659258262890683,-0.25881904510252063,0.7,3.0
2026-07-27 09:20:00,330.0,3.0,0.7,1010.6,16.5,18.0,0.7,0.7,0.7,3.0,3.0,3.0,1010.4,1010.4,1010.3,0.7,0.0,0.7,0.0,3.0,0.0,3.0,0.0,0.3000000000000682,0.20000000000004547,-0.5000000000000004,0.8660254037844384,0.7071067811865476,-0.7071067811865475,0.8,4.0
2026-07-27 10:20:00,340.0,3.0,0.7,1010.6,16.3,18.1,0.7,0.8,0.7,3.0,4.0,3.0,1010.7,1010.7,1010.6,0.7,0.0,0.7333333333333334,0.057735026918962644,3.3333333333333335,0.5773502691896257,3.5,0.5477225575051664,0.0,-0.10000000000002274,-0.3420201433256686,0.9396926207859084,0.49999999999999994,-0.8660254037844387,0.8,2.0
2026-07-27 12:20:00,320.0,1.0,0.9,1010.9,17.0,18.3,0.9,0.9,0.9,1.0,2.0,1.0,1011.0,1010.9,1010.9,0.9,0.0,0.9,0.0,1.3333333333333333,0.5773502691896258,1.5,0.5477225575051636,0.0,0.0,-0.6427876096865396,0.7660444431189778,1.2246467991473532e-16,-1.0,0.9,1.0
2026-07-27 14:20:00,,0.0,0.9,1011.0,17.6,18.8,0.9,0.9,1.0,1.0,2.0,0.0,1011.0,1011.0,1010.9,0.9,0.0,0.9,0.0,0.6666666666666666,0.5773502691896258,0.8333333333333334,0.7527726527090783,0.10000000000002274,0.0,,,-0.4999999999999997,-0.8660254037844388,0.9,0.0
2026-07-27 14:50:00,,0.0,0.9,1010.9,18.0,19.2,0.9,0.9,0.9,0.0,0.0,2.0,1010.9,1011.0,1011.0,0.9,0.0,0.9,0.0,0.0,0.0,0.3333333333333333,0.5163977794943178,-0.10000000000002274,-0.10000000000002274,,,-0.4999999999999997,-0.8660254037844388,0.9,1.0
2026-07-27 15:20:00,330.0,1.0,0.9,1010.8,18.1,19.2,0.9,0.9,0.9,0.0,0.0,0.0,1010.8,1010.9,1011.0,0.9,0.0,0.9,0.0,0.3333333333333333,0.5773502691896258,0.16666666666666666,0.408248290463863,-0.20000000000004547,-0.10000000000002274,-0.5000000000000004,0.8660254037844384,-0.7071067811865471,-0.7071067811865479,0.8,0.0
2026-07-27 16:20:00,,0.0,0.8,1010.6,18.6,19.7,0.8,0.8,0.9,0.0,0.0,1.0,1010.6,1010.7,1010.8,0.8,0.0,0.8,0.0,0.0,0.0,0.3333333333333333,0.5163977794943223,-0.1999999999999318,-0.10000000000002274,,,-0.8660254037844385,-0.5000000000000004,0.7,0.0
2026-07-27 17:20:00,,0.0,0.7,1010.4,19.3,19.3,0.7,0.7,0.8,1.0,0.0,0.0,1010.5,1010.4,1010.6,0.7,0.0,0.7,0.0,0.6666666666666666,0.5773502691896258,0.5,0.5477225575051662,-0.20000000000004547,0.0,,,-0.9659258262890683,-0.25881904510252063,0.8,1.0
2026-07-27 17:50:00,120.0,1.0,0.8,1010.3,19.6,19.0,0.8,0.7,0.7,0.0,0.0,0.0,1010.4,1010.4,1010.4,0.8,0.0,0.75,0.05773502691896264,0.3333333333333333,0.5773502691896258,0.5,0.5477225575051662,-0.10000000000002274,-0.10000000000002274,0.8660254037844387,-0.4999999999999998,-0.9659258262890683,-0.25881904510252063,0.8,2.0
2026-07-27 18:20:00,110.0,2.0,0.8,1010.1,19.8,19.1,0.8,0.8,0.7,1.0,1.0,0.0,1010.3,1010.3,1010.4,0.8,0.0,0.8,0.0,1.3333333333333333,0.5773502691896258,0.8333333333333334,0.752772652709081,-0.2999999999999545,-0.1999999999999318,0.9396926207859084,-0.3420201433256687,-1.0,-1.8369701987210297e-16,0.8,2.0
2026-07-27 19:50:00,130.0,4.0,0.8,1009.4,19.7,20.0,0.8,0.8,0.8,4.0,3.0,2.0,1009.5,1009.5,1010.0,0.8,0.0,0.8,0.0,4.0,0.0,3.5,0.5477225575051646,-0.6000000000000227,-0.10000000000002274,0.766044443118978,-0.6427876096865394,-0.9659258262890684,0.2588190451025203,0.8,4.0
2026-07-27 20:20:00,130.0,4.0,0.8,1009.2,19.6,20.3,0.8,0.8,0.8,4.0,4.0,3.0,1009.3,1009.4,1009.5,0.8,0.0,0.8,0.0,4.0,0.0,4.0,0.0,-0.2999999999999545,-0.1999999999999318,0.766044443118978,-0.6427876096865394,-0.8660254037844386,0.5000000000000001,0.8,4.0
2026-07-27 21:20:00,130.0,4.0,0.9,1009.1,19.4,19.4,0.9,0.8,0.8,4.0,4.0,4.0,1009.0,1009.2,1009.2,0.9,0.0,0.8666666666666667,0.05773502691896255,4.0,0.0,4.0,0.0,-0.10000000000002274,-0.10000000000002274,0.766044443118978,-0.6427876096865394,-0.7071067811865477,0.7071067811865474,0.9,4.0
2026-07-27 21:50:00,130.0,4.0,0.9,1008.8,19.5,19.4,0.9,0.9,0.8,4.0,4.0,4.0,1008.7,1009.1,1009.2,0.9,0.0,0.9,0.0,4.0,0.0,4.0,0.0,-0.40000000000009095,-0.3000000000000682,0.766044443118978,-0.6427876096865394,-0.7071067811865477,0.7071067811865474,0.9,4.0
2026-07-28 01:20:00,140.0,4.0,0.8,1009.7,19.9,19.1,0.8,0.8,0.9,4.0,4.0,3.0,1009.7,1009.2,1008.9,0.8,0.0,0.8,0.0,4.0,0.0,3.6666666666666665,0.5163977794943226,0.8000000000000682,0.5,0.6427876096865395,-0.7660444431189779,0.25881904510252074,0.9659258262890683,0.8,4.0
2026-07-28 02:20:00,160.0,4.0,0.8,1009.5,20.1,18.9,0.8,0.8,0.8,4.0,4.0,4.0,1009.5,1009.7,1009.7,0.8,0.0,0.8,0.0,4.0,0.0,4.0,0.0,-0.20000000000004547,-0.20000000000004547,0.3420201433256689,-0.9396926207859083,0.49999999999999994,0.8660254037844387,0.8,4.0
2026-07-28 03:20:00,180.0,4.0,0.8,1009.5,19.7,18.8,0.8,0.8,0.8,4.0,4.0,4.0,1009.4,1009.5,1009.5,0.8,0.0,0.8,0.0,4.0,0.0,4.0,0.0,0.0,0.0,1.2246467991473532e-16,-1.0,0.7071067811865476,0.7071067811865476,0.7,4.0
2026-07-28 04:20:00,180.0,4.0,0.7,1008.7,19.3,18.8,0.7,0.7,0.8,4.0,4.0,4.0,1008.8,1009.1,1009.5,0.7,0.0,0.7,0.0,4.0,0.0,4.0,0.0,-0.7999999999999545,-0.39999999999997726,1.2246467991473532e-16,-1.0,0.8660254037844386,0.5000000000000001,0.7,3.0
2026-07-28 05:20:00,170.0,2.0,0.6,1008.2,19.0,18.8,0.6,0.7,0.7,2.0,3.0,4.0,1008.4,1008.6,1008.7,0.6,0.0,0.6333333333333333,0.05773502691896255,2.3333333333333335,0.5773502691896257,3.0,0.8944271909999164,-0.5,-0.39999999999997726,0.17364817766693028,-0.984807753012208,0.9659258262890683,0.25881904510252074,0.6,2.0
2026-07-28 06:20:00,160.0,3.0,0.6,1007.9,19.0,18.5,0.6,0.6,0.6,2.0,2.0,2.0,1008.0,1008.1,1008.2,0.6,0.0,0.6,0.0,2.6666666666666665,0.5773502691896257,2.3333333333333335,0.5163977794943223,-0.3000000000000682,-0.20000000000004547,0.3420201433256689,-0.9396926207859083,1.0,6.123233995736766e-17,0.7,4.0
2026-07-28 07:20:00,180.0,4.0,0.7,1008.1,18.7,18.4,0.7,0.7,0.6,4.0,4.0,3.0,1008.0,1008.0,1007.9,0.7,0.0,0.7,0.0,4.0,0.0,3.6666666666666665,0.5163977794943228,0.20000000000004547,0.10000000000002274,1.2246467991473532e-16,-1.0,0.9659258262890683,-0.25881904510252063,0.7,3.0
2026-07-28 09:20:00,190.0,3.0,0.7,1008.3,18.9,18.2,0.7,0.6,0.7,3.0,4.0,3.0,1008.3,1008.2,1008.2,0.7,0.0,0.6666666666666666,0.05773502691896255,3.3333333333333335,0.5773502691896257,3.6666666666666665,0.5163977794943223,0.09999999999990905,0.09999999999990905,-0.17364817766693047,-0.984807753012208,0.7071067811865476,-0.7071067811865475,0.7,3.0
2026-07-28 10:20:00,190.0,3.0,0.7,1008.5,19.2,18.2,0.7,0.7,0.7,4.0,3.0,3.0,1008.5,1008.2,1008.3,0.7,0.0,0.7,0.0,3.3333333333333335,0.5773502691896257,3.1666666666666665,0.408248290463863,0.20000000000004547,0.2999999999999545,-0.17364817766693047,-0.984807753012208,0.49999999999999994,-0.8660254037844387,0.7,4.0
2026-07-28 11:50:00,160.0,3.0,0.7,1008.3,19.3,18.2,0.7,0.8,0.7,3.0,3.0,4.0,1008.5,1008.5,1008.6,0.7,0.0,0.7333333333333334,0.05773502691896262,3.0,0.0,3.1666666666666665,0.408248290463863,-0.3000000000000682,-0.20000000000004547,0.3420201433256689,-0.9396926207859083,0.258819045102521,-0.9659258262890682,0.7,3.0
2026-07-28 13:20:00,140.0,3.0,0.7,1008.3,19.2,18.4,0.7,0.7,0.7,2.0,2.0,3.0,1008.4,1008.6,1008.4,0.7,0.0,0.7,0.0,2.3333333333333335,0.5773502691896257,2.1666666666666665,0.408248290463863,-0.10000000000002274,-0.3000000000000682,0.6427876096865395,-0.7660444431189779,-0.2588190451025208,-0.9659258262890683,0.7,3.0
2026-07-28 14:20:00,100.0,3.0,0.7,1007.7,19.5,18.7,0.7,0.7,0.7,3.0,3.0,3.0,1007.7,1008.0,1008.3,0.7,0.0,0.7,0.0,3.0,0.0,3.0,0.0,-0.599999999999909,-0.2999999999999545,0.984807753012208,-0.1736481776669303,-0.4999999999999997,-0.8660254037844388,0.7,3.0
2026-07-28 15:20:00,120.0,3.0,0.7,1007.6,19.9,18.8,0.7,0.7,0.7,4.0,3.0,3.0,1007.6,1007.6,1007.7,0.7,0.0,0.7,0.0,3.6666666666666665,0.5773502691896257,3.5,0.5477225575051664,-0.10000000000002274,0.0,0.8660254037844387,-0.4999999999999998,-0.7071067811865471,-0.7071067811865479,0.7,4.0
2026-07-28 17:20:00,120.0,5.0,0.6,1007.0,20.6,19.6,0.6,0.6,0.7,5.0,5.0,4.0,1007.0,1007.1,1007.1,0.6,0.0,0.6,0.0,5.0,0.0,5.0,0.0,-0.10000000000002274,-0.10000000000002274,0.8660254037844387,-0.4999999999999998,-0.9659258262890683,-0.25881904510252063,0.7,6.0
2026-07-28 18:20:00,130.0,7.0,0.7,1006.6,21.3,19.5,0.7,0.7,0.6,6.0,6.0,5.0,1006.7,1006.8,1007.0,0.7,0.0,0.7,0.0,6.333333333333333,0.5773502691896258,5.833333333333333,0.752772652709081,-0.39999999999997726,-0.1999999999999318,0.766044443118978,-0.6427876096865394,-1.0,-1.8369701987210297e-16,0.8,7.0
2026-07-28 19:20:00,160.0,8.0,0.8,1006.1,21.7,19.1,0.8,0.8,0.7,8.0,7.0,7.0,1006.2,1006.3,1006.6,0.8,0.0,0.8,0.0,8.0,0.0,7.5,0.5477225575051671,-0.5,-0.1999999999999318,0.3420201433256689,-0.9396926207859083,-0.9659258262890684,0.2588190451025203,0.9,8.0
2026-07-28 19:50:00,160.0,8.0,0.9,1006.1,21.7,19.1,0.9,0.8,0.8,8.0,8.0,7.0,1006.0,1006.1,1006.3,0.9,0.0,0.85,0.05773502691896254,8.0,0.0,8.0,0.0,-0.1999999999999318,0.0,0.3420201433256689,-0.9396926207859083,-0.9659258262890684,0.2588190451025203,0.9,7.0
2026-07-28 20:20:00,170.0,7.0,0.9,1006.5,21.4,19.1,0.9,0.9,0.8,8.0,8.0,8.0,1006.5,1006.1,1006.1,0.9,0.0,0.9,0.0,7.666666666666667,0.5773502691896258,7.833333333333333,0.40824829046386296,0.39999999999997726,0.39999999999997726,0.17364817766693028,-0.984807753012208,-0.8660254037844386,0.5000000000000001,0.9,6.0
2026-07-28 21:20:00,170.0,6.0,0.8,1007.0,21.0,19.1,0.8,0.9,0.9,6.0,6.0,7.0,1006.9,1006.8,1006.5,0.8,0.0,0.8333333333333334,0.05773502691896258,6.0,0.0,6.166666666666667,0.40824829046386046,0.5,0.20000000000004547,0.17364817766693028,-0.984807753012208,-0.7071067811865477,0.7071067811865474,0.8,6.0
2026-07-28 22:20:00,160.0,6.0,0.8,1006.7,20.8,19.0,0.8,0.8,0.8,6.0,6.0,6.0,1006.6,1006.8,1007.0,0.8,0.0,0.8,0.0,5.666666666666667,0.5773502691896258,5.833333333333333,0.40824829046386296,-0.2999999999999545,-0.09999999999990905,0.3420201433256689,-0.9396926207859083,-0.5000000000000004,0.8660254037844384,0.8,4.0
2026-07-29 01:20:00,160.0,6.0,0.8,1007.0,20.6,18.9,0.8,0.8,0.7,7.0,6.0,6.0,1006.8,1006.8,1006.8,0.8,0.0,0.8,0.0,6.333333333333333,0.5773502691896258,6.166666666666667,0.40824829046386296,0.20000000000004547,0.20000000000004547,0.3420201433256689,-0.9396926207859083,0.25881904510252074,0.9659258262890683,0.8,5.0
2026-07-29 02:20:00,170.0,5.0,0.7,1007.0,20.1,18.8,0.7,0.8,0.8,5.0,5.0,6.0,1006.9,1007.0,1007.0,0.7,0.0,0.7333333333333334,0.057735026918962644,5.0,0.0,5.333333333333333,0.5163977794943221,0.0,0.0,0.17364817766693028,-0.984807753012208,0.49999999999999994,0.8660254037844387,0.7,5.0
2026-07-29 03:20:00,150.0,5.0,0.7,1006.8,19.9,18.4,0.7,0.7,0.7,5.0,5.0,5.0,1006.8,1007.1,1007.0,0.7,0.0,0.7,0.0,5.0,0.0,5.0,0.0,-0.20000000000004547,-0.3000000000000682,0.49999999999999994,-0.8660254037844387,0.7071067811865476,0.7071067811865476,0.7,6.0
2026-07-29 04:20:00,140.0,5.0,0.7,1006.4,19.9,18.3,0.7,0.7,0.7,5.0,6.0,5.0,1006.4,1006.6,1006.8,0.7,0.0,0.7,0.0,5.0,0.0,5.166666666666667,0.40824829046386296,-0.39999999999997726,-0.20000000000004547,0.6427876096865395,-0.7660444431189779,0.8660254037844386,0.5000000000000001,0.7,4.0
2026-07-29 05:20:00,140.0,4.0,0.6,1006.3,19.6,18.3,0.6,0.7,0.7,4.0,4.0,5.0,1006.4,1006.4,1006.4,0.6,0.0,0.6333333333333333,0.05773502691896255,4.0,0.0,4.333333333333333,0.5163977794943221,-0.10000000000002274,-0.10000000000002274,0.6427876096865395,-0.7660444431189779,0.9659258262890683,0.25881904510252074,0.6,4.0
2026-07-29 10:20:00,110.0,5.0,0.8,1005.7,19.1,17.9,0.8,0.8,0.8,6.0,6.0,6.0,1005.8,1005.8,1005.5,0.8,0.0,0.8,0.0,5.666666666666667,0.5773502691896258,5.833333333333333,0.40824829046386296,0.20000000000004547,-0.09999999999990905,0.9396926207859084,-0.3420201433256687,0.49999999999999994,-0.8660254037844387,0.8,7.0
2026-07-29 11:20:00,110.0,7.0,0.9,1005.5,19.3,17.8,0.9,0.8,0.8,7.0,7.0,5.0,1005.5,1005.6,1005.7,0.9,0.0,0.8666666666666667,0.05773502691896255,7.0,0.0,6.833333333333333,0.40824829046386274,-0.20000000000004547,-0.10000000000002274,0.9396926207859084,-0.3420201433256687,0.258819045102521,-0.9659258262890682,0.9,7.0
2026-07-29 12:20:00,110.0,8.0,0.9,1005.6,19.4,18.0,0.9,0.9,0.9,8.0,7.0,7.0,1005.5,1005.3,1005.5,0.9,0.0,0.9,0.0,7.666666666666667,0.5773502691896258,7.333333333333333,0.5163977794943221,0.10000000000002274,0.3000000000000682,0.9396926207859084,-0.3420201433256687,1.2246467991473532e-16,-1.0,1.0,7.0
2026-07-29 12:50:00,100.0,7.0,1.0,1005.5,19.4,18.1,1.0,0.9,0.9,8.0,8.0,7.0,1005.5,1005.6,1005.3,1.0,0.0,0.9500000000000001,0.05773502691896256,7.666666666666667,0.5773502691896258,7.666666666666667,0.5163977794943221,0.20000000000004547,-0.10000000000002274,0.984807753012208,-0.1736481776669303,1.2246467991473532e-16,-1.0,1.0,8.0
2026-07-29 13:20:00,100.0,8.0,1.0,1005.4,19.4,18.1,1.0,1.0,0.9,7.0,7.0,8.0,1005.5,1005.5,1005.6,1.0,0.0,1.0,0.0,7.333333333333333,0.5773502691896258,7.5,0.5477225575051659,-0.20000000000004547,-0.10000000000002274,0.984807753012208,-0.1736481776669303,-0.2588190451025208,-0.9659258262890683,1.1,8.0
2026-07-29 14:50:00,110.0,8.0,1.2,1005.6,19.3,18.2,1.2,1.2,1.1,8.0,8.0,8.0,1005.7,1005.7,1005.4,1.2,0.0,1.2,0.0,8.0,0.0,8.0,0.0,0.20000000000004547,-0.10000000000002274,0.9396926207859084,-0.3420201433256687,-0.4999999999999997,-0.8660254037844388,1.3,8.0
2026-07-29 17:20:00,100.0,8.0,1.4,1005.2,18.9,17.6,1.4,1.5,1.3,9.0,9.0,8.0,1005.2,1004.9,1005.4,1.4,0.0,1.4333333333333333,0.05773502691896281,8.666666666666666,0.5773502691896255,8.833333333333334,0.4082482904638632,-0.1999999999999318,0.3000000000000682,0.984807753012208,-0.1736481776669303,-0.9659258262890683,-0.25881904510252063,1.4,8.0
2026-07-29 18:20:00,100.0,8.0,1.4,1005.3,18.9,17.4,1.4,1.4,1.4,9.0,8.0,8.0,1005.2,1005.0,1005.2,1.4,0.0,1.4,0.0,8.333333333333334,0.5773502691896255,8.166666666666666,0.4082482904638632,0.09999999999990905,0.2999999999999545,0.984807753012208,-0.1736481776669303,-1.0,-1.8369701987210297e-16,1.4,8.0
2026-07-29 19:20:00,110.0,7.0,1.3,1005.4,18.7,17.1,1.3,1.4,1.4,7.0,8.0,8.0,1005.3,1005.4,1005.3,1.3,0.0,1.3333333333333333,0.05773502691896261,7.0,0.0,7.5,0.5477225575051653,0.10000000000002274,0.0,0.9396926207859084,-0.3420201433256687,-0.9659258262890684,0.2588190451025203,1.4,7.0
2026-07-29 20:20:00,100.0,6.0,1.4,1005.2,18.4,16.9,1.4,1.4,1.3,7.0,7.0,7.0,1005.3,1005.2,1005.4,1.4,0.0,1.4,0.0,6.666666666666667,0.5773502691896258,7.0,0.6324555320336757,-0.1999999999999318,0.0,0.984807753012208,-0.1736481776669303,-0.8660254037844386,0.5000000000000001,1.3,7.0
2026-07-29 22:20:00,70.0,7.0,1.2,1005.5,18.2,16.5,1.2,1.3,1.3,8.0,6.0,7.0,1005.4,1005.5,1005.4,1.2,0.0,1.2333333333333334,0.057735026918962595,7.666666666666667,0.5773502691896258,7.0,0.8944271909999159,0.10000000000002274,0.0,0.9396926207859083,0.3420201433256688,-0.5000000000000004,0.8660254037844384,1.2,6.0
2026-07-30 01:20:00,80.0,5.0,1.2,1005.8,18.6,16.7,1.2,1.1,1.2,4.0,5.0,5.0,1006.0,1005.8,1005.7,1.2,0.0,1.1666666666666667,0.05773502691896253,4.333333333333333,0.5773502691896258,4.333333333333333,0.5163977794943249,0.09999999999990905,0.0,0.984807753012208,0.17364817766693041,0.25881904510252074,0.9659258262890683,1.1,5.0
2026-07-30 02:20:00,70.0,6.0,1.2,1005.5,18.5,16.8,1.2,1.1,1.2,6.0,5.0,5.0,1005.6,1005.8,1005.8,1.2,0.0,1.1666666666666667,0.05773502691896253,5.666666666666667,0.5773502691896258,5.666666666666667,0.5163977794943226,-0.2999999999999545,-0.2999999999999545,0.9396926207859083,0.3420201433256688,0.49999999999999994,0.8660254037844387,1.2,5.0
2026-07-30 03:20:00,60.0,6.0,1.2,1005.5,18.4,17.0,1.2,1.2,1.2,6.0,5.0,6.0,1005.4,1005.4,1005.5,1.2,0.0,1.2,0.0,6.0,0.0,5.666666666666667,0.5163977794943226,0.0,0.10000000000002274,0.8660254037844386,0.5000000000000001,0.7071067811865476,0.7071067811865476,1.1,5.0
2026-07-30 04:20:00,50.0,5.0,1.2,1005.3,18.3,17.1,1.2,1.1,1.2,5.0,5.0,6.0,1005.4,1005.5,1005.5,1.2,0.0,1.1666666666666667,0.05773502691896253,5.0,0.0,5.333333333333333,0.5163977794943221,-0.20000000000004547,-0.20000000000004547,0.766044443118978,0.6427876096865394,0.8660254037844386,0.5000000000000001,1.2,4.0
2026-07-30 05:20:00,30.0,4.0,1.1,1005.3,18.1,17.2,1.1,1.2,1.2,4.0,4.0,5.0,1005.3,1005.3,1005.3,1.1,0.0,1.1333333333333335,0.05773502691896261,4.0,0.0,4.333333333333333,0.5163977794943221,0.0,0.0,0.49999999999999994,0.8660254037844387,0.9659258262890683,0.25881904510252074,1.2,4.0
2026-07-30 07:20:00,40.0,6.0,1.3,1004.8,18.3,17.5,1.3,1.1,1.1,7.0,6.0,4.0,1004.9,1005.1,1005.1,1.3,0.0,1.2333333333333334,0.1154700538379251,6.666666666666667,0.5773502691896258,6.166666666666667,0.7527726527090824,-0.3000000000000682,-0.3000000000000682,0.6427876096865393,0.766044443118978,0.9659258262890683,-0.25881904510252063,1.2,7.0
2026-07-30 08:20:00,30.0,7.0,1.4,1004.9,17.9,17.4,1.4,1.2,1.3,8.0,7.0,6.0,1004.6,1004.6,1004.8,1.4,0.0,1.3333333333333333,0.11547005383792507,7.666666666666667,0.5773502691896258,7.0,0.894427190999917,0.10000000000002274,0.2999999999999545,0.49999999999999994,0.8660254037844387,0.8660254037844387,-0.4999999999999998,1.5,8.0
2026-07-30 09:20:00,20.0,8.0,1.6,1005.2,17.5,17.4,1.6,1.5,1.4,8.0,8.0,7.0,1005.0,1004.8,1004.9,1.6,0.0,1.5666666666666667,0.057735026918962006,8.0,0.0,8.0,0.0,0.3000000000000682,0.40000000000009095,0.3420201433256687,0.9396926207859084,0.7071067811865476,-0.7071067811865475,1.6,9.0
2026-07-30 10:20:00,20.0,9.0,1.7,1005.5,17.3,17.4,1.7,1.6,1.6,8.0,9.0,8.0,1005.4,1005.2,1005.2,1.7,0.0,1.6666666666666667,0.05773502691896261,8.666666666666666,0.5773502691896255,8.833333333333334,0.40824829046386646,0.2999999999999545,0.2999999999999545,0.3420201433256687,0.9396926207859084,0.49999999999999994,-0.8660254037844387,1.6,9.0
2026-07-30 11:20:00,30.0,9.0,1.7,1005.9,17.2,17.5,1.7,1.6,1.7,9.0,9.0,9.0,1005.7,1005.7,1005.5,1.7,0.0,1.6666666666666667,0.05773502691896253,9.0,0.0,9.0,0.0,0.39999999999997726,0.1999999999999318,0.49999999999999994,0.8660254037844387,0.258819045102521,-0.9659258262890682,1.7,10.0
2026-07-30 12:20:00,20.0,10.0,1.9,1006.3,17.2,17.5,1.9,1.7,1.7,10.0,10.0,9.0,1006.1,1006.0,1005.9,1.9,0.0,1.8333333333333333,0.11547005383792516,10.0,0.0,9.666666666666666,0.516397779494324,0.39999999999997726,0.2999999999999545,0.3420201433256687,0.9396926207859084,1.2246467991473532e-16,-1.0,1.9,10.0
2026-07-30 13:20:00,20.0,11.0,1.9,1006.8,17.5,17.6,1.9,1.9,1.9,11.0,10.0,10.0,1006.8,1006.6,1006.3,1.9,0.0,1.9,0.0,10.666666666666666,0.5773502691896255,10.333333333333334,0.5163977794943228,0.5,0.1999999999999318,0.3420201433256687,0.9396926207859084,-0.2588190451025208,-0.9659258262890683,2.0,10.0
2026-07-30 14:20:00,20.0,10.0,2.1,1006.8,17.6,17.5,2.1,2.0,1.9,10.0,10.0,11.0,1006.7,1006.6,1006.8,2.1,0.0,2.0666666666666664,0.05773502691896265,10.0,0.0,10.166666666666666,0.4082482904638632,0.0,0.1999999999999318,0.3420201433256687,0.9396926207859084,-0.4999999999999997,-0.8660254037844388,2.0,10.0
2026-07-30 16:20:00,20.0,7.0,1.9,1007.8,17.9,17.5,1.9,1.9,1.9,7.0,8.0,9.0,1007.7,1007.5,1007.4,1.9,0.0,1.9,0.0,7.333333333333333,0.5773502691896258,7.666666666666667,0.5163977794943289,0.39999999999997726,0.2999999999999545,0.3420201433256687,0.9396926207859084,-0.8660254037844385,-0.5000000000000004,1.9,7.0
2026-07-30 16:50:00,10.0,7.0,1.9,1007.6,18.0,17.5,1.9,1.9,1.9,7.0,7.0,8.0,1007.7,1007.8,1007.5,1.9,0.0,1.9,0.0,7.0,0.0,7.166666666666667,0.40824829046387384,0.10000000000002274,-0.1999999999999318,0.17364817766693033,0.984807753012208,-0.8660254037844385,-0.5000000000000004,2.0,7.0
2026-07-30 17:20:00,20.0,7.0,2.0,1007.6,18.0,17.5,2.0,1.9,1.9,7.0,7.0,7.0,1007.7,1007.6,1007.8,2.0,0.0,1.9499999999999997,0.05773502691896274,7.0,0.0,7.0,0.0,-0.1999999999999318,0.0,0.3420201433256687,0.9396926207859084,-0.9659258262890683,-0.25881904510252063,1.7,7.0
2026-07-30 18:20:00,40.0,6.0,1.7,1008.1,17.9,17.5,1.7,1.7,2.0,7.0,7.0,7.0,1007.9,1007.9,1007.6,1.7,0.0,1.7,0.0,7.0,1.0,7.0,0.6324555320336759,0.5,0.20000000000004547,0.6427876096865393,0.766044443118978,-1.0,-1.8369701987210297e-16,1.7,6.0
2026-07-30 19:20:00,30.0,4.0,1.7,1008.2,17.8,17.5,1.7,1.7,1.7,5.0,6.0,6.0,1008.0,1007.9,1008.1,1.7,0.0,1.7,0.0,4.666666666666667,0.5773502691896258,5.333333333333333,0.8164965809277257,0.10000000000002274,0.3000000000000682,0.49999999999999994,0.8660254037844387,-0.9659258262890684,0.2588190451025203,1.7,4.0
2026-07-30 20:20:00,30.0,4.0,1.7,1008.4,17.9,17.6,1.7,1.7,1.7,5.0,4.0,4.0,1008.4,1008.5,1008.2,1.7,0.0,1.7,0.0,4.333333333333333,0.5773502691896258,4.166666666666667,0.40824829046386296,0.1999999999999318,-0.10000000000002274,0.49999999999999994,0.8660254037844387,-0.8660254037844386,0.5000000000000001,1.6,3.0
2026-07-30 21:20:00,360.0,3.0,1.5,1009.1,18.0,17.6,1.5,1.6,1.7,3.0,3.0,4.0,1009.0,1008.9,1008.4,1.5,0.0,1.5333333333333332,0.05773502691896298,3.0,0.0,3.3333333333333335,0.5163977794943222,0.7000000000000455,0.20000000000004547,-2.4492935982947064e-16,1.0,-0.7071067811865477,0.7071067811865474,1.5,4.0
2026-07-31 01:20:00,360.0,3.0,1.5,1010.9,17.8,17.1,1.5,1.6,1.5,3.0,4.0,3.0,1010.7,1010.4,1010.2,1.5,0.0,1.5333333333333332,0.057735026918962595,3.0,0.0,3.1666666666666665,0.408248290463863,0.6999999999999318,0.5,-2.4492935982947064e-16,1.0,0.25881904510252074,0.9659258262890683,1.3,4.0
2026-07-31 02:20:00,350.0,4.0,1.5,1011.2,17.9,17.3,1.5,1.3,1.5,3.0,4.0,3.0,1011.2,1011.1,1010.9,1.5,0.0,1.4333333333333333,0.11547005383792512,3.6666666666666665,0.5773502691896257,3.8333333333333335,0.4082482904638636,0.3000000000000682,0.10000000000002274,-0.1736481776669304,0.984807753012208,0.49999999999999994,0.8660254037844387,1.3,3.0
2026-07-31 04:20:00,290.0,3.0,1.2,1010.9,17.7,17.5,1.2,1.2,1.3,3.0,2.0,2.0,1011.1,1011.2,1010.9,1.2,0.0,1.2,0.0,2.6666666666666665,0.5773502691896257,2.3333333333333335,0.5163977794943223,0.0,-0.3000000000000682,-0.9396926207859083,0.342020143325669,0.8660254037844386,0.5000000000000001,1.1,4.0
2026-07-31 05:20:00,300.0,4.0,1.1,1010.9,18.0,17.7,1.1,1.1,1.2,3.0,4.0,3.0,1010.8,1010.9,1010.9,1.1,0.0,1.1,0.0,3.6666666666666665,0.5773502691896257,3.6666666666666665,0.5163977794943235,0.0,0.0,-0.8660254037844386,0.5000000000000001,0.9659258262890683,0.25881904510252074,1.1,4.0
2026-07-31 06:20:00,290.0,4.0,1.0,1011.2,18.1,17.9,1.0,1.1,1.1,4.0,4.0,4.0,1011.2,1011.1,1010.9,1.0,0.0,1.0333333333333334,0.057735026918962484,4.0,0.0,4.0,0.0,0.3000000000000682,0.10000000000002274,-0.9396926207859083,0.342020143325669,1.0,6.123233995736766e-17,1.1,4.0
2026-07-31 07:20:00,290.0,3.0,0.9,1011.3,18.1,17.9,0.9,1.1,1.0,3.0,4.0,4.0,1011.3,1011.2,1011.2,0.9,0.0,0.9666666666666668,0.11547005383792538,3.3333333333333335,0.5773502691896257,3.6666666666666665,0.5163977794943223,0.09999999999990905,0.09999999999990905,-0.9396926207859083,0.342020143325669,0.9659258262890683,-0.25881904510252063,1.0,5.0
2026-07-31 08:20:00,290.0,4.0,1.0,1011.7,18.1,17.9,1.0,1.0,0.9,4.0,5.0,3.0,1011.7,1011.6,1011.3,1.0,0.0,1.0,0.0,4.333333333333333,0.5773502691896258,4.166666666666667,0.7527726527090806,0.40000000000009095,0.10000000000002274,-0.9396926207859083,0.342020143325669,0.8660254037844387,-0.4999999999999998,1.0,4.0
2026-07-31 11:20:00,330.0,3.0,0.9,1012.8,18.5,17.9,0.9,0.9,0.9,4.0,4.0,4.0,1012.8,1012.7,1012.5,0.9,0.0,0.9,0.0,3.6666666666666665,0.5773502691896257,3.8333333333333335,0.408248290463863,0.2999999999999545,0.09999999999990905,-0.5000000000000004,0.8660254037844384,0.258819045102521,-0.9659258262890682,0.9,3.0
2026-07-31 11:50:00,330.0,3.0,0.9,1013.2,18.5,17.9,0.9,0.9,0.9,3.0,3.0,4.0,1013.1,1012.8,1012.7,0.9,0.0,0.9,0.0,3.0,0.0,3.3333333333333335,0.5163977794943226,0.5,0.40000000000009095,-0.5000000000000004,0.8660254037844384,0.258819045102521,-0.9659258262890682,0.9,2.0
2026-07-31 14:20:00,330.0,1.0,0.9,1013.7,18.7,18.2,0.9,0.9,0.9,2.0,2.0,2.0,1013.6,1013.6,1013.4,0.9,0.0,0.9,0.0,1.6666666666666667,0.5773502691896258,1.8333333333333333,0.408248290463863,0.3000000000000682,0.10000000000002274,-0.5000000000000004,0.8660254037844384,-0.4999999999999997,-0.8660254037844388,0.9,1.0
2026-07-31 16:20:00,,0.0,0.8,1013.5,20.3,18.4,0.8,0.9,0.9,0.0,0.0,0.0,1013.6,1013.7,1013.7,0.8,0.0,0.8333333333333334,0.05773502691896258,0.0,0.0,0.16666666666666666,0.4082482904638632,-0.20000000000004547,-0.20000000000004547,,,-0.8660254037844385,-0.5000000000000004,0.8,2.0
2026-07-31 17:20:00,90.0,2.0,0.7,1013.3,19.6,18.8,0.7,0.8,0.8,2.0,2.0,0.0,1013.3,1013.4,1013.5,0.7,0.0,0.7333333333333334,0.057735026918962644,2.0,0.0,1.5,0.8366600265340757,-0.20000000000004547,-0.10000000000002274,1.0,6.123233995736766e-17,-0.9659258262890683,-0.25881904510252063,0.7,3.0
2026-07-31 18:20:00,120.0,1.0,0.7,1013.0,19.7,19.3,0.7,0.7,0.7,2.0,3.0,2.0,1013.0,1013.2,1013.3,0.7,0.0,0.7,0.0,1.6666666666666667,0.5773502691896258,2.0,0.6324555320336759,-0.2999999999999545,-0.20000000000004547,0.8660254037844387,-0.4999999999999998,-1.0,-1.8369701987210297e-16,0.7,2.0
2026-07-31 19:20:00,130.0,2.0,0.7,1012.8,19.8,19.3,0.7,0.7,0.7,2.0,2.0,1.0,1012.8,1012.9,1013.0,0.7,0.0,0.7,0.0,2.0,0.0,2.0,0.0,-0.20000000000004547,-0.10000000000002274,0.766044443118978,-0.6427876096865394,-0.9659258262890684,0.2588190451025203,0.7,2.0
2026-07-31 21:20:00,170.0,3.0,0.7,1012.8,19.4,19.2,0.7,0.6,0.7,3.0,3.0,3.0,1012.9,1013.0,1012.8,0.7,0.0,0.6666666666666666,0.05773502691896255,3.0,0.0,2.8333333333333335,0.4082482904638636,0.0,-0.20000000000004547,0.17364817766693028,-0.984807753012208,-0.7071067811865477,0.7071067811865474,0.7,5.0
2026-07-31 23:50:00,190.0,5.0,0.7,1013.2,19.5,19.2,0.7,0.7,0.6,5.0,5.0,5.0,1013.2,1013.0,1012.9,0.7,0.0,0.7,0.0,5.0,0.0,5.0,0.0,0.3000000000000682,0.20000000000004547,-0.17364817766693047,-0.984807753012208,-0.25881904510252157,0.9659258262890681,0.7,4.0
2026-08-01 00:20:00,170.0,4.0,0.7,1013.3,19.4,19.0,0.7,0.7,0.7,5.0,5.0,5.0,1013.2,1013.2,1013.0,0.7,0.0,0.7,0.0,4.333333333333333,0.5773502691896258,4.666666666666667,0.5163977794943221,0.2999999999999545,0.09999999999990905,0.17364817766693028,-0.984807753012208,0.0,1.0,0.7,3.0
2026-08-01 00:50:00,180.0,3.0,0.7,1013.4,19.4,18.9,0.7,0.7,0.7,4.0,4.0,5.0,1013.4,1013.3,1013.2,0.7,0.0,0.7,0.0,3.6666666666666665,0.5773502691896257,4.0,0.6324555320336763,0.1999999999999318,0.10000000000002274,1.2246467991473532e-16,-1.0,0.0,1.0,0.7,4.0
2026-08-01 04:20:00,190.0,3.0,0.6,1013.5,19.1,18.5,0.6,0.6,0.6,4.0,4.0,4.0,1013.4,1013.6,1013.5,0.6,0.0,0.6,0.0,3.6666666666666665,0.5773502691896257,3.8333333333333335,0.408248290463863,0.0,-0.10000000000002274,-0.17364817766693047,-0.984807753012208,0.8660254037844386,0.5000000000000001,0.5,2.0
2026-08-01 06:20:00,200.0,2.0,0.5,1012.9,18.7,18.5,0.5,0.5,0.5,3.0,3.0,3.0,1013.0,1013.0,1013.1,0.5,0.0,0.5,0.0,2.6666666666666665,0.5773502691896257,2.6666666666666665,0.5163977794943233,-0.20000000000004547,-0.10000000000002274,-0.34202014332566866,-0.9396926207859084,1.0,6.123233995736766e-17,0.5,2.0
2026-08-01 07:20:00,250.0,2.0,0.5,1013.0,18.8,18.4,0.5,0.5,0.5,2.0,2.0,2.0,1012.9,1012.8,1012.9,0.5,0.0,0.5,0.0,2.0,0.0,2.1666666666666665,0.4082482904638657,0.10000000000002274,0.20000000000004547,-0.9396926207859084,-0.34202014332566855,0.9659258262890683,-0.25881904510252063,0.5,3.0
2026-08-01 09:20:00,250.0,3.0,0.4,1013.5,19.3,18.3,0.4,0.4,0.5,3.0,3.0,3.0,1013.4,1013.2,1013.0,0.4,0.0,0.4,0.0,3.0,0.0,3.0,0.0,0.5,0.2999999999999545,-0.9396926207859084,-0.34202014332566855,0.7071067811865476,-0.7071067811865475,0.4,2.0
2026-08-01 10:20:00,230.0,3.0,0.4,1013.9,18.8,18.3,0.4,0.4,0.4,2.0,2.0,3.0,1013.9,1013.7,1013.5,0.4,0.0,0.4,0.0,2.3333333333333335,0.5773502691896257,2.1666666666666665,0.408248290463863,0.39999999999997726,0.1999999999999318,-0.7660444431189779,-0.6427876096865395,0.49999999999999994,-0.8660254037844387,0.4,3.0
2026-08-01 11:20:00,250.0,2.0,0.4,1014.3,18.9,18.4,0.4,0.4,0.4,2.0,3.0,3.0,1014.2,1014.2,1013.9,0.4,0.0,0.4,0.0,2.3333333333333335,0.5773502691896257,2.6666666666666665,0.5163977794943223,0.39999999999997726,0.09999999999990905,-0.9396926207859084,-0.34202014332566855,0.258819045102521,-0.9659258262890682,0.4,3.0
2026-08-01 18:20:00,130.0,3.0,0.4,1013.9,21.2,20.4,0.4,0.4,0.4,3.0,4.0,3.0,1013.9,1014.0,1014.1,0.4,0.0,0.4,0.0,3.0,0.0,3.1666666666666665,0.408248290463863,-0.20000000000004547,-0.10000000000002274,0.766044443118978,-0.6427876096865394,-1.0,-1.8369701987210297e-16,0.4,4.0
2026-08-02 01:20:00,180.0,4.0,0.5,1014.4,20.6,19.1,0.5,0.5,0.5,4.0,4.0,4.0,1014.3,1014.1,1013.9,0.5,0.0,0.5,0.0,4.0,0.0,4.0,0.0,0.5,0.2999999999999545,1.2246467991473532e-16,-1.0,0.25881904510252074,0.9659258262890683,0.5,4.0
2026-08-02 02:20:00,190.0,5.0,0.4,1014.7,21.0,19.1,0.4,0.5,0.5,5.0,4.0,4.0,1014.6,1014.6,1014.4,0.4,0.0,0.43333333333333335,0.05773502691896256,4.666666666666667,0.5773502691896258,4.333333333333333,0.5163977794943221,0.3000000000000682,0.10000000000002274,-0.17364817766693047,-0.984807753012208,0.49999999999999994,0.8660254037844387,0.4,5.0
2026-08-02 03:20:00,190.0,5.0,0.4,1014.8,21.0,19.0,0.4,0.4,0.4,5.0,5.0,5.0,1014.8,1014.8,1014.7,0.4,0.0,0.4,0.0,5.0,0.0,5.0,0.0,0.09999999999990905,0.0,-0.17364817766693047,-0.984807753012208,0.7071067811865476,0.7071067811865476,0.4,5.0
2026-08-02 05:20:00,200.0,4.0,0.4,1015.4,20.5,19.0,0.4,0.4,0.4,5.0,5.0,5.0,1015.3,1015.2,1015.0,0.4,0.0,0.4,0.0,4.666666666666667,0.5773502691896258,4.833333333333333,0.40824829046386296,0.39999999999997726,0.1999999999999318,-0.34202014332566866,-0.9396926207859084,0.9659258262890683,0.25881904510252074,0.4,4.0
2026-08-02 06:20:00,210.0,4.0,0.4,1015.4,20.5,19.0,0.4,0.4,0.4,4.0,4.0,4.0,1015.4,1015.4,1015.4,0.4,0.0,0.4,0.0,4.0,0.0,4.0,0.0,0.0,0.0,-0.5000000000000001,-0.8660254037844386,1.0,6.123233995736766e-17,0.4,4.0
2026-08-02 10:50:00,150.0,2.0,0.3,1016.1,19.5,18.7,0.3,0.3,0.3,2.0,1.0,2.0,1016.1,1016.2,1016.0,0.3,0.0,0.3,0.0,2.0,0.0,1.8333333333333333,0.408248290463863,0.10000000000002274,-0.10000000000002274,0.49999999999999994,-0.8660254037844387,0.49999999999999994,-0.8660254037844387,0.3,3.0
2026-08-02 11:20:00,130.0,3.0,0.3,1016.3,19.2,18.7,0.3,0.3,0.3,2.0,2.0,1.0,1016.2,1016.1,1016.2,0.3,0.0,0.3,0.0,2.6666666666666665,0.5773502691896257,2.3333333333333335,0.5163977794943225,0.09999999999990905,0.1999999999999318,0.766044443118978,-0.6427876096865394,0.258819045102521,-0.9659258262890682,0.3,2.0
2026-08-02 12:20:00,150.0,3.0,0.4,1016.3,19.5,18.8,0.4,0.3,0.3,2.0,2.0,3.0,1016.3,1016.4,1016.3,0.4,0.0,0.3666666666666667,0.05773502691896262,2.3333333333333335,0.5773502691896257,2.1666666666666665,0.408248290463863,0.0,-0.10000000000002274,0.49999999999999994,-0.8660254037844387,1.2246467991473532e-16,-1.0,0.3,2.0
2026-08-02 13:20:00,130.0,2.0,0.4,1016.3,19.8,18.9,0.4,0.3,0.4,3.0,2.0,3.0,1016.3,1016.4,1016.3,0.4,0.0,0.3666666666666667,0.0577350269189626,2.3333333333333335,0.5773502691896257,2.5,0.5477225575051664,0.0,-0.10000000000002274,0.766044443118978,-0.6427876096865394,-0.2588190451025208,-0.9659258262890683,0.4,2.0
2026-08-02 14:20:00,170.0,3.0,0.4,1016.1,20.5,19.3,0.4,0.4,0.4,2.0,2.0,2.0,1016.1,1016.3,1016.3,0.4,0.0,0.4,0.0,2.3333333333333335,0.5773502691896257,2.5,0.5477225575051664,-0.1999999999999318,-0.1999999999999318,0.17364817766693028,-0.984807753012208,-0.4999999999999997,-0.8660254037844388,0.4,4.0
2026-08-02 15:20:00,150.0,4.0,0.4,1016.0,21.0,19.4,0.4,0.4,0.4,3.0,4.0,3.0,1016.0,1016.3,1016.1,0.4,0.0,0.4,0.0,3.3333333333333335,0.5773502691896257,3.1666666666666665,0.7527726527090817,-0.10000000000002274,-0.2999999999999545,0.49999999999999994,-0.8660254037844387,-0.7071067811865471,-0.7071067811865479,0.4,3.0
2026-08-02 15:50:00,150.0,3.0,0.4,1015.8,21.1,19.5,0.4,0.4,0.4,3.0,4.0,4.0,1015.8,1016.0,1016.3,0.4,0.0,0.4,0.0,3.0,0.0,3.1666666666666665,0.4082482904638645,-0.5,-0.20000000000004547,0.49999999999999994,-0.8660254037844387,-0.7071067811865471,-0.7071067811865479,0.4,5.0
2026-08-02 16:20:00,150.0,5.0,0.4,1015.8,21.2,19.3,0.4,0.4,0.4,4.0,3.0,4.0,1015.8,1015.8,1016.0,0.4,0.0,0.4,0.0,4.0,0.9999999999999999,3.5,0.8366600265340763,-0.20000000000004547,0.0,0.49999999999999994,-0.8660254037844387,-0.8660254037844385,-0.5000000000000004,0.4,5.0
2026-08-02 17:20:00,160.0,5.0,0.4,1015.3,21.4,19.5,0.4,0.4,0.4,5.0,5.0,5.0,1015.3,1015.4,1015.8,0.4,0.0,0.4,0.0,5.0,0.0,5.0,0.0,-0.5,-0.10000000000002274,0.3420201433256689,-0.9396926207859083,-0.9659258262890683,-0.25881904510252063,0.4,6.0
2026-08-02 18:20:00,160.0,5.0,0.5,1015.0,21.7,19.5,0.5,0.4,0.4,5.0,6.0,5.0,1015.0,1015.2,1015.3,0.5,0.0,0.4666666666666666,0.05773502691896256,5.0,0.0,5.5,0.5477225575051659,-0.2999999999999545,-0.20000000000004547,0.3420201433256689,-0.9396926207859083,-1.0,-1.8369701987210297e-16,0.4,6.0
2026-08-02 18:50:00,160.0,6.0,0.4,1014.8,22.3,19.6,0.4,0.5,0.4,5.0,5.0,6.0,1014.9,1015.0,1015.2,0.4,0.0,0.44999999999999996,0.05773502691896256,5.666666666666667,0.5773502691896258,5.333333333333333,0.5163977794943221,-0.40000000000009095,-0.20000000000004547,0.3420201433256689,-0.9396926207859083,-1.0,-1.8369701987210297e-16,0.5,6.0
2026-08-02 19:20:00,160.0,6.0,0.5,1014.7,22.3,19.7,0.5,0.4,0.5,5.0,6.0,5.0,1014.8,1014.8,1015.0,0.5,0.0,0.44999999999999996,0.05773502691896256,5.333333333333333,0.5773502691896258,5.5,0.5477225575051659,-0.2999999999999545,-0.09999999999990905,0.3420201433256689,-0.9396926207859083,-0.9659258262890684,0.2588190451025203,0.5,5.0
2026-08-02 20:20:00,170.0,6.0,0.5,1014.4,22.1,19.6,0.5,0.5,0.5,6.0,5.0,6.0,1014.4,1014.7,1014.7,0.5,0.0,0.5,0.0,6.0,0.0,5.666666666666667,0.5163977794943221,-0.3000000000000682,-0.3000000000000682,0.17364817766693028,-0.984807753012208,-0.8660254037844386,0.5000000000000001,0.5,5.0
2026-08-02 21:20:00,160.0,5.0,0.5,1014.1,21.9,19.7,0.5,0.5,0.5,5.0,5.0,6.0,1014.0,1014.2,1014.4,0.5,0.0,0.5,0.0,5.0,0.0,5.166666666666667,0.4082482904638632,-0.2999999999999545,-0.10000000000002274,0.3420201433256689,-0.9396926207859083,-0.7071067811865477,0.7071067811865474,0.5,5.0
2026-08-02 22:20:00,150.0,4.0,0.5,1013.5,21.5,19.7,0.5,0.5,0.5,5.0,5.0,5.0,1013.5,1013.7,1014.1,0.5,0.0,0.5,0.0,4.666666666666667,0.5773502691896258,4.5,0.5477225575051659,-0.6000000000000227,-0.20000000000004547,0.49999999999999994,-0.8660254037844387,-0.5000000000000004,0.8660254037844384,0.4,6.0
2026-08-03 01:20:00,160.0,5.0,0.5,1013.2,21.0,,0.5,0.5,0.5,5.0,7.0,5.0,1013.3,1013.4,1013.2,0.5,0.0,0.5,0.0,5.666666666666667,1.1547005383792515,5.833333333333333,0.9831920802501742,0.0,-0.1999999999999318,0.3420201433256689,-0.9396926207859083,0.25881904510252074,0.9659258262890683,0.5,4.0
2026-08-03 02:20:00,150.0,4.0,0.5,1013.1,20.7,19.3,0.5,0.5,0.5,5.0,4.0,5.0,1013.0,1013.2,1013.2,0.5,0.0,0.5,0.0,4.333333333333333,0.5773502691896258,4.5,0.547722557505168,-0.10000000000002274,-0.10000000000002274,0.49999999999999994,-0.8660254037844387,0.49999999999999994,0.8660254037844387,0.5,4.0
2026-08-03 03:20:00,150.0,3.0,0.4,1012.6,20.6,19.3,0.4,0.5,0.5,4.0,4.0,4.0,1012.8,1012.8,1013.1,0.4,0.0,0.43333333333333335,0.05773502691896256,3.3333333333333335,0.5773502691896257,3.6666666666666665,0.516397779494326,-0.5,-0.1999999999999318,0.49999999999999994,-0.8660254037844387,0.7071067811865476,0.7071067811865476,0.4,3.0
2026-08-03 04:20:00,160.0,4.0,0.4,1012.3,20.7,19.3,0.4,0.4,0.4,4.0,3.0,3.0,1012.4,1012.5,1012.6,0.4,0.0,0.4,0.0,3.6666666666666665,0.5773502691896257,3.5,0.5477225575051701,-0.3000000000000682,-0.20000000000004547,0.3420201433256689,-0.9396926207859083,0.8660254037844386,0.5000000000000001,0.4,4.0
2026-08-03 05:20:00,160.0,4.0,0.5,1011.8,20.4,19.3,0.5,0.4,0.4,4.0,4.0,4.0,1011.8,1012.0,1012.3,0.5,0.0,0.4666666666666666,0.05773502691896256,4.0,0.0,4.0,0.0,-0.5,-0.20000000000004547,0.3420201433256689,-0.9396926207859083,0.9659258262890683,0.25881904510252074,0.5,3.0
2026-08-03 07:20:00,160.0,6.0,0.4,1010.2,20.7,19.3,0.4,0.4,0.4,5.0,4.0,4.0,1010.3,1010.3,1010.8,0.4,0.0,0.4,0.0,5.0,1.0,4.5,0.8366600265340755,-0.599999999999909,-0.09999999999990905,0.3420201433256689,-0.9396926207859083,0.9659258262890683,-0.25881904510252063,0.4,6.0
2026-08-03 09:20:00,150.0,6.0,0.5,1009.3,20.8,19.3,0.5,0.5,0.5,6.0,6.0,6.0,1009.2,1009.4,1009.8,0.5,0.0,0.5,0.0,6.0,0.0,6.0,0.0,-0.5,-0.10000000000002274,0.49999999999999994,-0.8660254037844387,0.7071067811865476,-0.7071067811865475,0.5,6.0
2026-08-03 09:50:00,170.0,6.0,0.5,1009.3,21.4,19.3,0.5,0.5,0.5,6.0,6.0,6.0,1009.2,1009.3,1009.4,0.5,0.0,0.5,0.0,6.0,0.0,6.0,0.0,-0.10000000000002274,0.0,0.17364817766693028,-0.984807753012208,0.7071067811865476,-0.7071067811865475,0.5,6.0
2026-08-03 11:50:00,180.0,6.0,0.6,1009.0,22.2,19.3,0.6,0.6,0.5,6.0,6.0,6.0,1009.2,1009.1,1009.1,0.6,0.0,0.6,0.0,6.0,0.0,6.0,0.0,-0.10000000000002274,-0.10000000000002274,1.2246467991473532e-16,-1.0,0.258819045102521,-0.9659258262890682,0.6,5.0
2026-08-03 13:20:00,170.0,7.0,0.8,1007.9,22.3,19.3,0.8,0.7,0.6,7.0,6.0,5.0,1007.9,1008.5,1008.9,0.8,0.0,0.7666666666666666,0.05773502691896272,7.0,0.0,6.333333333333333,0.8164965809277259,-1.0,-0.6000000000000227,0.17364817766693028,-0.984807753012208,-0.2588190451025208,-0.9659258262890683,0.8,8.0
2026-08-03 13:50:00,180.0,8.0,0.8,1007.6,23.0,19.4,0.8,0.8,0.7,8.0,7.0,6.0,1007.7,1007.9,1008.5,0.8,0.0,0.8,0.0,8.0,0.0,7.5,0.5477225575051641,-0.8999999999999773,-0.2999999999999545,1.2246467991473532e-16,-1.0,-0.2588190451025208,-0.9659258262890683,0.9,8.0
2026-08-03 14:20:00,190.0,8.0,0.9,1007.8,22.8,19.3,0.9,0.8,0.8,8.0,8.0,7.0,1007.6,1007.6,1007.9,0.9,0.0,0.8500000000000001,0.05773502691896254,8.0,0.0,8.0,0.0,-0.10000000000002274,0.1999999999999318,-0.17364817766693047,-0.984807753012208,-0.4999999999999997,-0.8660254037844388,1.0,9.0
2026-08-03 16:20:00,200.0,8.0,1.0,1007.5,20.9,19.3,1.0,1.0,1.1,8.0,8.0,8.0,1007.6,1007.9,1007.6,1.0,0.0,1.0,0.0,8.0,0.0,8.0,0.0,-0.10000000000002274,-0.39999999999997726,-0.34202014332566866,-0.9396926207859084,-0.8660254037844385,-0.5000000000000004,1.1,8.0
2026-08-03 16:50:00,180.0,8.0,1.1,1008.3,20.8,19.3,1.1,1.0,1.0,8.0,8.0,8.0,1008.0,1007.5,1007.9,1.1,0.0,1.05,0.05773502691896274,8.0,0.0,8.0,0.0,0.39999999999997726,0.7999999999999545,1.2246467991473532e-16,-1.0,-0.8660254037844385,-0.5000000000000004,1.0,8.0
2026-08-03 17:20:00,190.0,8.0,1.0,1007.7,20.7,19.3,1.0,1.1,1.0,8.0,8.0,8.0,1008.1,1008.3,1007.5,1.0,0.0,1.05,0.05773502691896274,7.666666666666667,0.5773502691896258,7.833333333333333,0.40824829046386296,0.20000000000004547,-0.599999999999909,-0.17364817766693047,-0.984807753012208,-0.9659258262890683,-0.25881904510252063,1.0,8.0
2026-08-03 19:20:00,170.0,7.0,0.7,1006.8,21.2,19.4,0.7,0.8,0.9,7.0,6.0,7.0,1006.9,1007.3,1007.6,0.7,0.0,0.7333333333333334,0.05773502691896272,6.666666666666667,0.5773502691896258,6.5,0.5477225575051636,-0.8000000000000682,-0.5,0.17364817766693028,-0.984807753012208,-0.9659258262890684,0.2588190451025203,0.7,7.0
2026-08-03 20:20:00,180.0,9.0,0.7,1006.0,22.0,19.5,0.7,0.7,0.7,8.0,7.0,7.0,1006.1,1006.6,1006.8,0.7,0.0,0.7,0.0,8.333333333333334,0.5773502691896255,7.666666666666667,0.8164965809277258,-0.7999999999999545,-0.6000000000000227,1.2246467991473532e-16,-1.0,-0.8660254037844386,0.5000000000000001,0.7,7.0
2026-08-03 21:20:00,200.0,7.0,0.7,1006.3,21.9,19.5,0.7,0.7,0.7,7.0,7.0,9.0,1006.4,1006.0,1006.0,0.7,0.0,0.7,0.0,7.0,0.0,7.166666666666667,0.4082482904638619,0.2999999999999545,0.2999999999999545,-0.34202014332566866,-0.9396926207859084,-0.7071067811865477,0.7071067811865474,0.7,8.0
2026-08-03 22:50:00,210.0,8.0,0.8,1006.8,22.6,19.5,0.8,0.8,0.7,8.0,8.0,8.0,1006.6,1006.3,1006.3,0.8,0.0,0.8,0.0,8.0,0.0,7.833333333333333,0.4082482904638632,0.5,0.5,-0.5000000000000001,-0.8660254037844386,-0.5000000000000004,0.8660254037844384,0.9,7.0
2026-08-04 00:20:00,240.0,6.0,0.8,1008.8,22.1,19.6,0.8,0.9,0.9,6.0,7.0,7.0,1008.7,1008.3,1007.5,0.8,0.0,0.8333333333333334,0.05773502691896258,6.0,0.0,6.333333333333333,0.5163977794943249,1.2999999999999545,0.5,-0.8660254037844385,-0.5000000000000004,0.0,1.0,0.9,7.0
2026-08-04 01:20:00,240.0,7.0,0.8,1010.1,22.0,19.6,0.8,0.9,0.8,7.0,7.0,6.0,1009.8,1009.5,1008.8,0.8,0.0,0.8333333333333334,0.05773502691896256,7.0,0.0,7.0,0.0,1.3000000000000682,0.6000000000000227,-0.8660254037844385,-0.5000000000000004,0.25881904510252074,0.9659258262890683,0.8,7.0
2026-08-04 02:20:00,270.0,7.0,0.8,1011.3,21.7,19.5,0.8,0.8,0.8,8.0,7.0,7.0,1011.2,1010.8,1010.1,0.8,0.0,0.8,0.0,7.666666666666667,0.5773502691896258,7.5,0.5477225575051659,1.1999999999999318,0.5,-1.0,-1.8369701987210297e-16,0.49999999999999994,0.8660254037844387,0.8,7.0
2026-08-04 02:50:00,270.0,7.0,0.8,1011.7,21.6,19.5,0.8,0.8,0.8,7.0,7.0,7.0,1011.5,1011.3,1010.8,0.8,0.0,0.8,0.0,7.0,0.0,7.333333333333333,0.5163977794943221,0.900000000000091,0.40000000000009095,-1.0,-1.8369701987210297e-16,0.49999999999999994,0.8660254037844387,0.8,7.0
2026-08-04 03:20:00,270.0,7.0,0.8,1012.3,21.3,19.4,0.8,0.8,0.8,6.0,7.0,7.0,1012.1,1011.7,1011.3,0.8,0.0,0.8,0.0,6.666666666666667,0.5773502691896258,6.833333333333333,0.40824829046386296,1.0,0.599999999999909,-1.0,-1.8369701987210297e-16,0.7071067811865476,0.7071067811865476,0.8,6.0
2026-08-04 04:20:00,270.0,5.0,0.8,1013.3,20.8,19.3,0.8,0.8,0.8,5.0,6.0,7.0,1013.0,1012.7,1012.3,0.8,0.0,0.8,0.0,5.333333333333333,0.5773502691896258,5.666666666666667,0.5163977794943232,1.0,0.599999999999909,-1.0,-1.8369701987210297e-16,0.8660254037844386,0.5000000000000001,0.7,5.0
2026-08-04 05:20:00,270.0,5.0,0.7,1013.9,20.5,19.2,0.7,0.7,0.8,5.0,5.0,5.0,1013.6,1013.6,1013.3,0.7,0.0,0.7,0.0,5.0,0.0,5.0,0.0,0.6000000000000227,0.2999999999999545,-1.0,-1.8369701987210297e-16,0.9659258262890683,0.25881904510252074,0.7,6.0
2026-08-04 06:20:00,270.0,6.0,0.7,1014.2,20.2,19.0,0.7,0.7,0.7,6.0,6.0,5.0,1014.2,1014.1,1013.9,0.7,0.0,0.7,0.0,6.0,0.0,6.0,0.0,0.3000000000000682,0.10000000000002274,-1.0,-1.8369701987210297e-16,1.0,6.123233995736766e-17,0.6,5.0
2026-08-04 07:20:00,270.0,4.0,0.5,1015.0,19.8,18.8,0.5,0.6,0.7,5.0,5.0,6.0,1014.8,1014.7,1014.2,0.5,0.0,0.5333333333333333,0.05773502691896256,4.666666666666667,0.5773502691896258,5.0,0.6324555320336763,0.7999999999999545,0.2999999999999545,-1.0,-1.8369701987210297e-16,0.9659258262890683,-0.25881904510252063,0.5,5.0
2026-08-04 08:20:00,250.0,4.0,0.4,1015.3,19.3,18.6,0.4,0.5,0.5,4.0,5.0,4.0,1015.1,1015.1,1015.0,0.4,0.0,0.43333333333333335,0.05773502691896256,4.0,0.0,4.5,0.5477225575051671,0.2999999999999545,0.1999999999999318,-0.9396926207859084,-0.34202014332566855,0.8660254037844387,-0.4999999999999998,0.4,5.0
2026-08-04 09:20:00,250.0,5.0,0.5,1015.6,19.1,,0.5,0.4,0.4,5.0,5.0,4.0,1015.5,1015.5,1015.3,0.5,0.0,0.4666666666666666,0.05773502691896256,5.0,0.0,4.833333333333333,0.40824829046386496,0.3000000000000682,0.10000000000002274,-0.9396926207859084,-0.34202014332566855,0.7071067811865476,-0.7071067811865475,0.5,5.0
2026-08-04 10:20:00,250.0,5.0,0.4,1016.3,19.3,18.5,0.4,0.5,0.5,5.0,5.0,5.0,1016.1,1016.1,1015.6,0.4,0.0,0.43333333333333335,0.05773502691896256,5.0,0.0,5.0,0.0,0.6999999999999318,0.1999999999999318,-0.9396926207859084,-0.34202014332566855,0.49999999999999994,-0.8660254037844387,0.4,5.0
2026-08-04 11:20:00,250.0,5.0,0.4,1017.1,19.2,18.5,0.4,0.4,0.4,5.0,5.0,5.0,1017.0,1016.8,1016.3,0.4,0.0,0.4,0.0,5.0,0.0,5.0,0.0,0.8000000000000682,0.3000000000000682,-0.9396926207859084,-0.34202014332566855,0.258819045102521,-0.9659258262890682,0.5,4.0
2026-08-04 12:20:00,240.0,4.0,0.4,1017.6,19.3,18.5,0.4,0.5,0.4,5.0,4.0,5.0,1017.7,1017.6,1017.1,0.4,0.0,0.43333333333333335,0.05773502691896256,4.666666666666667,0.5773502691896258,4.666666666666667,0.5163977794943221,0.5,0.0,-0.8660254037844385,-0.5000000000000004,1.2246467991473532e-16,-1.0,0.4,4.0
2026-08-04 12:50:00,240.0,4.0,0.4,1018.2,19.6,18.6,0.4,0.4,0.5,4.0,4.0,4.0,1018.0,1017.6,1017.6,0.4,0.0,0.4,0.0,4.0,0.0,4.333333333333333,0.5163977794943221,0.6000000000000227,0.6000000000000227,-0.8660254037844385,-0.5000000000000004,1.2246467991473532e-16,-1.0,0.4,4.0
2026-08-04 13:20:00,250.0,4.0,0.4,1018.3,19.9,18.7,0.4,0.4,0.4,4.0,4.0,4.0,1018.2,1018.2,1017.6,0.4,0.0,0.4,0.0,4.0,0.0,4.0,0.0,0.6999999999999318,0.09999999999990905,-0.9396926207859084,-0.34202014332566855,-0.2588190451025208,-0.9659258262890683,0.4,4.0
2026-08-04 14:20:00,260.0,3.0,0.4,1018.5,20.7,18.9,0.4,0.4,0.4,3.0,4.0,4.0,1018.5,1018.3,1018.3,0.4,0.0,0.4,0.0,3.3333333333333335,0.5773502691896257,3.6666666666666665,0.5163977794943223,0.20000000000004547,0.20000000000004547,-0.984807753012208,-0.17364817766693033,-0.4999999999999997,-0.8660254037844388,0.4,3.0
2026-08-04 15:20:00,240.0,3.0,0.5,1019.0,21.3,19.1,0.5,0.4,0.4,3.0,3.0,3.0,1018.9,1018.8,1018.5,0.5,0.0,0.4666666666666666,0.05773502691896256,3.0,0.0,3.0,0.0,0.5,0.20000000000004547,-0.8660254037844385,-0.5000000000000004,-0.7071067811865471,-0.7071067811865479,0.4,2.0
2026-08-04 16:20:00,210.0,2.0,0.4,1018.8,22.3,20.1,0.4,0.4,0.5,2.0,2.0,3.0,1018.8,1019.0,1019.0,0.4,0.0,0.4,0.0,2.0,0.0,2.0,0.0,-0.20000000000004547,-0.20000000000004547,-0.5000000000000001,-0.8660254037844386,-0.8660254037844385,-0.5000000000000004,0.5,2.0
2026-08-04 16:50:00,190.0,2.0,0.5,1018.7,22.6,20.5,0.5,0.4,0.4,2.0,2.0,2.0,1018.9,1018.8,1019.0,0.5,0.0,0.45000000000000007,0.05773502691896253,2.0,0.0,2.0,0.0,-0.2999999999999545,-0.09999999999990905,-0.17364817766693047,-0.984807753012208,-0.8660254037844385,-0.5000000000000004,0.5,2.0
2026-08-04 17:20:00,190.0,2.0,0.5,1018.4,23.2,20.8,0.5,0.5,0.4,2.0,2.0,2.0,1018.4,1018.7,1018.8,0.5,0.0,0.5,0.0,2.3333333333333335,0.5773502691896257,2.1666666666666665,0.408248290463863,-0.39999999999997726,-0.3000000000000682,-0.17364817766693047,-0.984807753012208,-0.9659258262890683,-0.25881904510252063,0.4,1.0
2026-08-04 18:20:00,180.0,2.0,0.5,1018.0,24.5,21.2,0.5,0.4,0.5,2.0,1.0,2.0,1018.1,1018.2,1018.4,0.5,0.0,0.4666666666666666,0.05773502691896256,2.0,0.0,1.8333333333333333,0.40824829046386285,-0.39999999999997726,-0.20000000000004547,1.2246467991473532e-16,-1.0,-1.0,-1.8369701987210297e-16,0.5,3.0
2026-08-04 20:20:00,160.0,4.0,0.4,1017.9,22.4,20.6,0.4,0.4,0.4,5.0,4.0,3.0,1017.9,1018.0,1018.0,0.4,0.0,0.4,0.0,4.333333333333333,0.5773502691896258,4.0,0.6324555320336753,-0.10000000000002274,-0.10000000000002274,0.3420201433256689,-0.9396926207859083,-0.8660254037844386,0.5000000000000001,0.3,4.0
2026-08-04 21:20:00,140.0,4.0,0.4,1017.8,22.3,20.5,0.4,0.3,0.4,4.0,4.0,4.0,1017.9,1017.9,1017.9,0.4,0.0,0.3666666666666667,0.0577350269189626,4.0,0.0,4.0,0.0,-0.10000000000002274,-0.10000000000002274,0.6427876096865395,-0.7660444431189779,-0.7071067811865477,0.7071067811865474,0.3,4.0
2026-08-04 22:20:00,150.0,4.0,0.4,1017.7,22.3,20.2,0.4,0.3,0.4,4.0,4.0,4.0,1017.8,1017.7,1017.8,0.4,0.0,0.3666666666666667,0.0577350269189626,4.0,0.0,4.0,0.0,-0.09999999999990905,0.0,0.49999999999999994,-0.8660254037844387,-0.5000000000000004,0.8660254037844384,0.3,4.0
2026-08-04 23:20:00,170.0,4.0,0.4,1018.2,22.6,20.1,0.4,0.3,0.4,4.0,4.0,4.0,1018.2,1017.8,1017.7,0.4,0.0,0.3666666666666667,0.0577350269189626,4.0,0.0,4.0,0.0,0.5,0.40000000000009095,0.17364817766693028,-0.984807753012208,-0.25881904510252157,0.9659258262890681,0.4,4.0
2026-08-05 00:20:00,190.0,5.0,0.4,1018.9,22.3,20.0,0.4,0.4,0.4,5.0,4.0,4.0,1018.7,1018.4,1018.2,0.4,0.0,0.4,0.0,4.666666666666667,0.5773502691896258,4.333333333333333,0.5163977794943221,0.6999999999999318,0.5,-0.17364817766693047,-0.984807753012208,0.0,1.0,0.4,2.0
2026-08-05 01:20:00,220.0,2.0,0.4,1019.5,21.6,20.2,0.4,0.4,0.4,1.0,2.0,5.0,1019.4,1019.3,1018.9,0.4,0.0,0.4,0.0,1.3333333333333333,0.5773502691896258,2.0,1.095445115010332,0.6000000000000227,0.20000000000004547,-0.6427876096865393,-0.766044443118978,0.25881904510252074,0.9659258262890683,0.4,4.0
2026-08-05 02:20:00,220.0,5.0,0.4,1019.4,21.8,19.8,0.4,0.4,0.4,5.0,4.0,2.0,1019.5,1019.5,1019.5,0.4,0.0,0.4,0.0,4.666666666666667,0.5773502691896258,4.333333333333333,0.5163977794943194,-0.10000000000002274,-0.10000000000002274,-0.6427876096865393,-0.766044443118978,0.49999999999999994,0.8660254037844387,0.4,5.0
2026-08-05 02:50:00,220.0,5.0,0.4,1019.3,21.3,19.4,0.4,0.4,0.4,5.0,5.0,4.0,1019.3,1019.4,1019.5,0.4,0.0,0.4,0.0,5.0,0.0,4.833333333333333,0.4082482904638598,-0.20000000000004547,-0.10000000000002274,-0.6427876096865393,-0.766044443118978,0.49999999999999994,0.8660254037844387,0.5,5.0
2026-08-05 03:20:00,230.0,5.0,0.5,1019.3,21.0,19.1,0.5,0.4,0.4,5.0,5.0,5.0,1019.3,1019.3,1019.4,0.5,0.0,0.45,0.05773502691896253,5.0,0.0,5.0,0.0,-0.10000000000002274,0.0,-0.7660444431189779,-0.6427876096865395,0.7071067811865476,0.7071067811865476,0.4,4.0
2026-08-05 04:20:00,230.0,4.0,0.4,1019.2,20.6,19.1,0.4,0.4,0.5,4.0,4.0,5.0,1019.3,1019.3,1019.3,0.4,0.0,0.4,0.0,4.0,0.0,4.0,0.0,-0.09999999999990905,-0.09999999999990905,-0.7660444431189779,-0.6427876096865395,0.8660254037844386,0.5000000000000001,0.4,3.0
2026-08-05 05:20:00,230.0,3.0,0.4,1018.7,20.3,19.1,0.4,0.4,0.4,4.0,3.0,4.0,1018.8,1018.9,1019.2,0.4,0.0,0.4,0.0,3.3333333333333335,0.5773502691896257,3.5,0.5477225575051664,-0.5,-0.1999999999999318,-0.7660444431189779,-0.6427876096865395,0.9659258262890683,0.25881904510252074,0.4,3.0
2026-08-05 10:20:00,240.0,3.0,0.3,1020.1,19.5,18.9,0.3,0.3,0.3,3.0,3.0,3.0,1020.0,1019.9,1019.6,0.3,0.0,0.3,0.0,3.0,0.0,3.0,0.0,0.5,0.20000000000004547,-0.8660254037844385,-0.5000000000000004,0.49999999999999994,-0.8660254037844387,0.3,3.0
2026-08-05 11:20:00,240.0,2.0,0.3,1020.4,19.7,18.9,0.3,0.3,0.3,2.0,3.0,3.0,1020.3,1020.2,1020.1,0.3,0.0,0.3,0.0,2.3333333333333335,0.5773502691896257,2.8333333333333335,0.752772652709081,0.2999999999999545,0.1999999999999318,-0.8660254037844385,-0.5000000000000004,0.258819045102521,-0.9659258262890682,0.3,3.0
2026-08-05 11:50:00,250.0,3.0,0.3,1020.6,19.9,19.0,0.3,0.3,0.3,3.0,2.0,3.0,1020.5,1020.4,1020.2,0.3,0.0,0.3,0.0,3.0,0.0,2.6666666666666665,0.5163977794943223,0.39999999999997726,0.20000000000004547,-0.9396926207859084,-0.34202014332566855,0.258819045102521,-0.9659258262890682,0.3,3.0
2026-08-05 12:20:00,240.0,3.0,0.3,1020.8,19.9,19.0,0.3,0.3,0.3,3.0,3.0,2.0,1020.7,1020.6,1020.4,0.3,0.0,0.3,0.0,3.0,0.0,3.0,0.0,0.39999999999997726,0.1999999999999318,-0.8660254037844385,-0.5000000000000004,1.2246467991473532e-16,-1.0,0.3,3.0
2026-08-05 14:50:00,,0.0,0.3,1020.9,21.9,19.3,0.3,0.3,0.3,0.0,0.0,1.0,1020.8,1020.8,1020.8,0.3,0.0,0.3,0.0,0.3333333333333333,0.5773502691896258,0.16666666666666666,0.40824829046386296,0.10000000000002274,0.10000000000002274,,,-0.4999999999999997,-0.8660254037844388,0.3,1.0
2026-08-05 16:50:00,140.0,2.0,0.4,1020.1,22.7,20.6,0.4,0.4,0.4,2.0,2.0,1.0,1020.3,1020.4,1020.6,0.4,0.0,0.4,0.0,2.0,0.0,1.6666666666666667,0.5163977794943222,-0.5,-0.2999999999999545,0.6427876096865395,-0.7660444431189779,-0.8660254037844385,-0.5000000000000004,0.4,2.0
2026-08-05 20:20:00,180.0,2.0,0.3,1019.3,25.4,19.7,0.3,0.3,0.4,2.0,2.0,2.0,1019.3,1019.3,1019.4,0.3,0.0,0.3,0.0,2.0,0.0,1.8333333333333333,0.408248290463863,-0.10000000000002274,0.0,1.2246467991473532e-16,-1.0,-0.8660254037844386,0.5000000000000001,0.3,2.0
2026-08-05 20:50:00,210.0,2.0,0.3,1019.2,25.5,21.0,0.3,0.3,0.3,2.0,2.0,2.0,1019.3,1019.3,1019.3,0.3,0.0,0.3,0.0,2.0,0.0,2.0,0.0,-0.09999999999990905,-0.09999999999990905,-0.5000000000000001,-0.8660254037844386,-0.8660254037844386,0.5000000000000001,0.3,2.0
2026-08-05 21:20:00,230.0,2.0,0.3,1019.0,24.7,,0.3,0.3,0.3,2.0,2.0,2.0,1019.1,1019.2,1019.3,0.3,0.0,0.3,0.0,2.0,0.0,2.0,0.0,-0.2999999999999545,-0.20000000000004547,-0.7660444431189779,-0.6427876096865395,-0.7071067811865477,0.7071067811865474,0.3,3.0
2026-08-05 22:20:00,220.0,3.0,0.3,1018.7,24.1,21.1,0.3,0.3,0.3,3.0,3.0,2.0,1018.8,1019.0,1019.0,0.3,0.0,0.3,0.0,3.0,0.0,3.0,0.0,-0.2999999999999545,-0.2999999999999545,-0.6427876096865393,-0.766044443118978,-0.5000000000000004,0.8660254037844384,0.3,3.0
2026-08-05 23:20:00,240.0,3.0,0.3,1018.9,23.5,20.6,0.3,0.3,0.3,3.0,3.0,3.0,1018.9,1018.8,1018.7,0.3,0.0,0.3,0.0,3.0,0.0,3.0,0.0,0.1999999999999318,0.10000000000002274,-0.8660254037844385,-0.5000000000000004,-0.25881904510252157,0.9659258262890681,0.3,4.0
2026-08-05 23:50:00,210.0,4.0,0.3,1019.0,23.2,20.5,0.3,0.3,0.3,3.0,3.0,3.0,1019.0,1018.9,1018.8,0.3,0.0,0.3,0.0,3.3333333333333335,0.5773502691896257,3.1666666666666665,0.408248290463863,0.20000000000004547,0.10000000000002274,-0.5000000000000001,-0.8660254037844386,-0.25881904510252157,0.9659258262890681,0.3,5.0
2026-08-06 01:20:00,210.0,4.0,0.4,1019.9,22.6,19.8,0.4,0.3,0.3,4.0,5.0,5.0,1019.7,1019.7,1019.3,0.4,0.0,0.3666666666666667,0.05773502691896262,4.0,0.0,4.5,0.5477225575051653,0.6000000000000227,0.1999999999999318,-0.5000000000000001,-0.8660254037844386,0.25881904510252074,0.9659258262890683,0.4,4.0
2026-08-06 01:50:00,210.0,4.0,0.4,1019.9,22.3,19.5,0.4,0.4,0.3,5.0,4.0,5.0,1019.9,1019.9,1019.7,0.4,0.0,0.4,0.0,4.333333333333333,0.5773502691896258,4.166666666666667,0.40824829046386235,0.1999999999999318,0.0,-0.5000000000000001,-0.8660254037844386,0.25881904510252074,0.9659258262890683,0.4,5.0
2026-08-06 04:20:00,200.0,3.0,0.4,1019.9,21.2,19.7,0.4,0.3,0.4,3.0,3.0,3.0,1019.9,1020.0,1020.1,0.4,0.0,0.3666666666666667,0.057735026918962595,3.0,0.0,3.3333333333333335,0.5163977794943173,-0.20000000000004547,-0.10000000000002274,-0.34202014332566866,-0.9396926207859084,0.8660254037844386,0.5000000000000001,0.4,3.0
2026-08-06 05:20:00,210.0,2.0,0.4,1019.6,20.9,19.5,0.4,0.4,0.4,3.0,3.0,3.0,1019.7,1019.9,1019.9,0.4,0.0,0.4,0.0,2.6666666666666665,0.5773502691896257,2.8333333333333335,0.408248290463863,-0.2999999999999545,-0.2999999999999545,-0.5000000000000001,-0.8660254037844386,0.9659258262890683,0.25881904510252074,0.3,2.0
2026-08-06 07:20:00,220.0,3.0,0.3,1019.4,20.9,19.3,0.3,0.3,0.3,3.0,2.0,3.0,1019.4,1019.5,1019.4,0.3,0.0,0.3,0.0,2.6666666666666665,0.5773502691896257,2.3333333333333335,0.5163977794943223,0.0,-0.10000000000002274,-0.6427876096865393,-0.766044443118978,0.9659258262890683,-0.25881904510252063,0.3,2.0
2026-08-06 08:20:00,,0.0,0.3,1019.1,20.5,19.7,0.3,0.3,0.3,1.0,2.0,3.0,1019.2,1019.2,1019.4,0.3,0.0,0.3,0.0,0.6666666666666666,0.5773502691896258,1.3333333333333333,0.8164965809277254,-0.2999999999999545,-0.10000000000002274,,,0.8660254037844387,-0.4999999999999998,0.3,1.0
2026-08-06 08:50:00,230.0,1.0,0.3,1019.3,20.9,19.8,0.3,0.3,0.3,0.0,0.0,2.0,1019.1,1019.1,1019.2,0.3,0.0,0.3,0.0,0.3333333333333333,0.5773502691896258,0.5,0.5477225575051641,0.09999999999990905,0.1999999999999318,-0.7660444431189779,-0.6427876096865395,0.8660254037844387,-0.4999999999999998,0.3,0.0
2026-08-06 09:20:00,,0.0,0.3,1019.5,20.6,19.9,0.3,0.3,0.3,0.0,1.0,0.0,1019.3,1019.3,1019.1,0.3,0.0,0.3,0.0,0.3333333333333333,0.5773502691896258,0.3333333333333333,0.5163977794943199,0.39999999999997726,0.20000000000004547,,,0.7071067811865476,-0.7071067811865475,0.3,0.0
2026-08-06 10:20:00,110.0,1.0,0.3,1019.7,20.5,19.8,0.3,0.3,0.3,0.0,0.0,0.0,1019.6,1019.6,1019.5,0.3,0.0,0.3,0.0,0.3333333333333333,0.5773502691896258,0.16666666666666666,0.408248290463863,0.20000000000004547,0.10000000000002274,0.9396926207859084,-0.3420201433256687,0.49999999999999994,-0.8660254037844387,0.3,1.0
2026-08-06 11:20:00,120.0,1.0,0.3,1019.8,20.8,19.8,0.3,0.3,0.3,0.0,1.0,1.0,1019.8,1019.6,1019.7,0.3,0.0,0.3,0.0,0.3333333333333333,0.5773502691896258,0.6666666666666666,0.5163977794943223,0.09999999999990905,0.1999999999999318,0.8660254037844387,-0.4999999999999998,0.258819045102521,-0.9659258262890682,0.3,2.0
2026-08-06 11:50:00,140.0,2.0,0.3,1019.7,20.9,19.7,0.3,0.3,0.3,1.0,1.0,1.0,1019.7,1019.8,1019.6,0.3,0.0,0.3,0.0,1.3333333333333333,0.5773502691896258,0.8333333333333334,0.752772652709081,0.10000000000002274,-0.09999999999990905,0.6427876096865395,-0.7660444431189779,0.258819045102521,-0.9659258262890682,0.3,2.0
2026-08-06 13:20:00,180.0,2.0,0.3,1019.7,20.9,19.9,0.3,0.3,0.3,2.0,2.0,2.0,1019.7,1019.7,1019.7,0.3,0.0,0.3,0.0,2.0,0.0,2.0,0.0,0.0,0.0,1.2246467991473532e-16,-1.0,-0.2588190451025208,-0.9659258262890683,0.3,2.0
2026-08-06 13:50:00,170.0,2.0,0.3,1019.7,21.2,20.0,0.3,0.3,0.3,2.0,2.0,2.0,1019.7,1019.7,1019.7,0.3,0.0,0.3,0.0,2.0,0.0,2.0,0.0,0.0,0.0,0.17364817766693028,-0.984807753012208,-0.2588190451025208,-0.9659258262890683,0.3,1.0
2026-08-06 15:20:00,160.0,2.0,0.3,1019.6,21.4,20.7,0.3,0.3,0.3,2.0,3.0,1.0,1019.6,1019.7,1019.8,0.3,0.0,0.3,0.0,2.3333333333333335,0.5773502691896257,2.3333333333333335,0.5163977794943223,-0.1999999999999318,-0.10000000000002274,0.3420201433256689,-0.9396926207859083,-0.7071067811865471,-0.7071067811865479,0.3,2.0
2026-08-06 16:50:00,140.0,3.0,0.3,1019.0,22.3,21.7,0.3,0.3,0.3,2.0,2.0,2.0,1019.0,1019.1,1019.5,0.3,0.0,0.3,0.0,2.3333333333333335,0.5773502691896257,2.1666666666666665,0.408248290463863,-0.5,-0.10000000000002274,0.6427876096865395,-0.7660444431189779,-0.8660254037844385,-0.5000000000000004,0.3,3.0
2026-08-06 17:20:00,140.0,3.0,0.3,1018.8,22.5,21.8,0.3,0.3,0.3,3.0,3.0,2.0,1018.8,1019.0,1019.1,0.3,0.0,0.3,0.0,3.0,0.0,2.6666666666666665,0.5163977794943226,-0.3000000000000682,-0.20000000000004547,0.6427876096865395,-0.7660444431189779,-0.9659258262890683,-0.25881904510252063,0.4,3.0
2026-08-06 18:20:00,130.0,3.0,0.3,1018.5,22.8,21.8,0.3,0.4,0.3,4.0,3.0,3.0,1018.5,1018.7,1018.8,0.3,0.0,0.3333333333333333,0.0577350269189626,3.6666666666666665,0.5773502691896257,3.3333333333333335,0.5163977794943223,-0.2999999999999545,-0.20000000000004547,0.766044443118978,-0.6427876096865394,-1.0,-1.8369701987210297e-16,0.3,3.0
2026-08-06 19:50:00,120.0,3.0,0.3,1017.9,22.9,21.6,0.3,0.3,0.3,5.0,4.0,3.0,1017.9,1017.9,1018.0,0.3,0.0,0.3,0.0,4.0,1.0,4.0,0.6324555320336762,-0.10000000000002274,0.0,0.8660254037844387,-0.4999999999999998,-0.9659258262890684,0.2588190451025203,0.3,2.0
2026-08-06 22:20:00,120.0,3.0,0.3,1017.2,23.1,21.8,0.3,0.3,0.3,2.0,2.0,3.0,1017.0,1017.1,1017.2,0.3,0.0,0.3,0.0,2.6666666666666665,0.5773502691896257,2.5,0.5477225575051675,0.0,0.10000000000002274,0.8660254037844387,-0.4999999999999998,-0.5000000000000004,0.8660254037844384,0.3,2.0
2026-08-07 04:20:00,250.0,2.0,0.3,1018.7,22.8,20.7,0.3,0.3,0.3,2.0,3.0,3.0,1018.9,1018.6,1018.5,0.3,0.0,0.3,0.0,2.0,0.0,2.3333333333333335,0.5163977794943226,0.20000000000004547,0.10000000000002274,-0.9396926207859084,-0.34202014332566855,0.8660254037844386,0.5000000000000001,0.3,3.0
2026-08-07 04:50:00,230.0,3.0,0.3,1018.4,22.7,20.8,0.3,0.3,0.3,3.0,2.0,3.0,1018.5,1018.7,1018.6,0.3,0.0,0.3,0.0,3.0,0.0,2.5,0.5477225575051664,-0.20000000000004547,-0.3000000000000682,-0.7660444431189779,-0.6427876096865395,0.8660254037844386,0.5000000000000001,0.3,2.0
2026-08-07 05:20:00,250.0,2.0,0.3,1018.2,22.8,20.8,0.3,0.3,0.3,4.0,3.0,2.0,1018.3,1018.4,1018.7,0.3,0.0,0.3,0.0,3.0,0.9999999999999999,3.0,0.6324555320336759,-0.5,-0.1999999999999318,-0.9396926207859084,-0.34202014332566855,0.9659258262890683,0.25881904510252074,0.3,4.0
2026-08-07 07:20:00,200.0,5.0,0.3,1017.7,22.2,20.2,0.3,0.3,0.3,5.0,5.0,3.0,1017.6,1017.6,1017.6,0.3,0.0,0.3,0.0,5.0,0.0,4.666666666666667,0.5163977794943239,0.10000000000002274,0.10000000000002274,-0.34202014332566866,-0.9396926207859084,0.9659258262890683,-0.25881904510252063,0.3,4.0
2026-08-07 08:20:00,210.0,3.0,0.3,1017.9,21.3,19.8,0.3,0.3,0.3,3.0,4.0,5.0,1018.0,1017.8,1017.7,0.3,0.0,0.3,0.0,3.3333333333333335,0.5773502691896257,3.6666666666666665,0.5163977794943254,0.1999999999999318,0.10000000000002274,-0.5000000000000001,-0.8660254037844386,0.8660254037844387,-0.4999999999999998,0.3,3.0
2026-08-07 09:20:00,210.0,3.0,0.3,1018.2,21.5,20.0,0.3,0.3,0.3,3.0,3.0,3.0,1018.2,1018.0,1017.9,0.3,0.0,0.3,0.0,2.6666666666666665,0.5773502691896257,2.6666666666666665,0.5163977794943281,0.3000000000000682,0.20000000000004547,-0.5000000000000001,-0.8660254037844386,0.7071067811865476,-0.7071067811865475,0.3,3.0
2026-08-07 09:50:00,220.0,3.0,0.3,1018.3,21.5,20.0,0.3,0.3,0.3,3.0,3.0,3.0,1018.4,1018.2,1018.0,0.3,0.0,0.3,0.0,3.0,0.0,2.8333333333333335,0.4082482904638697,0.2999999999999545,0.09999999999990905,-0.6427876096865393,-0.766044443118978,0.7071067811865476,-0.7071067811865475,0.3,2.0
2026-08-07 10:20:00,240.0,2.0,0.3,1018.3,21.3,20.0,0.3,0.3,0.3,2.0,3.0,3.0,1018.3,1018.3,1018.2,0.3,0.0,0.3,0.0,2.0,0.0,2.5,0.5477225575051664,0.09999999999990905,0.0,-0.8660254037844385,-0.5000000000000004,0.49999999999999994,-0.8660254037844387,0.2,1.0
2026-08-07 11:20:00,250.0,2.0,0.3,1018.3,21.3,20.0,0.3,0.2,0.3,1.0,1.0,2.0,1018.2,1018.2,1018.3,0.3,0.0,0.26666666666666666,0.05773502691896256,1.6666666666666667,0.5773502691896258,1.5,0.5477225575051665,0.0,0.09999999999990905,-0.9396926207859084,-0.34202014332566855,0.258819045102521,-0.9659258262890682,0.2,3.0
2026-08-07 13:20:00,260.0,3.0,0.2,1018.4,22.1,20.4,0.2,0.2,0.2,3.0,2.0,3.0,1018.3,1018.4,1018.7,0.2,0.0,0.2,0.0,3.0,0.0,2.6,0.5477225575051671,-0.3000000000000682,0.0,-0.984807753012208,-0.17364817766693033,-0.2588190451025208,-0.9659258262890683,0.2,3.0
2026-08-07 13:50:00,260.0,3.0,0.2,1018.4,22.3,20.5,0.2,0.2,0.2,3.0,3.0,2.0,1018.4,1018.4,1018.4,0.2,0.0,0.2,0.0,3.0,0.0,3.0,0.0,0.0,0.0,-0.984807753012208,-0.17364817766693033,-0.2588190451025208,-0.9659258262890683,0.2,2.0
2026-08-07 14:20:00,240.0,2.0,0.2,1018.2,22.6,20.6,0.2,0.2,0.2,3.0,3.0,3.0,1018.2,1018.4,1018.4,0.2,0.0,0.2,0.0,2.6666666666666665,0.5773502691896257,2.8333333333333335,0.408248290463863,-0.1999999999999318,-0.1999999999999318,-0.8660254037844385,-0.5000000000000004,-0.4999999999999997,-0.8660254037844388,0.2,3.0
2026-08-07 14:50:00,250.0,3.0,0.2,1018.3,22.8,20.8,0.2,0.2,0.2,3.0,2.0,3.0,1018.3,1018.2,1018.4,0.2,0.0,0.2,0.0,3.0,0.0,2.8333333333333335,0.408248290463863,-0.10000000000002274,0.09999999999990905,-0.9396926207859084,-0.34202014332566855,-0.4999999999999997,-0.8660254037844388,0.2,3.0
2026-08-07 15:20:00,230.0,3.0,0.2,1018.4,23.1,21.1,0.2,0.2,0.2,3.0,3.0,2.0,1018.3,1018.3,1018.2,0.2,0.0,0.2,0.0,3.0,0.0,3.0,0.0,0.1999999999999318,0.10000000000002274,-0.7660444431189779,-0.6427876096865395,-0.7071067811865471,-0.7071067811865479,0.2,2.0
2026-08-07 16:20:00,240.0,1.0,0.3,1018.1,25.6,21.8,0.3,0.2,0.2,1.0,2.0,3.0,1018.1,1018.2,1018.4,0.3,0.0,0.26666666666666666,0.05773502691896256,1.3333333333333333,0.5773502691896258,1.8333333333333333,0.7527726527090814,-0.2999999999999545,-0.10000000000002274,-0.8660254037844385,-0.5000000000000004,-0.8660254037844385,-0.5000000000000004,0.2,2.0
2026-08-07 17:20:00,290.0,2.0,0.3,1017.8,27.5,23.7,0.3,0.2,0.3,2.0,2.0,1.0,1017.8,1017.9,1018.1,0.3,0.0,0.26666666666666666,0.05773502691896256,2.0,0.0,1.8333333333333333,0.4082482904638638,-0.3000000000000682,-0.10000000000002274,-0.9396926207859083,0.342020143325669,-0.9659258262890683,-0.25881904510252063,0.3,1.0
2026-08-07 18:20:00,160.0,2.0,0.3,1017.4,25.5,22.5,0.3,0.3,0.3,2.0,1.0,2.0,1017.4,1017.6,1017.8,0.3,0.0,0.3,0.0,2.0,0.0,1.8333333333333333,0.408248290463863,-0.39999999999997726,-0.20000000000004547,0.3420201433256689,-0.9396926207859083,-1.0,-1.8369701987210297e-16,0.3,2.0
2026-08-07 19:20:00,150.0,2.0,0.3,1016.8,25.0,22.7,0.3,0.3,0.3,3.0,2.0,2.0,1017.0,1017.2,1017.4,0.3,0.0,0.3,0.0,2.3333333333333335,0.5773502691896257,2.3333333333333335,0.5163977794943225,-0.6000000000000227,-0.40000000000009095,0.49999999999999994,-0.8660254037844387,-0.9659258262890684,0.2588190451025203,0.2,3.0
2026-08-07 19:50:00,150.0,3.0,0.2,1016.3,25.0,22.1,0.2,0.3,0.3,3.0,2.0,2.0,1016.5,1016.8,1017.2,0.2,0.0,0.25,0.057735026918962595,3.0,0.0,2.6666666666666665,0.5163977794943228,-0.900000000000091,-0.5,0.49999999999999994,-0.8660254037844387,-0.9659258262890684,0.2588190451025203,0.3,3.0
2026-08-07 20:20:00,150.0,3.0,0.3,1016.0,24.9,22.4,0.3,0.2,0.3,3.0,3.0,2.0,1016.3,1016.3,1016.8,0.3,0.0,0.25,0.057735026918962595,3.0,0.0,3.0,0.0,-0.7999999999999545,-0.2999999999999545,0.49999999999999994,-0.8660254037844387,-0.8660254037844386,0.5000000000000001,0.3,3.0
2026-08-07 21:20:00,150.0,3.0,0.3,1015.9,25.0,23.2,0.3,0.3,0.3,3.0,3.0,3.0,1015.9,1016.0,1016.0,0.3,0.0,0.3,0.0,3.0,0.0,2.8333333333333335,0.408248290463863,-0.10000000000002274,-0.10000000000002274,0.49999999999999994,-0.8660254037844387,-0.7071067811865477,0.7071067811865474,0.3,4.0
2026-08-07 22:20:00,160.0,3.0,0.3,1015.8,24.5,23.3,0.3,0.3,0.3,3.0,4.0,3.0,1015.8,1015.8,1015.9,0.3,0.0,0.3,0.0,3.3333333333333335,0.5773502691896257,3.5,0.5477225575051664,-0.10000000000002274,0.0,0.3420201433256689,-0.9396926207859083,-0.5000000000000004,0.8660254037844384,0.3,3.0
2026-08-08 00:20:00,,0.0,0.2,1016.1,23.8,22.8,0.2,0.3,0.3,0.0,2.0,3.0,1016.0,1016.2,1016.3,0.2,0.0,0.2333333333333333,0.05773502691896256,0.6666666666666666,1.1547005383792517,1.1666666666666667,0.9831920802501748,-0.1999999999999318,-0.10000000000002274,,,0.0,1.0,0.2,2.0
2026-08-08 01:20:00,180.0,3.0,0.2,1016.4,23.6,22.8,0.2,0.2,0.2,3.0,2.0,0.0,1016.6,1016.4,1016.1,0.2,0.0,0.2,0.0,2.6666666666666665,0.5773502691896257,2.0,0.8944271909999157,0.2999999999999545,0.0,1.2246467991473532e-16,-1.0,0.25881904510252074,0.9659258262890683,0.2,3.0
2026-08-08 02:20:00,210.0,3.0,0.2,1016.4,25.1,22.3,0.2,0.2,0.2,4.0,3.0,3.0,1016.4,1016.7,1016.4,0.2,0.0,0.2,0.0,3.6666666666666665,0.5773502691896257,3.3333333333333335,0.5163977794943223,0.0,-0.3000000000000682,-0.5000000000000001,-0.8660254037844386,0.49999999999999994,0.8660254037844387,0.2,3.0
2026-08-08 03:20:00,230.0,2.0,0.2,1016.0,23.7,21.9,0.2,0.2,0.2,2.0,3.0,3.0,1016.0,1016.4,1016.4,0.2,0.0,0.2,0.0,2.3333333333333335,0.5773502691896257,2.6666666666666665,0.5163977794943223,-0.39999999999997726,-0.39999999999997726,-0.7660444431189779,-0.6427876096865395,0.7071067811865476,0.7071067811865476,0.2,3.0
2026-08-08 04:20:00,210.0,3.0,0.2,1016.0,23.6,21.8,0.2,0.2,0.2,3.0,3.0,2.0,1015.9,1015.9,1016.0,0.2,0.0,0.2,0.0,3.0,0.0,2.8333333333333335,0.408248290463863,0.0,0.10000000000002274,-0.5000000000000001,-0.8660254037844386,0.8660254037844386,0.5000000000000001,0.2,4.0
2026-08-08 06:20:00,220.0,1.0,0.3,1015.1,23.1,21.5,0.3,0.2,0.2,2.0,3.0,4.0,1015.4,1015.6,1015.6,0.3,0.0,0.26666666666666666,0.05773502691896256,1.6666666666666667,0.5773502691896258,2.3333333333333335,0.816496580927726,-0.5,-0.5,-0.6427876096865393,-0.766044443118978,1.0,6.123233995736766e-17,0.2,1.0
2026-08-08 07:20:00,230.0,2.0,0.3,1014.7,22.6,21.5,0.3,0.2,0.3,2.0,1.0,1.0,1014.8,1014.9,1015.1,0.3,0.0,0.26666666666666666,0.05773502691896256,2.0,0.0,1.3333333333333333,0.8164965809277261,-0.39999999999997726,-0.1999999999999318,-0.7660444431189779,-0.6427876096865395,0.9659258262890683,-0.25881904510252063,0.2,1.0
2026-08-08 11:20:00,240.0,3.0,0.2,1014.6,21.9,21.2,0.2,0.3,0.3,3.0,3.0,3.0,1014.4,1014.3,1014.5,0.2,0.0,0.2333333333333333,0.05773502691896256,3.0,0.0,2.6666666666666665,0.516397779494322,0.10000000000002274,0.3000000000000682,-0.8660254037844385,-0.5000000000000004,0.258819045102521,-0.9659258262890682,0.2,3.0
2026-08-08 12:20:00,260.0,3.0,0.2,1014.7,22.0,21.2,0.2,0.2,0.2,3.0,3.0,3.0,1014.5,1014.4,1014.6,0.2,0.0,0.2,0.0,3.0,0.0,3.1666666666666665,0.40824829046386246,0.10000000000002274,0.3000000000000682,-0.984807753012208,-0.17364817766693033,1.2246467991473532e-16,-1.0,0.2,4.0
2026-08-08 15:20:00,250.0,3.0,0.3,1014.1,23.3,21.6,0.3,0.3,0.2,3.0,3.0,3.0,1014.1,1014.2,1014.2,0.3,0.0,0.3,0.0,3.0,0.0,3.0,0.0,-0.10000000000002274,-0.10000000000002274,-0.9396926207859084,-0.34202014332566855,-0.7071067811865471,-0.7071067811865479,0.3,2.0
2026-08-08 16:20:00,300.0,1.0,0.3,1014.0,25.5,22.3,0.3,0.3,0.3,1.0,2.0,3.0,1013.9,1014.0,1014.1,0.3,0.0,0.3,0.0,1.3333333333333333,0.5773502691896258,2.0,0.8944271909999164,-0.10000000000002274,0.0,-0.8660254037844386,0.5000000000000001,-0.8660254037844385,-0.5000000000000004,0.3,2.0
2026-08-08 20:20:00,150.0,4.0,0.3,1011.4,,22.6,0.3,0.3,0.3,4.0,3.0,3.0,1011.4,1011.7,1012.0,0.3,0.0,0.3,0.0,3.6666666666666665,0.5773502691896257,3.3333333333333335,0.5163977794943223,-0.6000000000000227,-0.3000000000000682,0.49999999999999994,-0.8660254037844387,-0.8660254037844386,0.5000000000000001,0.3,3.0
2026-08-08 22:20:00,160.0,2.0,0.3,1010.9,25.8,23.2,0.3,0.3,0.3,2.0,3.0,3.0,1010.9,1010.8,1010.6,0.3,0.0,0.3,0.0,2.3333333333333335,0.5773502691896257,2.6666666666666665,0.5163977794943223,0.2999999999999545,0.10000000000002274,0.3420201433256689,-0.9396926207859083,-0.5000000000000004,0.8660254037844384,0.3,3.0
2026-08-09 00:50:00,240.0,5.0,0.4,1011.5,24.7,21.9,0.4,0.4,0.3,3.0,5.0,6.0,1011.2,1010.9,1011.1,0.4,0.0,0.4,0.0,4.0,1.0,4.833333333333333,1.1690451944500113,0.39999999999997726,0.6000000000000227,-0.8660254037844385,-0.5000000000000004,0.0,1.0,0.4,5.0
2026-08-09 01:20:00,260.0,5.0,0.4,1012.0,24.1,21.8,0.4,0.4,0.4,6.0,5.0,5.0,1011.8,1011.5,1010.9,0.4,0.0,0.4,0.0,5.666666666666667,0.5773502691896258,4.833333333333333,1.1690451944500113,1.1000000000000227,0.5,-0.984807753012208,-0.17364817766693033,0.25881904510252074,0.9659258262890683,0.4,6.0
2026-08-09 03:20:00,240.0,4.0,0.4,1012.4,22.8,21.1,0.4,0.3,0.4,4.0,5.0,6.0,1012.5,1012.2,1012.3,0.4,0.0,0.3666666666666667,0.057735026918962595,4.333333333333333,0.5773502691896258,4.833333333333333,0.7527726527090798,0.10000000000002274,0.1999999999999318,-0.8660254037844385,-0.5000000000000004,0.7071067811865476,0.7071067811865476,0.3,4.0
2026-08-09 04:20:00,240.0,5.0,0.3,1012.5,23.0,21.2,0.3,0.3,0.4,4.0,4.0,4.0,1012.5,1012.5,1012.4,0.3,0.0,0.3,0.0,4.0,1.0,3.5,1.0488088481701499,0.10000000000002274,0.0,-0.8660254037844385,-0.5000000000000004,0.8660254037844386,0.5000000000000001,0.3,5.0
2026-08-09 04:50:00,240.0,5.0,0.3,1012.4,22.4,21.2,0.3,0.3,0.3,5.0,5.0,4.0,1012.4,1012.5,1012.5,0.3,0.0,0.3,0.0,5.0,0.0,4.5,0.8366600265340732,-0.10000000000002274,-0.10000000000002274,-0.8660254037844385,-0.5000000000000004,0.8660254037844386,0.5000000000000001,0.3,5.0
2026-08-09 06:20:00,260.0,4.0,0.3,1012.5,22.1,21.1,0.3,0.3,0.3,4.0,5.0,5.0,1012.4,1012.5,1012.6,0.3,0.0,0.3,0.0,4.333333333333333,0.5773502691896258,4.666666666666667,0.5163977794943221,-0.10000000000002274,0.0,-0.984807753012208,-0.17364817766693033,1.0,6.123233995736766e-17,0.3,4.0
2026-08-09 07:20:00,240.0,3.0,0.3,1012.3,21.6,21.0,0.3,0.3,0.3,4.0,4.0,4.0,1012.3,1012.3,1012.5,0.3,0.0,0.3,0.0,3.3333333333333335,0.5773502691896258,3.8,0.8366600265340753,-0.20000000000004547,0.0,-0.8660254037844385,-0.5000000000000004,0.9659258262890683,-0.25881904510252063,0.2,3.0
2026-08-09 09:20:00,250.0,3.0,0.3,1012.2,21.6,20.8,0.3,0.2,0.2,3.0,4.0,4.0,1012.2,1012.1,1012.1,0.3,0.0,0.26666666666666666,0.05773502691896256,3.0,0.0,3.1666666666666665,0.4082482904638625,0.10000000000002274,0.10000000000002274,-0.9396926207859084,-0.34202014332566855,0.7071067811865476,-0.7071067811865475,0.3,3.0
2026-08-09 10:50:00,230.0,3.0,0.3,1012.5,21.3,20.9,0.3,0.3,0.3,3.0,3.0,3.0,1012.4,1012.4,1012.3,0.3,0.0,0.3,0.0,3.0,0.0,3.0,0.0,0.20000000000004547,0.10000000000002274,-0.7660444431189779,-0.6427876096865395,0.49999999999999994,-0.8660254037844387,0.3,3.0
2026-08-09 11:20:00,210.0,3.0,0.3,1012.8,21.3,20.8,0.3,0.3,0.3,3.0,3.0,3.0,1012.8,1012.5,1012.4,0.3,0.0,0.3,0.0,3.0,0.0,3.0,0.0,0.39999999999997726,0.2999999999999545,-0.5000000000000001,-0.8660254037844386,0.258819045102521,-0.9659258262890682,0.3,2.0
2026-08-09 12:50:00,190.0,1.0,0.3,1012.9,22.1,20.9,0.3,0.3,0.3,1.0,2.0,2.0,1013.0,1013.0,1013.0,0.3,0.0,0.3,0.0,1.0,0.0,1.6666666666666667,0.8164965809277264,-0.10000000000002274,-0.10000000000002274,-0.17364817766693047,-0.984807753012208,1.2246467991473532e-16,-1.0,0.3,3.0
2026-08-09 13:20:00,240.0,3.0,0.3,1012.8,22.2,21.0,0.3,0.3,0.3,2.0,1.0,2.0,1012.8,1012.9,1013.0,0.3,0.0,0.3,0.0,2.3333333333333335,0.5773502691896257,1.6666666666666667,0.8164965809277264,-0.20000000000004547,-0.10000000000002274,-0.8660254037844385,-0.5000000000000004,-0.2588190451025208,-0.9659258262890683,0.3,3.0
2026-08-09 13:50:00,260.0,3.0,0.3,1012.5,22.6,21.1,0.3,0.3,0.3,4.0,3.0,1.0,1012.6,1012.8,1012.9,0.3,0.0,0.3,0.0,3.3333333333333335,0.5773502691896257,2.8333333333333335,0.7527726527090814,-0.39999999999997726,-0.2999999999999545,-0.984807753012208,-0.17364817766693033,-0.2588190451025208,-0.9659258262890683,0.3,2.0
2026-08-09 14:50:00,260.0,3.0,0.3,1012.6,23.3,21.3,0.3,0.3,0.3,3.0,2.0,3.0,1012.5,1012.6,1012.5,0.3,0.0,0.3,0.0,3.3333333333333335,0.5773502691896257,3.0,0.6324555320336765,0.10000000000002274,0.0,-0.984807753012208,-0.17364817766693033,-0.4999999999999997,-0.8660254037844388,0.3,4.0
2026-08-09 16:20:00,250.0,4.0,0.3,1012.6,24.6,21.6,0.3,0.3,0.3,4.0,3.0,4.0,1012.6,1012.7,1012.5,0.3,0.0,0.3,0.0,4.0,0.0,3.5,0.5477225575051675,0.10000000000002274,-0.10000000000002274,-0.9396926207859084,-0.34202014332566855,-0.8660254037844385,-0.5000000000000004,0.3,4.0
2026-08-09 19:20:00,270.0,2.0,0.3,1012.0,24.6,22.2,0.3,0.3,0.3,2.0,3.0,4.0,1012.1,1012.2,1012.3,0.3,0.0,0.3,0.0,2.3333333333333335,0.5773502691896257,2.6666666666666665,0.5163977794943226,-0.2999999999999545,-0.20000000000004547,-1.0,-1.8369701987210297e-16,-0.9659258262890684,0.2588190451025203,0.3,3.0
2026-08-09 19:50:00,250.0,3.0,0.3,1011.9,25.1,22.5,0.3,0.3,0.3,4.0,2.0,3.0,1011.9,1012.0,1012.2,0.3,0.0,0.3,0.0,3.6666666666666665,0.5773502691896257,3.0,0.8944271909999162,-0.3000000000000682,-0.10000000000002274,-0.9396926207859084,-0.34202014332566855,-0.9659258262890684,0.2588190451025203,0.3,3.0
2026-08-09 20:20:00,270.0,3.0,0.3,1011.7,25.0,22.3,0.3,0.3,0.3,4.0,3.0,2.0,1011.9,1011.9,1012.0,0.3,0.0,0.3,0.0,3.3333333333333335,0.5773502691896257,3.5,0.5477225575051664,-0.2999999999999545,-0.1999999999999318,-1.0,-1.8369701987210297e-16,-0.8660254037844386,0.5000000000000001,0.3,3.0
2026-08-09 21:20:00,270.0,4.0,0.3,1011.7,25.1,22.3,0.3,0.3,0.3,3.0,3.0,3.0,1011.7,1011.7,1011.7,0.3,0.0,0.3,0.0,3.3333333333333335,0.5773502691896257,3.3333333333333335,0.5163977794943226,0.0,0.0,-1.0,-1.8369701987210297e-16,-0.7071067811865477,0.7071067811865474,0.3,4.0
2026-08-10 01:20:00,260.0,4.0,0.3,1013.3,23.8,21.5,0.3,0.4,0.4,4.0,5.0,4.0,1013.2,1013.0,1012.8,0.3,0.0,0.3333333333333333,0.05773502691896262,4.0,0.0,4.5,0.547722557505168,0.5,0.2999999999999545,-0.984807753012208,-0.17364817766693033,0.25881904510252074,0.9659258262890683,0.3,4.0
2026-08-10 02:20:00,260.0,4.0,0.3,1013.7,22.7,21.2,0.3,0.3,0.3,4.0,4.0,4.0,1013.7,1013.5,1013.3,0.3,0.0,0.3,0.0,4.0,0.0,4.0,0.0,0.40000000000009095,0.20000000000004547,-0.984807753012208,-0.17364817766693033,0.49999999999999994,0.8660254037844387,0.2,4.0
2026-08-10 03:20:00,250.0,4.0,0.2,1013.9,22.0,20.9,0.2,0.2,0.3,3.0,4.0,4.0,1013.9,1013.7,1013.7,0.2,0.0,0.2,0.0,3.3333333333333335,0.5773502691896257,3.6666666666666665,0.5163977794943223,0.1999999999999318,0.1999999999999318,-0.9396926207859084,-0.34202014332566855,0.7071067811865476,0.7071067811865476,0.2,4.0
2026-08-10 04:20:00,260.0,3.0,0.2,1014.4,22.1,21.2,0.2,0.2,0.2,4.0,4.0,4.0,1014.3,1014.2,1013.9,0.2,0.0,0.2,0.0,3.6666666666666665,0.5773502691896257,3.8333333333333335,0.408248290463863,0.5,0.1999999999999318,-0.984807753012208,-0.17364817766693033,0.8660254037844386,0.5000000000000001,0.2,3.0
2026-08-10 06:20:00,270.0,4.0,0.2,1014.7,22.0,20.9,0.2,0.2,0.2,4.0,4.0,4.0,1014.8,1014.8,1014.8,0.2,0.0,0.2,0.0,4.0,0.0,4.0,0.0,-0.09999999999990905,-0.09999999999990905,-1.0,-1.8369701987210297e-16,1.0,6.123233995736766e-17,0.2,4.0
2026-08-10 06:50:00,270.0,4.0,0.2,1015.0,21.8,20.9,0.2,0.2,0.2,4.0,4.0,4.0,1014.8,1014.7,1014.8,0.2,0.0,0.2,0.0,4.0,0.0,4.0,0.0,0.20000000000004547,0.2999999999999545,-1.0,-1.8369701987210297e-16,1.0,6.123233995736766e-17,0.2,4.0
2026-08-10 07:20:00,260.0,4.0,0.2,1015.1,21.7,20.9,0.2,0.2,0.2,4.0,4.0,4.0,1014.9,1015.0,1014.7,0.2,0.0,0.2,0.0,4.0,0.0,4.0,0.0,0.39999999999997726,0.10000000000002274,-0.984807753012208,-0.17364817766693033,0.9659258262890683,-0.25881904510252063,0.2,3.0
2026-08-10 09:20:00,270.0,3.0,0.2,1015.1,21.1,20.5,0.2,0.2,0.2,3.0,2.0,3.0,1015.1,1015.0,1015.0,0.2,0.0,0.2,0.0,3.0,0.0,2.8333333333333335,0.408248290463863,0.10000000000002274,0.10000000000002274,-1.0,-1.8369701987210297e-16,0.7071067811865476,-0.7071067811865475,0.2,3.0
2026-08-10 10:20:00,310.0,2.0,0.2,1015.7,20.9,20.3,0.2,0.2,0.2,3.0,3.0,3.0,1015.4,1015.3,1015.1,0.2,0.0,0.2,0.0,2.3333333333333335,0.5773502691896257,2.5,0.5477225575051664,0.6000000000000227,0.40000000000009095,-0.7660444431189781,0.6427876096865393,0.49999999999999994,-0.8660254037844387,0.2,2.0
2026-08-10 10:50:00,300.0,2.0,0.2,1015.9,20.8,20.4,0.2,0.2,0.2,1.0,2.0,3.0,1015.8,1015.7,1015.3,0.2,0.0,0.2,0.0,1.6666666666666667,0.5773502691896258,2.0,0.6324555320336763,0.6000000000000227,0.1999999999999318,-0.8660254037844386,0.5000000000000001,0.49999999999999994,-0.8660254037844387,0.2,0.0
2026-08-10 11:50:00,340.0,1.0,0.2,1015.5,21.3,20.4,0.2,0.2,0.2,0.0,0.0,2.0,1015.6,1015.6,1015.9,0.2,0.0,0.2,0.0,0.3333333333333333,0.5773502691896258,0.16666666666666666,0.408248290463863,-0.39999999999997726,-0.10000000000002274,-0.3420201433256686,0.9396926207859084,0.258819045102521,-0.9659258262890682,0.3,0.0
2026-08-10 12:20:00,,0.0,0.3,1015.6,21.6,20.4,0.3,0.2,0.2,0.0,1.0,0.0,1015.5,1015.5,1015.6,0.3,0.0,0.25,0.05773502691896256,0.3333333333333333,0.5773502691896258,0.3333333333333333,0.5163977794943223,0.0,0.10000000000002274,,,1.2246467991473532e-16,-1.0,0.3,0.0
2026-08-10 13:20:00,,0.0,0.3,1015.3,21.8,20.7,0.3,0.3,0.3,0.0,0.0,0.0,1015.2,1015.6,1015.6,0.3,0.0,0.3,0.0,0.0,0.0,0.3333333333333333,0.5163977794943223,-0.3000000000000682,-0.3000000000000682,,,-0.2588190451025208,-0.9659258262890683,0.3,0.0
2026-08-10 14:20:00,,0.0,0.3,1015.5,22.2,20.8,0.3,0.3,0.3,0.0,0.0,0.0,1015.5,1015.5,1015.3,0.3,0.0,0.3,0.0,0.0,0.0,0.0,0.0,0.20000000000004547,0.0,,,-0.4999999999999997,-0.8660254037844388,0.3,0.0
2026-08-10 15:20:00,260.0,2.0,0.3,1015.8,21.3,21.4,0.3,0.3,0.3,2.0,0.0,0.0,1015.5,1015.4,1015.5,0.3,0.0,0.3,0.0,1.6666666666666667,0.5773502691896257,0.8333333333333334,0.9831920802501751,0.2999999999999545,0.39999999999997726,-0.984807753012208,-0.17364817766693033,-0.7071067811865471,-0.7071067811865479,0.3,1.0
