timestamp,wind_dir,wind_speed,wave_height,pressure,air_temp,water_temp,wave_height_1h,wave_height_3h,wave_height_6h,wind_speed_1h,wind_speed_3h,wind_speed_6h,pressure_1h,pressure_3h,pressure_6h,wave_height_roll_mean_3h,wave_height_roll_std_3h,wave_height_roll_mean_6h,wave_height_roll_std_6h,wind_speed_roll_mean_3h,wind_speed_roll_std_3h,wind_speed_roll_mean_6h,wind_speed_roll_std_6h,pressure_drop_6h,pressure_drop_3h,wind_dir_sin,wind_dir_cos,hour_sin,hour_cos,target_wave_height_3h,target_wind_speed_3h
2026-06-26 06:00:00,290,7.0,1.6,1013.8,14.1,16.0,1.6,1.3,1.1,8.0,6.0,6.0,1013.7,1013.5,1014.0,1.5333333333333332,0.11547005383792525,1.3666666666666665,0.20655911179772904,7.0,0.9999999999999998,6.5,0.8366600265340757,-0.20000000000004547,0.2999999999999545,-0.9396926207859083,0.342020143325669,1.0,6.123233995736766e-17,1.7,7.0
2026-06-26 07:00:00,300,8.0,1.7,1013.8,14.0,15.9,1.6,1.4,1.1,7.0,6.0,6.0,1013.8,1013.5,1013.9,1.6333333333333335,0.05773502691896253,1.4666666666666668,0.19663841605003535,7.666666666666667,0.5773502691896253,6.833333333333333,0.9831920802501752,-0.10000000000002274,0.2999999999999545,-0.8660254037844386,0.5000000000000001,0.9659258262890683,-0.25881904510252063,1.7,7.0
2026-06-26 08:00:00,300,8.0,1.7,1014.0,14.0,15.9,1.7,1.6,1.2,8.0,8.0,6.0,1013.8,1013.7,1013.7,1.6666666666666667,0.05773502691896261,1.55,0.16431676725155042,7.666666666666667,0.5773502691896253,7.166666666666667,0.9831920802501752,0.2999999999999545,0.2999999999999545,-0.8660254037844386,0.5000000000000001,0.8660254037844387,-0.4999999999999998,1.8,7.0
2026-06-26 09:00:00,300,7.0,1.7,1013.8,14.0,15.9,1.7,1.6,1.3,8.0,7.0,6.0,1014.0,1013.8,1013.5,1.7,0.0,1.6166666666666665,0.11690451944500235,7.666666666666667,0.5773502691896258,7.333333333333333,0.8164965809277263,0.2999999999999545,0.0,-0.8660254037844386,0.5000000000000001,0.7071067811865476,-0.7071067811865475,1.6,7.0
2026-06-26 10:00:00,300,7.0,1.7,1013.5,14.2,15.7,1.7,1.7,1.4,7.0,8.0,6.0,1013.8,1013.8,1013.5,1.7,0.0,1.6666666666666667,0.0516397779494352,7.333333333333333,0.5773502691896258,7.5,0.5477225575051662,0.0,-0.2999999999999545,-0.8660254037844386,0.5000000000000001,0.49999999999999994,-0.8660254037844387,1.4,7.0
2026-06-26 11:00:00,300,7.0,1.8,1013.5,14.2,15.7,1.7,1.7,1.6,7.0,8.0,8.0,1013.5,1014.0,1013.7,1.7333333333333334,0.057735026918962595,1.7,0.06324555320337032,7.0,0.0,7.333333333333333,0.5163977794943224,-0.20000000000004547,-0.5,-0.8660254037844386,0.5000000000000001,0.258819045102521,-0.9659258262890682,1.4,6.0
2026-06-26 12:00:00,290,7.0,1.6,1013.5,14.3,15.6,1.8,1.7,1.6,7.0,7.0,7.0,1013.5,1013.8,1013.8,1.7,0.09999999999999992,1.7,0.06324555320337032,7.0,0.0,7.333333333333333,0.5163977794943224,-0.2999999999999545,-0.2999999999999545,-0.9396926207859083,0.342020143325669,1.2246467991473532e-16,-1.0,1.3,5.0
2026-06-26 13:00:00,300,7.0,1.4,1013.4,14.4,15.6,1.6,1.7,1.7,7.0,7.0,8.0,1013.5,1013.5,1013.8,1.5999999999999999,0.19999999999999996,1.6500000000000001,0.1378404875209033,7.0,0.0,7.166666666666667,0.4082482904638637,-0.39999999999997726,-0.10000000000002274,-0.8660254037844386,0.5000000000000001,-0.2588190451025208,-0.9659258262890683,1.4,6.0
2026-06-26 14:00:00,290,6.0,1.4,1013.6,14.7,15.7,1.4,1.8,1.7,7.0,7.0,8.0,1013.4,1013.5,1014.0,1.4666666666666668,0.11547005383792482,1.5999999999999999,0.16733200530681588,6.666666666666667,0.5773502691896258,6.833333333333333,0.40824829046386296,-0.39999999999997726,0.10000000000002274,-0.9396926207859083,0.342020143325669,-0.4999999999999997,-0.8660254037844388,1.4,7.0
2026-06-26 15:00:00,290,5.0,1.3,1014.2,14.9,15.8,1.4,1.6,1.7,6.0,7.0,7.0,1013.6,1013.5,1013.8,1.3666666666666665,0.05773502691896253,1.5333333333333332,0.19663841605003554,6.0,1.0,6.5,0.8366600265340755,0.40000000000009095,0.7000000000000455,-0.9396926207859083,0.342020143325669,-0.7071067811865471,-0.7071067811865479,1.2,6.0
2026-06-26 16:00:00,290,6.0,1.4,1014.5,14.9,15.8,1.3,1.4,1.7,5.0,7.0,7.0,1014.2,1013.4,1013.5,1.3666666666666665,0.05773502691896253,1.4833333333333334,0.18348478592697223,5.666666666666667,0.5773502691896258,6.333333333333333,0.816496580927726,1.0,1.1000000000000227,-0.9396926207859083,0.342020143325669,-0.8660254037844385,-0.5000000000000004,1.2,5.0
2026-06-26 17:00:00,290,7.0,1.4,1015.0,14.7,15.7,1.4,1.4,1.8,6.0,6.0,7.0,1014.5,1013.6,1013.5,1.3666666666666665,0.05773502691896253,1.4166666666666667,0.098319208025018,6.0,1.0,6.333333333333333,0.816496580927726,1.5,1.3999999999999773,-0.9396926207859083,0.342020143325669,-0.9659258262890683,-0.25881904510252063,1.1,5.0
2026-06-26 18:00:00,290,6.0,1.2,1015.2,14.9,15.8,1.4,1.3,1.6,7.0,5.0,7.0,1015.0,1014.2,1013.5,1.3333333333333333,0.11547005383792512,1.3499999999999999,0.0836660026534077,6.333333333333333,0.5773502691896258,6.166666666666667,0.7527726527090811,1.7000000000000455,1.0,-0.9396926207859083,0.342020143325669,-1.0,-1.8369701987210297e-16,1.0,6.0
2026-06-26 19:00:00,280,5.0,1.2,1015.6,15.5,16.0,1.2,1.4,1.4,6.0,6.0,7.0,1015.2,1014.5,1013.4,1.2666666666666666,0.1154700538379251,1.3166666666666667,0.09831920802501755,6.0,1.0,5.833333333333333,0.7527726527090819,2.2000000000000455,1.1000000000000227,-0.9848077530122081,0.17364817766692997,-0.9659258262890684,0.2588190451025203,0.9,5.0
2026-06-26 20:00:00,260,5.0,1.1,1015.7,15.8,16.2,1.2,1.4,1.4,5.0,7.0,6.0,1015.6,1015.0,1013.6,1.1666666666666667,0.05773502691896253,1.2666666666666666,0.12110601416389961,5.333333333333333,0.5773502691896258,5.666666666666667,0.8164965809277271,2.1000000000000227,0.7000000000000455,-0.984807753012208,-0.17364817766693033,-0.8660254037844386,0.5000000000000001,0.9,5.0
2026-06-26 21:00:00,250,6.0,1.0,1015.9,15.7,16.2,1.1,1.2,1.3,5.0,6.0,5.0,1015.7,1015.2,1014.2,1.0999999999999999,0.10000000000000007,1.2166666666666666,0.16020819787597218,5.333333333333333,0.5773502691896258,5.833333333333333,0.7527726527090819,1.6999999999999318,0.6999999999999318,-0.9396926207859084,-0.34202014332566855,-0.7071067811865477,0.7071067811865474,0.9,5.0
2026-06-26 22:00:00,260,5.0,0.9,1015.9,15.8,16.3,1.0,1.2,1.4,6.0,5.0,6.0,1015.9,1015.6,1014.5,1.0,0.10000000000000034,1.1333333333333333,0.17511900715418272,5.333333333333333,0.5773502691896258,5.666666666666667,0.8164965809277271,1.3999999999999773,0.2999999999999545,-0.984807753012208,-0.17364817766693033,-0.5000000000000004,0.8660254037844384,0.9,5.0
2026-06-26 23:00:00,270,5.0,0.9,1015.9,15.9,16.3,0.9,1.1,1.4,5.0,5.0,7.0,1015.9,1015.7,1015.0,0.9333333333333332,0.05773502691896342,1.05,0.1378404875209025,5.333333333333333,0.5773502691896258,5.333333333333333,0.5163977794943249,0.8999999999999773,0.1999999999999318,-1.0,-1.8369701987210297e-16,-0.25881904510252157,0.9659258262890681,0.9,6.0
2026-06-27 00:00:00,270,5.0,0.9,1015.6,15.9,16.4,0.9,1.0,1.2,5.0,6.0,6.0,1015.9,1015.9,1015.2,0.9,0.0,1.0,0.1264911064067356,5.0,0.0,5.166666666666667,0.4082482904638667,0.39999999999997726,-0.2999999999999545,-1.0,-1.8369701987210297e-16,0.0,1.0,0.8,5.0
2026-06-27 01:00:00,280,5.0,0.9,1015.5,15.9,16.3,0.9,0.9,1.2,5.0,5.0,5.0,1015.6,1015.9,1015.6,0.9,0.0,0.9500000000000001,0.0836660026534084,5.0,0.0,5.166666666666667,0.4082482904638667,-0.10000000000002274,-0.39999999999997726,-0.9848077530122081,0.17364817766692997,0.25881904510252074,0.9659258262890683,0.7,3.0
2026-06-27 02:00:00,280,6.0,0.9,1015.4,15.6,16.3,0.9,0.9,1.1,5.0,5.0,5.0,1015.5,1015.9,1015.7,0.9,0.0,0.9166666666666666,0.040824829046388254,5.333333333333333,0.5773502691896258,5.333333333333333,0.5163977794943249,-0.3000000000000682,-0.5,-0.9848077530122081,0.17364817766692997,0.49999999999999994,0.8660254037844387,0.7,4.0
2026-06-27 03:00:00,290,5.0,0.8,1015.4,15.4,16.2,0.9,0.9,1.0,6.0,5.0,6.0,1015.4,1015.6,1015.9,0.8666666666666667,0.05773502691896256,0.8833333333333333,0.04082482904638628,5.333333333333333,0.5773502691896258,5.166666666666667,0.4082482904638667,-0.5,-0.20000000000004547,-0.9396926207859083,0.342020143325669,0.7071067811865476,0.7071067811865476,0.7,5.0
2026-06-27 04:00:00,290,3.0,0.7,1015.9,15.2,15.7,0.8,0.9,0.9,5.0,5.0,5.0,1015.4,1015.5,1015.9,0.7999999999999999,0.10000000000000006,0.8500000000000001,0.08366600265340757,4.666666666666667,1.5275252316519468,4.833333333333333,0.9831920802501769,0.0,0.39999999999997726,-0.9396926207859083,0.342020143325669,0.8660254037844386,0.5000000000000001,0.7,4.0
2026-06-27 05:00:00,280,4.0,0.7,1016.0,15.4,15.6,0.7,0.9,0.9,3.0,6.0,5.0,1015.9,1015.4,1015.9,0.7333333333333334,0.05773502691896269,0.8166666666666665,0.09831920802501751,4.0,1.0000000000000004,4.666666666666667,1.0327955589886464,0.10000000000002274,0.6000000000000227,-0.9848077530122081,0.17364817766692997,0.9659258262890683,0.25881904510252074,0.6,3.0
2026-06-27 06:00:00,300,5.0,0.7,1016.3,15.1,16.0,0.7,0.8,0.9,4.0,5.0,5.0,1016.0,1015.4,1015.6,0.7,0.0,0.7833333333333333,0.0983192080250175,4.0,1.0000000000000004,4.666666666666667,1.0327955589886464,0.6999999999999318,0.8999999999999773,-0.8660254037844386,0.5000000000000001,1.0,6.123233995736766e-17,0.6,4.0
2026-06-27 07:00:00,280,4.0,0.7,1016.1,14.9,15.9,0.7,0.7,0.9,5.0,3.0,5.0,1016.3,1015.9,1015.5,0.7,0.0,0.75,0.0836660026534075,4.333333333333333,0.5773502691896265,4.5,1.0488088481701534,0.6000000000000227,0.20000000000004547,-0.9848077530122081,0.17364817766692997,0.9659258262890683,-0.25881904510252063,0.6,5.0
2026-06-27 08:00:00,290,3.0,0.6,1015.8,14.8,15.8,0.7,0.7,0.9,4.0,4.0,6.0,1016.1,1016.0,1015.4,0.6666666666666666,0.05773502691896256,0.7000000000000001,0.06324555320336739,4.0,1.0000000000000004,4.0,0.8944271909999181,0.39999999999997726,-0.20000000000004547,-0.9396926207859083,0.342020143325669,0.8660254037844387,-0.4999999999999998,0.6,4.0
2026-06-27 09:00:00,270,4.0,0.6,1015.7,15.0,16.0,0.6,0.7,0.8,3.0,5.0,5.0,1015.8,1016.3,1015.4,0.6333333333333333,0.05773502691896255,0.6666666666666666,0.05163977794943185,3.6666666666666665,0.5773502691896266,3.8333333333333335,0.7527726527090836,0.3000000000000682,-0.599999999999909,-1.0,-1.8369701987210297e-16,0.7071067811865476,-0.7071067811865475,0.6,5.0
2026-06-27 10:00:00,270,5.0,0.6,1015.5,15.2,15.7,0.6,0.7,0.7,4.0,4.0,3.0,1015.7,1016.1,1015.9,0.6,0.0,0.65,0.054772255750516204,4.0,1.0000000000000004,4.166666666666667,0.7527726527090838,-0.39999999999997726,-0.6000000000000227,-1.0,-1.8369701987210297e-16,0.49999999999999994,-0.8660254037844387,0.6,5.0
2026-06-27 11:00:00,280,4.0,0.6,1015.7,15.0,15.4,0.6,0.6,0.7,5.0,3.0,4.0,1015.5,1015.8,1016.0,0.6,0.0,0.6333333333333333,0.05163977794943174,4.333333333333333,0.5773502691896265,4.166666666666667,0.7527726527090838,-0.2999999999999545,-0.09999999999990905,-0.9848077530122081,0.17364817766692997,0.258819045102521,-0.9659258262890682,0.6,5.0
2026-06-27 12:00:00,270,5.0,0.6,1015.7,15.0,15.1,0.6,0.6,0.7,4.0,4.0,5.0,1015.7,1015.7,1016.3,0.6,0.0,0.6166666666666667,0.04082482904638565,4.666666666666667,0.5773502691896265,4.166666666666667,0.7527726527090838,-0.599999999999909,0.0,-1.0,-1.8369701987210297e-16,1.2246467991473532e-16,-1.0,0.7,6.0
2026-06-27 13:00:00,300,5.0,0.6,1015.9,14.6,14.9,0.6,0.6,0.7,5.0,5.0,4.0,1015.7,1015.5,1016.1,0.6,0.0,0.6,0.0,4.666666666666667,0.5773502691896265,4.333333333333333,0.8164965809277287,-0.20000000000004547,0.39999999999997726,-0.8660254037844386,0.5000000000000001,-0.2588190451025208,-0.9659258262890683,0.8,6.0
2026-06-27 14:00:00,290,5.0,0.6,1016.3,14.7,14.9,0.6,0.6,0.6,5.0,4.0,3.0,1015.9,1015.7,1015.8,0.6,0.0,0.6,0.0,5.0,0.0,4.666666666666667,0.5163977794943267,0.5,0.599999999999909,-0.9396926207859083,0.342020143325669,-0.4999999999999997,-0.8660254037844388,0.8,6.0
2026-06-27 15:00:00,300,6.0,0.7,1016.7,14.6,14.9,0.6,0.6,0.6,5.0,5.0,4.0,1016.3,1015.7,1015.7,0.6333333333333333,0.05773502691896256,0.6166666666666667,0.04082482904638628,5.333333333333333,0.5773502691896258,5.0,0.6324555320336801,1.0,1.0,-0.8660254037844386,0.5000000000000001,-0.7071067811865471,-0.7071067811865479,0.9,6.0
2026-06-27 16:00:00,300,6.0,0.8,1017.2,14.2,14.9,0.7,0.6,0.6,6.0,5.0,5.0,1016.7,1015.9,1015.5,0.6999999999999998,0.10000000000000006,0.65,0.08366600265340757,5.666666666666667,0.5773502691896258,5.166666666666667,0.7527726527090848,1.7000000000000455,1.3000000000000682,-0.8660254037844386,0.5000000000000001,-0.8660254037844385,-0.5000000000000004,0.9,7.0
2026-06-27 17:00:00,300,6.0,0.8,1017.6,14.4,14.9,0.8,0.6,0.6,6.0,5.0,4.0,1017.2,1016.3,1015.7,0.7666666666666666,0.05773502691896269,0.6833333333333332,0.09831920802501751,6.0,0.0,5.5,0.5477225575051715,1.8999999999999773,1.3000000000000682,-0.8660254037844386,0.5000000000000001,-0.9659258262890683,-0.25881904510252063,1.0,7.0
2026-06-27 18:00:00,300,6.0,0.9,1017.7,14.6,15.4,0.8,0.7,0.6,6.0,6.0,5.0,1017.6,1016.7,1015.7,0.8333333333333334,0.05773502691896256,0.7333333333333334,0.12110601416389964,6.0,0.0,5.666666666666667,0.5163977794943281,2.0,1.0,-0.8660254037844386,0.5000000000000001,-1.0,-1.8369701987210297e-16,1.0,7.0
2026-06-27 19:00:00,290,7.0,0.9,1017.8,14.6,15.6,0.9,0.8,0.6,6.0,6.0,5.0,1017.7,1017.2,1015.9,0.8666666666666667,0.05773502691896255,0.7833333333333333,0.11690451944500115,6.333333333333333,0.5773502691896258,6.0,0.6324555320336812,1.8999999999999773,0.599999999999909,-0.9396926207859083,0.342020143325669,-0.9659258262890684,0.2588190451025203,1.0,8.0
2026-06-27 20:00:00,280,7.0,1.0,1017.6,14.9,15.6,0.9,0.8,0.6,7.0,6.0,5.0,1017.8,1017.6,1016.3,0.9333333333333332,0.05773502691896256,0.85,0.10488088481701498,6.666666666666667,0.5773502691896258,6.333333333333333,0.5163977794943292,1.3000000000000682,0.0,-0.9848077530122081,0.17364817766692997,-0.8660254037844386,0.5000000000000001,1.0,8.0
2026-06-27 21:00:00,290,7.0,1.0,1017.6,15.0,15.6,1.0,0.9,0.7,7.0,6.0,6.0,1017.6,1017.7,1016.7,0.9666666666666668,0.05773502691896258,0.9,0.0894427190999913,7.0,0.0,6.5,0.5477225575051728,0.8999999999999773,-0.10000000000002274,-0.9396926207859083,0.342020143325669,-0.7071067811865477,0.7071067811865474,1.1,8.0
2026-06-27 22:00:00,280,8.0,1.0,1017.5,15.1,16.0,1.0,0.9,0.8,7.0,7.0,6.0,1017.6,1017.8,1017.2,1.0,0.0,0.9333333333333332,0.08164965809277223,7.333333333333333,0.5773502691896258,6.833333333333333,0.752772652709086,0.2999999999999545,-0.2999999999999545,-0.9848077530122081,0.17364817766692997,-0.5000000000000004,0.8660254037844384,1.3,8.0
2026-06-27 23:00:00,290,8.0,1.0,1017.6,15.1,16.1,1.0,1.0,0.8,8.0,7.0,6.0,1017.5,1017.6,1017.6,1.0,0.0,0.9666666666666667,0.05163977794943155,7.666666666666667,0.5773502691896258,7.166666666666667,0.752772652709086,0.0,0.0,-0.9396926207859083,0.342020143325669,-0.25881904510252157,0.9659258262890681,1.6,7.0
2026-06-28 00:00:00,300,8.0,1.1,1017.1,15.1,16.1,1.0,1.0,0.9,8.0,7.0,6.0,1017.6,1017.6,1017.7,1.0333333333333332,0.057735026918962595,1.0,0.06324555320336703,8.0,0.0,7.5,0.5477225575051728,-0.6000000000000227,-0.5,-0.8660254037844386,0.5000000000000001,0.0,1.0,1.9,8.0
2026-06-28 01:00:00,300,8.0,1.3,1016.7,14.8,15.5,1.1,1.0,0.9,8.0,8.0,7.0,1017.1,1017.5,1017.8,1.1333333333333333,0.15275252316519453,1.0666666666666667,0.12110601416389939,8.0,0.0,7.666666666666667,0.5163977794943295,-1.099999999999909,-0.7999999999999545,-0.8660254037844386,0.5000000000000001,0.25881904510252074,0.9659258262890683,2.2,6.0
2026-06-28 02:00:00,300,7.0,1.6,1016.1,14.4,14.1,1.3,1.0,1.0,8.0,8.0,7.0,1016.7,1017.6,1017.6,1.3333333333333333,0.25166114784235816,1.1666666666666667,0.2422120283277992,7.666666666666667,0.5773502691896258,7.666666666666667,0.5163977794943295,-1.5,-1.5,-0.8660254037844386,0.5000000000000001,0.49999999999999994,0.8660254037844387,2.3,9.0
2026-06-28 03:00:00,300,8.0,1.9,1015.8,14.3,14.1,1.6,1.1,1.0,7.0,8.0,7.0,1016.1,1017.1,1017.6,1.5999999999999999,0.29999999999999966,1.3166666666666667,0.3656045222185668,7.666666666666667,0.5773502691896258,7.833333333333333,0.40824829046387257,-1.8000000000000682,-1.3000000000000682,-0.8660254037844386,0.5000000000000001,0.7071067811865476,0.7071067811865476,2.6,9.0
2026-06-28 04:00:00,300,6.0,2.2,1015.8,14.2,14.4,1.9,1.3,1.0,8.0,8.0,8.0,1015.8,1016.7,1017.5,1.9000000000000001,0.2999999999999997,1.5166666666666668,0.4708148963941842,7.0,1.0,7.5,0.8366600265340798,-1.7000000000000455,-0.900000000000091,-0.8660254037844386,0.5000000000000001,0.8660254037844386,0.5000000000000001,2.5,10.0
2026-06-28 05:00:00,300,9.0,2.3,1015.6,14.1,14.2,2.2,1.6,1.0,6.0,7.0,8.0,1015.8,1016.1,1017.6,2.1333333333333333,0.20816659994661266,1.7333333333333334,0.4844240566555981,7.666666666666667,1.5275252316519465,7.666666666666667,1.0327955589886482,-2.0,-0.5,-0.8660254037844386,0.5000000000000001,0.9659258262890683,0.25881904510252074,2.6,9.0
2026-06-28 06:00:00,300,9.0,2.6,1015.4,13.9,14.1,2.3,1.9,1.1,9.0,8.0,8.0,1015.6,1015.8,1017.1,2.3666666666666667,0.20816659994661266,1.9833333333333334,0.47923550230201634,8.0,1.7320508075688772,7.833333333333333,1.1690451944500158,-1.7000000000000455,-0.39999999999997726,-0.8660254037844386,0.5000000000000001,1.0,6.123233995736766e-17,2.4,8.0
2026-06-28 07:00:00,300,10.0,2.5,1014.9,13.9,14.2,2.6,2.2,1.3,9.0,6.0,8.0,1015.4,1015.8,1016.7,2.466666666666667,0.15275252316519386,2.183333333333333,0.3763863263545392,9.333333333333334,0.5773502691896255,8.166666666666666,1.471960144387978,-1.8000000000000682,-0.8999999999999773,-0.8660254037844386,0.5000000000000001,0.9659258262890683,-0.25881904510252063,2.5,10.0
2026-06-28 08:00:00,300,9.0,2.6,1015.0,13.9,14.3,2.5,2.3,1.6,10.0,9.0,7.0,1014.9,1015.6,1016.1,2.566666666666667,0.05773502691895972,2.35,0.2738612787525812,9.333333333333334,0.5773502691896255,8.5,1.3784048752090268,-1.1000000000000227,-0.6000000000000227,-0.8660254037844386,0.5000000000000001,0.8660254037844387,-0.4999999999999998,2.4,10.0
2026-06-28 09:00:00,310,8.0,2.4,1014.8,13.9,14.2,2.6,2.6,1.9,9.0,9.0,8.0,1015.0,1015.4,1015.8,2.5,0.0999999999999985,2.433333333333333,0.16329931618554203,9.0,0.9999999999999998,8.5,1.3784048752090268,-1.0,-0.6000000000000227,-0.7660444431189781,0.6427876096865393,0.7071067811865476,-0.7071067811865475,2.6,9.0
2026-06-28 10:00:00,300,10.0,2.5,1014.4,13.9,14.2,2.4,2.5,2.2,8.0,10.0,6.0,1014.8,1014.9,1015.8,2.5,0.0999999999999985,2.483333333333333,0.11690451944499698,9.0,0.9999999999999998,9.166666666666666,0.7527726527090928,-1.3999999999999773,-0.5,-0.8660254037844386,0.5000000000000001,0.49999999999999994,-0.8660254037844387,2.7,10.0
2026-06-28 11:00:00,310,10.0,2.4,1014.4,13.9,14.0,2.5,2.6,2.3,10.0,9.0,9.0,1014.4,1015.0,1015.6,2.433333333333333,0.05773502691896007,2.5,0.08944271909998606,9.333333333333334,1.1547005383792512,9.333333333333334,0.8164965809277374,-1.2000000000000455,-0.6000000000000227,-0.7660444431189781,0.6427876096865393,0.258819045102521,-0.9659258262890682,2.7,9.0
2026-06-28 12:00:00,310,9.0,2.6,1014.4,13.9,13.9,2.4,2.4,2.6,10.0,8.0,9.0,1014.4,1014.8,1015.4,2.5,0.0999999999999985,2.5,0.08944271909998606,9.666666666666666,0.5773502691896255,9.333333333333334,0.8164965809277374,-1.0,-0.39999999999997726,-0.7660444431189781,0.6427876096865393,1.2246467991473532e-16,-1.0,2.6,9.0
2026-06-28 13:00:00,320,10.0,2.7,1014.3,13.7,13.8,2.6,2.5,2.5,9.0,10.0,10.0,1014.4,1014.4,1014.9,2.566666666666667,0.15275252316519372,2.5333333333333337,0.12110601416389573,9.666666666666666,0.5773502691896255,9.333333333333334,0.8164965809277375,-0.6000000000000227,-0.10000000000002274,-0.6427876096865396,0.7660444431189778,-0.2588190451025208,-0.9659258262890683,2.7,8.0
2026-06-28 14:00:00,320,9.0,2.7,1014.7,13.6,13.8,2.7,2.4,2.6,10.0,10.0,9.0,1014.3,1014.4,1015.0,2.6666666666666665,0.05773502691895936,2.5500000000000003,0.13784048752089878,9.333333333333334,0.5773502691896255,9.333333333333334,0.8164965809277375,-0.2999999999999545,0.3000000000000682,-0.6427876096865396,0.7660444431189778,-0.4999999999999997,-0.8660254037844388,2.5,7.0
2026-06-28 15:00:00,320,9.0,2.6,1014.9,13.6,13.8,2.7,2.6,2.4,9.0,9.0,8.0,1014.7,1014.4,1014.8,2.6666666666666665,0.05773502691896269,2.5833333333333335,0.11690451944499725,9.333333333333334,0.5773502691896255,9.5,0.5477225575051836,0.10000000000002274,0.5,-0.6427876096865396,0.7660444431189778,-0.7071067811865471,-0.7071067811865479,2.6,8.0
2026-06-28 16:00:00,320,8.0,2.7,1015.3,13.6,13.7,2.6,2.7,2.5,9.0,10.0,10.0,1014.9,1014.3,1014.4,2.6666666666666665,0.05773502691896269,2.6166666666666667,0.11690451944499738,8.666666666666666,0.5773502691896255,9.166666666666666,0.7527726527090931,0.8999999999999773,1.0,-0.6427876096865396,0.7660444431189778,-0.8660254037844385,-0.5000000000000004,2.2,7.0
2026-06-28 17:00:00,320,7.0,2.5,1015.6,13.5,13.7,2.7,2.7,2.4,8.0,9.0,10.0,1015.3,1014.7,1014.4,2.6,0.10000000000000021,2.6333333333333333,0.08164965809276714,8.0,0.9999999999999998,8.666666666666666,1.0327955589886533,1.2000000000000455,0.8999999999999773,-0.6427876096865396,0.7660444431189778,-0.9659258262890683,-0.25881904510252063,2.3,8.0
2026-06-28 18:00:00,320,8.0,2.6,1015.8,13.6,13.7,2.5,2.6,2.6,7.0,9.0,9.0,1015.6,1014.9,1014.4,2.6,0.10000000000000021,2.6333333333333333,0.08164965809276714,7.666666666666667,0.5773502691896253,8.5,1.04880884817016,1.3999999999999773,0.8999999999999773,-0.6427876096865396,0.7660444431189778,-1.0,-1.8369701987210297e-16,2.3,6.0
2026-06-28 19:00:00,320,7.0,2.2,1016.1,13.7,13.8,2.6,2.7,2.7,8.0,8.0,10.0,1015.8,1015.3,1014.3,2.4333333333333336,0.20816659994661305,2.5500000000000003,0.18708286933869425,7.333333333333333,0.5773502691896253,8.0,0.8944271909999255,1.8000000000000682,0.8000000000000682,-0.6427876096865396,0.7660444431189778,-0.9659258262890684,0.2588190451025203,2.2,8.0
2026-06-28 20:00:00,310,8.0,2.3,1016.3,13.9,14.0,2.2,2.5,2.7,7.0,7.0,9.0,1016.1,1015.6,1014.7,2.3666666666666667,0.2081665999466129,2.4833333333333334,0.19407902170679217,7.666666666666667,0.5773502691896253,7.833333333333333,0.7527726527090922,1.599999999999909,0.6999999999999318,-0.7660444431189781,0.6427876096865393,-0.8660254037844386,0.5000000000000001,2.1,8.0
2026-06-28 21:00:00,310,6.0,2.3,1015.9,13.9,13.9,2.3,2.6,2.6,8.0,8.0,9.0,1016.3,1015.8,1014.9,2.266666666666667,0.0577350269189597,2.4333333333333336,0.19663841605003182,7.0,0.9999999999999998,7.333333333333333,0.8164965809277356,1.0,0.10000000000002274,-0.7660444431189781,0.6427876096865393,-0.7071067811865477,0.7071067811865474,2.3,8.0
2026-06-28 22:00:00,300,8.0,2.2,1015.7,13.9,14.0,2.3,2.2,2.7,6.0,7.0,8.0,1015.9,1016.1,1015.3,2.266666666666666,0.05773502691896237,2.35,0.16431676725154545,7.333333333333333,1.1547005383792515,7.333333333333333,0.8164965809277356,0.40000000000009095,-0.39999999999997726,-0.8660254037844386,0.5000000000000001,-0.5000000000000004,0.8660254037844384,2.2,9.0
2026-06-28 23:00:00,300,8.0,2.1,1015.3,13.9,14.0,2.2,2.3,2.5,8.0,8.0,7.0,1015.7,1016.3,1015.6,2.2,0.09999999999999992,2.283333333333333,0.1722401424368462,7.333333333333333,1.1547005383792515,7.5,0.8366600265340851,-0.3000000000000682,-1.0,-0.8660254037844386,0.5000000000000001,-0.25881904510252157,0.9659258262890681,2.2,10.0
2026-06-29 00:00:00,300,8.0,2.3,1014.8,14.0,13.9,2.1,2.3,2.6,8.0,6.0,8.0,1015.3,1015.9,1015.8,2.2,0.09999999999999992,2.2333333333333334,0.08164965809276202,8.0,0.0,7.5,0.8366600265340851,-1.0,-1.1000000000000227,-0.8660254037844386,0.5000000000000001,0.0,1.0,2.3,9.0
2026-06-29 01:00:00,300,9.0,2.2,1014.2,14.1,13.9,2.3,2.2,2.2,8.0,8.0,7.0,1014.8,1015.7,1016.1,2.2,0.09999999999999992,2.233333333333333,0.08164965809276202,8.333333333333334,0.5773502691896255,7.833333333333333,0.9831920802501836,-1.8999999999999773,-1.5,-0.8660254037844386,0.5000000000000001,0.25881904510252074,0.9659258262890683,2.6,9.0
2026-06-29 02:00:00,300,10.0,2.2,1013.7,14.1,13.8,2.2,2.1,2.3,9.0,8.0,8.0,1014.2,1015.3,1016.3,2.2333333333333334,0.05773502691896237,2.216666666666667,0.07527726527089641,9.0,0.9999999999999998,8.166666666666666,1.3291601358251324,-2.599999999999909,-1.599999999999909,-0.8660254037844386,0.5000000000000001,0.49999999999999994,0.8660254037844387,2.7,6.0
2026-06-29 03:00:00,310,9.0,2.3,1013.4,14.1,13.7,2.2,2.3,2.3,10.0,8.0,6.0,1013.7,1014.8,1015.9,2.2333333333333334,0.05773502691896237,2.216666666666667,0.07527726527089641,9.333333333333334,0.5773502691896255,8.666666666666666,0.8164965809277371,-2.5,-1.3999999999999773,-0.7660444431189781,0.6427876096865393,0.7071067811865476,0.7071067811865476,2.8,5.0
2026-06-29 04:00:00,310,9.0,2.6,1013.0,13.9,13.7,2.3,2.2,2.2,9.0,9.0,8.0,1013.4,1014.2,1015.7,2.3666666666666667,0.20816659994661327,2.2833333333333337,0.1722401424368462,9.333333333333334,0.5773502691896255,8.833333333333334,0.7527726527090931,-2.7000000000000455,-1.2000000000000455,-0.7660444431189781,0.6427876096865393,0.8660254037844386,0.5000000000000001,2.9,8.0
2026-06-29 05:00:00,310,6.0,2.7,1013.3,13.8,13.6,2.6,2.2,2.1,9.0,10.0,8.0,1013.0,1013.7,1015.3,2.533333333333333,0.20816659994661327,2.3833333333333333,0.21369760566432494,8.0,1.7320508075688772,8.5,1.3784048752090283,-2.0,-0.40000000000009095,-0.7660444431189781,0.6427876096865393,0.9659258262890683,0.25881904510252074,3.0,7.0
2026-06-29 06:00:00,310,5.0,2.8,1013.5,13.7,13.5,2.7,2.3,2.3,6.0,9.0,8.0,1013.3,1013.4,1014.8,2.6999999999999997,0.09999999999999899,2.466666666666667,0.26583202716502286,6.666666666666667,2.081665999466133,8.0,2.0000000000000036,-1.2999999999999545,0.10000000000002274,-0.7660444431189781,0.6427876096865393,1.0,6.123233995736766e-17,2.7,8.0
2026-06-29 07:00:00,310,8.0,2.9,1013.1,13.6,13.4,2.8,2.6,2.2,5.0,9.0,9.0,1013.5,1013.0,1014.2,2.8000000000000003,0.09999999999999899,2.5833333333333335,0.2786873995477113,6.333333333333333,1.5275252316519472,7.833333333333333,1.9407902170679554,-1.1000000000000227,0.10000000000002274,-0.7660444431189781,0.6427876096865393,0.9659258262890683,-0.25881904510252063,2.8,8.0
2026-06-29 08:00:00,310,7.0,3.0,1012.9,13.6,13.4,2.9,2.7,2.2,8.0,6.0,10.0,1013.1,1013.3,1013.7,2.9,0.09999999999999937,2.716666666666667,0.2483277404291875,6.666666666666667,1.5275252316519472,7.333333333333333,1.632993161855456,-0.8000000000000682,-0.39999999999997726,-0.7660444431189781,0.6427876096865393,0.8660254037844387,-0.4999999999999998,2.8,8.0
2026-06-29 09:00:00,300,8.0,2.7,1012.4,13.5,13.4,3.0,2.8,2.3,7.0,5.0,9.0,1012.9,1013.5,1013.4,2.866666666666667,0.1527525231651941,2.783333333333333,0.14719601443879524,7.666666666666667,0.5773502691896265,7.166666666666667,1.4719601443879788,-1.0,-1.1000000000000227,-0.8660254037844386,0.5000000000000001,0.7071067811865476,-0.7071067811865475,2.5,8.0
2026-06-29 10:00:00,310,8.0,2.8,1012.2,13.4,13.3,2.7,2.9,2.6,8.0,8.0,9.0,1012.4,1013.1,1013.0,2.8333333333333335,0.15275252316519417,2.8166666666666664,0.11690451944499877,7.666666666666667,0.5773502691896265,7.0,1.2649110640673564,-0.7999999999999545,-0.8999999999999773,-0.7660444431189781,0.6427876096865393,0.49999999999999994,-0.8660254037844387,2.5,9.0
2026-06-29 11:00:00,300,8.0,2.8,1012.0,13.4,13.3,2.8,3.0,2.7,8.0,7.0,6.0,1012.2,1012.9,1013.3,2.766666666666667,0.057735026918961374,2.8333333333333335,0.10327955589886197,8.0,0.0,7.333333333333333,1.2110601416390023,-1.2999999999999545,-0.8999999999999773,-0.8660254037844386,0.5000000000000001,0.258819045102521,-0.9659258262890682,2.6,8.0
2026-06-29 12:00:00,310,8.0,2.5,1012.1,13.3,13.3,2.8,2.7,2.8,8.0,8.0,5.0,1012.0,1012.4,1013.5,2.6999999999999997,0.17320508075688756,2.783333333333333,0.17224014243684896,8.0,0.0,7.833333333333333,0.408248290463883,-1.3999999999999773,-0.2999999999999545,-0.7660444431189781,0.6427876096865393,1.2246467991473532e-16,-1.0,2.6,8.0
2026-06-29 13:00:00,300,9.0,2.5,1012.1,13.2,13.4,2.5,2.8,2.9,8.0,8.0,8.0,1012.1,1012.2,1013.1,2.6,0.17320508075688734,2.716666666666667,0.19407902170679314,8.333333333333334,0.5773502691896255,8.0,0.6324555320336895,-1.0,-0.10000000000002274,-0.8660254037844386,0.5000000000000001,-0.2588190451025208,-0.9659258262890683,2.5,6.0
2026-06-29 14:00:00,300,8.0,2.6,1012.2,13.1,13.4,2.5,2.8,3.0,9.0,8.0,7.0,1012.1,1012.0,1012.9,2.533333333333333,0.05773502691896269,2.65,0.13784048752089897,8.333333333333334,0.5773502691896255,8.166666666666666,0.4082482904638854,-0.6999999999999318,0.20000000000004547,-0.8660254037844386,0.5000000000000001,-0.4999999999999997,-0.8660254037844388,2.5,4.0
2026-06-29 15:00:00,310,8.0,2.6,1012.3,13.0,13.6,2.6,2.5,2.7,8.0,8.0,8.0,1012.2,1012.1,1012.4,2.566666666666667,0.05773502691896285,2.6333333333333333,0.13662601021279125,8.333333333333334,0.5773502691896255,8.166666666666666,0.4082482904638854,-0.10000000000002274,0.1999999999999318,-0.7660444431189781,0.6427876096865393,-0.7071067811865471,-0.7071067811865479,2.8,3.0
2026-06-29 16:00:00,320,6.0,2.5,1012.6,12.8,13.6,2.6,2.5,2.8,8.0,9.0,8.0,1012.3,1012.1,1012.2,2.566666666666667,0.05773502691896269,2.5833333333333335,0.11690451944499713,7.333333333333333,1.1547005383792515,7.833333333333333,0.9831920802501836,0.39999999999997726,0.5,-0.6427876096865396,0.7660444431189778,-0.8660254037844385,-0.5000000000000004,2.8,4.0
2026-06-29 17:00:00,320,4.0,2.5,1013.2,12.7,13.7,2.5,2.6,2.8,6.0,8.0,8.0,1012.6,1012.2,1012.0,2.533333333333333,0.05773502691896285,2.533333333333333,0.05163977794942281,6.0,1.9999999999999998,7.166666666666667,1.8348478592697215,1.2000000000000455,1.0,-0.6427876096865396,0.7660444431189778,-0.9659258262890683,-0.25881904510252063,2.6,4.0
2026-06-29 18:00:00,310,3.0,2.8,1013.4,12.8,13.9,2.5,2.6,2.5,4.0,8.0,8.0,1013.2,1012.3,1012.1,2.6,0.17320508075688756,2.5833333333333335,0.11690451944499694,4.333333333333333,1.5275252316519465,6.333333333333333,2.4221202832779953,1.2999999999999545,1.1000000000000227,-0.7660444431189781,0.6427876096865393,-1.0,-1.8369701987210297e-16,2.5,5.0
2026-06-29 19:00:00,320,4.0,2.8,1013.5,13.0,14.1,2.8,2.5,2.5,3.0,6.0,9.0,1013.4,1012.6,1012.1,2.6999999999999997,0.17320508075688734,2.6333333333333333,0.13662601021279092,3.6666666666666665,0.5773502691896247,5.5,2.167948338867881,1.3999999999999773,0.8999999999999773,-0.6427876096865396,0.7660444431189778,-0.9659258262890684,0.2588190451025203,2.4,6.0
2026-06-29 20:00:00,320,4.0,2.6,1013.6,13.3,14.2,2.8,2.5,2.6,4.0,4.0,8.0,1013.5,1013.2,1012.2,2.733333333333333,0.11547005383792507,2.6333333333333333,0.13662601021279092,3.6666666666666665,0.5773502691896247,4.833333333333333,1.8348478592697182,1.3999999999999773,0.39999999999997726,-0.6427876096865396,0.7660444431189778,-0.8660254037844386,0.5000000000000001,2.1,6.0
2026-06-29 21:00:00,310,5.0,2.5,1013.5,13.5,14.3,2.6,2.8,2.6,4.0,3.0,8.0,1013.6,1013.4,1012.3,2.6333333333333333,0.1527525231651947,2.6166666666666667,0.147196014438794,4.333333333333333,0.5773502691896258,4.333333333333333,1.032795558988643,1.2000000000000455,0.10000000000002274,-0.7660444431189781,0.6427876096865393,-0.7071067811865477,0.7071067811865474,2.0,6.0
2026-06-29 22:00:00,310,6.0,2.4,1013.4,13.7,13.8,2.5,2.8,2.5,5.0,4.0,6.0,1013.5,1013.5,1012.6,2.5,0.10000000000000017,2.5999999999999996,0.1673320053068121,5.0,1.0,4.333333333333333,1.032795558988643,0.7999999999999545,-0.10000000000002274,-0.7660444431189781,0.6427876096865393,-0.5000000000000004,0.8660254037844384,1.9,5.0
2026-06-29 23:00:00,310,6.0,2.1,1013.3,13.8,13.7,2.4,2.6,2.5,6.0,4.0,4.0,1013.4,1013.6,1013.2,2.3333333333333335,0.2081665999466134,2.533333333333333,0.26583202716502324,5.666666666666667,0.5773502691896258,4.666666666666667,1.2110601416389963,0.09999999999990905,-0.3000000000000682,-0.7660444431189781,0.6427876096865393,-0.25881904510252157,0.9659258262890681,2.0,5.0
2026-06-30 00:00:00,310,6.0,2.0,1013.3,13.7,13.2,2.1,2.5,2.8,6.0,5.0,3.0,1013.3,1013.5,1013.4,2.1666666666666665,0.2081665999466134,2.4,0.3033150177620603,6.0,0.0,5.166666666666667,0.983192080250176,-0.10000000000002274,-0.20000000000004547,-0.7660444431189781,0.6427876096865393,0.0,1.0,2.0,6.0
2026-06-30 01:00:00,320,5.0,1.9,1013.2,13.7,13.2,2.0,2.4,2.8,6.0,6.0,4.0,1013.3,1013.4,1013.5,2.0,0.10000000000000007,2.25,0.28809720581775694,5.666666666666667,0.5773502691896258,5.333333333333333,0.8164965809277278,-0.2999999999999545,-0.1999999999999318,-0.6427876096865396,0.7660444431189778,0.25881904510252074,0.9659258262890683,2.1,5.0
2026-06-30 02:00:00,300,5.0,2.0,1012.9,13.9,13.4,1.9,2.1,2.6,5.0,6.0,4.0,1013.2,1013.3,1013.6,1.9666666666666668,0.057735026918962415,2.15,0.24289915602982035,5.333333333333333,0.5773502691896258,5.5,0.5477225575051697,-0.7000000000000455,-0.39999999999997726,-0.8660254037844386,0.5000000000000001,0.49999999999999994,0.8660254037844387,2.1,6.0
2026-06-30 03:00:00,290,6.0,2.0,1013.0,14.0,14.4,2.0,2.0,2.5,5.0,6.0,5.0,1012.9,1013.3,1013.5,1.9666666666666668,0.057735026918962415,2.0666666666666664,0.17511900715418005,5.333333333333333,0.5773502691896258,5.666666666666667,0.5163977794943274,-0.5,-0.2999999999999545,-0.9396926207859083,0.342020143325669,0.7071067811865476,0.7071067811865476,2.2,5.0
2026-06-30 04:00:00,290,5.0,2.1,1013.3,13.9,14.5,2.0,1.9,2.4,6.0,5.0,6.0,1013.0,1013.2,1013.4,2.033333333333333,0.05773502691896269,2.016666666666667,0.0752772652709027,5.333333333333333,0.5773502691896258,5.5,0.5477225575051697,-0.10000000000002274,0.09999999999990905,-0.9396926207859083,0.342020143325669,0.8660254037844386,0.5000000000000001,2.2,5.0
2026-06-30 05:00:00,290,6.0,2.1,1013.5,13.9,14.6,2.1,2.0,2.1,5.0,5.0,6.0,1013.3,1012.9,1013.3,2.0666666666666664,0.05773502691896285,2.0166666666666666,0.0752772652709027,5.666666666666667,0.5773502691896258,5.5,0.5477225575051697,0.20000000000004547,0.6000000000000227,-0.9396926207859083,0.342020143325669,0.9659258262890683,0.25881904510252074,2.1,5.0
2026-06-30 06:00:00,300,5.0,2.2,1013.9,13.8,14.6,2.1,2.0,2.0,6.0,6.0,6.0,1013.5,1013.0,1013.3,2.1333333333333333,0.05773502691896269,2.0500000000000003,0.10488088481701105,5.333333333333333,0.5773502691896258,5.333333333333333,0.5163977794943249,0.6000000000000227,0.8999999999999773,-0.8660254037844386,0.5000000000000001,1.0,6.123233995736766e-17,2.1,4.0
2026-06-30 07:00:00,290,5.0,2.2,1014.0,13.6,14.5,2.2,2.1,1.9,5.0,5.0,5.0,1013.9,1013.3,1013.2,2.1666666666666665,0.05773502691896285,2.1,0.08944271909998625,5.333333333333333,0.5773502691896258,5.333333333333333,0.5163977794943249,0.7999999999999545,0.7000000000000455,-0.9396926207859083,0.342020143325669,0.9659258262890683,-0.25881904510252063,1.8,4.0
2026-06-30 08:00:00,290,5.0,2.1,1013.9,13.6,14.4,2.2,2.1,2.0,5.0,6.0,5.0,1014.0,1013.5,1012.9,2.166666666666667,0.05773502691896269,2.1166666666666667,0.0752772652709015,5.0,0.0,5.333333333333333,0.5163977794943249,1.0,0.39999999999997726,-0.9396926207859083,0.342020143325669,0.8660254037844387,-0.4999999999999998,1.8,4.0
2026-06-30 09:00:00,300,4.0,2.1,1013.7,13.5,14.3,2.1,2.2,2.0,5.0,5.0,6.0,1013.9,1013.9,1013.0,2.1333333333333333,0.05773502691896285,2.1333333333333333,0.05163977794942225,4.666666666666667,0.5773502691896258,5.0,0.6324555320336762,0.7000000000000455,-0.1999999999999318,-0.8660254037844386,0.5000000000000001,0.7071067811865476,-0.7071067811865475,2.0,3.0
2026-06-30 10:00:00,290,4.0,1.8,1013.4,13.4,14.3,2.1,2.2,2.1,4.0,5.0,5.0,1013.7,1014.0,1013.3,2.0,0.17320508075688773,2.0833333333333335,0.14719601443879432,4.333333333333333,0.5773502691896258,4.833333333333333,0.7527726527090804,0.10000000000002274,-0.6000000000000227,-0.9396926207859083,0.342020143325669,0.49999999999999994,-0.8660254037844387,1.7,4.0
2026-06-30 11:00:00,290,4.0,1.8,1013.3,13.3,14.3,1.8,2.1,2.1,4.0,5.0,6.0,1013.4,1013.9,1013.5,1.9000000000000001,0.17320508075688765,2.0333333333333337,0.18618986725025044,4.0,0.0,4.5,0.5477225575051631,-0.20000000000004547,-0.6000000000000227,-0.9396926207859083,0.342020143325669,0.258819045102521,-0.9659258262890682,1.7,3.0
2026-06-30 12:00:00,290,3.0,2.0,1013.4,13.1,14.1,1.8,2.1,2.2,4.0,4.0,5.0,1013.3,1013.7,1013.9,1.8666666666666665,0.11547005383792512,2.0,0.167332005306813,3.6666666666666665,0.5773502691896257,4.166666666666667,0.752772652709077,-0.5,-0.3000000000000682,-0.9396926207859083,0.342020143325669,1.2246467991473532e-16,-1.0,1.9,2.0
2026-06-30 13:00:00,280,4.0,1.7,1013.5,13.1,14.1,2.0,1.8,2.2,3.0,4.0,5.0,1013.4,1013.4,1014.0,1.8333333333333333,0.15275252316519464,1.9166666666666667,0.1722401424368493,3.6666666666666665,0.5773502691896257,4.0,0.6324555320336701,-0.5,0.10000000000002274,-0.9848077530122081,0.17364817766692997,-0.2588190451025208,-0.9659258262890683,2.0,3.0
2026-06-30 14:00:00,280,3.0,1.7,1013.8,12.9,14.1,1.7,1.8,2.1,4.0,4.0,5.0,1013.5,1013.3,1013.9,1.8,0.17320508075688767,1.8500000000000003,0.16431676725154867,3.3333333333333335,0.5773502691896257,3.6666666666666665,0.5163977794943124,-0.10000000000002274,0.5,-0.9848077530122081,0.17364817766692997,-0.4999999999999997,-0.8660254037844388,2.0,3.0
2026-06-30 15:00:00,260,2.0,1.9,1014.0,12.9,14.0,1.7,2.0,2.1,3.0,3.0,4.0,1013.8,1013.4,1013.7,1.7666666666666666,0.11547005383792512,1.8166666666666664,0.11690451944499987,3.0,0.9999999999999999,3.3333333333333335,0.8164965809277182,0.2999999999999545,0.6000000000000227,-0.984807753012208,-0.17364817766693033,-0.7071067811865471,-0.7071067811865479,2.2,3.0
2026-06-30 16:00:00,230,3.0,2.0,1014.3,12.9,14.0,1.9,1.7,1.8,2.0,4.0,4.0,1014.0,1013.5,1013.4,1.8666666666666665,0.15275252316519475,1.8499999999999999,0.13784048752090083,2.6666666666666665,0.5773502691896257,3.1666666666666665,0.7527726527090716,0.8999999999999773,0.7999999999999545,-0.7660444431189779,-0.6427876096865395,-0.8660254037844385,-0.5000000000000004,2.4,3.0
2026-06-30 17:00:00,230,3.0,2.0,1014.5,12.9,13.8,2.0,1.7,1.8,3.0,3.0,4.0,1014.3,1013.8,1013.3,1.9666666666666668,0.0577350269189632,1.883333333333333,0.14719601443879596,2.6666666666666665,0.5773502691896257,3.0,0.6324555320336636,1.2000000000000455,0.7000000000000455,-0.7660444431189779,-0.6427876096865395,-0.9659258262890683,-0.25881904510252063,2.3,4.0
2026-06-30 18:00:00,220,3.0,2.2,1014.7,13.1,13.8,2.0,1.9,2.0,3.0,2.0,3.0,1014.5,1014.0,1013.4,2.0666666666666664,0.11547005383792519,1.9166666666666667,0.19407902170679392,3.0,0.0,3.0,0.6324555320336636,1.3000000000000682,0.7000000000000455,-0.6427876096865393,-0.766044443118978,-1.0,-1.8369701987210297e-16,2.3,3.0
2026-06-30 19:00:00,230,3.0,2.4,1014.9,13.3,13.8,2.2,2.0,1.7,3.0,3.0,4.0,1014.7,1014.3,1013.5,2.1999999999999997,0.1999999999999997,2.033333333333333,0.24221202832779787,3.0,0.0,2.8333333333333335,0.40824829046384215,1.3999999999999773,0.6000000000000227,-0.7660444431189779,-0.6427876096865395,-0.9659258262890684,0.2588190451025203,2.2,3.0
2026-06-30 20:00:00,230,4.0,2.3,1015.0,13.3,13.8,2.4,2.0,1.7,3.0,3.0,3.0,1014.9,1014.5,1013.8,2.3,0.09999999999999915,2.1333333333333333,0.19663841605003268,3.3333333333333335,0.5773502691896257,3.0,0.6324555320336636,1.2000000000000455,0.5,-0.7660444431189779,-0.6427876096865395,-0.8660254037844386,0.5000000000000001,2.0,4.0
2026-06-30 21:00:00,250,3.0,2.3,1015.0,13.2,13.9,2.3,2.2,1.9,4.0,3.0,2.0,1015.0,1014.7,1014.0,2.333333333333333,0.057735026918961055,2.1999999999999997,0.16733200530681186,3.3333333333333335,0.5773502691896257,3.1666666666666665,0.4082482904638456,1.0,0.2999999999999545,-0.9396926207859084,-0.34202014332566855,-0.7071067811865477,0.7071067811865474,1.8,4.0
2026-06-30 22:00:00,230,3.0,2.2,1014.9,13.4,14.0,2.3,2.4,2.0,3.0,3.0,3.0,1015.0,1014.9,1014.3,2.2666666666666666,0.05773502691896237,2.2333333333333334,0.13662601021279036,3.3333333333333335,0.5773502691896257,3.1666666666666665,0.4082482904638456,0.6000000000000227,0.0,-0.7660444431189779,-0.6427876096865395,-0.5000000000000004,0.8660254037844384,2.0,4.0
2026-07-01 00:00:00,280,4.0,2.0,1014.4,13.4,14.1,2.2,2.3,2.0,3.0,4.0,3.0,1014.9,1015.0,1014.5,2.1666666666666665,0.15275252316519455,2.2333333333333334,0.13662601021279036,3.3333333333333335,0.5773502691896257,3.3333333333333335,0.5163977794943099,-0.10000000000002274,-0.6000000000000227,-0.9848077530122081,0.17364817766692997,0.0,1.0,1.9,5.0
2026-07-01 01:00:00,280,4.0,1.8,1014.1,13.5,14.1,2.0,2.3,2.2,4.0,3.0,3.0,1014.4,1015.0,1014.7,2.0,0.19999999999999968,2.1666666666666665,0.22509257354845277,3.6666666666666665,0.5773502691896257,3.5,0.5477225575051556,-0.6000000000000227,-0.8999999999999773,-0.9848077530122081,0.17364817766692997,0.25881904510252074,0.9659258262890683,2.1,5.0
2026-07-01 02:00:00,280,4.0,2.0,1013.8,13.7,14.1,1.8,2.2,2.4,4.0,3.0,3.0,1014.1,1014.9,1014.9,1.9333333333333333,0.11547005383792419,2.1,0.19999999999999774,4.0,0.0,3.6666666666666665,0.5163977794943125,-1.1000000000000227,-1.1000000000000227,-0.9848077530122081,0.17364817766692997,0.49999999999999994,0.8660254037844387,2.0,6.0
2026-07-01 03:00:00,290,5.0,1.9,1013.5,13.7,14.1,2.0,2.0,2.3,4.0,4.0,4.0,1013.8,1014.4,1015.0,1.8999999999999997,0.09999999999999869,2.033333333333333,0.18618986725025066,4.333333333333333,0.5773502691896258,3.8333333333333335,0.7527726527090753,-1.5,-0.8999999999999773,-0.9396926207859083,0.342020143325669,0.7071067811865476,0.7071067811865476,2.2,5.0
2026-07-01 04:00:00,290,5.0,2.1,1013.4,13.6,14.0,1.9,1.8,2.3,5.0,4.0,3.0,1013.5,1014.1,1015.0,2.0,0.09999999999999921,2.0,0.14142135623730745,4.666666666666667,0.5773502691896258,4.166666666666667,0.7527726527090773,-1.6000000000000227,-0.7000000000000455,-0.9396926207859083,0.342020143325669,0.8660254037844386,0.5000000000000001,2.4,5.0
2026-07-01 05:00:00,300,6.0,2.0,1013.2,13.5,13.9,2.1,2.0,2.2,5.0,4.0,3.0,1013.4,1013.8,1014.9,2.0,0.09999999999999921,1.9666666666666668,0.10327955589886208,5.333333333333333,0.5773502691896258,4.666666666666667,0.8164965809277257,-1.6999999999999318,-0.599999999999909,-0.8660254037844386,0.5000000000000001,0.9659258262890683,0.25881904510252074,2.3,5.0
2026-07-01 06:00:00,300,5.0,2.2,1013.4,13.5,13.9,2.0,1.9,2.0,6.0,5.0,4.0,1013.2,1013.5,1014.4,2.1,0.09999999999999941,2.0,0.14142135623730745,5.333333333333333,0.5773502691896258,4.833333333333333,0.7527726527090817,-1.0,-0.10000000000002274,-0.8660254037844386,0.5000000000000001,1.0,6.123233995736766e-17,2.3,5.0
2026-07-01 07:00:00,290,5.0,2.4,1013.2,13.4,13.9,2.2,2.1,1.8,5.0,5.0,4.0,1013.4,1013.4,1014.1,2.1999999999999997,0.19999999999999957,2.1,0.17888543819998057,5.333333333333333,0.5773502691896258,5.0,0.6324555320336778,-0.8999999999999773,-0.1999999999999318,-0.9396926207859083,0.342020143325669,0.9659258262890683,-0.25881904510252063,2.3,6.0
2026-07-01 08:00:00,290,5.0,2.3,1012.9,13.3,14.0,2.4,2.0,2.0,5.0,6.0,4.0,1013.2,1013.2,1013.8,2.3000000000000003,0.09999999999999887,2.15,0.18708286933869403,5.0,0.0,5.166666666666667,0.4082482904638678,-0.8999999999999773,-0.3000000000000682,-0.9396926207859083,0.342020143325669,0.8660254037844387,-0.4999999999999998,2.1,7.0
2026-07-01 09:00:00,280,5.0,2.3,1012.5,13.2,14.0,2.3,2.2,1.9,5.0,5.0,5.0,1012.9,1013.4,1013.5,2.3333333333333335,0.057735026918960576,2.216666666666667,0.14719601443879266,5.0,0.0,5.166666666666667,0.4082482904638678,-1.0,-0.8999999999999773,-0.9848077530122081,0.17364817766692997,0.7071067811865476,-0.7071067811865475,2.0,7.0
2026-07-01 10:00:00,290,6.0,2.3,1012.2,13.2,13.9,2.3,2.4,2.1,5.0,5.0,5.0,1012.5,1013.2,1013.4,2.3,0.0,2.2499999999999996,0.1378404875208967,5.333333333333333,0.5773502691896258,5.333333333333333,0.5163977794943274,-1.1999999999999318,-1.0,-0.9396926207859083,0.342020143325669,0.49999999999999994,-0.8660254037844387,1.9,7.0
2026-07-01 11:00:00,300,7.0,2.1,1012.3,13.1,13.9,2.3,2.3,2.0,6.0,5.0,6.0,1012.2,1012.9,1013.2,2.2333333333333334,0.11547005383792507,2.266666666666667,0.10327955589885676,6.0,1.0,5.5,0.8366600265340796,-0.900000000000091,-0.6000000000000227,-0.8660254037844386,0.5000000000000001,0.258819045102521,-0.9659258262890682,2.1,6.0
2026-07-01 12:00:00,310,7.0,2.0,1012.4,13.0,13.9,2.1,2.3,2.2,7.0,5.0,5.0,1012.3,1012.5,1013.4,2.1333333333333333,0.1527525231651947,2.233333333333333,0.1505545305418113,6.666666666666667,0.5773502691896258,5.833333333333333,0.9831920802501798,-1.0,-0.10000000000002274,-0.7660444431189781,0.6427876096865393,1.2246467991473532e-16,-1.0,2.2,6.0
2026-07-01 13:00:00,310,7.0,1.9,1012.3,12.9,13.9,2.0,2.3,2.4,7.0,6.0,5.0,1012.4,1012.2,1013.2,2.0,0.10000000000000007,2.15,0.1760681686165867,7.0,0.0,6.166666666666667,0.983192080250181,-0.900000000000091,0.09999999999990905,-0.7660444431189781,0.6427876096865393,-0.2588190451025208,-0.9659258262890683,2.2,6.0
2026-07-01 14:00:00,300,6.0,2.1,1012.6,12.8,13.7,1.9,2.1,2.3,7.0,7.0,5.0,1012.3,1012.3,1012.9,2.0,0.10000000000000007,2.1166666666666667,0.16020819787596882,6.666666666666667,0.5773502691896258,6.333333333333333,0.8164965809277339,-0.2999999999999545,0.3000000000000682,-0.8660254037844386,0.5000000000000001,-0.4999999999999997,-0.8660254037844388,2.3,5.0
2026-07-01 15:00:00,300,6.0,2.2,1012.8,12.8,13.7,2.1,2.0,2.3,6.0,7.0,5.0,1012.6,1012.4,1012.5,2.066666666666667,0.152752523165195,2.1,0.14142135623730592,6.333333333333333,0.5773502691896258,6.5,0.5477225575051791,0.2999999999999545,0.39999999999997726,-0.8660254037844386,0.5000000000000001,-0.7071067811865471,-0.7071067811865479,2.3,5.0
2026-07-01 16:00:00,290,6.0,2.2,1013.1,12.7,13.7,2.2,1.9,2.3,6.0,7.0,6.0,1012.8,1012.3,1012.2,2.166666666666667,0.057735026918964094,2.0833333333333335,0.11690451944499725,6.0,0.0,6.5,0.5477225575051791,0.8999999999999773,0.8000000000000682,-0.9396926207859083,0.342020143325669,-0.8660254037844385,-0.5000000000000004,2.4,4.0
2026-07-01 17:00:00,300,5.0,2.3,1013.3,12.7,13.6,2.2,2.1,2.1,6.0,6.0,7.0,1013.1,1012.6,1012.3,2.2333333333333334,0.05773502691896237,2.1166666666666667,0.14719601443879385,5.666666666666667,0.5773502691896258,6.166666666666667,0.7527726527090886,1.0,0.6999999999999318,-0.8660254037844386,0.5000000000000001,-0.9659258262890683,-0.25881904510252063,2.3,3.0
2026-07-01 18:00:00,290,5.0,2.3,1013.5,12.7,13.6,2.3,2.2,2.0,5.0,6.0,7.0,1013.3,1012.8,1012.4,2.2666666666666666,0.05773502691896237,2.1666666666666665,0.15055453054181214,5.333333333333333,0.5773502691896258,5.833333333333333,0.7527726527090869,1.1000000000000227,0.7000000000000455,-0.9396926207859083,0.342020143325669,-1.0,-1.8369701987210297e-16,2.2,2.0
2026-07-01 19:00:00,280,4.0,2.4,1013.9,12.9,13.6,2.3,2.2,1.9,5.0,6.0,7.0,1013.5,1013.1,1012.3,2.3333333333333335,0.05773502691896269,2.25,0.10488088481700805,4.666666666666667,0.5773502691896258,5.333333333333333,0.8164965809277293,1.6000000000000227,0.7999999999999545,-0.9848077530122081,0.17364817766692997,-0.9659258262890684,0.2588190451025203,1.9,3.0
2026-07-01 20:00:00,260,3.0,2.3,1014.1,13.0,13.7,2.4,2.3,2.1,4.0,5.0,6.0,1013.9,1013.3,1012.6,2.3333333333333335,0.05773502691896269,2.283333333333333,0.07527726527089754,4.0,1.0,4.833333333333333,1.1690451944500129,1.5,0.8000000000000682,-0.984807753012208,-0.17364817766693033,-0.8660254037844386,0.5000000000000001,1.8,3.0
2026-07-01 21:00:00,260,2.0,2.2,1014.2,13.2,13.7,2.3,2.3,2.2,3.0,5.0,6.0,1014.1,1013.5,1012.8,2.3000000000000003,0.09999999999999983,2.283333333333333,0.07527726527089754,3.0,1.0,4.166666666666667,1.4719601443879733,1.400000000000091,0.7000000000000455,-0.984807753012208,-0.17364817766693033,-0.7071067811865477,0.7071067811865474,1.7,3.0
2026-07-01 22:00:00,230,3.0,1.9,1014.1,13.5,13.8,2.2,2.4,2.2,2.0,4.0,6.0,1014.2,1013.9,1013.1,2.1333333333333333,0.20816659994661324,2.2333333333333334,0.17511900715417864,2.6666666666666665,0.577350269189626,3.6666666666666665,1.211060141638994,1.0,0.20000000000004547,-0.7660444431189779,-0.6427876096865395,-0.5000000000000004,0.8660254037844384,1.7,3.0
2026-07-01 23:00:00,210,3.0,1.8,1013.8,13.6,14.1,1.9,2.3,2.3,3.0,3.0,5.0,1014.1,1014.1,1013.3,1.9666666666666666,0.20816659994661318,2.15,0.24289915602982,2.6666666666666665,0.577350269189626,3.3333333333333335,1.03279555898864,0.5,-0.3000000000000682,-0.5000000000000001,-0.8660254037844386,-0.25881904510252157,0.9659258262890681,1.5,3.0
2026-07-02 00:00:00,210,3.0,1.7,1013.6,13.7,14.2,1.8,2.2,2.3,3.0,2.0,5.0,1013.8,1014.2,1013.5,1.8,0.09999999999999913,2.0500000000000003,0.2880972058177572,3.0,0.0,3.0,0.6324555320336661,0.10000000000002274,-0.6000000000000227,-0.5000000000000001,-0.8660254037844386,0.0,1.0,1.5,4.0
2026-07-02 01:00:00,200,3.0,1.7,1013.4,13.7,14.2,1.7,1.9,2.4,3.0,3.0,4.0,1013.6,1014.1,1013.9,1.7333333333333334,0.057735026918960895,1.9333333333333333,0.25819888974716015,3.0,0.0,2.8333333333333335,0.4082482904638462,-0.5,-0.7000000000000455,-0.34202014332566866,-0.9396926207859084,0.25881904510252074,0.9659258262890683,1.5,3.0
2026-07-02 02:00:00,200,3.0,1.5,1013.2,13.6,14.1,1.7,1.8,2.3,3.0,3.0,3.0,1013.4,1013.8,1014.1,1.6333333333333335,0.11547005383792512,1.7999999999999998,0.23664319132398443,3.0,0.0,2.8333333333333335,0.4082482904638462,-0.8999999999999773,-0.599999999999909,-0.34202014332566866,-0.9396926207859084,0.49999999999999994,0.8660254037844387,1.4,3.0
2026-07-02 03:00:00,200,4.0,1.5,1013.3,13.3,13.8,1.5,1.7,2.2,3.0,3.0,2.0,1013.2,1013.6,1014.2,1.5666666666666667,0.11547005383792516,1.6833333333333333,0.16020819787597274,3.3333333333333335,0.5773502691896257,3.1666666666666665,0.408248290463863,-0.900000000000091,-0.3000000000000682,-0.34202014332566866,-0.9396926207859084,0.7071067811865476,0.7071067811865476,1.5,2.0
2026-07-02 04:00:00,210,3.0,1.5,1013.4,13.2,13.6,1.5,1.7,1.9,4.0,3.0,3.0,1013.3,1013.4,1014.1,1.5,0.0,1.6166666666666665,0.13291601358251395,3.3333333333333335,0.5773502691896257,3.1666666666666665,0.408248290463863,-0.7000000000000455,0.0,-0.5000000000000001,-0.8660254037844386,0.8660254037844386,0.5000000000000001,1.6,3.0
2026-07-02 05:00:00,180,3.0,1.4,1013.6,13.1,13.4,1.5,1.5,1.8,3.0,3.0,3.0,1013.4,1013.2,1013.8,1.4666666666666666,0.057735026918962595,1.55,0.12247448713916115,3.3333333333333335,0.5773502691896257,3.1666666666666665,0.408248290463863,-0.1999999999999318,0.39999999999997726,1.2246467991473532e-16,-1.0,0.9659258262890683,0.25881904510252074,1.8,3.0
2026-07-02 06:00:00,190,2.0,1.5,1014.0,13.1,13.4,1.4,1.5,1.7,3.0,4.0,3.0,1013.6,1013.3,1013.6,1.4666666666666666,0.057735026918962595,1.5166666666666666,0.0983192080250208,2.6666666666666665,0.5773502691896257,3.0,0.6324555320336759,0.39999999999997726,0.7000000000000455,-0.17364817766693047,-0.984807753012208,1.0,6.123233995736766e-17,1.6,4.0
2026-07-02 07:00:00,180,3.0,1.6,1013.9,13.0,13.3,1.5,1.5,1.7,2.0,3.0,3.0,1014.0,1013.4,1013.4,1.5,0.10000000000000019,1.5,0.06324555320337306,2.6666666666666665,0.5773502691896257,3.0,0.6324555320336759,0.5,0.5,1.2246467991473532e-16,-1.0,0.9659258262890683,-0.25881904510252063,1.5,4.0
2026-07-02 08:00:00,190,3.0,1.8,1013.9,13.0,13.3,1.6,1.4,1.5,3.0,3.0,3.0,1013.9,1013.6,1013.2,1.6333333333333335,0.15275252316519491,1.55,0.13784048752090425,2.6666666666666665,0.5773502691896257,3.0,0.6324555320336759,0.6999999999999318,0.2999999999999545,-0.17364817766693047,-0.984807753012208,0.8660254037844387,-0.4999999999999998,1.5,4.0
2026-07-02 09:00:00,180,4.0,1.6,1013.8,13.0,13.3,1.8,1.5,1.5,3.0,2.0,4.0,1013.9,1014.0,1013.3,1.6666666666666667,0.1154700538379255,1.5666666666666667,0.13662601021279655,3.3333333333333335,0.5773502691896257,3.0,0.6324555320336759,0.5,-0.20000000000004547,1.2246467991473532e-16,-1.0,0.7071067811865476,-0.7071067811865475,1.5,5.0
2026-07-02 10:00:00,170,4.0,1.5,1013.6,13.1,13.3,1.6,1.6,1.5,4.0,3.0,3.0,1013.8,1013.9,1013.4,1.6333333333333335,0.15275252316519503,1.5666666666666667,0.13662601021279655,3.6666666666666665,0.5773502691896257,3.1666666666666665,0.752772652709081,0.20000000000004547,-0.2999999999999545,0.17364817766693028,-0.984807753012208,0.49999999999999994,-0.8660254037844387,1.4,5.0
2026-07-02 11:00:00,170,4.0,1.5,1013.4,13.2,13.2,1.5,1.8,1.4,4.0,3.0,3.0,1013.6,1013.9,1013.6,1.5333333333333332,0.057735026918963886,1.5833333333333333,0.11690451944500321,4.0,0.0,3.3333333333333335,0.816496580927726,-0.20000000000004547,-0.5,0.17364817766693028,-0.984807753012208,0.258819045102521,-0.9659258262890682,1.4,5.0
2026-07-02 12:00:00,170,5.0,1.5,1013.3,13.3,13.1,1.5,1.6,1.5,4.0,4.0,2.0,1013.4,1013.8,1014.0,1.5,0.0,1.5833333333333333,0.11690451944500321,4.333333333333333,0.5773502691896258,3.8333333333333335,0.7527726527090812,-0.7000000000000455,-0.5,0.17364817766693028,-0.984807753012208,1.2246467991473532e-16,-1.0,1.3,4.0
2026-07-02 13:00:00,180,5.0,1.4,1013.5,13.3,13.1,1.5,1.5,1.6,5.0,4.0,3.0,1013.3,1013.6,1013.9,1.4666666666666668,0.057735026918962595,1.55,0.13784048752090428,4.666666666666667,0.5773502691896258,4.166666666666667,0.7527726527090816,-0.39999999999997726,-0.10000000000002274,1.2246467991473532e-16,-1.0,-0.2588190451025208,-0.9659258262890683,1.3,3.0
2026-07-02 14:00:00,180,5.0,1.4,1013.9,13.3,13.1,1.4,1.5,1.8,5.0,4.0,3.0,1013.5,1013.4,1013.9,1.4333333333333333,0.057735026918962484,1.4833333333333334,0.07527726527091305,5.0,0.0,4.5,0.5477225575051672,0.0,0.5,1.2246467991473532e-16,-1.0,-0.4999999999999997,-0.8660254037844388,1.3,4.0
2026-07-02 15:00:00,180,4.0,1.3,1014.3,13.3,13.1,1.4,1.5,1.6,5.0,5.0,4.0,1013.9,1013.3,1013.8,1.3666666666666665,0.05773502691896253,1.4333333333333333,0.08164965809277795,4.666666666666667,0.5773502691896258,4.5,0.5477225575051672,0.5,1.0,1.2246467991473532e-16,-1.0,-0.7071067811865471,-0.7071067811865479,1.4,4.0
2026-07-02 16:00:00,180,3.0,1.3,1014.6,13.2,13.2,1.3,1.4,1.5,4.0,5.0,4.0,1014.3,1013.5,1013.6,1.3333333333333333,0.05773502691896261,1.4000000000000001,0.08944271909999693,4.0,1.0,4.333333333333333,0.8164965809277266,1.0,1.1000000000000227,1.2246467991473532e-16,-1.0,-0.8660254037844385,-0.5000000000000004,1.6,4.0
2026-07-02 17:00:00,190,4.0,1.3,1014.9,13.0,13.2,1.3,1.4,1.5,3.0,5.0,4.0,1014.6,1013.9,1013.4,1.3,0.0,1.366666666666667,0.08164965809277894,3.6666666666666665,0.577350269189626,4.333333333333333,0.8164965809277266,1.5,1.0,-0.17364817766693047,-0.984807753012208,-0.9659258262890683,-0.25881904510252063,1.6,5.0
2026-07-02 18:00:00,190,4.0,1.4,1015.0,12.8,13.3,1.3,1.3,1.5,4.0,4.0,5.0,1014.9,1014.3,1013.3,1.3333333333333333,0.05773502691896253,1.3499999999999999,0.05477225575052639,3.6666666666666665,0.577350269189626,4.166666666666667,0.7527726527090816,1.7000000000000455,0.7000000000000455,-0.17364817766693047,-0.984807753012208,-1.0,-1.8369701987210297e-16,1.6,5.0
2026-07-02 19:00:00,190,4.0,1.6,1015.3,13.0,13.5,1.4,1.3,1.4,4.0,3.0,5.0,1015.0,1014.6,1013.5,1.4333333333333333,0.15275252316519475,1.3833333333333335,0.11690451944500548,4.0,0.0,4.0,0.6324555320336763,1.7999999999999545,0.6999999999999318,-0.17364817766693047,-0.984807753012208,-0.9659258262890684,0.2588190451025203,1.6,4.0
2026-07-02 20:00:00,200,5.0,1.6,1015.5,13.2,13.6,1.6,1.3,1.4,4.0,4.0,5.0,1015.3,1014.9,1013.9,1.5333333333333334,0.11547005383792532,1.4166666666666667,0.1471960144388006,4.333333333333333,0.5773502691896258,4.0,0.6324555320336763,1.6000000000000227,0.6000000000000227,-0.34202014332566866,-0.9396926207859084,-0.8660254037844386,0.5000000000000001,1.6,4.0
2026-07-02 21:00:00,200,5.0,1.6,1015.7,13.2,13.6,1.6,1.4,1.3,5.0,4.0,4.0,1015.5,1015.0,1014.3,1.6,0.0,1.4666666666666668,0.15055453054181894,4.666666666666667,0.5773502691896258,4.166666666666667,0.7527726527090816,1.400000000000091,0.7000000000000455,-0.34202014332566866,-0.9396926207859084,-0.7071067811865477,0.7071067811865474,1.3,3.0
2026-07-02 22:00:00,190,4.0,1.6,1015.8,13.4,13.5,1.6,1.6,1.3,5.0,4.0,3.0,1015.7,1015.3,1014.6,1.6,0.0,1.5166666666666666,0.13291601358251529,4.666666666666667,0.5773502691896258,4.333333333333333,0.5163977794943233,1.1999999999999318,0.5,-0.17364817766693047,-0.984807753012208,-0.5000000000000004,0.8660254037844384,1.0,3.0
2026-07-02 23:00:00,220,4.0,1.6,1015.7,13.4,13.6,1.6,1.6,1.3,4.0,5.0,4.0,1015.8,1015.5,1014.9,1.6,0.0,1.5666666666666667,0.08164965809277644,4.333333333333333,0.5773502691896258,4.333333333333333,0.5163977794943233,0.8000000000000682,0.20000000000004547,-0.6427876096865393,-0.766044443118978,-0.25881904510252157,0.9659258262890681,1.1,2.0
2026-07-03 00:00:00,240,3.0,1.3,1015.6,13.5,13.7,1.6,1.6,1.4,4.0,5.0,4.0,1015.7,1015.7,1015.0,1.5,0.17320508075688773,1.55,0.12247448713915891,3.6666666666666665,0.5773502691896257,4.166666666666667,0.7527726527090816,0.6000000000000227,-0.10000000000002274,-0.8660254037844385,-0.5000000000000004,0.0,1.0,1.1,2.0
2026-07-03 01:00:00,270,3.0,1.0,1015.6,13.3,14.2,1.3,1.6,1.6,3.0,4.0,4.0,1015.6,1015.8,1015.3,1.3,0.3,1.4500000000000002,0.25099800796022265,3.3333333333333335,0.5773502691896257,4.0,0.8944271909999163,0.3000000000000682,-0.1999999999999318,-1.0,-1.8369701987210297e-16,0.25881904510252074,0.9659258262890683,1.1,3.0
2026-07-03 02:00:00,240,2.0,1.1,1015.4,13.3,14.2,1.0,1.6,1.6,3.0,4.0,5.0,1015.6,1015.7,1015.5,1.1333333333333333,0.15275252316519453,1.3666666666666665,0.27325202042558927,2.6666666666666665,0.5773502691896257,3.5,1.0488088481701516,-0.10000000000002274,-0.3000000000000682,-0.8660254037844385,-0.5000000000000004,0.49999999999999994,0.8660254037844387,1.0,2.0
2026-07-03 03:00:00,230,2.0,1.1,1015.5,13.1,13.9,1.1,1.3,1.6,2.0,3.0,5.0,1015.4,1015.6,1015.7,1.0666666666666667,0.057735026918962054,1.2833333333333334,0.263944438597722,2.3333333333333335,0.5773502691896257,3.0,0.8944271909999156,-0.20000000000004547,-0.10000000000002274,-0.7660444431189779,-0.6427876096865395,0.7071067811865476,0.7071067811865476,1.1,3.0
2026-07-03 04:00:00,240,3.0,1.1,1015.7,12.4,13.7,1.1,1.0,1.6,2.0,3.0,4.0,1015.5,1015.6,1015.8,1.1,0.0,1.2,0.21908902300206642,2.3333333333333335,0.5773502691896257,2.8333333333333335,0.7527726527090807,-0.09999999999990905,0.10000000000002274,-0.8660254037844385,-0.5000000000000004,0.8660254037844386,0.5000000000000001,1.1,2.0
2026-07-03 05:00:00,240,2.0,1.0,1015.9,12.0,13.5,1.1,1.1,1.6,3.0,2.0,4.0,1015.7,1015.4,1015.7,1.0666666666666667,0.057735026918962595,1.1,0.10954451150103323,2.3333333333333335,0.5773502691896257,2.5,0.5477225575051653,0.1999999999999318,0.5,-0.8660254037844385,-0.5000000000000004,0.9659258262890683,0.25881904510252074,1.1,2.0
2026-07-03 06:00:00,260,3.0,1.1,1016.2,12.0,13.4,1.0,1.1,1.3,2.0,2.0,3.0,1015.9,1015.5,1015.6,1.0666666666666667,0.057735026918962595,1.0666666666666667,0.05163977794943228,2.6666666666666665,0.5773502691896257,2.5,0.5477225575051653,0.6000000000000227,0.7000000000000455,-0.984807753012208,-0.17364817766693033,1.0,6.123233995736766e-17,1.2,1.0
2026-07-03 07:00:00,240,2.0,1.1,1016.1,11.8,13.4,1.1,1.1,1.0,3.0,3.0,3.0,1016.2,1015.7,1015.6,1.0666666666666667,0.057735026918962595,1.0833333333333335,0.04082482904638637,2.3333333333333335,0.5773502691896257,2.3333333333333335,0.5163977794943213,0.5,0.39999999999997726,-0.8660254037844385,-0.5000000000000004,0.9659258262890683,-0.25881904510252063,1.2,1.0
2026-07-03 08:00:00,240,2.0,1.1,1015.9,11.8,13.4,1.1,1.0,1.1,2.0,2.0,2.0,1016.1,1015.9,1015.4,1.1,0.0,1.0833333333333333,0.04082482904638637,2.3333333333333335,0.5773502691896257,2.3333333333333335,0.5163977794943213,0.5,0.0,-0.8660254037844385,-0.5000000000000004,0.8660254037844387,-0.4999999999999998,1.1,2.0
2026-07-03 09:00:00,240,1.0,1.2,1015.6,12.0,13.3,1.1,1.1,1.1,2.0,3.0,2.0,1015.9,1016.2,1015.5,1.1333333333333335,0.05773502691896253,1.1,0.06324555320336758,1.6666666666666667,0.5773502691896258,2.1666666666666665,0.7527726527090802,0.10000000000002274,-0.6000000000000227,-0.8660254037844385,-0.5000000000000004,0.7071067811865476,-0.7071067811865475,1.3,2.0
2026-07-03 10:00:00,180,1.0,1.2,1015.5,12.1,13.3,1.2,1.1,1.1,1.0,2.0,3.0,1015.6,1016.1,1015.7,1.1666666666666667,0.05773502691896261,1.1166666666666667,0.07527726527090807,1.3333333333333333,0.5773502691896258,1.8333333333333333,0.7527726527090799,-0.20000000000004547,-0.6000000000000227,1.2246467991473532e-16,-1.0,0.49999999999999994,-0.8660254037844387,1.2,2.0
2026-07-03 11:00:00,140,2.0,1.1,1015.5,12.3,13.3,1.2,1.1,1.0,1.0,2.0,2.0,1015.5,1015.9,1015.9,1.1666666666666667,0.05773502691896253,1.1333333333333335,0.05163977794943216,1.3333333333333333,0.5773502691896258,1.8333333333333333,0.7527726527090799,-0.39999999999997726,-0.39999999999997726,0.6427876096865395,-0.7660444431189779,0.258819045102521,-0.9659258262890682,1.2,3.0
2026-07-03 12:00:00,180,2.0,1.3,1015.6,12.5,13.3,1.1,1.2,1.1,2.0,1.0,3.0,1015.5,1015.6,1016.2,1.2,0.09999999999999994,1.1666666666666667,0.08164965809277254,1.6666666666666667,0.5773502691896258,1.6666666666666667,0.5163977794943204,-0.6000000000000227,0.0,1.2246467991473532e-16,-1.0,1.2246467991473532e-16,-1.0,1.2,3.0
2026-07-03 13:00:00,200,2.0,1.2,1015.5,12.5,13.3,1.3,1.2,1.1,2.0,1.0,2.0,1015.6,1015.5,1016.1,1.2,0.09999999999999994,1.1833333333333333,0.07527726527090803,2.0,0.0,1.6666666666666667,0.5163977794943204,-0.6000000000000227,0.0,-0.34202014332566866,-0.9396926207859084,-0.2588190451025208,-0.9659258262890683,1.2,3.0
2026-07-03 14:00:00,190,3.0,1.2,1015.8,12.5,13.2,1.2,1.1,1.1,2.0,2.0,2.0,1015.5,1015.5,1015.9,1.2333333333333334,0.0577350269189624,1.2,0.06324555320336746,2.3333333333333335,0.5773502691896257,1.8333333333333333,0.75277265270908,-0.10000000000002274,0.2999999999999545,-0.17364817766693047,-0.984807753012208,-0.4999999999999997,-0.8660254037844388,1.2,3.0
2026-07-03 15:00:00,180,3.0,1.2,1016.1,12.5,13.2,1.2,1.3,1.2,3.0,2.0,1.0,1015.8,1015.6,1015.6,1.2,0.0,1.2,0.06324555320336746,2.6666666666666665,0.5773502691896257,2.1666666666666665,0.7527726527090804,0.5,0.5,1.2246467991473532e-16,-1.0,-0.7071067811865471,-0.7071067811865479,1.1,3.0
2026-07-03 16:00:00,210,3.0,1.2,1016.6,12.3,13.2,1.2,1.2,1.2,3.0,2.0,1.0,1016.1,1015.5,1015.5,1.2,0.0,1.2,0.06324555320336746,3.0,0.0,2.5,0.5477225575051656,1.1000000000000227,1.1000000000000227,-0.5000000000000001,-0.8660254037844386,-0.8660254037844385,-0.5000000000000004,1.0,4.0
2026-07-03 17:00:00,190,3.0,1.2,1016.8,12.2,13.4,1.2,1.2,1.1,3.0,3.0,2.0,1016.6,1015.8,1015.5,1.2,0.0,1.2166666666666666,0.04082482904638606,3.0,0.0,2.6666666666666665,0.5163977794943219,1.2999999999999545,1.0,-0.17364817766693047,-0.984807753012208,-0.9659258262890683,-0.25881904510252063,1.0,4.0
2026-07-03 18:00:00,200,3.0,1.1,1016.7,12.3,13.6,1.2,1.2,1.3,3.0,3.0,2.0,1016.8,1016.1,1015.6,1.1666666666666667,0.05773502691896253,1.1833333333333333,0.040824829046386256,3.0,0.0,2.8333333333333335,0.40824829046386263,1.1000000000000227,0.6000000000000227,-0.34202014332566866,-0.9396926207859084,-1.0,-1.8369701987210297e-16,1.0,3.0
2026-07-03 19:00:00,210,4.0,1.0,1016.9,12.4,13.8,1.1,1.2,1.2,3.0,3.0,2.0,1016.7,1016.6,1015.5,1.0999999999999999,0.10000000000000007,1.1500000000000001,0.0836660026534075,3.3333333333333335,0.5773502691896257,3.1666666666666665,0.408248290463863,1.3999999999999773,0.2999999999999545,-0.5000000000000001,-0.8660254037844386,-0.9659258262890684,0.2588190451025203,1.1,3.0
2026-07-03 20:00:00,210,4.0,1.0,1017.1,12.5,13.9,1.0,1.2,1.2,4.0,3.0,3.0,1016.9,1016.8,1015.8,1.0333333333333334,0.05773502691896298,1.1166666666666667,0.09831920802501745,3.6666666666666665,0.5773502691896257,3.3333333333333335,0.5163977794943223,1.3000000000000682,0.3000000000000682,-0.5000000000000001,-0.8660254037844386,-0.8660254037844386,0.5000000000000001,1.1,3.0
2026-07-03 21:00:00,200,3.0,1.0,1017.0,12.9,13.9,1.0,1.1,1.2,4.0,3.0,3.0,1017.1,1016.7,1016.1,1.0,0.0,1.0833333333333333,0.0983192080250175,3.6666666666666665,0.5773502691896257,3.3333333333333335,0.5163977794943223,0.8999999999999773,0.2999999999999545,-0.34202014332566866,-0.9396926207859084,-0.7071067811865477,0.7071067811865474,1.0,3.0
2026-07-03 22:00:00,190,3.0,1.1,1016.8,13.3,14.1,1.0,1.0,1.2,3.0,4.0,3.0,1017.0,1016.9,1016.6,1.0333333333333334,0.057735026918962595,1.0666666666666667,0.08164965809277266,3.3333333333333335,0.5773502691896257,3.3333333333333335,0.5163977794943223,0.1999999999999318,-0.10000000000002274,-0.17364817766693047,-0.984807753012208,-0.5000000000000004,0.8660254037844384,0.9,3.0
2026-07-03 23:00:00,200,3.0,1.1,1016.9,13.5,14.1,1.1,1.0,1.2,3.0,4.0,3.0,1016.8,1017.1,1016.8,1.0666666666666667,0.057735026918962484,1.05,0.054772255750516814,3.0,0.0,3.3333333333333335,0.5163977794943223,0.10000000000002274,-0.20000000000004547,-0.34202014332566866,-0.9396926207859084,-0.25881904510252157,0.9659258262890681,0.9,2.0
2026-07-04 00:00:00,200,3.0,1.0,1016.6,13.7,14.0,1.1,1.0,1.1,3.0,3.0,3.0,1016.9,1017.0,1016.7,1.0666666666666667,0.057735026918962595,1.0333333333333334,0.05163977794943252,3.0,0.0,3.3333333333333335,0.5163977794943223,-0.10000000000002274,-0.39999999999997726,-0.34202014332566866,-0.9396926207859084,0.0,1.0,0.9,2.0
2026-07-04 01:00:00,220,3.0,0.9,1016.4,13.2,14.3,1.0,1.1,1.0,3.0,3.0,4.0,1016.6,1016.8,1016.9,1.0,0.09999999999999987,1.0166666666666668,0.0752772652709084,3.0,0.0,3.1666666666666665,0.408248290463863,-0.5,-0.39999999999997726,-0.6427876096865393,-0.766044443118978,0.25881904510252074,0.9659258262890683,0.9,3.0
2026-07-04 02:00:00,250,2.0,0.9,1016.5,12.7,14.5,0.9,1.1,1.0,3.0,3.0,4.0,1016.4,1016.9,1017.1,0.9333333333333332,0.05773502691896198,1.0,0.08944271909999192,2.6666666666666665,0.5773502691896257,2.8333333333333335,0.408248290463863,-0.6000000000000227,-0.39999999999997726,-0.9396926207859084,-0.34202014332566855,0.49999999999999994,0.8660254037844387,0.9,2.0
2026-07-04 03:00:00,280,2.0,0.9,1016.8,12.4,14.4,0.9,1.0,1.0,2.0,3.0,3.0,1016.5,1016.6,1017.0,0.9,0.0,0.9833333333333334,0.0983192080250179,2.3333333333333335,0.5773502691896257,2.6666666666666665,0.5163977794943223,-0.20000000000004547,0.1999999999999318,-0.9848077530122081,0.17364817766692997,0.7071067811865476,0.7071067811865476,1.0,2.0
2026-07-04 04:00:00,290,3.0,0.9,1016.9,12.3,14.2,0.9,0.9,1.1,2.0,3.0,3.0,1016.8,1016.4,1016.8,0.9,0.0,0.9500000000000002,0.08366600265340815,2.3333333333333335,0.5773502691896257,2.6666666666666665,0.5163977794943223,0.10000000000002274,0.5,-0.9396926207859083,0.342020143325669,0.8660254037844386,0.5000000000000001,1.1,2.0
2026-07-04 05:00:00,280,2.0,0.9,1017.2,12.2,14.0,0.9,0.9,1.1,3.0,2.0,3.0,1016.9,1016.5,1016.9,0.9,0.0,0.9166666666666666,0.04082482904638785,2.3333333333333335,0.5773502691896257,2.5,0.5477225575051664,0.3000000000000682,0.7000000000000455,-0.9848077530122081,0.17364817766692997,0.9659258262890683,0.25881904510252074,1.0,2.0
2026-07-04 06:00:00,260,2.0,1.0,1017.6,11.8,14.0,0.9,0.9,1.0,2.0,2.0,3.0,1017.2,1016.8,1016.6,0.9333333333333335,0.05773502691896256,0.9166666666666666,0.04082482904638628,2.3333333333333335,0.5773502691896257,2.3333333333333335,0.5163977794943226,1.0,0.8000000000000682,-0.984807753012208,-0.17364817766693033,1.0,6.123233995736766e-17,1.1,1.0
2026-07-04 07:00:00,260,2.0,1.1,1017.7,11.9,13.9,1.0,0.9,0.9,2.0,3.0,3.0,1017.6,1016.9,1016.4,1.0,0.10000000000000006,0.9499999999999998,0.08366600265340757,2.0,0.0,2.1666666666666665,0.4082482904638636,1.3000000000000682,0.8000000000000682,-0.984807753012208,-0.17364817766693033,0.9659258262890683,-0.25881904510252063,1.2,2.0
2026-07-04 08:00:00,260,2.0,1.0,1017.5,12.1,13.8,1.1,0.9,0.9,2.0,2.0,2.0,1017.7,1017.2,1016.5,1.0333333333333334,0.05773502691896271,0.9666666666666668,0.0816496580927726,2.0,0.0,2.1666666666666665,0.4082482904638636,1.0,0.2999999999999545,-0.984807753012208,-0.17364817766693033,0.8660254037844387,-0.4999999999999998,1.1,1.0
2026-07-04 09:00:00,260,1.0,1.1,1017.2,12.2,13.7,1.0,1.0,0.9,2.0,2.0,2.0,1017.5,1017.6,1016.8,1.0666666666666667,0.0577350269189626,1.0,0.08944271909999157,1.6666666666666667,0.5773502691896258,2.0,0.6324555320336762,0.40000000000009095,-0.39999999999997726,-0.984807753012208,-0.17364817766693033,0.7071067811865476,-0.7071067811865475,1.2,2.0
2026-07-04 10:00:00,260,2.0,1.2,1017.1,12.3,13.7,1.1,1.1,0.9,1.0,2.0,3.0,1017.2,1017.7,1016.9,1.1,0.09999999999999991,1.05,0.10488088481701513,1.6666666666666667,0.5773502691896258,1.8333333333333333,0.4082482904638636,0.20000000000004547,-0.6000000000000227,-0.984807753012208,-0.17364817766693033,0.49999999999999994,-0.8660254037844387,1.2,2.0
2026-07-04 11:00:00,230,1.0,1.1,1016.8,12.3,13.7,1.2,1.0,0.9,2.0,2.0,2.0,1017.1,1017.5,1017.2,1.1333333333333335,0.05773502691896234,1.0833333333333333,0.07527726527090804,1.3333333333333333,0.5773502691896258,1.6666666666666667,0.5163977794943228,-0.40000000000009095,-0.7000000000000455,-0.7660444431189779,-0.6427876096865395,0.258819045102521,-0.9659258262890682,1.2,2.0
2026-07-04 12:00:00,270,2.0,1.2,1017.0,12.4,13.6,1.1,1.1,1.0,1.0,1.0,2.0,1016.8,1017.2,1017.6,1.1666666666666667,0.057735026918962144,1.1166666666666667,0.07527726527090799,1.6666666666666667,0.5773502691896258,1.6666666666666667,0.5163977794943228,-0.6000000000000227,-0.20000000000004547,-1.0,-1.8369701987210297e-16,1.2246467991473532e-16,-1.0,1.3,2.0
2026-07-04 13:00:00,290,2.0,1.2,1017.1,12.5,13.5,1.2,1.2,1.1,2.0,2.0,2.0,1017.0,1017.1,1017.7,1.1666666666666667,0.057735026918962144,1.1333333333333333,0.0816496580927725,1.6666666666666667,0.5773502691896258,1.6666666666666667,0.5163977794943228,-0.6000000000000227,0.0,-0.9396926207859083,0.342020143325669,-0.2588190451025208,-0.9659258262890683,1.2,3.0
2026-07-04 14:00:00,280,2.0,1.2,1017.4,12.4,13.5,1.2,1.1,1.0,2.0,1.0,2.0,1017.1,1016.8,1017.5,1.2,0.0,1.1666666666666667,0.05163977794943209,2.0,0.0,1.6666666666666667,0.5163977794943228,-0.10000000000002274,0.6000000000000227,-0.9848077530122081,0.17364817766692997,-0.4999999999999997,-0.8660254037844388,1.0,3.0
2026-07-04 15:00:00,270,2.0,1.3,1017.5,12.4,13.5,1.2,1.2,1.1,2.0,2.0,1.0,1017.4,1017.0,1017.2,1.2333333333333334,0.057735026918962595,1.2,0.06324555320336765,2.0,0.0,1.8333333333333333,0.4082482904638636,0.2999999999999545,0.5,-1.0,-1.8369701987210297e-16,-0.7071067811865471,-0.7071067811865479,1.2,2.0
2026-07-04 16:00:00,280,3.0,1.2,1017.7,12.4,13.6,1.3,1.2,1.2,2.0,2.0,2.0,1017.5,1017.1,1017.1,1.2333333333333334,0.057735026918962595,1.2,0.06324555320336765,2.3333333333333335,0.5773502691896257,2.0,0.6324555320336762,0.6000000000000227,0.6000000000000227,-0.9848077530122081,0.17364817766692997,-0.8660254037844385,-0.5000000000000004,1.3,3.0
2026-07-04 17:00:00,270,3.0,1.0,1018.0,12.6,13.7,1.2,1.2,1.1,3.0,2.0,1.0,1017.7,1017.4,1016.8,1.1666666666666667,0.1527525231651947,1.1833333333333333,0.09831920802501753,2.6666666666666665,0.5773502691896257,2.3333333333333335,0.5163977794943226,1.2000000000000455,0.6000000000000227,-1.0,-1.8369701987210297e-16,-0.9659258262890683,-0.25881904510252063,1.3,3.0
2026-07-04 18:00:00,250,2.0,1.2,1018.2,12.7,13.6,1.0,1.3,1.2,3.0,2.0,2.0,1018.0,1017.5,1017.0,1.1333333333333335,0.11547005383792519,1.1833333333333333,0.09831920802501753,2.6666666666666665,0.5773502691896257,2.3333333333333335,0.5163977794943226,1.2000000000000455,0.7000000000000455,-0.9396926207859084,-0.34202014332566855,-1.0,-1.8369701987210297e-16,1.2,3.0
2026-07-04 19:00:00,270,3.0,1.3,1018.3,12.7,13.8,1.2,1.2,1.2,2.0,3.0,2.0,1018.2,1017.7,1017.1,1.1666666666666667,0.1527525231651947,1.2,0.10954451150103331,2.6666666666666665,0.5773502691896257,2.5,0.5477225575051664,1.1999999999999318,0.599999999999909,-1.0,-1.8369701987210297e-16,-0.9659258262890684,0.2588190451025203,1.2,2.0
2026-07-04 20:00:00,280,3.0,1.3,1018.2,12.7,13.8,1.3,1.0,1.2,3.0,3.0,2.0,1018.3,1018.0,1017.4,1.2666666666666668,0.057735026918962595,1.2166666666666668,0.11690451944500135,2.6666666666666665,0.5773502691896257,2.6666666666666665,0.5163977794943223,0.8000000000000682,0.20000000000004547,-0.9848077530122081,0.17364817766692997,-0.8660254037844386,0.5000000000000001,1.2,4.0
2026-07-04 21:00:00,280,3.0,1.2,1018.0,12.8,13.9,1.3,1.2,1.3,3.0,2.0,2.0,1018.2,1018.2,1017.5,1.2666666666666668,0.057735026918962595,1.2,0.1095445115010333,3.0,0.0,2.8333333333333335,0.408248290463863,0.5,-0.20000000000004547,-0.9848077530122081,0.17364817766692997,-0.7071067811865477,0.7071067811865474,1.1,5.0
2026-07-04 22:00:00,270,2.0,1.2,1017.7,13.2,14.1,1.2,1.3,1.2,3.0,3.0,3.0,1018.0,1018.3,1017.7,1.2333333333333334,0.057735026918962595,1.2,0.1095445115010333,2.6666666666666665,0.5773502691896257,2.6666666666666665,0.5163977794943223,0.0,-0.599999999999909,-1.0,-1.8369701987210297e-16,-0.5000000000000004,0.8660254037844384,1.0,5.0
2026-07-04 23:00:00,290,4.0,1.2,1017.3,13.3,14.2,1.2,1.3,1.0,2.0,3.0,3.0,1017.7,1018.2,1018.0,1.2,0.0,1.2333333333333332,0.05163977794943278,3.0,0.9999999999999999,2.8333333333333335,0.752772652709081,-0.7000000000000455,-0.900000000000091,-0.9396926207859083,0.342020143325669,-0.25881904510252157,0.9659258262890681,1.0,4.0
2026-07-05 00:00:00,290,5.0,1.1,1016.9,13.3,14.2,1.2,1.2,1.2,4.0,3.0,2.0,1017.3,1018.0,1018.2,1.1666666666666667,0.05773502691896253,1.2166666666666668,0.07527726527090829,3.6666666666666665,1.5275252316519468,3.3333333333333335,1.0327955589886442,-1.3000000000000682,-1.1000000000000227,-0.9396926207859083,0.342020143325669,0.0,1.0,1.0,4.0
2026-07-05 01:00:00,290,5.0,1.0,1016.8,13.2,14.2,1.1,1.2,1.3,5.0,2.0,3.0,1016.9,1017.7,1018.3,1.0999999999999999,0.10000000000000007,1.1666666666666667,0.10327955589886426,4.666666666666667,0.5773502691896261,3.6666666666666665,1.2110601416389961,-1.5,-0.900000000000091,-0.9396926207859083,0.342020143325669,0.25881904510252074,0.9659258262890683,1.0,3.0
2026-07-05 02:00:00,290,4.0,1.0,1016.7,13.1,14.2,1.0,1.2,1.3,5.0,4.0,3.0,1016.8,1017.3,1018.2,1.0333333333333334,0.05773502691896298,1.1166666666666665,0.09831920802501691,4.666666666666667,0.5773502691896258,3.8333333333333335,1.1690451944500113,-1.5,-0.599999999999909,-0.9396926207859083,0.342020143325669,0.49999999999999994,0.8660254037844387,1.1,2.0
2026-07-05 03:00:00,300,4.0,1.0,1016.9,13.1,14.2,1.0,1.1,1.2,4.0,5.0,3.0,1016.7,1016.9,1018.0,1.0,0.0,1.0833333333333333,0.09831920802501663,4.333333333333333,0.5773502691896258,4.0,1.0954451150103313,-1.1000000000000227,0.0,-0.8660254037844386,0.5000000000000001,0.7071067811865476,0.7071067811865476,1.1,2.0
2026-07-05 04:00:00,300,3.0,1.0,1017.2,13.1,14.2,1.0,1.0,1.2,4.0,5.0,2.0,1016.9,1016.8,1017.7,1.0,0.0,1.05,0.08366600265340621,3.6666666666666665,0.5773502691896257,4.166666666666667,0.7527726527090796,-0.5,0.40000000000009095,-0.8660254037844386,0.5000000000000001,0.8660254037844386,0.5000000000000001,1.1,1.0
2026-07-05 05:00:00,300,2.0,1.1,1017.6,13.0,14.2,1.0,1.0,1.2,3.0,4.0,4.0,1017.2,1016.7,1017.3,1.0333333333333334,0.057735026918962595,1.0333333333333334,0.05163977794942988,3.0,0.9999999999999999,3.8333333333333335,1.1690451944500115,0.3000000000000682,0.8999999999999773,-0.8660254037844386,0.5000000000000001,0.9659258262890683,0.25881904510252074,1.1,2.0
2026-07-05 06:00:00,280,2.0,1.1,1017.7,12.9,14.1,1.1,1.0,1.1,2.0,4.0,5.0,1017.6,1016.9,1016.9,1.0666666666666667,0.057735026918962484,1.0333333333333332,0.05163977794942988,2.3333333333333335,0.5773502691896257,3.3333333333333335,1.2110601416389968,0.8000000000000682,0.8000000000000682,-0.9848077530122081,0.17364817766692997,1.0,6.123233995736766e-17,1.2,3.0
2026-07-05 07:00:00,240,1.0,1.1,1017.5,12.9,14.0,1.1,1.0,1.0,2.0,3.0,5.0,1017.7,1017.2,1016.8,1.1,0.0,1.05,0.054772255750514615,1.6666666666666667,0.5773502691896258,2.6666666666666665,1.2110601416389974,0.7000000000000455,0.2999999999999545,-0.8660254037844385,-0.5000000000000004,0.9659258262890683,-0.25881904510252063,1.2,2.0
2026-07-05 08:00:00,240,2.0,1.1,1017.4,13.1,13.9,1.1,1.1,1.0,1.0,2.0,4.0,1017.5,1017.6,1016.7,1.1,0.0,1.0666666666666667,0.05163977794943038,1.6666666666666667,0.5773502691896258,2.3333333333333335,1.032795558988646,0.6999999999999318,-0.20000000000004547,-0.8660254037844385,-0.5000000000000004,0.8660254037844387,-0.4999999999999998,1.2,1.0
2026-07-05 09:00:00,290,3.0,1.2,1017.0,13.0,13.9,1.1,1.1,1.0,2.0,2.0,4.0,1017.4,1017.7,1016.9,1.1333333333333335,0.05773502691896253,1.1,0.06324555320336651,2.0,1.0,2.1666666666666665,0.752772652709083,0.10000000000002274,-0.7000000000000455,-0.9396926207859083,0.342020143325669,0.7071067811865476,-0.7071067811865475,1.2,1.0
2026-07-05 10:00:00,300,2.0,1.2,1016.6,12.8,13.8,1.2,1.1,1.0,3.0,1.0,3.0,1017.0,1017.5,1017.2,1.1666666666666667,0.05773502691896261,1.1333333333333333,0.05163977794943155,2.3333333333333335,0.5773502691896258,2.0,0.6324555320336787,-0.6000000000000227,-0.8999999999999773,-0.8660254037844386,0.5000000000000001,0.49999999999999994,-0.8660254037844387,1.3,2.0
2026-07-05 11:00:00,270,1.0,1.2,1016.6,12.7,13.8,1.2,1.1,1.1,2.0,2.0,2.0,1016.6,1017.4,1017.6,1.2,0.0,1.1500000000000001,0.054772255750516335,2.0,1.0,1.8333333333333333,0.7527726527090836,-1.0,-0.7999999999999545,-1.0,-1.8369701987210297e-16,0.258819045102521,-0.9659258262890682,1.2,2.0
2026-07-05 12:00:00,270,1.0,1.2,1016.5,12.8,13.7,1.2,1.2,1.1,1.0,3.0,2.0,1016.6,1017.0,1017.7,1.2,0.0,1.1666666666666667,0.05163977794943233,1.3333333333333333,0.5773502691896257,1.6666666666666667,0.8164965809277285,-1.2000000000000455,-0.5,-1.0,-1.8369701987210297e-16,1.2246467991473532e-16,-1.0,1.1,1.0
2026-07-05 13:00:00,280,2.0,1.3,1016.5,12.8,13.6,1.2,1.2,1.1,1.0,2.0,1.0,1016.5,1016.6,1017.5,1.2333333333333334,0.057735026918962595,1.2,0.06324555320336833,1.3333333333333333,0.5773502691896258,1.8333333333333333,0.7527726527090836,-1.0,-0.10000000000002274,-0.9848077530122081,0.17364817766692997,-0.2588190451025208,-0.9659258262890683,1.2,1.0
2026-07-05 14:00:00,270,2.0,1.2,1016.9,12.7,13.6,1.3,1.2,1.1,2.0,1.0,2.0,1016.5,1016.6,1017.4,1.2333333333333334,0.057735026918962595,1.2166666666666666,0.040824829046387956,1.6666666666666667,0.5773502691896258,1.8333333333333333,0.7527726527090836,-0.5,0.2999999999999545,-1.0,-1.8369701987210297e-16,-0.4999999999999997,-0.8660254037844388,1.1,1.0
2026-07-05 15:00:00,220,1.0,1.1,1017.3,12.8,13.6,1.2,1.2,1.2,2.0,1.0,3.0,1016.9,1016.5,1017.0,1.2000000000000002,0.09999999999999992,1.2,0.06324555320336833,1.6666666666666667,0.5773502691896258,1.5,0.5477225575051703,0.2999999999999545,0.7999999999999545,-0.6427876096865393,-0.766044443118978,-0.7071067811865471,-0.7071067811865479,1.0,1.0
2026-07-05 16:00:00,210,1.0,1.2,1017.5,12.9,13.6,1.1,1.3,1.2,1.0,2.0,2.0,1017.3,1016.5,1016.6,1.1666666666666667,0.05773502691896235,1.2,0.06324555320336833,1.3333333333333333,0.5773502691896258,1.3333333333333333,0.516397779494327,0.8999999999999773,1.0,-0.5000000000000001,-0.8660254037844386,-0.8660254037844385,-0.5000000000000004,1.2,1.0
2026-07-05 17:00:00,260,1.0,1.1,1017.5,13.1,13.7,1.2,1.2,1.2,1.0,2.0,1.0,1017.5,1016.9,1016.6,1.1333333333333335,0.057735026918962276,1.1833333333333333,0.07527726527090846,1.0,0.0,1.3333333333333333,0.516397779494327,0.8999999999999773,0.6000000000000227,-0.984807753012208,-0.17364817766693033,-0.9659258262890683,-0.25881904510252063,1.2,1.0
2026-07-05 18:00:00,270,1.0,1.0,1017.6,13.3,13.8,1.1,1.1,1.2,1.0,1.0,1.0,1017.5,1017.3,1016.5,1.1,0.09999999999999978,1.1500000000000001,0.10488088481701512,1.0,0.0,1.3333333333333333,0.516397779494327,1.1000000000000227,0.3000000000000682,-1.0,-1.8369701987210297e-16,-1.0,-1.8369701987210297e-16,1.2,1.0
2026-07-05 19:00:00,260,1.0,1.2,1017.9,13.4,14.1,1.0,1.2,1.3,1.0,1.0,2.0,1017.6,1017.5,1016.5,1.1000000000000003,0.09999999999999978,1.1333333333333333,0.08164965809277235,1.0,0.0,1.1666666666666667,0.4082482904638694,1.3999999999999773,0.39999999999997726,-0.984807753012208,-0.17364817766693033,-0.9659258262890684,0.2588190451025203,1.3,1.0
2026-07-05 20:00:00,230,1.0,1.2,1018.0,13.8,14.5,1.2,1.1,1.2,1.0,1.0,2.0,1017.9,1017.5,1016.9,1.1333333333333333,0.11547005383792507,1.1333333333333333,0.08164965809277235,1.0,0.0,1.0,0.0,1.1000000000000227,0.5,-0.7660444431189779,-0.6427876096865395,-0.8660254037844386,0.5000000000000001,1.2,2.0
2026-07-05 21:00:00,180,1.0,1.2,1017.8,14.0,14.8,1.2,1.0,1.1,1.0,1.0,1.0,1018.0,1017.6,1017.3,1.2,0.0,1.1500000000000001,0.08366600265340754,1.0,0.0,1.0,0.0,0.5,0.1999999999999318,1.2246467991473532e-16,-1.0,-0.7071067811865477,0.7071067811865474,1.2,3.0
2026-07-05 22:00:00,180,1.0,1.3,1017.3,14.2,15.1,1.2,1.2,1.2,1.0,1.0,1.0,1017.8,1017.9,1017.5,1.2333333333333334,0.057735026918962595,1.1666666666666667,0.10327955589886466,1.0,0.0,1.0,0.0,-0.20000000000004547,-0.6000000000000227,1.2246467991473532e-16,-1.0,-0.5000000000000004,0.8660254037844384,1.1,3.0
2026-07-05 23:00:00,260,2.0,1.2,1017.1,14.2,14.9,1.3,1.2,1.1,1.0,1.0,1.0,1017.3,1018.0,1017.5,1.2333333333333334,0.057735026918962595,1.1833333333333333,0.09831920802501794,1.3333333333333333,0.5773502691896258,1.1666666666666667,0.408248290463863,-0.39999999999997726,-0.8999999999999773,-0.984807753012208,-0.17364817766693033,-0.25881904510252157,0.9659258262890681,1.1,3.0
2026-07-06 00:00:00,270,3.0,1.2,1016.8,14.1,14.4,1.2,1.2,1.0,2.0,1.0,1.0,1017.1,1017.8,1017.6,1.2333333333333334,0.057735026918962595,1.2166666666666666,0.040824829046388435,2.0,1.0,1.5,0.8366600265340755,-0.8000000000000682,-1.0,-1.0,-1.8369701987210297e-16,0.0,1.0,1.1,3.0
2026-07-06 01:00:00,280,3.0,1.1,1016.4,14.2,14.3,1.2,1.3,1.2,3.0,1.0,1.0,1016.8,1017.3,1017.9,1.1666666666666667,0.05773502691896253,1.2,0.06324555320336857,2.6666666666666665,0.5773502691896258,1.8333333333333333,0.9831920802501749,-1.5,-0.8999999999999773,-0.9848077530122081,0.17364817766692997,0.25881904510252074,0.9659258262890683,1.2,3.0
2026-07-06 02:00:00,280,3.0,1.1,1016.2,14.1,14.3,1.1,1.2,1.2,3.0,2.0,1.0,1016.4,1017.1,1018.0,1.1333333333333335,0.05773502691896261,1.1833333333333333,0.0752772652709086,3.0,0.0,2.1666666666666665,0.9831920802501749,-1.7999999999999545,-0.8999999999999773,-0.9848077530122081,0.17364817766692997,0.49999999999999994,0.8660254037844387,1.1,3.0
2026-07-06 03:00:00,290,3.0,1.1,1016.2,13.9,14.2,1.1,1.2,1.2,3.0,3.0,1.0,1016.2,1016.8,1017.8,1.1,0.0,1.1666666666666667,0.08164965809277278,3.0,0.0,2.5,0.8366600265340755,-1.599999999999909,-0.599999999999909,-0.9396926207859083,0.342020143325669,0.7071067811865476,0.7071067811865476,1.0,3.0
2026-07-06 04:00:00,280,3.0,1.2,1016.2,13.9,14.1,1.1,1.1,1.3,3.0,3.0,1.0,1016.2,1016.4,1017.3,1.1333333333333335,0.05773502691896253,1.1500000000000001,0.05477225575051647,3.0,0.0,2.8333333333333335,0.4082482904638629,-1.099999999999909,-0.1999999999999318,-0.9848077530122081,0.17364817766692997,0.8660254037844386,0.5000000000000001,1.0,3.0
2026-07-06 05:00:00,280,3.0,1.1,1016.4,13.8,14.1,1.2,1.1,1.2,3.0,3.0,2.0,1016.2,1016.2,1017.1,1.1333333333333335,0.05773502691896253,1.1333333333333335,0.051639777949431684,3.0,0.0,3.0,0.0,-0.7000000000000455,0.1999999999999318,-0.9848077530122081,0.17364817766692997,0.9659258262890683,0.25881904510252074,1.0,3.0
2026-07-06 06:00:00,250,3.0,1.0,1016.4,14.0,14.2,1.1,1.1,1.2,3.0,3.0,3.0,1016.4,1016.2,1016.8,1.0999999999999999,0.09999999999999994,1.1,0.06324555320336663,3.0,0.0,3.0,0.0,-0.39999999999997726,0.1999999999999318,-0.9396926207859084,-0.34202014332566855,1.0,6.123233995736766e-17,1.0,3.0
2026-07-06 07:00:00,250,3.0,1.0,1016.3,13.8,14.2,1.0,1.2,1.1,3.0,3.0,3.0,1016.4,1016.2,1016.4,1.0333333333333334,0.05773502691896229,1.0833333333333333,0.07527726527090707,3.0,0.0,3.0,0.0,-0.10000000000002274,0.09999999999990905,-0.9396926207859084,-0.34202014332566855,0.9659258262890683,-0.25881904510252063,1.1,3.0
2026-07-06 08:00:00,250,3.0,1.0,1016.1,13.7,14.1,1.0,1.1,1.1,3.0,3.0,3.0,1016.3,1016.4,1016.2,1.0,0.0,1.0666666666666667,0.08164965809277148,3.0,0.0,3.0,0.0,-0.10000000000002274,-0.2999999999999545,-0.9396926207859084,-0.34202014332566855,0.8660254037844387,-0.4999999999999998,1.1,3.0
2026-07-06 09:00:00,260,3.0,1.0,1015.9,13.4,14.0,1.0,1.0,1.1,3.0,3.0,3.0,1016.1,1016.4,1016.2,1.0,0.0,1.05,0.08366600265340629,3.0,0.0,3.0,0.0,-0.3000000000000682,-0.5,-0.984807753012208,-0.17364817766693033,0.7071067811865476,-0.7071067811865475,1.2,3.0
2026-07-06 10:00:00,220,3.0,1.1,1015.6,13.3,14.0,1.0,1.0,1.2,3.0,3.0,3.0,1015.9,1016.3,1016.2,1.0333333333333334,0.057735026918962595,1.0333333333333332,0.05163977794943001,3.0,0.0,3.0,0.0,-0.6000000000000227,-0.6999999999999318,-0.6427876096865393,-0.766044443118978,0.49999999999999994,-0.8660254037844387,1.1,2.0
2026-07-06 11:00:00,230,3.0,1.1,1015.5,13.2,14.0,1.1,1.0,1.1,3.0,3.0,3.0,1015.6,1016.1,1016.4,1.0666666666666667,0.057735026918962484,1.0333333333333334,0.05163977794943001,3.0,0.0,3.0,0.0,-0.8999999999999773,-0.6000000000000227,-0.7660444431189779,-0.6427876096865395,0.258819045102521,-0.9659258262890682,1.1,3.0
2026-07-06 12:00:00,220,3.0,1.2,1015.6,13.1,14.0,1.1,1.0,1.0,3.0,3.0,3.0,1015.5,1015.9,1016.4,1.1333333333333335,0.05773502691896253,1.0666666666666667,0.08164965809277143,3.0,0.0,3.0,0.0,-0.7999999999999545,-0.2999999999999545,-0.6427876096865393,-0.766044443118978,1.2246467991473532e-16,-1.0,1.1,4.0
2026-07-06 13:00:00,210,2.0,1.1,1015.5,13.1,14.0,1.2,1.1,1.0,3.0,3.0,3.0,1015.6,1015.6,1016.3,1.1333333333333335,0.05773502691896253,1.0833333333333333,0.07527726527090696,2.6666666666666665,0.5773502691896257,2.8333333333333335,0.408248290463863,-0.7999999999999545,-0.10000000000002274,-0.5000000000000001,-0.8660254037844386,-0.2588190451025208,-0.9659258262890683,1.0,3.0
2026-07-06 14:00:00,190,3.0,1.1,1015.8,13.1,14.0,1.1,1.1,1.0,2.0,3.0,3.0,1015.5,1015.5,1016.1,1.1333333333333335,0.05773502691896253,1.1,0.06324555320336639,2.6666666666666665,0.5773502691896257,2.8333333333333335,0.408248290463863,-0.3000000000000682,0.2999999999999545,-0.17364817766693047,-0.984807753012208,-0.4999999999999997,-0.8660254037844388,1.0,3.0
2026-07-06 15:00:00,210,4.0,1.1,1016.4,13.0,13.9,1.1,1.2,1.0,3.0,3.0,3.0,1015.8,1015.6,1015.9,1.1,0.0,1.1166666666666667,0.0408248290463846,3.0,0.9999999999999999,3.0,0.6324555320336759,0.5,0.7999999999999545,-0.5000000000000001,-0.8660254037844386,-0.7071067811865471,-0.7071067811865479,1.0,3.0
2026-07-06 16:00:00,200,3.0,1.0,1016.7,12.9,13.8,1.1,1.1,1.1,4.0,2.0,3.0,1016.4,1015.5,1015.6,1.0666666666666667,0.057735026918962595,1.0999999999999999,0.06324555320336639,3.3333333333333335,0.5773502691896257,3.0,0.6324555320336759,1.1000000000000227,1.2000000000000455,-0.34202014332566866,-0.9396926207859084,-0.8660254037844385,-0.5000000000000004,1.1,3.0
2026-07-06 17:00:00,230,3.0,1.0,1017.0,12.8,13.8,1.0,1.1,1.1,3.0,3.0,3.0,1016.7,1015.8,1015.5,1.0333333333333334,0.057735026918962484,1.0833333333333333,0.07527726527090702,3.3333333333333335,0.5773502691896257,3.0,0.6324555320336759,1.5,1.2000000000000455,-0.7660444431189779,-0.6427876096865395,-0.9659258262890683,-0.25881904510252063,1.1,2.0
2026-07-06 18:00:00,270,3.0,1.0,1017.1,12.6,14.1,1.0,1.1,1.2,3.0,4.0,3.0,1017.0,1016.4,1015.6,1.0,0.0,1.05,0.054772255750514906,3.0,0.0,3.0,0.6324555320336759,1.5,0.7000000000000455,-1.0,-1.8369701987210297e-16,-1.0,-1.8369701987210297e-16,1.2,4.0
2026-07-06 19:00:00,270,3.0,1.1,1017.4,13.2,14.2,1.0,1.0,1.1,3.0,3.0,2.0,1017.1,1016.7,1015.5,1.0333333333333334,0.057735026918962595,1.05,0.054772255750514906,3.0,0.0,3.1666666666666665,0.408248290463863,1.8999999999999773,0.6999999999999318,-1.0,-1.8369701987210297e-16,-0.9659258262890684,0.2588190451025203,1.2,4.0
2026-07-06 20:00:00,240,2.0,1.1,1017.4,13.5,14.8,1.1,1.0,1.1,3.0,3.0,3.0,1017.4,1017.0,1015.8,1.0666666666666669,0.057735026918962484,1.05,0.054772255750514906,2.6666666666666665,0.5773502691896257,3.0,0.6324555320336759,1.6000000000000227,0.39999999999997726,-0.8660254037844385,-0.5000000000000004,-0.8660254037844386,0.5000000000000001,1.1,4.0
2026-07-06 21:00:00,270,4.0,1.2,1017.5,13.4,14.8,1.1,1.0,1.1,2.0,3.0,4.0,1017.4,1017.1,1016.4,1.1333333333333335,0.05773502691896253,1.0666666666666667,0.08164965809277148,3.0,0.9999999999999999,3.0,0.6324555320336759,1.1000000000000227,0.39999999999997726,-1.0,-1.8369701987210297e-16,-0.7071067811865477,0.7071067811865474,1.1,5.0
2026-07-06 22:00:00,270,4.0,1.2,1017.3,13.6,15.0,1.2,1.1,1.0,4.0,3.0,3.0,1017.5,1017.4,1016.7,1.1666666666666667,0.05773502691896261,1.1,0.0894427190999907,3.3333333333333335,1.1547005383792515,3.1666666666666665,0.752772652709081,0.599999999999909,-0.10000000000002274,-1.0,-1.8369701987210297e-16,-0.5000000000000004,0.8660254037844384,1.1,6.0
2026-07-06 23:00:00,280,4.0,1.1,1017.1,13.8,14.8,1.2,1.1,1.0,4.0,2.0,3.0,1017.3,1017.4,1017.0,1.1666666666666667,0.05773502691896253,1.1166666666666667,0.07527726527090713,4.0,0.0,3.3333333333333335,0.816496580927726,0.10000000000002274,-0.2999999999999545,-0.9848077530122081,0.17364817766692997,-0.25881904510252157,0.9659258262890681,1.1,6.0
2026-07-07 00:00:00,290,5.0,1.1,1016.7,13.7,14.8,1.1,1.2,1.0,4.0,4.0,3.0,1017.1,1017.5,1017.1,1.1333333333333335,0.05773502691896261,1.1333333333333335,0.05163977794943088,4.333333333333333,0.5773502691896258,3.6666666666666665,1.0327955589886446,-0.39999999999997726,-0.7999999999999545,-0.9396926207859083,0.342020143325669,0.0,1.0,1.1,6.0
2026-07-07 01:00:00,300,6.0,1.1,1016.5,13.6,14.6,1.1,1.2,1.1,5.0,4.0,3.0,1016.7,1017.3,1017.4,1.1,0.0,1.1333333333333333,0.05163977794943088,5.0,1.0,4.166666666666667,1.3291601358251262,-0.8999999999999773,-0.7999999999999545,-0.8660254037844386,0.5000000000000001,0.25881904510252074,0.9659258262890683,1.1,5.0
2026-07-07 02:00:00,310,6.0,1.1,1016.4,13.8,14.3,1.1,1.1,1.1,6.0,4.0,2.0,1016.5,1017.1,1017.4,1.1,0.0,1.1333333333333335,0.05163977794943088,5.666666666666667,0.5773502691896258,4.833333333333333,0.983192080250176,-1.0,-0.7000000000000455,-0.7660444431189781,0.6427876096865393,0.49999999999999994,0.8660254037844387,1.3,7.0
2026-07-07 03:00:00,310,6.0,1.1,1016.7,13.9,14.6,1.1,1.1,1.2,6.0,5.0,4.0,1016.4,1016.7,1017.5,1.1,0.0,1.1166666666666667,0.04082482904638448,6.0,0.0,5.166666666666667,0.983192080250176,-0.7999999999999545,0.0,-0.7660444431189781,0.6427876096865393,0.7071067811865476,0.7071067811865476,1.2,7.0
2026-07-07 04:00:00,310,5.0,1.1,1016.8,13.9,14.5,1.1,1.1,1.2,6.0,6.0,4.0,1016.7,1016.5,1017.3,1.1,0.0,1.1,0.0,5.666666666666667,0.5773502691896258,5.333333333333333,0.8164965809277271,-0.5,0.2999999999999545,-0.7660444431189781,0.6427876096865393,0.8660254037844386,0.5000000000000001,1.4,7.0
2026-07-07 05:00:00,310,7.0,1.3,1017.2,13.7,14.2,1.1,1.1,1.1,5.0,6.0,4.0,1016.8,1016.4,1017.1,1.1666666666666667,0.11547005383792512,1.1333333333333335,0.08164965809277261,6.0,1.0,5.833333333333333,0.7527726527090818,0.10000000000002274,0.8000000000000682,-0.7660444431189781,0.6427876096865393,0.9659258262890683,0.25881904510252074,1.3,7.0
2026-07-07 06:00:00,310,7.0,1.2,1017.5,13.5,14.3,1.3,1.1,1.1,7.0,6.0,5.0,1017.2,1016.7,1016.7,1.2000000000000002,0.09999999999999996,1.1500000000000001,0.08366600265340758,6.333333333333333,1.1547005383792517,6.166666666666667,0.7527726527090812,0.7999999999999545,0.7999999999999545,-0.7660444431189781,0.6427876096865393,1.0,6.123233995736766e-17,1.5,6.0
2026-07-07 07:00:00,300,7.0,1.4,1017.2,13.5,14.3,1.2,1.1,1.1,7.0,5.0,6.0,1017.5,1016.8,1016.5,1.3,0.09999999999999977,1.2,0.1264911064067352,7.0,0.0,6.333333333333333,0.816496580927726,0.7000000000000455,0.40000000000009095,-0.8660254037844386,0.5000000000000001,0.9659258262890683,-0.25881904510252063,1.5,6.0
2026-07-07 08:00:00,310,7.0,1.3,1017.1,13.4,14.2,1.4,1.3,1.1,7.0,7.0,6.0,1017.2,1017.2,1016.4,1.3,0.09999999999999977,1.2333333333333334,0.12110601416389971,7.0,0.0,6.5,0.8366600265340756,0.7000000000000455,-0.10000000000002274,-0.7660444431189781,0.6427876096865393,0.8660254037844387,-0.4999999999999998,1.5,6.0
2026-07-07 09:00:00,310,6.0,1.5,1016.9,13.4,14.1,1.3,1.2,1.1,7.0,7.0,6.0,1017.1,1017.5,1016.7,1.4000000000000001,0.09999999999999963,1.3,0.14142135623730953,6.666666666666667,0.5773502691896258,6.5,0.8366600265340756,0.1999999999999318,-0.6000000000000227,-0.7660444431189781,0.6427876096865393,0.7071067811865476,-0.7071067811865475,1.4,5.0
2026-07-07 10:00:00,300,6.0,1.5,1016.8,13.3,14.1,1.5,1.4,1.1,6.0,7.0,5.0,1016.9,1017.2,1016.8,1.4333333333333336,0.11547005383792473,1.3666666666666665,0.12110601416389971,6.333333333333333,0.5773502691896258,6.666666666666667,0.5163977794943222,0.0,-0.40000000000009095,-0.8660254037844386,0.5000000000000001,0.49999999999999994,-0.8660254037844387,1.4,6.0
2026-07-07 11:00:00,310,6.0,1.5,1016.9,13.2,14.1,1.5,1.3,1.3,6.0,7.0,7.0,1016.8,1017.1,1017.2,1.5,0.0,1.4000000000000001,0.1264911064067352,6.0,0.0,6.5,0.547722557505166,-0.3000000000000682,-0.20000000000004547,-0.7660444431189781,0.6427876096865393,0.258819045102521,-0.9659258262890682,1.4,6.0
2026-07-07 12:00:00,310,5.0,1.4,1017.1,13.1,13.8,1.5,1.5,1.2,6.0,6.0,7.0,1016.9,1016.9,1017.5,1.4666666666666668,0.057735026918962595,1.4333333333333333,0.08164965809277254,5.666666666666667,0.5773502691896258,6.166666666666667,0.752772652709081,-0.39999999999997726,0.20000000000004547,-0.7660444431189781,0.6427876096865393,1.2246467991473532e-16,-1.0,1.5,6.0
2026-07-07 13:00:00,300,6.0,1.4,1017.2,13.1,13.7,1.4,1.5,1.4,5.0,6.0,7.0,1017.1,1016.8,1017.2,1.4333333333333333,0.057735026918962484,1.4333333333333333,0.08164965809277254,5.666666666666667,0.5773502691896258,6.0,0.6324555320336759,0.0,0.40000000000009095,-0.8660254037844386,0.5000000000000001,-0.2588190451025208,-0.9659258262890683,1.4,6.0
2026-07-07 14:00:00,310,6.0,1.4,1017.4,13.1,14.0,1.4,1.5,1.3,6.0,6.0,7.0,1017.2,1016.9,1017.1,1.4,0.0,1.45,0.05477225575051649,5.666666666666667,0.5773502691896258,5.833333333333333,0.40824829046386313,0.2999999999999545,0.5,-0.7660444431189781,0.6427876096865393,-0.4999999999999997,-0.8660254037844388,1.5,6.0
2026-07-07 15:00:00,310,6.0,1.5,1017.7,13.2,14.2,1.4,1.4,1.5,6.0,5.0,6.0,1017.4,1017.1,1016.9,1.4333333333333333,0.057735026918962595,1.45,0.05477225575051649,6.0,0.0,5.833333333333333,0.40824829046386313,0.8000000000000682,0.6000000000000227,-0.7660444431189781,0.6427876096865393,-0.7071067811865471,-0.7071067811865479,1.6,6.0
2026-07-07 16:00:00,300,6.0,1.4,1018.2,13.3,14.2,1.5,1.4,1.5,6.0,6.0,6.0,1017.7,1017.2,1016.8,1.4333333333333333,0.057735026918962595,1.4333333333333333,0.05163977794943216,6.0,0.0,5.833333333333333,0.40824829046386313,1.400000000000091,1.0,-0.8660254037844386,0.5000000000000001,-0.8660254037844385,-0.5000000000000004,1.5,6.0
2026-07-07 17:00:00,300,6.0,1.5,1018.8,13.3,14.1,1.4,1.4,1.5,6.0,6.0,6.0,1018.2,1017.4,1016.9,1.4666666666666668,0.057735026918962484,1.4333333333333333,0.05163977794943217,6.0,0.0,5.833333333333333,0.40824829046386313,1.8999999999999773,1.3999999999999773,-0.8660254037844386,0.5000000000000001,-0.9659258262890683,-0.25881904510252063,1.4,5.0
2026-07-07 18:00:00,310,6.0,1.6,1019.3,13.3,14.1,1.5,1.5,1.4,6.0,6.0,5.0,1018.8,1017.7,1017.1,1.5,0.09999999999999991,1.4666666666666668,0.08164965809277243,6.0,0.0,6.0,0.0,2.199999999999932,1.599999999999909,-0.7660444431189781,0.6427876096865393,-1.0,-1.8369701987210297e-16,1.4,6.0
2026-07-07 19:00:00,310,6.0,1.5,1019.8,13.3,14.2,1.6,1.4,1.4,6.0,6.0,6.0,1019.3,1018.2,1017.2,1.5333333333333334,0.057735026918962117,1.4833333333333332,0.0752772652709078,6.0,0.0,6.0,0.0,2.599999999999909,1.599999999999909,-0.7660444431189781,0.6427876096865393,-0.9659258262890684,0.2588190451025203,1.5,5.0
2026-07-07 20:00:00,310,5.0,1.4,1020.0,13.5,14.2,1.5,1.5,1.4,6.0,6.0,6.0,1019.8,1018.8,1017.4,1.5,0.09999999999999991,1.4833333333333334,0.0752772652709078,5.666666666666667,0.5773502691896258,5.833333333333333,0.40824829046386296,2.6000000000000227,1.2000000000000455,-0.7660444431189781,0.6427876096865393,-0.8660254037844386,0.5000000000000001,1.5,6.0
2026-07-07 21:00:00,310,6.0,1.4,1020.0,13.6,14.2,1.4,1.6,1.5,5.0,6.0,6.0,1020.0,1019.3,1017.7,1.4333333333333333,0.057735026918962595,1.4666666666666668,0.08164965809277243,5.666666666666667,0.5773502691896258,5.833333333333333,0.40824829046386296,2.2999999999999545,0.7000000000000455,-0.7660444431189781,0.6427876096865393,-0.7071067811865477,0.7071067811865474,1.6,6.0
2026-07-07 22:00:00,310,5.0,1.5,1020.0,13.7,14.2,1.4,1.5,1.4,6.0,6.0,6.0,1020.0,1019.8,1018.2,1.4333333333333333,0.057735026918962595,1.4833333333333332,0.0752772652709078,5.333333333333333,0.5773502691896258,5.666666666666667,0.5163977794943221,1.7999999999999545,0.20000000000004547,-0.7660444431189781,0.6427876096865393,-0.5000000000000004,0.8660254037844384,1.5,8.0
2026-07-07 23:00:00,310,6.0,1.5,1019.9,13.8,14.1,1.5,1.4,1.5,5.0,5.0,6.0,1020.0,1020.0,1018.8,1.4666666666666668,0.057735026918962484,1.4833333333333332,0.0752772652709078,5.666666666666667,0.5773502691896258,5.666666666666667,0.5163977794943221,1.1000000000000227,-0.10000000000002274,-0.7660444431189781,0.6427876096865393,-0.25881904510252157,0.9659258262890681,1.5,8.0
2026-07-08 00:00:00,310,6.0,1.6,1019.6,13.9,14.0,1.5,1.4,1.6,6.0,6.0,6.0,1019.9,1020.0,1019.3,1.5333333333333334,0.057735026918962595,1.4833333333333334,0.0752772652709078,5.666666666666667,0.5773502691896258,5.666666666666667,0.5163977794943221,0.3000000000000682,-0.39999999999997726,-0.7660444431189781,0.6427876096865393,0.0,1.0,1.4,9.0
2026-07-08 01:00:00,310,8.0,1.5,1019.4,13.9,13.8,1.6,1.5,1.5,6.0,5.0,6.0,1019.6,1020.0,1019.8,1.5333333333333334,0.057735026918962595,1.4833333333333334,0.0752772652709078,6.666666666666667,1.1547005383792515,6.0,1.0954451150103321,-0.39999999999997726,-0.6000000000000227,-0.7660444431189781,0.6427876096865393,0.25881904510252074,0.9659258262890683,1.6,7.0
2026-07-08 02:00:00,310,8.0,1.5,1019.3,13.9,13.5,1.5,1.5,1.4,8.0,6.0,5.0,1019.4,1019.9,1020.0,1.5333333333333334,0.057735026918962595,1.5,0.06324555320336711,7.333333333333333,1.1547005383792515,6.5,1.224744871391589,-0.7000000000000455,-0.6000000000000227,-0.7660444431189781,0.6427876096865393,0.49999999999999994,0.8660254037844387,1.7,9.0
2026-07-08 03:00:00,310,9.0,1.4,1019.4,13.9,13.4,1.5,1.6,1.4,8.0,6.0,6.0,1019.3,1019.6,1020.0,1.4666666666666668,0.057735026918962595,1.5,0.06324555320336711,8.333333333333334,0.5773502691896255,7.0,1.5491933384829668,-0.6000000000000227,-0.20000000000004547,-0.7660444431189781,0.6427876096865393,0.7071067811865476,0.7071067811865476,1.7,8.0
2026-07-08 04:00:00,310,7.0,1.6,1019.4,13.7,13.3,1.4,1.5,1.5,9.0,8.0,5.0,1019.4,1019.4,1020.0,1.5,0.10000000000000019,1.5166666666666666,0.07527726527090763,8.0,0.9999999999999998,7.333333333333333,1.2110601416389966,-0.6000000000000227,0.0,-0.7660444431189781,0.6427876096865393,0.8660254037844386,0.5000000000000001,1.7,8.0
2026-07-08 05:00:00,310,9.0,1.7,1019.8,13.7,13.3,1.6,1.5,1.5,7.0,8.0,6.0,1019.4,1019.3,1019.9,1.5666666666666667,0.15275252316519494,1.55,0.10488088481701467,8.333333333333334,1.1547005383792512,7.833333333333333,1.1690451944500118,-0.10000000000002274,0.5,-0.7660444431189781,0.6427876096865393,0.9659258262890683,0.25881904510252074,1.9,7.0
2026-07-08 06:00:00,310,8.0,1.7,1020.1,13.7,13.9,1.7,1.4,1.6,9.0,9.0,6.0,1019.8,1019.4,1019.6,1.6666666666666667,0.05773502691896365,1.5666666666666667,0.1211060141638992,8.0,0.9999999999999998,8.166666666666666,0.7527726527090801,0.5,0.7000000000000455,-0.7660444431189781,0.6427876096865393,1.0,6.123233995736766e-17,1.8,8.0
2026-07-08 07:00:00,310,8.0,1.7,1020.1,13.7,14.2,1.7,1.6,1.5,8.0,7.0,8.0,1020.1,1019.4,1019.4,1.7,0.0,1.5999999999999999,0.12649110640673464,8.333333333333334,0.5773502691896255,8.166666666666666,0.7527726527090801,0.7000000000000455,0.7000000000000455,-0.7660444431189781,0.6427876096865393,0.9659258262890683,-0.25881904510252063,1.9,8.0
2026-07-08 08:00:00,310,7.0,1.9,1020.0,13.7,14.2,1.7,1.7,1.5,8.0,9.0,8.0,1020.1,1019.8,1019.3,1.7666666666666666,0.11547005383792512,1.6666666666666667,0.16329931618554464,7.666666666666667,0.5773502691896258,8.0,0.8944271909999152,0.7000000000000455,0.20000000000004547,-0.7660444431189781,0.6427876096865393,0.8660254037844387,-0.4999999999999998,2.0,8.0
2026-07-08 09:00:00,310,8.0,1.8,1019.9,13.6,14.2,1.9,1.7,1.4,7.0,8.0,9.0,1020.0,1020.1,1019.4,1.8,0.09999999999999999,1.7333333333333334,0.10327955589886324,7.666666666666667,0.5773502691896258,7.833333333333333,0.7527726527090801,0.5,-0.20000000000004547,-0.7660444431189781,0.6427876096865393,0.7071067811865476,-0.7071067811865475,1.9,8.0
2026-07-08 10:00:00,310,8.0,1.9,1019.6,13.4,14.0,1.8,1.7,1.6,8.0,8.0,7.0,1019.9,1020.1,1019.4,1.8666666666666665,0.057735026918962845,1.7833333333333332,0.09831920802501612,7.666666666666667,0.5773502691896258,8.0,0.6324555320336749,0.20000000000004547,-0.5,-0.7660444431189781,0.6427876096865393,0.49999999999999994,-0.8660254037844387,2.0,7.0
2026-07-08 11:00:00,310,8.0,2.0,1019.6,13.3,13.8,1.9,1.9,1.7,8.0,7.0,9.0,1019.6,1020.0,1019.8,1.9000000000000001,0.10000000000000032,1.8333333333333333,0.12110601416389849,8.0,0.0,7.833333333333333,0.40824829046386146,-0.1999999999999318,-0.39999999999997726,-0.7660444431189781,0.6427876096865393,0.258819045102521,-0.9659258262890682,2.0,7.0
2026-07-08 12:00:00,310,8.0,1.9,1019.6,13.2,13.7,2.0,1.8,1.7,8.0,8.0,8.0,1019.6,1019.9,1020.1,1.9333333333333333,0.05773502691896346,1.8666666666666665,0.103279555898863,8.0,0.0,7.833333333333333,0.40824829046386146,-0.5,-0.2999999999999545,-0.7660444431189781,0.6427876096865393,1.2246467991473532e-16,-1.0,2.0,7.0
2026-07-08 13:00:00,310,7.0,2.0,1019.7,13.0,13.5,1.9,1.9,1.7,8.0,8.0,8.0,1019.6,1019.6,1020.1,1.9666666666666668,0.05773502691896385,1.9166666666666667,0.07527726527090604,7.666666666666667,0.5773502691896258,7.666666666666667,0.5163977794943209,-0.39999999999997726,0.10000000000002274,-0.7660444431189781,0.6427876096865393,-0.2588190451025208,-0.9659258262890683,2.0,6.0
2026-07-08 14:00:00,310,7.0,2.0,1019.9,12.8,13.4,2.0,2.0,1.9,7.0,8.0,7.0,1019.7,1019.6,1020.0,1.9666666666666668,0.05773502691896385,1.9333333333333333,0.08164965809277065,7.333333333333333,0.5773502691896258,7.666666666666667,0.5163977794943209,-0.10000000000002274,0.2999999999999545,-0.7660444431189781,0.6427876096865393,-0.4999999999999997,-0.8660254037844388,1.9,6.0
2026-07-08 15:00:00,300,7.0,2.0,1020.1,12.6,13.3,2.0,1.9,1.8,7.0,8.0,8.0,1019.9,1019.6,1019.9,2.0,0.0,1.9666666666666666,0.051639777949429026,7.0,0.0,7.5,0.5477225575051647,0.20000000000004547,0.5,-0.8660254037844386,0.5000000000000001,-0.7071067811865471,-0.7071067811865479,1.9,6.0
2026-07-08 16:00:00,300,6.0,2.0,1020.5,12.6,13.3,2.0,2.0,1.9,7.0,7.0,8.0,1020.1,1019.7,1019.6,2.0,0.0,1.9833333333333332,0.040824829046382155,6.666666666666667,0.5773502691896258,7.166666666666667,0.7527726527090801,0.8999999999999773,0.7999999999999545,-0.8660254037844386,0.5000000000000001,-0.8660254037844385,-0.5000000000000004,1.9,6.0
2026-07-08 17:00:00,310,6.0,1.9,1020.7,12.6,13.1,2.0,2.0,2.0,6.0,7.0,8.0,1020.5,1019.9,1019.6,1.9666666666666666,0.057735026918962595,1.9666666666666666,0.05163977794942895,6.333333333333333,0.5773502691896258,6.833333333333333,0.7527726527090801,1.1000000000000227,0.8000000000000682,-0.7660444431189781,0.6427876096865393,-0.9659258262890683,-0.25881904510252063,1.8,7.0
2026-07-08 18:00:00,310,6.0,1.9,1020.8,12.8,13.2,1.9,2.0,1.9,6.0,7.0,8.0,1020.7,1020.1,1019.6,1.9333333333333333,0.057735026918962484,1.9666666666666668,0.05163977794942895,6.0,0.0,6.5,0.5477225575051647,1.1999999999999318,0.6999999999999318,-0.7660444431189781,0.6427876096865393,-1.0,-1.8369701987210297e-16,1.7,7.0
2026-07-08 19:00:00,310,6.0,1.9,1020.9,12.8,13.2,1.9,2.0,2.0,6.0,6.0,7.0,1020.8,1020.5,1019.7,1.9,0.0,1.95,0.054772255750513525,6.0,0.0,6.333333333333333,0.5163977794943209,1.1999999999999318,0.39999999999997726,-0.7660444431189781,0.6427876096865393,-0.9659258262890684,0.2588190451025203,1.6,7.0
2026-07-08 20:00:00,310,7.0,1.8,1020.7,12.7,13.0,1.9,1.9,2.0,6.0,6.0,7.0,1020.9,1020.7,1019.9,1.8666666666666665,0.05773502691896253,1.9166666666666667,0.0752772652709058,6.333333333333333,0.5773502691896258,6.333333333333333,0.5163977794943209,0.8000000000000682,0.0,-0.7660444431189781,0.6427876096865393,-0.8660254037844386,0.5000000000000001,1.6,7.0
2026-07-08 21:00:00,310,7.0,1.7,1020.4,12.8,13.0,1.8,1.9,2.0,7.0,6.0,7.0,1020.7,1020.8,1020.1,1.8,0.10000000000000007,1.8666666666666665,0.10327955589886276,6.666666666666667,0.5773502691896258,6.333333333333333,0.5163977794943209,0.2999999999999545,-0.39999999999997726,-0.7660444431189781,0.6427876096865393,-0.7071067811865477,0.7071067811865474,1.6,7.0
2026-07-08 22:00:00,310,7.0,1.6,1020.2,12.9,13.0,1.7,1.9,2.0,7.0,6.0,6.0,1020.4,1020.9,1020.5,1.7,0.10000000000000007,1.8,0.12649110640673378,7.0,0.0,6.5,0.5477225575051647,-0.2999999999999545,-0.6999999999999318,-0.7660444431189781,0.6427876096865393,-0.5000000000000004,0.8660254037844384,1.6,7.0
2026-07-08 23:00:00,310,7.0,1.6,1019.9,13.1,13.0,1.6,1.8,1.9,7.0,7.0,6.0,1020.2,1020.7,1020.7,1.6333333333333335,0.05773502691896253,1.75,0.13784048752090095,7.0,0.0,6.666666666666667,0.5163977794943209,-0.8000000000000682,-0.8000000000000682,-0.7660444431189781,0.6427876096865393,-0.25881904510252157,0.9659258262890681,1.7,7.0
2026-07-09 00:00:00,310,7.0,1.6,1019.5,13.2,13.0,1.6,1.7,1.9,7.0,7.0,6.0,1019.9,1020.4,1020.8,1.6,0.0,1.7,0.12649110640673378,7.0,0.0,6.833333333333333,0.40824829046386174,-1.2999999999999545,-0.8999999999999773,-0.7660444431189781,0.6427876096865393,0.0,1.0,1.7,8.0
2026-07-09 01:00:00,310,7.0,1.6,1019.3,13.3,13.0,1.6,1.6,1.9,7.0,7.0,6.0,1019.5,1020.2,1020.9,1.6,0.0,1.6500000000000004,0.08366600265340546,7.0,0.0,7.0,0.0,-1.6000000000000227,-0.900000000000091,-0.7660444431189781,0.6427876096865393,0.25881904510252074,0.9659258262890683,1.9,7.0
2026-07-09 02:00:00,310,7.0,1.7,1018.8,13.2,13.0,1.6,1.6,1.8,7.0,7.0,7.0,1019.3,1019.9,1020.7,1.6333333333333335,0.05773502691896253,1.6333333333333335,0.05163977794942874,7.0,0.0,7.0,0.0,-1.900000000000091,-1.1000000000000227,-0.7660444431189781,0.6427876096865393,0.49999999999999994,0.8660254037844387,1.9,8.0
2026-07-09 03:00:00,310,8.0,1.7,1018.6,13.2,13.0,1.7,1.6,1.7,7.0,7.0,7.0,1018.8,1019.5,1020.4,1.6666666666666667,0.05773502691896261,1.6333333333333335,0.05163977794942874,7.333333333333333,0.5773502691896258,7.166666666666667,0.40824829046386296,-1.7999999999999545,-0.8999999999999773,-0.7660444431189781,0.6427876096865393,0.7071067811865476,0.7071067811865476,1.9,8.0
2026-07-09 04:00:00,320,7.0,1.9,1018.4,13.0,13.1,1.7,1.6,1.6,8.0,7.0,7.0,1018.6,1019.3,1020.2,1.7666666666666666,0.11547005383792512,1.6833333333333333,0.11690451944499972,7.333333333333333,0.5773502691896258,7.166666666666667,0.40824829046386296,-1.8000000000000682,-0.8999999999999773,-0.6427876096865396,0.7660444431189778,0.8660254037844386,0.5000000000000001,2.0,7.0
2026-07-09 05:00:00,310,8.0,1.9,1018.5,12.8,13.0,1.9,1.7,1.6,7.0,7.0,7.0,1018.4,1018.8,1019.9,1.8333333333333333,0.11547005383792516,1.7333333333333334,0.13662601021279344,7.666666666666667,0.5773502691896258,7.333333333333333,0.5163977794943221,-1.3999999999999773,-0.2999999999999545,-0.7660444431189781,0.6427876096865393,0.9659258262890683,0.25881904510252074,2.0,8.0
2026-07-09 06:00:00,310,8.0,1.9,1018.4,12.8,13.1,1.9,1.7,1.6,8.0,8.0,7.0,1018.5,1018.6,1019.5,1.9,0.0,1.7833333333333332,0.1329160135825114,7.666666666666667,0.5773502691896258,7.5,0.5477225575051659,-1.1000000000000227,-0.20000000000004547,-0.7660444431189781,0.6427876096865393,1.0,6.123233995736766e-17,2.1,7.0
2026-07-09 07:00:00,310,7.0,2.0,1018.2,12.8,13.1,1.9,1.9,1.6,8.0,7.0,7.0,1018.4,1018.4,1019.3,1.9333333333333333,0.057735026918962595,1.8499999999999996,0.12247448713915775,7.666666666666667,0.5773502691896258,7.5,0.5477225575051659,-1.099999999999909,-0.1999999999999318,-0.7660444431189781,0.6427876096865393,0.9659258262890683,-0.25881904510252063,2.1,7.0
2026-07-09 08:00:00,320,8.0,2.0,1018.0,12.8,13.1,2.0,1.9,1.7,7.0,8.0,7.0,1018.2,1018.5,1018.8,1.9666666666666668,0.057735026918962484,1.8999999999999997,0.10954451150103196,7.666666666666667,0.5773502691896258,7.666666666666667,0.5163977794943221,-0.7999999999999545,-0.5,-0.6427876096865396,0.7660444431189778,0.8660254037844387,-0.4999999999999998,2.2,8.0
2026-07-09 09:00:00,310,7.0,2.1,1017.5,12.7,12.9,2.0,1.9,1.7,8.0,8.0,8.0,1018.0,1018.4,1018.6,2.033333333333333,0.05773502691896269,1.9666666666666668,0.081649658092771,7.333333333333333,0.5773502691896258,7.5,0.5477225575051659,-1.1000000000000227,-0.8999999999999773,-0.7660444431189781,0.6427876096865393,0.7071067811865476,-0.7071067811865475,2.2,7.0
2026-07-09 10:00:00,310,7.0,2.1,1017.1,12.6,12.8,2.1,2.0,1.9,7.0,7.0,7.0,1017.5,1018.2,1018.4,2.0666666666666664,0.05773502691896285,2.0,0.08944271909999013,7.333333333333333,0.5773502691896258,7.5,0.5477225575051659,-1.2999999999999545,-1.1000000000000227,-0.7660444431189781,0.6427876096865393,0.49999999999999994,-0.8660254037844387,2.1,7.0
2026-07-09 11:00:00,310,8.0,2.2,1016.8,12.6,13.1,2.1,2.0,1.9,7.0,8.0,8.0,1017.1,1018.0,1018.5,2.1333333333333333,0.05773502691896269,2.0500000000000003,0.10488088481701399,7.333333333333333,0.5773502691896258,7.5,0.5477225575051659,-1.7000000000000455,-1.2000000000000455,-0.7660444431189781,0.6427876096865393,0.258819045102521,-0.9659258262890682,2.3,7.0
2026-07-09 12:00:00,310,7.0,2.2,1016.7,12.5,13.4,2.2,2.1,1.9,8.0,7.0,8.0,1016.8,1017.5,1018.4,2.1666666666666665,0.05773502691896285,2.1,0.08944271909999041,7.333333333333333,0.5773502691896258,7.333333333333333,0.5163977794943221,-1.6999999999999318,-0.7999999999999545,-0.7660444431189781,0.6427876096865393,1.2246467991473532e-16,-1.0,2.4,7.0
2026-07-09 13:00:00,310,7.0,2.1,1016.3,12.4,13.6,2.2,2.1,2.0,7.0,7.0,7.0,1016.7,1017.1,1018.2,2.166666666666667,0.05773502691896269,2.1166666666666667,0.07527726527090679,7.333333333333333,0.5773502691896258,7.333333333333333,0.5163977794943221,-1.900000000000091,-0.8000000000000682,-0.7660444431189781,0.6427876096865393,-0.2588190451025208,-0.9659258262890683,2.2,7.0
2026-07-09 14:00:00,310,7.0,2.3,1016.5,12.5,13.6,2.1,2.2,2.0,7.0,8.0,8.0,1016.3,1016.8,1018.0,2.2,0.09999999999999983,2.1666666666666665,0.08164965809277153,7.0,0.0,7.166666666666667,0.4082482904638632,-1.5,-0.2999999999999545,-0.7660444431189781,0.6427876096865393,-0.4999999999999997,-0.8660254037844388,2.3,7.0
2026-07-09 15:00:00,310,7.0,2.4,1016.8,12.6,13.7,2.3,2.2,2.1,7.0,7.0,7.0,1016.5,1016.7,1017.5,2.266666666666667,0.1527525231651945,2.216666666666667,0.11690451944500058,7.0,0.0,7.166666666666667,0.4082482904638632,-0.7000000000000455,0.09999999999990905,-0.7660444431189781,0.6427876096865393,-0.7071067811865471,-0.7071067811865479,2.5,8.0
2026-07-09 16:00:00,310,7.0,2.2,1016.9,12.6,13.5,2.4,2.1,2.1,7.0,7.0,7.0,1016.8,1016.3,1017.1,2.3000000000000003,0.09999999999999976,2.2333333333333334,0.1032795558988638,7.0,0.0,7.166666666666667,0.4082482904638632,-0.20000000000004547,0.6000000000000227,-0.7660444431189781,0.6427876096865393,-0.8660254037844385,-0.5000000000000004,2.2,8.0
2026-07-09 17:00:00,310,7.0,2.3,1017.0,12.6,13.5,2.2,2.3,2.2,7.0,7.0,8.0,1016.9,1016.5,1016.8,2.3000000000000003,0.09999999999999976,2.25,0.10488088481701448,7.0,0.0,7.0,0.0,0.20000000000004547,0.5,-0.7660444431189781,0.6427876096865393,-0.9659258262890683,-0.25881904510252063,2.3,6.0
2026-07-09 18:00:00,310,8.0,2.5,1016.5,12.5,13.5,2.3,2.4,2.2,7.0,7.0,7.0,1017.0,1016.8,1016.7,2.3333333333333335,0.15275252316519444,2.3000000000000003,0.1414213562373091,7.333333333333333,0.5773502691896258,7.166666666666667,0.40824829046386296,-0.20000000000004547,-0.2999999999999545,-0.7660444431189781,0.6427876096865393,-1.0,-1.8369701987210297e-16,2.3,8.0
2026-07-09 19:00:00,310,8.0,2.2,1016.6,12.6,13.5,2.5,2.2,2.1,8.0,7.0,7.0,1016.5,1016.9,1016.3,2.3333333333333335,0.15275252316519444,2.316666666666667,0.11690451944500073,7.666666666666667,0.5773502691896258,7.333333333333333,0.5163977794943221,0.3000000000000682,-0.2999999999999545,-0.7660444431189781,0.6427876096865393,-0.9659258262890684,0.2588190451025203,2.0,8.0
2026-07-09 20:00:00,310,6.0,2.3,1016.6,12.6,13.6,2.2,2.3,2.3,8.0,7.0,7.0,1016.6,1017.0,1016.5,2.3333333333333335,0.15275252316519444,2.3166666666666664,0.11690451944500073,7.333333333333333,1.1547005383792515,7.166666666666667,0.752772652709081,0.10000000000002274,-0.39999999999997726,-0.7660444431189781,0.6427876096865393,-0.8660254037844386,0.5000000000000001,2.0,8.0
2026-07-09 21:00:00,320,8.0,2.3,1016.3,12.7,13.3,2.3,2.5,2.4,6.0,8.0,7.0,1016.6,1016.5,1016.8,2.266666666666666,0.05773502691896206,2.3000000000000003,0.10954451150103267,7.333333333333333,1.1547005383792515,7.333333333333333,0.8164965809277259,-0.5,-0.20000000000004547,-0.6427876096865396,0.7660444431189778,-0.7071067811865477,0.7071067811865474,2.3,8.0
2026-07-09 22:00:00,310,8.0,2.0,1016.0,12.8,13.2,2.3,2.2,2.2,8.0,8.0,7.0,1016.3,1016.6,1016.9,2.1999999999999997,0.17320508075688756,2.2666666666666666,0.16329931618554486,7.333333333333333,1.1547005383792515,7.5,0.8366600265340753,-0.8999999999999773,-0.6000000000000227,-0.7660444431189781,0.6427876096865393,-0.5000000000000004,0.8660254037844384,2.3,8.0
2026-07-09 23:00:00,310,8.0,2.0,1015.7,12.9,13.0,2.0,2.3,2.3,8.0,6.0,7.0,1016.0,1016.6,1017.0,2.0999999999999996,0.17320508075688734,2.216666666666667,0.1940790217067948,8.0,0.0,7.666666666666667,0.8164965809277259,-1.2999999999999545,-0.8999999999999773,-0.7660444431189781,0.6427876096865393,-0.25881904510252157,0.9659258262890681,2.5,9.0
2026-07-10 00:00:00,310,8.0,2.3,1015.4,13.1,12.8,2.0,2.3,2.5,8.0,8.0,8.0,1015.7,1016.3,1016.5,2.1,0.17320508075688756,2.1833333333333336,0.14719601443879685,8.0,0.0,7.666666666666667,0.8164965809277259,-1.1000000000000227,-0.8999999999999773,-0.7660444431189781,0.6427876096865393,0.0,1.0,2.4,7.0
2026-07-10 01:00:00,310,8.0,2.3,1015.0,13.2,12.8,2.3,2.0,2.2,8.0,8.0,8.0,1015.4,1016.0,1016.6,2.1999999999999997,0.17320508075688734,2.1999999999999997,0.1549193338482961,8.0,0.0,7.666666666666667,0.8164965809277259,-1.6000000000000227,-1.0,-0.7660444431189781,0.6427876096865393,0.25881904510252074,0.9659258262890683,2.5,6.0
2026-07-10 02:00:00,310,9.0,2.5,1014.6,13.1,12.9,2.3,2.0,2.3,8.0,8.0,6.0,1015.0,1015.7,1016.6,2.3666666666666667,0.11547005383792519,2.233333333333333,0.19663841605003465,8.333333333333334,0.5773502691896255,8.166666666666666,0.4082482904638632,-2.0,-1.1000000000000227,-0.7660444431189781,0.6427876096865393,0.49999999999999994,0.8660254037844387,2.6,6.0
2026-07-10 03:00:00,310,7.0,2.4,1014.2,13.3,13.4,2.5,2.3,2.3,9.0,8.0,8.0,1014.6,1015.4,1016.3,2.4,0.09999999999999991,2.25,0.20736441353327686,8.0,0.9999999999999998,8.0,0.6324555320336757,-2.099999999999909,-1.1999999999999318,-0.7660444431189781,0.6427876096865393,0.7071067811865476,0.7071067811865476,2.5,6.0
2026-07-10 04:00:00,320,6.0,2.5,1013.9,13.4,13.6,2.4,2.3,2.0,7.0,8.0,8.0,1014.2,1015.0,1016.0,2.466666666666667,0.05773502691896151,2.3333333333333335,0.18618986725025222,7.333333333333333,1.5275252316519465,7.666666666666667,1.0327955589886442,-2.1000000000000227,-1.1000000000000227,-0.6427876096865396,0.7660444431189778,0.8660254037844386,0.5000000000000001,2.6,6.0
2026-07-10 05:00:00,310,6.0,2.6,1014.3,13.4,13.7,2.5,2.5,2.0,6.0,9.0,8.0,1013.9,1014.6,1015.7,2.5,0.099999999999999,2.433333333333333,0.12110601416389963,6.333333333333333,0.5773502691896245,7.333333333333333,1.2110601416389963,-1.400000000000091,-0.3000000000000682,-0.7660444431189781,0.6427876096865393,0.9659258262890683,0.25881904510252074,2.4,8.0
2026-07-10 06:00:00,300,6.0,2.5,1014.6,13.5,13.7,2.6,2.4,2.3,6.0,7.0,8.0,1014.3,1014.2,1015.4,2.533333333333333,0.05773502691895998,2.466666666666667,0.10327955589886463,6.0,0.0,7.0,1.264911064067351,-0.7999999999999545,0.39999999999997726,-0.8660254037844386,0.5000000000000001,1.0,6.123233995736766e-17,2.3,8.0
2026-07-10 07:00:00,300,6.0,2.6,1014.5,13.5,13.7,2.5,2.5,2.3,6.0,6.0,8.0,1014.6,1013.9,1015.0,2.5666666666666664,0.05773502691895905,2.5166666666666666,0.0752772652709089,6.0,0.0,6.666666666666667,1.211060141638996,-0.5,0.6000000000000227,-0.8660254037844386,0.5000000000000001,0.9659258262890683,-0.25881904510252063,2.2,7.0
2026-07-10 08:00:00,310,8.0,2.4,1013.9,13.5,14.0,2.6,2.6,2.5,6.0,6.0,9.0,1014.5,1014.3,1014.6,2.5,0.099999999999999,2.5,0.08944271909999206,6.666666666666667,1.1547005383792515,6.5,0.8366600265340742,-0.7000000000000455,-0.39999999999997726,-0.7660444431189781,0.6427876096865393,0.8660254037844387,-0.4999999999999998,2.1,7.0
2026-07-10 09:00:00,320,8.0,2.3,1013.6,13.5,14.0,2.4,2.5,2.4,8.0,6.0,7.0,1013.9,1014.6,1014.2,2.433333333333333,0.15275252316519464,2.483333333333333,0.11690451944500149,7.333333333333333,1.1547005383792515,6.666666666666667,1.0327955589886437,-0.6000000000000227,-1.0,-0.6427876096865396,0.7660444431189778,0.7071067811865476,-0.7071067811865475,2.3,8.0
2026-07-10 10:00:00,320,7.0,2.2,1013.6,13.4,14.0,2.3,2.6,2.5,8.0,6.0,6.0,1013.6,1014.5,1013.9,2.3,0.10000000000000107,2.433333333333333,0.16329931618554508,7.666666666666667,0.5773502691896258,6.833333333333333,0.9831920802501747,-0.2999999999999545,-0.8999999999999773,-0.6427876096865396,0.7660444431189778,0.49999999999999994,-0.8660254037844387,2.2,8.0
2026-07-10 11:00:00,310,7.0,2.1,1013.3,13.4,14.0,2.2,2.4,2.6,7.0,8.0,6.0,1013.6,1013.9,1014.3,2.1999999999999997,0.100000000000002,2.35,0.1870828693386965,7.333333333333333,0.5773502691896258,7.0,0.8944271909999157,-1.0,-0.6000000000000227,-0.7660444431189781,0.6427876096865393,0.258819045102521,-0.9659258262890682,2.2,8.0
2026-07-10 12:00:00,310,8.0,2.3,1013.1,13.3,14.1,2.1,2.3,2.5,7.0,8.0,6.0,1013.3,1013.6,1014.6,2.1999999999999997,0.100000000000002,2.316666666666667,0.17224014243685004,7.333333333333333,0.5773502691896258,7.333333333333333,0.8164965809277269,-1.5,-0.5,-0.7660444431189781,0.6427876096865393,1.2246467991473532e-16,-1.0,1.6,7.0
2026-07-10 13:00:00,310,8.0,2.2,1013.1,13.2,14.1,2.3,2.2,2.6,8.0,7.0,6.0,1013.1,1013.6,1014.5,2.1999999999999997,0.100000000000002,2.25,0.1048808848170128,7.666666666666667,0.5773502691896258,7.666666666666667,0.5163977794943251,-1.3999999999999773,-0.5,-0.7660444431189781,0.6427876096865393,-0.2588190451025208,-0.9659258262890683,1.7,8.0
2026-07-10 14:00:00,310,8.0,2.2,1013.6,13.0,14.1,2.2,2.1,2.4,8.0,7.0,8.0,1013.1,1013.3,1013.9,2.233333333333334,0.05773502691896554,2.216666666666667,0.07527726527090416,8.0,0.0,7.666666666666667,0.5163977794943251,-0.2999999999999545,0.3000000000000682,-0.7660444431189781,0.6427876096865393,-0.4999999999999997,-0.8660254037844388,1.6,8.0
2026-07-11 09:00:00,310,7.0,1.6,1013.9,12.7,14.2,2.2,2.3,2.3,8.0,8.0,8.0,1013.6,1013.1,1013.6,2.0,0.34641016151377546,2.1,0.25298221281346844,7.666666666666667,0.5773502691896258,7.5,0.5477225575051681,0.2999999999999545,0.7999999999999545,-0.7660444431189781,0.6427876096865393,0.7071067811865476,-0.7071067811865475,1.6,8.0
2026-07-11 10:00:00,310,8.0,1.7,1013.5,12.7,14.2,1.6,2.2,2.2,7.0,8.0,7.0,1013.9,1013.1,1013.6,1.8333333333333333,0.3214550253664317,2.0166666666666666,0.2926886855802004,7.666666666666667,0.5773502691896258,7.666666666666667,0.5163977794943251,-0.10000000000002274,0.39999999999997726,-0.7660444431189781,0.6427876096865393,0.49999999999999994,-0.8660254037844387,1.5,7.0
2026-07-11 11:00:00,310,8.0,1.6,1013.1,12.7,14.2,1.7,2.2,2.1,8.0,8.0,7.0,1013.5,1013.6,1013.3,1.6333333333333335,0.05773502691896086,1.9333333333333336,0.33266599866332164,7.666666666666667,0.5773502691896258,7.833333333333333,0.40824829046386724,-0.1999999999999318,-0.5,-0.7660444431189781,0.6427876096865393,0.258819045102521,-0.9659258262890682,1.4,6.0
2026-07-11 12:00:00,310,8.0,1.6,1013.0,12.9,14.1,1.6,1.6,2.3,8.0,7.0,8.0,1013.1,1013.9,1013.1,1.6333333333333335,0.05773502691896086,1.8166666666666667,0.2994439290863395,8.0,0.0,7.833333333333333,0.40824829046386724,-0.10000000000002274,-0.8999999999999773,-0.7660444431189781,0.6427876096865393,1.2246467991473532e-16,-1.0,1.4,6.0
2026-07-11 13:00:00,310,7.0,1.5,1013.2,13.1,14.1,1.6,1.7,2.2,8.0,8.0,8.0,1013.0,1013.5,1013.1,1.5666666666666667,0.057735026918962595,1.7000000000000002,0.25298221281346545,7.666666666666667,0.5773502691896258,7.666666666666667,0.5163977794943253,0.10000000000002274,-0.2999999999999545,-0.7660444431189781,0.6427876096865393,-0.2588190451025208,-0.9659258262890683,1.3,5.0
2026-07-11 14:00:00,310,6.0,1.4,1013.5,13.1,14.1,1.5,1.6,2.2,7.0,8.0,8.0,1013.2,1013.1,1013.6,1.5,0.09999999999999991,1.5666666666666667,0.1032795558988499,7.0,1.0,7.333333333333333,0.8164965809277278,-0.10000000000002274,0.39999999999997726,-0.7660444431189781,0.6427876096865393,-0.4999999999999997,-0.8660254037844388,1.4,5.0
2026-07-11 15:00:00,310,6.0,1.4,1014.1,13.0,14.1,1.4,1.6,1.6,6.0,8.0,7.0,1013.5,1013.0,1013.9,1.4333333333333333,0.057735026918962006,1.5333333333333332,0.12110601416388674,6.333333333333333,0.5773502691896258,7.166666666666667,0.9831920802501763,0.20000000000004547,1.1000000000000227,-0.7660444431189781,0.6427876096865393,-0.7071067811865471,-0.7071067811865479,1.3,5.0
2026-07-11 16:00:00,320,5.0,1.3,1014.8,12.5,14.0,1.4,1.5,1.7,6.0,7.0,8.0,1014.1,1013.2,1013.5,1.3666666666666665,0.05773502691896253,1.4666666666666668,0.12110601416388564,5.666666666666667,0.5773502691896258,6.666666666666667,1.2110601416389974,1.2999999999999545,1.599999999999909,-0.6427876096865396,0.7660444431189778,-0.8660254037844385,-0.5000000000000004,1.5,5.0
2026-07-11 17:00:00,310,5.0,1.4,1015.1,12.4,14.0,1.3,1.4,1.6,5.0,6.0,8.0,1014.8,1013.5,1013.1,1.3666666666666665,0.05773502691896253,1.4333333333333333,0.10327955589884733,5.333333333333333,0.5773502691896258,6.166666666666667,1.1690451944500126,2.0,1.6000000000000227,-0.7660444431189781,0.6427876096865393,-0.9659258262890683,-0.25881904510252063,1.3,4.0
2026-07-11 18:00:00,300,5.0,1.3,1015.0,12.4,14.1,1.4,1.4,1.6,5.0,6.0,8.0,1015.1,1014.1,1013.0,1.3333333333333333,0.05773502691896261,1.383333333333333,0.07527726527088315,5.0,0.0,5.666666666666667,0.8164965809277264,2.0,0.8999999999999773,-0.8660254037844386,0.5000000000000001,-1.0,-1.8369701987210297e-16,1.4,6.0
2026-07-11 19:00:00,300,5.0,1.5,1015.2,12.4,14.2,1.3,1.3,1.5,5.0,5.0,7.0,1015.0,1014.8,1013.2,1.4000000000000001,0.09999999999999994,1.383333333333333,0.07527726527088315,5.0,0.0,5.333333333333333,0.5163977794943223,2.0,0.40000000000009095,-0.8660254037844386,0.5000000000000001,-0.9659258262890684,0.2588190451025203,1.4,5.0
2026-07-11 20:00:00,300,4.0,1.3,1015.2,12.6,14.3,1.5,1.4,1.4,5.0,5.0,6.0,1015.2,1015.1,1013.5,1.3666666666666665,0.11547005383792518,1.3666666666666665,0.08164965809274917,4.666666666666667,0.5773502691896258,5.0,0.6324555320336755,1.7000000000000455,0.10000000000002274,-0.8660254037844386,0.5000000000000001,-0.8660254037844386,0.5000000000000001,1.3,5.0
2026-07-11 21:00:00,310,6.0,1.4,1014.9,12.8,14.4,1.3,1.3,1.4,4.0,5.0,6.0,1015.2,1015.0,1014.1,1.4000000000000001,0.09999999999999992,1.3666666666666665,0.08164965809274916,5.0,1.0,5.0,0.6324555320336755,0.7999999999999545,-0.10000000000002274,-0.7660444431189781,0.6427876096865393,-0.7071067811865477,0.7071067811865474,1.3,6.0
2026-07-11 22:00:00,320,5.0,1.4,1014.8,12.9,14.5,1.4,1.5,1.3,6.0,5.0,5.0,1014.9,1015.2,1014.8,1.3666666666666665,0.05773502691896251,1.3833333333333335,0.07527726527088313,5.0,1.0,5.0,0.6324555320336755,0.0,-0.40000000000009095,-0.6427876096865396,0.7660444431189778,-0.5000000000000004,0.8660254037844384,1.2,6.0
2026-07-11 23:00:00,310,5.0,1.3,1014.4,13.1,14.5,1.4,1.3,1.4,5.0,4.0,5.0,1014.8,1015.2,1015.1,1.3666666666666665,0.05773502691896253,1.3666666666666665,0.08164965809274916,5.333333333333333,0.5773502691896258,5.0,0.6324555320336755,-0.7000000000000455,-0.8000000000000682,-0.7660444431189781,0.6427876096865393,-0.25881904510252157,0.9659258262890681,1.3,6.0
2026-07-12 00:00:00,310,6.0,1.3,1014.2,13.0,14.4,1.3,1.4,1.3,5.0,6.0,5.0,1014.4,1014.9,1015.0,1.3333333333333333,0.05773502691896261,1.3666666666666665,0.08164965809274916,5.333333333333333,0.5773502691896258,5.166666666666667,0.7527726527090809,-0.7999999999999545,-0.6999999999999318,-0.7660444431189781,0.6427876096865393,0.0,1.0,1.2,6.0
2026-07-12 01:00:00,310,6.0,1.2,1013.7,13.2,14.4,1.3,1.4,1.5,6.0,5.0,5.0,1014.2,1014.8,1015.2,1.2666666666666666,0.057735026918962595,1.3166666666666667,0.07527726527088127,5.666666666666667,0.5773502691896258,5.333333333333333,0.816496580927726,-1.5,-1.099999999999909,-0.7660444431189781,0.6427876096865393,0.25881904510252074,0.9659258262890683,1.2,3.0
2026-07-12 02:00:00,300,6.0,1.3,1013.7,13.1,14.3,1.2,1.3,1.3,6.0,5.0,4.0,1013.7,1014.4,1015.2,1.2666666666666668,0.057735026918962595,1.3166666666666667,0.07527726527088127,6.0,0.0,5.666666666666667,0.5163977794943225,-1.5,-0.6999999999999318,-0.8660254037844386,0.5000000000000001,0.49999999999999994,0.8660254037844387,1.2,4.0
2026-07-12 03:00:00,300,6.0,1.2,1013.6,12.9,14.3,1.3,1.3,1.4,6.0,6.0,6.0,1013.7,1014.2,1014.9,1.2333333333333334,0.057735026918962595,1.2833333333333332,0.07527726527088033,6.0,0.0,5.666666666666667,0.5163977794943225,-1.2999999999999545,-0.6000000000000227,-0.8660254037844386,0.5000000000000001,0.7071067811865476,0.7071067811865476,1.2,4.0
2026-07-12 04:00:00,300,3.0,1.2,1013.7,13.2,14.2,1.2,1.2,1.4,6.0,6.0,5.0,1013.6,1013.7,1014.8,1.2333333333333332,0.057735026918962595,1.25,0.054772255750477145,5.0,1.7320508075688772,5.333333333333333,1.2110601416389963,-1.099999999999909,0.0,-0.8660254037844386,0.5000000000000001,0.8660254037844386,0.5000000000000001,1.2,3.0
2026-07-12 05:00:00,280,4.0,1.2,1013.8,13.6,14.1,1.2,1.3,1.3,3.0,6.0,5.0,1013.7,1013.7,1014.4,1.2,0.0,1.2333333333333334,0.05163977794938964,4.333333333333333,1.5275252316519465,5.166666666666667,1.3291601358251253,-0.6000000000000227,0.09999999999990905,-0.9848077530122081,0.17364817766692997,0.9659258262890683,0.25881904510252074,1.2,3.0
2026-07-12 06:00:00,290,4.0,1.2,1013.8,13.6,14.1,1.2,1.2,1.3,4.0,6.0,6.0,1013.8,1013.6,1014.2,1.2,0.0,1.2166666666666666,0.040824829046331494,3.6666666666666665,0.5773502691896251,4.833333333333333,1.329160135825125,-0.40000000000009095,0.1999999999999318,-0.9396926207859083,0.342020143325669,1.0,6.123233995736766e-17,1.3,2.0
2026-07-12 07:00:00,290,3.0,1.2,1013.6,13.6,14.0,1.2,1.2,1.2,4.0,3.0,6.0,1013.8,1013.7,1013.7,1.2,0.0,1.2166666666666666,0.040824829046331494,3.6666666666666665,0.5773502691896257,4.333333333333333,1.3662601021279452,-0.10000000000002274,-0.10000000000002274,-0.9396926207859083,0.342020143325669,0.9659258262890683,-0.25881904510252063,1.2,2.0
2026-07-12 08:00:00,230,3.0,1.2,1014.0,13.7,14.0,1.2,1.2,1.3,3.0,4.0,6.0,1013.6,1013.8,1013.7,1.2,0.0,1.2,0.0,3.3333333333333335,0.5773502691896257,3.8333333333333335,1.1690451944500102,0.2999999999999545,0.20000000000004547,-0.7660444431189779,-0.6427876096865395,0.8660254037844387,-0.4999999999999998,1.2,3.0
2026-07-12 09:00:00,220,2.0,1.3,1013.7,13.7,13.9,1.2,1.2,1.2,3.0,4.0,6.0,1014.0,1013.8,1013.6,1.2333333333333334,0.057735026918962595,1.2166666666666666,0.04082482904638635,2.6666666666666665,0.5773502691896257,3.1666666666666665,0.7527726527090767,0.10000000000002274,-0.09999999999990905,-0.6427876096865393,-0.766044443118978,0.7071067811865476,-0.7071067811865475,1.1,3.0
2026-07-12 10:00:00,230,2.0,1.2,1013.4,13.6,13.8,1.3,1.2,1.2,2.0,3.0,3.0,1013.7,1013.6,1013.7,1.2333333333333332,0.057735026918962595,1.2166666666666666,0.04082482904638635,2.3333333333333335,0.5773502691896257,3.0,0.8944271909999121,-0.3000000000000682,-0.20000000000004547,-0.7660444431189779,-0.6427876096865395,0.49999999999999994,-0.8660254037844387,1.1,3.0
2026-07-12 11:00:00,220,3.0,1.2,1013.7,13.7,13.8,1.2,1.2,1.2,2.0,3.0,4.0,1013.4,1014.0,1013.8,1.2333333333333334,0.057735026918962595,1.2166666666666666,0.04082482904638635,2.3333333333333335,0.5773502691896257,2.8333333333333335,0.7527726527090762,-0.09999999999990905,-0.2999999999999545,-0.6427876096865393,-0.766044443118978,0.258819045102521,-0.9659258262890682,1.1,3.0
2026-07-12 12:00:00,230,3.0,1.1,1013.6,13.6,13.9,1.2,1.3,1.2,3.0,2.0,4.0,1013.7,1013.7,1013.8,1.1666666666666667,0.05773502691896253,1.2,0.06324555320336758,2.6666666666666665,0.5773502691896257,2.6666666666666665,0.5163977794943151,-0.1999999999999318,-0.10000000000002274,-0.7660444431189779,-0.6427876096865395,1.2246467991473532e-16,-1.0,1.2,4.0
2026-07-12 13:00:00,250,3.0,1.1,1013.7,13.5,13.9,1.1,1.2,1.2,3.0,2.0,3.0,1013.6,1013.4,1013.6,1.1333333333333335,0.05773502691896261,1.1833333333333333,0.07527726527090807,3.0,0.0,2.6666666666666665,0.5163977794943151,0.10000000000002274,0.3000000000000682,-0.9396926207859084,-0.34202014332566855,-0.2588190451025208,-0.9659258262890683,1.2,4.0
2026-07-12 14:00:00,260,3.0,1.1,1013.5,13.4,13.9,1.1,1.2,1.2,3.0,3.0,3.0,1013.7,1013.7,1014.0,1.1,0.0,1.1666666666666667,0.08164965809277254,3.0,0.0,2.6666666666666665,0.5163977794943151,-0.5,-0.20000000000004547,-0.984807753012208,-0.17364817766693033,-0.4999999999999997,-0.8660254037844388,1.2,3.0
2026-07-12 15:00:00,270,4.0,1.2,1013.7,13.4,13.9,1.1,1.1,1.3,3.0,3.0,2.0,1013.5,1013.6,1013.7,1.1333333333333335,0.05773502691896253,1.1500000000000001,0.05477225575051644,3.3333333333333335,0.5773502691896257,3.0,0.6324555320336703,0.0,0.10000000000002274,-1.0,-1.8369701987210297e-16,-0.7071067811865471,-0.7071067811865479,1.2,2.0
2026-07-12 16:00:00,270,4.0,1.2,1014.0,13.5,14.0,1.2,1.1,1.2,4.0,3.0,2.0,1013.7,1013.7,1013.4,1.1666666666666667,0.05773502691896261,1.1500000000000001,0.05477225575051644,3.6666666666666665,0.5773502691896257,3.3333333333333335,0.5163977794943159,0.6000000000000227,0.2999999999999545,-1.0,-1.8369701987210297e-16,-0.8660254037844385,-0.5000000000000004,1.4,3.0
2026-07-12 17:00:00,270,3.0,1.2,1014.4,13.6,14.1,1.2,1.1,1.2,4.0,3.0,3.0,1014.0,1013.5,1013.7,1.2,0.0,1.1500000000000001,0.05477225575051644,3.6666666666666665,0.5773502691896257,3.3333333333333335,0.5163977794943159,0.6999999999999318,0.8999999999999773,-1.0,-1.8369701987210297e-16,-0.9659258262890683,-0.25881904510252063,1.4,3.0
2026-07-12 18:00:00,210,2.0,1.2,1015.1,14.1,14.6,1.2,1.2,1.1,3.0,4.0,3.0,1014.4,1013.7,1013.6,1.2,0.0,1.1666666666666667,0.05163977794943209,3.0,0.9999999999999999,3.1666666666666665,0.7527726527090765,1.5,1.3999999999999773,-0.5000000000000001,-0.8660254037844386,-1.0,-1.8369701987210297e-16,1.3,3.0
2026-07-12 19:00:00,220,3.0,1.4,1015.3,14.1,14.9,1.2,1.2,1.1,2.0,4.0,3.0,1015.1,1014.0,1013.7,1.2666666666666666,0.11547005383792512,1.2166666666666666,0.09831920802501758,2.6666666666666665,0.5773502691896257,3.1666666666666665,0.7527726527090765,1.599999999999909,1.2999999999999545,-0.6427876096865393,-0.766044443118978,-0.9659258262890684,0.2588190451025203,1.4,1.0
2026-07-12 20:00:00,250,3.0,1.4,1015.2,13.8,14.8,1.4,1.2,1.1,3.0,3.0,3.0,1015.3,1014.4,1013.5,1.3333333333333333,0.11547005383792516,1.2666666666666666,0.10327955589886473,2.6666666666666665,0.5773502691896257,3.1666666666666665,0.7527726527090765,1.7000000000000455,0.8000000000000682,-0.9396926207859084,-0.34202014332566855,-0.8660254037844386,0.5000000000000001,1.4,3.0
2026-07-12 21:00:00,250,3.0,1.3,1015.2,14.0,14.9,1.4,1.2,1.2,3.0,2.0,4.0,1015.2,1015.1,1013.7,1.3666666666666665,0.05773502691896253,1.2833333333333332,0.09831920802501791,3.0,0.0,3.0,0.6324555320336702,1.5,0.10000000000002274,-0.9396926207859084,-0.34202014332566855,-0.7071067811865477,0.7071067811865474,1.4,3.0
2026-07-12 22:00:00,250,1.0,1.4,1015.0,14.5,15.7,1.3,1.4,1.2,3.0,3.0,4.0,1015.2,1015.3,1014.0,1.3666666666666665,0.05773502691896253,1.3166666666666667,0.09831920802501809,2.3333333333333335,1.1547005383792517,2.5,0.8366600265340707,1.0,-0.2999999999999545,-0.9396926207859084,-0.34202014332566855,-0.5000000000000004,0.8660254037844384,1.4,4.0
2026-07-12 23:00:00,290,3.0,1.4,1014.5,14.3,15.7,1.4,1.4,1.2,1.0,3.0,3.0,1015.0,1015.2,1014.4,1.3666666666666665,0.05773502691896253,1.3499999999999999,0.08366600265340844,2.3333333333333335,1.1547005383792517,2.5,0.8366600265340707,0.10000000000002274,-0.7000000000000455,-0.9396926207859083,0.342020143325669,-0.25881904510252157,0.9659258262890681,1.3,4.0
2026-07-13 00:00:00,320,3.0,1.4,1014.3,14.4,15.5,1.4,1.3,1.2,3.0,3.0,2.0,1014.5,1015.2,1015.1,1.4,0.0,1.3833333333333335,0.04082482904638869,2.3333333333333335,1.1547005383792517,2.6666666666666665,0.8164965809277213,-0.8000000000000682,-0.900000000000091,-0.6427876096865396,0.7660444431189778,0.0,1.0,1.3,3.0
2026-07-13 01:00:00,320,4.0,1.4,1014.0,14.5,15.3,1.4,1.4,1.4,3.0,1.0,3.0,1014.3,1015.0,1015.3,1.4,0.0,1.383333333333333,0.04082482904638869,3.3333333333333335,0.5773502691896257,2.8333333333333335,0.9831920802501714,-1.2999999999999545,-1.0,-0.6427876096865396,0.7660444431189778,0.25881904510252074,0.9659258262890683,1.3,4.0
2026-07-13 02:00:00,300,4.0,1.3,1013.7,14.2,15.0,1.4,1.4,1.4,4.0,3.0,3.0,1014.0,1014.5,1015.2,1.3666666666666665,0.05773502691896253,1.3666666666666665,0.051639777949433856,3.6666666666666665,0.5773502691896257,3.0,1.095445115010329,-1.5,-0.7999999999999545,-0.8660254037844386,0.5000000000000001,0.49999999999999994,0.8660254037844387,1.2,4.0
2026-07-13 03:00:00,300,3.0,1.3,1013.8,14.2,14.9,1.3,1.4,1.3,4.0,3.0,3.0,1013.7,1014.3,1015.2,1.3333333333333333,0.05773502691896261,1.3666666666666665,0.051639777949433856,3.6666666666666665,0.5773502691896257,3.0,1.095445115010329,-1.400000000000091,-0.5,-0.8660254037844386,0.5000000000000001,0.7071067811865476,0.7071067811865476,1.2,4.0
2026-07-13 04:00:00,300,4.0,1.3,1013.5,14.0,14.9,1.3,1.4,1.4,3.0,4.0,1.0,1013.8,1014.0,1015.0,1.3,0.0,1.3499999999999999,0.054772255750517924,3.6666666666666665,0.5773502691896257,3.5,0.5477225575051612,-1.5,-0.5,-0.8660254037844386,0.5000000000000001,0.8660254037844386,0.5000000000000001,1.2,4.0
2026-07-13 05:00:00,300,4.0,1.2,1013.7,13.9,14.8,1.3,1.3,1.4,4.0,4.0,3.0,1013.5,1013.7,1014.5,1.2666666666666668,0.057735026918962595,1.3166666666666667,0.07527726527090882,3.6666666666666665,0.5773502691896257,3.6666666666666665,0.5163977794943175,-0.7999999999999545,0.0,-0.8660254037844386,0.5000000000000001,0.9659258262890683,0.25881904510252074,1.2,3.0
2026-07-13 06:00:00,290,4.0,1.2,1013.8,14.0,14.8,1.2,1.3,1.4,4.0,3.0,3.0,1013.7,1013.8,1014.3,1.2333333333333334,0.057735026918962595,1.2833333333333334,0.07527726527090858,4.0,0.0,3.8333333333333335,0.40824829046385785,-0.5,0.0,-0.9396926207859083,0.342020143325669,1.0,6.123233995736766e-17,1.2,4.0
2026-07-13 07:00:00,300,4.0,1.2,1013.4,14.0,14.8,1.2,1.3,1.4,4.0,4.0,4.0,1013.8,1013.5,1014.0,1.2,0.0,1.25,0.054772255750516925,4.0,0.0,3.8333333333333335,0.40824829046385785,-0.6000000000000227,-0.10000000000002274,-0.8660254037844386,0.5000000000000001,0.9659258262890683,-0.25881904510252063,1.3,4.0
2026-07-13 08:00:00,300,3.0,1.2,1013.3,14.0,14.8,1.2,1.2,1.3,4.0,4.0,4.0,1013.4,1013.7,1013.7,1.2,0.0,1.2333333333333332,0.051639777949432406,3.6666666666666665,0.5773502691896257,3.6666666666666665,0.5163977794943175,-0.40000000000009095,-0.40000000000009095,-0.8660254037844386,0.5000000000000001,0.8660254037844387,-0.4999999999999998,1.4,4.0
2026-07-13 09:00:00,270,4.0,1.2,1013.0,14.2,14.8,1.2,1.2,1.3,3.0,4.0,3.0,1013.3,1013.8,1013.8,1.2,0.0,1.2166666666666666,0.04082482904638633,3.6666666666666665,0.5773502691896257,3.8333333333333335,0.40824829046385785,-0.7999999999999545,-0.7999999999999545,-1.0,-1.8369701987210297e-16,0.7071067811865476,-0.7071067811865475,1.3,4.0
2026-07-13 10:00:00,300,4.0,1.3,1013.0,14.3,14.9,1.2,1.2,1.3,4.0,4.0,4.0,1013.0,1013.4,1013.5,1.2333333333333334,0.057735026918962595,1.2166666666666666,0.04082482904638635,3.6666666666666665,0.5773502691896257,3.8333333333333335,0.40824829046385785,-0.5,-0.39999999999997726,-0.8660254037844386,0.5000000000000001,0.49999999999999994,-0.8660254037844387,1.4,3.0
2026-07-13 11:00:00,290,4.0,1.4,1012.9,14.1,14.9,1.3,1.2,1.2,4.0,3.0,4.0,1013.0,1013.3,1013.7,1.2999999999999998,0.09999999999999992,1.25,0.08366600265340755,4.0,0.0,3.8333333333333335,0.40824829046385785,-0.8000000000000682,-0.39999999999997726,-0.9396926207859083,0.342020143325669,0.258819045102521,-0.9659258262890682,1.4,2.0
2026-07-13 12:00:00,280,4.0,1.3,1012.6,14.0,14.8,1.4,1.2,1.2,4.0,4.0,4.0,1012.9,1013.0,1013.8,1.3333333333333333,0.05773502691896235,1.2666666666666666,0.0816496580927726,4.0,0.0,3.8333333333333335,0.40824829046385785,-1.1999999999999318,-0.39999999999997726,-0.9848077530122081,0.17364817766692997,1.2246467991473532e-16,-1.0,1.3,3.0
2026-07-13 13:00:00,300,3.0,1.4,1012.6,13.8,14.7,1.3,1.3,1.2,4.0,4.0,4.0,1012.6,1013.0,1013.4,1.3666666666666665,0.057735026918962276,1.3,0.08944271909999155,3.6666666666666665,0.5773502691896257,3.6666666666666665,0.5163977794943175,-0.7999999999999545,-0.39999999999997726,-0.8660254037844386,0.5000000000000001,-0.2588190451025208,-0.9659258262890683,1.3,3.0
2026-07-13 14:00:00,260,2.0,1.4,1012.7,13.7,14.6,1.4,1.4,1.2,3.0,4.0,3.0,1012.6,1012.9,1013.3,1.3666666666666665,0.057735026918962276,1.3333333333333333,0.0816496580927725,3.0,0.9999999999999999,3.5,0.8366600265340722,-0.599999999999909,-0.1999999999999318,-0.984807753012208,-0.17364817766693033,-0.4999999999999997,-0.8660254037844388,1.4,1.0
2026-07-13 15:00:00,210,3.0,1.3,1013.3,14.0,14.6,1.4,1.3,1.2,2.0,4.0,4.0,1012.7,1012.6,1013.0,1.3666666666666665,0.05773502691896253,1.3499999999999999,0.05477225575051638,2.6666666666666665,0.5773502691896257,3.3333333333333335,0.8164965809277221,0.2999999999999545,0.6999999999999318,-0.5000000000000001,-0.8660254037844386,-0.7071067811865471,-0.7071067811865479,1.2,1.0
2026-07-13 16:00:00,220,3.0,1.3,1014.1,14.2,14.7,1.3,1.4,1.3,3.0,3.0,4.0,1013.3,1012.6,1013.0,1.3333333333333333,0.05773502691896261,1.3499999999999999,0.05477225575051638,2.6666666666666665,0.5773502691896257,3.1666666666666665,0.7527726527090762,1.1000000000000227,1.5,-0.6427876096865393,-0.766044443118978,-0.8660254037844385,-0.5000000000000004,1.3,2.0
2026-07-13 17:00:00,250,1.0,1.4,1014.5,14.6,14.9,1.3,1.4,1.4,3.0,2.0,4.0,1014.1,1012.7,1012.9,1.3333333333333333,0.05773502691896253,1.3499999999999999,0.05477225575051638,2.3333333333333335,1.1547005383792517,2.6666666666666665,1.03279555898864,1.6000000000000227,1.7999999999999545,-0.9396926207859084,-0.34202014332566855,-0.9659258262890683,-0.25881904510252063,1.3,2.0
2026-07-13 18:00:00,170,1.0,1.2,1014.6,14.8,15.1,1.4,1.3,1.3,1.0,3.0,4.0,1014.5,1013.3,1012.6,1.3,0.09999999999999994,1.3333333333333333,0.0816496580927725,1.6666666666666667,1.1547005383792517,2.1666666666666665,0.983192080250169,2.0,1.3000000000000682,0.17364817766693028,-0.984807753012208,-1.0,-1.8369701987210297e-16,1.2,3.0
2026-07-13 19:00:00,150,2.0,1.3,1015.0,15.2,15.5,1.2,1.3,1.4,1.0,3.0,3.0,1014.6,1014.1,1012.6,1.3,0.09999999999999994,1.3166666666666667,0.07527726527090806,1.3333333333333333,0.5773502691896258,2.0,0.8944271909999089,2.3999999999999773,0.8999999999999773,0.49999999999999994,-0.8660254037844387,-0.9659258262890684,0.2588190451025203,1.1,2.0
2026-07-13 20:00:00,190,2.0,1.3,1015.3,15.1,14.8,1.3,1.4,1.4,2.0,1.0,2.0,1015.0,1014.5,1012.7,1.2666666666666666,0.0577350269189624,1.3,0.06324555320336762,1.6666666666666667,0.5773502691896258,2.0,0.8944271909999089,2.599999999999909,0.7999999999999545,-0.17364817766693047,-0.984807753012208,-0.8660254037844386,0.5000000000000001,1.1,4.0
2026-07-13 21:00:00,250,3.0,1.2,1015.5,14.8,15.0,1.3,1.2,1.3,2.0,1.0,3.0,1015.3,1014.6,1013.3,1.2666666666666666,0.057735026918962595,1.2833333333333334,0.07527726527090821,2.3333333333333335,0.5773502691896257,2.0,0.894427190999909,2.2000000000000455,0.8999999999999773,-0.9396926207859084,-0.34202014332566855,-0.7071067811865477,0.7071067811865474,1.2,3.0
2026-07-13 22:00:00,290,2.0,1.1,1015.3,14.6,15.1,1.2,1.3,1.3,3.0,2.0,3.0,1015.5,1015.0,1014.1,1.2,0.09999999999999992,1.25,0.10488088481701535,2.3333333333333335,0.5773502691896257,1.8333333333333333,0.7527726527090722,1.1999999999999318,0.2999999999999545,-0.9396926207859083,0.342020143325669,-0.5000000000000004,0.8660254037844384,1.3,2.0
2026-07-13 23:00:00,270,4.0,1.1,1015.6,14.5,15.1,1.1,1.3,1.4,2.0,2.0,1.0,1015.3,1015.3,1014.5,1.1333333333333333,0.057735026918962276,1.2,0.08944271909999219,3.0,0.9999999999999999,2.3333333333333335,1.0327955589886393,1.1000000000000227,0.3000000000000682,-1.0,-1.8369701987210297e-16,-0.25881904510252157,0.9659258262890681,1.3,5.0
2026-07-14 00:00:00,300,3.0,1.2,1015.1,14.4,15.0,1.1,1.2,1.2,4.0,3.0,1.0,1015.6,1015.5,1014.6,1.1333333333333335,0.05773502691896253,1.2,0.08944271909999219,3.0,0.9999999999999999,2.6666666666666665,0.8164965809277204,0.5,-0.39999999999997726,-0.8660254037844386,0.5000000000000001,0.0,1.0,1.2,6.0
2026-07-14 01:00:00,240,2.0,1.3,1014.7,14.5,15.0,1.2,1.1,1.3,3.0,2.0,2.0,1015.1,1015.3,1015.0,1.2,0.10000000000000007,1.2,0.08944271909999219,3.0,0.9999999999999999,2.6666666666666665,0.8164965809277204,-0.2999999999999545,-0.599999999999909,-0.8660254037844385,-0.5000000000000004,0.25881904510252074,0.9659258262890683,1.3,5.0
2026-07-14 02:00:00,290,5.0,1.3,1014.1,14.2,15.0,1.3,1.1,1.3,2.0,4.0,2.0,1014.7,1015.6,1015.3,1.2666666666666666,0.05773502691896285,1.2,0.08944271909999219,3.3333333333333335,1.5275252316519465,3.1666666666666665,1.1690451944500095,-1.1999999999999318,-1.5,-0.9396926207859083,0.342020143325669,0.49999999999999994,0.8660254037844387,1.3,4.0
2026-07-14 03:00:00,310,6.0,1.2,1014.1,14.1,14.6,1.3,1.2,1.2,5.0,3.0,3.0,1014.1,1015.1,1015.5,1.2666666666666666,0.057735026918962595,1.2,0.08944271909999219,4.333333333333333,2.081665999466133,3.6666666666666665,1.632993161855451,-1.3999999999999773,-1.0,-0.7660444431189781,0.6427876096865393,0.7071067811865476,0.7071067811865476,1.3,4.0
2026-07-14 04:00:00,320,5.0,1.3,1014.5,13.9,14.3,1.2,1.3,1.1,6.0,2.0,2.0,1014.1,1014.7,1015.3,1.2666666666666666,0.057735026918962595,1.2333333333333332,0.08164965809277303,5.333333333333333,0.5773502691896265,4.166666666666667,1.4719601443879742,-0.7999999999999545,-0.20000000000004547,-0.6427876096865396,0.7660444431189778,0.8660254037844386,0.5000000000000001,1.3,3.0
2026-07-14 05:00:00,310,4.0,1.3,1014.7,13.9,14.4,1.3,1.3,1.1,5.0,5.0,4.0,1014.5,1014.1,1015.6,1.2666666666666668,0.057735026918962595,1.2666666666666666,0.05163977794943252,5.0,1.0000000000000004,4.166666666666667,1.4719601443879742,-0.8999999999999773,0.6000000000000227,-0.7660444431189781,0.6427876096865393,0.9659258262890683,0.25881904510252074,1.2,3.0
2026-07-14 06:00:00,310,4.0,1.3,1014.8,13.9,14.5,1.3,1.2,1.2,4.0,6.0,3.0,1014.7,1014.1,1015.1,1.3,0.0,1.2833333333333334,0.040824829046386374,4.333333333333333,0.5773502691896265,4.333333333333333,1.3662601021279466,-0.3000000000000682,0.6999999999999318,-0.7660444431189781,0.6427876096865393,1.0,6.123233995736766e-17,1.2,3.0
2026-07-14 07:00:00,320,3.0,1.3,1014.7,14.1,14.5,1.3,1.3,1.3,4.0,5.0,2.0,1014.8,1014.5,1014.7,1.3,0.0,1.2833333333333334,0.040824829046386374,3.6666666666666665,0.5773502691896257,4.5,1.0488088481701523,0.0,0.20000000000004547,-0.6427876096865396,0.7660444431189778,0.9659258262890683,-0.25881904510252063,1.1,4.0
2026-07-14 08:00:00,290,3.0,1.2,1014.5,14.1,14.5,1.3,1.3,1.3,3.0,4.0,5.0,1014.7,1014.7,1014.1,1.2666666666666666,0.057735026918962595,1.2666666666666668,0.05163977794943252,3.3333333333333335,0.5773502691896257,4.166666666666667,1.1690451944500115,0.39999999999997726,-0.20000000000004547,-0.9396926207859083,0.342020143325669,0.8660254037844387,-0.4999999999999998,1.2,3.0
2026-07-14 09:00:00,290,3.0,1.2,1014.8,14.2,14.4,1.2,1.3,1.2,3.0,4.0,6.0,1014.5,1014.8,1014.1,1.2333333333333334,0.057735026918962595,1.2666666666666666,0.05163977794943252,3.0,0.0,3.6666666666666665,0.8164965809277229,0.6999999999999318,0.0,-0.9396926207859083,0.342020143325669,0.7071067811865476,-0.7071067811865475,1.0,3.0
2026-07-14 10:00:00,310,4.0,1.1,1014.8,13.9,14.4,1.2,1.3,1.3,3.0,3.0,5.0,1014.8,1014.7,1014.5,1.1666666666666667,0.05773502691896253,1.2333333333333334,0.08164965809277303,3.3333333333333335,0.5773502691896257,3.5,0.5477225575051603,0.2999999999999545,0.09999999999990905,-0.7660444431189781,0.6427876096865393,0.49999999999999994,-0.8660254037844387,1.1,3.0
2026-07-14 11:00:00,310,3.0,1.2,1015.0,13.8,14.3,1.1,1.2,1.3,4.0,3.0,4.0,1014.8,1014.5,1014.7,1.1666666666666667,0.05773502691896253,1.2166666666666666,0.07527726527090868,3.3333333333333335,0.5773502691896257,3.3333333333333335,0.5163977794943148,0.2999999999999545,0.5,-0.7660444431189781,0.6427876096865393,0.258819045102521,-0.9659258262890682,1.0,3.0
2026-07-14 12:00:00,290,3.0,1.0,1015.0,13.8,14.6,1.2,1.2,1.3,3.0,3.0,4.0,1015.0,1014.8,1014.8,1.0999999999999999,0.10000000000000007,1.1666666666666667,0.10327955589886517,3.3333333333333335,0.5773502691896257,3.1666666666666665,0.40824829046385175,0.20000000000004547,0.20000000000004547,-0.9396926207859083,0.342020143325669,1.2246467991473532e-16,-1.0,1.1,2.0
2026-07-14 13:00:00,290,3.0,1.1,1015.3,13.8,14.7,1.0,1.1,1.3,3.0,4.0,3.0,1015.0,1014.8,1014.7,1.0999999999999999,0.10000000000000007,1.1333333333333333,0.08164965809277373,3.0,0.0,3.1666666666666665,0.40824829046385175,0.599999999999909,0.5,-0.9396926207859083,0.342020143325669,-0.2588190451025208,-0.9659258262890683,1.0,2.0
2026-07-14 14:00:00,310,3.0,1.0,1015.4,14.0,14.7,1.1,1.2,1.2,3.0,3.0,3.0,1015.3,1015.0,1014.5,1.0333333333333332,0.05773502691896298,1.0999999999999999,0.08944271909999282,3.0,0.0,3.1666666666666665,0.40824829046385175,0.8999999999999773,0.39999999999997726,-0.7660444431189781,0.6427876096865393,-0.4999999999999997,-0.8660254037844388,1.1,2.0
2026-07-14 15:00:00,300,2.0,1.1,1015.6,14.3,14.7,1.0,1.0,1.2,3.0,3.0,3.0,1015.4,1015.0,1014.8,1.0666666666666667,0.057735026918962866,1.0833333333333335,0.07527726527090975,2.6666666666666665,0.5773502691896257,3.0,0.6324555320336676,0.8000000000000682,0.6000000000000227,-0.8660254037844386,0.5000000000000001,-0.7071067811865471,-0.7071067811865479,1.2,2.0
2026-07-14 16:00:00,270,2.0,1.0,1015.9,14.4,14.7,1.1,1.1,1.1,2.0,3.0,4.0,1015.6,1015.3,1014.8,1.0333333333333334,0.05773502691896298,1.0666666666666667,0.08164965809277427,2.3333333333333335,0.5773502691896257,2.6666666666666665,0.5163977794943094,1.1000000000000227,0.6000000000000227,-1.0,-1.8369701987210297e-16,-0.8660254037844385,-0.5000000000000004,1.1,4.0
2026-07-14 17:00:00,290,2.0,1.1,1016.1,14.5,14.7,1.0,1.0,1.2,2.0,3.0,3.0,1015.9,1015.4,1015.0,1.0666666666666667,0.057735026918962866,1.05,0.054772255750519354,2.0,0.0,2.5,0.5477225575051529,1.1000000000000227,0.7000000000000455,-0.9396926207859083,0.342020143325669,-0.9659258262890683,-0.25881904510252063,1.1,4.0
2026-07-14 18:00:00,280,2.0,1.2,1016.2,14.5,14.8,1.1,1.1,1.0,2.0,2.0,3.0,1016.1,1015.6,1015.0,1.0999999999999999,0.10000000000000007,1.0833333333333333,0.07527726527090967,2.0,0.0,2.3333333333333335,0.5163977794943069,1.2000000000000455,0.6000000000000227,-0.9848077530122081,0.17364817766692997,-1.0,-1.8369701987210297e-16,1.0,6.0
2026-07-14 19:00:00,290,4.0,1.1,1016.3,14.5,14.8,1.2,1.0,1.1,2.0,2.0,3.0,1016.2,1015.9,1015.3,1.1333333333333333,0.05773502691896261,1.0833333333333333,0.07527726527090967,2.6666666666666665,1.1547005383792517,2.5,0.8366600265340668,1.0,0.39999999999997726,-0.9396926207859083,0.342020143325669,-0.9659258262890684,0.2588190451025203,1.0,8.0
2026-07-14 20:00:00,300,4.0,1.1,1016.3,14.4,14.6,1.1,1.1,1.0,4.0,2.0,3.0,1016.3,1016.1,1015.4,1.1333333333333333,0.05773502691896261,1.1,0.06324555320336919,3.3333333333333335,1.1547005383792517,2.6666666666666665,1.0327955589886377,0.8999999999999773,0.1999999999999318,-0.8660254037844386,0.5000000000000001,-0.8660254037844386,0.5000000000000001,1.0,7.0
2026-07-14 21:00:00,290,6.0,1.0,1016.7,14.4,14.7,1.1,1.2,1.1,4.0,2.0,2.0,1016.3,1016.2,1015.6,1.0666666666666667,0.057735026918962595,1.0833333333333333,0.07527726527090967,4.666666666666667,1.1547005383792515,3.3333333333333335,1.6329931618554492,1.1000000000000227,0.5,-0.9396926207859083,0.342020143325669,-0.7071067811865477,0.7071067811865474,1.1,6.0
2026-07-14 22:00:00,310,8.0,1.0,1016.5,14.1,14.6,1.0,1.1,1.0,6.0,4.0,2.0,1016.7,1016.3,1015.9,1.0333333333333334,0.057735026918962484,1.0833333333333333,0.07527726527090967,6.0,1.9999999999999998,4.333333333333333,2.3380903889000235,0.6000000000000227,0.20000000000004547,-0.7660444431189781,0.6427876096865393,-0.5000000000000004,0.8660254037844384,1.1,5.0
2026-07-14 23:00:00,320,7.0,1.0,1016.2,14.2,14.7,1.0,1.1,1.1,8.0,4.0,2.0,1016.5,1016.3,1016.1,1.0,0.0,1.0666666666666667,0.08164965809277425,7.0,0.9999999999999998,5.166666666666667,2.2286019533929045,0.10000000000002274,-0.09999999999990905,-0.6427876096865396,0.7660444431189778,-0.25881904510252157,0.9659258262890681,1.1,6.0
2026-07-15 00:00:00,310,6.0,1.1,1015.9,14.5,14.7,1.0,1.0,1.2,7.0,6.0,2.0,1016.2,1016.7,1016.2,1.0333333333333334,0.057735026918962595,1.05,0.05477225575051944,7.0,0.9999999999999998,5.833333333333333,1.602081978759725,-0.3000000000000682,-0.8000000000000682,-0.7660444431189781,0.6427876096865393,0.0,1.0,1.1,5.0
2026-07-15 01:00:00,310,5.0,1.1,1015.5,14.5,14.7,1.1,1.0,1.1,6.0,8.0,4.0,1015.9,1016.5,1016.3,1.0666666666666667,0.057735026918962484,1.05,0.05477225575051944,6.0,0.9999999999999998,6.0,1.4142135623730985,-0.7999999999999545,-1.0,-0.7660444431189781,0.6427876096865393,0.25881904510252074,0.9659258262890683,1.3,4.0
2026-07-15 02:00:00,300,6.0,1.1,1015.0,14.8,14.7,1.1,1.0,1.1,5.0,7.0,4.0,1015.5,1016.2,1016.3,1.1,0.0,1.05,0.05477225575051944,5.666666666666667,0.5773502691896253,6.333333333333333,1.0327955589886504,-1.2999999999999545,-1.2000000000000455,-0.8660254037844386,0.5000000000000001,0.49999999999999994,0.8660254037844387,1.3,4.0
2026-07-15 03:00:00,310,5.0,1.1,1014.8,15.0,14.6,1.1,1.1,1.0,6.0,6.0,6.0,1015.0,1015.9,1016.7,1.1,0.0,1.0666666666666667,0.051639777949434855,5.333333333333333,0.5773502691896253,6.166666666666667,1.1690451944500169,-1.900000000000091,-1.1000000000000227,-0.7660444431189781,0.6427876096865393,0.7071067811865476,0.7071067811865476,1.4,4.0
2026-07-15 04:00:00,320,4.0,1.3,1014.5,14.8,14.5,1.1,1.1,1.0,5.0,5.0,8.0,1014.8,1015.5,1016.5,1.1666666666666667,0.11547005383792512,1.1166666666666667,0.09831920802501821,5.0,0.9999999999999998,5.5,1.048808848170155,-2.0,-1.0,-0.6427876096865396,0.7660444431189778,0.8660254037844386,0.5000000000000001,1.5,5.0
2026-07-15 05:00:00,320,4.0,1.3,1014.6,14.8,14.4,1.3,1.1,1.0,4.0,6.0,7.0,1014.5,1015.0,1016.2,1.2333333333333334,0.1154700538379251,1.1666666666666667,0.10327955589886444,4.333333333333333,0.5773502691896253,5.0,0.8944271909999181,-1.6000000000000227,-0.39999999999997726,-0.6427876096865396,0.7660444431189778,0.9659258262890683,0.25881904510252074,1.6,5.0
2026-07-15 06:00:00,310,4.0,1.4,1015.0,14.7,14.4,1.3,1.1,1.1,4.0,5.0,6.0,1014.6,1014.8,1015.9,1.3333333333333333,0.05773502691896253,1.2166666666666668,0.132916013582512,4.0,0.0,4.666666666666667,0.8164965809277273,-0.8999999999999773,0.20000000000004547,-0.7660444431189781,0.6427876096865393,1.0,6.123233995736766e-17,1.6,6.0
2026-07-15 07:00:00,320,5.0,1.5,1014.9,14.8,14.4,1.4,1.3,1.1,4.0,4.0,5.0,1015.0,1014.5,1015.5,1.4000000000000001,0.10000000000000007,1.2833333333333334,0.16020819787597113,4.333333333333333,0.5773502691896258,4.666666666666667,0.8164965809277273,-0.6000000000000227,0.39999999999997726,-0.6427876096865396,0.7660444431189778,0.9659258262890683,-0.25881904510252063,1.6,5.0
2026-07-15 08:00:00,320,5.0,1.6,1015.1,14.6,14.4,1.5,1.3,1.1,5.0,4.0,6.0,1014.9,1014.6,1015.0,1.5,0.10000000000000041,1.3666666666666665,0.17511900715418102,4.666666666666667,0.5773502691896258,4.5,0.5477225575051671,0.10000000000002274,0.5,-0.6427876096865396,0.7660444431189778,0.8660254037844387,-0.4999999999999998,1.6,5.0
2026-07-15 09:00:00,320,6.0,1.6,1015.0,14.3,14.5,1.6,1.4,1.1,5.0,4.0,5.0,1015.1,1015.0,1014.8,1.5666666666666667,0.05773502691896347,1.45,0.13784048752089945,5.333333333333333,0.5773502691896258,4.666666666666667,0.8164965809277273,0.20000000000004547,0.0,-0.6427876096865396,0.7660444431189778,0.7071067811865476,-0.7071067811865475,1.5,5.0
2026-07-15 10:00:00,320,5.0,1.6,1014.9,14.2,14.5,1.6,1.5,1.3,6.0,5.0,4.0,1015.0,1014.9,1014.5,1.6,0.0,1.5,0.12649110640673164,5.333333333333333,0.5773502691896258,4.833333333333333,0.7527726527090829,0.39999999999997726,0.0,-0.6427876096865396,0.7660444431189778,0.49999999999999994,-0.8660254037844387,1.4,4.0
2026-07-15 11:00:00,310,5.0,1.6,1014.8,14.1,14.5,1.6,1.6,1.3,5.0,5.0,4.0,1014.9,1015.1,1014.6,1.6,0.0,1.55,0.08366600265340146,5.333333333333333,0.5773502691896258,5.0,0.6324555320336788,0.1999999999999318,-0.3000000000000682,-0.7660444431189781,0.6427876096865393,0.258819045102521,-0.9659258262890682,1.3,6.0
2026-07-15 12:00:00,300,5.0,1.5,1014.7,14.0,14.5,1.6,1.6,1.4,5.0,6.0,4.0,1014.8,1015.0,1015.0,1.5666666666666667,0.057735026918962595,1.5666666666666667,0.05163977794942183,5.0,0.0,5.166666666666667,0.4082482904638685,-0.2999999999999545,-0.2999999999999545,-0.8660254037844386,0.5000000000000001,1.2246467991473532e-16,-1.0,1.3,6.0
2026-07-15 13:00:00,290,4.0,1.4,1014.9,13.9,14.5,1.5,1.6,1.5,5.0,5.0,5.0,1014.7,1014.9,1014.9,1.5,0.09999999999999991,1.55,0.08366600265340146,4.666666666666667,0.5773502691896258,5.0,0.6324555320336788,0.0,0.0,-0.9396926207859083,0.342020143325669,-0.2588190451025208,-0.9659258262890683,1.3,5.0
2026-07-15 14:00:00,290,6.0,1.3,1015.1,14.0,14.6,1.4,1.6,1.6,4.0,5.0,5.0,1014.9,1014.8,1015.1,1.4000000000000001,0.09999999999999958,1.5,0.12649110640673164,5.0,1.0,5.166666666666667,0.7527726527090839,0.0,0.3000000000000682,-0.9396926207859083,0.342020143325669,-0.4999999999999997,-0.8660254037844388,1.4,6.0
2026-07-15 15:00:00,300,6.0,1.3,1015.4,14.1,14.8,1.3,1.5,1.6,6.0,5.0,6.0,1015.1,1014.7,1015.0,1.3333333333333333,0.05773502691896167,1.45,0.13784048752089945,5.333333333333333,1.1547005383792517,5.166666666666667,0.7527726527090839,0.39999999999997726,0.6999999999999318,-0.8660254037844386,0.5000000000000001,-0.7071067811865471,-0.7071067811865479,1.5,6.0
2026-07-15 16:00:00,300,5.0,1.3,1015.8,14.1,14.6,1.3,1.4,1.6,6.0,4.0,5.0,1015.4,1014.9,1014.9,1.3,0.0,1.4000000000000001,0.12649110640673258,5.666666666666667,0.5773502691896258,5.166666666666667,0.7527726527090839,0.8999999999999773,0.8999999999999773,-0.8660254037844386,0.5000000000000001,-0.8660254037844385,-0.5000000000000004,1.4,5.0
2026-07-15 17:00:00,300,6.0,1.4,1016.0,14.1,14.4,1.3,1.3,1.6,5.0,6.0,5.0,1015.8,1015.1,1014.8,1.3333333333333333,0.05773502691896253,1.3666666666666665,0.08164965809276906,5.666666666666667,0.5773502691896258,5.333333333333333,0.816496580927729,1.2000000000000455,0.8999999999999773,-0.8660254037844386,0.5000000000000001,-0.9659258262890683,-0.25881904510252063,1.5,6.0
2026-07-15 18:00:00,310,6.0,1.5,1015.9,14.1,14.4,1.4,1.3,1.5,6.0,6.0,5.0,1016.0,1015.4,1014.7,1.4000000000000001,0.10000000000000007,1.3666666666666665,0.08164965809276906,5.666666666666667,0.5773502691896258,5.5,0.8366600265340787,1.1999999999999318,0.5,-0.7660444431189781,0.6427876096865393,-1.0,-1.8369701987210297e-16,1.6,5.0
2026-07-15 19:00:00,310,5.0,1.4,1016.0,14.2,14.4,1.5,1.3,1.4,6.0,5.0,4.0,1015.9,1015.8,1014.9,1.4333333333333333,0.057735026918962866,1.3666666666666665,0.08164965809276906,5.666666666666667,0.5773502691896258,5.666666666666667,0.5163977794943277,1.1000000000000227,0.20000000000004547,-0.7660444431189781,0.6427876096865393,-0.9659258262890684,0.2588190451025203,1.5,7.0
2026-07-15 20:00:00,300,6.0,1.5,1016.0,14.3,14.2,1.4,1.4,1.3,5.0,6.0,6.0,1016.0,1016.0,1015.1,1.4666666666666666,0.05773502691896298,1.4000000000000001,0.08944271909998798,5.666666666666667,0.5773502691896258,5.666666666666667,0.5163977794943277,0.8999999999999773,0.0,-0.8660254037844386,0.5000000000000001,-0.8660254037844386,0.5000000000000001,1.6,7.0
2026-07-15 21:00:00,310,5.0,1.6,1015.8,14.4,14.3,1.5,1.5,1.3,6.0,6.0,6.0,1016.0,1015.9,1015.4,1.5,0.10000000000000041,1.45,0.10488088481701163,5.333333333333333,0.5773502691896258,5.5,0.5477225575051712,0.39999999999997726,-0.10000000000002274,-0.7660444431189781,0.6427876096865393,-0.7071067811865477,0.7071067811865474,1.6,7.0
2026-07-15 22:00:00,310,7.0,1.5,1015.5,14.4,14.4,1.6,1.4,1.3,5.0,5.0,5.0,1015.8,1016.0,1015.8,1.5333333333333334,0.05773502691896336,1.4833333333333334,0.07527726527090274,6.0,1.0,5.833333333333333,0.7527726527090848,-0.2999999999999545,-0.5,-0.7660444431189781,0.6427876096865393,-0.5000000000000004,0.8660254037844384,1.6,7.0
2026-07-15 23:00:00,310,7.0,1.6,1015.2,14.6,14.6,1.5,1.5,1.4,7.0,6.0,6.0,1015.5,1016.0,1016.0,1.5666666666666667,0.05773502691896347,1.5166666666666666,0.07527726527090225,6.333333333333333,1.1547005383792517,6.0,0.8944271909999192,-0.7999999999999545,-0.7999999999999545,-0.7660444431189781,0.6427876096865393,-0.25881904510252157,0.9659258262890681,1.7,9.0
2026-07-16 00:00:00,300,7.0,1.6,1014.8,14.7,14.6,1.6,1.6,1.5,7.0,5.0,6.0,1015.2,1015.8,1015.9,1.5666666666666667,0.05773502691896347,1.5333333333333332,0.08164965809276704,7.0,0.0,6.166666666666667,0.983192080250178,-1.1000000000000227,-1.0,-0.8660254037844386,0.5000000000000001,0.0,1.0,1.9,7.0
2026-07-16 01:00:00,300,7.0,1.6,1014.6,14.9,14.7,1.6,1.5,1.4,7.0,7.0,5.0,1014.8,1015.5,1016.0,1.6,0.0,1.5666666666666667,0.05163977794942279,7.0,0.0,6.5,0.8366600265340789,-1.3999999999999773,-0.8999999999999773,-0.8660254037844386,0.5000000000000001,0.25881904510252074,0.9659258262890683,2.0,8.0
2026-07-16 02:00:00,300,9.0,1.7,1014.0,14.8,14.6,1.6,1.6,1.5,7.0,7.0,6.0,1014.6,1015.2,1016.0,1.6333333333333335,0.05773502691896253,1.6000000000000003,0.06324555320335937,7.666666666666667,1.1547005383792515,7.0,1.264911064067354,-2.0,-1.2000000000000455,-0.8660254037844386,0.5000000000000001,0.49999999999999994,0.8660254037844387,2.0,8.0
2026-07-16 03:00:00,300,7.0,1.9,1013.7,14.8,14.7,1.7,1.6,1.6,9.0,7.0,5.0,1014.0,1014.8,1015.8,1.7333333333333332,0.1527525231651947,1.6500000000000001,0.13784048752089806,7.666666666666667,1.1547005383792515,7.333333333333333,0.8164965809277295,-2.099999999999909,-1.099999999999909,-0.8660254037844386,0.5000000000000001,0.7071067811865476,0.7071067811865476,2.0,8.0
2026-07-16 04:00:00,300,8.0,2.0,1013.5,14.5,14.6,1.9,1.6,1.5,7.0,7.0,7.0,1013.7,1014.6,1015.5,1.8666666666666665,0.15275252316519494,1.7333333333333334,0.17511900715417886,8.0,0.9999999999999998,7.5,0.8366600265340789,-2.0,-1.1000000000000227,-0.8660254037844386,0.5000000000000001,0.8660254037844386,0.5000000000000001,2.1,9.0
2026-07-16 05:00:00,310,8.0,2.0,1013.7,14.5,14.4,2.0,1.7,1.6,8.0,9.0,7.0,1013.5,1014.0,1015.2,1.9666666666666668,0.05773502691896368,1.7999999999999998,0.1897366596100989,7.666666666666667,0.5773502691896253,7.666666666666667,0.8164965809277295,-1.5,-0.2999999999999545,-0.7660444431189781,0.6427876096865393,0.9659258262890683,0.25881904510252074,1.9,8.0
2026-07-16 06:00:00,300,8.0,2.0,1014.1,14.6,14.4,2.0,1.9,1.6,8.0,7.0,7.0,1013.7,1013.7,1014.8,2.0,0.0,1.8666666666666665,0.17511900715417802,8.0,0.0,7.833333333333333,0.7527726527090849,-0.6999999999999318,0.39999999999997726,-0.8660254037844386,0.5000000000000001,1.0,6.123233995736766e-17,1.9,7.0
2026-07-16 07:00:00,300,9.0,2.1,1013.9,14.5,14.7,2.0,2.0,1.6,8.0,8.0,7.0,1014.1,1013.5,1014.6,2.033333333333333,0.05773502691896269,1.95,0.13784048752089578,8.333333333333334,0.5773502691896255,8.166666666666666,0.7527726527090857,-0.7000000000000455,0.39999999999997726,-0.8660254037844386,0.5000000000000001,0.9659258262890683,-0.25881904510252063,1.9,7.0
2026-07-16 08:00:00,310,8.0,1.9,1014.1,14.6,14.7,2.1,2.0,1.7,9.0,8.0,9.0,1013.9,1013.7,1014.0,2.0,0.10000000000000003,1.9833333333333334,0.07527726527089587,8.333333333333334,0.5773502691896255,8.0,0.6324555320336808,0.10000000000002274,0.39999999999997726,-0.7660444431189781,0.6427876096865393,0.8660254037844387,-0.4999999999999998,1.9,7.0
2026-07-16 09:00:00,310,7.0,1.9,1014.0,14.5,14.6,1.9,2.0,1.9,8.0,8.0,7.0,1014.1,1014.1,1013.7,1.9666666666666666,0.11547005383792508,1.9833333333333334,0.07527726527089587,8.0,0.9999999999999998,8.0,0.6324555320336808,0.2999999999999545,-0.10000000000002274,-0.7660444431189781,0.6427876096865393,0.7071067811865476,-0.7071067811865475,1.9,7.0
2026-07-16 10:00:00,310,7.0,1.9,1013.9,14.5,14.7,1.9,2.1,2.0,7.0,9.0,8.0,1014.0,1013.9,1013.5,1.9,0.0,1.9666666666666668,0.08164965809276153,7.333333333333333,0.5773502691896253,7.833333333333333,0.7527726527090848,0.39999999999997726,0.0,-0.7660444431189781,0.6427876096865393,0.49999999999999994,-0.8660254037844387,2.0,6.0
2026-07-16 11:00:00,310,7.0,1.9,1014.0,14.5,14.7,1.9,1.9,2.0,7.0,8.0,8.0,1013.9,1014.1,1013.7,1.9,0.0,1.95,0.08366600265339694,7.0,0.0,7.666666666666667,0.8164965809277294,0.2999999999999545,-0.10000000000002274,-0.7660444431189781,0.6427876096865393,0.258819045102521,-0.9659258262890682,1.8,7.0
2026-07-16 12:00:00,310,7.0,1.9,1014.1,14.5,14.7,1.9,1.9,2.0,7.0,7.0,8.0,1014.0,1014.0,1014.1,1.9,0.0,1.9333333333333333,0.0816496580927619,7.0,0.0,7.5,0.8366600265340787,0.0,0.10000000000002274,-0.7660444431189781,0.6427876096865393,1.2246467991473532e-16,-1.0,1.8,7.0
2026-07-16 13:00:00,320,6.0,2.0,1014.2,14.6,14.7,1.9,1.9,2.1,7.0,7.0,9.0,1014.1,1013.9,1013.9,1.9333333333333333,0.057735026918962595,1.9166666666666667,0.04082482904638635,6.666666666666667,0.5773502691896258,7.0,0.6324555320336801,0.3000000000000682,0.3000000000000682,-0.6427876096865396,0.7660444431189778,-0.2588190451025208,-0.9659258262890683,1.9,7.0
2026-07-16 14:00:00,320,7.0,1.8,1014.3,14.7,14.6,2.0,1.9,1.9,6.0,7.0,8.0,1014.2,1014.0,1014.1,1.9000000000000001,0.10000000000000005,1.9000000000000001,0.06324555320336758,6.666666666666667,0.5773502691896258,6.833333333333333,0.4082482904638696,0.1999999999999318,0.2999999999999545,-0.6427876096865396,0.7660444431189778,-0.4999999999999997,-0.8660254037844388,1.9,8.0
2026-07-16 15:00:00,320,7.0,1.8,1014.4,14.7,14.6,1.8,1.9,1.9,7.0,7.0,7.0,1014.3,1014.1,1014.0,1.8666666666666665,0.11547005383792529,1.8833333333333335,0.07527726527090807,6.666666666666667,0.5773502691896258,6.833333333333333,0.4082482904638696,0.39999999999997726,0.2999999999999545,-0.6427876096865396,0.7660444431189778,-0.7071067811865471,-0.7071067811865479,2.0,9.0
2026-07-16 16:00:00,310,7.0,1.9,1014.6,14.5,14.6,1.8,2.0,1.9,7.0,6.0,7.0,1014.4,1014.2,1013.9,1.8333333333333333,0.05773502691896253,1.883333333333333,0.07527726527090807,7.0,0.0,6.833333333333333,0.4082482904638696,0.7000000000000455,0.39999999999997726,-0.7660444431189781,0.6427876096865393,-0.8660254037844385,-0.5000000000000004,2.2,9.0
2026-07-16 17:00:00,300,8.0,1.9,1014.7,14.4,14.7,1.9,1.8,1.9,7.0,7.0,7.0,1014.6,1014.3,1014.0,1.8666666666666665,0.05773502691896261,1.883333333333333,0.07527726527090807,7.333333333333333,0.5773502691896258,7.0,0.6324555320336801,0.7000000000000455,0.40000000000009095,-0.8660254037844386,0.5000000000000001,-0.9659258262890683,-0.25881904510252063,2.1,7.0
2026-07-16 18:00:00,300,9.0,2.0,1014.6,14.4,14.7,1.9,1.8,1.9,8.0,7.0,7.0,1014.7,1014.4,1014.1,1.9333333333333333,0.057735026918962595,1.9000000000000001,0.08944271909999159,8.0,1.0,7.333333333333333,1.0327955589886473,0.5,0.20000000000004547,-0.8660254037844386,0.5000000000000001,-1.0,-1.8369701987210297e-16,2.0,8.0
2026-07-16 19:00:00,300,9.0,2.2,1014.6,14.5,14.8,2.0,1.9,2.0,9.0,7.0,6.0,1014.6,1014.6,1014.2,2.033333333333333,0.15275252316519458,1.9333333333333336,0.15055453054181628,8.666666666666666,0.5773502691896261,7.833333333333333,0.983192080250178,0.39999999999997726,0.0,-0.8660254037844386,0.5000000000000001,-0.9659258262890684,0.2588190451025203,2.0,8.0
2026-07-16 20:00:00,300,7.0,2.1,1014.8,14.5,14.8,2.2,1.9,1.8,9.0,8.0,7.0,1014.6,1014.7,1014.3,2.1,0.09999999999999948,1.9833333333333334,0.14719601443879754,8.333333333333334,1.1547005383792517,7.833333333333333,0.983192080250178,0.5,0.09999999999990905,-0.8660254037844386,0.5000000000000001,-0.8660254037844386,0.5000000000000001,2.0,8.0
2026-07-16 21:00:00,310,8.0,2.0,1014.8,14.6,14.8,2.1,2.0,1.8,7.0,9.0,7.0,1014.8,1014.6,1014.4,2.1,0.09999999999999948,2.016666666666667,0.11690451944500134,8.0,1.0000000000000004,8.0,0.8944271909999192,0.39999999999997726,0.1999999999999318,-0.7660444431189781,0.6427876096865393,-0.7071067811865477,0.7071067811865474,2.0,8.0
2026-07-16 22:00:00,310,8.0,2.0,1014.5,14.7,14.9,2.0,2.2,1.9,8.0,9.0,7.0,1014.8,1014.6,1014.6,2.033333333333333,0.0577350269189623,2.0333333333333337,0.10327955589886458,7.666666666666667,0.5773502691896265,8.166666666666666,0.752772652709085,-0.10000000000002274,-0.10000000000002274,-0.7660444431189781,0.6427876096865393,-0.5000000000000004,0.8660254037844384,2.0,8.0
2026-07-16 23:00:00,310,8.0,2.0,1014.3,14.7,14.9,2.0,2.1,1.9,8.0,7.0,8.0,1014.5,1014.8,1014.7,2.0,0.0,2.0500000000000003,0.08366600265340768,8.0,0.0,8.166666666666666,0.752772652709085,-0.40000000000009095,-0.5,-0.7660444431189781,0.6427876096865393,-0.25881904510252157,0.9659258262890681,1.8,8.0
2026-07-17 00:00:00,310,8.0,2.0,1013.7,14.7,14.9,2.0,2.0,2.0,8.0,8.0,9.0,1014.3,1014.8,1014.6,2.0,0.0,2.0500000000000003,0.08366600265340768,8.0,0.0,8.0,0.6324555320336803,-0.8999999999999773,-1.099999999999909,-0.7660444431189781,0.6427876096865393,0.0,1.0,1.8,7.0
2026-07-17 01:00:00,310,8.0,2.0,1013.2,14.6,14.9,2.0,2.0,2.2,8.0,8.0,9.0,1013.7,1014.5,1014.6,2.0,0.0,2.016666666666667,0.040824829046386124,8.0,0.0,7.833333333333333,0.40824829046386957,-1.3999999999999773,-1.2999999999999545,-0.7660444431189781,0.6427876096865393,0.25881904510252074,0.9659258262890683,1.8,8.0
2026-07-17 02:00:00,300,8.0,1.8,1012.7,14.6,14.8,2.0,2.0,2.1,8.0,8.0,7.0,1013.2,1014.3,1014.8,1.9333333333333333,0.11547005383792512,1.9666666666666666,0.08164965809277261,8.0,0.0,8.0,0.0,-2.099999999999909,-1.599999999999909,-0.8660254037844386,0.5000000000000001,0.49999999999999994,0.8660254037844387,2.0,7.0
2026-07-17 03:00:00,300,7.0,1.8,1012.5,14.5,14.6,1.8,2.0,2.0,8.0,8.0,8.0,1012.7,1013.7,1014.8,1.8666666666666665,0.1154700538379251,1.9333333333333333,0.10327955589886452,7.666666666666667,0.5773502691896258,7.833333333333333,0.40824829046386296,-2.2999999999999545,-1.2000000000000455,-0.8660254037844386,0.5000000000000001,0.7071067811865476,0.7071067811865476,2.0,6.0
2026-07-17 04:00:00,300,8.0,1.8,1012.4,14.3,14.4,1.8,2.0,2.0,7.0,8.0,8.0,1012.5,1013.2,1014.5,1.8,0.0,1.9000000000000001,0.10954451150103338,7.666666666666667,0.5773502691896258,7.833333333333333,0.40824829046386296,-2.1000000000000227,-0.8000000000000682,-0.8660254037844386,0.5000000000000001,0.8660254037844386,0.5000000000000001,2.0,6.0
2026-07-17 05:00:00,310,7.0,2.0,1012.6,14.1,14.3,1.8,1.8,2.0,8.0,8.0,8.0,1012.4,1012.7,1014.3,1.866666666666667,0.11547005383792512,1.9000000000000001,0.10954451150103338,7.333333333333333,0.5773502691896258,7.666666666666667,0.5163977794943221,-1.6999999999999318,-0.10000000000002274,-0.7660444431189781,0.6427876096865393,0.9659258262890683,0.25881904510252074,2.1,6.0
2026-07-17 06:00:00,300,6.0,2.0,1013.3,14.1,14.3,2.0,1.8,2.0,7.0,7.0,8.0,1012.6,1012.5,1013.7,1.9333333333333333,0.11547005383792516,1.9000000000000001,0.10954451150103338,7.0,1.0,7.333333333333333,0.8164965809277258,-0.40000000000009095,0.7999999999999545,-0.8660254037844386,0.5000000000000001,1.0,6.123233995736766e-17,2.1,7.0
2026-07-17 07:00:00,300,6.0,2.0,1013.3,14.0,14.3,2.0,1.8,2.0,6.0,8.0,8.0,1013.3,1012.4,1013.2,2.0,0.0,1.9000000000000001,0.10954451150103338,6.333333333333333,0.5773502691896258,7.0,0.8944271909999154,0.09999999999990905,0.8999999999999773,-0.8660254037844386,0.5000000000000001,0.9659258262890683,-0.25881904510252063,2.0,7.0
2026-07-17 08:00:00,300,6.0,2.1,1013.2,13.9,14.3,2.0,2.0,1.8,6.0,7.0,8.0,1013.3,1012.6,1012.7,2.033333333333333,0.05773502691896269,1.9500000000000002,0.12247448713915891,6.0,0.0,6.666666666666667,0.8164965809277251,0.5,0.6000000000000227,-0.8660254037844386,0.5000000000000001,0.8660254037844387,-0.4999999999999998,2.0,8.0
2026-07-17 09:00:00,300,7.0,2.1,1012.9,13.8,14.3,2.1,2.0,1.8,6.0,6.0,7.0,1013.2,1013.3,1012.5,2.066666666666667,0.05773502691896285,2.0,0.10954451150103306,6.333333333333333,0.5773502691896258,6.666666666666667,0.8164965809277251,0.39999999999997726,-0.39999999999997726,-0.8660254037844386,0.5000000000000001,0.7071067811865476,-0.7071067811865475,2.0,8.0
2026-07-17 10:00:00,310,7.0,2.0,1012.8,13.8,14.3,2.1,2.0,1.8,7.0,6.0,8.0,1012.9,1013.3,1012.4,2.066666666666667,0.05773502691896269,2.033333333333333,0.05163977794943157,6.666666666666667,0.5773502691896258,6.5,0.5477225575051645,0.39999999999997726,-0.5,-0.7660444431189781,0.6427876096865393,0.49999999999999994,-0.8660254037844387,2.0,8.0
2026-07-17 11:00:00,310,8.0,2.0,1012.9,13.6,14.3,2.0,2.1,2.0,7.0,6.0,7.0,1012.8,1013.2,1012.6,2.033333333333333,0.05773502691896285,2.033333333333333,0.05163977794943157,7.333333333333333,0.5773502691896258,6.666666666666667,0.8164965809277248,0.2999999999999545,-0.3000000000000682,-0.7660444431189781,0.6427876096865393,0.258819045102521,-0.9659258262890682,1.8,7.0
2026-07-17 12:00:00,310,8.0,2.0,1013.2,13.4,14.3,2.0,2.1,2.0,8.0,7.0,6.0,1012.9,1012.9,1013.3,2.0,0.0,2.033333333333333,0.05163977794943157,7.666666666666667,0.5773502691896258,7.0,0.8944271909999145,-0.09999999999990905,0.3000000000000682,-0.7660444431189781,0.6427876096865393,1.2246467991473532e-16,-1.0,1.8,7.0
2026-07-17 13:00:00,310,8.0,2.0,1013.5,13.5,14.2,2.0,2.0,2.0,8.0,7.0,6.0,1013.2,1012.8,1013.3,2.0,0.0,2.033333333333333,0.05163977794943157,8.0,0.0,7.333333333333333,0.8164965809277241,0.20000000000004547,0.7000000000000455,-0.7660444431189781,0.6427876096865393,-0.2588190451025208,-0.9659258262890683,1.8,7.0
2026-07-17 14:00:00,310,7.0,1.8,1014.1,13.3,14.2,2.0,2.0,2.1,8.0,8.0,6.0,1013.5,1012.9,1013.2,1.9333333333333333,0.11547005383792512,1.9833333333333334,0.0983192080250174,7.666666666666667,0.5773502691896258,7.5,0.547722557505163,0.8999999999999773,1.2000000000000455,-0.7660444431189781,0.6427876096865393,-0.4999999999999997,-0.8660254037844388,1.8,7.0
2026-07-17 15:00:00,300,7.0,1.8,1014.5,13.3,14.2,1.8,2.0,2.1,7.0,8.0,7.0,1014.1,1013.2,1012.9,1.8666666666666665,0.1154700538379251,1.9333333333333336,0.10327955589886459,7.333333333333333,0.5773502691896258,7.5,0.547722557505163,1.6000000000000227,1.2999999999999545,-0.8660254037844386,0.5000000000000001,-0.7071067811865471,-0.7071067811865479,1.8,7.0
2026-07-17 16:00:00,310,7.0,1.8,1014.9,13.4,14.2,1.8,2.0,2.0,7.0,8.0,7.0,1014.5,1013.5,1012.8,1.8,0.0,1.9000000000000001,0.10954451150103355,7.0,0.0,7.5,0.547722557505163,2.1000000000000227,1.3999999999999773,-0.7660444431189781,0.6427876096865393,-0.8660254037844385,-0.5000000000000004,2.0,6.0
2026-07-17 17:00:00,310,7.0,1.8,1015.3,13.4,14.2,1.8,1.8,2.0,7.0,7.0,8.0,1014.9,1014.1,1012.9,1.8,0.0,1.866666666666667,0.10327955589886503,7.0,0.0,7.333333333333333,0.5163977794943191,2.3999999999999773,1.1999999999999318,-0.7660444431189781,0.6427876096865393,-0.9659258262890683,-0.25881904510252063,2.0,5.0
2026-07-17 18:00:00,300,7.0,1.8,1015.5,13.6,14.1,1.8,1.8,2.0,7.0,7.0,8.0,1015.3,1014.5,1013.2,1.8,0.0,1.8333333333333333,0.08164965809277365,7.0,0.0,7.166666666666667,0.4082482904638594,2.2999999999999545,1.0,-0.8660254037844386,0.5000000000000001,-1.0,-1.8369701987210297e-16,1.9,6.0
2026-07-17 19:00:00,310,6.0,2.0,1016.0,13.8,14.1,1.8,1.8,2.0,7.0,7.0,8.0,1015.5,1014.9,1013.5,1.866666666666667,0.11547005383792512,1.8333333333333333,0.08164965809277255,6.666666666666667,0.5773502691896258,6.833333333333333,0.40824829046386296,2.5,1.1000000000000227,-0.7660444431189781,0.6427876096865393,-0.9659258262890684,0.2588190451025203,1.9,6.0
2026-07-17 20:00:00,300,5.0,2.0,1016.3,14.1,14.1,2.0,1.8,1.8,6.0,7.0,7.0,1016.0,1015.3,1014.1,1.9333333333333333,0.11547005383792516,1.8666666666666665,0.1032795558988644,6.0,1.0,6.5,0.8366600265340755,2.199999999999932,1.0,-0.8660254037844386,0.5000000000000001,-0.8660254037844386,0.5000000000000001,1.8,7.0
2026-07-17 21:00:00,300,6.0,1.9,1016.2,14.1,14.2,2.0,1.8,1.8,5.0,7.0,7.0,1016.3,1015.5,1014.5,1.9666666666666668,0.057735026918962595,1.883333333333333,0.09831920802501744,5.666666666666667,0.5773502691896258,6.333333333333333,0.816496580927726,1.7000000000000455,0.7000000000000455,-0.8660254037844386,0.5000000000000001,-0.7071067811865477,0.7071067811865474,1.7,6.0
2026-07-17 22:00:00,290,6.0,1.9,1016.2,14.2,14.3,1.9,2.0,1.8,6.0,6.0,7.0,1016.2,1016.0,1014.9,1.9333333333333333,0.057735026918962484,1.9000000000000001,0.08944271909999153,5.666666666666667,0.5773502691896258,6.166666666666667,0.7527726527090811,1.3000000000000682,0.20000000000004547,-0.9396926207859083,0.342020143325669,-0.5000000000000004,0.8660254037844384,1.4,6.0
2026-07-17 23:00:00,290,7.0,1.8,1015.9,14.5,14.4,1.9,2.0,1.8,6.0,5.0,7.0,1016.2,1016.3,1015.3,1.8666666666666665,0.05773502691896253,1.9000000000000001,0.08944271909999153,6.333333333333333,0.5773502691896258,6.166666666666667,0.7527726527090811,0.6000000000000227,-0.39999999999997726,-0.9396926207859083,0.342020143325669,-0.25881904510252157,0.9659258262890681,1.4,6.0
2026-07-18 00:00:00,290,6.0,1.7,1015.7,14.5,14.4,1.8,1.9,1.8,7.0,6.0,7.0,1015.9,1016.2,1015.5,1.8,0.10000000000000007,1.8833333333333335,0.1169045194450012,6.333333333333333,0.5773502691896258,6.0,0.6324555320336764,0.20000000000004547,-0.5,-0.9396926207859083,0.342020143325669,0.0,1.0,1.3,6.0
2026-07-18 01:00:00,290,6.0,1.4,1015.5,14.6,14.5,1.7,1.9,2.0,6.0,6.0,6.0,1015.7,1016.2,1016.0,1.6333333333333335,0.2081665999466134,1.7833333333333334,0.21369760566432805,6.333333333333333,0.5773502691896258,6.0,0.6324555320336764,-0.5,-0.7000000000000455,-0.9396926207859083,0.342020143325669,0.25881904510252074,0.9659258262890683,1.4,6.0
2026-07-18 02:00:00,290,6.0,1.4,1015.3,14.7,14.5,1.4,1.8,2.0,6.0,7.0,5.0,1015.5,1015.9,1016.3,1.5,0.17320508075688776,1.683333333333333,0.23166067138525398,6.0,0.0,6.166666666666667,0.408248290463863,-1.0,-0.6000000000000227,-0.9396926207859083,0.342020143325669,0.49999999999999994,0.8660254037844387,1.5,4.0
2026-07-18 03:00:00,290,6.0,1.3,1015.4,14.5,14.5,1.4,1.7,1.9,6.0,6.0,6.0,1015.3,1015.7,1016.2,1.3666666666666665,0.05773502691896253,1.5833333333333333,0.24832774042918881,6.0,0.0,6.166666666666667,0.408248290463863,-0.8000000000000682,-0.3000000000000682,-0.9396926207859083,0.342020143325669,0.7071067811865476,0.7071067811865476,1.5,4.0
2026-07-18 04:00:00,290,6.0,1.4,1015.7,14.5,14.5,1.3,1.4,1.9,6.0,6.0,6.0,1015.4,1015.5,1016.2,1.3666666666666665,0.05773502691896253,1.5,0.19999999999999965,6.0,0.0,6.166666666666667,0.408248290463863,-0.5,0.20000000000004547,-0.9396926207859083,0.342020143325669,0.8660254037844386,0.5000000000000001,1.5,5.0
2026-07-18 05:00:00,280,4.0,1.5,1016.1,14.3,14.3,1.4,1.4,1.8,6.0,6.0,7.0,1015.7,1015.3,1015.9,1.4000000000000001,0.09999999999999994,1.45,0.13784048752090147,5.333333333333333,1.1547005383792515,5.666666666666667,0.816496580927726,0.20000000000004547,0.8000000000000682,-0.9848077530122081,0.17364817766692997,0.9659258262890683,0.25881904510252074,1.4,5.0
2026-07-18 06:00:00,280,4.0,1.5,1016.5,14.3,14.3,1.5,1.3,1.7,4.0,6.0,6.0,1016.1,1015.4,1015.7,1.4666666666666668,0.05773502691896229,1.4166666666666667,0.07527726527090652,4.666666666666667,1.1547005383792515,5.333333333333333,1.0327955589886446,0.7999999999999545,1.1000000000000227,-0.9848077530122081,0.17364817766692997,1.0,6.123233995736766e-17,1.3,4.0
2026-07-18 07:00:00,270,5.0,1.5,1016.5,14.3,14.3,1.5,1.4,1.4,4.0,6.0,6.0,1016.5,1015.7,1015.5,1.5,0.0,1.4333333333333333,0.08164965809277124,4.333333333333333,0.5773502691896258,5.166666666666667,0.9831920802501755,1.0,0.7999999999999545,-1.0,-1.8369701987210297e-16,0.9659258262890683,-0.25881904510252063,1.2,4.0
2026-07-18 08:00:00,290,5.0,1.4,1016.3,14.4,14.4,1.5,1.5,1.4,5.0,4.0,6.0,1016.5,1016.1,1015.3,1.4666666666666668,0.057735026918962595,1.4333333333333333,0.08164965809277124,4.666666666666667,0.5773502691896258,5.0,0.8944271909999166,1.0,0.1999999999999318,-0.9396926207859083,0.342020143325669,0.8660254037844387,-0.4999999999999998,1.1,4.0
2026-07-18 09:00:00,280,4.0,1.3,1016.2,14.4,14.5,1.4,1.5,1.3,5.0,4.0,6.0,1016.3,1016.5,1015.4,1.4000000000000001,0.09999999999999985,1.4333333333333333,0.08164965809277124,4.666666666666667,0.5773502691896258,4.666666666666667,0.8164965809277279,0.8000000000000682,-0.2999999999999545,-0.9848077530122081,0.17364817766692997,0.7071067811865476,-0.7071067811865475,1.0,4.0
2026-07-18 10:00:00,280,4.0,1.2,1016.3,14.3,14.4,1.3,1.5,1.4,4.0,5.0,6.0,1016.2,1016.5,1015.7,1.3,0.09999999999999971,1.4000000000000001,0.12649110640673417,4.333333333333333,0.5773502691896258,4.333333333333333,0.5163977794943266,0.599999999999909,-0.20000000000004547,-0.9848077530122081,0.17364817766692997,0.49999999999999994,-0.8660254037844387,1.0,4.0
2026-07-18 11:00:00,270,4.0,1.1,1016.5,14.3,14.3,1.2,1.4,1.5,4.0,5.0,4.0,1016.3,1016.3,1016.1,1.2,0.09999999999999952,1.3333333333333333,0.16329931618554414,4.0,0.0,4.333333333333333,0.5163977794943266,0.39999999999997726,0.20000000000004547,-1.0,-1.8369701987210297e-16,0.258819045102521,-0.9659258262890682,1.0,3.0
2026-07-18 12:00:00,280,4.0,1.0,1016.8,14.0,14.2,1.1,1.3,1.5,4.0,4.0,4.0,1016.5,1016.2,1016.5,1.1,0.09999999999999938,1.25,0.18708286933869586,4.0,0.0,4.333333333333333,0.5163977794943266,0.2999999999999545,0.599999999999909,-0.9848077530122081,0.17364817766692997,1.2246467991473532e-16,-1.0,1.1,4.0
2026-07-18 13:00:00,270,4.0,1.0,1017.0,13.9,14.2,1.0,1.2,1.5,4.0,4.0,5.0,1016.8,1016.3,1016.5,1.0333333333333334,0.05773502691896134,1.1666666666666667,0.16329931618554358,4.0,0.0,4.166666666666667,0.40824829046386935,0.5,0.7000000000000455,-1.0,-1.8369701987210297e-16,-0.2588190451025208,-0.9659258262890683,1.1,3.0
2026-07-18 14:00:00,270,3.0,1.0,1017.3,13.8,14.8,1.0,1.1,1.4,4.0,4.0,5.0,1017.0,1016.5,1016.3,1.0,0.0,1.1,0.1264911064067329,3.6666666666666665,0.5773502691896257,3.8333333333333335,0.408248290463863,1.0,0.7999999999999545,-1.0,-1.8369701987210297e-16,-0.4999999999999997,-0.8660254037844388,1.2,3.0
2026-07-18 15:00:00,270,4.0,1.1,1017.7,13.8,14.9,1.0,1.0,1.3,3.0,4.0,4.0,1017.3,1016.8,1016.2,1.0333333333333334,0.057735026918962595,1.0666666666666667,0.0816496580927689,3.6666666666666665,0.5773502691896257,3.8333333333333335,0.408248290463863,1.5,0.900000000000091,-1.0,-1.8369701987210297e-16,-0.7071067811865471,-0.7071067811865479,1.2,3.0
2026-07-18 16:00:00,260,3.0,1.1,1018.2,13.6,14.8,1.1,1.0,1.2,4.0,4.0,4.0,1017.7,1017.0,1016.3,1.0666666666666669,0.057735026918962484,1.05,0.05477225575051105,3.3333333333333335,0.5773502691896257,3.6666666666666665,0.5163977794943223,1.900000000000091,1.2000000000000455,-0.984807753012208,-0.17364817766693033,-0.8660254037844385,-0.5000000000000004,1.1,3.0
2026-07-18 17:00:00,260,3.0,1.2,1018.5,13.7,14.8,1.1,1.0,1.1,3.0,3.0,4.0,1018.2,1017.3,1016.5,1.1333333333333335,0.05773502691896253,1.0666666666666667,0.0816496580927689,3.3333333333333335,0.5773502691896257,3.5,0.5477225575051664,2.0,1.2000000000000455,-0.984807753012208,-0.17364817766693033,-0.9659258262890683,-0.25881904510252063,1.2,4.0
2026-07-18 18:00:00,270,3.0,1.2,1018.6,13.6,14.6,1.2,1.1,1.0,3.0,4.0,4.0,1018.5,1017.7,1016.8,1.1666666666666667,0.05773502691896261,1.0999999999999999,0.08944271909998833,3.0,0.0,3.3333333333333335,0.5163977794943226,1.8000000000000682,0.8999999999999773,-1.0,-1.8369701987210297e-16,-1.0,-1.8369701987210297e-16,1.3,5.0
2026-07-18 19:00:00,270,3.0,1.1,1018.6,13.8,14.6,1.2,1.1,1.0,3.0,3.0,4.0,1018.6,1018.2,1017.0,1.1666666666666667,0.05773502691896253,1.1166666666666667,0.07527726527090431,3.0,0.0,3.1666666666666665,0.4082482904638636,1.6000000000000227,0.39999999999997726,-1.0,-1.8369701987210297e-16,-0.9659258262890684,0.2588190451025203,1.3,5.0
2026-07-18 20:00:00,280,4.0,1.2,1018.3,13.6,14.4,1.1,1.2,1.0,3.0,3.0,3.0,1018.6,1018.5,1017.3,1.1666666666666667,0.05773502691896253,1.1500000000000001,0.05477225575051158,3.3333333333333335,0.5773502691896257,3.3333333333333335,0.5163977794943226,1.0,-0.20000000000004547,-0.9848077530122081,0.17364817766692997,-0.8660254037844386,0.5000000000000001,1.2,6.0
2026-07-18 21:00:00,290,5.0,1.3,1018.1,13.5,14.4,1.2,1.2,1.1,4.0,3.0,4.0,1018.3,1018.6,1017.7,1.2,0.09999999999999994,1.1833333333333333,0.0752772652709046,4.0,0.9999999999999999,3.5,0.8366600265340758,0.39999999999997726,-0.5,-0.9396926207859083,0.342020143325669,-0.7071067811865477,0.7071067811865474,1.1,6.0
2026-07-18 22:00:00,290,5.0,1.3,1017.7,13.5,14.5,1.3,1.1,1.1,5.0,3.0,3.0,1018.1,1018.6,1018.2,1.2666666666666666,0.05773502691896229,1.2166666666666666,0.07527726527090475,4.666666666666667,0.5773502691896256,3.8333333333333335,0.9831920802501752,-0.5,-0.8999999999999773,-0.9396926207859083,0.342020143325669,-0.5000000000000004,0.8660254037844384,1.1,6.0
2026-07-18 23:00:00,300,6.0,1.2,1017.3,13.6,14.7,1.3,1.2,1.2,5.0,4.0,3.0,1017.7,1018.3,1018.5,1.2666666666666668,0.057735026918962595,1.2166666666666666,0.07527726527090475,5.333333333333333,0.5773502691896258,4.333333333333333,1.211060141638997,-1.2000000000000455,-1.0,-0.8660254037844386,0.5000000000000001,-0.25881904510252157,0.9659258262890681,0.9,7.0
2026-07-19 00:00:00,310,6.0,1.1,1017.0,13.9,14.9,1.2,1.3,1.2,6.0,5.0,3.0,1017.3,1018.1,1018.6,1.2,0.09999999999999992,1.2,0.08944271909998867,5.666666666666667,0.5773502691896258,4.833333333333333,1.1690451944500124,-1.6000000000000227,-1.1000000000000227,-0.7660444431189781,0.6427876096865393,0.0,1.0,0.9,6.0
2026-07-19 01:00:00,310,6.0,1.1,1016.6,14.1,14.8,1.1,1.3,1.1,6.0,5.0,3.0,1017.0,1017.7,1018.6,1.1333333333333335,0.057735026918962276,1.2,0.08944271909998867,6.0,0.0,5.333333333333333,0.8164965809277269,-2.0,-1.1000000000000227,-0.7660444431189781,0.6427876096865393,0.25881904510252074,0.9659258262890683,1.0,6.0
2026-07-19 02:00:00,300,7.0,0.9,1016.2,14.0,14.8,1.1,1.2,1.2,6.0,6.0,4.0,1016.6,1017.3,1018.3,1.0333333333333334,0.1154700538379252,1.15,0.1516575088810292,6.333333333333333,0.5773502691896258,5.833333333333333,0.7527726527090821,-2.099999999999909,-1.099999999999909,-0.8660254037844386,0.5000000000000001,0.49999999999999994,0.8660254037844387,0.9,6.0
2026-07-19 03:00:00,310,6.0,0.9,1016.1,14.0,14.6,0.9,1.1,1.3,7.0,6.0,5.0,1016.2,1017.0,1018.1,0.9666666666666668,0.11547005383792519,1.0833333333333333,0.16020819787597032,6.333333333333333,0.5773502691896258,6.0,0.6324555320336773,-2.0,-0.8999999999999773,-0.7660444431189781,0.6427876096865393,0.7071067811865476,0.7071067811865476,0.9,5.0
2026-07-19 04:00:00,300,6.0,1.0,1016.3,14.0,14.3,0.9,1.1,1.3,6.0,6.0,5.0,1016.1,1016.6,1017.7,0.9333333333333335,0.05773502691896256,1.0333333333333334,0.12110601416389699,6.333333333333333,0.5773502691896258,6.166666666666667,0.4082482904638652,-1.400000000000091,-0.3000000000000682,-0.8660254037844386,0.5000000000000001,0.8660254037844386,0.5000000000000001,0.9,4.0
2026-07-19 05:00:00,310,6.0,0.9,1016.7,14.0,14.4,1.0,0.9,1.2,6.0,7.0,6.0,1016.3,1016.2,1017.3,0.9333333333333335,0.05773502691896256,0.9833333333333334,0.09831920802501401,6.0,0.0,6.166666666666667,0.4082482904638652,-0.599999999999909,0.5,-0.7660444431189781,0.6427876096865393,0.9659258262890683,0.25881904510252074,0.9,4.0
2026-07-19 06:00:00,310,5.0,0.9,1016.9,13.9,14.4,0.9,0.9,1.1,6.0,6.0,6.0,1016.7,1016.1,1017.0,0.9333333333333335,0.05773502691896256,0.9500000000000001,0.08366600265340324,5.666666666666667,0.5773502691896258,6.0,0.6324555320336773,-0.10000000000002274,0.7999999999999545,-0.7660444431189781,0.6427876096865393,1.0,6.123233995736766e-17,1.0,4.0
2026-07-19 07:00:00,300,4.0,0.9,1016.8,13.6,14.5,0.9,1.0,1.1,5.0,6.0,6.0,1016.9,1016.3,1016.6,0.9,0.0,0.9166666666666666,0.040824829046376986,5.0,1.0,5.666666666666667,1.0327955589886455,0.1999999999999318,0.5,-0.8660254037844386,0.5000000000000001,0.9659258262890683,-0.25881904510252063,1.0,4.0
2026-07-19 08:00:00,300,4.0,0.9,1016.7,13.3,14.6,0.9,0.9,0.9,4.0,6.0,7.0,1016.8,1016.7,1016.2,0.9,0.0,0.9166666666666666,0.040824829046376986,4.333333333333333,0.5773502691896258,5.166666666666667,0.9831920802501762,0.5,0.0,-0.8660254037844386,0.5000000000000001,0.8660254037844387,-0.4999999999999998,1.0,4.0
2026-07-19 09:00:00,300,4.0,1.0,1016.6,13.3,14.5,0.9,0.9,0.9,4.0,5.0,6.0,1016.7,1016.9,1016.1,0.9333333333333335,0.05773502691896256,0.9333333333333332,0.05163977794942499,4.0,0.0,4.833333333333333,0.9831920802501762,0.5,-0.2999999999999545,-0.8660254037844386,0.5000000000000001,0.7071067811865476,-0.7071067811865475,1.0,5.0
2026-07-19 10:00:00,300,4.0,1.0,1016.4,13.1,14.5,1.0,0.9,1.0,4.0,4.0,6.0,1016.6,1016.8,1016.3,0.9666666666666668,0.05773502691896258,0.9333333333333332,0.05163977794942499,4.0,0.0,4.5,0.8366600265340768,0.10000000000002274,-0.39999999999997726,-0.8660254037844386,0.5000000000000001,0.49999999999999994,-0.8660254037844387,0.9,4.0
2026-07-19 11:00:00,310,4.0,1.0,1016.2,13.0,14.4,1.0,0.9,0.9,4.0,4.0,6.0,1016.4,1016.7,1016.7,1.0,0.0,0.9499999999999998,0.0547722557505099,4.0,0.0,4.166666666666667,0.4082482904638656,-0.5,-0.5,-0.7660444431189781,0.6427876096865393,0.258819045102521,-0.9659258262890682,0.9,4.0
2026-07-19 12:00:00,320,5.0,1.0,1016.1,13.2,14.4,1.0,1.0,0.9,4.0,4.0,5.0,1016.2,1016.6,1016.9,1.0,0.0,0.9666666666666668,0.05163977794942523,4.333333333333333,0.5773502691896258,4.166666666666667,0.40824829046386296,-0.7999999999999545,-0.5,-0.6427876096865396,0.7660444431189778,1.2246467991473532e-16,-1.0,0.9,4.0
2026-07-19 13:00:00,310,4.0,0.9,1016.2,13.3,14.4,1.0,1.0,0.9,5.0,4.0,4.0,1016.1,1016.4,1016.8,0.9666666666666667,0.05773502691896256,0.9666666666666667,0.05163977794942523,4.333333333333333,0.5773502691896258,4.166666666666667,0.40824829046386296,-0.599999999999909,-0.1999999999999318,-0.7660444431189781,0.6427876096865393,-0.2588190451025208,-0.9659258262890683,0.9,4.0
2026-07-19 14:00:00,310,4.0,0.9,1016.3,13.4,14.4,0.9,1.0,0.9,4.0,4.0,4.0,1016.2,1016.2,1016.7,0.9333333333333335,0.05773502691896255,0.9666666666666668,0.05163977794942523,4.333333333333333,0.5773502691896258,4.166666666666667,0.40824829046386296,-0.40000000000009095,0.09999999999990905,-0.7660444431189781,0.6427876096865393,-0.4999999999999997,-0.8660254037844388,0.9,4.0
2026-07-19 15:00:00,300,4.0,0.9,1016.4,13.3,14.2,0.9,1.0,1.0,4.0,5.0,4.0,1016.3,1016.1,1016.6,0.9,0.0,0.9500000000000001,0.0547722557505099,4.0,0.0,4.166666666666667,0.40824829046386296,-0.20000000000004547,0.2999999999999545,-0.8660254037844386,0.5000000000000001,-0.7071067811865471,-0.7071067811865479,0.9,4.0
2026-07-19 16:00:00,300,4.0,0.9,1016.3,13.4,14.2,0.9,0.9,1.0,4.0,4.0,4.0,1016.4,1016.2,1016.4,0.9,0.0,0.9333333333333332,0.05163977794942502,4.0,0.0,4.166666666666667,0.40824829046386296,-0.10000000000002274,0.09999999999990905,-0.8660254037844386,0.5000000000000001,-0.8660254037844385,-0.5000000000000004,1.1,3.0
2026-07-19 17:00:00,310,4.0,0.9,1016.4,13.4,14.2,0.9,0.9,1.0,4.0,4.0,4.0,1016.3,1016.3,1016.2,0.9,0.0,0.9166666666666666,0.04082482904637707,4.0,0.0,4.166666666666667,0.40824829046386296,0.1999999999999318,0.10000000000002274,-0.7660444431189781,0.6427876096865393,-0.9659258262890683,-0.25881904510252063,1.1,4.0
2026-07-19 18:00:00,310,4.0,0.9,1016.3,13.6,14.5,0.9,0.9,1.0,4.0,4.0,5.0,1016.4,1016.4,1016.1,0.9,0.0,0.9,0.0,4.0,0.0,4.0,0.0,0.1999999999999318,-0.10000000000002274,-0.7660444431189781,0.6427876096865393,-1.0,-1.8369701987210297e-16,1.1,3.0
2026-07-19 19:00:00,310,3.0,1.1,1016.1,13.6,14.4,0.9,0.9,0.9,4.0,4.0,4.0,1016.3,1016.3,1016.2,0.9666666666666668,0.1154700538379252,0.9333333333333335,0.08164965809277264,3.6666666666666665,0.5773502691896257,3.8333333333333335,0.408248290463863,-0.10000000000002274,-0.1999999999999318,-0.7660444431189781,0.6427876096865393,-0.9659258262890684,0.2588190451025203,1.2,4.0
2026-07-19 20:00:00,310,4.0,1.1,1015.9,13.8,14.5,1.1,0.9,0.9,3.0,4.0,4.0,1016.1,1016.4,1016.3,1.0333333333333334,0.11547005383792522,0.9666666666666667,0.10327955589886448,3.6666666666666665,0.5773502691896257,3.8333333333333335,0.408248290463863,-0.39999999999997726,-0.5,-0.7660444431189781,0.6427876096865393,-0.8660254037844386,0.5000000000000001,1.2,3.0
2026-07-19 21:00:00,310,3.0,1.1,1015.4,14.0,14.7,1.1,0.9,0.9,4.0,4.0,4.0,1015.9,1016.3,1016.4,1.1,0.0,1.0000000000000002,0.10954451150103325,3.3333333333333335,0.5773502691896257,3.6666666666666665,0.5163977794943223,-1.0,-0.8999999999999773,-0.7660444431189781,0.6427876096865393,-0.7071067811865477,0.7071067811865474,1.2,3.0
2026-07-19 22:00:00,300,4.0,1.2,1015.0,14.1,14.8,1.1,1.1,0.9,3.0,3.0,4.0,1015.4,1016.1,1016.3,1.1333333333333335,0.05773502691896253,1.05,0.12247448713915891,3.6666666666666665,0.5773502691896257,3.6666666666666665,0.5163977794943223,-1.2999999999999545,-1.1000000000000227,-0.8660254037844386,0.5000000000000001,-0.5000000000000004,0.8660254037844384,1.2,3.0
2026-07-19 23:00:00,310,3.0,1.2,1014.5,14.3,15.0,1.2,1.1,0.9,4.0,4.0,4.0,1015.0,1015.9,1016.4,1.1666666666666667,0.05773502691896261,1.0999999999999999,0.1095445115010332,3.3333333333333335,0.5773502691896257,3.5,0.5477225575051664,-1.8999999999999773,-1.3999999999999773,-0.7660444431189781,0.6427876096865393,-0.25881904510252157,0.9659258262890681,1.3,3.0
2026-07-20 00:00:00,300,3.0,1.2,1014.1,14.5,15.3,1.2,1.1,0.9,3.0,3.0,4.0,1014.5,1015.4,1016.3,1.2,0.0,1.1500000000000001,0.05477225575051646,3.3333333333333335,0.5773502691896257,3.3333333333333335,0.5163977794943226,-2.199999999999932,-1.2999999999999545,-0.8660254037844386,0.5000000000000001,0.0,1.0,1.3,3.0
2026-07-20 01:00:00,280,3.0,1.2,1013.8,14.6,15.2,1.2,1.2,1.1,3.0,4.0,3.0,1014.1,1015.0,1016.1,1.2,0.0,1.1666666666666667,0.051639777949432024,3.0,0.0,3.3333333333333335,0.5163977794943226,-2.300000000000068,-1.2000000000000455,-0.9848077530122081,0.17364817766692997,0.25881904510252074,0.9659258262890683,1.3,3.0
2026-07-20 02:00:00,300,3.0,1.3,1013.6,14.6,15.3,1.2,1.2,1.1,3.0,3.0,4.0,1013.8,1014.5,1015.9,1.2333333333333334,0.057735026918962595,1.2,0.06324555320336739,3.0,0.0,3.1666666666666665,0.4082482904638636,-2.2999999999999545,-0.8999999999999773,-0.8660254037844386,0.5000000000000001,0.49999999999999994,0.8660254037844387,1.3,2.0
2026-07-20 03:00:00,280,3.0,1.3,1013.6,14.6,15.2,1.3,1.2,1.1,3.0,3.0,3.0,1013.6,1014.1,1015.4,1.2666666666666668,0.057735026918962595,1.2333333333333332,0.051639777949431906,3.0,0.0,3.1666666666666665,0.4082482904638636,-1.7999999999999545,-0.5,-0.9848077530122081,0.17364817766692997,0.7071067811865476,0.7071067811865476,1.2,2.0
2026-07-20 04:00:00,290,3.0,1.3,1013.9,14.6,14.9,1.3,1.2,1.2,3.0,3.0,4.0,1013.6,1013.8,1015.0,1.3,0.0,1.25,0.05477225575051631,3.0,0.0,3.0,0.0,-1.1000000000000227,0.10000000000002274,-0.9396926207859083,0.342020143325669,0.8660254037844386,0.5000000000000001,1.3,2.0
2026-07-20 05:00:00,260,2.0,1.3,1014.2,14.6,14.5,1.3,1.3,1.2,3.0,3.0,3.0,1013.9,1013.6,1014.5,1.3,0.0,1.2666666666666668,0.051639777949431906,2.6666666666666665,0.5773502691896257,2.8333333333333335,0.408248290463863,-0.2999999999999545,0.6000000000000227,-0.984807753012208,-0.17364817766693033,0.9659258262890683,0.25881904510252074,1.2,2.0
2026-07-20 06:00:00,230,2.0,1.2,1014.5,14.5,14.2,1.3,1.3,1.2,2.0,3.0,3.0,1014.2,1013.6,1014.1,1.2666666666666668,0.057735026918962595,1.2666666666666666,0.051639777949431906,2.3333333333333335,0.5773502691896257,2.6666666666666665,0.5163977794943223,0.39999999999997726,0.8999999999999773,-0.7660444431189779,-0.6427876096865395,1.0,6.123233995736766e-17,1.1,2.0
2026-07-20 07:00:00,190,2.0,1.3,1014.4,14.6,14.6,1.2,1.3,1.2,2.0,3.0,3.0,1014.5,1013.9,1013.8,1.2666666666666668,0.057735026918962595,1.2833333333333334,0.040824829046385895,2.0,0.0,2.5,0.5477225575051664,0.6000000000000227,0.5,-0.17364817766693047,-0.984807753012208,0.9659258262890683,-0.25881904510252063,1.1,2.0
2026-07-20 08:00:00,200,2.0,1.2,1014.6,14.6,14.5,1.3,1.3,1.3,2.0,2.0,3.0,1014.4,1014.2,1013.6,1.2333333333333334,0.057735026918962595,1.2666666666666666,0.051639777949431906,2.0,0.0,2.3333333333333335,0.5163977794943226,1.0,0.39999999999997726,-0.34202014332566866,-0.9396926207859084,0.8660254037844387,-0.4999999999999998,1.1,2.0
2026-07-20 09:00:00,200,2.0,1.1,1014.0,14.6,14.5,1.2,1.2,1.3,2.0,2.0,3.0,1014.6,1014.5,1013.6,1.2000000000000002,0.09999999999999992,1.2333333333333334,0.08164965809277237,2.0,0.0,2.1666666666666665,0.4082482904638636,0.39999999999997726,-0.5,-0.34202014332566866,-0.9396926207859084,0.7071067811865476,-0.7071067811865475,1.1,3.0
2026-07-20 10:00:00,200,2.0,1.1,1013.6,14.6,14.4,1.1,1.3,1.3,2.0,2.0,3.0,1014.0,1014.4,1013.9,1.1333333333333335,0.057735026918962276,1.2,0.08944271909999135,2.0,0.0,2.0,0.0,-0.2999999999999545,-0.7999999999999545,-0.34202014332566866,-0.9396926207859084,0.49999999999999994,-0.8660254037844387,1.2,2.0
2026-07-20 11:00:00,220,2.0,1.1,1013.4,14.5,14.3,1.1,1.2,1.3,2.0,2.0,2.0,1013.6,1014.6,1014.2,1.1,0.0,1.1666666666666667,0.08164965809277228,2.0,0.0,2.0,0.0,-0.8000000000000682,-1.2000000000000455,-0.6427876096865393,-0.766044443118978,0.258819045102521,-0.9659258262890682,1.2,1.0
2026-07-20 12:00:00,230,3.0,1.1,1014.0,14.5,14.3,1.1,1.1,1.2,2.0,2.0,2.0,1013.4,1014.0,1014.5,1.1,0.0,1.1500000000000001,0.0836660026534072,2.3333333333333335,0.5773502691896257,2.1666666666666665,0.408248290463863,-0.5,0.0,-0.7660444431189779,-0.6427876096865395,1.2246467991473532e-16,-1.0,1.2,2.0
2026-07-20 13:00:00,220,2.0,1.2,1014.1,14.5,14.3,1.1,1.1,1.3,3.0,2.0,2.0,1014.0,1013.6,1014.4,1.1333333333333335,0.05773502691896253,1.1333333333333333,0.05163977794943158,2.3333333333333335,0.5773502691896257,2.1666666666666665,0.408248290463863,-0.2999999999999545,0.5,-0.6427876096865393,-0.766044443118978,-0.2588190451025208,-0.9659258262890683,1.1,2.0
2026-07-20 14:00:00,160,1.0,1.2,1014.2,14.5,14.3,1.2,1.1,1.2,2.0,2.0,2.0,1014.1,1013.4,1014.6,1.1666666666666667,0.05773502691896261,1.1333333333333333,0.05163977794943158,2.0,0.9999999999999999,2.0,0.6324555320336759,-0.39999999999997726,0.8000000000000682,0.3420201433256689,-0.9396926207859083,-0.4999999999999997,-0.8660254037844388,1.1,2.0
2026-07-20 15:00:00,180,2.0,1.2,1014.4,14.6,14.3,1.2,1.1,1.1,1.0,3.0,2.0,1014.2,1014.0,1014.0,1.2,0.0,1.1500000000000001,0.05477225575051604,1.6666666666666667,0.5773502691896256,2.0,0.6324555320336759,0.39999999999997726,0.39999999999997726,1.2246467991473532e-16,-1.0,-0.7071067811865471,-0.7071067811865479,1.1,2.0
2026-07-20 16:00:00,180,2.0,1.1,1014.7,14.6,14.3,1.2,1.2,1.1,2.0,2.0,2.0,1014.4,1014.1,1013.6,1.1666666666666667,0.05773502691896253,1.1500000000000001,0.05477225575051604,1.6666666666666667,0.5773502691896256,2.0,0.6324555320336759,1.1000000000000227,0.6000000000000227,1.2246467991473532e-16,-1.0,-0.8660254037844385,-0.5000000000000004,1.1,2.0
2026-07-20 17:00:00,180,2.0,1.1,1014.7,14.7,14.5,1.1,1.2,1.1,2.0,1.0,2.0,1014.7,1014.2,1013.4,1.1333333333333335,0.05773502691896261,1.1500000000000001,0.05477225575051604,2.0,0.0,2.0,0.6324555320336759,1.3000000000000682,0.5,1.2246467991473532e-16,-1.0,-0.9659258262890683,-0.25881904510252063,1.0,1.0
2026-07-20 18:00:00,210,2.0,1.1,1015.3,14.6,14.5,1.1,1.2,1.1,2.0,2.0,3.0,1014.7,1014.4,1014.0,1.1,0.0,1.1500000000000001,0.05477225575051604,2.0,0.0,1.8333333333333333,0.40824829046386285,1.2999999999999545,0.8999999999999773,-0.5000000000000001,-0.8660254037844386,-1.0,-1.8369701987210297e-16,1.1,2.0
2026-07-20 19:00:00,230,2.0,1.1,1015.5,14.9,14.6,1.1,1.1,1.2,2.0,2.0,2.0,1015.3,1014.7,1014.1,1.1,0.0,1.1333333333333335,0.05163977794943158,2.0,0.0,1.8333333333333333,0.40824829046386285,1.3999999999999773,0.7999999999999545,-0.7660444431189779,-0.6427876096865395,-0.9659258262890684,0.2588190451025203,1.1,3.0
2026-07-20 20:00:00,180,1.0,1.0,1015.3,15.2,14.9,1.1,1.1,1.2,2.0,2.0,1.0,1015.5,1014.7,1014.2,1.0666666666666667,0.057735026918962595,1.1,0.06324555320336701,1.6666666666666667,0.5773502691896258,1.8333333333333333,0.408248290463863,1.099999999999909,0.599999999999909,1.2246467991473532e-16,-1.0,-0.8660254037844386,0.5000000000000001,1.0,2.0
2026-07-20 21:00:00,220,2.0,1.1,1015.4,15.5,15.4,1.0,1.1,1.2,1.0,2.0,2.0,1015.3,1015.3,1014.4,1.0666666666666669,0.057735026918962595,1.0833333333333333,0.040824829046385375,1.6666666666666667,0.5773502691896258,1.8333333333333333,0.408248290463863,1.0,0.10000000000002274,-0.6427876096865393,-0.766044443118978,-0.7071067811865477,0.7071067811865474,1.1,2.0
2026-07-20 22:00:00,260,3.0,1.1,1015.1,15.5,15.4,1.1,1.1,1.1,2.0,2.0,2.0,1015.4,1015.5,1014.7,1.0666666666666669,0.057735026918962595,1.0833333333333335,0.040824829046385375,2.0,1.0,2.0,0.6324555320336759,0.39999999999997726,-0.39999999999997726,-0.984807753012208,-0.17364817766693033,-0.5000000000000004,0.8660254037844384,1.0,2.0
2026-07-20 23:00:00,260,2.0,1.0,1014.8,15.6,15.4,1.1,1.0,1.1,3.0,1.0,2.0,1015.1,1015.3,1014.7,1.0666666666666667,0.057735026918962595,1.0666666666666667,0.05163977794943142,2.3333333333333335,0.5773502691896258,2.0,0.6324555320336759,0.09999999999990905,-0.5,-0.984807753012208,-0.17364817766693033,-0.25881904510252157,0.9659258262890681,1.0,3.0
2026-07-21 00:00:00,290,2.0,1.1,1014.3,15.7,15.9,1.0,1.1,1.1,2.0,2.0,2.0,1014.8,1015.4,1015.3,1.0666666666666669,0.057735026918962595,1.0666666666666667,0.05163977794943142,2.3333333333333335,0.5773502691896258,2.0,0.6324555320336759,-1.0,-1.1000000000000227,-0.9396926207859083,0.342020143325669,0.0,1.0,1.0,4.0
2026-07-21 01:00:00,310,2.0,1.0,1013.8,15.6,16.2,1.1,1.1,1.1,2.0,3.0,2.0,1014.3,1015.1,1015.5,1.0333333333333334,0.057735026918962484,1.05,0.054772255750515725,2.0,0.0,2.0,0.6324555320336759,-1.7000000000000455,-1.3000000000000682,-0.7660444431189781,0.6427876096865393,0.25881904510252074,0.9659258262890683,1.0,4.0
2026-07-21 02:00:00,320,3.0,1.0,1013.2,15.3,16.1,1.0,1.0,1.0,2.0,2.0,1.0,1013.8,1014.8,1015.3,1.0333333333333334,0.057735026918962484,1.05,0.054772255750515725,2.3333333333333335,0.5773502691896257,2.3333333333333335,0.5163977794943225,-2.099999999999909,-1.599999999999909,-0.6427876096865396,0.7660444431189778,0.49999999999999994,0.8660254037844387,1.0,4.0
2026-07-21 03:00:00,300,4.0,1.0,1013.2,14.8,15.8,1.0,1.1,1.1,3.0,2.0,2.0,1013.2,1014.3,1015.4,1.0,0.0,1.0333333333333334,0.05163977794943112,3.0,0.9999999999999999,2.6666666666666665,0.8164965809277264,-2.199999999999932,-1.099999999999909,-0.8660254037844386,0.5000000000000001,0.7071067811865476,0.7071067811865476,1.0,4.0
2026-07-21 04:00:00,310,4.0,1.0,1013.3,14.5,15.8,1.0,1.0,1.1,4.0,2.0,3.0,1013.2,1013.8,1015.1,1.0,0.0,1.0166666666666666,0.040824829046384715,3.6666666666666665,0.5773502691896257,2.8333333333333335,0.9831920802501756,-1.8000000000000682,-0.5,-0.7660444431189781,0.6427876096865393,0.8660254037844386,0.5000000000000001,1.1,4.0
2026-07-21 05:00:00,320,4.0,1.0,1013.5,14.5,15.8,1.0,1.0,1.0,4.0,3.0,2.0,1013.3,1013.2,1014.8,1.0,0.0,1.0166666666666666,0.040824829046384715,4.0,0.0,3.1666666666666665,0.9831920802501759,-1.2999999999999545,0.2999999999999545,-0.6427876096865396,0.7660444431189778,0.9659258262890683,0.25881904510252074,1.0,5.0
2026-07-21 06:00:00,320,4.0,1.0,1013.7,14.4,15.7,1.0,1.0,1.1,4.0,4.0,2.0,1013.5,1013.2,1014.3,1.0,0.0,1.0,0.0,4.0,0.0,3.5,0.8366600265340767,-0.599999999999909,0.5,-0.6427876096865396,0.7660444431189778,1.0,6.123233995736766e-17,1.0,5.0
2026-07-21 07:00:00,320,4.0,1.1,1013.5,14.3,15.7,1.0,1.0,1.0,4.0,4.0,2.0,1013.7,1013.3,1013.8,1.0333333333333334,0.057735026918962595,1.0166666666666668,0.04082482904638635,4.0,0.0,3.8333333333333335,0.40824829046386585,-0.2999999999999545,0.20000000000004547,-0.6427876096865396,0.7660444431189778,0.9659258262890683,-0.25881904510252063,1.0,4.0
2026-07-21 08:00:00,310,5.0,1.0,1013.1,14.5,15.7,1.1,1.0,1.0,4.0,4.0,3.0,1013.5,1013.5,1013.2,1.0333333333333334,0.057735026918962595,1.0166666666666668,0.04082482904638635,4.333333333333333,0.5773502691896258,4.166666666666667,0.40824829046386296,-0.10000000000002274,-0.39999999999997726,-0.7660444431189781,0.6427876096865393,0.8660254037844387,-0.4999999999999998,1.0,4.0
2026-07-21 09:00:00,330,5.0,1.0,1012.8,13.9,15.6,1.0,1.0,1.0,5.0,4.0,4.0,1013.1,1013.7,1013.2,1.0333333333333334,0.057735026918962595,1.0166666666666668,0.04082482904638635,4.666666666666667,0.5773502691896258,4.333333333333333,0.5163977794943221,-0.40000000000009095,-0.900000000000091,-0.5000000000000004,0.8660254037844384,0.7071067811865476,-0.7071067811865475,1.0,3.0
2026-07-21 10:00:00,330,4.0,1.0,1012.6,13.7,15.5,1.0,1.1,1.0,5.0,4.0,4.0,1012.8,1013.5,1013.3,1.0,0.0,1.0166666666666668,0.04082482904638635,4.666666666666667,0.5773502691896258,4.333333333333333,0.5163977794943221,-0.6999999999999318,-0.8999999999999773,-0.5000000000000004,0.8660254037844384,0.49999999999999994,-0.8660254037844387,1.0,3.0
2026-07-21 11:00:00,320,4.0,1.0,1012.3,13.9,15.5,1.0,1.0,1.0,4.0,5.0,4.0,1012.6,1013.1,1013.5,1.0,0.0,1.0166666666666668,0.04082482904638635,4.333333333333333,0.5773502691896258,4.333333333333333,0.5163977794943221,-1.2000000000000455,-0.8000000000000682,-0.6427876096865396,0.7660444431189778,0.258819045102521,-0.9659258262890682,1.0,3.0
2026-07-21 12:00:00,330,3.0,1.0,1012.2,13.9,15.5,1.0,1.0,1.0,4.0,5.0,4.0,1012.3,1012.8,1013.7,1.0,0.0,1.0166666666666668,0.04082482904638635,3.6666666666666665,0.5773502691896257,4.166666666666667,0.752772652709081,-1.5,-0.599999999999909,-0.5000000000000004,0.8660254037844384,1.2246467991473532e-16,-1.0,1.2,2.0
2026-07-21 13:00:00,310,3.0,1.0,1012.3,14.0,15.5,1.0,1.0,1.1,3.0,4.0,4.0,1012.2,1012.6,1013.5,1.0,0.0,1.0,0.0,3.3333333333333335,0.5773502691896257,4.0,0.8944271909999159,-1.2000000000000455,-0.3000000000000682,-0.7660444431189781,0.6427876096865393,-0.2588190451025208,-0.9659258262890683,1.1,2.0
2026-07-21 14:00:00,310,3.0,1.0,1012.8,14.3,15.5,1.0,1.0,1.0,3.0,4.0,5.0,1012.3,1012.3,1013.1,1.0,0.0,1.0,0.0,3.0,0.0,3.6666666666666665,0.816496580927726,-0.3000000000000682,0.5,-0.7660444431189781,0.6427876096865393,-0.4999999999999997,-0.8660254037844388,1.1,2.0
2026-07-21 15:00:00,300,2.0,1.2,1013.3,14.8,15.5,1.0,1.0,1.0,3.0,3.0,5.0,1012.8,1012.2,1012.8,1.0666666666666667,0.11547005383792512,1.0333333333333332,0.08164965809277261,2.6666666666666665,0.5773502691896257,3.1666666666666665,0.7527726527090809,0.5,1.099999999999909,-0.8660254037844386,0.5000000000000001,-0.7071067811865471,-0.7071067811865479,1.2,2.0
2026-07-21 16:00:00,90,2.0,1.1,1013.7,15.1,15.6,1.2,1.0,1.0,2.0,3.0,4.0,1013.3,1012.3,1012.6,1.0999999999999999,0.09999999999999996,1.05,0.08366600265340761,2.3333333333333335,0.5773502691896257,2.8333333333333335,0.7527726527090809,1.1000000000000227,1.400000000000091,1.0,6.123233995736766e-17,-0.8660254037844385,-0.5000000000000004,1.2,2.0
2026-07-21 17:00:00,80,2.0,1.1,1014.0,15.4,15.8,1.1,1.0,1.0,2.0,3.0,4.0,1013.7,1012.8,1012.3,1.1333333333333335,0.057735026918962415,1.0666666666666667,0.0816496580927727,2.0,0.0,2.5,0.547722557505166,1.7000000000000455,1.2000000000000455,0.984807753012208,0.17364817766693041,-0.9659258262890683,-0.25881904510252063,1.1,4.0
2026-07-21 18:00:00,150,2.0,1.2,1014.3,15.8,16.3,1.1,1.2,1.0,2.0,2.0,3.0,1014.0,1013.3,1012.2,1.1333333333333335,0.05773502691896253,1.0999999999999999,0.0894427190999918,2.0,0.0,2.3333333333333335,0.5163977794943221,2.099999999999909,1.0,0.49999999999999994,-0.8660254037844387,-1.0,-1.8369701987210297e-16,1.0,5.0
2026-07-21 19:00:00,130,2.0,1.2,1014.7,16.6,16.8,1.2,1.1,1.0,2.0,2.0,3.0,1014.3,1013.7,1012.3,1.1666666666666667,0.05773502691896261,1.1333333333333333,0.08164965809277298,2.0,0.0,2.1666666666666665,0.4082482904638626,2.400000000000091,1.0,0.766044443118978,-0.6427876096865394,-0.9659258262890684,0.2588190451025203,1.1,5.0
2026-07-21 20:00:00,140,4.0,1.1,1014.5,16.5,16.6,1.2,1.1,1.0,2.0,2.0,3.0,1014.7,1014.0,1012.8,1.1666666666666667,0.05773502691896253,1.1500000000000001,0.05477225575051724,2.6666666666666665,1.1547005383792517,2.3333333333333335,0.816496580927726,1.7000000000000455,0.5,0.6427876096865395,-0.7660444431189779,-0.8660254037844386,0.5000000000000001,1.2,4.0
2026-07-21 21:00:00,140,5.0,1.0,1014.1,16.5,16.6,1.1,1.2,1.2,4.0,2.0,2.0,1014.5,1014.3,1013.3,1.0999999999999999,0.10000000000000007,1.116666666666667,0.07527726527090843,3.6666666666666665,1.5275252316519468,2.8333333333333335,1.3291601358251257,0.8000000000000682,-0.1999999999999318,0.6427876096865395,-0.7660444431189779,-0.7071067811865477,0.7071067811865474,1.2,5.0
2026-07-21 22:00:00,150,5.0,1.1,1013.7,16.9,16.8,1.0,1.2,1.1,5.0,2.0,2.0,1014.1,1014.7,1013.7,1.0666666666666667,0.057735026918962866,1.1166666666666667,0.07527726527090843,4.666666666666667,0.5773502691896265,3.3333333333333335,1.505545305418162,0.0,-1.0,0.49999999999999994,-0.8660254037844387,-0.5000000000000004,0.8660254037844384,1.2,6.0
2026-07-21 23:00:00,160,4.0,1.2,1013.3,17.4,16.9,1.1,1.1,1.1,5.0,4.0,2.0,1013.7,1014.5,1014.0,1.1,0.10000000000000007,1.1333333333333333,0.08164965809277297,4.666666666666667,0.5773502691896258,3.6666666666666665,1.3662601021279464,-0.7000000000000455,-1.2000000000000455,0.3420201433256689,-0.9396926207859083,-0.25881904510252157,0.9659258262890681,1.3,5.0
2026-07-22 00:00:00,140,5.0,1.2,1012.9,17.7,16.6,1.2,1.0,1.2,4.0,5.0,2.0,1013.3,1014.1,1014.3,1.1666666666666667,0.05773502691896253,1.1333333333333335,0.08164965809277297,4.666666666666667,0.5773502691896258,4.166666666666667,1.169045194450012,-1.3999999999999773,-1.2000000000000455,0.6427876096865395,-0.7660444431189779,0.0,1.0,1.3,4.0
2026-07-22 01:00:00,150,6.0,1.2,1012.7,18.3,16.4,1.2,1.1,1.2,5.0,5.0,2.0,1012.9,1013.7,1014.7,1.2,0.0,1.1333333333333333,0.08164965809277297,5.0,1.0,4.833333333333333,0.7527726527090802,-2.0,-1.0,0.49999999999999994,-0.8660254037844387,0.25881904510252074,0.9659258262890683,1.5,4.0
2026-07-22 02:00:00,150,5.0,1.3,1013.1,18.1,16.4,1.2,1.2,1.1,6.0,4.0,4.0,1012.7,1013.3,1014.5,1.2333333333333334,0.057735026918962595,1.1666666666666667,0.10327955589886484,5.333333333333333,0.5773502691896258,5.0,0.6324555320336748,-1.3999999999999773,-0.1999999999999318,0.49999999999999994,-0.8660254037844387,0.49999999999999994,0.8660254037844387,1.4,6.0
2026-07-22 03:00:00,140,4.0,1.3,1013.4,17.1,16.3,1.3,1.2,1.0,5.0,5.0,5.0,1013.1,1012.9,1014.1,1.2666666666666668,0.057735026918962595,1.2166666666666666,0.07527726527090882,5.0,1.0,4.833333333333333,0.7527726527090802,-0.7000000000000455,0.5,0.6427876096865395,-0.7660444431189779,0.7071067811865476,0.7071067811865476,1.5,7.0
2026-07-22 04:00:00,130,4.0,1.5,1013.9,16.7,16.3,1.3,1.2,1.1,4.0,6.0,5.0,1013.4,1012.7,1013.7,1.366666666666667,0.11547005383792512,1.2833333333333334,0.11690451944500194,4.333333333333333,0.5773502691896258,4.666666666666667,0.8164965809277255,0.1999999999999318,1.1999999999999318,0.766044443118978,-0.6427876096865394,0.8660254037844386,0.5000000000000001,1.6,7.0
2026-07-22 05:00:00,140,6.0,1.4,1014.5,16.5,16.3,1.5,1.3,1.2,4.0,5.0,4.0,1013.9,1013.1,1013.3,1.4000000000000001,0.09999999999999999,1.3166666666666667,0.11690451944500203,4.666666666666667,1.1547005383792515,5.0,0.8944271909999151,1.2000000000000455,1.3999999999999773,0.6427876096865395,-0.7660444431189779,0.9659258262890683,0.25881904510252074,1.7,8.0
2026-07-22 06:00:00,150,7.0,1.5,1015.2,16.3,16.2,1.4,1.3,1.2,6.0,4.0,5.0,1014.5,1013.4,1012.9,1.4666666666666668,0.057735026918962845,1.3666666666666665,0.1211060141639006,5.666666666666667,1.5275252316519465,5.333333333333333,1.211060141638996,2.300000000000068,1.8000000000000682,0.49999999999999994,-0.8660254037844387,1.0,6.123233995736766e-17,1.9,8.0
2026-07-22 07:00:00,140,7.0,1.6,1015.1,16.1,16.2,1.5,1.5,1.2,7.0,4.0,6.0,1015.2,1013.9,1012.7,1.5,0.10000000000000032,1.4333333333333333,0.1211060141639009,6.666666666666667,0.5773502691896245,5.5,1.3784048752090212,2.3999999999999773,1.2000000000000455,0.6427876096865395,-0.7660444431189779,0.9659258262890683,-0.25881904510252063,1.8,8.0
2026-07-22 08:00:00,140,8.0,1.7,1015.1,16.0,16.2,1.6,1.4,1.3,7.0,6.0,5.0,1015.1,1014.5,1013.1,1.5999999999999999,0.10000000000000046,1.5,0.1414213562373108,7.333333333333333,0.5773502691896258,6.0,1.67332005306815,2.0,0.6000000000000227,0.6427876096865395,-0.7660444431189779,0.8660254037844387,-0.4999999999999998,1.9,7.0
2026-07-22 09:00:00,140,8.0,1.9,1014.9,15.8,16.2,1.7,1.5,1.3,8.0,7.0,4.0,1015.1,1015.2,1013.4,1.7333333333333334,0.15275252316519505,1.5999999999999999,0.17888543819998454,7.666666666666667,0.5773502691896258,6.666666666666667,1.5055453054181602,1.5,-0.3000000000000682,0.6427876096865395,-0.7660444431189779,0.7071067811865476,-0.7071067811865475,1.9,7.0
2026-07-22 10:00:00,140,8.0,1.8,1015.0,15.7,16.3,1.9,1.6,1.5,8.0,7.0,4.0,1014.9,1015.1,1013.9,1.8,0.1000000000000008,1.6500000000000001,0.18708286933869855,8.0,0.0,7.333333333333333,0.8164965809277218,1.1000000000000227,-0.10000000000002274,0.6427876096865395,-0.7660444431189779,0.49999999999999994,-0.8660254037844387,1.9,7.0
2026-07-22 11:00:00,150,7.0,1.9,1015.1,16.0,16.3,1.8,1.7,1.4,8.0,8.0,6.0,1015.0,1015.1,1014.5,1.8666666666666665,0.057735026918964226,1.7333333333333332,0.16329931618554722,7.666666666666667,0.5773502691896258,7.5,0.5477225575051596,0.6000000000000227,0.0,0.49999999999999994,-0.8660254037844387,0.258819045102521,-0.9659258262890682,1.8,7.0
2026-07-22 12:00:00,150,7.0,1.9,1015.6,16.0,16.2,1.9,1.9,1.5,7.0,8.0,7.0,1015.1,1014.9,1015.2,1.8666666666666665,0.057735026918964226,1.7999999999999998,0.12649110640673814,7.333333333333333,0.5773502691896258,7.5,0.5477225575051596,0.39999999999997726,0.7000000000000455,0.49999999999999994,-0.8660254037844387,1.2246467991473532e-16,-1.0,1.9,7.0
2026-07-22 13:00:00,160,7.0,1.9,1016.2,16.0,16.2,1.9,1.8,1.6,7.0,8.0,7.0,1015.6,1015.0,1015.1,1.9,0.0,1.8499999999999999,0.08366600265341255,7.0,0.0,7.5,0.5477225575051596,1.1000000000000227,1.2000000000000455,0.3420201433256689,-0.9396926207859083,-0.2588190451025208,-0.9659258262890683,1.8,6.0
2026-07-22 14:00:00,150,7.0,1.8,1016.8,15.9,16.2,1.9,1.9,1.7,7.0,7.0,8.0,1016.2,1015.1,1015.1,1.8666666666666665,0.05773502691896253,1.8666666666666665,0.051639777949440586,7.0,0.0,7.333333333333333,0.5163977794943154,1.6999999999999318,1.6999999999999318,0.49999999999999994,-0.8660254037844387,-0.4999999999999997,-0.8660254037844388,1.9,5.0
2026-07-22 15:00:00,170,7.0,1.9,1017.5,16.0,16.2,1.8,1.9,1.9,7.0,7.0,8.0,1016.8,1015.6,1014.9,1.866666666666667,0.05773502691896253,1.8666666666666665,0.051639777949440586,7.0,0.0,7.166666666666667,0.40824829046385486,2.6000000000000227,1.8999999999999773,0.17364817766693028,-0.984807753012208,-0.7071067811865471,-0.7071067811865479,1.7,5.0
2026-07-22 16:00:00,170,6.0,1.8,1018.3,15.9,16.3,1.9,1.9,1.8,7.0,7.0,8.0,1017.5,1016.2,1015.0,1.8333333333333333,0.05773502691896261,1.8666666666666665,0.051639777949440586,6.666666666666667,0.5773502691896258,6.833333333333333,0.40824829046386296,3.2999999999999545,2.099999999999909,0.17364817766693028,-0.984807753012208,-0.8660254037844385,-0.5000000000000004,1.6,4.0
2026-07-22 17:00:00,160,5.0,1.9,1018.8,16.0,16.3,1.8,1.8,1.9,6.0,7.0,7.0,1018.3,1016.8,1015.1,1.8666666666666665,0.05773502691896253,1.866666666666667,0.051639777949440586,6.0,1.0,6.5,0.8366600265340755,3.699999999999932,2.0,0.3420201433256689,-0.9396926207859083,-0.9659258262890683,-0.25881904510252063,1.5,2.0
2026-07-22 18:00:00,180,5.0,1.7,1019.1,16.0,16.2,1.9,1.9,1.9,5.0,7.0,7.0,1018.8,1017.5,1015.6,1.8,0.10000000000000007,1.8333333333333333,0.08164965809277752,5.333333333333333,0.5773502691896258,6.166666666666667,0.9831920802501751,3.5,1.6000000000000227,1.2246467991473532e-16,-1.0,-1.0,-1.8369701987210297e-16,1.5,3.0
2026-07-22 19:00:00,190,4.0,1.6,1019.5,16.2,16.3,1.7,1.8,1.9,5.0,6.0,7.0,1019.1,1018.3,1016.2,1.7333333333333334,0.1527525231651947,1.7833333333333332,0.1169045194450043,4.666666666666667,0.5773502691896258,5.666666666666667,1.2110601416389968,3.2999999999999545,1.2000000000000455,-0.17364817766693047,-0.984807753012208,-0.9659258262890684,0.2588190451025203,1.6,3.0
2026-07-22 20:00:00,180,2.0,1.5,1019.7,16.5,16.6,1.6,1.9,1.8,4.0,5.0,7.0,1019.5,1018.8,1016.8,1.5999999999999999,0.10000000000000028,1.7333333333333332,0.1632993161855472,3.6666666666666665,1.5275252316519465,4.833333333333333,1.7224014243685086,2.900000000000091,0.900000000000091,1.2246467991473532e-16,-1.0,-0.8660254037844386,0.5000000000000001,1.6,3.0
2026-07-22 21:00:00,190,3.0,1.5,1019.6,16.8,16.8,1.5,1.7,1.9,2.0,5.0,7.0,1019.7,1019.1,1017.5,1.5333333333333334,0.05773502691896336,1.6666666666666667,0.1632993161855469,3.0,0.9999999999999998,4.166666666666667,1.4719601443879753,2.1000000000000227,0.5,-0.17364817766693047,-0.984807753012208,-0.7071067811865477,0.7071067811865474,1.5,3.0
2026-07-22 22:00:00,200,3.0,1.6,1019.4,16.7,16.9,1.5,1.6,1.8,3.0,4.0,6.0,1019.6,1019.5,1018.3,1.5333333333333334,0.057735026918962595,1.6333333333333335,0.1505545305418179,2.6666666666666665,0.5773502691896254,3.6666666666666665,1.2110601416389977,1.1000000000000227,-0.10000000000002274,-0.34202014332566866,-0.9396926207859084,-0.5000000000000004,0.8660254037844384,1.4,4.0
2026-07-22 23:00:00,210,3.0,1.6,1019.1,16.9,17.2,1.6,1.5,1.9,3.0,2.0,5.0,1019.4,1019.7,1018.8,1.5666666666666667,0.057735026918962484,1.5833333333333333,0.075277265270911,3.0,0.0,3.3333333333333335,1.0327955589886457,0.3000000000000682,-0.6000000000000227,-0.5000000000000001,-0.8660254037844386,-0.25881904510252157,0.9659258262890681,1.5,5.0
2026-07-23 00:00:00,230,3.0,1.5,1018.6,17.1,17.3,1.6,1.5,1.7,3.0,3.0,5.0,1019.1,1019.6,1019.1,1.5666666666666667,0.057735026918962595,1.55,0.0547722557505201,3.0,0.0,3.0,0.6324555320336778,-0.5,-1.0,-0.7660444431189779,-0.6427876096865395,0.0,1.0,1.4,4.0
2026-07-23 01:00:00,260,4.0,1.4,1018.2,17.2,17.2,1.5,1.6,1.6,3.0,3.0,4.0,1018.6,1019.4,1019.5,1.5,0.09999999999999991,1.5166666666666668,0.07527726527091029,3.3333333333333335,0.5773502691896257,3.0,0.6324555320336778,-1.2999999999999545,-1.1999999999999318,-0.984807753012208,-0.17364817766693033,0.25881904510252074,0.9659258262890683,1.4,5.0
2026-07-23 02:00:00,280,5.0,1.5,1017.8,17.1,16.9,1.4,1.6,1.5,4.0,3.0,2.0,1018.2,1019.1,1019.7,1.4666666666666668,0.057735026918962117,1.5166666666666668,0.07527726527091029,4.0,0.9999999999999999,3.5,0.836660026534077,-1.900000000000091,-1.3000000000000682,-0.9848077530122081,0.17364817766692997,0.49999999999999994,0.8660254037844387,1.5,5.0
2026-07-23 03:00:00,280,4.0,1.4,1018.2,17.0,16.9,1.5,1.5,1.5,5.0,3.0,3.0,1017.8,1018.6,1019.6,1.4333333333333333,0.057735026918962006,1.5,0.0894427190999933,4.333333333333333,0.5773502691896256,3.6666666666666665,0.8164965809277275,-1.3999999999999773,-0.39999999999997726,-0.9848077530122081,0.17364817766692997,0.7071067811865476,0.7071067811865476,1.3,4.0
2026-07-23 04:00:00,290,5.0,1.4,1018.1,16.7,16.7,1.4,1.4,1.6,4.0,4.0,3.0,1018.2,1018.2,1019.4,1.4333333333333333,0.057735026918962006,1.4666666666666668,0.08164965809277411,4.666666666666667,0.5773502691896256,4.0,0.8944271909999171,-1.2999999999999545,-0.10000000000002274,-0.9396926207859083,0.342020143325669,0.8660254037844386,0.5000000000000001,1.3,4.0
2026-07-23 05:00:00,300,5.0,1.5,1018.4,16.5,16.7,1.4,1.5,1.6,5.0,5.0,3.0,1018.1,1017.8,1019.1,1.4333333333333333,0.057735026918962595,1.45,0.054772255750518514,4.666666666666667,0.5773502691896256,4.333333333333333,0.8164965809277273,-0.7000000000000455,0.6000000000000227,-0.8660254037844386,0.5000000000000001,0.9659258262890683,0.25881904510252074,1.3,5.0
2026-07-23 06:00:00,310,4.0,1.3,1018.6,16.5,16.7,1.5,1.4,1.5,5.0,4.0,3.0,1018.4,1018.2,1018.6,1.4000000000000001,0.10000000000000005,1.4166666666666667,0.07527726527090906,4.666666666666667,0.5773502691896258,4.5,0.5477225575051676,0.0,0.39999999999997726,-0.7660444431189781,0.6427876096865393,1.0,6.123233995736766e-17,1.2,5.0
2026-07-23 07:00:00,310,4.0,1.3,1018.4,16.4,16.7,1.3,1.4,1.4,4.0,5.0,4.0,1018.6,1018.1,1018.2,1.366666666666667,0.11547005383792529,1.4000000000000001,0.08944271909999221,4.333333333333333,0.5773502691896258,4.5,0.5477225575051676,0.1999999999999318,0.2999999999999545,-0.7660444431189781,0.6427876096865393,0.9659258262890683,-0.25881904510252063,1.1,5.0
2026-07-23 08:00:00,310,5.0,1.3,1018.3,16.4,16.6,1.3,1.5,1.5,4.0,5.0,5.0,1018.4,1018.4,1017.8,1.3,0.0,1.3666666666666665,0.08164965809277287,4.333333333333333,0.5773502691896258,4.5,0.5477225575051676,0.5,-0.10000000000002274,-0.7660444431189781,0.6427876096865393,0.8660254037844387,-0.4999999999999998,1.1,6.0
2026-07-23 09:00:00,310,5.0,1.2,1018.0,16.3,16.6,1.3,1.3,1.4,5.0,4.0,4.0,1018.3,1018.6,1018.2,1.2666666666666668,0.057735026918962595,1.3333333333333333,0.10327955589886437,4.666666666666667,0.5773502691896258,4.666666666666667,0.516397779494324,-0.20000000000004547,-0.6000000000000227,-0.7660444431189781,0.6427876096865393,0.7071067811865476,-0.7071067811865475,1.1,6.0
2026-07-23 10:00:00,310,5.0,1.1,1017.9,16.3,16.6,1.2,1.3,1.4,5.0,4.0,5.0,1018.0,1018.4,1018.1,1.2000000000000002,0.09999999999999992,1.2833333333333334,0.1329160135825122,5.0,0.0,4.666666666666667,0.516397779494324,-0.20000000000004547,-0.5,-0.7660444431189781,0.6427876096865393,0.49999999999999994,-0.8660254037844387,1.0,6.0
2026-07-23 11:00:00,310,6.0,1.1,1017.7,16.2,16.6,1.1,1.3,1.5,5.0,5.0,5.0,1017.9,1018.3,1018.4,1.1333333333333335,0.057735026918962276,1.2166666666666668,0.09831920802501654,5.333333333333333,0.5773502691896258,4.833333333333333,0.7527726527090822,-0.6999999999999318,-0.599999999999909,-0.7660444431189781,0.6427876096865393,0.258819045102521,-0.9659258262890682,1.0,7.0
2026-07-23 12:00:00,320,6.0,1.1,1017.5,15.9,16.6,1.1,1.2,1.3,6.0,5.0,4.0,1017.7,1018.0,1018.6,1.1,0.0,1.1833333333333333,0.09831920802501627,5.666666666666667,0.5773502691896258,5.166666666666667,0.7527726527090822,-1.1000000000000227,-0.5,-0.6427876096865396,0.7660444431189778,1.2246467991473532e-16,-1.0,0.9,6.0
2026-07-23 13:00:00,310,6.0,1.0,1017.6,15.4,16.5,1.1,1.1,1.3,6.0,5.0,4.0,1017.5,1017.9,1018.4,1.0666666666666667,0.057735026918962595,1.1333333333333335,0.10327955589886288,6.0,0.0,5.5,0.5477225575051676,-0.7999999999999545,-0.2999999999999545,-0.7660444431189781,0.6427876096865393,-0.2588190451025208,-0.9659258262890683,1.0,7.0
2026-07-23 14:00:00,310,7.0,1.0,1017.8,15.5,16.5,1.0,1.1,1.3,6.0,6.0,5.0,1017.6,1017.7,1018.3,1.0333333333333334,0.057735026918962484,1.0833333333333333,0.07527726527090538,6.333333333333333,0.5773502691896258,5.833333333333333,0.7527726527090822,-0.5,0.09999999999990905,-0.7660444431189781,0.6427876096865393,-0.4999999999999997,-0.8660254037844388,1.0,7.0
2026-07-23 15:00:00,310,6.0,0.9,1018.1,15.5,16.5,1.0,1.1,1.2,7.0,6.0,5.0,1017.8,1017.5,1018.0,0.9666666666666668,0.05773502691896256,1.0333333333333334,0.08164965809276957,6.333333333333333,0.5773502691896258,6.0,0.6324555320336774,0.10000000000002274,0.6000000000000227,-0.7660444431189781,0.6427876096865393,-0.7071067811865471,-0.7071067811865479,1.0,7.0
2026-07-23 16:00:00,310,7.0,1.0,1018.2,15.6,16.4,0.9,1.0,1.1,6.0,6.0,5.0,1018.1,1017.6,1017.9,0.9666666666666668,0.05773502691896256,1.0166666666666668,0.07527726527090459,6.666666666666667,0.5773502691896258,6.333333333333333,0.516397779494324,0.3000000000000682,0.6000000000000227,-0.7660444431189781,0.6427876096865393,-0.8660254037844385,-0.5000000000000004,1.0,5.0
2026-07-23 17:00:00,310,7.0,1.0,1018.5,15.7,16.5,1.0,1.0,1.1,7.0,7.0,6.0,1018.2,1017.8,1017.7,0.9666666666666668,0.05773502691896256,1.0,0.06324555320336316,6.666666666666667,0.5773502691896258,6.5,0.5477225575051676,0.7999999999999545,0.7000000000000455,-0.7660444431189781,0.6427876096865393,-0.9659258262890683,-0.25881904510252063,1.0,7.0
2026-07-23 18:00:00,310,7.0,1.0,1018.4,15.8,16.5,1.0,0.9,1.1,7.0,6.0,6.0,1018.5,1018.1,1017.5,1.0,0.0,0.9833333333333334,0.040824829046379005,7.0,0.0,6.666666666666667,0.516397779494324,0.8999999999999773,0.2999999999999545,-0.7660444431189781,0.6427876096865393,-1.0,-1.8369701987210297e-16,1.1,7.0
2026-07-23 19:00:00,310,5.0,1.0,1018.7,15.9,16.4,1.0,1.0,1.0,7.0,7.0,6.0,1018.4,1018.2,1017.6,1.0,0.0,0.9833333333333334,0.040824829046379005,6.333333333333333,1.1547005383792515,6.5,0.8366600265340763,1.1000000000000227,0.5,-0.7660444431189781,0.6427876096865393,-0.9659258262890684,0.2588190451025203,1.0,7.0
2026-07-23 20:00:00,310,7.0,1.0,1018.6,16.1,16.5,1.0,1.0,1.0,5.0,7.0,7.0,1018.7,1018.5,1017.8,1.0,0.0,0.9833333333333334,0.040824829046379005,6.333333333333333,1.1547005383792515,6.5,0.8366600265340763,0.8000000000000682,0.10000000000002274,-0.7660444431189781,0.6427876096865393,-0.8660254037844386,0.5000000000000001,1.1,7.0
2026-07-23 21:00:00,310,7.0,1.1,1018.2,16.1,16.5,1.0,1.0,0.9,7.0,7.0,6.0,1018.6,1018.4,1018.1,1.0333333333333334,0.057735026918962595,1.0166666666666666,0.04082482904638635,6.333333333333333,1.1547005383792515,6.666666666666667,0.8164965809277271,0.10000000000002274,-0.1999999999999318,-0.7660444431189781,0.6427876096865393,-0.7071067811865477,0.7071067811865474,1.1,7.0
2026-07-23 22:00:00,310,7.0,1.0,1017.8,16.1,16.5,1.1,1.0,1.0,7.0,5.0,7.0,1018.2,1018.7,1018.2,1.0333333333333334,0.057735026918962595,1.0166666666666666,0.04082482904638635,7.0,0.0,6.666666666666667,0.8164965809277271,-0.40000000000009095,-0.900000000000091,-0.7660444431189781,0.6427876096865393,-0.5000000000000004,0.8660254037844384,1.1,7.0
2026-07-23 23:00:00,310,7.0,1.1,1017.5,16.2,16.5,1.0,1.0,1.0,7.0,7.0,7.0,1017.8,1018.6,1018.5,1.0666666666666669,0.057735026918962484,1.0333333333333332,0.05163977794943228,7.0,0.0,6.666666666666667,0.8164965809277271,-1.0,-1.1000000000000227,-0.7660444431189781,0.6427876096865393,-0.25881904510252157,0.9659258262890681,1.2,7.0
2026-07-24 00:00:00,300,7.0,1.1,1017.1,16.3,16.5,1.1,1.1,1.0,7.0,7.0,7.0,1017.5,1018.2,1018.4,1.0666666666666669,0.057735026918962484,1.05,0.05477225575051666,7.0,0.0,6.666666666666667,0.8164965809277271,-1.2999999999999545,-1.1000000000000227,-0.8660254037844386,0.5000000000000001,0.0,1.0,1.3,7.0
2026-07-24 01:00:00,310,7.0,1.1,1016.7,16.4,16.5,1.1,1.0,1.0,7.0,7.0,5.0,1017.1,1017.8,1018.7,1.1,0.0,1.0666666666666667,0.05163977794943228,7.0,0.0,7.0,0.0,-2.0,-1.099999999999909,-0.7660444431189781,0.6427876096865393,0.25881904510252074,0.9659258262890683,1.3,6.0
2026-07-24 02:00:00,310,7.0,1.2,1016.3,16.2,16.4,1.1,1.1,1.0,7.0,7.0,7.0,1016.7,1017.5,1018.6,1.1333333333333335,0.05773502691896253,1.0999999999999999,0.06324555320336758,7.0,0.0,7.0,0.0,-2.300000000000068,-1.2000000000000455,-0.7660444431189781,0.6427876096865393,0.49999999999999994,0.8660254037844387,1.2,7.0
2026-07-24 03:00:00,310,7.0,1.3,1016.4,16.2,16.4,1.2,1.1,1.1,7.0,7.0,7.0,1016.3,1017.1,1018.2,1.2000000000000002,0.10000000000000007,1.1333333333333335,0.10327955589886445,7.0,0.0,7.0,0.0,-1.8000000000000682,-0.7000000000000455,-0.7660444431189781,0.6427876096865393,0.7071067811865476,0.7071067811865476,1.1,6.0
2026-07-24 04:00:00,310,6.0,1.3,1016.4,16.2,16.3,1.3,1.1,1.0,7.0,7.0,7.0,1016.4,1016.7,1017.8,1.2666666666666668,0.05773502691896285,1.1833333333333333,0.09831920802501755,6.666666666666667,0.5773502691896258,6.833333333333333,0.40824829046386296,-1.3999999999999773,-0.3000000000000682,-0.7660444431189781,0.6427876096865393,0.8660254037844386,0.5000000000000001,1.1,6.0
2026-07-24 05:00:00,310,7.0,1.2,1016.6,16.1,16.2,1.3,1.2,1.1,6.0,7.0,7.0,1016.4,1016.3,1017.5,1.2666666666666668,0.057735026918962595,1.2,0.08944271909999164,6.666666666666667,0.5773502691896258,6.833333333333333,0.40824829046386296,-0.8999999999999773,0.3000000000000682,-0.7660444431189781,0.6427876096865393,0.9659258262890683,0.25881904510252074,1.1,6.0
2026-07-24 06:00:00,300,6.0,1.1,1016.9,16.1,16.1,1.2,1.3,1.1,7.0,7.0,7.0,1016.6,1016.4,1017.1,1.2000000000000002,0.09999999999999992,1.2,0.08944271909999164,6.333333333333333,0.5773502691896258,6.666666666666667,0.5163977794943221,-0.20000000000004547,0.5,-0.8660254037844386,0.5000000000000001,1.0,6.123233995736766e-17,1.1,7.0
2026-07-24 07:00:00,300,6.0,1.1,1016.7,16.1,16.1,1.1,1.3,1.1,6.0,6.0,7.0,1016.9,1016.4,1016.7,1.1333333333333335,0.057735026918962276,1.2,0.08944271909999164,6.333333333333333,0.5773502691896258,6.5,0.5477225575051659,0.0,0.3000000000000682,-0.8660254037844386,0.5000000000000001,0.9659258262890683,-0.25881904510252063,1.1,7.0
2026-07-24 08:00:00,300,6.0,1.1,1016.6,16.1,16.1,1.1,1.2,1.2,6.0,7.0,7.0,1016.7,1016.6,1016.3,1.1,0.0,1.1833333333333333,0.09831920802501755,6.0,0.0,6.333333333333333,0.5163977794943221,0.3000000000000682,0.0,-0.8660254037844386,0.5000000000000001,0.8660254037844387,-0.4999999999999998,1.2,9.0
2026-07-24 09:00:00,300,7.0,1.1,1016.4,16.1,16.1,1.1,1.1,1.3,6.0,6.0,7.0,1016.6,1016.9,1016.4,1.1,0.0,1.1500000000000001,0.08366600265340755,6.333333333333333,0.5773502691896258,6.333333333333333,0.5163977794943221,0.0,-0.5,-0.8660254037844386,0.5000000000000001,0.7071067811865476,-0.7071067811865475,1.3,9.0
2026-07-24 10:00:00,310,7.0,1.1,1015.8,16.1,16.1,1.1,1.1,1.3,7.0,6.0,6.0,1016.4,1016.7,1016.4,1.1,0.0,1.1166666666666667,0.040824829046386166,6.666666666666667,0.5773502691896258,6.5,0.5477225575051659,-0.6000000000000227,-0.900000000000091,-0.7660444431189781,0.6427876096865393,0.49999999999999994,-0.8660254037844387,1.2,8.0
2026-07-24 11:00:00,310,9.0,1.2,1015.6,15.9,16.1,1.1,1.1,1.2,7.0,6.0,7.0,1015.8,1016.6,1016.6,1.1333333333333335,0.05773502691896253,1.1166666666666667,0.040824829046386256,7.666666666666667,1.1547005383792515,6.833333333333333,1.1690451944500118,-1.0,-1.0,-0.7660444431189781,0.6427876096865393,0.258819045102521,-0.9659258262890682,1.2,8.0
2026-07-24 12:00:00,300,9.0,1.3,1015.4,15.9,16.1,1.2,1.1,1.1,9.0,7.0,6.0,1015.6,1016.4,1016.9,1.2000000000000002,0.10000000000000007,1.1500000000000001,0.0836660026534075,8.333333333333334,1.1547005383792512,7.333333333333333,1.366260102127946,-1.5,-1.0,-0.8660254037844386,0.5000000000000001,1.2246467991473532e-16,-1.0,1.3,9.0
2026-07-24 13:00:00,310,8.0,1.2,1015.5,15.9,16.1,1.3,1.1,1.1,9.0,7.0,6.0,1015.4,1015.8,1016.7,1.2333333333333334,0.05773502691896285,1.1666666666666667,0.08164965809277254,8.666666666666666,0.5773502691896255,7.666666666666667,1.211060141638996,-1.2000000000000455,-0.2999999999999545,-0.7660444431189781,0.6427876096865393,-0.2588190451025208,-0.9659258262890683,1.4,9.0
2026-07-24 14:00:00,300,8.0,1.2,1015.8,15.9,16.1,1.2,1.2,1.1,8.0,9.0,6.0,1015.5,1015.6,1016.6,1.2333333333333334,0.05773502691896285,1.1833333333333333,0.07527726527090801,8.333333333333334,0.5773502691896255,8.0,0.8944271909999146,-0.8000000000000682,0.1999999999999318,-0.8660254037844386,0.5000000000000001,-0.4999999999999997,-0.8660254037844388,1.3,8.0
2026-07-24 15:00:00,300,9.0,1.3,1016.2,15.7,16.0,1.2,1.3,1.1,8.0,9.0,7.0,1015.8,1015.4,1016.4,1.2333333333333334,0.057735026918962595,1.2166666666666668,0.07527726527090796,8.333333333333334,0.5773502691896255,8.333333333333334,0.816496580927725,-0.1999999999999318,0.8000000000000682,-0.8660254037844386,0.5000000000000001,-0.7071067811865471,-0.7071067811865479,1.2,7.0
2026-07-24 16:00:00,300,9.0,1.4,1016.7,15.7,15.8,1.3,1.2,1.1,9.0,8.0,7.0,1016.2,1015.5,1015.8,1.3,0.09999999999999992,1.2666666666666666,0.08164965809277235,8.666666666666666,0.5773502691896255,8.666666666666666,0.516397779494322,0.900000000000091,1.2000000000000455,-0.8660254037844386,0.5000000000000001,-0.8660254037844385,-0.5000000000000004,1.2,5.0
2026-07-24 17:00:00,300,8.0,1.3,1017.1,15.8,15.7,1.4,1.2,1.2,9.0,8.0,9.0,1016.7,1015.8,1015.6,1.3333333333333333,0.05773502691896235,1.2833333333333332,0.07527726527090776,8.666666666666666,0.5773502691896255,8.5,0.5477225575051651,1.5,1.3000000000000682,-0.8660254037844386,0.5000000000000001,-0.9659258262890683,-0.25881904510252063,1.1,6.0
2026-07-24 18:00:00,300,7.0,1.2,1017.2,15.8,15.6,1.3,1.3,1.3,8.0,9.0,9.0,1017.1,1016.2,1015.4,1.3,0.09999999999999992,1.2666666666666666,0.08164965809277239,8.0,0.9999999999999998,8.166666666666666,0.7527726527090797,1.8000000000000682,1.0,-0.8660254037844386,0.5000000000000001,-1.0,-1.8369701987210297e-16,1.0,6.0
2026-07-24 19:00:00,310,5.0,1.2,1017.3,15.8,15.6,1.2,1.4,1.2,7.0,9.0,8.0,1017.2,1016.7,1015.5,1.2333333333333334,0.057735026918962595,1.2666666666666666,0.08164965809277239,6.666666666666667,1.5275252316519468,7.666666666666667,1.5055453054181611,1.7999999999999545,0.599999999999909,-0.7660444431189781,0.6427876096865393,-0.9659258262890684,0.2588190451025203,1.1,6.0
2026-07-24 20:00:00,310,6.0,1.1,1017.2,15.9,15.5,1.2,1.3,1.2,5.0,8.0,8.0,1017.3,1017.1,1015.8,1.1666666666666667,0.05773502691896253,1.25,0.10488088481701505,6.0,1.0000000000000002,7.333333333333333,1.6329931618554512,1.400000000000091,0.10000000000002274,-0.7660444431189781,0.6427876096865393,-0.8660254037844386,0.5000000000000001,1.0,7.0
2026-07-24 21:00:00,310,6.0,1.0,1017.0,16.1,15.5,1.1,1.2,1.3,6.0,7.0,9.0,1017.2,1017.2,1016.2,1.1000000000000003,0.10000000000000007,1.2,0.1414213562373096,5.666666666666667,0.5773502691896261,6.833333333333333,1.4719601443879733,0.7999999999999545,-0.20000000000004547,-0.7660444431189781,0.6427876096865393,-0.7071067811865477,0.7071067811865474,0.9,6.0
2026-07-24 22:00:00,300,6.0,1.1,1016.6,16.2,15.6,1.0,1.2,1.4,6.0,5.0,9.0,1017.0,1017.3,1016.7,1.0666666666666669,0.057735026918962866,1.1500000000000001,0.10488088481701555,6.0,0.0,6.333333333333333,1.0327955589886428,-0.10000000000002274,-0.6999999999999318,-0.8660254037844386,0.5000000000000001,-0.5000000000000004,0.8660254037844384,0.9,6.0
2026-07-24 23:00:00,300,7.0,1.0,1016.1,16.2,15.5,1.1,1.1,1.3,6.0,6.0,8.0,1016.6,1017.2,1017.1,1.0333333333333334,0.05773502691896298,1.0999999999999999,0.08944271909999245,6.333333333333333,0.5773502691896258,6.166666666666667,0.7527726527090784,-1.0,-1.1000000000000227,-0.8660254037844386,0.5000000000000001,-0.25881904510252157,0.9659258262890681,1.0,6.0
2026-07-25 00:00:00,290,6.0,0.9,1015.9,16.2,15.3,1.0,1.0,1.2,7.0,6.0,7.0,1016.1,1017.0,1017.2,1.0000000000000002,0.10000000000000034,1.05,0.10488088481701624,6.333333333333333,0.5773502691896258,6.0,0.6324555320336729,-1.3000000000000682,-1.1000000000000227,-0.9396926207859083,0.342020143325669,0.0,1.0,1.0,7.0
2026-07-25 01:00:00,300,6.0,0.9,1015.7,16.3,15.4,0.9,1.1,1.2,6.0,6.0,5.0,1015.9,1016.6,1017.3,0.9333333333333336,0.05773502691896342,1.0,0.08944271909999336,6.333333333333333,0.5773502691896258,6.166666666666667,0.4082482904638584,-1.599999999999909,-0.8999999999999773,-0.8660254037844386,0.5000000000000001,0.25881904510252074,0.9659258262890683,1.0,6.0
2026-07-25 02:00:00,300,6.0,1.0,1015.5,16.3,15.4,0.9,1.0,1.1,6.0,7.0,6.0,1015.7,1016.1,1017.2,0.9333333333333336,0.05773502691896256,0.9833333333333334,0.07527726527091036,6.0,0.0,6.166666666666667,0.4082482904638584,-1.7000000000000455,-0.6000000000000227,-0.8660254037844386,0.5000000000000001,0.49999999999999994,0.8660254037844387,1.0,6.0
2026-07-25 03:00:00,300,7.0,1.0,1015.6,16.1,15.3,1.0,0.9,1.0,6.0,6.0,6.0,1015.5,1015.9,1017.0,0.9666666666666668,0.05773502691896258,0.9833333333333334,0.07527726527091036,6.333333333333333,0.5773502691896258,6.333333333333333,0.5163977794943185,-1.3999999999999773,-0.2999999999999545,-0.8660254037844386,0.5000000000000001,0.7071067811865476,0.7071067811865476,1.2,7.0
2026-07-25 04:00:00,300,6.0,1.0,1015.6,15.8,15.2,1.0,0.9,1.1,7.0,6.0,6.0,1015.6,1015.7,1016.6,1.0,0.0,0.9666666666666667,0.051639777949435715,6.333333333333333,0.5773502691896258,6.333333333333333,0.5163977794943185,-1.0,-0.10000000000002274,-0.8660254037844386,0.5000000000000001,0.8660254037844386,0.5000000000000001,1.4,7.0
2026-07-25 05:00:00,300,6.0,1.0,1015.8,15.7,15.1,1.0,1.0,1.0,6.0,6.0,7.0,1015.6,1015.5,1016.1,1.0,0.0,0.9666666666666667,0.051639777949435715,6.333333333333333,0.5773502691896258,6.166666666666667,0.4082482904638587,-0.3000000000000682,0.2999999999999545,-0.8660254037844386,0.5000000000000001,0.9659258262890683,0.25881904510252074,1.3,7.0
2026-07-25 06:00:00,300,7.0,1.2,1015.8,15.6,15.1,1.0,1.0,0.9,6.0,7.0,6.0,1015.8,1015.6,1015.9,1.0666666666666667,0.11547005383792512,1.0166666666666666,0.09831920802501898,6.333333333333333,0.5773502691896258,6.333333333333333,0.5163977794943185,-0.10000000000002274,0.1999999999999318,-0.8660254037844386,0.5000000000000001,1.0,6.123233995736766e-17,1.5,7.0
2026-07-25 07:00:00,300,7.0,1.4,1016.0,15.6,15.1,1.2,1.0,0.9,7.0,6.0,6.0,1015.8,1015.6,1015.7,1.2,0.19999999999999993,1.0999999999999999,0.1673320053068156,6.666666666666667,0.5773502691896258,6.5,0.5477225575051624,0.2999999999999545,0.39999999999997726,-0.8660254037844386,0.5000000000000001,0.9659258262890683,-0.25881904510252063,1.3,7.0
2026-07-25 08:00:00,300,7.0,1.3,1016.0,15.6,15.3,1.4,1.0,1.0,7.0,6.0,6.0,1016.0,1015.8,1015.5,1.3,0.09999999999999996,1.1500000000000001,0.17606816861659041,7.0,0.0,6.666666666666667,0.5163977794943185,0.5,0.20000000000004547,-0.8660254037844386,0.5000000000000001,0.8660254037844387,-0.4999999999999998,1.3,7.0
2026-07-25 09:00:00,300,7.0,1.5,1016.1,15.6,15.3,1.3,1.2,1.0,7.0,7.0,7.0,1016.0,1015.8,1015.6,1.4000000000000001,0.10000000000000028,1.2333333333333334,0.20655911179772904,7.0,0.0,6.666666666666667,0.5163977794943185,0.5,0.3000000000000682,-0.8660254037844386,0.5000000000000001,0.7071067811865476,-0.7071067811865475,1.2,7.0
2026-07-25 10:00:00,300,7.0,1.3,1015.9,15.5,15.3,1.5,1.4,1.0,7.0,7.0,6.0,1016.1,1016.0,1015.6,1.366666666666667,0.11547005383792522,1.2833333333333334,0.17224014243685093,7.0,0.0,6.833333333333333,0.4082482904638587,0.2999999999999545,-0.10000000000002274,-0.8660254037844386,0.5000000000000001,0.49999999999999994,-0.8660254037844387,1.2,7.0
2026-07-25 11:00:00,300,7.0,1.3,1015.8,15.5,15.1,1.3,1.3,1.0,7.0,7.0,6.0,1015.9,1016.0,1015.8,1.366666666666667,0.11547005383792522,1.3333333333333333,0.1032795558988644,7.0,0.0,7.0,0.0,0.0,-0.20000000000004547,-0.8660254037844386,0.5000000000000001,0.258819045102521,-0.9659258262890682,1.2,7.0
2026-07-25 12:00:00,300,7.0,1.2,1015.8,15.4,15.0,1.3,1.5,1.2,7.0,7.0,7.0,1015.8,1016.1,1015.8,1.2666666666666668,0.057735026918962595,1.3333333333333333,0.1032795558988644,7.0,0.0,7.0,0.0,0.0,-0.3000000000000682,-0.8660254037844386,0.5000000000000001,1.2246467991473532e-16,-1.0,1.1,6.0
2026-07-25 13:00:00,300,7.0,1.2,1016.1,15.4,14.9,1.2,1.3,1.4,7.0,7.0,7.0,1015.8,1015.9,1016.0,1.2333333333333334,0.057735026918962595,1.3,0.10954451150103327,7.0,0.0,7.0,0.0,0.10000000000002274,0.20000000000004547,-0.8660254037844386,0.5000000000000001,-0.2588190451025208,-0.9659258262890683,1.1,5.0
2026-07-25 14:00:00,300,7.0,1.2,1016.7,15.4,15.0,1.2,1.3,1.3,7.0,7.0,7.0,1016.1,1015.8,1016.0,1.2,0.0,1.2833333333333332,0.11690451944500133,7.0,0.0,7.0,0.0,0.7000000000000455,0.900000000000091,-0.8660254037844386,0.5000000000000001,-0.4999999999999997,-0.8660254037844388,1.1,5.0
2026-07-25 15:00:00,300,6.0,1.1,1017.0,15.5,15.1,1.2,1.2,1.5,7.0,7.0,7.0,1016.7,1015.8,1016.1,1.1666666666666667,0.05773502691896253,1.2166666666666666,0.0752772652709086,6.666666666666667,0.5773502691896258,6.833333333333333,0.40824829046386296,0.8999999999999773,1.2000000000000455,-0.8660254037844386,0.5000000000000001,-0.7071067811865471,-0.7071067811865479,1.1,5.0
2026-07-25 16:00:00,300,5.0,1.1,1017.8,15.6,15.1,1.1,1.2,1.3,6.0,7.0,7.0,1017.0,1016.1,1015.9,1.1333333333333335,0.05773502691896261,1.1833333333333333,0.07527726527090874,6.0,1.0,6.5,0.8366600265340755,1.8999999999999773,1.6999999999999318,-0.8660254037844386,0.5000000000000001,-0.8660254037844385,-0.5000000000000004,1.0,4.0
2026-07-25 17:00:00,310,5.0,1.1,1018.3,15.7,15.2,1.1,1.2,1.3,5.0,7.0,7.0,1017.8,1016.7,1015.8,1.1,0.0,1.1500000000000001,0.05477225575051765,5.333333333333333,0.5773502691896258,6.166666666666667,0.9831920802501751,2.5,1.599999999999909,-0.7660444431189781,0.6427876096865393,-0.9659258262890683,-0.25881904510252063,1.0,5.0
2026-07-25 18:00:00,300,5.0,1.1,1018.5,15.8,15.3,1.1,1.1,1.2,5.0,6.0,7.0,1018.3,1017.0,1015.8,1.1,0.0,1.1333333333333335,0.05163977794943345,5.0,0.0,5.833333333333333,0.9831920802501751,2.7000000000000455,1.5,-0.8660254037844386,0.5000000000000001,-1.0,-1.8369701987210297e-16,1.1,6.0
2026-07-25 19:00:00,300,4.0,1.0,1018.8,15.8,15.4,1.1,1.1,1.2,5.0,5.0,7.0,1018.5,1017.8,1016.1,1.0666666666666669,0.057735026918962595,1.0999999999999999,0.06324555320336889,4.666666666666667,0.5773502691896258,5.333333333333333,1.0327955589886444,2.699999999999932,1.0,-0.8660254037844386,0.5000000000000001,-0.9659258262890684,0.2588190451025203,1.1,6.0
2026-07-25 20:00:00,300,5.0,1.0,1018.7,15.9,15.5,1.0,1.1,1.2,4.0,5.0,7.0,1018.8,1018.3,1016.7,1.0333333333333334,0.057735026918962484,1.0666666666666667,0.05163977794943431,4.666666666666667,0.5773502691896258,5.0,0.6324555320336755,2.0,0.40000000000009095,-0.8660254037844386,0.5000000000000001,-0.8660254037844386,0.5000000000000001,1.0,6.0
2026-07-25 21:00:00,300,6.0,1.1,1018.5,16.0,15.5,1.0,1.1,1.1,5.0,5.0,6.0,1018.7,1018.5,1017.0,1.0333333333333334,0.057735026918962595,1.0666666666666667,0.05163977794943431,5.0,1.0,5.0,0.6324555320336755,1.5,0.0,-0.8660254037844386,0.5000000000000001,-0.7071067811865477,0.7071067811865474,0.9,7.0
2026-07-25 22:00:00,300,6.0,1.1,1018.4,16.1,15.6,1.1,1.0,1.1,6.0,4.0,5.0,1018.5,1018.8,1017.8,1.0666666666666669,0.057735026918962484,1.0666666666666667,0.05163977794943431,5.666666666666667,0.5773502691896258,5.166666666666667,0.7527726527090807,0.6000000000000227,-0.39999999999997726,-0.8660254037844386,0.5000000000000001,-0.5000000000000004,0.8660254037844384,1.0,7.0
2026-07-25 23:00:00,290,6.0,1.0,1017.9,16.3,15.7,1.1,1.0,1.1,6.0,5.0,5.0,1018.4,1018.7,1018.3,1.0666666666666669,0.057735026918962595,1.05,0.0547722557505188,6.0,0.0,5.333333333333333,0.8164965809277257,-0.39999999999997726,-0.8000000000000682,-0.9396926207859083,0.342020143325669,-0.25881904510252157,0.9659258262890681,0.9,8.0
2026-07-26 00:00:00,290,7.0,0.9,1017.2,16.4,15.7,1.0,1.1,1.1,6.0,6.0,5.0,1017.9,1018.5,1018.5,1.0000000000000002,0.09999999999999987,1.0166666666666668,0.07527726527091008,6.333333333333333,0.5773502691896258,5.666666666666667,1.0327955589886442,-1.2999999999999545,-1.2999999999999545,-0.9396926207859083,0.342020143325669,0.0,1.0,0.9,7.0
2026-07-26 01:00:00,290,7.0,1.0,1016.9,16.4,15.7,0.9,1.1,1.0,7.0,6.0,4.0,1017.2,1018.4,1018.8,0.9666666666666668,0.05773502691896215,1.0166666666666666,0.07527726527091008,6.666666666666667,0.5773502691896258,6.166666666666667,0.7527726527090804,-1.8999999999999773,-1.5,-0.9396926207859083,0.342020143325669,0.25881904510252074,0.9659258262890683,0.9,8.0
2026-07-26 02:00:00,300,8.0,0.9,1016.6,16.4,15.6,1.0,1.0,1.0,7.0,6.0,5.0,1016.9,1017.9,1018.7,0.9333333333333335,0.05773502691896198,1.0,0.0894427190999934,7.333333333333333,0.5773502691896258,6.666666666666667,0.8164965809277253,-2.1000000000000227,-1.2999999999999545,-0.8660254037844386,0.5000000000000001,0.49999999999999994,0.8660254037844387,1.0,7.0
2026-07-26 03:00:00,300,7.0,0.9,1016.7,16.3,15.5,0.9,0.9,1.1,8.0,7.0,6.0,1016.6,1017.2,1018.5,0.9333333333333336,0.05773502691896198,0.9666666666666667,0.08164965809277488,7.333333333333333,0.5773502691896258,6.833333333333333,0.75277265270908,-1.7999999999999545,-0.5,-0.8660254037844386,0.5000000000000001,0.7071067811865476,0.7071067811865476,1.1,7.0
2026-07-26 04:00:00,300,8.0,0.9,1016.8,16.2,15.5,0.9,1.0,1.1,7.0,7.0,6.0,1016.7,1016.9,1018.4,0.9,0.0,0.9333333333333332,0.0516397779494363,7.666666666666667,0.5773502691896258,7.166666666666667,0.7527726527090796,-1.6000000000000227,-0.10000000000002274,-0.8660254037844386,0.5000000000000001,0.8660254037844386,0.5000000000000001,1.3,7.0
2026-07-26 05:00:00,300,7.0,1.0,1017.1,16.1,15.6,0.9,0.9,1.0,8.0,8.0,6.0,1016.8,1016.6,1017.9,0.9333333333333336,0.05773502691896256,0.9333333333333332,0.0516397779494363,7.333333333333333,0.5773502691896258,7.333333333333333,0.5163977794943196,-0.7999999999999545,0.5,-0.8660254037844386,0.5000000000000001,0.9659258262890683,0.25881904510252074,1.5,6.0
2026-07-26 06:00:00,300,7.0,1.1,1017.3,16.1,15.6,1.0,0.9,0.9,7.0,7.0,7.0,1017.1,1016.7,1017.2,1.0000000000000002,0.10000000000000006,0.9666666666666668,0.08164965809277488,7.333333333333333,0.5773502691896258,7.333333333333333,0.5163977794943196,0.09999999999990905,0.599999999999909,-0.8660254037844386,0.5000000000000001,1.0,6.123233995736766e-17,1.6,8.0
2026-07-26 07:00:00,300,7.0,1.3,1017.3,16.1,15.6,1.1,0.9,1.0,7.0,8.0,7.0,1017.3,1016.8,1016.9,1.1333333333333335,0.15275252316519475,1.0166666666666668,0.1602081978759731,7.0,0.0,7.333333333333333,0.5163977794943196,0.39999999999997726,0.5,-0.8660254037844386,0.5000000000000001,0.9659258262890683,-0.25881904510252063,1.6,8.0
2026-07-26 08:00:00,310,6.0,1.5,1017.2,16.0,15.4,1.3,1.0,0.9,7.0,7.0,8.0,1017.3,1017.1,1016.6,1.3000000000000003,0.20000000000000007,1.1166666666666667,0.24013884872437188,6.666666666666667,0.5773502691896258,7.0,0.6324555320336743,0.6000000000000227,0.10000000000002274,-0.7660444431189781,0.6427876096865393,0.8660254037844387,-0.4999999999999998,1.5,8.0
2026-07-26 09:00:00,310,8.0,1.6,1017.3,15.9,15.5,1.5,1.1,0.9,6.0,7.0,7.0,1017.2,1017.3,1016.7,1.4666666666666668,0.15275252316519494,1.2333333333333334,0.2804757862395016,7.0,1.0,7.166666666666667,0.7527726527090794,0.599999999999909,0.0,-0.7660444431189781,0.6427876096865393,0.7071067811865476,-0.7071067811865475,1.5,8.0
2026-07-26 10:00:00,310,8.0,1.6,1017.1,15.8,15.5,1.6,1.3,0.9,8.0,7.0,8.0,1017.3,1017.3,1016.8,1.566666666666667,0.05773502691896368,1.3499999999999999,0.25884358211089514,7.333333333333333,1.1547005383792517,7.166666666666667,0.7527726527090794,0.3000000000000682,-0.1999999999999318,-0.7660444431189781,0.6427876096865393,0.49999999999999994,-0.8660254037844387,1.6,9.0
2026-07-26 11:00:00,310,8.0,1.5,1017.3,15.7,15.4,1.6,1.5,1.0,8.0,6.0,7.0,1017.1,1017.2,1017.1,1.566666666666667,0.057735026918962595,1.4333333333333333,0.19663841605003396,8.0,0.0,7.333333333333333,0.8164965809277244,0.1999999999999318,0.09999999999990905,-0.7660444431189781,0.6427876096865393,0.258819045102521,-0.9659258262890682,1.5,9.0
2026-07-26 12:00:00,310,8.0,1.5,1017.2,15.8,15.4,1.5,1.6,1.1,8.0,8.0,7.0,1017.3,1017.3,1017.3,1.5333333333333334,0.057735026918962484,1.5,0.10954451150103087,8.0,0.0,7.5,0.8366600265340739,-0.09999999999990905,-0.09999999999990905,-0.7660444431189781,0.6427876096865393,1.2246467991473532e-16,-1.0,1.5,8.0
2026-07-26 13:00:00,310,9.0,1.6,1017.4,15.8,15.5,1.5,1.6,1.3,8.0,8.0,7.0,1017.2,1017.1,1017.3,1.5333333333333339,0.057735026918962595,1.55,0.054772255750511256,8.333333333333334,0.5773502691896255,7.833333333333333,0.9831920802501737,0.10000000000002274,0.2999999999999545,-0.7660444431189781,0.6427876096865393,-0.2588190451025208,-0.9659258262890683,1.5,7.0
2026-07-26 14:00:00,310,9.0,1.5,1017.8,15.7,15.6,1.6,1.5,1.5,9.0,8.0,6.0,1017.4,1017.3,1017.2,1.5333333333333339,0.057735026918962595,1.55,0.054772255750511256,8.666666666666666,0.5773502691896255,8.333333333333334,0.5163977794943203,0.599999999999909,0.5,-0.7660444431189781,0.6427876096865393,-0.4999999999999997,-0.8660254037844388,1.5,6.0
2026-07-26 15:00:00,310,8.0,1.5,1018.4,15.7,15.6,1.5,1.5,1.6,9.0,8.0,8.0,1017.8,1017.2,1017.3,1.5333333333333339,0.057735026918962595,1.5333333333333334,0.05163977794942682,8.666666666666666,0.5773502691896255,8.333333333333334,0.5163977794943203,1.1000000000000227,1.1999999999999318,-0.7660444431189781,0.6427876096865393,-0.7071067811865471,-0.7071067811865479,1.4,6.0
2026-07-26 16:00:00,310,7.0,1.5,1018.7,15.7,15.6,1.5,1.6,1.6,8.0,9.0,8.0,1018.4,1017.4,1017.1,1.5,0.0,1.5166666666666666,0.04082482904637981,8.0,0.9999999999999998,8.166666666666666,0.7527726527090794,1.6000000000000227,1.3000000000000682,-0.7660444431189781,0.6427876096865393,-0.8660254037844385,-0.5000000000000004,1.3,5.0
2026-07-26 17:00:00,310,6.0,1.5,1019.0,15.7,15.7,1.5,1.5,1.5,7.0,9.0,8.0,1018.7,1017.8,1017.3,1.5,0.0,1.5166666666666666,0.04082482904637981,7.0,0.9999999999999998,7.833333333333333,1.169045194450011,1.7000000000000455,1.2000000000000455,-0.7660444431189781,0.6427876096865393,-0.9659258262890683,-0.25881904510252063,1.3,4.0
2026-07-26 18:00:00,310,6.0,1.4,1019.1,15.8,15.7,1.5,1.5,1.5,6.0,8.0,8.0,1019.0,1018.4,1017.2,1.4666666666666668,0.057735026918962595,1.5,0.06324555320336364,6.333333333333333,0.5773502691896253,7.5,1.3784048752090212,1.8999999999999773,0.7000000000000455,-0.7660444431189781,0.6427876096865393,-1.0,-1.8369701987210297e-16,1.2,5.0
2026-07-26 19:00:00,310,5.0,1.3,1019.5,16.0,15.8,1.4,1.5,1.6,6.0,7.0,9.0,1019.1,1018.7,1017.4,1.4000000000000001,0.09999999999999985,1.45,0.08366600265340503,5.666666666666667,0.5773502691896258,6.833333333333333,1.4719601443879737,2.1000000000000227,0.7999999999999545,-0.7660444431189781,0.6427876096865393,-0.9659258262890684,0.2588190451025203,1.0,5.0
2026-07-26 20:00:00,300,4.0,1.3,1019.7,16.2,15.9,1.3,1.5,1.5,5.0,6.0,9.0,1019.5,1019.0,1017.8,1.3333333333333333,0.05773502691896215,1.4166666666666667,0.09831920802501562,5.0,1.0,6.0,1.4142135623730945,1.900000000000091,0.7000000000000455,-0.8660254037844386,0.5000000000000001,-0.8660254037844386,0.5000000000000001,1.0,5.0
2026-07-26 21:00:00,300,5.0,1.2,1019.4,16.3,16.1,1.3,1.4,1.5,4.0,6.0,8.0,1019.7,1019.1,1018.4,1.2666666666666668,0.057735026918962595,1.3666666666666665,0.1211060141638985,4.666666666666667,0.5773502691896258,5.5,1.0488088481701507,1.0,0.2999999999999545,-0.8660254037844386,0.5000000000000001,-0.7071067811865477,0.7071067811865474,1.0,6.0
2026-07-26 22:00:00,290,5.0,1.0,1019.1,16.4,16.2,1.2,1.3,1.5,5.0,5.0,7.0,1019.4,1019.5,1018.7,1.166666666666667,0.1527525231651947,1.2833333333333334,0.17224014243685037,4.666666666666667,0.5773502691896258,5.166666666666667,0.7527726527090798,0.39999999999997726,-0.39999999999997726,-0.9396926207859083,0.342020143325669,-0.5000000000000004,0.8660254037844384,1.0,6.0
2026-07-26 23:00:00,290,5.0,1.0,1018.8,16.5,16.3,1.0,1.3,1.5,5.0,4.0,6.0,1019.1,1019.7,1019.0,1.066666666666667,0.11547005383792522,1.2,0.167332005306815,5.0,0.0,5.0,0.6324555320336744,-0.20000000000004547,-0.900000000000091,-0.9396926207859083,0.342020143325669,-0.25881904510252157,0.9659258262890681,1.0,7.0
2026-07-27 00:00:00,300,6.0,1.0,1018.3,16.5,16.4,1.0,1.2,1.4,5.0,5.0,6.0,1018.8,1019.4,1019.1,1.0,0.0,1.1333333333333333,0.15055453054181642,5.333333333333333,0.5773502691896258,5.0,0.6324555320336744,-0.8000000000000682,-1.1000000000000227,-0.8660254037844386,0.5000000000000001,0.0,1.0,1.1,7.0
2026-07-27 01:00:00,300,6.0,1.0,1018.2,16.5,16.4,1.0,1.0,1.3,6.0,5.0,5.0,1018.3,1019.1,1019.5,1.0,0.0,1.0833333333333333,0.1329160135825131,5.666666666666667,0.5773502691896258,5.166666666666667,0.7527726527090798,-1.2999999999999545,-0.8999999999999773,-0.8660254037844386,0.5000000000000001,0.25881904510252074,0.9659258262890683,1.2,7.0
2026-07-27 02:00:00,310,7.0,1.0,1018.0,16.5,16.6,1.0,1.0,1.3,6.0,5.0,4.0,1018.2,1018.8,1019.7,1.0,0.0,1.0333333333333334,0.08164965809277386,6.333333333333333,0.5773502691896258,5.666666666666667,0.8164965809277247,-1.7000000000000455,-0.7999999999999545,-0.7660444431189781,0.6427876096865393,0.49999999999999994,0.8660254037844387,1.1,8.0
2026-07-27 03:00:00,300,7.0,1.1,1018.0,16.2,16.7,1.0,1.0,1.2,7.0,6.0,5.0,1018.0,1018.3,1019.4,1.0333333333333334,0.057735026918962595,1.0166666666666666,0.04082482904638635,6.666666666666667,0.5773502691896258,6.0,0.8944271909999143,-1.3999999999999773,-0.2999999999999545,-0.8660254037844386,0.5000000000000001,0.7071067811865476,0.7071067811865476,1.2,8.0
2026-07-27 04:00:00,300,7.0,1.2,1018.2,16.1,16.3,1.1,1.0,1.0,7.0,6.0,5.0,1018.0,1018.2,1019.1,1.1000000000000003,0.09999999999999985,1.05,0.08366600265340755,7.0,0.0,6.333333333333333,0.8164965809277239,-0.8999999999999773,0.0,-0.8660254037844386,0.5000000000000001,0.8660254037844386,0.5000000000000001,1.4,7.0
2026-07-27 05:00:00,300,8.0,1.1,1018.4,16.0,16.1,1.2,1.0,1.0,7.0,7.0,5.0,1018.2,1018.0,1018.8,1.1333333333333335,0.057735026918962234,1.0666666666666667,0.0816496580927726,7.333333333333333,0.5773502691896258,6.833333333333333,0.7527726527090783,-0.39999999999997726,0.39999999999997726,-0.8660254037844386,0.5000000000000001,0.9659258262890683,0.25881904510252074,1.5,7.0
2026-07-27 06:00:00,300,8.0,1.2,1018.5,15.8,15.9,1.1,1.1,1.0,8.0,7.0,6.0,1018.4,1018.0,1018.3,1.166666666666667,0.05773502691896204,1.0999999999999999,0.08944271909999155,7.666666666666667,0.5773502691896258,7.166666666666667,0.7527726527090778,0.20000000000004547,0.5,-0.8660254037844386,0.5000000000000001,1.0,6.123233995736766e-17,1.5,7.0
2026-07-27 07:00:00,300,7.0,1.4,1018.3,15.8,15.9,1.2,1.2,1.0,8.0,7.0,6.0,1018.5,1018.2,1018.2,1.2333333333333334,0.15275252316519425,1.1666666666666667,0.13662601021279452,7.666666666666667,0.5773502691896258,7.333333333333333,0.5163977794943171,0.09999999999990905,0.09999999999990905,-0.8660254037844386,0.5000000000000001,0.9659258262890683,-0.25881904510252063,1.5,8.0
2026-07-27 08:00:00,310,7.0,1.5,1018.1,15.7,15.9,1.4,1.1,1.0,7.0,8.0,7.0,1018.3,1018.4,1018.0,1.366666666666667,0.152752523165194,1.25,0.16431676725154964,7.333333333333333,0.5773502691896258,7.333333333333333,0.5163977794943171,0.10000000000002274,-0.2999999999999545,-0.7660444431189781,0.6427876096865393,0.8660254037844387,-0.4999999999999998,1.4,7.0
2026-07-27 09:00:00,310,7.0,1.5,1017.8,15.5,15.8,1.5,1.2,1.1,7.0,8.0,7.0,1018.1,1018.5,1018.0,1.4666666666666668,0.057735026918960035,1.3166666666666667,0.1722401424368506,7.0,0.0,7.333333333333333,0.5163977794943171,-0.20000000000004547,-0.7000000000000455,-0.7660444431189781,0.6427876096865393,0.7071067811865476,-0.7071067811865475,1.4,8.0
2026-07-27 10:00:00,300,8.0,1.5,1017.5,15.5,15.7,1.5,1.4,1.2,7.0,7.0,7.0,1017.8,1018.3,1018.2,1.5,0.0,1.3666666666666665,0.1751190071541823,7.333333333333333,0.5773502691896258,7.5,0.5477225575051612,-0.7000000000000455,-0.7999999999999545,-0.8660254037844386,0.5000000000000001,0.49999999999999994,-0.8660254037844387,1.5,8.0
2026-07-27 11:00:00,310,7.0,1.4,1017.4,15.4,15.6,1.5,1.5,1.1,8.0,7.0,8.0,1017.5,1018.1,1018.4,1.4666666666666668,0.057735026918962595,1.4166666666666667,0.11690451944500063,7.333333333333333,0.5773502691896258,7.333333333333333,0.5163977794943171,-1.0,-0.7000000000000455,-0.7660444431189781,0.6427876096865393,0.258819045102521,-0.9659258262890682,1.4,7.0
2026-07-27 12:00:00,310,8.0,1.4,1017.5,15.3,15.5,1.4,1.5,1.2,7.0,7.0,8.0,1017.4,1017.8,1018.5,1.4333333333333336,0.057735026918962484,1.45,0.05477225575051515,7.666666666666667,0.5773502691896258,7.333333333333333,0.5163977794943171,-1.0,-0.2999999999999545,-0.7660444431189781,0.6427876096865393,1.2246467991473532e-16,-1.0,1.6,7.0
2026-07-27 13:00:00,310,8.0,1.5,1017.6,15.2,15.5,1.4,1.5,1.4,8.0,8.0,7.0,1017.5,1017.5,1018.3,1.4333333333333336,0.057735026918962595,1.4666666666666668,0.05163977794943052,7.666666666666667,0.5773502691896258,7.5,0.5477225575051612,-0.6999999999999318,0.10000000000002274,-0.7660444431189781,0.6427876096865393,-0.2588190451025208,-0.9659258262890683,1.5,6.0
2026-07-27 14:00:00,310,7.0,1.4,1018.3,15.1,15.4,1.5,1.4,1.5,8.0,7.0,7.0,1017.6,1017.4,1018.1,1.4333333333333336,0.057735026918962595,1.45,0.05477225575051515,7.666666666666667,0.5773502691896258,7.5,0.5477225575051612,0.1999999999999318,0.8999999999999773,-0.7660444431189781,0.6427876096865393,-0.4999999999999997,-0.8660254037844388,1.4,6.0
2026-07-27 15:00:00,310,7.0,1.6,1018.6,15.1,15.3,1.4,1.4,1.5,7.0,8.0,7.0,1018.3,1017.5,1017.8,1.5000000000000002,0.09999999999999991,1.4666666666666668,0.08164965809277158,7.333333333333333,0.5773502691896258,7.5,0.5477225575051612,0.8000000000000682,1.1000000000000227,-0.7660444431189781,0.6427876096865393,-0.7071067811865471,-0.7071067811865479,1.4,6.0
2026-07-27 16:00:00,300,6.0,1.5,1018.8,15.3,15.3,1.6,1.5,1.5,7.0,8.0,8.0,1018.6,1017.6,1017.5,1.5000000000000002,0.09999999999999991,1.4666666666666668,0.08164965809277158,6.666666666666667,0.5773502691896258,7.166666666666667,0.7527726527090776,1.2999999999999545,1.1999999999999318,-0.8660254037844386,0.5000000000000001,-0.8660254037844385,-0.5000000000000004,1.5,5.0
2026-07-27 17:00:00,290,6.0,1.4,1018.8,15.5,15.4,1.5,1.4,1.4,6.0,7.0,7.0,1018.8,1018.3,1017.4,1.5000000000000002,0.09999999999999991,1.4666666666666666,0.08164965809277158,6.333333333333333,0.5773502691896258,7.0,0.894427190999913,1.3999999999999773,0.5,-0.9396926207859083,0.342020143325669,-0.9659258262890683,-0.25881904510252063,1.3,6.0
2026-07-27 18:00:00,290,6.0,1.4,1018.7,15.5,15.4,1.4,1.6,1.4,6.0,7.0,8.0,1018.8,1018.6,1017.5,1.4333333333333336,0.057735026918962595,1.4666666666666668,0.08164965809277158,6.0,0.0,6.666666666666667,0.8164965809277228,1.2000000000000455,0.10000000000002274,-0.9396926207859083,0.342020143325669,-1.0,-1.8369701987210297e-16,1.2,7.0
2026-07-27 19:00:00,290,5.0,1.5,1018.8,15.5,15.1,1.4,1.5,1.5,6.0,6.0,8.0,1018.7,1018.8,1017.6,1.4333333333333336,0.057735026918962595,1.4666666666666668,0.08164965809277158,5.666666666666667,0.5773502691896258,6.166666666666667,0.7527726527090771,1.1999999999999318,0.0,-0.9396926207859083,0.342020143325669,-0.9659258262890684,0.2588190451025203,1.1,6.0
2026-07-27 20:00:00,290,6.0,1.3,1019.1,15.6,15.0,1.5,1.4,1.4,5.0,6.0,7.0,1018.8,1018.8,1018.3,1.4000000000000004,0.10000000000000005,1.45,0.10488088481701441,5.666666666666667,0.5773502691896258,6.0,0.632455532033671,0.8000000000000682,0.3000000000000682,-0.9396926207859083,0.342020143325669,-0.8660254037844386,0.5000000000000001,1.1,6.0
2026-07-27 21:00:00,290,7.0,1.2,1018.8,15.7,15.1,1.3,1.4,1.6,6.0,6.0,7.0,1019.1,1018.7,1018.6,1.3333333333333337,0.15275252316519483,1.3833333333333335,0.11690451944500078,6.0,1.0,6.0,0.632455532033671,0.1999999999999318,0.09999999999990905,-0.9396926207859083,0.342020143325669,-0.7071067811865477,0.7071067811865474,1.1,7.0
2026-07-27 22:00:00,290,6.0,1.1,1018.7,15.8,15.3,1.2,1.5,1.5,7.0,5.0,6.0,1018.8,1018.8,1018.8,1.2000000000000002,0.10000000000000052,1.3166666666666667,0.14719601443879732,6.333333333333333,0.5773502691896258,6.0,0.632455532033671,-0.09999999999990905,-0.09999999999990905,-0.9396926207859083,0.342020143325669,-0.5000000000000004,0.8660254037844384,1.1,7.0
2026-07-27 23:00:00,290,6.0,1.1,1018.2,15.9,15.4,1.1,1.3,1.4,6.0,6.0,6.0,1018.7,1019.1,1018.8,1.1333333333333337,0.05773502691896375,1.2666666666666666,0.16329931618554522,6.333333333333333,0.5773502691896258,6.0,0.632455532033671,-0.599999999999909,-0.8999999999999773,-0.9396926207859083,0.342020143325669,-0.25881904510252157,0.9659258262890681,1.1,7.0
2026-07-28 00:00:00,300,7.0,1.1,1017.7,16.0,15.4,1.1,1.2,1.4,6.0,7.0,6.0,1018.2,1018.8,1018.7,1.1,0.0,1.2166666666666668,0.16020819787597237,6.333333333333333,0.5773502691896258,6.166666666666667,0.7527726527090771,-1.0,-1.099999999999909,-0.8660254037844386,0.5000000000000001,0.0,1.0,1.2,8.0
2026-07-28 01:00:00,300,7.0,1.1,1017.3,16.0,15.3,1.1,1.1,1.5,7.0,6.0,5.0,1017.7,1018.7,1018.8,1.1,0.0,1.1500000000000001,0.08366600265340814,6.666666666666667,0.5773502691896258,6.5,0.547722557505161,-1.5,-1.400000000000091,-0.8660254037844386,0.5000000000000001,0.25881904510252074,0.9659258262890683,1.4,8.0
2026-07-28 02:00:00,300,7.0,1.1,1016.9,15.9,15.3,1.1,1.1,1.3,7.0,6.0,6.0,1017.3,1018.2,1019.1,1.1,0.0,1.116666666666667,0.040824829046387755,7.0,0.0,6.666666666666667,0.516397779494317,-2.2000000000000455,-1.3000000000000682,-0.8660254037844386,0.5000000000000001,0.49999999999999994,0.8660254037844387,1.4,7.0
2026-07-28 03:00:00,300,8.0,1.2,1016.4,15.8,15.2,1.1,1.1,1.2,7.0,7.0,7.0,1016.9,1017.7,1018.8,1.1333333333333335,0.05773502691896253,1.1166666666666667,0.040824829046386256,7.333333333333333,0.5773502691896258,6.833333333333333,0.7527726527090774,-2.3999999999999773,-1.3000000000000682,-0.8660254037844386,0.5000000000000001,0.7071067811865476,0.7071067811865476,1.5,8.0
2026-07-28 04:00:00,300,8.0,1.4,1016.4,15.7,15.2,1.2,1.1,1.1,8.0,7.0,6.0,1016.4,1017.3,1018.7,1.2333333333333336,0.1527525231651947,1.1666666666666667,0.12110601416389957,7.666666666666667,0.5773502691896258,7.166666666666667,0.7527726527090774,-2.300000000000068,-0.8999999999999773,-0.8660254037844386,0.5000000000000001,0.8660254037844386,0.5000000000000001,1.6,10.0
2026-07-28 05:00:00,310,7.0,1.4,1016.6,15.6,15.1,1.4,1.1,1.1,8.0,7.0,6.0,1016.4,1016.9,1018.2,1.3333333333333333,0.1154700538379254,1.2166666666666666,0.1471960144387973,7.666666666666667,0.5773502691896258,7.333333333333333,0.516397779494317,-1.6000000000000227,-0.2999999999999545,-0.7660444431189781,0.6427876096865393,0.9659258262890683,0.25881904510252074,1.6,9.0
2026-07-28 06:00:00,290,8.0,1.5,1016.5,15.5,15.1,1.4,1.2,1.1,7.0,8.0,7.0,1016.6,1016.4,1017.7,1.4333333333333336,0.057735026918962595,1.2833333333333332,0.17224014243685068,7.666666666666667,0.5773502691896258,7.5,0.547722557505161,-1.2000000000000455,0.10000000000002274,-0.9396926207859083,0.342020143325669,1.0,6.123233995736766e-17,1.6,8.0
2026-07-28 07:00:00,290,10.0,1.6,1016.1,15.5,15.0,1.5,1.4,1.1,8.0,8.0,7.0,1016.5,1016.4,1017.3,1.5000000000000002,0.09999999999999991,1.3666666666666665,0.18618986725025238,8.333333333333334,1.5275252316519465,8.0,1.0954451150103297,-1.1999999999999318,-0.2999999999999545,-0.9396926207859083,0.342020143325669,0.9659258262890683,-0.25881904510252063,1.5,8.0
2026-07-28 08:00:00,290,9.0,1.6,1015.9,15.4,14.8,1.6,1.4,1.1,10.0,7.0,7.0,1016.1,1016.6,1016.9,1.566666666666667,0.057735026918962006,1.4500000000000002,0.1516575088810309,9.0,0.9999999999999996,8.333333333333334,1.0327955589886422,-1.0,-0.7000000000000455,-0.9396926207859083,0.342020143325669,0.8660254037844387,-0.4999999999999998,1.6,9.0
2026-07-28 09:00:00,290,8.0,1.6,1015.7,15.3,14.6,1.6,1.5,1.2,9.0,8.0,8.0,1015.9,1016.5,1016.4,1.6,0.0,1.5166666666666666,0.09831920802501735,9.0,0.9999999999999996,8.333333333333334,1.0327955589886422,-0.6999999999999318,-0.7999999999999545,-0.9396926207859083,0.342020143325669,0.7071067811865476,-0.7071067811865475,1.6,9.0
2026-07-28 10:00:00,300,8.0,1.5,1015.9,15.4,14.4,1.6,1.6,1.4,8.0,10.0,8.0,1015.7,1016.1,1016.4,1.566666666666667,0.057735026918962595,1.5333333333333332,0.08164965809277241,8.333333333333334,0.5773502691896252,8.333333333333334,1.0327955589886422,-0.5,-0.20000000000004547,-0.8660254037844386,0.5000000000000001,0.49999999999999994,-0.8660254037844387,1.6,9.0
2026-07-28 11:00:00,300,9.0,1.6,1015.8,15.2,14.5,1.5,1.6,1.4,8.0,9.0,7.0,1015.9,1015.9,1016.6,1.566666666666667,0.057735026918962595,1.5666666666666667,0.05163977794943182,8.333333333333334,0.5773502691896255,8.666666666666666,0.8164965809277239,-0.8000000000000682,-0.10000000000002274,-0.8660254037844386,0.5000000000000001,0.258819045102521,-0.9659258262890682,1.8,9.0
2026-07-28 12:00:00,300,9.0,1.6,1015.6,15.3,14.7,1.6,1.6,1.5,9.0,8.0,8.0,1015.8,1015.7,1016.5,1.566666666666667,0.057735026918962595,1.5833333333333333,0.04082482904638579,8.666666666666666,0.5773502691896255,8.833333333333334,0.7527726527090793,-0.8999999999999773,-0.10000000000002274,-0.8660254037844386,0.5000000000000001,1.2246467991473532e-16,-1.0,1.8,8.0
2026-07-28 13:00:00,300,9.0,1.6,1015.6,15.3,14.6,1.6,1.5,1.6,9.0,8.0,10.0,1015.6,1015.9,1016.1,1.6,0.0,1.5833333333333333,0.04082482904638579,9.0,0.0,8.666666666666666,0.5163977794943185,-0.5,-0.2999999999999545,-0.8660254037844386,0.5000000000000001,-0.2588190451025208,-0.9659258262890683,1.8,8.0
2026-07-28 14:00:00,310,9.0,1.8,1015.8,15.2,14.6,1.6,1.6,1.6,9.0,9.0,9.0,1015.6,1015.8,1015.9,1.666666666666667,0.11547005383792512,1.616666666666667,0.0983192080250173,9.0,0.0,8.666666666666666,0.5163977794943185,-0.10000000000002274,0.0,-0.7660444431189781,0.6427876096865393,-0.4999999999999997,-0.8660254037844388,1.9,8.0
2026-07-28 15:00:00,310,8.0,1.8,1016.0,15.1,14.5,1.8,1.6,1.6,9.0,9.0,8.0,1015.8,1015.6,1015.7,1.7333333333333336,0.1154700538379251,1.6500000000000001,0.1224744871391587,8.666666666666666,0.5773502691896255,8.666666666666666,0.5163977794943185,0.2999999999999545,0.39999999999997726,-0.7660444431189781,0.6427876096865393,-0.7071067811865471,-0.7071067811865479,2.0,8.0
2026-07-28 16:00:00,310,8.0,1.8,1016.1,15.0,14.5,1.8,1.6,1.5,8.0,9.0,8.0,1016.0,1015.6,1015.9,1.8,0.0,1.7000000000000002,0.10954451150103293,8.333333333333334,0.5773502691896255,8.666666666666666,0.5163977794943185,0.20000000000004547,0.5,-0.7660444431189781,0.6427876096865393,-0.8660254037844385,-0.5000000000000004,2.1,8.0
2026-07-28 17:00:00,300,8.0,1.9,1016.4,15.0,14.5,1.8,1.8,1.6,8.0,9.0,9.0,1016.1,1015.8,1015.8,1.8333333333333337,0.05773502691896253,1.75,0.12247448713915854,8.0,0.0,8.5,0.5477225575051619,0.6000000000000227,0.6000000000000227,-0.8660254037844386,0.5000000000000001,-0.9659258262890683,-0.25881904510252063,2.0,8.0
2026-07-28 18:00:00,300,8.0,2.0,1016.6,15.0,14.4,1.9,1.8,1.6,8.0,8.0,9.0,1016.4,1016.0,1015.6,1.9000000000000004,0.10000000000000007,1.8166666666666667,0.13291601358251212,8.0,0.0,8.333333333333334,0.5163977794943172,1.0,0.6000000000000227,-0.8660254037844386,0.5000000000000001,-1.0,-1.8369701987210297e-16,2.0,7.0
2026-07-28 19:00:00,300,8.0,2.1,1016.6,15.1,14.4,2.0,1.8,1.6,8.0,8.0,9.0,1016.6,1016.1,1015.6,2.0,0.10000000000000041,1.9000000000000001,0.12649110640673455,8.0,0.0,8.166666666666666,0.4082482904638563,1.0,0.5,-0.8660254037844386,0.5000000000000001,-0.9659258262890684,0.2588190451025203,1.8,7.0
2026-07-28 20:00:00,300,8.0,2.0,1016.3,15.2,14.4,2.1,1.9,1.8,8.0,8.0,9.0,1016.6,1016.4,1015.8,2.033333333333333,0.05773502691896336,1.9333333333333333,0.12110601416389892,8.0,0.0,8.0,0.0,0.5,-0.10000000000002274,-0.8660254037844386,0.5000000000000001,-0.8660254037844386,0.5000000000000001,1.7,6.0
2026-07-28 21:00:00,300,7.0,2.0,1016.1,15.2,14.4,2.0,2.0,1.8,8.0,8.0,8.0,1016.3,1016.6,1016.0,2.033333333333333,0.05773502691896336,1.9666666666666668,0.10327955589886352,7.666666666666667,0.5773502691896258,7.833333333333333,0.40824829046386296,0.10000000000002274,-0.5,-0.8660254037844386,0.5000000000000001,-0.7071067811865477,0.7071067811865474,1.5,7.0
2026-07-28 22:00:00,300,7.0,1.8,1015.7,15.2,14.4,2.0,2.1,1.8,7.0,8.0,8.0,1016.1,1016.6,1016.1,1.9333333333333336,0.11547005383792512,1.9666666666666668,0.10327955589886352,7.333333333333333,0.5773502691896258,7.666666666666667,0.5163977794943221,-0.39999999999997726,-0.8999999999999773,-0.8660254037844386,0.5000000000000001,-0.5000000000000004,0.8660254037844384,1.6,6.0
2026-07-28 23:00:00,290,6.0,1.7,1015.5,15.3,14.5,1.8,2.0,1.9,7.0,8.0,8.0,1015.7,1016.3,1016.4,1.8333333333333333,0.1527525231651946,1.9333333333333333,0.15055453054181564,6.666666666666667,0.5773502691896258,7.333333333333333,0.8164965809277258,-0.8999999999999773,-0.7999999999999545,-0.9396926207859083,0.342020143325669,-0.25881904510252157,0.9659258262890681,1.7,6.0
2026-07-29 00:00:00,300,7.0,1.5,1014.9,15.4,14.5,1.7,2.0,2.0,6.0,7.0,8.0,1015.5,1016.1,1016.6,1.6666666666666667,0.1527525231651946,1.8499999999999999,0.22583179581272406,6.666666666666667,0.5773502691896258,7.166666666666667,0.7527726527090807,-1.7000000000000455,-1.2000000000000455,-0.8660254037844386,0.5000000000000001,0.0,1.0,1.7,5.0
2026-07-29 01:00:00,300,6.0,1.6,1014.5,15.5,14.6,1.5,1.8,2.1,7.0,7.0,8.0,1014.9,1015.7,1016.6,1.6000000000000003,0.09999999999999995,1.7666666666666666,0.2065591117977287,6.333333333333333,0.5773502691896258,6.833333333333333,0.7527726527090801,-2.1000000000000227,-1.2000000000000455,-0.8660254037844386,0.5000000000000001,0.25881904510252074,0.9659258262890683,1.7,6.0
2026-07-29 02:00:00,300,6.0,1.7,1014.1,15.4,14.7,1.6,1.7,2.0,6.0,6.0,8.0,1014.5,1015.5,1016.3,1.6000000000000003,0.09999999999999995,1.7166666666666668,0.17224014243685068,6.333333333333333,0.5773502691896258,6.5,0.5477225575051642,-2.199999999999932,-1.3999999999999773,-0.8660254037844386,0.5000000000000001,0.49999999999999994,0.8660254037844387,1.9,6.0
2026-07-29 03:00:00,300,5.0,1.7,1013.8,15.4,14.8,1.7,1.5,2.0,6.0,7.0,7.0,1014.1,1014.9,1016.1,1.6666666666666667,0.05773502691896232,1.6666666666666667,0.10327955589886423,5.666666666666667,0.5773502691896258,6.166666666666667,0.7527726527090789,-2.300000000000068,-1.1000000000000227,-0.8660254037844386,0.5000000000000001,0.7071067811865476,0.7071067811865476,2.1,6.0
2026-07-29 04:00:00,300,6.0,1.7,1013.9,15.4,14.8,1.7,1.6,1.8,5.0,6.0,7.0,1013.8,1014.5,1015.7,1.7,0.0,1.6499999999999997,0.08366600265340729,5.666666666666667,0.5773502691896258,6.0,0.632455532033673,-1.8000000000000682,-0.6000000000000227,-0.8660254037844386,0.5000000000000001,0.8660254037844386,0.5000000000000001,2.1,5.0
2026-07-29 05:00:00,300,6.0,1.9,1013.9,15.4,14.8,1.7,1.7,1.7,6.0,6.0,6.0,1013.9,1014.1,1015.5,1.7666666666666666,0.11547005383792512,1.6833333333333333,0.13291601358251237,5.666666666666667,0.5773502691896258,6.0,0.632455532033673,-1.6000000000000227,-0.20000000000004547,-0.8660254037844386,0.5000000000000001,0.9659258262890683,0.25881904510252074,2.1,5.0
2026-07-29 06:00:00,310,6.0,2.1,1014.0,15.4,14.8,1.9,1.7,1.5,6.0,5.0,7.0,1013.9,1013.8,1014.9,1.9000000000000004,0.20000000000000012,1.7833333333333332,0.1834847859269717,6.0,0.0,5.833333333333333,0.4082482904638577,-0.8999999999999773,0.20000000000004547,-0.7660444431189781,0.6427876096865393,1.0,6.123233995736766e-17,1.9,5.0
2026-07-29 07:00:00,310,5.0,2.1,1014.0,15.4,14.9,2.1,1.7,1.6,6.0,6.0,6.0,1014.0,1013.9,1014.5,2.0333333333333337,0.11547005383792543,1.866666666666667,0.19663841605003504,5.666666666666667,0.5773502691896258,5.666666666666667,0.5163977794943178,-0.5,0.10000000000002274,-0.7660444431189781,0.6427876096865393,0.9659258262890683,-0.25881904510252063,2.0,8.0
2026-07-29 08:00:00,300,5.0,2.1,1013.8,15.3,14.9,2.1,1.9,1.7,5.0,6.0,6.0,1014.0,1013.9,1014.1,2.1,0.0,1.9333333333333333,0.19663841605003515,5.333333333333333,0.5773502691896258,5.5,0.5477225575051617,-0.3000000000000682,-0.10000000000002274,-0.8660254037844386,0.5000000000000001,0.8660254037844387,-0.4999999999999998,1.9,7.0
2026-07-29 09:00:00,310,5.0,1.9,1013.3,15.2,14.9,2.1,2.1,1.7,5.0,6.0,5.0,1013.8,1014.0,1013.8,2.0333333333333337,0.11547005383792519,1.9666666666666668,0.1632993161855454,5.0,0.0,5.5,0.5477225575051617,-0.5,-0.7000000000000455,-0.7660444431189781,0.6427876096865393,0.7071067811865476,-0.7071067811865475,1.9,7.0
2026-07-29 10:00:00,310,8.0,2.0,1013.2,15.1,14.9,1.9,2.1,1.7,5.0,5.0,6.0,1013.3,1014.0,1013.9,2.0,0.09999999999999994,2.016666666666667,0.09831920802501803,6.0,1.7320508075688772,5.833333333333333,1.1690451944500098,-0.6999999999999318,-0.7999999999999545,-0.7660444431189781,0.6427876096865393,0.49999999999999994,-0.8660254037844387,1.8,8.0
2026-07-29 11:00:00,300,7.0,1.9,1013.1,15.1,14.9,2.0,2.1,1.9,8.0,5.0,6.0,1013.2,1013.8,1013.9,1.9333333333333336,0.05773502691896206,2.016666666666667,0.09831920802501803,6.666666666666667,1.5275252316519465,6.0,1.2649110640673495,-0.7999999999999545,-0.6999999999999318,-0.8660254037844386,0.5000000000000001,0.258819045102521,-0.9659258262890682,1.8,8.0
2026-07-29 12:00:00,310,7.0,1.9,1013.1,15.0,14.9,1.9,1.9,2.1,7.0,5.0,6.0,1013.1,1013.3,1014.0,1.9333333333333336,0.05773502691896206,1.9833333333333332,0.09831920802501781,7.333333333333333,0.577350269189625,6.166666666666667,1.3291601358251235,-0.8999999999999773,-0.1999999999999318,-0.7660444431189781,0.6427876096865393,1.2246467991473532e-16,-1.0,1.9,8.0
2026-07-29 13:00:00,310,8.0,1.8,1013.1,14.9,14.8,1.9,2.0,2.1,7.0,8.0,5.0,1013.1,1013.2,1014.0,1.866666666666667,0.05773502691896253,1.9333333333333333,0.10327955589886435,7.333333333333333,0.5773502691896258,6.666666666666667,1.3662601021279437,-0.8999999999999773,-0.10000000000002274,-0.7660444431189781,0.6427876096865393,-0.2588190451025208,-0.9659258262890683,2.0,8.0
2026-07-29 14:00:00,310,8.0,1.8,1013.4,14.6,14.8,1.8,1.9,2.1,8.0,7.0,5.0,1013.1,1013.1,1013.8,1.8333333333333333,0.05773502691896261,1.8833333333333335,0.07527726527090739,7.666666666666667,0.5773502691896258,7.166666666666667,1.1690451944500082,-0.39999999999997726,0.2999999999999545,-0.7660444431189781,0.6427876096865393,-0.4999999999999997,-0.8660254037844388,1.9,8.0
2026-07-29 15:00:00,310,8.0,1.9,1013.9,14.5,14.8,1.8,1.9,1.9,8.0,7.0,5.0,1013.4,1013.1,1013.3,1.8333333333333333,0.05773502691896253,1.883333333333333,0.07527726527090739,8.0,0.0,7.666666666666667,0.5163977794943121,0.6000000000000227,0.7999999999999545,-0.7660444431189781,0.6427876096865393,-0.7071067811865471,-0.7071067811865479,2.0,8.0
2026-07-29 16:00:00,310,8.0,2.0,1014.3,14.5,14.7,1.9,1.8,2.0,8.0,8.0,8.0,1013.9,1013.1,1013.2,1.9000000000000004,0.10000000000000007,1.883333333333333,0.07527726527090739,8.0,0.0,7.666666666666667,0.5163977794943121,1.099999999999909,1.1999999999999318,-0.7660444431189781,0.6427876096865393,-0.8660254037844385,-0.5000000000000004,2.0,7.0
2026-07-29 17:00:00,310,8.0,1.9,1014.8,14.6,14.8,2.0,1.8,1.9,8.0,8.0,7.0,1014.3,1013.4,1013.1,1.9333333333333336,0.057735026918962866,1.883333333333333,0.07527726527090739,8.0,0.0,7.833333333333333,0.4082482904638496,1.6999999999999318,1.3999999999999773,-0.7660444431189781,0.6427876096865393,-0.9659258262890683,-0.25881904510252063,2.1,7.0
2026-07-29 18:00:00,310,8.0,2.0,1014.9,14.7,14.9,1.9,1.9,1.9,8.0,8.0,7.0,1014.8,1013.9,1013.1,1.9666666666666668,0.05773502691896298,1.9000000000000001,0.08944271909999112,8.0,0.0,8.0,0.0,1.7999999999999545,1.0,-0.7660444431189781,0.6427876096865393,-1.0,-1.8369701987210297e-16,2.0,6.0
2026-07-29 19:00:00,300,7.0,2.0,1015.0,14.9,14.9,2.0,2.0,1.8,8.0,8.0,8.0,1014.9,1014.3,1013.1,1.9666666666666668,0.05773502691896298,1.9333333333333333,0.0816496580927724,7.666666666666667,0.5773502691896258,7.833333333333333,0.40824829046386296,1.8999999999999773,0.7000000000000455,-0.8660254037844386,0.5000000000000001,-0.9659258262890684,0.2588190451025203,1.9,5.0
2026-07-29 20:00:00,300,7.0,2.1,1015.0,15.0,15.0,2.0,1.9,1.8,7.0,8.0,8.0,1015.0,1014.8,1013.4,2.033333333333333,0.05773502691896269,1.9833333333333334,0.07527726527090842,7.333333333333333,0.5773502691896258,7.666666666666667,0.5163977794943221,1.6000000000000227,0.20000000000004547,-0.8660254037844386,0.5000000000000001,-0.8660254037844386,0.5000000000000001,1.9,5.0
2026-07-29 21:00:00,290,6.0,2.0,1014.8,15.2,15.1,2.1,2.0,1.9,7.0,8.0,8.0,1015.0,1014.9,1013.9,2.033333333333333,0.05773502691896269,2.0,0.06324555320336812,6.666666666666667,0.5773502691896258,7.333333333333333,0.8164965809277258,0.8999999999999773,-0.10000000000002274,-0.9396926207859083,0.342020143325669,-0.7071067811865477,0.7071067811865474,2.0,5.0
2026-07-29 22:00:00,290,5.0,1.9,1014.8,15.3,15.1,2.0,2.0,2.0,6.0,7.0,8.0,1014.8,1015.0,1014.3,2.0,0.10000000000000003,1.9833333333333334,0.07527726527090847,6.0,1.0,6.833333333333333,1.1690451944500118,0.5,-0.20000000000004547,-0.9396926207859083,0.342020143325669,-0.5000000000000004,0.8660254037844384,1.8,6.0
2026-07-29 23:00:00,290,5.0,1.9,1014.5,15.3,15.3,1.9,2.1,1.9,5.0,7.0,8.0,1014.8,1015.0,1014.8,1.9333333333333336,0.057735026918962214,1.9833333333333334,0.07527726527090847,5.333333333333333,0.5773502691896258,6.333333333333333,1.2110601416389961,-0.2999999999999545,-0.5,-0.9396926207859083,0.342020143325669,-0.25881904510252157,0.9659258262890681,2.0,6.0
2026-07-30 00:00:00,290,5.0,2.0,1014.1,15.4,15.4,1.9,2.0,2.0,5.0,6.0,8.0,1014.5,1014.8,1014.9,1.9333333333333336,0.057735026918962595,1.9833333333333334,0.07527726527090847,5.0,0.0,5.833333333333333,0.9831920802501743,-0.7999999999999545,-0.6999999999999318,-0.9396926207859083,0.342020143325669,0.0,1.0,2.0,6.0
2026-07-30 01:00:00,300,6.0,1.8,1013.7,15.5,15.5,2.0,1.9,2.0,5.0,5.0,7.0,1014.1,1014.8,1015.0,1.9000000000000001,0.10000000000000005,1.95,0.10488088481701528,5.333333333333333,0.5773502691896258,5.666666666666667,0.816496580927725,-1.2999999999999545,-1.099999999999909,-0.8660254037844386,0.5000000000000001,0.25881904510252074,0.9659258262890683,2.1,5.0
2026-07-30 02:00:00,300,6.0,2.0,1013.4,15.5,15.5,1.8,1.9,2.1,6.0,5.0,7.0,1013.7,1014.5,1015.0,1.9333333333333336,0.1154700538379251,1.9333333333333336,0.08164965809277266,5.666666666666667,0.5773502691896258,5.5,0.5477225575051644,-1.6000000000000227,-1.1000000000000227,-0.8660254037844386,0.5000000000000001,0.49999999999999994,0.8660254037844387,2.1,5.0
2026-07-30 03:00:00,300,6.0,2.0,1013.2,15.3,15.4,2.0,2.0,2.0,6.0,5.0,6.0,1013.4,1014.1,1014.8,1.9333333333333336,0.1154700538379251,1.9333333333333336,0.08164965809277266,6.0,0.0,5.5,0.5477225575051644,-1.599999999999909,-0.8999999999999773,-0.8660254037844386,0.5000000000000001,0.7071067811865476,0.7071067811865476,2.0,5.0
2026-07-30 04:00:00,300,5.0,2.1,1013.6,15.3,15.3,2.0,1.8,1.9,6.0,6.0,5.0,1013.2,1013.7,1014.8,2.0333333333333337,0.05773502691896269,1.9666666666666668,0.10327955589886462,5.666666666666667,0.5773502691896258,5.5,0.5477225575051644,-1.1999999999999318,-0.10000000000002274,-0.8660254037844386,0.5000000000000001,0.8660254037844386,0.5000000000000001,2.1,6.0
2026-07-30 05:00:00,310,5.0,2.1,1013.8,15.2,15.3,2.1,2.0,1.9,5.0,6.0,5.0,1013.6,1013.4,1014.5,2.066666666666667,0.05773502691896285,2.0,0.10954451150103353,5.333333333333333,0.5773502691896258,5.5,0.5477225575051644,-0.7000000000000455,0.39999999999997726,-0.7660444431189781,0.6427876096865393,0.9659258262890683,0.25881904510252074,2.0,7.0
2026-07-30 06:00:00,310,5.0,2.0,1014.4,15.2,15.3,2.1,2.0,2.0,5.0,6.0,5.0,1013.8,1013.2,1014.1,2.066666666666667,0.05773502691896269,2.0,0.10954451150103353,5.0,0.0,5.5,0.5477225575051644,0.2999999999999545,1.1999999999999318,-0.7660444431189781,0.6427876096865393,1.0,6.123233995736766e-17,2.0,6.0
2026-07-30 07:00:00,310,6.0,2.1,1014.5,15.2,15.3,2.0,2.1,1.8,5.0,5.0,6.0,1014.4,1013.6,1013.7,2.066666666666667,0.05773502691896269,2.0500000000000003,0.05477225575051767,5.333333333333333,0.5773502691896258,5.5,0.5477225575051644,0.7999999999999545,0.8999999999999773,-0.7660444431189781,0.6427876096865393,0.9659258262890683,-0.25881904510252063,2.0,6.0
2026-07-30 08:00:00,310,7.0,2.0,1014.6,15.2,15.3,2.1,2.1,2.0,6.0,5.0,6.0,1014.5,1013.8,1013.4,2.0333333333333337,0.05773502691896285,2.0500000000000003,0.05477225575051767,6.0,1.0,5.666666666666667,0.8164965809277248,1.2000000000000455,0.8000000000000682,-0.7660444431189781,0.6427876096865393,0.8660254037844387,-0.4999999999999998,2.0,5.0
2026-07-30 09:00:00,310,6.0,2.0,1014.5,15.1,15.3,2.0,2.0,2.0,7.0,5.0,6.0,1014.6,1014.4,1013.2,2.0333333333333337,0.05773502691896285,2.0500000000000003,0.05477225575051767,6.333333333333333,0.5773502691896258,5.666666666666667,0.8164965809277248,1.2999999999999545,0.10000000000002274,-0.7660444431189781,0.6427876096865393,0.7071067811865476,-0.7071067811865475,1.7,4.0
2026-07-30 10:00:00,310,6.0,2.0,1014.4,14.9,15.3,2.0,2.1,2.1,6.0,6.0,5.0,1014.5,1014.5,1013.6,2.0,0.0,2.033333333333333,0.05163977794943323,6.333333333333333,0.5773502691896258,5.833333333333333,0.7527726527090796,0.7999999999999545,-0.10000000000002274,-0.7660444431189781,0.6427876096865393,0.49999999999999994,-0.8660254037844387,1.9,5.0
2026-07-30 11:00:00,310,5.0,2.0,1014.5,14.9,15.3,2.0,2.0,2.1,6.0,7.0,5.0,1014.4,1014.6,1013.8,2.0,0.0,2.0166666666666666,0.04082482904638752,5.666666666666667,0.5773502691896258,5.833333333333333,0.7527726527090796,0.7000000000000455,-0.10000000000002274,-0.7660444431189781,0.6427876096865393,0.258819045102521,-0.9659258262890682,1.8,5.0
2026-07-30 12:00:00,300,4.0,1.7,1015.0,14.9,15.3,2.0,2.0,2.0,5.0,6.0,5.0,1014.5,1014.5,1014.4,1.9000000000000001,0.17320508075688773,1.9666666666666668,0.13662601021279505,5.0,1.0,5.666666666666667,1.0327955589886437,0.6000000000000227,0.5,-0.8660254037844386,0.5000000000000001,1.2246467991473532e-16,-1.0,1.7,5.0
2026-07-30 13:00:00,300,5.0,1.9,1015.0,14.8,15.3,1.7,2.0,2.1,4.0,6.0,6.0,1015.0,1014.4,1014.5,1.866666666666667,0.15275252316519464,1.9333333333333333,0.12110601416390016,4.666666666666667,0.5773502691896258,5.5,1.048808848170151,0.5,0.6000000000000227,-0.8660254037844386,0.5000000000000001,-0.2588190451025208,-0.9659258262890683,1.7,5.0
2026-07-30 14:00:00,310,5.0,1.8,1015.4,14.9,15.4,1.9,2.0,2.0,5.0,5.0,7.0,1015.0,1014.5,1014.6,1.8,0.09999999999999978,1.9000000000000001,0.12649110640673575,4.666666666666667,0.5773502691896258,5.166666666666667,0.7527726527090808,0.7999999999999545,0.8999999999999773,-0.7660444431189781,0.6427876096865393,-0.4999999999999997,-0.8660254037844388,1.7,4.0
2026-07-30 15:00:00,310,5.0,1.7,1015.9,14.9,15.4,1.8,1.7,2.0,5.0,4.0,6.0,1015.4,1015.0,1014.5,1.8,0.09999999999999978,1.8499999999999999,0.13784048752090286,5.0,0.0,5.0,0.632455532033676,1.3999999999999773,0.8999999999999773,-0.7660444431189781,0.6427876096865393,-0.7071067811865471,-0.7071067811865479,1.7,5.0
2026-07-30 16:00:00,320,5.0,1.7,1015.8,14.7,15.5,1.7,1.9,2.0,5.0,5.0,6.0,1015.9,1015.0,1014.4,1.7333333333333336,0.05773502691896203,1.8,0.12649110640673603,5.0,0.0,4.833333333333333,0.4082482904638642,1.3999999999999773,0.7999999999999545,-0.6427876096865396,0.7660444431189778,-0.8660254037844385,-0.5000000000000004,1.8,4.0
2026-07-30 17:00:00,310,4.0,1.7,1016.3,14.8,15.6,1.7,1.8,2.0,5.0,5.0,5.0,1015.8,1015.4,1014.5,1.7,0.0,1.75,0.083666002653409,4.666666666666667,0.5773502691896258,4.666666666666667,0.516397779494324,1.7999999999999545,0.8999999999999773,-0.7660444431189781,0.6427876096865393,-0.9659258262890683,-0.25881904510252063,1.7,6.0
2026-07-30 18:00:00,290,5.0,1.7,1016.7,14.9,15.8,1.7,1.7,1.7,4.0,5.0,4.0,1016.3,1015.9,1015.0,1.7,0.0,1.75,0.083666002653409,4.666666666666667,0.5773502691896258,4.833333333333333,0.4082482904638642,1.7000000000000455,0.8000000000000682,-0.9396926207859083,0.342020143325669,-1.0,-1.8369701987210297e-16,1.7,5.0
2026-07-30 19:00:00,290,4.0,1.8,1017.0,15.0,15.9,1.7,1.7,1.9,5.0,5.0,5.0,1016.7,1015.8,1015.0,1.7333333333333334,0.057735026918962595,1.7333333333333334,0.05163977794943474,4.333333333333333,0.5773502691896258,4.666666666666667,0.516397779494324,2.0,1.2000000000000455,-0.9396926207859083,0.342020143325669,-0.9659258262890684,0.2588190451025203,1.8,6.0
2026-07-30 20:00:00,300,6.0,1.7,1016.8,15.2,16.1,1.8,1.7,1.8,4.0,4.0,5.0,1017.0,1016.3,1015.4,1.7333333333333334,0.057735026918962595,1.7166666666666668,0.04082482904638947,5.0,1.0,4.833333333333333,0.7527726527090816,1.3999999999999773,0.5,-0.8660254037844386,0.5000000000000001,-0.8660254037844386,0.5000000000000001,1.6,6.0
2026-07-30 21:00:00,300,5.0,1.7,1016.8,15.4,16.2,1.7,1.7,1.7,6.0,5.0,5.0,1016.8,1016.7,1015.9,1.7333333333333334,0.057735026918962595,1.7166666666666668,0.04082482904638947,5.0,1.0,4.833333333333333,0.7527726527090816,0.8999999999999773,0.09999999999990905,-0.8660254037844386,0.5000000000000001,-0.7071067811865477,0.7071067811865474,1.6,6.0
2026-07-30 22:00:00,300,6.0,1.8,1016.8,15.5,16.2,1.7,1.8,1.7,5.0,4.0,5.0,1016.8,1017.0,1015.8,1.7333333333333336,0.057735026918962595,1.7333333333333332,0.05163977794943474,5.666666666666667,0.5773502691896258,5.0,0.894427190999916,1.0,-0.20000000000004547,-0.8660254037844386,0.5000000000000001,-0.5000000000000004,0.8660254037844384,1.5,6.0
2026-07-30 23:00:00,300,6.0,1.6,1016.6,15.6,16.2,1.8,1.7,1.7,6.0,6.0,4.0,1016.8,1016.8,1016.3,1.7000000000000002,0.09999999999999992,1.7166666666666668,0.0752772652709098,5.666666666666667,0.5773502691896258,5.333333333333333,0.8164965809277254,0.3000000000000682,-0.1999999999999318,-0.8660254037844386,0.5000000000000001,-0.25881904510252157,0.9659258262890681,1.5,5.0
2026-07-31 00:00:00,300,6.0,1.6,1016.6,15.8,16.3,1.6,1.7,1.7,6.0,5.0,5.0,1016.6,1016.8,1016.7,1.6666666666666667,0.11547005383792507,1.7000000000000002,0.08944271909999305,6.0,0.0,5.5,0.8366600265340745,-0.10000000000002274,-0.1999999999999318,-0.8660254037844386,0.5000000000000001,0.0,1.0,1.5,5.0
2026-07-31 01:00:00,300,6.0,1.5,1016.6,15.9,16.4,1.6,1.8,1.8,6.0,6.0,4.0,1016.6,1016.8,1017.0,1.566666666666667,0.057735026918962595,1.6500000000000001,0.10488088481701646,6.0,0.0,5.833333333333333,0.40824829046385896,-0.39999999999997726,-0.1999999999999318,-0.8660254037844386,0.5000000000000001,0.25881904510252074,0.9659258262890683,1.7,4.0
2026-07-31 02:00:00,290,5.0,1.5,1016.7,15.9,16.3,1.5,1.6,1.7,6.0,6.0,6.0,1016.6,1016.6,1016.8,1.5333333333333334,0.057735026918962484,1.6166666666666665,0.11690451944500242,5.666666666666667,0.5773502691896258,5.666666666666667,0.5163977794943199,-0.09999999999990905,0.10000000000002274,-0.9396926207859083,0.342020143325669,0.49999999999999994,0.8660254037844387,1.7,5.0
2026-07-31 03:00:00,290,5.0,1.5,1016.7,15.7,16.0,1.5,1.6,1.7,5.0,6.0,5.0,1016.7,1016.6,1016.8,1.5,0.0,1.5833333333333333,0.11690451944500245,5.333333333333333,0.5773502691896258,5.666666666666667,0.5163977794943199,-0.09999999999990905,0.10000000000002274,-0.9396926207859083,0.342020143325669,0.7071067811865476,0.7071067811865476,1.8,5.0
2026-07-31 04:00:00,290,4.0,1.7,1016.8,15.4,15.7,1.5,1.5,1.8,5.0,6.0,6.0,1016.7,1016.6,1016.8,1.5666666666666667,0.11547005383792512,1.5666666666666667,0.08164965809277437,4.666666666666667,0.5773502691896258,5.333333333333333,0.8164965809277255,0.0,0.1999999999999318,-0.9396926207859083,0.342020143325669,0.8660254037844386,0.5000000000000001,1.9,4.0
2026-07-31 05:00:00,300,5.0,1.7,1016.9,15.4,15.6,1.7,1.5,1.6,4.0,5.0,6.0,1016.8,1016.7,1016.6,1.6333333333333335,0.1154700538379251,1.5833333333333333,0.09831920802501892,4.666666666666667,0.5773502691896258,5.166666666666667,0.7527726527090811,0.2999999999999545,0.1999999999999318,-0.8660254037844386,0.5000000000000001,0.9659258262890683,0.25881904510252074,2.0,5.0
2026-07-31 06:00:00,300,5.0,1.8,1017.1,15.3,15.6,1.7,1.5,1.6,5.0,5.0,6.0,1016.9,1016.7,1016.6,1.7333333333333334,0.057735026918962595,1.6166666666666665,0.13291601358251362,4.666666666666667,0.5773502691896258,5.0,0.6324555320336767,0.5,0.39999999999997726,-0.8660254037844386,0.5000000000000001,1.0,6.123233995736766e-17,2.0,4.0
2026-07-31 07:00:00,310,4.0,1.9,1017.0,15.3,15.6,1.8,1.7,1.5,5.0,4.0,6.0,1017.1,1016.8,1016.6,1.8,0.09999999999999992,1.6833333333333333,0.160208197875973,4.666666666666667,0.5773502691896258,4.666666666666667,0.5163977794943247,0.39999999999997726,0.20000000000004547,-0.7660444431189781,0.6427876096865393,0.9659258262890683,-0.25881904510252063,1.9,5.0
2026-07-31 08:00:00,310,5.0,2.0,1017.0,15.2,15.5,1.9,1.7,1.5,4.0,5.0,5.0,1017.0,1016.9,1016.7,1.9000000000000001,0.09999999999999978,1.7666666666666666,0.17511900715418338,4.666666666666667,0.5773502691896258,4.666666666666667,0.5163977794943247,0.2999999999999545,0.10000000000002274,-0.7660444431189781,0.6427876096865393,0.8660254037844387,-0.4999999999999998,1.8,4.0
2026-07-31 09:00:00,300,4.0,2.0,1016.9,15.1,15.5,2.0,1.8,1.5,5.0,5.0,5.0,1017.0,1017.1,1016.7,1.9666666666666668,0.05773502691896203,1.8499999999999999,0.13784048752090325,4.333333333333333,0.5773502691896258,4.5,0.5477225575051692,0.1999999999999318,-0.20000000000004547,-0.8660254037844386,0.5000000000000001,0.7071067811865476,-0.7071067811865475,1.7,5.0
2026-07-31 10:00:00,300,5.0,1.9,1016.8,15.0,15.6,2.0,1.9,1.7,4.0,4.0,4.0,1016.9,1017.0,1016.8,1.9666666666666668,0.057735026918962595,1.8833333333333335,0.11690451944500245,4.666666666666667,0.5773502691896258,4.666666666666667,0.5163977794943247,0.0,-0.20000000000004547,-0.8660254037844386,0.5000000000000001,0.49999999999999994,-0.8660254037844387,1.6,5.0
2026-07-31 11:00:00,310,4.0,1.8,1016.8,14.9,15.7,1.9,2.0,1.7,5.0,5.0,5.0,1016.8,1017.0,1016.9,1.9000000000000001,0.09999999999999985,1.8999999999999997,0.08944271909999318,4.333333333333333,0.5773502691896258,4.5,0.5477225575051692,-0.10000000000002274,-0.20000000000004547,-0.7660444431189781,0.6427876096865393,0.258819045102521,-0.9659258262890682,1.5,5.0
2026-07-31 12:00:00,320,5.0,1.7,1016.8,14.9,15.8,1.8,2.0,1.8,4.0,4.0,5.0,1016.8,1016.9,1017.1,1.8,0.09999999999999971,1.8833333333333335,0.11690451944500245,4.666666666666667,0.5773502691896258,4.5,0.5477225575051692,-0.3000000000000682,-0.10000000000002274,-0.6427876096865396,0.7660444431189778,1.2246467991473532e-16,-1.0,1.5,5.0
2026-07-31 13:00:00,310,5.0,1.6,1016.3,14.7,15.5,1.7,1.9,1.9,5.0,5.0,4.0,1016.8,1016.8,1017.0,1.7000000000000002,0.09999999999999952,1.8333333333333333,0.16329931618554605,4.666666666666667,0.5773502691896258,4.666666666666667,0.5163977794943247,-0.7000000000000455,-0.5,-0.7660444431189781,0.6427876096865393,-0.2588190451025208,-0.9659258262890683,1.5,6.0
2026-07-31 14:00:00,310,5.0,1.5,1016.7,14.7,15.5,1.6,1.8,2.0,5.0,4.0,5.0,1016.3,1016.8,1017.0,1.6000000000000003,0.09999999999999938,1.75,0.18708286933869772,5.0,0.0,4.666666666666667,0.5163977794943247,-0.2999999999999545,-0.09999999999990905,-0.7660444431189781,0.6427876096865393,-0.4999999999999997,-0.8660254037844388,1.5,6.0
2026-07-31 15:00:00,310,5.0,1.5,1017.2,14.9,15.6,1.5,1.7,2.0,5.0,5.0,4.0,1016.7,1016.8,1016.9,1.5333333333333332,0.05773502691896134,1.6666666666666667,0.16329931618554583,5.0,0.0,4.833333333333333,0.4082482904638652,0.3000000000000682,0.40000000000009095,-0.7660444431189781,0.6427876096865393,-0.7071067811865471,-0.7071067811865479,1.7,6.0
2026-07-31 16:00:00,310,6.0,1.5,1017.6,15.1,15.7,1.5,1.6,1.9,5.0,5.0,5.0,1017.2,1016.3,1016.8,1.5,0.0,1.5999999999999999,0.12649110640673591,5.333333333333333,0.5773502691896258,5.0,0.6324555320336767,0.8000000000000682,1.3000000000000682,-0.7660444431189781,0.6427876096865393,-0.8660254037844385,-0.5000000000000004,1.6,7.0
2026-07-31 17:00:00,320,6.0,1.5,1017.7,15.3,15.7,1.5,1.5,1.8,6.0,5.0,4.0,1017.6,1016.7,1016.8,1.5,0.0,1.55,0.08366600265340857,5.666666666666667,0.5773502691896258,5.333333333333333,0.516397779494322,0.900000000000091,1.0,-0.6427876096865396,0.7660444431189778,-0.9659258262890683,-0.25881904510252063,1.6,8.0
2026-07-31 18:00:00,310,6.0,1.7,1018.0,15.2,15.7,1.5,1.5,1.7,6.0,5.0,5.0,1017.7,1017.2,1016.8,1.5666666666666667,0.11547005383792512,1.55,0.08366600265340857,6.0,0.0,5.5,0.5477225575051652,1.2000000000000455,0.7999999999999545,-0.7660444431189781,0.6427876096865393,-1.0,-1.8369701987210297e-16,1.6,7.0
2026-07-31 19:00:00,310,7.0,1.6,1018.1,15.2,15.8,1.7,1.5,1.6,6.0,6.0,5.0,1018.0,1017.6,1016.3,1.6000000000000003,0.09999999999999996,1.55,0.08366600265340857,6.333333333333333,0.5773502691896258,5.833333333333333,0.7527726527090792,1.8000000000000682,0.5,-0.7660444431189781,0.6427876096865393,-0.9659258262890684,0.2588190451025203,1.6,7.0
2026-07-31 20:00:00,310,8.0,1.6,1017.9,15.4,15.8,1.6,1.5,1.5,7.0,6.0,5.0,1018.1,1017.7,1016.7,1.6333333333333335,0.057735026918962415,1.5666666666666667,0.08164965809277368,7.0,1.0,6.333333333333333,1.0327955589886417,1.1999999999999318,0.1999999999999318,-0.7660444431189781,0.6427876096865393,-0.8660254037844386,0.5000000000000001,1.6,6.0
2026-07-31 21:00:00,310,7.0,1.6,1018.0,15.4,15.8,1.6,1.7,1.5,8.0,6.0,5.0,1017.9,1018.0,1017.2,1.6,0.0,1.5833333333333333,0.07527726527090935,7.333333333333333,0.5773502691896258,6.666666666666667,0.8164965809277214,0.7999999999999545,0.0,-0.7660444431189781,0.6427876096865393,-0.7071067811865477,0.7071067811865474,1.5,6.0
2026-07-31 22:00:00,310,7.0,1.6,1017.5,15.5,15.7,1.6,1.6,1.5,7.0,7.0,6.0,1018.0,1018.1,1017.6,1.6,0.0,1.5999999999999999,0.06324555320336916,7.333333333333333,0.5773502691896258,6.833333333333333,0.7527726527090751,-0.10000000000002274,-0.6000000000000227,-0.7660444431189781,0.6427876096865393,-0.5000000000000004,0.8660254037844384,1.5,6.0
2026-07-31 23:00:00,300,6.0,1.6,1017.5,15.5,15.6,1.6,1.6,1.5,7.0,8.0,6.0,1017.5,1017.9,1017.7,1.6,0.0,1.616666666666667,0.0408248290463889,6.666666666666667,0.5773502691896258,6.833333333333333,0.7527726527090751,-0.20000000000004547,-0.39999999999997726,-0.8660254037844386,0.5000000000000001,-0.25881904510252157,0.9659258262890681,1.6,6.0
2026-08-01 00:00:00,290,6.0,1.5,1017.3,15.6,15.7,1.6,1.6,1.7,6.0,7.0,6.0,1017.5,1018.0,1018.0,1.5666666666666667,0.057735026918962595,1.5833333333333337,0.04082482904638635,6.333333333333333,0.5773502691896258,6.833333333333333,0.7527726527090751,-0.7000000000000455,-0.7000000000000455,-0.9396926207859083,0.342020143325669,0.0,1.0,1.7,7.0
2026-08-01 01:00:00,300,6.0,1.5,1017.0,15.7,15.7,1.5,1.6,1.6,6.0,7.0,7.0,1017.3,1017.5,1018.1,1.5333333333333334,0.057735026918962484,1.5666666666666667,0.05163977794943228,6.0,0.0,6.666666666666667,0.8164965809277211,-1.1000000000000227,-0.5,-0.8660254037844386,0.5000000000000001,0.25881904510252074,0.9659258262890683,1.6,9.0
2026-08-01 02:00:00,290,6.0,1.6,1017.1,15.7,15.8,1.5,1.6,1.6,6.0,6.0,8.0,1017.0,1017.5,1017.9,1.5333333333333334,0.057735026918962595,1.5666666666666667,0.05163977794943228,6.0,0.0,6.333333333333333,0.5163977794943161,-0.7999999999999545,-0.39999999999997726,-0.9396926207859083,0.342020143325669,0.49999999999999994,0.8660254037844387,1.9,10.0
2026-08-01 03:00:00,280,7.0,1.7,1017.1,15.5,15.7,1.6,1.5,1.6,6.0,6.0,7.0,1017.1,1017.3,1018.0,1.6000000000000003,0.09999999999999985,1.5833333333333333,0.07527726527090807,6.333333333333333,0.5773502691896258,6.333333333333333,0.5163977794943161,-0.8999999999999773,-0.1999999999999318,-0.9848077530122081,0.17364817766692997,0.7071067811865476,0.7071067811865476,2.0,9.0
2026-08-01 04:00:00,290,9.0,1.6,1017.4,15.5,15.7,1.7,1.5,1.6,7.0,6.0,7.0,1017.1,1017.0,1017.5,1.6333333333333335,0.057735026918962234,1.5833333333333333,0.07527726527090807,7.333333333333333,1.5275252316519468,6.666666666666667,1.2110601416389937,-0.10000000000002274,0.39999999999997726,-0.9396926207859083,0.342020143325669,0.8660254037844386,0.5000000000000001,2.3,10.0
2026-08-01 05:00:00,300,10.0,1.9,1017.5,15.4,15.6,1.6,1.6,1.6,9.0,6.0,6.0,1017.4,1017.1,1017.5,1.7333333333333334,0.15275252316519425,1.6333333333333335,0.15055453054181614,8.666666666666666,1.5275252316519472,7.333333333333333,1.7511900715418236,0.0,0.39999999999997726,-0.8660254037844386,0.5000000000000001,0.9659258262890683,0.25881904510252074,2.3,9.0
2026-08-01 06:00:00,300,9.0,2.0,1017.9,15.3,15.6,1.9,1.7,1.5,10.0,7.0,6.0,1017.5,1017.1,1017.3,1.8333333333333333,0.2081665999466127,1.7166666666666668,0.19407902170679517,9.333333333333334,0.5773502691896278,7.833333333333333,1.722401424368505,0.6000000000000227,0.7999999999999545,-0.8660254037844386,0.5000000000000001,1.0,6.123233995736766e-17,2.1,7.0
2026-08-01 07:00:00,310,10.0,2.3,1017.6,15.2,15.6,2.0,1.6,1.5,9.0,9.0,6.0,1017.9,1017.4,1017.0,2.066666666666667,0.20816659994661207,1.8499999999999999,0.2738612787525831,9.666666666666666,0.5773502691896278,8.5,1.6431676725154944,0.6000000000000227,0.20000000000004547,-0.7660444431189781,0.6427876096865393,0.9659258262890683,-0.25881904510252063,2.2,7.0
2026-08-01 08:00:00,300,9.0,2.3,1017.5,15.2,15.5,2.3,1.9,1.6,10.0,10.0,6.0,1017.6,1017.5,1017.1,2.1999999999999997,0.1732050807568859,1.9666666666666668,0.29439202887759497,9.333333333333334,0.5773502691896278,9.0,1.0954451150103264,0.39999999999997726,0.0,-0.8660254037844386,0.5000000000000001,0.8660254037844387,-0.4999999999999998,1.9,7.0
2026-08-01 09:00:00,300,7.0,2.1,1017.3,15.2,15.5,2.3,2.0,1.7,9.0,9.0,7.0,1017.5,1017.9,1017.1,2.233333333333333,0.11547005383792507,2.033333333333333,0.2658320271650252,8.666666666666666,1.5275252316519472,9.0,1.0954451150103264,0.1999999999999318,-0.6000000000000227,-0.8660254037844386,0.5000000000000001,0.7071067811865476,-0.7071067811865475,1.7,7.0
2026-08-01 10:00:00,310,7.0,2.2,1016.9,15.2,15.5,2.1,2.3,1.6,7.0,10.0,9.0,1017.3,1017.6,1017.4,2.1999999999999997,0.10000000000000002,2.1333333333333333,0.16329931618554552,7.666666666666667,1.1547005383792515,8.666666666666666,1.3662601021279417,-0.5,-0.7000000000000455,-0.7660444431189781,0.6427876096865393,0.49999999999999994,-0.8660254037844387,1.6,7.0
2026-08-01 11:00:00,310,7.0,1.9,1016.6,15.1,15.4,2.2,2.3,1.9,7.0,9.0,10.0,1016.9,1017.5,1017.5,2.066666666666667,0.1527525231651951,2.1333333333333333,0.16329931618554552,7.0,0.0,8.166666666666666,1.3291601358251204,-0.8999999999999773,-0.8999999999999773,-0.7660444431189781,0.6427876096865393,0.258819045102521,-0.9659258262890682,1.6,8.0
2026-08-01 12:00:00,310,7.0,1.7,1016.6,15.0,15.4,1.9,2.1,2.0,7.0,7.0,9.0,1016.6,1017.3,1017.9,1.9333333333333333,0.25166114784235877,2.0833333333333335,0.24013884872437172,7.0,0.0,7.833333333333333,1.3291601358251202,-1.2999999999999545,-0.6999999999999318,-0.7660444431189781,0.6427876096865393,1.2246467991473532e-16,-1.0,1.7,9.0
2026-08-01 13:00:00,310,7.0,1.6,1016.4,15.0,15.4,1.7,2.2,2.3,7.0,7.0,10.0,1016.6,1016.9,1017.6,1.7333333333333334,0.15275252316519555,1.9666666666666668,0.2804757862395014,7.0,0.0,7.333333333333333,0.8164965809277162,-1.2000000000000455,-0.5,-0.7660444431189781,0.6427876096865393,-0.2588190451025208,-0.9659258262890683,1.9,9.0
2026-08-01 14:00:00,310,8.0,1.6,1016.5,15.0,15.4,1.6,1.9,2.3,7.0,7.0,9.0,1016.4,1016.6,1017.5,1.6333333333333335,0.05773502691896569,1.8499999999999999,0.2588435821108949,7.333333333333333,0.5773502691896258,7.166666666666667,0.40824829046386296,-1.0,-0.10000000000002274,-0.7660444431189781,0.6427876096865393,-0.4999999999999997,-0.8660254037844388,2.2,9.0
2026-08-01 15:00:00,310,9.0,1.7,1016.9,14.9,15.4,1.6,1.7,2.1,8.0,7.0,7.0,1016.5,1016.6,1017.3,1.6333333333333335,0.05773502691896253,1.7833333333333332,0.23166067138525287,8.0,1.0,7.5,0.8366600265340755,-0.39999999999997726,0.2999999999999545,-0.7660444431189781,0.6427876096865393,-0.7071067811865471,-0.7071067811865479,2.2,9.0
2026-08-01 16:00:00,310,9.0,1.9,1017.0,14.7,15.4,1.7,1.6,2.2,9.0,7.0,7.0,1016.9,1016.4,1016.9,1.7333333333333334,0.1527525231651947,1.7333333333333334,0.13662601021279208,8.666666666666666,0.5773502691896261,7.833333333333333,0.9831920802501751,0.10000000000002274,0.6000000000000227,-0.7660444431189781,0.6427876096865393,-0.8660254037844385,-0.5000000000000004,2.0,9.0
2026-08-01 17:00:00,310,9.0,2.2,1017.2,14.8,15.4,1.9,1.6,1.9,9.0,8.0,7.0,1017.0,1016.5,1016.6,1.9333333333333333,0.2516611478423586,1.7833333333333334,0.23166067138525287,9.0,0.0,8.166666666666666,0.9831920802501752,0.6000000000000227,0.7000000000000455,-0.7660444431189781,0.6427876096865393,-0.9659258262890683,-0.25881904510252063,2.1,8.0
2026-08-01 18:00:00,310,9.0,2.2,1017.3,14.9,15.3,2.2,1.7,1.7,9.0,9.0,7.0,1017.2,1016.9,1016.6,2.1,0.1732050807568882,1.8666666666666665,0.2804757862395012,9.0,0.0,8.5,0.8366600265340762,0.6999999999999318,0.39999999999997726,-0.7660444431189781,0.6427876096865393,-1.0,-1.8369701987210297e-16,2.0,7.0
2026-08-01 19:00:00,310,9.0,2.0,1017.4,14.9,15.2,2.2,1.9,1.6,9.0,9.0,7.0,1017.3,1017.0,1016.4,2.1333333333333333,0.11547005383792519,1.9333333333333333,0.2503331114069142,9.0,0.0,8.833333333333334,0.4082482904638664,1.0,0.39999999999997726,-0.7660444431189781,0.6427876096865393,-0.9659258262890684,0.2588190451025203,2.0,6.0
2026-08-01 20:00:00,310,8.0,2.1,1017.2,15.1,15.3,2.0,2.2,1.6,9.0,9.0,8.0,1017.4,1017.2,1016.5,2.1,0.09999999999999991,2.016666666666667,0.19407902170679542,8.666666666666666,0.5773502691896255,8.833333333333334,0.4082482904638632,0.7000000000000455,0.0,-0.7660444431189781,0.6427876096865393,-0.8660254037844386,0.5000000000000001,1.9,6.0
2026-08-01 21:00:00,310,7.0,2.0,1016.7,15.0,15.3,2.1,2.2,1.7,8.0,9.0,9.0,1017.2,1017.3,1016.9,2.033333333333333,0.05773502691896151,2.066666666666667,0.12110601416390056,8.0,0.9999999999999998,8.5,0.8366600265340758,-0.1999999999999318,-0.599999999999909,-0.7660444431189781,0.6427876096865393,-0.7071067811865477,0.7071067811865474,1.9,6.0
2026-08-01 22:00:00,300,6.0,2.0,1016.4,15.2,15.2,2.0,2.0,1.9,7.0,9.0,9.0,1016.7,1017.4,1017.0,2.033333333333333,0.05773502691896151,2.0833333333333335,0.09831920802501878,7.0,0.9999999999999998,8.0,1.264911064067352,-0.6000000000000227,-1.0,-0.8660254037844386,0.5000000000000001,-0.5000000000000004,0.8660254037844384,1.9,8.0
2026-08-01 23:00:00,300,6.0,1.9,1015.8,15.5,15.4,2.0,2.1,2.2,6.0,8.0,9.0,1016.4,1017.2,1017.2,1.9666666666666668,0.057735026918962595,2.033333333333333,0.10327955589886503,6.333333333333333,0.5773502691896253,7.5,1.3784048752090226,-1.400000000000091,-1.400000000000091,-0.8660254037844386,0.5000000000000001,-0.25881904510252157,0.9659258262890681,2.0,8.0
2026-08-02 00:00:00,300,6.0,1.9,1015.1,15.6,15.6,1.9,2.0,2.2,6.0,7.0,9.0,1015.8,1016.7,1017.3,1.9333333333333333,0.057735026918962484,1.9833333333333334,0.07527726527090797,6.0,0.0,7.0,1.264911064067352,-2.199999999999932,-1.6000000000000227,-0.8660254037844386,0.5000000000000001,0.0,1.0,2.3,8.0
2026-08-02 01:00:00,300,8.0,1.9,1014.4,15.8,15.7,1.9,2.0,2.0,6.0,6.0,9.0,1015.1,1016.4,1017.4,1.9,0.0,1.9666666666666668,0.08164965809277223,6.666666666666667,1.1547005383792515,6.833333333333333,0.9831920802501755,-3.0,-2.0,-0.8660254037844386,0.5000000000000001,0.25881904510252074,0.9659258262890683,2.6,8.0
2026-08-02 02:00:00,310,8.0,2.0,1013.8,15.7,15.6,1.9,1.9,2.1,8.0,6.0,8.0,1014.4,1015.8,1017.2,1.9333333333333333,0.057735026918962595,1.95,0.054772255750515565,7.333333333333333,1.1547005383792515,6.833333333333333,0.9831920802501755,-3.400000000000091,-2.0,-0.7660444431189781,0.6427876096865393,0.49999999999999994,0.8660254037844387,2.9,8.0
2026-08-02 03:00:00,320,8.0,2.3,1013.7,15.6,15.6,2.0,1.9,2.0,8.0,6.0,7.0,1013.8,1015.1,1016.7,2.0666666666666664,0.208166599946613,1.9999999999999998,0.15491933384829668,8.0,0.0,7.0,1.0954451150103326,-3.0,-1.3999999999999773,-0.6427876096865396,0.7660444431189778,0.7071067811865476,0.7071067811865476,3.0,8.0
2026-08-02 04:00:00,310,8.0,2.6,1013.7,15.5,15.5,2.3,1.9,2.0,8.0,8.0,6.0,1013.7,1014.4,1016.4,2.3,0.29999999999999954,2.1,0.28982753492378927,8.0,0.0,7.333333333333333,1.0327955589886448,-2.699999999999932,-0.6999999999999318,-0.7660444431189781,0.6427876096865393,0.8660254037844386,0.5000000000000001,2.9,8.0
2026-08-02 05:00:00,310,8.0,2.9,1013.9,15.4,15.4,2.6,2.0,1.9,8.0,8.0,6.0,1013.7,1013.8,1015.8,2.6,0.29999999999999927,2.2666666666666666,0.41311822359545874,8.0,0.0,7.666666666666667,0.8164965809277263,-1.8999999999999773,0.10000000000002274,-0.7660444431189781,0.6427876096865393,0.9659258262890683,0.25881904510252074,2.5,8.0
2026-08-02 06:00:00,310,8.0,3.0,1014.0,15.3,15.3,2.9,2.3,1.9,8.0,8.0,6.0,1013.9,1013.7,1015.1,2.8333333333333335,0.208166599946612,2.4499999999999997,0.4593473631142355,8.0,0.0,8.0,0.0,-1.1000000000000227,0.2999999999999545,-0.7660444431189781,0.6427876096865393,1.0,6.123233995736766e-17,2.5,8.0
2026-08-02 07:00:00,320,8.0,2.9,1013.8,15.2,15.3,3.0,2.6,1.9,8.0,8.0,8.0,1014.0,1013.7,1014.4,2.9333333333333336,0.057735026918957835,2.6166666666666667,0.39707262140151195,8.0,0.0,8.0,0.0,-0.6000000000000227,0.09999999999990905,-0.6427876096865396,0.7660444431189778,0.9659258262890683,-0.25881904510252063,2.4,7.0
2026-08-02 08:00:00,320,8.0,2.5,1013.6,15.1,15.3,2.9,2.9,2.0,8.0,8.0,8.0,1013.8,1013.9,1013.8,2.7999999999999994,0.2645751311064582,2.6999999999999997,0.2756809750418081,8.0,0.0,8.0,0.0,-0.1999999999999318,-0.2999999999999545,-0.6427876096865396,0.7660444431189778,0.8660254037844387,-0.4999999999999998,2.2,8.0
2026-08-02 09:00:00,310,8.0,2.5,1013.1,14.9,15.3,2.5,3.0,2.3,8.0,8.0,8.0,1013.6,1014.0,1013.7,2.6333333333333333,0.23094010767584944,2.733333333333333,0.22509257354845977,8.0,0.0,8.0,0.0,-0.6000000000000227,-0.8999999999999773,-0.7660444431189781,0.6427876096865393,0.7071067811865476,-0.7071067811865475,2.3,8.0
2026-08-02 10:00:00,300,7.0,2.4,1012.9,14.8,15.2,2.5,2.9,2.6,8.0,8.0,8.0,1013.1,1013.8,1013.7,2.466666666666667,0.05773502691896269,2.6999999999999997,0.26076809620810987,7.666666666666667,0.5773502691896258,7.833333333333333,0.40824829046386296,-0.8000000000000682,-0.8999999999999773,-0.8660254037844386,0.5000000000000001,0.49999999999999994,-0.8660254037844387,2.4,7.0
2026-08-02 11:00:00,300,8.0,2.2,1012.7,14.6,15.2,2.4,2.5,2.9,7.0,8.0,8.0,1012.9,1013.6,1013.9,2.3666666666666667,0.15275252316519466,2.5833333333333335,0.3060501048303502,7.666666666666667,0.5773502691896258,7.833333333333333,0.40824829046386296,-1.1999999999999318,-0.8999999999999773,-0.8660254037844386,0.5000000000000001,0.258819045102521,-0.9659258262890682,2.5,7.0
2026-08-02 12:00:00,300,8.0,2.3,1012.5,14.5,15.2,2.2,2.5,3.0,8.0,8.0,8.0,1012.7,1013.1,1014.0,2.3000000000000003,0.09999999999999996,2.466666666666667,0.2422120283278022,7.666666666666667,0.5773502691896258,7.833333333333333,0.40824829046386296,-1.5,-0.6000000000000227,-0.8660254037844386,0.5000000000000001,1.2246467991473532e-16,-1.0,2.7,7.0
2026-08-02 13:00:00,310,7.0,2.4,1012.4,14.4,15.2,2.3,2.4,2.9,8.0,7.0,8.0,1012.5,1012.9,1013.8,2.3,0.09999999999999996,2.3833333333333333,0.1169045194450062,7.666666666666667,0.5773502691896258,7.666666666666667,0.5163977794943221,-1.3999999999999773,-0.5,-0.7660444431189781,0.6427876096865393,-0.2588190451025208,-0.9659258262890683,2.7,8.0
2026-08-02 14:00:00,310,7.0,2.5,1012.6,14.3,15.2,2.4,2.2,2.5,7.0,8.0,8.0,1012.4,1012.7,1013.6,2.4,0.10000000000000034,2.3833333333333333,0.1169045194450062,7.333333333333333,0.5773502691896258,7.5,0.5477225575051659,-1.0,-0.10000000000002274,-0.7660444431189781,0.6427876096865393,-0.4999999999999997,-0.8660254037844388,2.7,8.0
2026-08-02 15:00:00,310,7.0,2.7,1012.9,14.3,15.2,2.5,2.3,2.5,7.0,8.0,8.0,1012.6,1012.5,1013.1,2.5333333333333337,0.15275252316519475,2.4166666666666665,0.1722401424368545,7.0,0.0,7.333333333333333,0.5163977794943221,-0.20000000000004547,0.39999999999997726,-0.7660444431189781,0.6427876096865393,-0.7071067811865471,-0.7071067811865479,2.6,8.0
2026-08-02 16:00:00,310,8.0,2.7,1012.9,14.2,15.2,2.7,2.4,2.4,7.0,7.0,7.0,1012.9,1012.4,1012.9,2.6333333333333333,0.1154700538379248,2.466666666666667,0.20655911179773237,7.333333333333333,0.5773502691896258,7.5,0.5477225575051659,0.0,0.5,-0.7660444431189781,0.6427876096865393,-0.8660254037844385,-0.5000000000000004,2.6,8.0
2026-08-02 17:00:00,310,8.0,2.7,1012.9,14.0,15.2,2.7,2.5,2.2,8.0,7.0,8.0,1012.9,1012.6,1012.7,2.7,0.0,2.5500000000000003,0.17606816861659488,7.666666666666667,0.5773502691896258,7.5,0.5477225575051659,0.1999999999999318,0.2999999999999545,-0.7660444431189781,0.6427876096865393,-0.9659258262890683,-0.25881904510252063,2.5,8.0
2026-08-02 18:00:00,320,8.0,2.6,1012.7,14.1,15.2,2.7,2.7,2.3,8.0,7.0,8.0,1012.9,1012.9,1012.5,2.6666666666666665,0.05773502691896269,2.6,0.12649110640674227,8.0,0.0,7.5,0.5477225575051659,0.20000000000004547,-0.1999999999999318,-0.6427876096865396,0.7660444431189778,-1.0,-1.8369701987210297e-16,2.3,9.0
2026-08-02 19:00:00,320,8.0,2.6,1012.7,14.2,15.3,2.6,2.7,2.4,8.0,8.0,7.0,1012.7,1012.9,1012.4,2.6333333333333333,0.05773502691896285,2.6333333333333333,0.08164965809278416,8.0,0.0,7.666666666666667,0.5163977794943221,0.3000000000000682,-0.1999999999999318,-0.6427876096865396,0.7660444431189778,-0.9659258262890684,0.2588190451025203,2.2,9.0
2026-08-02 20:00:00,320,8.0,2.5,1012.6,14.3,15.3,2.6,2.7,2.5,8.0,8.0,7.0,1012.7,1012.9,1012.6,2.566666666666667,0.05773502691896269,2.6333333333333333,0.08164965809278416,8.0,0.0,7.833333333333333,0.4082482904638632,0.0,-0.2999999999999545,-0.6427876096865396,0.7660444431189778,-0.8660254037844386,0.5000000000000001,2.3,9.0
2026-08-02 21:00:00,320,9.0,2.3,1012.1,14.4,15.4,2.5,2.6,2.7,8.0,8.0,7.0,1012.6,1012.7,1012.9,2.4666666666666663,0.15275252316519497,2.566666666666667,0.15055453054182175,8.333333333333334,0.5773502691896255,8.166666666666666,0.4082482904638632,-0.7999999999999545,-0.6000000000000227,-0.6427876096865396,0.7660444431189778,-0.7071067811865477,0.7071067811865474,2.1,8.0
2026-08-02 22:00:00,320,9.0,2.2,1011.6,14.7,15.4,2.3,2.6,2.7,9.0,8.0,8.0,1012.1,1012.7,1012.9,2.3333333333333335,0.15275252316519508,2.483333333333333,0.19407902170679864,8.666666666666666,0.5773502691896255,8.333333333333334,0.5163977794943228,-1.2999999999999545,-1.1000000000000227,-0.6427876096865396,0.7660444431189778,-0.5000000000000004,0.8660254037844384,2.3,7.0
2026-08-02 23:00:00,310,9.0,2.3,1011.3,14.9,15.4,2.2,2.5,2.7,9.0,8.0,8.0,1011.6,1012.6,1012.9,2.2666666666666666,0.05773502691896375,2.4166666666666665,0.1722401424368542,9.0,0.0,8.5,0.5477225575051671,-1.6000000000000227,-1.3000000000000682,-0.7660444431189781,0.6427876096865393,-0.25881904510252157,0.9659258262890681,2.4,7.0
2026-08-03 00:00:00,320,8.0,2.1,1010.9,15.1,15.4,2.3,2.3,2.6,9.0,9.0,8.0,1011.3,1012.1,1012.7,2.1999999999999997,0.10000000000000073,2.3333333333333335,0.186189867250255,8.666666666666666,0.5773502691896255,8.5,0.5477225575051671,-1.8000000000000682,-1.2000000000000455,-0.6427876096865396,0.7660444431189778,0.0,1.0,2.4,7.0
2026-08-03 01:00:00,310,7.0,2.3,1010.7,15.2,15.4,2.1,2.2,2.6,8.0,9.0,8.0,1010.9,1011.6,1012.7,2.233333333333333,0.11547005383792568,2.283333333333333,0.1329160135825154,8.0,0.9999999999999998,8.333333333333334,0.8164965809277264,-2.0,-0.8999999999999773,-0.7660444431189781,0.6427876096865393,0.25881904510252074,0.9659258262890683,2.4,6.0
2026-08-03 02:00:00,310,7.0,2.4,1010.4,15.2,15.4,2.3,2.3,2.5,7.0,9.0,8.0,1010.7,1011.3,1012.6,2.2666666666666666,0.15275252316519508,2.266666666666666,0.1032795558988678,7.333333333333333,0.5773502691896253,8.166666666666666,0.9831920802501751,-2.2000000000000455,-0.8999999999999773,-0.7660444431189781,0.6427876096865393,0.49999999999999994,0.8660254037844387,2.4,5.0
2026-08-03 03:00:00,300,7.0,2.4,1009.9,15.1,15.3,2.4,2.1,2.3,7.0,8.0,9.0,1010.4,1010.9,1012.1,2.3666666666666667,0.05773502691896424,2.283333333333333,0.11690451944500439,7.0,0.0,7.833333333333333,0.9831920802501748,-2.2000000000000455,-1.0,-0.8660254037844386,0.5000000000000001,0.7071067811865476,0.7071067811865476,2.4,5.0
2026-08-03 04:00:00,300,6.0,2.4,1009.8,14.9,15.4,2.4,2.3,2.2,7.0,7.0,9.0,1009.9,1010.7,1011.6,2.4,0.0,2.316666666666667,0.11690451944500493,6.666666666666667,0.5773502691896258,7.333333333333333,1.0327955589886435,-1.8000000000000682,-0.900000000000091,-0.8660254037844386,0.5000000000000001,0.8660254037844386,0.5000000000000001,2.4,4.0
2026-08-03 05:00:00,300,5.0,2.4,1009.9,14.9,15.3,2.4,2.4,2.3,6.0,7.0,9.0,1009.8,1010.4,1011.3,2.4,0.0,2.3333333333333335,0.1211060141639035,6.0,1.0,6.666666666666667,1.0327955589886424,-1.3999999999999773,-0.5,-0.8660254037844386,0.5000000000000001,0.9659258262890683,0.25881904510252074,2.5,5.0
2026-08-03 06:00:00,290,5.0,2.4,1010.0,14.8,15.3,2.4,2.4,2.1,5.0,7.0,8.0,1009.9,1009.9,1010.9,2.4,0.0,2.3833333333333333,0.04082482904640012,5.333333333333333,0.5773502691896258,6.166666666666667,0.983192080250172,-0.8999999999999773,0.10000000000002274,-0.9396926207859083,0.342020143325669,1.0,6.123233995736766e-17,2.3,5.0
2026-08-03 07:00:00,290,4.0,2.4,1009.8,14.7,15.3,2.4,2.4,2.3,5.0,6.0,7.0,1010.0,1009.8,1010.7,2.4,0.0,2.4,3.4244314415101406e-08,4.666666666666667,0.5773502691896258,5.666666666666667,1.2110601416389934,-0.900000000000091,0.0,-0.9396926207859083,0.342020143325669,0.9659258262890683,-0.25881904510252063,2.4,5.0
2026-08-03 08:00:00,290,5.0,2.5,1009.6,14.5,15.3,2.4,2.4,2.4,4.0,5.0,7.0,1009.8,1009.9,1010.4,2.433333333333333,0.05773502691896269,2.4166666666666665,0.040824829046401404,4.666666666666667,0.5773502691896258,5.333333333333333,1.0327955589886402,-0.7999999999999545,-0.2999999999999545,-0.9396926207859083,0.342020143325669,0.8660254037844387,-0.4999999999999998,2.4,5.0
2026-08-03 09:00:00,300,5.0,2.3,1009.3,14.4,15.3,2.5,2.4,2.4,5.0,5.0,7.0,1009.6,1010.0,1009.9,2.4,0.1000000000000001,2.4,0.06324555320337692,4.666666666666667,0.5773502691896258,5.0,0.6324555320336679,-0.6000000000000227,-0.7000000000000455,-0.8660254037844386,0.5000000000000001,0.7071067811865476,-0.7071067811865475,2.4,5.0
2026-08-03 10:00:00,300,5.0,2.4,1009.1,14.3,15.3,2.3,2.4,2.4,5.0,4.0,6.0,1009.3,1009.8,1009.8,2.4,0.1000000000000001,2.4,0.06324555320337692,5.0,0.0,4.833333333333333,0.40824829046384986,-0.6999999999999318,-0.6999999999999318,-0.8660254037844386,0.5000000000000001,0.49999999999999994,-0.8660254037844387,2.2,5.0
2026-08-03 11:00:00,300,5.0,2.4,1008.9,14.2,15.3,2.4,2.5,2.4,5.0,5.0,5.0,1009.1,1009.6,1009.9,2.3666666666666667,0.05773502691896266,2.4,0.06324555320337692,5.0,0.0,4.833333333333333,0.40824829046384986,-1.0,-0.7000000000000455,-0.8660254037844386,0.5000000000000001,0.258819045102521,-0.9659258262890682,2.3,4.0
2026-08-03 12:00:00,300,5.0,2.4,1008.8,14.0,15.3,2.4,2.3,2.4,5.0,5.0,5.0,1008.9,1009.3,1010.0,2.4,0.0,2.4,0.06324555320337692,5.0,0.0,4.833333333333333,0.40824829046384986,-1.2000000000000455,-0.5,-0.8660254037844386,0.5000000000000001,1.2246467991473532e-16,-1.0,2.1,2.0
2026-08-03 13:00:00,310,5.0,2.2,1008.8,13.9,15.2,2.4,2.4,2.4,5.0,5.0,4.0,1008.8,1009.1,1009.8,2.3333333333333335,0.11547005383792507,2.3666666666666667,0.10327955589886956,5.0,0.0,5.0,0.0,-1.0,-0.3000000000000682,-0.7660444431189781,0.6427876096865393,-0.2588190451025208,-0.9659258262890683,2.2,2.0
2026-08-03 14:00:00,300,4.0,2.3,1009.2,13.8,15.2,2.2,2.4,2.5,5.0,5.0,5.0,1008.8,1008.9,1009.6,2.3,0.10000000000000002,2.3333333333333335,0.08164965809277847,4.666666666666667,0.5773502691896258,4.833333333333333,0.40824829046386296,-0.39999999999997726,0.3000000000000682,-0.8660254037844386,0.5000000000000001,-0.4999999999999997,-0.8660254037844388,2.0,3.0
2026-08-03 15:00:00,280,2.0,2.1,1009.7,13.6,15.2,2.3,2.4,2.3,4.0,5.0,5.0,1009.2,1008.8,1009.3,2.1999999999999997,0.10000000000000041,2.3,0.12649110640673855,3.6666666666666665,1.5275252316519465,4.333333333333333,1.2110601416389966,0.40000000000009095,0.900000000000091,-0.9848077530122081,0.17364817766692997,-0.7071067811865471,-0.7071067811865479,2.2,4.0
2026-08-03 16:00:00,250,2.0,2.2,1009.8,13.5,15.2,2.1,2.2,2.4,2.0,5.0,5.0,1009.7,1008.8,1009.1,2.1999999999999997,0.10000000000000041,2.2666666666666666,0.12110601416390288,2.6666666666666665,1.1547005383792512,3.8333333333333335,1.4719601443879742,0.6999999999999318,1.0,-0.9396926207859084,-0.34202014332566855,-0.8660254037844385,-0.5000000000000004,2.1,4.0
2026-08-03 17:00:00,200,3.0,2.0,1010.0,13.6,15.3,2.2,2.3,2.4,2.0,4.0,5.0,1009.8,1009.2,1008.9,2.1,0.1000000000000008,2.2,0.14142135623731178,2.3333333333333335,0.5773502691896257,3.5,1.3784048752090217,1.1000000000000227,0.7999999999999545,-0.34202014332566866,-0.9396926207859084,-0.9659258262890683,-0.25881904510252063,2.0,4.0
2026-08-03 18:00:00,190,4.0,2.2,1009.9,14.0,15.4,2.0,2.1,2.4,3.0,2.0,5.0,1010.0,1009.7,1008.8,2.1333333333333333,0.1154700538379259,2.1666666666666665,0.10327955589886736,3.0,0.9999999999999999,3.3333333333333335,1.211060141638996,1.1000000000000227,0.1999999999999318,-0.17364817766693047,-0.984807753012208,-1.0,-1.8369701987210297e-16,2.0,4.0
2026-08-03 19:00:00,190,4.0,2.1,1010.2,14.3,15.4,2.2,2.2,2.2,4.0,2.0,5.0,1009.9,1009.8,1008.8,2.1,0.10000000000000071,2.1500000000000004,0.10488088481701789,3.6666666666666665,0.5773502691896257,3.1666666666666665,0.9831920802501739,1.400000000000091,0.40000000000009095,-0.17364817766693047,-0.984807753012208,-0.9659258262890684,0.2588190451025203,2.0,4.0
2026-08-03 20:00:00,190,4.0,2.0,1010.0,14.5,15.7,2.1,2.0,2.3,4.0,3.0,4.0,1010.2,1010.0,1009.2,2.1,0.10000000000000071,2.1,0.08944271909999442,4.0,0.0,3.1666666666666665,0.9831920802501739,0.7999999999999545,0.0,-0.17364817766693047,-0.984807753012208,-0.8660254037844386,0.5000000000000001,2.0,4.0
2026-08-03 21:00:00,190,4.0,2.0,1009.9,14.9,15.8,2.0,2.2,2.1,4.0,4.0,2.0,1010.0,1009.9,1009.7,2.033333333333333,0.05773502691896291,2.0833333333333335,0.09831920802501995,4.0,0.0,3.5,0.8366600265340748,0.1999999999999318,0.0,-0.17364817766693047,-0.984807753012208,-0.7071067811865477,0.7071067811865474,2.1,3.0
2026-08-03 22:00:00,200,4.0,2.0,1009.7,15.1,15.9,2.0,2.1,2.2,4.0,4.0,2.0,1009.9,1010.2,1009.8,2.0,0.0,2.0500000000000003,0.08366600265341002,4.0,0.0,3.8333333333333335,0.40824829046386274,-0.09999999999990905,-0.5,-0.34202014332566866,-0.9396926207859084,-0.5000000000000004,0.8660254037844384,2.0,3.0
2026-08-03 23:00:00,220,4.0,2.0,1009.5,15.3,16.0,2.0,2.0,2.0,4.0,4.0,3.0,1009.7,1010.0,1010.0,2.0,0.0,2.0500000000000003,0.08366600265341002,4.0,0.0,4.0,0.0,-0.5,-0.5,-0.6427876096865393,-0.766044443118978,-0.25881904510252157,0.9659258262890681,1.9,2.0
2026-08-04 00:00:00,240,3.0,2.1,1009.2,15.2,16.1,2.0,2.0,2.2,4.0,4.0,4.0,1009.5,1009.9,1009.9,2.033333333333333,0.05773502691896269,2.0333333333333337,0.05163977794943587,3.6666666666666665,0.5773502691896257,3.8333333333333335,0.408248290463863,-0.6999999999999318,-0.6999999999999318,-0.8660254037844385,-0.5000000000000004,0.0,1.0,1.9,3.0
2026-08-04 01:00:00,240,3.0,2.0,1008.8,15.3,16.3,2.1,2.0,2.1,3.0,4.0,4.0,1009.2,1009.7,1010.2,2.033333333333333,0.05773502691896269,2.016666666666667,0.04082482904639054,3.3333333333333335,0.5773502691896257,3.6666666666666665,0.5163977794943223,-1.400000000000091,-0.900000000000091,-0.8660254037844385,-0.5000000000000004,0.25881904510252074,0.9659258262890683,1.7,3.0
2026-08-04 02:00:00,220,2.0,1.9,1008.5,15.5,16.3,2.0,2.0,2.0,3.0,4.0,4.0,1008.8,1009.5,1010.0,2.0,0.10000000000000003,2.0,0.06324555320337,2.6666666666666665,0.5773502691896257,3.3333333333333335,0.8164965809277264,-1.5,-1.0,-0.6427876096865393,-0.766044443118978,0.49999999999999994,0.8660254037844387,1.8,3.0
2026-08-04 03:00:00,220,3.0,1.9,1008.4,15.3,16.2,1.9,2.1,2.0,2.0,3.0,4.0,1008.5,1009.2,1009.9,1.9333333333333333,0.057735026918962214,1.9833333333333334,0.07527726527090986,2.6666666666666665,0.5773502691896257,3.1666666666666665,0.7527726527090814,-1.5,-0.8000000000000682,-0.6427876096865393,-0.766044443118978,0.7071067811865476,0.7071067811865476,1.5,4.0
2026-08-04 04:00:00,210,3.0,1.7,1008.8,14.9,16.1,1.9,2.0,2.0,3.0,3.0,4.0,1008.4,1008.8,1009.7,1.8333333333333333,0.11547005383792512,1.9333333333333333,0.13662601021279513,2.6666666666666665,0.5773502691896257,3.0,0.6324555320336765,-0.900000000000091,0.0,-0.5000000000000001,-0.8660254037844386,0.8660254037844386,0.5000000000000001,1.6,4.0
2026-08-04 05:00:00,180,3.0,1.8,1009.1,14.9,15.9,1.7,1.9,2.0,3.0,2.0,4.0,1008.8,1008.5,1009.5,1.8,0.09999999999999996,1.9000000000000001,0.14142135623730964,3.0,0.0,2.8333333333333335,0.40824829046386435,-0.39999999999997726,0.6000000000000227,1.2246467991473532e-16,-1.0,0.9659258262890683,0.25881904510252074,1.5,4.0
2026-08-04 06:00:00,170,4.0,1.5,1009.1,14.7,15.8,1.8,1.9,2.1,3.0,3.0,3.0,1009.1,1008.4,1009.2,1.6666666666666667,0.15275252316519447,1.7999999999999998,0.17888543819998243,3.3333333333333335,0.5773502691896257,3.0,0.6324555320336765,-0.10000000000002274,0.7000000000000455,0.17364817766693028,-0.984807753012208,1.0,6.123233995736766e-17,1.5,5.0
2026-08-04 07:00:00,170,4.0,1.6,1009.0,14.8,15.4,1.5,1.7,2.0,4.0,3.0,3.0,1009.1,1008.8,1008.8,1.6333333333333335,0.15275252316519444,1.7333333333333332,0.16329931618554375,3.6666666666666665,0.5773502691896257,3.1666666666666665,0.7527726527090814,0.20000000000004547,0.20000000000004547,0.17364817766693028,-0.984807753012208,0.9659258262890683,-0.25881904510252063,1.3,5.0
2026-08-04 08:00:00,170,4.0,1.5,1009.1,14.8,15.4,1.6,1.8,1.9,4.0,3.0,2.0,1009.0,1009.1,1008.5,1.5333333333333332,0.057735026918961735,1.6666666666666667,0.16329931618554316,4.0,0.0,3.5,0.5477225575051665,0.6000000000000227,0.0,0.17364817766693028,-0.984807753012208,0.8660254037844387,-0.4999999999999998,1.3,5.0
2026-08-04 09:00:00,170,5.0,1.5,1009.1,14.8,15.6,1.5,1.5,1.9,4.0,4.0,3.0,1009.1,1009.1,1008.4,1.5333333333333332,0.057735026918961735,1.6000000000000003,0.12649110640673178,4.333333333333333,0.5773502691896258,3.8333333333333335,0.7527726527090811,0.7000000000000455,0.0,0.17364817766693028,-0.984807753012208,0.7071067811865476,-0.7071067811865475,1.2,6.0
2026-08-04 10:00:00,160,5.0,1.3,1009.0,14.8,15.5,1.5,1.6,1.7,5.0,4.0,3.0,1009.1,1009.0,1008.8,1.4333333333333333,0.11547005383792512,1.5333333333333334,0.16329931618554197,4.666666666666667,0.5773502691896258,4.166666666666667,0.7527726527090807,0.20000000000004547,0.0,0.3420201433256689,-0.9396926207859083,0.49999999999999994,-0.8660254037844387,1.3,6.0
2026-08-04 11:00:00,160,5.0,1.3,1009.2,14.7,15.0,1.3,1.5,1.8,5.0,4.0,3.0,1009.0,1009.1,1009.1,1.3666666666666665,0.1154700538379251,1.45,0.12247448713915347,5.0,0.0,4.5,0.5477225575051649,0.10000000000002274,0.10000000000002274,0.3420201433256689,-0.9396926207859083,0.258819045102521,-0.9659258262890682,1.3,6.0
2026-08-04 12:00:00,160,6.0,1.2,1009.3,14.7,15.0,1.3,1.5,1.5,5.0,5.0,4.0,1009.2,1009.1,1009.1,1.2666666666666666,0.057735026918962595,1.4000000000000001,0.15491933384829185,5.333333333333333,0.5773502691896258,4.833333333333333,0.7527726527090794,0.1999999999999318,0.1999999999999318,0.3420201433256689,-0.9396926207859083,1.2246467991473532e-16,-1.0,1.2,6.0
2026-08-04 13:00:00,150,6.0,1.3,1009.4,14.7,14.9,1.2,1.3,1.6,6.0,5.0,4.0,1009.3,1009.0,1009.0,1.2666666666666668,0.057735026918962595,1.3499999999999999,0.12247448713915209,5.666666666666667,0.5773502691896258,5.166666666666667,0.7527726527090787,0.39999999999997726,0.39999999999997726,0.49999999999999994,-0.8660254037844387,-0.2588190451025208,-0.9659258262890683,1.2,6.0
2026-08-04 14:00:00,160,6.0,1.3,1009.8,14.9,15.3,1.3,1.3,1.5,6.0,5.0,4.0,1009.4,1009.2,1009.1,1.2666666666666666,0.057735026918962595,1.3166666666666667,0.09831920802500842,6.0,0.0,5.5,0.5477225575051622,0.6999999999999318,0.599999999999909,0.3420201433256689,-0.9396926207859083,-0.4999999999999997,-0.8660254037844388,1.2,6.0
2026-08-04 15:00:00,150,6.0,1.2,1010.3,15.0,15.6,1.3,1.2,1.5,6.0,6.0,5.0,1009.8,1009.3,1009.1,1.2666666666666666,0.057735026918962595,1.2666666666666666,0.05163977794941341,6.0,0.0,5.666666666666667,0.5163977794943178,1.1999999999999318,1.0,0.49999999999999994,-0.8660254037844387,-0.7071067811865471,-0.7071067811865479,1.2,6.0
2026-08-04 16:00:00,150,6.0,1.2,1010.8,15.1,15.6,1.2,1.3,1.3,6.0,6.0,5.0,1010.3,1009.4,1009.0,1.2333333333333334,0.057735026918962595,1.25,0.05477225575049833,6.0,0.0,5.833333333333333,0.40824829046385663,1.7999999999999545,1.3999999999999773,0.49999999999999994,-0.8660254037844387,-0.8660254037844385,-0.5000000000000004,1.3,6.0
2026-08-04 17:00:00,160,6.0,1.2,1011.3,15.2,15.5,1.2,1.3,1.3,6.0,6.0,5.0,1010.8,1009.8,1009.2,1.2,0.0,1.2333333333333332,0.05163977794941225,6.0,0.0,6.0,0.0,2.099999999999909,1.5,0.3420201433256689,-0.9396926207859083,-0.9659258262890683,-0.25881904510252063,1.2,5.0
2026-08-04 18:00:00,160,6.0,1.2,1011.6,15.3,15.4,1.2,1.2,1.2,6.0,6.0,6.0,1011.3,1010.3,1009.3,1.2,0.0,1.2333333333333334,0.05163977794941225,6.0,0.0,6.0,0.0,2.300000000000068,1.3000000000000682,0.3420201433256689,-0.9396926207859083,-1.0,-1.8369701987210297e-16,1.1,5.0
2026-08-04 19:00:00,140,6.0,1.3,1012.0,15.0,15.5,1.2,1.2,1.3,6.0,6.0,6.0,1011.6,1010.8,1009.4,1.2333333333333332,0.057735026918962595,1.2333333333333332,0.05163977794941225,6.0,0.0,6.0,0.0,2.6000000000000227,1.2000000000000455,0.6427876096865395,-0.7660444431189779,-0.9659258262890684,0.2588190451025203,1.1,5.0
2026-08-04 20:00:00,140,5.0,1.2,1011.8,15.1,15.8,1.3,1.2,1.3,6.0,6.0,6.0,1012.0,1011.3,1009.8,1.2333333333333334,0.057735026918962595,1.2166666666666666,0.04082482904636029,5.666666666666667,0.5773502691896258,5.833333333333333,0.40824829046386296,2.0,0.5,0.6427876096865395,-0.7660444431189779,-0.8660254037844386,0.5000000000000001,1.1,5.0
2026-08-04 21:00:00,170,5.0,1.1,1011.6,15.7,16.4,1.2,1.2,1.2,5.0,6.0,6.0,1011.8,1011.6,1010.3,1.2,0.09999999999999992,1.2,0.06324555320335026,5.333333333333333,0.5773502691896258,5.666666666666667,0.5163977794943221,1.3000000000000682,0.0,0.17364817766693028,-0.984807753012208,-0.7071067811865477,0.7071067811865474,1.2,4.0
2026-08-04 22:00:00,170,5.0,1.1,1011.4,15.9,16.7,1.1,1.3,1.2,5.0,6.0,6.0,1011.6,1012.0,1010.8,1.1333333333333335,0.057735026918962276,1.1833333333333333,0.07527726527089312,5.0,0.0,5.5,0.5477225575051659,0.6000000000000227,-0.6000000000000227,0.17364817766693028,-0.984807753012208,-0.5000000000000004,0.8660254037844384,1.1,4.0
2026-08-04 23:00:00,180,5.0,1.1,1011.4,16.0,16.8,1.1,1.2,1.2,5.0,5.0,6.0,1011.4,1011.8,1011.3,1.1,0.0,1.1666666666666667,0.08164965809275841,5.0,0.0,5.333333333333333,0.5163977794943221,0.10000000000002274,-0.39999999999997726,1.2246467991473532e-16,-1.0,-0.25881904510252157,0.9659258262890681,1.0,4.0
2026-08-05 00:00:00,180,4.0,1.2,1011.2,16.0,16.9,1.1,1.1,1.2,5.0,5.0,6.0,1011.4,1011.6,1011.6,1.1333333333333335,0.05773502691896253,1.1666666666666667,0.08164965809275841,4.666666666666667,0.5773502691896258,5.0,0.6324555320336763,-0.39999999999997726,-0.39999999999997726,1.2246467991473532e-16,-1.0,0.0,1.0,1.1,4.0
2026-08-05 01:00:00,190,4.0,1.1,1010.9,16.0,16.9,1.2,1.1,1.3,4.0,5.0,6.0,1011.2,1011.4,1012.0,1.1333333333333333,0.05773502691896253,1.1333333333333335,0.051639777949408563,4.333333333333333,0.5773502691896258,4.666666666666667,0.5163977794943232,-1.1000000000000227,-0.5,-0.17364817766693047,-0.984807753012208,0.25881904510252074,0.9659258262890683,1.1,5.0
2026-08-05 02:00:00,190,4.0,1.0,1010.8,15.9,16.8,1.1,1.1,1.2,4.0,5.0,5.0,1010.9,1011.4,1011.8,1.0999999999999999,0.09999999999999994,1.0999999999999999,0.06324555320334725,4.0,0.0,4.5,0.5477225575051671,-1.0,-0.6000000000000227,-0.17364817766693047,-0.984807753012208,0.49999999999999994,0.8660254037844387,1.1,4.0
2026-08-05 03:00:00,190,4.0,1.1,1010.9,15.8,16.6,1.0,1.2,1.1,4.0,4.0,5.0,1010.8,1011.2,1011.6,1.0666666666666667,0.0577350269189624,1.1,0.06324555320334725,4.0,0.0,4.333333333333333,0.5163977794943234,-0.7000000000000455,-0.3000000000000682,-0.17364817766693047,-0.984807753012208,0.7071067811865476,0.7071067811865476,1.1,5.0
2026-08-05 04:00:00,180,5.0,1.1,1011.4,15.8,16.6,1.1,1.1,1.1,4.0,4.0,5.0,1010.9,1010.9,1011.4,1.0666666666666667,0.0577350269189624,1.0999999999999999,0.06324555320334725,4.333333333333333,0.5773502691896258,4.333333333333333,0.5163977794943234,0.0,0.5,1.2246467991473532e-16,-1.0,0.8660254037844386,0.5000000000000001,1.2,4.0
2026-08-05 05:00:00,180,4.0,1.1,1011.9,15.7,16.5,1.1,1.0,1.1,5.0,4.0,5.0,1011.4,1010.8,1011.4,1.1,0.0,1.1,0.06324555320334725,4.333333333333333,0.5773502691896258,4.166666666666667,0.40824829046386496,0.5,1.1000000000000227,1.2246467991473532e-16,-1.0,0.9659258262890683,0.25881904510252074,1.1,4.0
2026-08-05 06:00:00,180,5.0,1.1,1012.3,15.7,16.5,1.1,1.1,1.2,4.0,4.0,4.0,1011.9,1010.9,1011.2,1.1,0.0,1.0833333333333333,0.040824829046354025,4.666666666666667,0.5773502691896258,4.333333333333333,0.5163977794943234,1.099999999999909,1.3999999999999773,1.2246467991473532e-16,-1.0,1.0,6.123233995736766e-17,1.0,5.0
2026-08-05 07:00:00,170,4.0,1.2,1012.2,15.6,16.5,1.1,1.1,1.1,5.0,5.0,4.0,1012.3,1011.4,1010.9,1.1333333333333335,0.05773502691896253,1.1,0.06324555320334725,4.333333333333333,0.5773502691896258,4.333333333333333,0.5163977794943234,1.3000000000000682,0.8000000000000682,0.17364817766693028,-0.984807753012208,0.9659258262890683,-0.25881904510252063,1.0,6.0
2026-08-05 08:00:00,160,4.0,1.1,1012.2,15.5,16.3,1.2,1.1,1.0,4.0,4.0,4.0,1012.2,1011.9,1010.8,1.1333333333333335,0.05773502691896253,1.1166666666666667,0.04082482904635564,4.333333333333333,0.5773502691896258,4.333333333333333,0.5163977794943234,1.400000000000091,0.3000000000000682,0.3420201433256689,-0.9396926207859083,0.8660254037844387,-0.4999999999999998,1.0,6.0
2026-08-05 09:00:00,160,5.0,1.0,1012.1,15.4,16.4,1.1,1.1,1.1,4.0,5.0,4.0,1012.2,1012.3,1010.9,1.0999999999999999,0.09999999999999994,1.1,0.06324555320334725,4.333333333333333,0.5773502691896258,4.5,0.5477225575051671,1.2000000000000455,-0.1999999999999318,0.3420201433256689,-0.9396926207859083,0.7071067811865476,-0.7071067811865475,1.0,5.0
2026-08-05 10:00:00,160,6.0,1.0,1012.0,15.5,16.3,1.0,1.2,1.1,5.0,4.0,5.0,1012.1,1012.2,1011.4,1.0333333333333332,0.05773502691896229,1.0833333333333333,0.07527726527089054,5.0,1.0,4.666666666666667,0.8164965809277266,0.6000000000000227,-0.20000000000004547,0.3420201433256689,-0.9396926207859083,0.49999999999999994,-0.8660254037844387,1.0,5.0
2026-08-05 11:00:00,160,6.0,1.0,1012.1,15.6,16.3,1.0,1.1,1.1,6.0,4.0,4.0,1012.0,1012.2,1011.9,1.0,0.0,1.0666666666666667,0.08164965809275597,5.666666666666667,0.5773502691896258,5.0,0.8944271909999162,0.20000000000004547,-0.10000000000002274,0.3420201433256689,-0.9396926207859083,0.258819045102521,-0.9659258262890682,0.9,5.0
2026-08-05 12:00:00,170,5.0,1.0,1012.0,15.6,16.2,1.0,1.0,1.1,6.0,5.0,5.0,1012.1,1012.1,1012.3,1.0,0.0,1.05,0.08366600265339089,5.666666666666667,0.5773502691896258,5.0,0.8944271909999162,-0.2999999999999545,-0.10000000000002274,0.17364817766693028,-0.984807753012208,1.2246467991473532e-16,-1.0,1.0,4.0
2026-08-05 13:00:00,160,5.0,1.0,1012.1,15.5,16.1,1.0,1.0,1.2,5.0,6.0,4.0,1012.0,1012.0,1012.2,1.0,0.0,1.0166666666666668,0.04082482904635052,5.333333333333333,0.5773502691896258,5.166666666666667,0.7527726527090811,-0.10000000000002274,0.10000000000002274,0.3420201433256689,-0.9396926207859083,-0.2588190451025208,-0.9659258262890683,1.0,4.0
2026-08-05 14:00:00,160,5.0,0.9,1012.3,15.4,16.1,1.0,1.0,1.1,5.0,6.0,4.0,1012.1,1012.1,1012.2,0.9666666666666667,0.05773502691896256,0.9833333333333333,0.040824829046386304,5.0,0.0,5.333333333333333,0.516397779494322,0.09999999999990905,0.1999999999999318,0.3420201433256689,-0.9396926207859083,-0.4999999999999997,-0.8660254037844388,1.0,4.0
2026-08-05 15:00:00,160,4.0,1.0,1012.9,15.4,16.2,0.9,1.0,1.0,5.0,5.0,5.0,1012.3,1012.0,1012.1,0.9666666666666667,0.05773502691896256,0.9833333333333334,0.040824829046386304,4.666666666666667,0.5773502691896258,5.166666666666667,0.7527726527090809,0.7999999999999545,0.8999999999999773,0.3420201433256689,-0.9396926207859083,-0.7071067811865471,-0.7071067811865479,0.9,4.0
2026-08-05 16:00:00,160,4.0,1.0,1013.5,15.4,16.2,1.0,1.0,1.0,4.0,5.0,6.0,1012.9,1012.1,1012.0,0.9666666666666667,0.05773502691896256,0.9833333333333334,0.040824829046386304,4.333333333333333,0.5773502691896258,4.833333333333333,0.7527726527090809,1.5,1.3999999999999773,0.3420201433256689,-0.9396926207859083,-0.8660254037844385,-0.5000000000000004,1.0,5.0
2026-08-05 17:00:00,140,4.0,1.0,1014.1,15.5,16.2,1.0,0.9,1.0,4.0,5.0,6.0,1013.5,1012.3,1012.1,1.0,0.0,0.9833333333333334,0.040824829046386304,4.0,0.0,4.5,0.5477225575051657,2.0,1.8000000000000682,0.6427876096865395,-0.7660444431189779,-0.9659258262890683,-0.25881904510252063,1.0,5.0
2026-08-05 18:00:00,140,4.0,0.9,1014.2,15.5,16.1,1.0,1.0,1.0,4.0,4.0,5.0,1014.1,1012.9,1012.0,0.9666666666666667,0.05773502691896256,0.9666666666666667,0.05163977794943226,4.0,0.0,4.333333333333333,0.516397779494322,2.2000000000000455,1.3000000000000682,0.6427876096865395,-0.7660444431189779,-1.0,-1.8369701987210297e-16,1.0,4.0
2026-08-05 19:00:00,130,5.0,1.0,1014.4,15.4,16.3,0.9,1.0,1.0,4.0,4.0,5.0,1014.2,1013.5,1012.1,0.9666666666666667,0.05773502691896256,0.9666666666666667,0.05163977794943226,4.333333333333333,0.5773502691896258,4.333333333333333,0.516397779494322,2.2999999999999545,0.8999999999999773,0.766044443118978,-0.6427876096865394,-0.9659258262890684,0.2588190451025203,1.0,3.0
2026-08-05 20:00:00,140,5.0,1.0,1014.4,15.5,16.5,1.0,1.0,0.9,5.0,4.0,5.0,1014.4,1014.1,1012.3,0.9666666666666667,0.05773502691896256,0.9833333333333334,0.040824829046386304,4.666666666666667,0.5773502691896258,4.333333333333333,0.516397779494322,2.1000000000000227,0.2999999999999545,0.6427876096865395,-0.7660444431189779,-0.8660254037844386,0.5000000000000001,0.9,3.0
2026-08-05 21:00:00,150,4.0,1.0,1014.3,15.8,16.6,1.0,0.9,1.0,5.0,4.0,4.0,1014.4,1014.2,1012.9,1.0,0.0,0.9833333333333334,0.040824829046386304,4.666666666666667,0.5773502691896258,4.333333333333333,0.516397779494322,1.3999999999999773,0.09999999999990905,0.49999999999999994,-0.8660254037844387,-0.7071067811865477,0.7071067811865474,0.9,3.0
2026-08-05 22:00:00,180,3.0,1.0,1014.0,16.1,16.8,1.0,1.0,1.0,4.0,5.0,4.0,1014.3,1014.4,1013.5,1.0,0.0,0.9833333333333334,0.040824829046386304,4.0,1.0,4.166666666666667,0.7527726527090809,0.5,-0.39999999999997726,1.2246467991473532e-16,-1.0,-0.5000000000000004,0.8660254037844384,0.9,4.0
2026-08-05 23:00:00,180,3.0,0.9,1013.4,16.3,16.9,1.0,1.0,1.0,3.0,5.0,4.0,1014.0,1014.4,1014.1,0.9666666666666667,0.05773502691896256,0.9666666666666668,0.05163977794943226,3.3333333333333335,0.577350269189626,4.0,0.8944271909999157,-0.7000000000000455,-1.0,1.2246467991473532e-16,-1.0,-0.25881904510252157,0.9659258262890681,0.8,4.0
2026-08-06 00:00:00,190,3.0,0.9,1013.2,16.2,16.8,0.9,1.0,0.9,3.0,4.0,4.0,1013.4,1014.3,1014.2,0.9333333333333332,0.05773502691896255,0.9666666666666667,0.05163977794943226,3.0,0.0,3.8333333333333335,0.9831920802501749,-1.0,-1.099999999999909,-0.17364817766693047,-0.984807753012208,0.0,1.0,0.8,4.0
2026-08-06 01:00:00,190,4.0,0.9,1013.2,16.2,16.6,0.9,1.0,1.0,3.0,3.0,5.0,1013.2,1014.0,1014.4,0.9,0.0,0.9500000000000001,0.05477225575051669,3.3333333333333335,0.5773502691896257,3.6666666666666665,0.8164965809277259,-1.1999999999999318,-0.7999999999999545,-0.17364817766693047,-0.984807753012208,0.25881904510252074,0.9659258262890683,0.8,4.0
2026-08-06 02:00:00,190,4.0,0.8,1013.3,16.1,16.5,0.9,0.9,1.0,4.0,3.0,5.0,1013.2,1013.4,1014.4,0.8666666666666667,0.05773502691896256,0.9166666666666666,0.07527726527090822,3.6666666666666665,0.5773502691896257,3.5,0.5477225575051661,-1.1000000000000227,-0.10000000000002274,-0.17364817766693047,-0.984807753012208,0.49999999999999994,0.8660254037844387,0.7,3.0
2026-08-06 03:00:00,180,4.0,0.8,1013.3,16.0,16.4,0.8,0.9,1.0,4.0,3.0,4.0,1013.3,1013.2,1014.3,0.8333333333333334,0.05773502691896258,0.8833333333333333,0.07527726527090832,4.0,0.0,3.5,0.5477225575051661,-1.0,0.09999999999990905,1.2246467991473532e-16,-1.0,0.7071067811865476,0.7071067811865476,0.8,3.0
2026-08-06 04:00:00,190,4.0,0.8,1013.5,15.9,16.5,0.8,0.9,1.0,4.0,4.0,3.0,1013.3,1013.2,1014.0,0.8,0.0,0.8500000000000001,0.054772255750517036,4.0,0.0,3.6666666666666665,0.5163977794943221,-0.5,0.2999999999999545,-0.17364817766693047,-0.984807753012208,0.8660254037844386,0.5000000000000001,0.7,2.0
2026-08-06 05:00:00,190,3.0,0.7,1014.0,15.8,16.5,0.8,0.8,0.9,4.0,4.0,3.0,1013.5,1013.3,1013.4,0.7666666666666666,0.057735026918962644,0.8166666666666665,0.07527726527090853,3.6666666666666665,0.5773502691896257,3.6666666666666665,0.5163977794943221,0.6000000000000227,0.7000000000000455,-0.17364817766693047,-0.984807753012208,0.9659258262890683,0.25881904510252074,0.8,2.0
2026-08-06 06:00:00,190,3.0,0.8,1014.5,15.8,16.2,0.7,0.8,0.9,3.0,4.0,3.0,1014.0,1013.3,1013.2,0.7666666666666667,0.057735026918962644,0.8000000000000002,0.06324555320336815,3.3333333333333335,0.5773502691896257,3.6666666666666665,0.5163977794943221,1.2999999999999545,1.2000000000000455,-0.17364817766693047,-0.984807753012208,1.0,6.123233995736766e-17,0.9,2.0
2026-08-06 07:00:00,210,2.0,0.7,1014.3,15.8,16.2,0.8,0.8,0.9,3.0,4.0,4.0,1014.5,1013.5,1013.2,0.7333333333333333,0.057735026918962644,0.7666666666666666,0.05163977794943314,2.6666666666666665,0.5773502691896257,3.3333333333333335,0.8164965809277261,1.099999999999909,0.7999999999999545,-0.5000000000000001,-0.8660254037844386,0.9659258262890683,-0.25881904510252063,0.9,2.0
2026-08-06 08:00:00,170,2.0,0.8,1014.3,15.7,16.2,0.7,0.7,0.8,2.0,3.0,4.0,1014.3,1014.0,1013.3,0.7666666666666667,0.057735026918962644,0.7666666666666667,0.05163977794943314,2.3333333333333335,0.5773502691896257,3.0,0.8944271909999163,1.0,0.2999999999999545,0.17364817766693028,-0.984807753012208,0.8660254037844387,-0.4999999999999998,0.9,2.0
2026-08-06 09:00:00,160,2.0,0.9,1014.1,15.6,16.4,0.8,0.8,0.8,2.0,3.0,4.0,1014.3,1014.5,1013.3,0.7999999999999999,0.10000000000000003,0.7833333333333333,0.07527726527090864,2.0,0.0,2.6666666666666665,0.8164965809277268,0.8000000000000682,-0.39999999999997726,0.3420201433256689,-0.9396926207859083,0.7071067811865476,-0.7071067811865475,0.9,2.0
2026-08-06 10:00:00,160,2.0,0.9,1013.7,15.5,16.4,0.9,0.7,0.8,2.0,2.0,4.0,1014.1,1014.3,1013.5,0.8666666666666667,0.05773502691896251,0.7999999999999999,0.08944271909999199,2.0,0.0,2.3333333333333335,0.5163977794943239,0.20000000000004547,-0.599999999999909,0.3420201433256689,-0.9396926207859083,0.49999999999999994,-0.8660254037844387,0.8,2.0
2026-08-06 11:00:00,140,2.0,0.9,1013.7,15.4,16.4,0.9,0.8,0.7,2.0,2.0,3.0,1013.7,1014.3,1014.0,0.9,0.0,0.8333333333333334,0.08164965809277291,2.0,0.0,2.1666666666666665,0.4082482904638654,-0.2999999999999545,-0.599999999999909,0.6427876096865395,-0.7660444431189779,0.258819045102521,-0.9659258262890682,0.9,2.0
2026-08-06 12:00:00,170,2.0,0.9,1013.8,15.3,16.3,0.9,0.9,0.8,2.0,2.0,3.0,1013.7,1014.1,1014.5,0.9,0.0,0.8500000000000001,0.0836660026534078,2.0,0.0,2.0,0.0,-0.7000000000000455,-0.3000000000000682,0.17364817766693028,-0.984807753012208,1.2246467991473532e-16,-1.0,0.9,2.0
2026-08-06 13:00:00,190,2.0,0.8,1014.0,15.3,16.2,0.9,0.9,0.7,2.0,2.0,2.0,1013.8,1013.7,1014.3,0.8666666666666667,0.05773502691896256,0.8666666666666667,0.05163977794943246,2.0,0.0,2.0,0.0,-0.2999999999999545,0.2999999999999545,-0.17364817766693047,-0.984807753012208,-0.2588190451025208,-0.9659258262890683,1.0,2.0
2026-08-06 14:00:00,190,2.0,0.9,1014.4,15.3,16.4,0.8,0.9,0.8,2.0,2.0,2.0,1014.0,1013.7,1014.3,0.8666666666666667,0.05773502691896256,0.8833333333333334,0.04082482904638648,2.0,0.0,2.0,0.0,0.10000000000002274,0.6999999999999318,-0.17364817766693047,-0.984807753012208,-0.4999999999999997,-0.8660254037844388,0.9,1.0
2026-08-06 15:00:00,190,2.0,0.9,1015.0,15.4,16.6,0.9,0.9,0.9,2.0,2.0,2.0,1014.4,1013.8,1014.1,0.8666666666666667,0.05773502691896256,0.8833333333333333,0.04082482904638648,2.0,0.0,2.0,0.0,0.8999999999999773,1.2000000000000455,-0.17364817766693047,-0.984807753012208,-0.7071067811865471,-0.7071067811865479,0.8,1.0
2026-08-06 16:00:00,210,2.0,1.0,1015.1,15.5,16.7,0.9,0.8,0.9,2.0,2.0,2.0,1015.0,1014.0,1013.7,0.9333333333333332,0.05773502691896256,0.9,0.06324555320336762,2.0,0.0,2.0,0.0,1.3999999999999773,1.1000000000000227,-0.5000000000000001,-0.8660254037844386,-0.8660254037844385,-0.5000000000000004,0.9,1.0
2026-08-06 17:00:00,180,1.0,0.9,1015.4,15.9,16.7,1.0,0.9,0.9,2.0,2.0,2.0,1015.1,1014.4,1013.7,0.9333333333333332,0.05773502691896256,0.9,0.06324555320336762,1.6666666666666667,0.5773502691896258,1.8333333333333333,0.408248290463863,1.6999999999999318,1.0,1.2246467991473532e-16,-1.0,-0.9659258262890683,-0.25881904510252063,0.8,2.0
2026-08-06 18:00:00,190,1.0,0.8,1015.6,16.1,16.9,0.9,0.9,0.9,1.0,2.0,2.0,1015.4,1015.0,1013.8,0.9,0.09999999999999996,0.8833333333333333,0.07527726527090817,1.3333333333333333,0.5773502691896258,1.6666666666666667,0.5163977794943222,1.8000000000000682,0.6000000000000227,-0.17364817766693047,-0.984807753012208,-1.0,-1.8369701987210297e-16,0.8,2.0
2026-08-06 19:00:00,170,1.0,0.9,1015.9,16.5,17.2,0.8,1.0,0.8,1.0,2.0,2.0,1015.6,1015.1,1014.0,0.8666666666666667,0.05773502691896256,0.9,0.06324555320336761,1.0,0.0,1.5,0.5477225575051661,1.8999999999999773,0.7999999999999545,0.17364817766693028,-0.984807753012208,-0.9659258262890684,0.2588190451025203,0.8,3.0
2026-08-06 20:00:00,190,2.0,0.8,1015.9,16.8,17.4,0.9,0.9,0.9,1.0,1.0,2.0,1015.9,1015.4,1014.4,0.8333333333333334,0.05773502691896258,0.8833333333333333,0.07527726527090817,1.3333333333333333,0.5773502691896258,1.5,0.5477225575051661,1.5,0.5,-0.17364817766693047,-0.984807753012208,-0.8660254037844386,0.5000000000000001,0.7,2.0
2026-08-06 21:00:00,210,2.0,0.8,1016.0,16.7,17.5,0.8,0.8,0.9,2.0,1.0,2.0,1015.9,1015.6,1015.0,0.8333333333333334,0.05773502691896258,0.8666666666666667,0.0816496580927727,1.6666666666666667,0.5773502691896258,1.5,0.5477225575051661,1.0,0.39999999999997726,-0.5000000000000001,-0.8660254037844386,-0.7071067811865477,0.7071067811865474,0.7,2.0
2026-08-06 22:00:00,210,3.0,0.8,1015.9,16.6,17.4,0.8,0.9,1.0,2.0,1.0,2.0,1016.0,1015.9,1015.1,0.8,0.0,0.8333333333333334,0.05163977794943257,2.3333333333333335,0.5773502691896257,1.6666666666666667,0.816496580927726,0.7999999999999545,0.0,-0.5000000000000001,-0.8660254037844386,-0.5000000000000004,0.8660254037844384,0.7,2.0
2026-08-06 23:00:00,230,2.0,0.7,1015.5,16.8,17.5,0.8,0.8,0.9,3.0,2.0,1.0,1015.9,1015.9,1015.4,0.7666666666666666,0.057735026918962644,0.7999999999999999,0.06324555320336804,2.3333333333333335,0.5773502691896257,1.8333333333333333,0.752772652709081,0.10000000000002274,-0.39999999999997726,-0.7660444431189779,-0.6427876096865395,-0.25881904510252157,0.9659258262890681,0.7,3.0
2026-08-07 00:00:00,270,2.0,0.7,1015.4,16.8,17.3,0.7,0.8,0.8,2.0,2.0,1.0,1015.5,1016.0,1015.6,0.7333333333333334,0.057735026918962644,0.7833333333333333,0.07527726527090854,2.3333333333333335,0.5773502691896257,2.0,0.6324555320336759,-0.20000000000004547,-0.6000000000000227,-1.0,-1.8369701987210297e-16,0.0,1.0,0.7,3.0
2026-08-07 01:00:00,300,2.0,0.7,1015.0,16.6,17.4,0.7,0.8,0.9,2.0,3.0,1.0,1015.4,1015.9,1015.9,0.7,0.0,0.75,0.05477225575051737,2.0,0.0,2.1666666666666665,0.40824829046386296,-0.8999999999999773,-0.8999999999999773,-0.8660254037844386,0.5000000000000001,0.25881904510252074,0.9659258262890683,0.7,4.0
2026-08-07 02:00:00,290,3.0,0.7,1014.8,16.1,17.0,0.7,0.7,0.8,2.0,2.0,2.0,1015.0,1015.5,1015.9,0.7,0.0,0.7333333333333334,0.0516397779494331,2.3333333333333335,0.5773502691896257,2.3333333333333335,0.5163977794943221,-1.1000000000000227,-0.7000000000000455,-0.9396926207859083,0.342020143325669,0.49999999999999994,0.8660254037844387,0.7,5.0
2026-08-07 03:00:00,300,3.0,0.7,1014.8,15.9,16.8,0.7,0.7,0.8,3.0,2.0,2.0,1014.8,1015.4,1016.0,0.7,0.0,0.7166666666666667,0.04082482904638747,2.6666666666666665,0.5773502691896257,2.5,0.5477225575051659,-1.2000000000000455,-0.6000000000000227,-0.8660254037844386,0.5000000000000001,0.7071067811865476,0.7071067811865476,0.7,5.0
2026-08-07 04:00:00,300,4.0,0.7,1015.0,15.6,16.3,0.7,0.7,0.8,3.0,2.0,3.0,1014.8,1015.0,1015.9,0.7,0.0,0.7,0.0,3.3333333333333335,0.5773502691896257,2.6666666666666665,0.8164965809277258,-0.8999999999999773,0.0,-0.8660254037844386,0.5000000000000001,0.8660254037844386,0.5000000000000001,0.7,5.0
2026-08-07 05:00:00,320,5.0,0.7,1015.4,15.1,16.3,0.7,0.7,0.7,4.0,3.0,2.0,1015.0,1014.8,1015.5,0.7,0.0,0.7,0.0,4.0,0.9999999999999999,3.1666666666666665,1.1690451944500118,-0.10000000000002274,0.6000000000000227,-0.6427876096865396,0.7660444431189778,0.9659258262890683,0.25881904510252074,0.7,4.0
2026-08-07 06:00:00,320,5.0,0.7,1015.8,14.7,16.4,0.7,0.7,0.7,5.0,3.0,2.0,1015.4,1014.8,1015.4,0.7,0.0,0.7,0.0,4.666666666666667,0.5773502691896256,3.6666666666666665,1.2110601416389963,0.39999999999997726,1.0,-0.6427876096865396,0.7660444431189778,1.0,6.123233995736766e-17,0.7,3.0
2026-08-07 07:00:00,320,5.0,0.7,1015.8,14.3,16.3,0.7,0.7,0.7,5.0,4.0,2.0,1015.8,1015.0,1015.0,0.7,0.0,0.7,0.0,5.0,0.0,4.166666666666667,0.9831920802501745,0.7999999999999545,0.7999999999999545,-0.6427876096865396,0.7660444431189778,0.9659258262890683,-0.25881904510252063,0.7,4.0
2026-08-07 08:00:00,320,4.0,0.7,1016.2,14.4,16.2,0.7,0.7,0.7,5.0,5.0,3.0,1015.8,1015.4,1014.8,0.7,0.0,0.7,0.0,4.666666666666667,0.5773502691896258,4.333333333333333,0.8164965809277253,1.400000000000091,0.8000000000000682,-0.6427876096865396,0.7660444431189778,0.8660254037844387,-0.4999999999999998,0.7,5.0
2026-08-07 09:00:00,310,3.0,0.7,1016.3,14.6,16.2,0.7,0.7,0.7,4.0,5.0,3.0,1016.2,1015.8,1014.8,0.7,0.0,0.7,0.0,4.0,1.0,4.333333333333333,0.8164965809277253,1.5,0.5,-0.7660444431189781,0.6427876096865393,0.7071067811865476,-0.7071067811865475,0.6,5.0
2026-08-07 10:00:00,310,4.0,0.7,1016.1,14.7,16.2,0.7,0.7,0.7,3.0,5.0,4.0,1016.3,1015.8,1015.0,0.7,0.0,0.7,0.0,3.6666666666666665,0.577350269189626,4.333333333333333,0.8164965809277253,1.1000000000000227,0.3000000000000682,-0.7660444431189781,0.6427876096865393,0.49999999999999994,-0.8660254037844387,0.7,5.0
2026-08-07 11:00:00,310,5.0,0.7,1016.0,14.7,16.3,0.7,0.7,0.7,4.0,4.0,5.0,1016.1,1016.2,1015.4,0.7,0.0,0.7,0.0,4.0,1.0,4.333333333333333,0.8164965809277254,0.6000000000000227,-0.20000000000004547,-0.7660444431189781,0.6427876096865393,0.258819045102521,-0.9659258262890682,0.7,4.0
2026-08-07 12:00:00,310,5.0,0.6,1016.0,14.7,16.3,0.7,0.7,0.7,5.0,3.0,5.0,1016.0,1016.3,1015.8,0.6666666666666666,0.05773502691896256,0.6833333333333332,0.040824829046386304,4.666666666666667,0.5773502691896258,4.333333333333333,0.8164965809277254,0.20000000000004547,-0.2999999999999545,-0.7660444431189781,0.6427876096865393,1.2246467991473532e-16,-1.0,0.7,4.0
2026-08-07 13:00:00,320,5.0,0.7,1016.1,14.6,16.2,0.6,0.7,0.7,5.0,4.0,5.0,1016.0,1016.1,1015.8,0.6666666666666666,0.05773502691896256,0.6833333333333332,0.040824829046386304,5.0,0.0,4.333333333333333,0.8164965809277254,0.3000000000000682,0.0,-0.6427876096865396,0.7660444431189778,-0.2588190451025208,-0.9659258262890683,0.7,4.0
2026-08-07 14:00:00,330,4.0,0.7,1016.4,14.4,16.1,0.7,0.7,0.7,5.0,5.0,4.0,1016.1,1016.0,1016.2,0.6666666666666666,0.05773502691896256,0.6833333333333332,0.040824829046386304,4.666666666666667,0.5773502691896258,4.333333333333333,0.8164965809277254,0.1999999999999318,0.39999999999997726,-0.5000000000000004,0.8660254037844384,-0.4999999999999997,-0.8660254037844388,0.8,4.0
2026-08-07 15:00:00,320,4.0,0.7,1017.0,14.4,16.2,0.7,0.6,0.7,4.0,5.0,3.0,1016.4,1016.0,1016.3,0.7,0.0,0.6833333333333332,0.040824829046386304,4.333333333333333,0.5773502691896258,4.5,0.5477225575051649,0.7000000000000455,1.0,-0.6427876096865396,0.7660444431189778,-0.7071067811865471,-0.7071067811865479,0.8,4.0
2026-08-07 16:00:00,320,4.0,0.7,1017.1,14.4,16.2,0.7,0.7,0.7,4.0,5.0,4.0,1017.0,1016.1,1016.1,0.7,0.0,0.6833333333333332,0.040824829046386304,4.0,0.0,4.5,0.5477225575051649,1.0,1.0,-0.6427876096865396,0.7660444431189778,-0.8660254037844385,-0.5000000000000004,0.8,4.0
2026-08-07 17:00:00,320,4.0,0.8,1017.5,14.4,16.1,0.7,0.7,0.7,4.0,4.0,5.0,1017.1,1016.4,1016.0,0.7333333333333333,0.057735026918962644,0.7000000000000001,0.06324555320336758,4.0,0.0,4.333333333333333,0.516397779494321,1.5,1.1000000000000227,-0.6427876096865396,0.7660444431189778,-0.9659258262890683,-0.25881904510252063,0.8,4.0
2026-08-07 18:00:00,310,4.0,0.8,1017.5,14.6,16.0,0.8,0.7,0.6,4.0,4.0,5.0,1017.5,1017.0,1016.0,0.7666666666666667,0.057735026918962644,0.7333333333333333,0.051639777949432177,4.0,0.0,4.166666666666667,0.4082482904638618,1.5,0.5,-0.7660444431189781,0.6427876096865393,-1.0,-1.8369701987210297e-16,0.8,4.0
2026-08-07 19:00:00,310,4.0,0.8,1017.9,14.8,16.0,0.8,0.7,0.7,4.0,4.0,5.0,1017.5,1017.1,1016.1,0.8,0.0,0.75,0.05477225575051653,4.0,0.0,4.0,0.0,1.7999999999999545,0.7999999999999545,-0.7660444431189781,0.6427876096865393,-0.9659258262890684,0.2588190451025203,0.8,5.0
2026-08-07 20:00:00,310,4.0,0.8,1017.9,14.9,16.0,0.8,0.8,0.7,4.0,4.0,4.0,1017.9,1017.5,1016.4,0.8,0.0,0.7666666666666666,0.05163977794943209,4.0,0.0,4.0,0.0,1.5,0.39999999999997726,-0.7660444431189781,0.6427876096865393,-0.8660254037844386,0.5000000000000001,0.8,5.0
2026-08-07 21:00:00,320,4.0,0.8,1017.6,14.9,15.8,0.8,0.8,0.7,4.0,4.0,4.0,1017.9,1017.5,1017.0,0.8,0.0,0.7833333333333333,0.04082482904638603,4.0,0.0,4.0,0.0,0.6000000000000227,0.10000000000002274,-0.6427876096865396,0.7660444431189778,-0.7071067811865477,0.7071067811865474,0.8,6.0
2026-08-07 22:00:00,320,5.0,0.8,1017.1,14.9,15.7,0.8,0.8,0.7,4.0,4.0,4.0,1017.6,1017.9,1017.1,0.8,0.0,0.8,0.0,4.333333333333333,0.5773502691896258,4.166666666666667,0.40824829046386296,0.0,-0.7999999999999545,-0.6427876096865396,0.7660444431189778,-0.5000000000000004,0.8660254037844384,0.7,6.0
2026-08-07 23:00:00,320,5.0,0.8,1016.6,15.1,15.7,0.8,0.8,0.8,5.0,4.0,4.0,1017.1,1017.9,1017.5,0.8,0.0,0.8,0.0,4.666666666666667,0.5773502691896258,4.333333333333333,0.5163977794943221,-0.8999999999999773,-1.2999999999999545,-0.6427876096865396,0.7660444431189778,-0.25881904510252157,0.9659258262890681,0.7,6.0
2026-08-08 00:00:00,310,6.0,0.8,1016.2,15.2,15.8,0.8,0.8,0.8,5.0,4.0,4.0,1016.6,1017.6,1017.5,0.8,0.0,0.8,0.0,5.333333333333333,0.5773502691896258,4.666666666666667,0.8164965809277258,-1.2999999999999545,-1.3999999999999773,-0.7660444431189781,0.6427876096865393,0.0,1.0,0.8,5.0
2026-08-08 01:00:00,300,6.0,0.7,1016.2,15.2,15.6,0.8,0.8,0.8,6.0,5.0,4.0,1016.2,1017.1,1017.9,0.7666666666666666,0.057735026918962644,0.7833333333333333,0.040824829046386325,5.666666666666667,0.5773502691896258,5.0,0.8944271909999154,-1.6999999999999318,-0.8999999999999773,-0.8660254037844386,0.5000000000000001,0.25881904510252074,0.9659258262890683,0.8,5.0
2026-08-08 02:00:00,310,6.0,0.7,1016.1,15.0,15.6,0.7,0.8,0.8,6.0,5.0,4.0,1016.2,1016.6,1017.9,0.7333333333333334,0.057735026918962644,0.7666666666666666,0.05163977794943227,6.0,0.0,5.333333333333333,0.8164965809277251,-1.7999999999999545,-0.5,-0.7660444431189781,0.6427876096865393,0.49999999999999994,0.8660254037844387,0.9,5.0
2026-08-08 03:00:00,310,5.0,0.8,1016.0,14.9,15.7,0.7,0.8,0.8,6.0,6.0,4.0,1016.1,1016.2,1017.6,0.7333333333333333,0.057735026918962644,0.7666666666666667,0.05163977794943227,5.666666666666667,0.5773502691896258,5.5,0.5477225575051645,-1.6000000000000227,-0.20000000000004547,-0.7660444431189781,0.6427876096865393,0.7071067811865476,0.7071067811865476,0.9,5.0
2026-08-08 04:00:00,310,5.0,0.8,1015.9,14.8,15.7,0.8,0.7,0.8,5.0,6.0,5.0,1016.0,1016.2,1017.1,0.7666666666666667,0.057735026918962644,0.7666666666666666,0.05163977794943227,5.333333333333333,0.5773502691896258,5.5,0.5477225575051645,-1.2000000000000455,-0.3000000000000682,-0.7660444431189781,0.6427876096865393,0.8660254037844386,0.5000000000000001,1.0,5.0
2026-08-08 05:00:00,310,5.0,0.9,1016.2,14.5,15.4,0.8,0.7,0.8,5.0,6.0,5.0,1015.9,1016.1,1016.6,0.8333333333333334,0.05773502691896256,0.7833333333333333,0.07527726527090814,5.0,0.0,5.5,0.5477225575051645,-0.39999999999997726,0.10000000000002274,-0.7660444431189781,0.6427876096865393,0.9659258262890683,0.25881904510252074,1.2,5.0
2026-08-08 06:00:00,300,5.0,0.9,1016.5,14.4,15.4,0.9,0.8,0.8,5.0,5.0,6.0,1016.2,1016.0,1016.2,0.8666666666666667,0.05773502691896255,0.7999999999999999,0.0894427190999916,5.0,0.0,5.333333333333333,0.5163977794943206,0.2999999999999545,0.5,-0.8660254037844386,0.5000000000000001,1.0,6.123233995736766e-17,1.2,5.0
2026-08-08 07:00:00,300,5.0,1.0,1016.5,14.5,15.3,0.9,0.8,0.7,5.0,5.0,6.0,1016.5,1015.9,1016.2,0.9333333333333332,0.05773502691896256,0.85,0.10488088481701513,5.0,0.0,5.166666666666667,0.4082482904638614,0.2999999999999545,0.6000000000000227,-0.8660254037844386,0.5000000000000001,0.9659258262890683,-0.25881904510252063,1.3,5.0
2026-08-08 08:00:00,300,5.0,1.2,1016.7,14.8,15.3,1.0,0.9,0.7,5.0,5.0,6.0,1016.5,1016.2,1016.1,1.0333333333333332,0.1527525231651947,0.9333333333333335,0.15055453054181608,5.0,0.0,5.0,0.0,0.6000000000000227,0.5,-0.8660254037844386,0.5000000000000001,0.8660254037844387,-0.4999999999999998,1.2,4.0
2026-08-08 09:00:00,310,5.0,1.2,1016.4,14.7,15.3,1.2,0.9,0.8,5.0,5.0,5.0,1016.7,1016.5,1016.0,1.1333333333333333,0.1154700538379253,1.0,0.1673320053068149,5.0,0.0,5.0,0.0,0.39999999999997726,-0.10000000000002274,-0.7660444431189781,0.6427876096865393,0.7071067811865476,-0.7071067811865475,1.3,4.0
2026-08-08 10:00:00,310,5.0,1.3,1016.3,14.5,15.1,1.2,1.0,0.8,5.0,5.0,5.0,1016.4,1016.5,1015.9,1.2333333333333334,0.057735026918962595,1.0833333333333333,0.17224014243685057,5.0,0.0,5.0,0.0,0.39999999999997726,-0.20000000000004547,-0.7660444431189781,0.6427876096865393,0.49999999999999994,-0.8660254037844387,1.1,4.0
2026-08-08 11:00:00,310,4.0,1.2,1015.9,14.3,15.2,1.3,1.2,0.9,5.0,5.0,5.0,1016.3,1016.7,1016.2,1.2333333333333332,0.057735026918962595,1.133333333333333,0.15055453054181586,4.666666666666667,0.5773502691896258,4.833333333333333,0.40824829046386296,-0.3000000000000682,-0.8000000000000682,-0.7660444431189781,0.6427876096865393,0.258819045102521,-0.9659258262890682,1.2,4.0
2026-08-08 12:00:00,320,4.0,1.3,1015.6,14.1,15.3,1.2,1.2,0.9,4.0,5.0,5.0,1015.9,1016.4,1016.5,1.2666666666666666,0.057735026918962595,1.2,0.10954451150103281,4.333333333333333,0.5773502691896258,4.666666666666667,0.5163977794943221,-0.8999999999999773,-0.7999999999999545,-0.6427876096865396,0.7660444431189778,1.2246467991473532e-16,-1.0,1.1,4.0
2026-08-08 13:00:00,320,4.0,1.1,1015.6,14.1,15.4,1.3,1.3,1.0,4.0,5.0,5.0,1015.6,1016.3,1016.5,1.2000000000000002,0.09999999999999992,1.2166666666666666,0.07527726527090749,4.0,0.0,4.5,0.5477225575051659,-0.8999999999999773,-0.6999999999999318,-0.6427876096865396,0.7660444431189778,-0.2588190451025208,-0.9659258262890683,1.1,3.0
2026-08-08 14:00:00,320,4.0,1.2,1015.8,14.0,15.4,1.1,1.2,1.2,4.0,4.0,5.0,1015.6,1015.9,1016.7,1.2,0.09999999999999992,1.2166666666666666,0.07527726527090749,4.0,0.0,4.333333333333333,0.5163977794943221,-0.900000000000091,-0.10000000000002274,-0.6427876096865396,0.7660444431189778,-0.4999999999999997,-0.8660254037844388,1.0,4.0
2026-08-08 15:00:00,300,4.0,1.1,1016.2,14.1,15.3,1.2,1.3,1.2,4.0,4.0,5.0,1015.8,1015.6,1016.4,1.1333333333333333,0.057735026918962276,1.2,0.08944271909999109,4.0,0.0,4.166666666666667,0.4082482904638632,-0.1999999999999318,0.6000000000000227,-0.8660254037844386,0.5000000000000001,-0.7071067811865471,-0.7071067811865479,1.0,4.0
2026-08-08 16:00:00,310,3.0,1.1,1016.3,14.2,15.3,1.1,1.1,1.3,4.0,4.0,5.0,1016.2,1015.6,1016.3,1.1333333333333333,0.057735026918962276,1.1666666666666667,0.0816496580927721,3.6666666666666665,0.5773502691896257,3.8333333333333335,0.408248290463863,0.0,0.6999999999999318,-0.7660444431189781,0.6427876096865393,-0.8660254037844385,-0.5000000000000004,1.1,4.0
2026-08-08 17:00:00,300,4.0,1.0,1016.4,14.3,15.3,1.1,1.2,1.2,3.0,4.0,4.0,1016.3,1015.8,1015.9,1.0666666666666667,0.057735026918962595,1.1333333333333335,0.10327955589886412,3.6666666666666665,0.5773502691896257,3.8333333333333335,0.408248290463863,0.5,0.6000000000000227,-0.8660254037844386,0.5000000000000001,-0.9659258262890683,-0.25881904510252063,1.2,4.0
2026-08-08 18:00:00,300,4.0,1.0,1016.5,14.5,15.3,1.0,1.1,1.3,4.0,4.0,4.0,1016.4,1016.2,1015.6,1.0333333333333334,0.057735026918962484,1.0833333333333333,0.07527726527090779,3.6666666666666665,0.5773502691896257,3.8333333333333335,0.408248290463863,0.8999999999999773,0.2999999999999545,-0.8660254037844386,0.5000000000000001,-1.0,-1.8369701987210297e-16,1.3,5.0
2026-08-08 19:00:00,310,4.0,1.1,1016.5,14.4,15.3,1.0,1.1,1.1,4.0,3.0,4.0,1016.5,1016.3,1015.6,1.0333333333333334,0.057735026918962595,1.0833333333333333,0.07527726527090779,4.0,0.0,3.8333333333333335,0.408248290463863,0.8999999999999773,0.20000000000004547,-0.7660444431189781,0.6427876096865393,-0.9659258262890684,0.2588190451025203,1.2,5.0
2026-08-08 20:00:00,310,4.0,1.2,1016.3,14.5,15.3,1.1,1.0,1.2,4.0,4.0,4.0,1016.5,1016.4,1015.8,1.0999999999999999,0.09999999999999985,1.0833333333333333,0.07527726527090779,4.0,0.0,3.8333333333333335,0.408248290463863,0.5,-0.10000000000002274,-0.7660444431189781,0.6427876096865393,-0.8660254037844386,0.5000000000000001,1.3,5.0
2026-08-08 21:00:00,300,5.0,1.3,1016.0,14.6,15.3,1.2,1.0,1.1,4.0,4.0,4.0,1016.3,1016.5,1016.2,1.2,0.09999999999999971,1.116666666666667,0.11690451944500102,4.333333333333333,0.5773502691896258,4.0,0.6324555320336759,-0.20000000000004547,-0.5,-0.8660254037844386,0.5000000000000001,-0.7071067811865477,0.7071067811865474,1.0,5.0
2026-08-08 22:00:00,310,5.0,1.2,1015.6,14.7,15.3,1.3,1.1,1.1,5.0,4.0,3.0,1016.0,1016.5,1016.3,1.2333333333333334,0.057735026918962026,1.1333333333333333,0.12110601416389946,4.666666666666667,0.5773502691896258,4.333333333333333,0.5163977794943221,-0.6999999999999318,-0.8999999999999773,-0.7660444431189781,0.6427876096865393,-0.5000000000000004,0.8660254037844384,1.0,4.0
2026-08-08 23:00:00,310,5.0,1.3,1015.1,14.8,15.2,1.2,1.2,1.0,5.0,4.0,4.0,1015.6,1016.3,1016.4,1.2666666666666666,0.057735026918962026,1.1833333333333333,0.11690451944500103,5.0,0.0,4.5,0.5477225575051659,-1.2999999999999545,-1.1999999999999318,-0.7660444431189781,0.6427876096865393,-0.25881904510252157,0.9659258262890681,1.1,4.0
2026-08-09 00:00:00,310,5.0,1.0,1014.5,14.9,15.4,1.3,1.3,1.0,5.0,5.0,4.0,1015.1,1016.0,1016.5,1.1666666666666667,0.15275252316519447,1.1833333333333333,0.11690451944500103,5.0,0.0,4.666666666666667,0.5163977794943221,-2.0,-1.5,-0.7660444431189781,0.6427876096865393,0.0,1.0,1.0,4.0
2026-08-09 01:00:00,310,4.0,1.0,1014.1,15.0,15.4,1.0,1.2,1.1,5.0,5.0,4.0,1014.5,1015.6,1016.5,1.0999999999999999,0.17320508075688762,1.1666666666666667,0.13662601021279447,4.666666666666667,0.5773502691896258,4.666666666666667,0.5163977794943221,-2.3999999999999773,-1.5,-0.7660444431189781,0.6427876096865393,0.25881904510252074,0.9659258262890683,0.9,3.0
2026-08-09 02:00:00,300,4.0,1.1,1013.7,15.1,15.4,1.0,1.3,1.2,4.0,5.0,4.0,1014.1,1015.1,1016.3,1.0333333333333334,0.057735026918962595,1.1500000000000001,0.13784048752090203,4.333333333333333,0.5773502691896258,4.666666666666667,0.5163977794943221,-2.599999999999909,-1.3999999999999773,-0.8660254037844386,0.5000000000000001,0.49999999999999994,0.8660254037844387,1.0,3.0
2026-08-09 03:00:00,300,4.0,1.0,1013.4,14.9,15.4,1.1,1.0,1.3,4.0,5.0,5.0,1013.7,1014.5,1016.0,1.0333333333333334,0.057735026918962595,1.0999999999999999,0.1264911064067349,4.0,0.0,4.5,0.5477225575051659,-2.6000000000000227,-1.1000000000000227,-0.8660254037844386,0.5000000000000001,0.7071067811865476,0.7071067811865476,0.9,1.0
2026-08-09 04:00:00,290,3.0,0.9,1013.4,14.8,15.3,1.0,1.0,1.2,4.0,4.0,5.0,1013.4,1014.1,1015.6,1.0,0.10000000000000012,1.05,0.1378404875209019,3.6666666666666665,0.5773502691896257,4.166666666666667,0.752772652709081,-2.2000000000000455,-0.7000000000000455,-0.9396926207859083,0.342020143325669,0.8660254037844386,0.5000000000000001,1.0,2.0
2026-08-09 05:00:00,290,3.0,1.0,1013.3,14.9,15.5,0.9,1.1,1.3,3.0,4.0,5.0,1013.4,1013.7,1015.1,0.9666666666666667,0.05773502691896286,1.0,0.0632455532033667,3.3333333333333335,0.5773502691896257,3.8333333333333335,0.752772652709081,-1.8000000000000682,-0.40000000000009095,-0.9396926207859083,0.342020143325669,0.9659258262890683,0.25881904510252074,1.0,1.0
2026-08-09 06:00:00,180,1.0,0.9,1013.0,15.0,15.6,1.0,1.0,1.0,3.0,4.0,5.0,1013.3,1013.4,1014.5,0.9333333333333332,0.05773502691896306,0.9833333333333333,0.0752772652709073,2.3333333333333335,1.1547005383792517,3.1666666666666665,1.1690451944500122,-1.5,-0.39999999999997726,1.2246467991473532e-16,-1.0,1.0,6.123233995736766e-17,1.1,2.0
2026-08-09 07:00:00,240,2.0,1.0,1012.5,15.4,15.6,0.9,0.9,1.0,1.0,3.0,4.0,1013.0,1013.4,1014.1,0.9666666666666667,0.05773502691896286,0.9833333333333334,0.0752772652709073,2.0,1.0,2.8333333333333335,1.1690451944500124,-1.6000000000000227,-0.8999999999999773,-0.8660254037844385,-0.5000000000000004,0.9659258262890683,-0.25881904510252063,1.0,3.0
2026-08-09 08:00:00,240,1.0,1.0,1012.1,15.7,15.6,1.0,1.0,1.1,2.0,3.0,4.0,1012.5,1013.3,1013.7,0.9666666666666667,0.05773502691896286,0.9666666666666667,0.05163977794943095,1.3333333333333333,0.577350269189626,2.3333333333333335,1.2110601416389972,-1.6000000000000227,-1.1999999999999318,-0.8660254037844385,-0.5000000000000004,0.8660254037844387,-0.4999999999999998,1.0,3.0
2026-08-09 09:00:00,170,2.0,1.1,1011.8,15.8,15.6,1.0,0.9,1.0,1.0,1.0,4.0,1012.1,1013.0,1013.4,1.0333333333333334,0.057735026918962595,0.9833333333333334,0.0752772652709073,1.6666666666666667,0.577350269189626,2.0,0.8944271909999169,-1.6000000000000227,-1.2000000000000455,0.17364817766693028,-0.984807753012208,0.7071067811865476,-0.7071067811865475,1.0,4.0
2026-08-09 10:00:00,160,3.0,1.0,1011.5,15.7,15.6,1.1,1.0,0.9,2.0,2.0,3.0,1011.8,1012.5,1013.4,1.0333333333333334,0.057735026918962595,1.0,0.0632455532033667,2.0,1.0,2.0,0.8944271909999169,-1.8999999999999773,-1.0,0.3420201433256689,-0.9396926207859083,0.49999999999999994,-0.8660254037844387,1.2,5.0
2026-08-09 11:00:00,150,3.0,1.0,1011.1,15.4,15.3,1.0,1.0,1.0,3.0,1.0,3.0,1011.5,1012.1,1013.3,1.0333333333333334,0.057735026918962595,1.0,0.0632455532033667,2.6666666666666665,0.577350269189626,2.0,0.8944271909999169,-2.199999999999932,-1.0,0.49999999999999994,-0.8660254037844387,0.258819045102521,-0.9659258262890682,1.5,5.0
2026-08-09 12:00:00,130,4.0,1.0,1010.8,15.1,15.2,1.0,1.1,0.9,3.0,2.0,1.0,1011.1,1011.8,1013.0,1.0,0.0,1.0166666666666668,0.040824829046385035,3.3333333333333335,0.5773502691896257,2.5,1.0488088481701519,-2.2000000000000455,-1.0,0.766044443118978,-0.6427876096865394,1.2246467991473532e-16,-1.0,1.4,4.0
2026-08-09 13:00:00,130,5.0,1.2,1010.8,14.7,15.2,1.0,1.0,1.0,4.0,3.0,2.0,1010.8,1011.5,1012.5,1.0666666666666667,0.11547005383792512,1.05,0.08366600265340692,4.0,0.9999999999999999,3.0,1.4142135623730951,-1.7000000000000455,-0.7000000000000455,0.766044443118978,-0.6427876096865394,-0.2588190451025208,-0.9659258262890683,1.3,3.0
2026-08-09 14:00:00,120,5.0,1.5,1011.2,14.4,15.1,1.2,1.0,1.0,5.0,3.0,1.0,1010.8,1011.1,1012.1,1.2333333333333334,0.25166114784235827,1.1333333333333335,0.19663841605003474,4.666666666666667,0.5773502691896256,3.6666666666666665,1.211060141638996,-0.8999999999999773,0.10000000000002274,0.8660254037844387,-0.4999999999999998,-0.4999999999999997,-0.8660254037844388,1.2,4.0
2026-08-09 15:00:00,130,4.0,1.4,1011.6,14.2,15.2,1.5,1.0,1.1,5.0,4.0,2.0,1011.2,1010.8,1011.8,1.3666666666666665,0.15275252316519447,1.1833333333333333,0.22286019533929016,4.666666666666667,0.5773502691896258,4.0,0.8944271909999143,-0.1999999999999318,0.8000000000000682,0.766044443118978,-0.6427876096865394,-0.7071067811865471,-0.7071067811865479,1.2,2.0
2026-08-09 16:00:00,140,3.0,1.3,1011.9,14.4,15.3,1.4,1.2,1.0,4.0,5.0,3.0,1011.6,1010.8,1011.5,1.3999999999999997,0.09999999999999963,1.2333333333333332,0.2065591117977287,4.0,1.0,4.0,0.8944271909999143,0.39999999999997726,1.1000000000000227,0.6427876096865395,-0.7660444431189779,-0.8660254037844385,-0.5000000000000004,1.3,2.0
2026-08-09 17:00:00,130,4.0,1.2,1012.0,14.5,15.4,1.3,1.5,1.0,3.0,5.0,3.0,1011.9,1011.2,1011.1,1.2999999999999998,0.09999999999999977,1.2666666666666666,0.17511900715418247,3.6666666666666665,0.577350269189626,4.166666666666667,0.7527726527090787,0.8999999999999773,0.7999999999999545,0.766044443118978,-0.6427876096865394,-0.9659258262890683,-0.25881904510252063,1.3,3.0
2026-08-09 18:00:00,170,2.0,1.2,1012.3,14.8,15.6,1.2,1.4,1.0,4.0,4.0,4.0,1012.0,1011.6,1010.8,1.2333333333333334,0.057735026918962325,1.3,0.12649110640673497,3.0,1.0,3.8333333333333335,1.169045194450011,1.5,0.6999999999999318,0.17364817766693028,-0.984807753012208,-1.0,-1.8369701987210297e-16,1.4,6.0
2026-08-09 19:00:00,250,2.0,1.3,1012.8,15.1,15.9,1.2,1.3,1.2,2.0,3.0,5.0,1012.3,1011.9,1010.8,1.2333333333333334,0.057735026918962595,1.3166666666666667,0.116904519445001,2.6666666666666665,1.1547005383792517,3.3333333333333335,1.2110601416389961,2.0,0.8999999999999773,-0.9396926207859084,-0.34202014332566855,-0.9659258262890684,0.2588190451025203,1.4,7.0
2026-08-09 20:00:00,300,3.0,1.3,1012.8,14.9,15.9,1.3,1.2,1.5,2.0,4.0,5.0,1012.8,1012.0,1011.2,1.2666666666666666,0.057735026918962595,1.2833333333333334,0.07527726527090768,2.3333333333333335,0.5773502691896257,3.0,0.8944271909999156,1.599999999999909,0.7999999999999545,-0.8660254037844386,0.5000000000000001,-0.8660254037844386,0.5000000000000001,1.5,6.0
2026-08-09 21:00:00,300,6.0,1.4,1012.7,14.1,15.7,1.3,1.2,1.4,3.0,2.0,4.0,1012.8,1012.3,1011.6,1.3333333333333333,0.05773502691896253,1.2833333333333334,0.07527726527090768,3.6666666666666665,2.0816659994661326,3.3333333333333335,1.5055453054181613,1.1000000000000227,0.40000000000009095,-0.8660254037844386,0.5000000000000001,-0.7071067811865477,0.7071067811865474,1.5,5.0
2026-08-09 22:00:00,310,7.0,1.4,1012.5,14.0,15.5,1.4,1.3,1.3,6.0,2.0,3.0,1012.7,1012.8,1011.9,1.3666666666666665,0.05773502691896261,1.3,0.08944271909999124,5.333333333333333,2.0816659994661326,4.0,2.0976176963403024,0.6000000000000227,-0.2999999999999545,-0.7660444431189781,0.6427876096865393,-0.5000000000000004,0.8660254037844384,1.5,5.0
2026-08-09 23:00:00,320,6.0,1.5,1012.3,14.2,15.3,1.4,1.3,1.2,7.0,3.0,4.0,1012.5,1012.8,1012.0,1.4333333333333333,0.057735026918962595,1.3499999999999999,0.10488088481701492,6.333333333333333,0.5773502691896257,4.333333333333333,2.25092573548455,0.2999999999999545,-0.5,-0.6427876096865396,0.7660444431189778,-0.25881904510252157,0.9659258262890681,1.6,6.0
2026-08-10 00:00:00,310,5.0,1.5,1011.7,14.3,15.2,1.5,1.4,1.2,6.0,6.0,2.0,1012.3,1012.7,1012.3,1.4666666666666668,0.057735026918962484,1.4000000000000001,0.08944271909999138,6.0,1.0,4.833333333333333,1.9407902170679507,-0.599999999999909,-1.0,-0.7660444431189781,0.6427876096865393,0.0,1.0,1.7,6.0
2026-08-10 01:00:00,310,5.0,1.5,1011.5,14.3,15.2,1.5,1.4,1.3,5.0,7.0,2.0,1011.7,1012.5,1012.8,1.5,0.0,1.4333333333333333,0.08164965809277241,5.333333333333333,0.5773502691896257,5.333333333333333,1.3662601021279448,-1.2999999999999545,-1.0,-0.7660444431189781,0.6427876096865393,0.25881904510252074,0.9659258262890683,1.7,5.0
2026-08-10 02:00:00,310,6.0,1.6,1011.2,14.6,15.2,1.5,1.5,1.3,5.0,6.0,3.0,1011.5,1012.3,1012.8,1.5333333333333332,0.057735026918962595,1.4833333333333334,0.07527726527090794,5.333333333333333,0.5773502691896258,5.833333333333333,0.7527726527090776,-1.599999999999909,-1.099999999999909,-0.7660444431189781,0.6427876096865393,0.49999999999999994,0.8660254037844387,1.6,5.0
2026-08-10 03:00:00,300,6.0,1.7,1011.2,14.7,15.2,1.6,1.5,1.4,6.0,5.0,6.0,1011.2,1011.7,1012.7,1.5999999999999999,0.09999999999999985,1.5333333333333332,0.10327955589886433,5.666666666666667,0.5773502691896258,5.833333333333333,0.7527726527090776,-1.5,-0.5,-0.8660254037844386,0.5000000000000001,0.7071067811865476,0.7071067811865476,1.5,2.0
2026-08-10 04:00:00,310,5.0,1.7,1011.6,14.9,15.1,1.7,1.5,1.4,6.0,5.0,7.0,1011.2,1011.5,1012.5,1.6666666666666667,0.05773502691896215,1.5833333333333333,0.0983192080250174,5.666666666666667,0.5773502691896258,5.5,0.5477225575051616,-0.8999999999999773,0.10000000000002274,-0.7660444431189781,0.6427876096865393,0.8660254037844386,0.5000000000000001,1.6,2.0
2026-08-10 05:00:00,310,5.0,1.6,1011.9,15.1,15.0,1.7,1.6,1.5,5.0,6.0,6.0,1011.6,1011.2,1012.3,1.6666666666666667,0.05773502691896253,1.5999999999999999,0.08944271909999149,5.333333333333333,0.5773502691896258,5.333333333333333,0.5163977794943176,-0.39999999999997726,0.6999999999999318,-0.7660444431189781,0.6427876096865393,0.9659258262890683,0.25881904510252074,1.6,3.0
2026-08-10 06:00:00,270,2.0,1.5,1012.3,15.1,14.9,1.6,1.7,1.5,5.0,6.0,5.0,1011.9,1011.2,1011.7,1.5999999999999999,0.10000000000000007,1.5999999999999999,0.08944271909999149,4.0,1.7320508075688772,4.833333333333333,1.471960144387973,0.599999999999909,1.099999999999909,-1.0,-1.8369701987210297e-16,1.0,6.123233995736766e-17,1.7,2.0
2026-08-10 07:00:00,250,2.0,1.6,1012.3,15.2,15.0,1.5,1.7,1.5,2.0,5.0,5.0,1012.3,1011.6,1011.5,1.5666666666666667,0.057735026918962866,1.616666666666667,0.07527726527090801,3.0,1.7320508075688772,4.333333333333333,1.8618986725025244,0.7999999999999545,0.6999999999999318,-0.9396926207859084,-0.34202014332566855,0.9659258262890683,-0.25881904510252063,1.7,3.0
2026-08-10 08:00:00,280,3.0,1.6,1012.1,15.2,15.1,1.6,1.6,1.6,2.0,5.0,6.0,1012.3,1011.9,1011.2,1.5666666666666667,0.057735026918962866,1.616666666666667,0.07527726527090801,2.3333333333333335,0.5773502691896257,3.8333333333333335,1.7224014243685075,0.8999999999999773,0.20000000000004547,-0.9848077530122081,0.17364817766692997,0.8660254037844387,-0.4999999999999998,1.8,3.0
2026-08-10 09:00:00,260,2.0,1.7,1012.0,15.1,15.1,1.6,1.5,1.7,3.0,2.0,6.0,1012.1,1012.3,1011.2,1.6333333333333335,0.05773502691896253,1.6166666666666665,0.07527726527090801,2.3333333333333335,0.5773502691896257,3.1666666666666665,1.4719601443879737,0.7999999999999545,-0.2999999999999545,-0.984807753012208,-0.17364817766693033,0.7071067811865476,-0.7071067811865475,1.8,3.0
2026-08-10 10:00:00,280,3.0,1.7,1011.6,15.0,14.9,1.7,1.6,1.7,2.0,2.0,5.0,1012.0,1012.3,1011.6,1.6666666666666667,0.05773502691896261,1.616666666666667,0.07527726527090801,2.6666666666666665,0.5773502691896257,2.8333333333333335,1.1690451944500115,0.0,-0.6999999999999318,-0.9848077530122081,0.17364817766692997,0.49999999999999994,-0.8660254037844387,1.8,3.0
2026-08-10 11:00:00,270,3.0,1.8,1011.5,14.9,14.8,1.7,1.6,1.6,3.0,3.0,5.0,1011.6,1012.1,1011.9,1.7333333333333334,0.057735026918962595,1.6500000000000001,0.10488088481701507,2.6666666666666665,0.5773502691896257,2.5,0.5477225575051652,-0.39999999999997726,-0.6000000000000227,-1.0,-1.8369701987210297e-16,0.258819045102521,-0.9659258262890682,1.8,2.0
2026-08-10 12:00:00,290,3.0,1.8,1011.6,14.9,14.8,1.8,1.7,1.5,3.0,2.0,2.0,1011.5,1012.0,1012.3,1.7666666666666666,0.057735026918962595,1.7000000000000002,0.08944271909999141,3.0,0.0,2.6666666666666665,0.5163977794943209,-0.6999999999999318,-0.39999999999997726,-0.9396926207859083,0.342020143325669,1.2246467991473532e-16,-1.0,1.8,2.0
2026-08-10 13:00:00,290,3.0,1.8,1011.9,14.8,14.7,1.8,1.7,1.6,3.0,3.0,2.0,1011.6,1011.6,1012.3,1.8,0.0,1.7333333333333332,0.08164965809277236,3.0,0.0,2.8333333333333335,0.4082482904638609,-0.39999999999997726,0.2999999999999545,-0.9396926207859083,0.342020143325669,-0.2588190451025208,-0.9659258262890683,1.6,3.0
