timestamp,wind_dir,wind_speed,wave_height,pressure,air_temp,water_temp,wave_height_1h,wave_height_3h,wave_height_6h,wind_speed_1h,wind_speed_3h,wind_speed_6h,pressure_1h,pressure_3h,pressure_6h,wave_height_roll_mean_3h,wave_height_roll_std_3h,wave_height_roll_mean_6h,wave_height_roll_std_6h,wind_speed_roll_mean_3h,wind_speed_roll_std_3h,wind_speed_roll_mean_6h,wind_speed_roll_std_6h,pressure_drop_6h,pressure_drop_3h,wind_dir_sin,wind_dir_cos,hour_sin,hour_cos,target_wave_height_3h,target_wind_speed_3h
2026-06-26 01:20:00,320.0,8.0,1.5,1013.6,14.2,16.2,1.5,1.5,1.6,7.0,7.0,6.0,1013.6,1013.6,1013.7,1.5,0.0,1.5,0.0,7.666666666666667,0.5773502691896257,7.2,0.8366600265340757,-0.10000000000002274,0.0,-0.6427876096865396,0.7660444431189778,0.25881904510252074,0.9659258262890683,1.6,8.0
2026-06-26 02:20:00,310.0,9.0,1.5,1013.3,14.5,16.2,1.5,1.6,1.5,8.0,8.0,8.0,1013.4,1013.5,1013.6,1.5,0.0,1.5333333333333332,0.057735026918962595,8.333333333333334,0.5773502691896255,8.166666666666666,0.4082482904638632,-0.3000000000000682,-0.20000000000004547,-0.7660444431189781,0.6427876096865393,0.49999999999999994,0.8660254037844387,1.5,8.0
2026-06-26 04:20:00,320.0,7.0,1.8,1013.6,14.4,16.1,1.8,1.6,1.7,7.0,7.0,7.0,1013.6,1013.5,1013.5,1.8,0.0,1.7333333333333334,0.11547005383792518,7.0,0.0,6.833333333333333,0.4082482904638605,0.10000000000002274,0.10000000000002274,-0.6427876096865396,0.7660444431189778,0.8660254037844386,0.5000000000000001,1.7,8.0
2026-06-26 05:20:00,320.0,8.0,1.7,1013.9,14.5,,1.7,1.7,1.8,8.0,8.0,7.0,1013.9,1013.8,1013.6,1.7,0.0,1.7,0.0,8.0,0.0,7.833333333333333,0.4082482904638632,0.2999999999999545,0.10000000000002274,-0.6427876096865396,0.7660444431189778,0.9659258262890683,0.25881904510252074,1.6,9.0
2026-06-26 05:50:00,330.0,9.0,1.6,1013.8,14.5,15.9,1.6,1.7,1.7,8.0,8.0,8.0,1013.9,1013.9,1013.8,1.6,0.0,1.65,0.05773502691896256,8.666666666666666,0.5773502691896255,8.333333333333334,0.5163977794943228,0.0,-0.10000000000002274,-0.5000000000000004,0.8660254037844384,0.9659258262890683,0.25881904510252074,1.7,8.0
2026-06-26 06:50:00,320.0,8.0,1.7,1013.7,14.5,,1.7,1.7,1.6,7.0,8.0,9.0,1013.6,1013.7,1013.8,1.7,0.0,1.7,0.0,7.666666666666667,0.5773502691896258,7.833333333333333,0.40824829046386235,-0.09999999999990905,0.0,-0.6427876096865396,0.7660444431189778,1.0,6.123233995736766e-17,1.8,8.0
2026-06-26 07:20:00,310.0,8.0,1.8,1013.8,14.5,15.8,1.8,1.7,1.7,8.0,8.0,8.0,1013.7,1013.7,1013.7,1.8,0.0,1.75,0.05773502691896257,8.0,0.0,7.833333333333333,0.40824829046386235,0.09999999999990905,0.09999999999990905,-0.7660444431189781,0.6427876096865393,0.9659258262890683,-0.25881904510252063,1.8,8.0
2026-06-26 09:20:00,330.0,8.0,2.0,1013.4,14.4,15.6,2.0,2.0,1.9,8.0,9.0,9.0,1013.5,1013.6,1013.9,2.0,0.0,2.0,0.0,8.333333333333334,0.5773502691896255,8.666666666666666,0.5163977794943228,-0.5,-0.20000000000004547,-0.5000000000000004,0.8660254037844384,0.7071067811865476,-0.7071067811865475,1.8,8.0
2026-06-26 10:20:00,320.0,8.0,1.9,1013.4,14.6,15.5,1.9,1.8,2.0,8.0,8.0,8.0,1013.3,1013.4,1013.4,1.9,0.0,1.8666666666666665,0.057735026918962415,8.0,0.0,8.0,0.0,0.0,0.0,-0.6427876096865396,0.7660444431189778,0.49999999999999994,-0.8660254037844387,2.0,8.0
2026-06-26 10:50:00,330.0,8.0,2.0,1013.3,14.5,15.6,2.0,1.9,1.8,8.0,8.0,8.0,1013.4,1013.4,1013.4,2.0,0.0,1.95,0.05773502691896276,8.0,0.0,8.0,0.0,-0.10000000000002274,-0.10000000000002274,-0.5000000000000004,0.8660254037844384,0.49999999999999994,-0.8660254037844387,2.0,7.0
2026-06-26 11:20:00,330.0,7.0,2.0,1013.4,14.7,15.6,2.0,2.0,1.9,8.0,8.0,8.0,1013.3,1013.3,1013.4,2.0,0.0,2.0,0.0,7.666666666666667,0.5773502691896258,7.833333333333333,0.40824829046386296,0.0,0.10000000000002274,-0.5000000000000004,0.8660254037844384,0.258819045102521,-0.9659258262890682,1.9,7.0
2026-06-26 12:20:00,320.0,8.0,2.0,1013.6,14.9,15.5,2.0,1.9,2.0,8.0,7.0,7.0,1013.5,1013.3,1013.4,2.0,0.0,1.9666666666666668,0.057735026918962595,7.666666666666667,0.5773502691896258,7.333333333333333,0.5163977794943221,0.20000000000004547,0.3000000000000682,-0.6427876096865396,0.7660444431189778,1.2246467991473532e-16,-1.0,1.9,8.0
2026-06-26 12:50:00,320.0,8.0,1.9,1013.6,14.8,15.5,1.9,2.0,1.9,7.0,8.0,7.0,1013.5,1013.6,1013.3,1.9,0.0,1.9500000000000002,0.057735026918962595,7.666666666666667,0.5773502691896258,7.666666666666667,0.5163977794943221,0.3000000000000682,0.0,-0.6427876096865396,0.7660444431189778,1.2246467991473532e-16,-1.0,2.0,6.0
2026-06-26 13:20:00,340.0,6.0,2.0,1013.7,14.9,15.5,2.0,1.9,2.0,7.0,8.0,8.0,1013.7,1013.6,1013.6,2.0,0.0,1.9500000000000002,0.057735026918962595,7.0,1.0,7.333333333333333,0.8164965809277258,0.10000000000002274,0.10000000000002274,-0.3420201433256686,0.9396926207859084,-0.2588190451025208,-0.9659258262890683,1.8,7.0
2026-06-26 14:20:00,320.0,6.0,1.9,1014.3,15.0,15.6,1.9,1.8,2.0,6.0,7.0,6.0,1014.0,1013.7,1013.7,1.9,0.0,1.8666666666666665,0.057735026918962415,6.0,0.0,6.166666666666667,0.4082482904638602,0.599999999999909,0.599999999999909,-0.6427876096865396,0.7660444431189778,-0.4999999999999997,-0.8660254037844388,1.9,6.0
2026-06-26 15:20:00,310.0,7.0,2.0,1014.5,15.2,15.7,2.0,1.9,1.9,7.0,6.0,6.0,1014.5,1014.2,1014.3,2.0,0.0,1.9666666666666668,0.057735026918962484,6.666666666666667,0.5773502691896258,6.5,0.5477225575051642,0.20000000000004547,0.2999999999999545,-0.7660444431189781,0.6427876096865393,-0.7071067811865471,-0.7071067811865479,1.6,7.0
2026-06-26 16:20:00,320.0,6.0,1.6,1014.8,15.3,15.8,1.6,1.6,2.0,7.0,7.0,7.0,1015.0,1014.9,1014.5,1.6,0.0,1.6,0.0,6.666666666666667,0.5773502691896258,6.666666666666667,0.5163977794943204,0.2999999999999545,-0.10000000000002274,-0.6427876096865396,0.7660444431189778,-0.8660254037844385,-0.5000000000000004,1.6,6.0
2026-06-26 17:20:00,310.0,6.0,1.6,1015.4,15.4,15.9,1.6,1.6,1.6,6.0,6.0,6.0,1015.2,1015.2,1014.8,1.6,0.0,1.6,0.0,6.0,0.0,6.0,0.0,0.6000000000000227,0.1999999999999318,-0.7660444431189781,0.6427876096865393,-0.9659258262890683,-0.25881904510252063,1.5,6.0
2026-06-26 17:50:00,310.0,6.0,1.5,1015.5,15.4,15.9,1.5,1.6,1.6,6.0,6.0,6.0,1015.5,1015.4,1015.2,1.5,0.0,1.55,0.05773502691896274,5.666666666666667,0.5773502691896258,5.833333333333333,0.40824829046386296,0.2999999999999545,0.10000000000002274,-0.7660444431189781,0.6427876096865393,-0.9659258262890683,-0.25881904510252063,1.6,6.0
2026-06-26 18:20:00,310.0,6.0,1.6,1015.9,15.2,16.0,1.6,1.5,1.6,6.0,6.0,6.0,1015.8,1015.5,1015.4,1.6,0.0,1.55,0.05773502691896274,5.666666666666667,0.5773502691896258,5.666666666666667,0.5163977794943221,0.5,0.39999999999997726,-0.7660444431189781,0.6427876096865393,-1.0,-1.8369701987210297e-16,1.5,5.0
2026-06-26 19:20:00,310.0,6.0,1.5,1015.9,15.1,16.0,1.5,1.5,1.6,6.0,5.0,6.0,1015.9,1015.8,1015.9,1.5,0.0,1.5,0.0,6.0,0.0,5.833333333333333,0.4082482904638632,0.0,0.10000000000002274,-0.7660444431189781,0.6427876096865393,-0.9659258262890684,0.2588190451025203,1.4,6.0
2026-06-26 19:50:00,310.0,6.0,1.4,1016.1,15.3,16.1,1.4,1.5,1.5,5.0,6.0,5.0,1016.0,1015.9,1015.8,1.4,0.0,1.45,0.05773502691896274,5.666666666666667,0.5773502691896258,5.833333333333333,0.4082482904638632,0.3000000000000682,0.20000000000004547,-0.7660444431189781,0.6427876096865393,-0.9659258262890684,0.2588190451025203,1.4,6.0
2026-06-26 20:20:00,310.0,6.0,1.4,1015.8,15.4,16.1,1.4,1.4,1.5,6.0,6.0,6.0,1015.9,1016.1,1015.9,1.4,0.0,1.4,0.0,6.0,0.0,5.833333333333333,0.4082482904638632,-0.10000000000002274,-0.3000000000000682,-0.7660444431189781,0.6427876096865393,-0.8660254037844386,0.5000000000000001,1.4,7.0
2026-06-26 21:20:00,300.0,6.0,1.3,1015.8,15.6,16.1,1.3,1.4,1.4,6.0,7.0,6.0,1015.8,1015.8,1015.8,1.3,0.0,1.3333333333333333,0.05773502691896261,6.0,0.0,6.333333333333333,0.5163977794943221,0.0,0.0,-0.8660254037844386,0.5000000000000001,-0.7071067811865477,0.7071067811865474,1.4,6.0
2026-06-26 22:20:00,290.0,7.0,1.3,1015.6,15.7,16.2,1.3,1.4,1.3,7.0,6.0,6.0,1015.6,1015.6,1015.8,1.3,0.0,1.3333333333333333,0.05773502691896253,6.666666666666667,0.5773502691896258,6.5,0.5477225575051659,-0.1999999999999318,0.0,-0.9396926207859083,0.342020143325669,-0.5000000000000004,0.8660254037844384,1.3,7.0
2026-06-26 23:20:00,310.0,8.0,1.3,1015.4,15.7,16.2,1.3,1.3,1.3,8.0,7.0,7.0,1015.5,1015.5,1015.6,1.3,0.0,1.3,0.0,8.0,0.0,7.5,0.5477225575051659,-0.20000000000004547,-0.10000000000002274,-0.7660444431189781,0.6427876096865393,-0.25881904510252157,0.9659258262890681,1.3,8.0
2026-06-26 23:50:00,310.0,8.0,1.3,1015.3,15.5,16.2,1.3,1.3,1.3,8.0,8.0,7.0,1015.3,1015.4,1015.5,1.3,0.0,1.3,0.0,7.666666666666667,0.5773502691896258,7.833333333333333,0.4082482904638632,-0.20000000000004547,-0.10000000000002274,-0.7660444431189781,0.6427876096865393,-0.25881904510252157,0.9659258262890681,1.4,8.0
2026-06-27 00:20:00,310.0,8.0,1.4,1015.3,15.4,16.2,1.4,1.3,1.3,7.0,8.0,8.0,1015.3,1015.3,1015.4,1.4,0.0,1.3499999999999999,0.05773502691896256,7.333333333333333,0.5773502691896258,7.5,0.5477225575051659,-0.10000000000002274,0.0,-0.7660444431189781,0.6427876096865393,0.0,1.0,1.2,7.0
2026-06-27 01:20:00,320.0,8.0,1.2,1015.1,15.5,16.1,1.2,1.2,1.4,8.0,7.0,8.0,1015.2,1015.2,1015.3,1.2,0.0,1.2,0.0,8.0,0.0,7.833333333333333,0.4082482904638632,-0.1999999999999318,-0.10000000000002274,-0.6427876096865396,0.7660444431189778,0.25881904510252074,0.9659258262890683,1.3,7.0
2026-06-27 02:20:00,310.0,7.0,1.2,1015.3,15.7,16.1,1.2,1.3,1.2,8.0,7.0,8.0,1015.3,1015.2,1015.1,1.2,0.0,1.2333333333333332,0.057735026918962595,7.666666666666667,0.5773502691896258,7.5,0.5477225575051659,0.1999999999999318,0.09999999999990905,-0.7660444431189781,0.6427876096865393,0.49999999999999994,0.8660254037844387,1.1,7.0
2026-06-27 03:20:00,310.0,7.0,1.1,1015.2,15.6,16.1,1.1,1.1,1.2,7.0,7.0,7.0,1015.2,1015.2,1015.3,1.1,0.0,1.1,0.0,7.0,0.0,7.0,0.0,-0.09999999999990905,0.0,-0.7660444431189781,0.6427876096865393,0.7071067811865476,0.7071067811865476,1.2,6.0
2026-06-27 04:20:00,330.0,7.0,1.1,1015.4,15.8,16.1,1.1,1.2,1.1,6.0,6.0,7.0,1015.3,1015.3,1015.2,1.1,0.0,1.1333333333333335,0.05773502691896253,6.333333333333333,0.5773502691896258,6.333333333333333,0.5163977794943221,0.1999999999999318,0.10000000000002274,-0.5000000000000004,0.8660254037844384,0.8660254037844386,0.5000000000000001,1.0,6.0
2026-06-27 05:20:00,320.0,6.0,1.1,1015.6,15.8,16.1,1.1,1.0,1.1,7.0,6.0,7.0,1015.6,1015.7,1015.4,1.1,0.0,1.0666666666666667,0.057735026918962595,6.666666666666667,0.5773502691896258,6.666666666666667,0.5163977794943221,0.20000000000004547,-0.10000000000002274,-0.6427876096865396,0.7660444431189778,0.9659258262890683,0.25881904510252074,1.1,6.0
2026-06-27 06:20:00,320.0,7.0,1.2,1015.8,15.6,16.0,1.2,1.1,1.1,7.0,6.0,6.0,1015.9,1015.6,1015.6,1.2,0.0,1.1666666666666667,0.05773502691896261,7.0,0.0,6.666666666666667,0.5163977794943221,0.1999999999999318,0.1999999999999318,-0.6427876096865396,0.7660444431189778,1.0,6.123233995736766e-17,1.0,6.0
2026-06-27 06:50:00,320.0,6.0,1.0,1016.3,15.5,16.0,1.0,1.2,1.1,7.0,7.0,6.0,1015.8,1015.8,1015.6,1.0,0.0,1.1,0.11547005383792516,6.666666666666667,0.5773502691896258,6.833333333333333,0.40824829046386296,0.6999999999999318,0.5,-0.6427876096865396,0.7660444431189778,1.0,6.123233995736766e-17,1.0,6.0
2026-06-27 07:20:00,320.0,6.0,1.0,1015.5,15.3,,1.0,1.0,1.2,6.0,6.0,7.0,1015.5,1016.3,1015.8,1.0,0.0,1.0,0.0,6.0,0.0,6.333333333333333,0.5163977794943221,-0.2999999999999545,-0.7999999999999545,-0.6427876096865396,0.7660444431189778,0.9659258262890683,-0.25881904510252063,1.0,5.0
2026-06-27 07:50:00,320.0,5.0,1.0,1015.2,15.2,16.0,1.0,1.0,1.0,6.0,6.0,6.0,1015.4,1015.5,1016.3,1.0,0.0,1.0,0.0,5.666666666666667,0.5773502691896258,5.833333333333333,0.40824829046386296,-1.099999999999909,-0.2999999999999545,-0.6427876096865396,0.7660444431189778,0.9659258262890683,-0.25881904510252063,1.0,6.0
2026-06-27 08:20:00,320.0,6.0,1.0,1015.2,15.2,16.0,1.0,1.0,1.0,6.0,5.0,6.0,1015.2,1015.2,1015.5,1.0,0.0,1.0,0.0,6.0,0.0,5.833333333333333,0.40824829046386296,-0.2999999999999545,0.0,-0.6427876096865396,0.7660444431189778,0.8660254037844387,-0.4999999999999998,1.0,5.0
2026-06-27 09:20:00,330.0,5.0,1.0,1015.2,15.4,16.0,1.0,1.0,1.0,5.0,5.0,6.0,1015.3,1015.2,1015.2,1.0,0.0,1.0,0.0,5.0,0.0,5.0,0.0,0.0,0.0,-0.5000000000000004,0.8660254037844384,0.7071067811865476,-0.7071067811865475,1.1,4.0
2026-06-27 10:20:00,320.0,4.0,1.0,1015.3,15.3,16.0,1.0,1.1,1.0,4.0,4.0,5.0,1015.0,1015.2,1015.2,1.0,0.0,1.0333333333333332,0.057735026918962595,4.0,0.0,4.0,0.0,0.09999999999990905,0.09999999999990905,-0.6427876096865396,0.7660444431189778,0.49999999999999994,-0.8660254037844387,1.0,5.0
2026-06-27 11:20:00,320.0,5.0,1.0,1015.2,15.4,16.0,1.0,1.0,1.0,5.0,5.0,4.0,1015.3,1015.2,1015.3,1.0,0.0,1.0,0.0,5.0,0.0,4.666666666666667,0.5163977794943221,-0.09999999999990905,0.0,-0.6427876096865396,0.7660444431189778,0.258819045102521,-0.9659258262890682,0.9,7.0
2026-06-27 12:20:00,310.0,7.0,0.9,1015.5,15.3,16.0,0.9,0.9,1.0,6.0,7.0,5.0,1015.3,1015.2,1015.2,0.9,0.0,0.9,0.0,6.666666666666667,0.5773502691896258,6.5,0.5477225575051685,0.2999999999999545,0.2999999999999545,-0.7660444431189781,0.6427876096865393,1.2246467991473532e-16,-1.0,1.0,6.0
2026-06-27 12:50:00,320.0,6.0,1.0,1015.7,15.0,16.0,1.0,0.9,0.9,7.0,7.0,7.0,1015.6,1015.5,1015.2,1.0,0.0,0.9500000000000001,0.05773502691896256,7.333333333333333,1.5275252316519468,7.0,1.0954451150103335,0.5,0.20000000000004547,-0.6427876096865396,0.7660444431189778,1.2246467991473532e-16,-1.0,1.0,6.0
2026-06-27 13:20:00,320.0,6.0,1.0,1015.7,15.3,16.0,1.0,1.0,0.9,7.0,6.0,7.0,1015.7,1015.7,1015.5,1.0,0.0,1.0,0.0,6.666666666666667,0.5773502691896258,7.0,1.0954451150103335,0.20000000000004547,0.0,-0.6427876096865396,0.7660444431189778,-0.2588190451025208,-0.9659258262890683,1.0,7.0
2026-06-27 14:20:00,300.0,7.0,1.0,1016.0,15.2,16.0,1.0,1.0,1.0,6.0,7.0,6.0,1015.9,1015.9,1015.7,1.0,0.0,1.0,0.0,6.666666666666667,0.5773502691896258,6.333333333333333,0.8164965809277276,0.2999999999999545,0.10000000000002274,-0.8660254037844386,0.5000000000000001,-0.4999999999999997,-0.8660254037844388,1.0,5.0
2026-06-27 15:20:00,320.0,6.0,1.1,1016.5,15.3,16.0,1.1,1.0,1.0,6.0,5.0,7.0,1016.4,1016.3,1016.0,1.1,0.0,1.0666666666666667,0.057735026918962484,5.666666666666667,0.5773502691896258,5.833333333333333,0.7527726527090821,0.5,0.20000000000004547,-0.6427876096865396,0.7660444431189778,-0.7071067811865471,-0.7071067811865479,1.0,7.0
2026-06-27 16:20:00,330.0,7.0,1.0,1016.8,15.5,16.0,1.0,1.0,1.1,7.0,7.0,6.0,1016.8,1016.8,1016.5,1.0,0.0,1.0,0.0,7.0,0.0,6.666666666666667,0.5163977794943246,0.2999999999999545,0.0,-0.5000000000000004,0.8660254037844384,-0.8660254037844385,-0.5000000000000004,1.1,6.0
2026-06-27 17:20:00,310.0,7.0,1.0,1016.9,15.3,16.0,1.0,1.1,1.0,7.0,6.0,7.0,1016.9,1016.8,1016.8,1.0,0.0,1.0333333333333334,0.057735026918962595,6.666666666666667,0.5773502691896258,6.333333333333333,0.8164965809277264,0.10000000000002274,0.10000000000002274,-0.7660444431189781,0.6427876096865393,-0.9659258262890683,-0.25881904510252063,1.2,6.0
2026-06-27 17:50:00,330.0,6.0,1.2,1017.0,14.9,16.1,1.2,1.0,1.1,6.0,7.0,6.0,1017.0,1016.9,1016.8,1.2,0.0,1.1,0.11547005383792502,6.333333333333333,0.5773502691896258,6.5,0.5477225575051663,0.20000000000004547,0.10000000000002274,-0.5000000000000004,0.8660254037844384,-0.9659258262890683,-0.25881904510252063,1.1,8.0
2026-06-27 18:20:00,330.0,8.0,1.1,1016.9,14.9,16.1,1.1,1.2,1.0,6.0,6.0,7.0,1017.0,1017.0,1016.9,1.1,0.0,1.15,0.05773502691896211,7.0,1.0,6.666666666666667,0.816496580927726,0.0,-0.10000000000002274,-0.5000000000000004,0.8660254037844384,-1.0,-1.8369701987210297e-16,1.1,8.0
2026-06-27 19:20:00,330.0,10.0,1.1,1017.1,15.3,,1.1,1.1,1.1,9.0,8.0,8.0,1016.9,1017.1,1016.9,1.1,0.0,1.1,0.0,9.0,0.9999999999999998,8.5,0.8366600265340758,0.20000000000004547,0.0,-0.5000000000000004,0.8660254037844384,-0.9659258262890684,0.2588190451025203,1.2,9.0
2026-06-27 19:50:00,330.0,9.0,1.2,1017.1,15.2,16.1,1.2,1.1,1.1,9.0,10.0,8.0,1017.1,1017.1,1017.1,1.2,0.0,1.15,0.05773502691896256,9.333333333333334,0.5773502691896255,9.166666666666666,0.7527726527090824,0.0,0.0,-0.5000000000000004,0.8660254037844384,-0.9659258262890684,0.2588190451025203,1.3,8.0
2026-06-27 20:50:00,310.0,8.0,1.4,1017.1,15.1,16.1,1.4,1.3,1.2,8.0,8.0,9.0,1017.1,1017.0,1017.1,1.4,0.0,1.3666666666666665,0.057735026918962276,8.0,0.0,8.333333333333334,0.5163977794943158,0.0,0.10000000000002274,-0.7660444431189781,0.6427876096865393,-0.8660254037844386,0.5000000000000001,1.3,8.0
2026-06-27 22:20:00,320.0,9.0,1.3,1016.8,15.2,16.2,1.3,1.3,1.3,9.0,8.0,8.0,1016.8,1017.1,1017.1,1.3,0.0,1.3,0.0,9.0,0.0,8.833333333333334,0.4082482904638665,-0.3000000000000682,-0.3000000000000682,-0.6427876096865396,0.7660444431189778,-0.5000000000000004,0.8660254037844384,1.3,10.0
2026-06-27 22:50:00,310.0,10.0,1.3,1016.7,15.2,16.2,1.3,1.3,1.3,10.0,9.0,8.0,1016.7,1016.8,1017.1,1.3,0.0,1.3,0.0,9.666666666666666,0.5773502691896255,9.333333333333334,0.5163977794943356,-0.39999999999997726,-0.09999999999990905,-0.7660444431189781,0.6427876096865393,-0.5000000000000004,0.8660254037844384,1.4,11.0
2026-06-27 23:20:00,320.0,11.0,1.4,1016.3,15.2,16.2,1.4,1.3,1.3,11.0,10.0,9.0,1016.3,1016.7,1016.8,1.4,0.0,1.3499999999999999,0.05773502691896256,10.666666666666666,0.5773502691896255,10.166666666666666,0.7527726527091038,-0.5,-0.40000000000009095,-0.6427876096865396,0.7660444431189778,-0.25881904510252157,0.9659258262890681,1.6,11.0
2026-06-28 01:20:00,320.0,12.0,1.7,1015.4,15.3,16.2,1.7,1.6,1.6,12.0,12.0,12.0,1015.6,1015.7,1015.9,1.7,0.0,1.6666666666666667,0.05773502691896261,12.0,0.0,11.833333333333334,0.4082482904639591,-0.5,-0.3000000000000682,-0.6427876096865396,0.7660444431189778,0.25881904510252074,0.9659258262890683,1.7,12.0
2026-06-28 02:20:00,330.0,12.0,1.9,1015.3,15.3,16.2,1.9,1.7,1.7,12.0,12.0,12.0,1015.2,1015.3,1015.4,1.9,0.0,1.8333333333333333,0.11547005383792516,12.0,0.0,12.0,2.88444298722317e-07,-0.10000000000002274,0.0,-0.5000000000000004,0.8660254037844384,0.49999999999999994,0.8660254037844387,1.9,11.0
2026-06-28 03:20:00,320.0,11.0,1.9,1015.9,15.1,16.1,1.9,1.9,1.9,11.0,11.0,12.0,1015.3,1015.3,1015.3,1.9,0.0,1.9,0.0,11.0,0.0,11.333333333333334,0.5163977794943857,0.6000000000000227,0.6000000000000227,-0.6427876096865396,0.7660444431189778,0.7071067811865476,0.7071067811865476,2.1,12.0
2026-06-28 04:20:00,320.0,12.0,2.1,1015.0,15.0,16.0,2.1,2.1,1.9,12.0,12.0,11.0,1015.0,1015.1,1015.9,2.1,0.0,2.1,0.0,12.0,0.0,12.0,2.88444298722317e-07,-0.8999999999999773,-0.10000000000002274,-0.6427876096865396,0.7660444431189778,0.8660254037844386,0.5000000000000001,2.3,12.0
2026-06-28 05:20:00,320.0,12.0,2.3,1015.1,14.8,,2.3,2.3,2.1,12.0,12.0,12.0,1015.1,1015.0,1015.0,2.3,0.0,2.3,0.0,12.0,0.0,12.0,2.88444298722317e-07,0.10000000000002274,0.10000000000002274,-0.6427876096865396,0.7660444431189778,0.9659258262890683,0.25881904510252074,2.4,12.0
2026-06-28 06:20:00,320.0,11.0,2.5,1015.1,14.7,15.9,2.5,2.4,2.3,11.0,12.0,12.0,1015.1,1015.1,1015.1,2.5,0.0,2.466666666666667,0.05773502691896269,11.0,0.0,11.5,0.5477225575052297,0.0,0.0,-0.6427876096865396,0.7660444431189778,1.0,6.123233995736766e-17,2.4,10.0
2026-06-28 06:50:00,320.0,10.0,2.4,1015.1,14.6,15.9,2.4,2.5,2.4,10.0,11.0,12.0,1015.1,1015.1,1015.1,2.4,0.0,2.4499999999999997,0.057735026918962734,10.0,0.0,10.5,0.5477225575052102,0.0,0.0,-0.6427876096865396,0.7660444431189778,1.0,6.123233995736766e-17,2.6,10.0
2026-06-28 07:50:00,320.0,9.0,2.5,1015.1,14.5,15.8,2.5,2.6,2.4,10.0,10.0,10.0,1015.1,1014.9,1015.1,2.5,0.0,2.533333333333333,0.05773502691896248,9.666666666666666,0.5773502691896255,10.0,0.6324555320337076,0.0,0.20000000000004547,-0.6427876096865396,0.7660444431189778,0.9659258262890683,-0.25881904510252063,2.8,9.0
2026-06-28 09:20:00,320.0,8.0,2.9,1014.6,14.5,15.6,2.9,2.8,2.8,9.0,9.0,9.0,1014.6,1014.7,1015.0,2.9,0.0,2.8666666666666667,0.05773502691896285,8.666666666666666,0.5773502691896255,8.833333333333334,0.4082482904638632,-0.39999999999997726,-0.10000000000002274,-0.6427876096865396,0.7660444431189778,0.7071067811865476,-0.7071067811865475,2.9,9.0
2026-06-28 10:20:00,320.0,10.0,2.7,1014.3,14.5,15.6,2.7,2.9,2.9,10.0,9.0,8.0,1014.4,1014.5,1014.6,2.7,0.0,2.766666666666667,0.11547005383792522,9.666666666666666,0.5773502691896255,9.333333333333334,0.5163977794943226,-0.3000000000000682,-0.20000000000004547,-0.6427876096865396,0.7660444431189778,0.49999999999999994,-0.8660254037844387,2.8,11.0
2026-06-28 11:20:00,330.0,11.0,3.0,1014.2,14.4,15.6,3.0,2.8,2.7,11.0,11.0,10.0,1014.2,1014.3,1014.3,3.0,0.0,2.933333333333333,0.11547005383792484,10.666666666666666,0.5773502691896255,10.666666666666666,0.516397779494329,-0.09999999999990905,-0.09999999999990905,-0.5000000000000004,0.8660254037844384,0.258819045102521,-0.9659258262890682,2.9,10.0
2026-06-28 12:20:00,330.0,10.0,2.9,1014.1,14.4,15.5,2.9,2.9,3.0,10.0,10.0,11.0,1014.0,1014.2,1014.2,2.9,0.0,2.9,0.0,10.0,0.0,10.333333333333334,0.5163977794943276,-0.10000000000002274,-0.10000000000002274,-0.5000000000000004,0.8660254037844384,1.2246467991473532e-16,-1.0,2.9,11.0
2026-06-28 12:50:00,330.0,11.0,2.9,1014.2,14.4,15.5,2.9,2.9,2.9,11.0,10.0,10.0,1014.2,1014.1,1014.2,2.9,0.0,2.9,0.0,10.666666666666666,0.5773502691896255,10.333333333333334,0.5163977794943228,0.0,0.10000000000002274,-0.5000000000000004,0.8660254037844384,1.2246467991473532e-16,-1.0,3.2,11.0
2026-06-28 13:20:00,330.0,11.0,3.2,1014.2,14.4,15.5,3.2,2.9,2.9,10.0,11.0,10.0,1014.2,1014.2,1014.1,3.2,0.0,3.0500000000000003,0.1732050807568879,10.666666666666666,0.5773502691896255,10.666666666666666,0.516397779494324,0.10000000000002274,0.0,-0.5000000000000004,0.8660254037844384,-0.2588190451025208,-0.9659258262890683,3.3,11.0
2026-06-28 14:20:00,340.0,10.0,3.1,1014.3,14.2,15.5,3.1,3.3,3.2,10.0,11.0,11.0,1014.4,1014.3,1014.2,3.1,0.0,3.1666666666666665,0.11547005383792514,10.0,0.0,10.5,0.5477225575051671,0.09999999999990905,0.0,-0.3420201433256686,0.9396926207859084,-0.4999999999999997,-0.8660254037844388,3.1,9.0
2026-06-28 15:20:00,340.0,9.0,3.2,1014.6,14.1,15.5,3.2,3.1,3.1,9.0,9.0,10.0,1014.6,1014.4,1014.3,3.2,0.0,3.1666666666666665,0.05773502691896285,9.0,0.0,9.166666666666666,0.40824829046386635,0.3000000000000682,0.20000000000004547,-0.3420201433256686,0.9396926207859084,-0.7071067811865471,-0.7071067811865479,3.5,8.0
2026-06-28 15:50:00,330.0,8.0,3.5,1014.8,14.2,15.5,3.5,3.2,3.1,8.0,9.0,9.0,1014.7,1014.6,1014.4,3.5,0.0,3.35,0.17320508075688798,8.0,0.0,8.5,0.5477225575051712,0.39999999999997726,0.1999999999999318,-0.5000000000000004,0.8660254037844384,-0.7071067811865471,-0.7071067811865479,3.3,8.0
2026-06-28 16:50:00,340.0,8.0,3.0,1014.9,14.1,15.5,3.0,3.3,3.5,9.0,8.0,8.0,1015.0,1014.9,1014.8,3.0,0.0,3.1,0.1732050807568866,8.333333333333334,0.5773502691896255,8.166666666666666,0.4082482904638632,0.10000000000002274,0.0,-0.3420201433256686,0.9396926207859084,-0.8660254037844385,-0.5000000000000004,2.9,8.0
2026-06-28 17:20:00,340.0,8.0,2.9,1014.9,14.1,15.5,2.9,3.0,3.3,8.0,8.0,8.0,1014.9,1014.9,1014.9,2.9,0.0,2.9499999999999997,0.057735026918959986,8.0,0.0,8.166666666666666,0.4082482904638632,0.0,0.0,-0.3420201433256686,0.9396926207859084,-0.9659258262890683,-0.25881904510252063,3.1,7.0
2026-06-28 18:20:00,330.0,8.0,3.1,1015.1,14.3,15.5,3.1,3.1,2.9,8.0,7.0,8.0,1015.2,1015.0,1014.9,3.1,0.0,3.1,0.0,7.666666666666667,0.5773502691896258,7.4,0.5477225575051642,0.20000000000004547,0.10000000000002274,-0.5000000000000004,0.8660254037844384,-1.0,-1.8369701987210297e-16,2.9,8.0
2026-06-28 19:20:00,330.0,8.0,3.1,1015.3,14.4,15.6,3.1,2.9,3.1,8.0,8.0,8.0,1015.3,1015.2,1015.1,3.1,0.0,3.0333333333333337,0.11547005383792519,8.0,0.0,8.0,0.0,0.1999999999999318,0.09999999999990905,-0.5000000000000004,0.8660254037844384,-0.9659258262890684,0.2588190451025203,3.0,9.0
2026-06-28 20:20:00,320.0,10.0,2.9,1014.8,14.7,,2.9,3.0,3.1,9.0,9.0,8.0,1014.9,1015.1,1015.3,2.9,0.0,2.9333333333333336,0.057735026918963046,9.333333333333334,0.5773502691896255,8.833333333333334,0.7527726527090824,-0.5,-0.3000000000000682,-0.6427876096865396,0.7660444431189778,-0.8660254037844386,0.5000000000000001,3.3,10.0
2026-06-28 21:20:00,320.0,10.0,3.1,1014.5,14.8,15.8,3.1,3.3,2.9,11.0,10.0,10.0,1014.6,1014.7,1014.8,3.1,0.0,3.1666666666666665,0.1154700538379253,10.666666666666666,0.5773502691896255,10.333333333333334,0.5163977794943321,-0.2999999999999545,-0.20000000000004547,-0.6427876096865396,0.7660444431189778,-0.7071067811865477,0.7071067811865474,3.1,10.0
2026-06-28 22:20:00,320.0,12.0,3.1,1013.8,14.8,,3.1,3.1,3.1,11.0,10.0,10.0,1014.0,1014.3,1014.5,3.1,0.0,3.1,0.0,11.333333333333334,0.5773502691896255,10.666666666666666,0.8164965809277327,-0.7000000000000455,-0.5,-0.6427876096865396,0.7660444431189778,-0.5000000000000004,0.8660254037844384,3.0,13.0
2026-06-29 02:20:00,330.0,14.0,2.8,1012.3,14.9,16.0,2.8,3.0,2.9,13.0,13.0,13.0,1012.4,1012.4,1012.5,2.8,0.0,2.8666666666666667,0.1154700538379253,13.333333333333334,0.5773502691896255,13.166666666666666,0.4082482904638632,-0.20000000000004547,-0.10000000000002274,-0.5000000000000004,0.8660254037844384,0.49999999999999994,0.8660254037844387,3.0,13.0
2026-06-29 03:50:00,330.0,12.0,2.7,1012.1,14.6,,2.7,2.9,3.0,13.0,14.0,13.0,1012.1,1012.1,1012.2,2.7,0.0,2.766666666666667,0.115470053837925,12.666666666666666,0.5773502691896255,13.166666666666666,0.7527726527090811,-0.10000000000002274,0.0,-0.5000000000000004,0.8660254037844384,0.7071067811865476,0.7071067811865476,2.7,11.0
2026-06-29 04:20:00,330.0,11.0,2.7,1012.2,14.7,15.9,2.7,2.7,2.9,12.0,12.0,14.0,1012.1,1012.1,1012.1,2.7,0.0,2.7,0.0,11.666666666666666,0.5773502691896255,12.166666666666666,0.7527726527090824,0.10000000000002274,0.10000000000002274,-0.5000000000000004,0.8660254037844384,0.8660254037844386,0.5000000000000001,3.2,12.0
2026-06-29 05:20:00,320.0,11.0,2.9,1012.3,14.6,15.8,2.9,3.2,2.7,12.0,12.0,11.0,1012.2,1012.2,1012.2,2.9,0.0,3.0,0.17320508075688795,11.666666666666666,0.5773502691896255,11.833333333333334,0.4082482904638632,0.09999999999990905,0.09999999999990905,-0.6427876096865396,0.7660444431189778,0.9659258262890683,0.25881904510252074,3.1,11.0
2026-06-29 08:20:00,330.0,11.0,3.0,1011.9,14.2,15.5,3.0,2.9,3.0,10.0,10.0,11.0,1012.0,1012.1,1012.2,3.0,0.0,2.966666666666667,0.05773502691896269,10.333333333333334,0.5773502691896255,10.333333333333334,0.5163977794943223,-0.3000000000000682,-0.20000000000004547,-0.5000000000000004,0.8660254037844384,0.8660254037844387,-0.4999999999999998,3.3,11.0
2026-06-29 08:50:00,330.0,11.0,3.3,1011.9,14.2,15.4,3.3,3.0,2.9,11.0,11.0,10.0,1011.9,1011.9,1012.1,3.3,0.0,3.15,0.17320508075688784,11.0,0.0,10.666666666666666,0.5163977794943223,-0.20000000000004547,0.0,-0.5000000000000004,0.8660254037844384,0.8660254037844387,-0.4999999999999998,3.1,10.0
2026-06-29 10:20:00,330.0,10.0,3.3,1011.6,14.1,15.3,3.3,2.8,3.1,10.0,10.0,10.0,1011.7,1012.0,1012.1,3.3,0.0,3.1333333333333333,0.28867513459481275,10.0,0.0,10.166666666666666,0.40824829046386646,-0.5,-0.39999999999997726,-0.5000000000000004,0.8660254037844384,0.49999999999999994,-0.8660254037844387,2.9,11.0
2026-06-29 11:20:00,330.0,10.0,3.1,1011.8,14.1,15.2,3.1,2.9,3.3,10.0,11.0,10.0,1011.9,1011.7,1011.6,3.1,0.0,3.033333333333333,0.1154700538379249,10.0,0.0,10.333333333333334,0.5163977794943228,0.1999999999999318,0.09999999999990905,-0.5000000000000004,0.8660254037844384,0.258819045102521,-0.9659258262890682,2.9,10.0
2026-06-29 11:50:00,330.0,10.0,2.9,1011.8,14.0,15.1,2.9,3.1,2.9,11.0,10.0,11.0,1011.8,1011.8,1011.7,2.9,0.0,3.0,0.115470053837925,10.333333333333334,0.5773502691896255,10.166666666666666,0.4082482904638632,0.09999999999990905,0.0,-0.5000000000000004,0.8660254037844384,0.258819045102521,-0.9659258262890682,2.8,10.0
2026-06-29 12:20:00,330.0,10.0,2.8,1011.9,14.0,15.1,2.8,2.9,3.1,11.0,10.0,10.0,1011.9,1011.8,1011.8,2.8,0.0,2.8499999999999996,0.05773502691896183,10.666666666666666,0.5773502691896255,10.5,0.5477225575051671,0.10000000000002274,0.10000000000002274,-0.5000000000000004,0.8660254037844384,1.2246467991473532e-16,-1.0,3.0,11.0
2026-06-29 13:20:00,320.0,10.0,3.5,1012.2,13.8,14.9,3.5,3.0,2.8,11.0,11.0,10.0,1012.1,1012.0,1011.9,3.5,0.0,3.3333333333333335,0.28867513459481253,10.666666666666666,0.5773502691896255,10.833333333333334,0.4082482904638632,0.3000000000000682,0.20000000000004547,-0.6427876096865396,0.7660444431189778,-0.2588190451025208,-0.9659258262890683,2.9,10.0
2026-06-29 14:20:00,330.0,10.0,3.0,1012.2,13.6,14.8,3.0,2.9,3.5,10.0,10.0,10.0,1012.1,1012.2,1012.2,3.0,0.0,2.966666666666667,0.05773502691896206,10.0,0.0,9.833333333333334,0.40824829046386635,0.0,0.0,-0.5000000000000004,0.8660254037844384,-0.4999999999999997,-0.8660254037844388,3.0,9.0
2026-06-29 15:20:00,320.0,9.0,3.2,1012.5,13.5,14.5,3.2,3.0,3.0,9.0,9.0,10.0,1012.5,1012.4,1012.2,3.2,0.0,3.1333333333333333,0.11547005383792497,8.666666666666666,0.5773502691896255,8.833333333333334,0.408248290463871,0.2999999999999545,0.10000000000002274,-0.6427876096865396,0.7660444431189778,-0.7071067811865471,-0.7071067811865479,3.3,8.0
2026-06-29 16:20:00,330.0,7.0,3.4,1013.0,13.3,14.6,3.4,3.3,3.2,8.0,8.0,9.0,1012.9,1012.8,1012.5,3.4,0.0,3.3666666666666667,0.05773502691896301,7.666666666666667,0.5773502691896258,7.833333333333333,0.40824829046386296,0.5,0.20000000000004547,-0.5000000000000004,0.8660254037844384,-0.8660254037844385,-0.5000000000000004,3.3,6.0
2026-06-29 17:20:00,320.0,6.0,3.4,1013.1,13.2,14.6,3.4,3.3,3.4,6.0,6.0,7.0,1013.1,1013.1,1013.0,3.4,0.0,3.3666666666666667,0.05773502691896269,6.333333333333333,0.5773502691896258,6.333333333333333,0.5163977794943199,0.10000000000002274,0.0,-0.6427876096865396,0.7660444431189778,-0.9659258262890683,-0.25881904510252063,3.2,6.0
2026-06-29 18:20:00,320.0,5.0,3.5,1013.2,13.5,14.7,3.5,3.2,3.4,5.0,6.0,6.0,1013.2,1013.1,1013.1,3.5,0.0,3.4,0.1732050807568877,5.0,0.0,5.5,0.5477225575051659,0.10000000000002274,0.10000000000002274,-0.6427876096865396,0.7660444431189778,-1.0,-1.8369701987210297e-16,3.4,4.0
2026-06-29 20:20:00,320.0,4.0,2.9,1012.9,13.7,14.7,2.9,2.9,2.9,3.0,4.0,4.0,1012.9,1013.1,1013.2,2.9,0.0,2.9,0.0,3.3333333333333335,0.5773502691896257,3.6666666666666665,0.5163977794943222,-0.3000000000000682,-0.20000000000004547,-0.6427876096865396,0.7660444431189778,-0.8660254037844386,0.5000000000000001,3.0,4.0
2026-06-29 20:50:00,310.0,4.0,3.0,1012.7,13.6,14.7,3.0,2.9,2.9,4.0,4.0,4.0,1012.7,1012.9,1013.1,3.0,0.0,2.9499999999999997,0.05773502691896274,4.0,0.0,3.6666666666666665,0.5163977794943222,-0.39999999999997726,-0.1999999999999318,-0.7660444431189781,0.6427876096865393,-0.8660254037844386,0.5000000000000001,2.9,6.0
2026-06-29 21:20:00,310.0,6.0,2.9,1012.9,13.6,14.8,2.9,3.0,2.9,4.0,4.0,4.0,1012.9,1012.7,1012.9,2.9,0.0,2.95,0.05773502691896274,4.666666666666667,1.1547005383792515,4.333333333333333,0.816496580927726,0.0,0.1999999999999318,-0.7660444431189781,0.6427876096865393,-0.7071067811865477,0.7071067811865474,3.0,4.0
2026-06-29 22:20:00,310.0,5.0,2.5,1012.6,13.4,15.0,2.5,3.0,2.9,5.0,4.0,6.0,1012.6,1012.7,1012.9,2.5,0.0,2.6666666666666665,0.28867513459481275,4.666666666666667,0.5773502691896258,4.5,0.5477225575051662,-0.2999999999999545,-0.10000000000002274,-0.7660444431189781,0.6427876096865393,-0.5000000000000004,0.8660254037844384,2.8,5.0
2026-06-29 23:20:00,320.0,6.0,2.6,1012.7,13.9,15.0,2.6,2.8,2.5,6.0,5.0,5.0,1012.6,1012.5,1012.6,2.6,0.0,2.6666666666666665,0.11547005383792462,6.0,0.0,5.666666666666667,0.5163977794943224,0.10000000000002274,0.20000000000004547,-0.6427876096865396,0.7660444431189778,-0.25881904510252157,0.9659258262890681,2.6,6.0
2026-06-29 23:50:00,320.0,6.0,2.6,1012.4,14.0,,2.6,2.6,2.8,5.0,6.0,5.0,1012.6,1012.7,1012.5,2.6,0.0,2.6,0.0,5.666666666666667,0.5773502691896258,5.833333333333333,0.4082482904638637,-0.10000000000002274,-0.3000000000000682,-0.6427876096865396,0.7660444431189778,-0.25881904510252157,0.9659258262890681,2.5,6.0
2026-06-30 00:20:00,320.0,6.0,2.5,1012.4,14.1,14.9,2.5,2.6,2.6,6.0,6.0,6.0,1012.4,1012.4,1012.7,2.5,0.0,2.5500000000000003,0.05773502691896274,6.0,0.0,5.833333333333333,0.4082482904638637,-0.3000000000000682,0.0,-0.6427876096865396,0.7660444431189778,0.0,1.0,2.6,8.0
2026-06-30 01:20:00,320.0,8.0,2.7,1011.8,14.0,15.0,2.7,2.6,2.5,8.0,8.0,6.0,1011.9,1012.4,1012.4,2.7,0.0,2.6666666666666665,0.05773502691896269,8.0,0.0,7.5,0.8366600265340756,-0.6000000000000227,-0.6000000000000227,-0.6427876096865396,0.7660444431189778,0.25881904510252074,0.9659258262890683,2.5,8.0
2026-06-30 02:20:00,310.0,7.0,2.4,1012.4,14.2,15.0,2.4,2.5,2.7,7.0,8.0,8.0,1012.3,1012.1,1011.8,2.4,0.0,2.433333333333333,0.057735026918961554,7.333333333333333,0.5773502691896258,7.166666666666667,0.75277265270908,0.6000000000000227,0.2999999999999545,-0.7660444431189781,0.6427876096865393,0.49999999999999994,0.8660254037844387,2.4,8.0
2026-06-30 02:50:00,310.0,8.0,2.4,1012.6,14.3,14.9,2.4,2.4,2.5,8.0,7.0,8.0,1012.3,1012.4,1012.1,2.4,0.0,2.4,0.0,8.0,0.0,7.666666666666667,0.5163977794943222,0.5,0.20000000000004547,-0.7660444431189781,0.6427876096865393,0.49999999999999994,0.8660254037844387,2.4,7.0
2026-06-30 03:20:00,310.0,7.0,2.4,1012.7,14.4,14.8,2.4,2.4,2.4,7.0,8.0,7.0,1012.7,1012.6,1012.4,2.4,0.0,2.4,0.0,7.0,0.0,7.5,0.5477225575051659,0.3000000000000682,0.10000000000002274,-0.7660444431189781,0.6427876096865393,0.7071067811865476,0.7071067811865476,2.6,7.0
2026-06-30 05:20:00,310.0,8.0,2.6,1013.6,14.3,14.9,2.6,2.5,2.8,8.0,8.0,8.0,1013.7,1013.6,1013.2,2.6,0.0,2.566666666666667,0.05773502691896259,8.0,0.0,7.833333333333333,0.4082482904638632,0.39999999999997726,0.0,-0.7660444431189781,0.6427876096865393,0.9659258262890683,0.25881904510252074,2.2,7.0
2026-06-30 05:50:00,320.0,7.0,2.2,1013.8,14.3,14.9,2.2,2.6,2.5,6.0,8.0,8.0,1013.8,1013.6,1013.6,2.2,0.0,2.4000000000000004,0.23094010767584996,6.666666666666667,0.5773502691896258,7.333333333333333,0.816496580927726,0.1999999999999318,0.1999999999999318,-0.6427876096865396,0.7660444431189778,0.9659258262890683,0.25881904510252074,2.5,7.0
2026-06-30 06:20:00,320.0,7.0,2.5,1013.7,14.2,14.9,2.5,2.2,2.6,7.0,7.0,8.0,1013.5,1013.8,1013.6,2.5,0.0,2.35,0.17320508075688718,6.666666666666667,0.5773502691896258,6.666666666666667,0.5163977794943233,0.10000000000002274,-0.09999999999990905,-0.6427876096865396,0.7660444431189778,1.0,6.123233995736766e-17,2.6,7.0
2026-06-30 08:20:00,330.0,7.0,2.2,1013.2,13.7,15.3,2.2,2.4,2.3,7.0,7.0,7.0,1013.2,1013.4,1013.6,2.2,0.0,2.266666666666667,0.11547005383792489,7.0,0.0,7.0,0.0,-0.39999999999997726,-0.1999999999999318,-0.5000000000000004,0.8660254037844384,0.8660254037844387,-0.4999999999999998,2.2,6.0
2026-06-30 09:20:00,330.0,6.0,2.4,1013.1,13.7,15.3,2.4,2.2,2.2,6.0,6.0,7.0,1013.2,1013.2,1013.2,2.4,0.0,2.3333333333333335,0.11547005383792522,6.0,0.0,6.333333333333333,0.5163977794943221,-0.10000000000002274,-0.10000000000002274,-0.5000000000000004,0.8660254037844384,0.7071067811865476,-0.7071067811865475,2.2,5.0
2026-06-30 10:20:00,300.0,5.0,2.4,1013.1,13.5,15.3,2.4,2.2,2.4,5.0,5.0,6.0,1013.1,1013.1,1013.1,2.4,0.0,2.3333333333333335,0.11547005383792507,5.0,0.0,5.333333333333333,0.5163977794943221,0.0,0.0,-0.8660254037844386,0.5000000000000001,0.49999999999999994,-0.8660254037844387,2.3,5.0
2026-06-30 12:20:00,320.0,5.0,2.2,1013.2,13.7,15.3,2.2,2.6,2.4,5.0,4.0,5.0,1013.1,1013.2,1013.2,2.2,0.0,2.3333333333333335,0.2309401076758502,5.0,0.0,4.833333333333333,0.40824829046386296,0.0,0.0,-0.6427876096865396,0.7660444431189778,1.2246467991473532e-16,-1.0,2.4,5.0
2026-06-30 12:50:00,310.0,5.0,2.4,1013.3,13.6,,2.4,2.2,2.6,6.0,5.0,4.0,1013.3,1013.2,1013.2,2.4,0.0,2.3,0.11547005383792491,5.333333333333333,0.5773502691896258,5.166666666666667,0.40824829046386296,0.09999999999990905,0.09999999999990905,-0.7660444431189781,0.6427876096865393,1.2246467991473532e-16,-1.0,2.4,6.0
2026-06-30 13:20:00,330.0,6.0,2.4,1013.6,13.5,15.0,2.4,2.4,2.2,6.0,5.0,5.0,1013.5,1013.3,1013.2,2.4,0.0,2.4,0.0,6.0,0.0,5.666666666666667,0.5163977794943221,0.39999999999997726,0.3000000000000682,-0.5000000000000004,0.8660254037844384,-0.2588190451025208,-0.9659258262890683,2.7,5.0
2026-06-30 14:20:00,320.0,4.0,2.7,1013.8,13.6,15.0,2.7,2.7,2.4,6.0,5.0,6.0,1013.8,1013.7,1013.6,2.7,0.0,2.7,0.0,5.0,1.0,5.166666666666667,0.752772652709081,0.1999999999999318,0.09999999999990905,-0.6427876096865396,0.7660444431189778,-0.4999999999999997,-0.8660254037844388,2.4,4.0
2026-06-30 15:20:00,320.0,4.0,2.7,1014.3,13.5,14.9,2.7,2.4,2.7,4.0,4.0,4.0,1014.2,1014.1,1013.8,2.7,0.0,2.6,0.1732050807568879,4.0,0.0,4.166666666666667,0.40824829046386274,0.5,0.1999999999999318,-0.6427876096865396,0.7660444431189778,-0.7071067811865471,-0.7071067811865479,2.5,3.0
2026-06-30 17:20:00,280.0,2.0,2.6,1014.7,13.6,14.8,2.6,2.6,2.4,3.0,3.0,3.0,1014.7,1014.6,1014.5,2.6,0.0,2.6,0.0,2.6666666666666665,0.5773502691896257,2.6666666666666665,0.5163977794943223,0.20000000000004547,0.10000000000002274,-0.9848077530122081,0.17364817766692997,-0.9659258262890683,-0.25881904510252063,2.7,3.0
2026-06-30 20:20:00,260.0,3.0,2.6,1015.0,14.2,14.8,2.6,2.6,2.8,3.0,4.0,2.0,1015.2,1015.2,1015.1,2.6,0.0,2.6,0.0,3.0,0.0,3.1666666666666665,0.40824829046386435,-0.10000000000002274,-0.20000000000004547,-0.984807753012208,-0.17364817766693033,-0.8660254037844386,0.5000000000000001,2.7,3.0
2026-06-30 21:20:00,260.0,3.0,2.8,1014.7,14.4,15.0,2.8,2.7,2.6,3.0,3.0,3.0,1014.8,1014.8,1015.0,2.8,0.0,2.766666666666667,0.05773502691896333,3.0,0.0,3.0,0.0,-0.2999999999999545,-0.09999999999990905,-0.984807753012208,-0.17364817766693033,-0.7071067811865477,0.7071067811865474,2.5,4.0
2026-06-30 22:20:00,280.0,5.0,2.9,1014.4,14.7,15.1,2.9,2.5,2.8,5.0,4.0,3.0,1014.5,1014.6,1014.7,2.9,0.0,2.766666666666666,0.2309401076758504,5.0,0.0,4.5,0.5477225575051672,-0.3000000000000682,-0.20000000000004547,-0.9848077530122081,0.17364817766692997,-0.5000000000000004,0.8660254037844384,2.6,5.0
2026-06-30 23:40:00,290.0,5.0,2.6,1014.1,14.7,15.5,2.6,,2.9,5.0,5.0,5.0,1014.3,1014.4,1014.5,2.6,0.0,2.6750000000000003,0.14999999999999988,5.0,0.0,5.0,0.0,-0.39999999999997726,-0.2999999999999545,-0.9396926207859083,0.342020143325669,-0.25881904510252157,0.9659258262890681,2.6,5.0
2026-06-30 23:50:00,300.0,5.0,2.6,1014.1,14.6,15.5,2.6,2.6,2.9,5.0,5.0,5.0,1014.1,1014.4,1014.4,2.6,0.0,2.6,0.0,5.0,0.0,5.0,0.0,-0.2999999999999545,-0.2999999999999545,-0.8660254037844386,0.5000000000000001,-0.25881904510252157,0.9659258262890681,2.6,5.0
2026-07-01 00:20:00,300.0,5.0,2.6,1013.9,14.4,15.5,2.6,2.6,2.6,5.0,5.0,5.0,1014.0,1014.1,1014.4,2.6,0.0,2.6,0.0,5.0,0.0,5.0,0.0,-0.5,-0.20000000000004547,-0.8660254037844386,0.5000000000000001,0.0,1.0,2.8,6.0
2026-07-01 01:20:00,310.0,6.0,2.4,1013.5,14.1,15.5,2.4,2.8,2.6,6.0,6.0,5.0,1013.6,1013.7,1013.9,2.4,0.0,2.533333333333333,0.23094010767585016,6.0,0.0,5.666666666666667,0.5163977794943221,-0.39999999999997726,-0.20000000000004547,-0.7660444431189781,0.6427876096865393,0.25881904510252074,0.9659258262890683,2.2,6.0
2026-07-01 02:20:00,310.0,7.0,2.7,1013.3,13.9,15.6,2.7,2.2,2.4,7.0,6.0,6.0,1013.3,1013.4,1013.5,2.7,0.0,2.533333333333333,0.2886751345948128,7.0,0.0,6.666666666666667,0.5163977794943221,-0.20000000000004547,-0.10000000000002274,-0.7660444431189781,0.6427876096865393,0.49999999999999994,0.8660254037844387,2.2,8.0
2026-07-01 02:50:00,320.0,8.0,2.2,1013.2,13.9,15.5,2.2,2.7,2.2,7.0,7.0,6.0,1013.3,1013.3,1013.4,2.2,0.0,2.45,0.28867513459481287,7.333333333333333,0.5773502691896258,7.166666666666667,0.40824829046386296,-0.1999999999999318,-0.09999999999990905,-0.6427876096865396,0.7660444431189778,0.49999999999999994,0.8660254037844387,2.0,7.0
2026-07-01 03:20:00,320.0,7.0,2.0,1013.0,13.9,15.4,2.0,2.2,2.7,7.0,8.0,7.0,1013.1,1013.2,1013.3,2.0,0.0,2.1,0.11547005383792462,7.0,0.0,7.166666666666667,0.40824829046386296,-0.2999999999999545,-0.20000000000004547,-0.6427876096865396,0.7660444431189778,0.7071067811865476,0.7071067811865476,2.3,7.0
2026-07-01 04:20:00,320.0,8.0,2.3,1012.9,14.0,15.4,2.3,2.3,2.0,8.0,7.0,7.0,1013.0,1013.0,1013.0,2.3,0.0,2.3,0.0,7.666666666666667,0.5773502691896258,7.333333333333333,0.5163977794943221,-0.10000000000002274,-0.10000000000002274,-0.6427876096865396,0.7660444431189778,0.8660254037844386,0.5000000000000001,2.5,7.0
2026-07-01 05:20:00,320.0,7.0,2.3,1013.3,13.8,15.3,2.3,2.5,2.3,7.0,7.0,8.0,1013.3,1013.1,1012.9,2.3,0.0,2.3666666666666667,0.11547005383792519,7.0,0.0,7.0,0.0,0.39999999999997726,0.1999999999999318,-0.6427876096865396,0.7660444431189778,0.9659258262890683,0.25881904510252074,2.5,7.0
2026-07-01 06:20:00,320.0,6.0,2.6,1013.0,13.9,15.3,2.6,2.5,2.3,8.0,7.0,7.0,1013.1,1013.2,1013.3,2.6,0.0,2.566666666666667,0.057735026918961554,7.0,1.0,7.333333333333333,0.8164965809277258,-0.2999999999999545,-0.20000000000004547,-0.6427876096865396,0.7660444431189778,1.0,6.123233995736766e-17,2.2,6.0
2026-07-01 07:20:00,310.0,7.0,2.4,1012.8,13.8,15.0,2.4,2.2,2.6,6.0,6.0,6.0,1012.9,1013.0,1013.0,2.4,0.0,2.3333333333333335,0.1154700538379253,6.333333333333333,0.5773502691896258,6.333333333333333,0.5163977794943204,-0.20000000000004547,-0.20000000000004547,-0.7660444431189781,0.6427876096865393,0.9659258262890683,-0.25881904510252063,2.5,7.0
2026-07-01 08:50:00,320.0,6.0,2.5,1012.3,13.7,14.4,2.5,2.5,2.5,7.0,7.0,7.0,1012.3,1012.4,1012.6,2.5,0.0,2.5,0.0,6.666666666666667,0.5773502691896258,6.833333333333333,0.40824829046386296,-0.3000000000000682,-0.10000000000002274,-0.6427876096865396,0.7660444431189778,0.8660254037844387,-0.4999999999999998,2.3,6.0
2026-07-01 09:20:00,320.0,6.0,2.3,1012.3,13.6,14.3,2.3,2.5,2.5,6.0,6.0,7.0,1012.3,1012.3,1012.4,2.3,0.0,2.4,0.11547005383792548,6.0,0.0,6.333333333333333,0.5163977794943221,-0.10000000000002274,0.0,-0.6427876096865396,0.7660444431189778,0.7071067811865476,-0.7071067811865475,2.7,6.0
2026-07-01 10:20:00,320.0,6.0,2.5,1012.2,13.7,14.3,2.5,2.7,2.3,6.0,6.0,6.0,1012.2,1012.4,1012.3,2.5,0.0,2.566666666666667,0.11547005383792545,6.0,0.0,6.0,0.0,-0.09999999999990905,-0.1999999999999318,-0.6427876096865396,0.7660444431189778,0.49999999999999994,-0.8660254037844387,2.6,6.0
2026-07-01 11:20:00,320.0,7.0,2.3,1012.2,13.6,14.1,2.3,2.6,2.5,6.0,6.0,6.0,1012.2,1012.2,1012.2,2.3,0.0,2.4,0.17320508075688754,6.333333333333333,0.5773502691896258,6.333333333333333,0.5163977794943221,0.0,0.0,-0.6427876096865396,0.7660444431189778,0.258819045102521,-0.9659258262890682,2.7,7.0
2026-07-01 12:20:00,310.0,7.0,2.5,1012.4,13.5,13.5,2.5,2.7,2.3,7.0,7.0,7.0,1012.3,1012.3,1012.2,2.5,0.0,2.566666666666667,0.11547005383792545,7.0,0.0,7.0,0.0,0.1999999999999318,0.10000000000002274,-0.7660444431189781,0.6427876096865393,1.2246467991473532e-16,-1.0,2.3,6.0
2026-07-01 13:20:00,310.0,6.0,2.6,1012.7,13.2,13.2,2.6,2.3,2.5,6.0,6.0,7.0,1012.6,1012.5,1012.4,2.6,0.0,2.5,0.1732050807568881,6.0,0.0,6.0,0.0,0.3000000000000682,0.20000000000004547,-0.7660444431189781,0.6427876096865393,-0.2588190451025208,-0.9659258262890683,2.5,6.0
2026-07-01 14:20:00,310.0,5.0,2.7,1012.8,13.1,13.1,2.7,2.5,2.6,6.0,6.0,6.0,1012.8,1012.7,1012.7,2.7,0.0,2.6333333333333333,0.1154700538379253,5.666666666666667,0.5773502691896258,6.0,0.6324555320336759,0.09999999999990905,0.09999999999990905,-0.7660444431189781,0.6427876096865393,-0.4999999999999997,-0.8660254037844388,2.6,5.0
2026-07-01 15:20:00,310.0,5.0,2.6,1013.2,13.0,12.8,2.6,2.6,2.7,5.0,5.0,5.0,1013.1,1013.0,1012.8,2.6,0.0,2.6,0.0,5.0,0.0,5.0,0.0,0.40000000000009095,0.20000000000004547,-0.7660444431189781,0.6427876096865393,-0.7071067811865471,-0.7071067811865479,2.6,5.0
2026-07-01 17:20:00,330.0,3.0,2.2,1013.6,12.9,12.6,2.2,2.4,2.4,3.0,4.0,4.0,1013.6,1013.5,1013.5,2.2,0.0,2.2666666666666666,0.11547005383792522,3.3333333333333335,0.5773502691896257,3.6666666666666665,0.5163977794943223,0.10000000000002274,0.10000000000002274,-0.5000000000000004,0.8660254037844384,-0.9659258262890683,-0.25881904510252063,2.5,2.0
2026-07-01 18:20:00,310.0,2.0,2.8,1014.0,13.1,12.8,2.8,2.5,2.2,2.0,2.0,3.0,1013.9,1013.8,1013.6,2.8,0.0,2.6999999999999997,0.1732050807568864,2.0,0.0,2.1666666666666665,0.4082482904638647,0.39999999999997726,0.20000000000004547,-0.7660444431189781,0.6427876096865393,-1.0,-1.8369701987210297e-16,2.9,2.0
2026-07-01 20:20:00,200.0,1.0,2.6,1014.3,13.6,12.6,2.6,2.6,2.6,1.0,1.0,2.0,1014.3,1014.2,1014.2,2.6,0.0,2.6,0.0,1.0,0.0,1.0,0.0,0.09999999999990905,0.09999999999990905,-0.34202014332566866,-0.9396926207859084,-0.8660254037844386,0.5000000000000001,2.5,2.0
2026-07-01 21:20:00,210.0,2.0,2.7,1014.2,13.6,12.7,2.7,2.5,2.6,2.0,2.0,1.0,1014.2,1014.3,1014.3,2.7,0.0,2.6333333333333333,0.1154700538379253,2.0,0.0,1.8333333333333333,0.40824829046386285,-0.09999999999990905,-0.09999999999990905,-0.5000000000000001,-0.8660254037844386,-0.7071067811865477,0.7071067811865474,2.5,2.0
2026-07-01 21:50:00,220.0,2.0,2.5,1014.2,13.7,12.9,2.5,2.7,2.5,2.0,2.0,2.0,1014.2,1014.2,1014.3,2.5,0.0,2.6,0.11547005383792526,2.0,0.0,2.0,0.0,-0.09999999999990905,0.0,-0.6427876096865393,-0.766044443118978,-0.7071067811865477,0.7071067811865474,2.6,1.0
2026-07-01 23:20:00,230.0,3.0,2.6,1013.6,14.0,13.6,2.6,2.6,2.6,2.0,1.0,1.0,1013.8,1014.0,1013.9,2.6,0.0,2.6,0.0,2.0,1.0,1.5,0.8366600265340755,-0.2999999999999545,-0.39999999999997726,-0.7660444431189779,-0.6427876096865395,-0.25881904510252157,0.9659258262890681,2.3,2.0
2026-07-02 00:20:00,230.0,2.0,2.3,1013.4,14.0,13.6,2.3,2.3,2.6,2.0,2.0,3.0,1013.5,1013.6,1013.6,2.3,0.0,2.3,0.0,2.0,0.0,2.3333333333333335,0.5163977794943221,-0.20000000000004547,-0.20000000000004547,-0.7660444431189779,-0.6427876096865395,0.0,1.0,2.1,3.0
2026-07-02 01:20:00,260.0,2.0,2.0,1013.2,13.9,13.1,2.0,2.1,2.3,3.0,3.0,2.0,1013.3,1013.3,1013.4,2.0,0.0,2.033333333333333,0.05773502691896278,2.6666666666666665,0.5773502691896257,2.5,0.5477225575051664,-0.1999999999999318,-0.09999999999990905,-0.984807753012208,-0.17364817766693033,0.25881904510252074,0.9659258262890683,2.0,3.0
2026-07-02 02:20:00,260.0,3.0,2.0,1013.1,13.9,12.7,2.0,2.0,2.0,3.0,3.0,2.0,1013.1,1013.1,1013.2,2.0,0.0,2.0,0.0,3.0,0.0,2.6666666666666665,0.5163977794943226,-0.10000000000002274,0.0,-0.984807753012208,-0.17364817766693033,0.49999999999999994,0.8660254037844387,1.9,4.0
2026-07-02 03:20:00,270.0,2.0,2.0,1013.1,14.0,13.6,2.0,1.9,2.0,3.0,4.0,3.0,1013.2,1013.2,1013.1,2.0,0.0,1.9666666666666668,0.057735026918962595,3.0,0.9999999999999999,3.1666666666666665,0.752772652709081,0.0,-0.10000000000002274,-1.0,-1.8369701987210297e-16,0.7071067811865476,0.7071067811865476,1.8,3.0
2026-07-02 03:50:00,250.0,3.0,1.8,1013.2,13.9,13.6,1.8,2.0,1.9,3.0,2.0,4.0,1013.1,1013.1,1013.2,1.8,0.0,1.9000000000000001,0.11547005383792502,3.0,0.0,3.0,0.6324555320336755,0.0,0.10000000000002274,-0.9396926207859084,-0.34202014332566855,0.7071067811865476,0.7071067811865476,1.9,3.0
2026-07-02 04:20:00,280.0,3.0,1.9,1013.4,13.8,13.3,1.9,1.8,2.0,2.0,3.0,2.0,1013.3,1013.2,1013.1,1.9,0.0,1.8499999999999999,0.05773502691896211,2.6666666666666665,0.5773502691896257,2.8333333333333335,0.4082482904638621,0.2999999999999545,0.1999999999999318,-0.9848077530122081,0.17364817766692997,0.8660254037844386,0.5000000000000001,1.9,2.0
2026-07-02 06:20:00,240.0,1.0,2.0,1013.8,13.7,13.4,2.0,1.8,1.9,2.0,2.0,2.0,1013.9,1013.8,1013.8,2.0,0.0,1.9333333333333333,0.11547005383792498,1.3333333333333333,0.5773502691896258,1.3333333333333333,0.5163977794943189,0.0,0.0,-0.8660254037844385,-0.5000000000000004,1.0,6.123233995736766e-17,2.0,1.0
2026-07-02 07:20:00,240.0,2.0,2.1,1013.9,13.7,13.4,2.1,2.0,2.0,1.0,1.0,1.0,1013.9,1013.9,1013.8,2.1,0.0,2.066666666666667,0.05773502691896285,1.3333333333333333,0.5773502691896258,1.1666666666666667,0.408248290463863,0.10000000000002274,0.0,-0.8660254037844385,-0.5000000000000004,0.9659258262890683,-0.25881904510252063,1.9,2.0
2026-07-02 09:20:00,210.0,2.0,2.0,1013.5,13.7,14.4,2.0,1.9,2.1,2.0,2.0,2.0,1013.6,1013.5,1013.6,2.0,0.0,1.9666666666666668,0.05773502691896264,2.0,0.0,2.0,0.0,-0.10000000000002274,0.0,-0.5000000000000001,-0.8660254037844386,0.7071067811865476,-0.7071067811865475,2.2,2.0
2026-07-02 10:20:00,220.0,2.0,2.1,1013.3,13.6,14.5,2.1,2.2,2.0,2.0,2.0,2.0,1013.3,1013.4,1013.5,2.1,0.0,2.1333333333333333,0.0577350269189619,2.0,0.0,2.0,0.0,-0.20000000000004547,-0.10000000000002274,-0.6427876096865393,-0.766044443118978,0.49999999999999994,-0.8660254037844387,2.2,2.0
2026-07-02 11:20:00,200.0,3.0,2.3,1013.3,13.6,14.7,2.3,2.2,2.1,2.0,2.0,2.0,1013.2,1013.2,1013.3,2.3,0.0,2.266666666666667,0.05773502691896333,2.3333333333333335,0.5773502691896257,2.1666666666666665,0.408248290463863,0.0,0.09999999999990905,-0.34202014332566866,-0.9396926207859084,0.258819045102521,-0.9659258262890682,2.2,2.0
2026-07-02 12:20:00,220.0,2.0,2.1,1013.4,13.6,14.6,2.1,2.2,2.3,1.0,2.0,3.0,1013.4,1013.4,1013.3,2.1,0.0,2.1333333333333333,0.05773502691896301,1.6666666666666667,0.5773502691896258,2.0,0.6324555320336757,0.10000000000002274,0.0,-0.6427876096865393,-0.766044443118978,1.2246467991473532e-16,-1.0,2.3,2.0
2026-07-02 13:20:00,210.0,1.0,2.3,1013.8,13.5,14.7,2.3,2.3,2.1,3.0,2.0,2.0,1013.8,1013.7,1013.4,2.3,0.0,2.3,0.0,2.3333333333333335,1.1547005383792517,1.8333333333333333,0.9831920802501748,0.39999999999997726,0.09999999999990905,-0.5000000000000001,-0.8660254037844386,-0.2588190451025208,-0.9659258262890683,2.1,2.0
2026-07-02 15:20:00,220.0,1.0,2.0,1014.4,13.8,14.8,2.0,2.2,2.2,1.0,2.0,2.0,1014.3,1014.2,1014.1,2.0,0.0,2.066666666666667,0.11547005383792497,1.0,0.0,1.3333333333333333,0.5163977794943222,0.2999999999999545,0.1999999999999318,-0.6427876096865393,-0.766044443118978,-0.7071067811865471,-0.7071067811865479,2.1,2.0
2026-07-02 17:20:00,200.0,2.0,2.0,1014.8,14.0,15.0,2.0,2.0,2.0,2.0,2.0,2.0,1014.7,1014.6,1014.7,2.0,0.0,2.0,0.0,2.0,0.0,2.0,0.0,0.09999999999990905,0.1999999999999318,-0.34202014332566866,-0.9396926207859084,-0.9659258262890683,-0.25881904510252063,2.1,3.0
2026-07-02 18:20:00,200.0,3.0,2.2,1015.1,14.1,15.1,2.2,2.1,2.0,3.0,3.0,2.0,1015.0,1014.9,1014.8,2.2,0.0,2.1666666666666665,0.05773502691896269,3.0,0.0,2.5,0.8366600265340758,0.3000000000000682,0.20000000000004547,-0.34202014332566866,-0.9396926207859084,-1.0,-1.8369701987210297e-16,2.0,3.0
2026-07-02 21:20:00,230.0,4.0,1.8,1015.6,13.9,15.1,1.8,2.0,1.9,4.0,4.0,4.0,1015.6,1015.6,1015.5,1.8,0.0,1.8666666666666665,0.11547005383792529,4.0,0.0,4.0,0.0,0.10000000000002274,0.0,-0.7660444431189779,-0.6427876096865395,-0.7071067811865477,0.7071067811865474,2.1,4.0
2026-07-02 22:20:00,240.0,3.0,1.9,1015.5,13.8,15.1,1.9,2.1,1.8,3.0,4.0,4.0,1015.5,1015.5,1015.6,1.9,0.0,1.9666666666666666,0.11547005383792515,3.3333333333333335,0.5773502691896257,3.6666666666666665,0.5163977794943223,-0.10000000000002274,0.0,-0.8660254037844385,-0.5000000000000004,-0.5000000000000004,0.8660254037844384,2.0,3.0
2026-07-02 22:50:00,240.0,3.0,2.0,1015.4,13.8,15.2,2.0,1.9,2.1,3.0,3.0,4.0,1015.5,1015.5,1015.5,2.0,0.0,1.95,0.05773502691896245,3.0,0.0,3.1666666666666665,0.4082482904638636,-0.10000000000002274,-0.10000000000002274,-0.8660254037844385,-0.5000000000000004,-0.5000000000000004,0.8660254037844384,1.9,3.0
2026-07-02 23:20:00,250.0,3.0,1.9,1015.3,13.9,15.2,1.9,2.0,1.9,3.0,3.0,3.0,1015.3,1015.4,1015.5,1.9,0.0,1.95,0.05773502691896245,3.0,0.0,3.0,0.0,-0.20000000000004547,-0.10000000000002274,-0.9396926207859084,-0.34202014332566855,-0.25881904510252157,0.9659258262890681,1.9,4.0
2026-07-02 23:50:00,250.0,4.0,1.9,1015.3,13.9,15.3,1.9,1.9,2.0,3.0,3.0,3.0,1015.2,1015.3,1015.4,1.9,0.0,1.9,0.0,3.3333333333333335,0.5773502691896257,3.1666666666666665,0.408248290463863,-0.10000000000002274,0.0,-0.9396926207859084,-0.34202014332566855,-0.25881904510252157,0.9659258262890681,1.9,3.0
2026-07-03 00:20:00,250.0,3.0,1.9,1015.1,13.9,15.3,1.9,1.9,1.9,4.0,4.0,3.0,1015.2,1015.3,1015.3,1.9,0.0,1.9,0.0,3.3333333333333335,0.5773502691896257,3.3333333333333335,0.5163977794943223,-0.1999999999999318,-0.1999999999999318,-0.9396926207859084,-0.34202014332566855,0.0,1.0,1.8,3.0
2026-07-03 01:20:00,260.0,3.0,1.9,1014.9,13.7,15.3,1.9,1.8,1.9,3.0,3.0,3.0,1014.9,1015.0,1015.1,1.9,0.0,1.8666666666666665,0.05773502691896253,3.0,0.0,3.0,0.0,-0.20000000000004547,-0.10000000000002274,-0.984807753012208,-0.17364817766693033,0.25881904510252074,0.9659258262890683,1.8,3.0
2026-07-03 02:20:00,230.0,3.0,1.8,1015.0,13.5,15.3,1.8,1.8,1.9,3.0,3.0,3.0,1015.0,1014.9,1014.9,1.8,0.0,1.8,0.0,3.0,0.0,3.0,0.0,0.10000000000002274,0.10000000000002274,-0.7660444431189779,-0.6427876096865395,0.49999999999999994,0.8660254037844387,1.7,3.0
2026-07-03 03:20:00,310.0,3.0,1.6,1015.2,13.5,15.3,1.6,1.7,1.8,2.0,3.0,3.0,1015.2,1015.2,1015.0,1.6,0.0,1.6333333333333335,0.057735026918962276,2.3333333333333335,0.5773502691896257,2.5,0.5477225575051664,0.20000000000004547,0.0,-0.7660444431189781,0.6427876096865393,0.7071067811865476,0.7071067811865476,1.6,3.0
2026-07-03 04:20:00,350.0,2.0,1.6,1015.3,13.5,15.2,1.6,1.6,1.6,3.0,3.0,3.0,1015.3,1015.2,1015.2,1.6,0.0,1.6,0.0,2.3333333333333335,0.5773502691896257,2.5,0.5477225575051664,0.09999999999990905,0.09999999999990905,-0.1736481776669304,0.984807753012208,0.8660254037844386,0.5000000000000001,1.7,3.0
2026-07-03 04:50:00,320.0,3.0,1.7,1015.4,13.6,15.2,1.7,1.6,1.6,3.0,2.0,3.0,1015.3,1015.3,1015.2,1.7,0.0,1.6500000000000001,0.05773502691896256,2.3333333333333335,1.1547005383792515,2.3333333333333335,0.8164965809277264,0.1999999999999318,0.10000000000002274,-0.6427876096865396,0.7660444431189778,0.8660254037844386,0.5000000000000001,1.7,2.0
2026-07-03 05:20:00,320.0,2.0,1.7,1015.7,13.6,15.1,1.7,1.7,1.6,2.0,3.0,2.0,1015.6,1015.4,1015.3,1.7,0.0,1.7,0.0,1.6666666666666667,0.577350269189626,2.0,0.8944271909999163,0.40000000000009095,0.3000000000000682,-0.6427876096865396,0.7660444431189778,0.9659258262890683,0.25881904510252074,1.5,3.0
2026-07-03 06:20:00,320.0,2.0,1.6,1015.4,13.4,15.1,1.6,1.5,1.7,3.0,3.0,2.0,1015.4,1015.5,1015.7,1.6,0.0,1.5666666666666667,0.057735026918962734,2.3333333333333335,0.5773502691896257,2.3333333333333335,0.5163977794943228,-0.3000000000000682,-0.10000000000002274,-0.6427876096865396,0.7660444431189778,1.0,6.123233995736766e-17,1.6,3.0
2026-07-03 07:20:00,300.0,4.0,1.6,1015.2,13.1,14.9,1.6,1.6,1.6,4.0,3.0,2.0,1015.3,1015.3,1015.4,1.6,0.0,1.6,0.0,3.3333333333333335,1.1547005383792515,2.8333333333333335,0.9831920802501752,-0.1999999999999318,-0.09999999999990905,-0.8660254037844386,0.5000000000000001,0.9659258262890683,-0.25881904510252063,1.6,2.0
2026-07-03 08:20:00,290.0,3.0,1.5,1015.1,12.7,14.5,1.5,1.6,1.6,3.0,2.0,4.0,1015.2,1015.2,1015.2,1.5,0.0,1.5333333333333334,0.057735026918962484,3.0,0.0,3.0,0.6324555320336763,-0.10000000000002274,-0.10000000000002274,-0.9396926207859083,0.342020143325669,0.8660254037844387,-0.4999999999999998,1.5,2.0
2026-07-03 09:20:00,320.0,3.0,1.6,1015.1,12.5,14.3,1.6,1.5,1.5,4.0,2.0,3.0,1015.0,1015.1,1015.1,1.6,0.0,1.5666666666666667,0.057735026918962484,3.0,1.0,2.6666666666666665,0.8164965809277264,0.0,0.0,-0.6427876096865396,0.7660444431189778,0.7071067811865476,-0.7071067811865475,1.5,2.0
2026-07-03 10:20:00,330.0,2.0,1.4,1015.2,12.3,14.3,1.4,1.5,1.6,3.0,2.0,3.0,1015.3,1015.2,1015.1,1.4,0.0,1.4333333333333333,0.057735026918962006,2.3333333333333335,0.5773502691896257,2.1666666666666665,0.4082482904638624,0.10000000000002274,0.0,-0.5000000000000004,0.8660254037844384,0.49999999999999994,-0.8660254037844387,1.5,2.0
2026-07-03 10:50:00,320.0,2.0,1.5,1015.2,12.3,14.4,1.5,1.4,1.5,1.0,2.0,2.0,1015.2,1015.2,1015.2,1.5,0.0,1.45,0.057735026918962276,2.0,0.9999999999999999,2.1666666666666665,0.7527726527090807,0.0,0.0,-0.6427876096865396,0.7660444431189778,0.49999999999999994,-0.8660254037844387,1.5,2.0
2026-07-03 11:20:00,330.0,2.0,1.5,1015.2,12.3,14.7,1.5,1.5,1.4,3.0,2.0,2.0,1015.2,1015.2,1015.2,1.5,0.0,1.5,0.0,2.6666666666666665,0.5773502691896257,2.3333333333333335,0.816496580927726,0.0,0.0,-0.5000000000000004,0.8660254037844384,0.258819045102521,-0.9659258262890682,1.5,3.0
2026-07-03 14:20:00,60.0,2.0,1.5,1015.8,12.2,,1.5,1.5,1.5,2.0,2.0,2.0,1015.7,1015.6,1015.3,1.5,0.0,1.5,0.0,2.0,0.0,2.1666666666666665,0.4082482904638636,0.5,0.1999999999999318,0.8660254037844386,0.5000000000000001,-0.4999999999999997,-0.8660254037844388,1.6,1.0
2026-07-03 15:20:00,50.0,2.0,1.6,1016.3,12.3,14.7,1.6,1.6,1.5,2.0,1.0,2.0,1016.1,1016.0,1015.8,1.6,0.0,1.6,0.0,1.6666666666666667,0.5773502691896258,1.3333333333333333,0.5163977794943222,0.5,0.2999999999999545,0.766044443118978,0.6427876096865394,-0.7071067811865471,-0.7071067811865479,1.6,2.0
2026-07-03 16:20:00,50.0,2.0,1.7,1016.5,12.2,14.5,1.7,1.6,1.6,2.0,2.0,2.0,1016.6,1016.6,1016.3,1.7,0.0,1.6666666666666667,0.05773502691896261,2.0,0.0,2.0,0.0,0.20000000000004547,-0.10000000000002274,0.766044443118978,0.6427876096865394,-0.8660254037844385,-0.5000000000000004,1.7,2.0
2026-07-03 17:20:00,70.0,2.0,1.8,1016.2,12.4,14.6,1.8,1.7,1.7,2.0,2.0,2.0,1016.3,1016.3,1016.5,1.8,0.0,1.7666666666666666,0.057735026918962595,2.0,0.0,2.0,0.0,-0.2999999999999545,-0.09999999999990905,0.9396926207859083,0.3420201433256688,-0.9659258262890683,-0.25881904510252063,1.4,2.0
2026-07-03 18:20:00,130.0,2.0,1.7,1016.6,12.8,14.6,1.7,1.4,1.8,2.0,2.0,2.0,1016.5,1016.3,1016.2,1.7,0.0,1.5999999999999999,0.17320508075688784,2.0,0.0,2.0,0.0,0.39999999999997726,0.3000000000000682,0.766044443118978,-0.6427876096865394,-1.0,-1.8369701987210297e-16,1.5,2.0
2026-07-03 21:20:00,250.0,3.0,1.6,1016.4,13.8,,1.6,1.6,1.6,2.0,2.0,2.0,1016.4,1016.3,1016.5,1.6,0.0,1.6,0.0,2.6666666666666665,0.5773502691896257,2.3333333333333335,0.5163977794943221,-0.10000000000002274,0.10000000000002274,-0.9396926207859084,-0.34202014332566855,-0.7071067811865477,0.7071067811865474,1.5,3.0
2026-07-03 21:50:00,250.0,3.0,1.5,1016.5,13.8,15.4,1.5,1.6,1.6,3.0,3.0,2.0,1016.4,1016.4,1016.3,1.5,0.0,1.5500000000000003,0.05773502691896274,3.0,0.0,2.8333333333333335,0.40824829046386224,0.20000000000004547,0.10000000000002274,-0.9396926207859084,-0.34202014332566855,-0.7071067811865477,0.7071067811865474,1.5,3.0
2026-07-03 23:20:00,240.0,3.0,1.6,1016.3,13.7,15.7,1.6,1.6,1.5,2.0,3.0,3.0,1016.3,1016.3,1016.4,1.6,0.0,1.6,0.0,2.6666666666666665,0.5773502691896257,2.8333333333333335,0.408248290463863,-0.10000000000002274,0.0,-0.8660254037844385,-0.5000000000000004,-0.25881904510252157,0.9659258262890681,1.4,3.0
2026-07-04 00:20:00,280.0,2.0,1.5,1015.9,13.7,15.6,1.5,1.4,1.6,2.0,3.0,3.0,1016.0,1016.0,1016.3,1.5,0.0,1.4666666666666668,0.05773502691896273,2.0,0.0,2.5,0.5477225575051664,-0.39999999999997726,-0.10000000000002274,-0.9848077530122081,0.17364817766692997,0.0,1.0,1.5,2.0
2026-07-04 01:20:00,270.0,3.0,1.5,1015.8,13.5,15.5,1.5,1.5,1.5,3.0,2.0,2.0,1015.8,1015.8,1015.9,1.5,0.0,1.5,0.0,2.6666666666666665,0.5773502691896257,2.8333333333333335,0.752772652709081,-0.10000000000002274,0.0,-1.0,-1.8369701987210297e-16,0.25881904510252074,0.9659258262890683,1.4,3.0
2026-07-04 02:20:00,280.0,3.0,1.5,1016.2,13.4,15.4,1.5,1.4,1.5,2.0,3.0,3.0,1016.1,1016.0,1015.8,1.5,0.0,1.4666666666666668,0.057735026918962595,2.3333333333333335,0.5773502691896257,2.5,0.5477225575051663,0.40000000000009095,0.20000000000004547,-0.9848077530122081,0.17364817766692997,0.49999999999999994,0.8660254037844387,1.4,4.0
2026-07-04 03:20:00,290.0,2.0,1.5,1016.4,13.2,15.3,1.5,1.4,1.5,1.0,4.0,3.0,1016.4,1016.3,1016.2,1.5,0.0,1.4666666666666668,0.057735026918962595,2.0,0.9999999999999998,2.6666666666666665,1.0327955589886446,0.1999999999999318,0.10000000000002274,-0.9396926207859083,0.342020143325669,0.7071067811865476,0.7071067811865476,1.3,2.0
2026-07-04 04:20:00,330.0,3.0,1.3,1016.6,13.0,15.3,1.3,1.3,1.5,2.0,2.0,2.0,1016.5,1016.5,1016.4,1.3,0.0,1.3,0.0,2.6666666666666665,0.5773502691896257,2.6666666666666665,0.5163977794943225,0.20000000000004547,0.10000000000002274,-0.5000000000000004,0.8660254037844384,0.8660254037844386,0.5000000000000001,1.4,3.0
2026-07-04 05:20:00,310.0,1.0,1.5,1017.1,12.9,15.3,1.5,1.4,1.3,1.0,3.0,3.0,1017.0,1016.8,1016.6,1.5,0.0,1.4666666666666668,0.05773502691896298,1.3333333333333333,0.5773502691896256,1.8333333333333333,0.7527726527090828,0.5,0.3000000000000682,-0.7660444431189781,0.6427876096865393,0.9659258262890683,0.25881904510252074,1.4,1.0
2026-07-04 09:20:00,300.0,2.0,1.4,1016.6,12.4,15.5,1.4,1.3,1.4,3.0,2.0,1.0,1016.6,1016.4,1016.7,1.4,0.0,1.3666666666666665,0.05773502691896253,2.3333333333333335,0.5773502691896257,2.0,0.6324555320336758,-0.10000000000002274,0.20000000000004547,-0.8660254037844386,0.5000000000000001,0.7071067811865476,-0.7071067811865475,1.4,2.0
2026-07-04 10:20:00,330.0,2.0,1.4,1016.3,12.2,15.3,1.4,1.4,1.4,3.0,2.0,2.0,1016.3,1016.5,1016.6,1.4,0.0,1.4,0.0,2.3333333333333335,0.5773502691896257,2.1666666666666665,0.408248290463863,-0.3000000000000682,-0.20000000000004547,-0.5000000000000004,0.8660254037844384,0.49999999999999994,-0.8660254037844387,1.4,2.0
2026-07-04 11:20:00,360.0,3.0,1.5,1016.1,12.1,15.1,1.5,1.4,1.4,3.0,2.0,2.0,1016.0,1016.0,1016.3,1.5,0.0,1.4666666666666668,0.057735026918962484,2.6666666666666665,0.5773502691896257,2.1666666666666665,0.752772652709081,-0.1999999999999318,0.10000000000002274,-2.4492935982947064e-16,1.0,0.258819045102521,-0.9659258262890682,1.5,3.0
2026-07-04 12:20:00,310.0,3.0,1.6,1016.5,12.1,15.1,1.6,1.5,1.5,2.0,3.0,3.0,1016.5,1016.2,1016.1,1.6,0.0,1.5666666666666667,0.057735026918962484,2.6666666666666665,0.5773502691896257,2.8333333333333335,0.408248290463863,0.39999999999997726,0.2999999999999545,-0.7660444431189781,0.6427876096865393,1.2246467991473532e-16,-1.0,1.5,1.0
2026-07-04 13:20:00,340.0,3.0,1.6,1016.7,12.0,15.2,1.6,1.5,1.6,3.0,1.0,3.0,1016.6,1016.5,1016.5,1.6,0.0,1.5666666666666667,0.057735026918962595,3.0,0.0,2.5,0.8366600265340757,0.20000000000004547,0.20000000000004547,-0.3420201433256686,0.9396926207859084,-0.2588190451025208,-0.9659258262890683,1.5,4.0
2026-07-04 14:20:00,360.0,4.0,1.5,1016.6,12.1,15.1,1.5,1.5,1.6,4.0,4.0,3.0,1016.6,1016.8,1016.7,1.5,0.0,1.5,0.0,3.6666666666666665,0.5773502691896257,3.6666666666666665,0.5163977794943205,-0.10000000000002274,-0.1999999999999318,-2.4492935982947064e-16,1.0,-0.4999999999999997,-0.8660254037844388,1.6,3.0
2026-07-04 15:20:00,350.0,2.0,1.7,1017.2,12.0,15.2,1.7,1.6,1.5,3.0,3.0,4.0,1017.1,1016.9,1016.6,1.7,0.0,1.6666666666666667,0.05773502691896215,2.3333333333333335,0.5773502691896257,2.8333333333333335,0.7527726527090807,0.6000000000000227,0.3000000000000682,-0.1736481776669304,0.984807753012208,-0.7071067811865471,-0.7071067811865479,1.7,2.0
2026-07-04 17:20:00,10.0,1.0,1.5,1017.7,12.5,15.2,1.5,1.5,1.5,2.0,2.0,2.0,1017.8,1017.7,1017.6,1.5,0.0,1.5,0.0,1.3333333333333333,0.5773502691896258,1.3333333333333333,0.5163977794943223,0.10000000000002274,0.0,0.17364817766693033,0.984807753012208,-0.9659258262890683,-0.25881904510252063,1.5,2.0
2026-07-04 18:20:00,10.0,1.0,1.5,1017.6,12.9,15.2,1.5,1.5,1.5,1.0,2.0,1.0,1017.7,1017.7,1017.7,1.5,0.0,1.5,0.0,1.0,0.0,1.3333333333333333,0.5163977794943223,-0.10000000000002274,-0.10000000000002274,0.17364817766693033,0.984807753012208,-1.0,-1.8369701987210297e-16,1.5,
2026-07-04 19:20:00,340.0,1.0,1.7,1017.6,13.3,15.3,1.7,1.5,1.5,1.0,,1.0,1017.7,1017.7,1017.6,1.7,0.0,1.6,0.11547005383792508,1.0,0.0,1.2,0.4472135954999579,0.0,-0.10000000000002274,-0.3420201433256686,0.9396926207859084,-0.9659258262890684,0.2588190451025203,1.6,1.0
2026-07-04 21:20:00,300.0,4.0,1.6,1016.9,13.9,15.4,1.6,1.7,1.7,4.0,3.0,4.0,1016.9,1017.2,1017.2,1.6,0.0,1.6333333333333335,0.05773502691896261,4.333333333333333,0.5773502691896256,4.0,0.6324555320336761,-0.3000000000000682,-0.3000000000000682,-0.8660254037844386,0.5000000000000001,-0.7071067811865477,0.7071067811865474,1.5,5.0
2026-07-04 22:20:00,310.0,5.0,1.7,1016.4,13.8,15.4,1.7,1.5,1.6,5.0,5.0,4.0,1016.6,1016.6,1016.9,1.7,0.0,1.6333333333333335,0.11547005383792529,5.0,0.0,4.833333333333333,0.4082482904638647,-0.5,-0.20000000000004547,-0.7660444431189781,0.6427876096865393,-0.5000000000000004,0.8660254037844384,1.7,4.0
2026-07-04 23:20:00,310.0,5.0,1.6,1016.2,14.0,15.2,1.6,1.7,1.7,5.0,4.0,5.0,1016.3,1016.4,1016.4,1.6,0.0,1.6333333333333335,0.05773502691896261,5.0,0.0,4.833333333333333,0.40824829046386296,-0.1999999999999318,-0.1999999999999318,-0.7660444431189781,0.6427876096865393,-0.25881904510252157,0.9659258262890681,1.6,5.0
2026-07-05 00:20:00,290.0,5.0,1.6,1016.2,13.9,15.4,1.6,1.6,1.6,4.0,5.0,5.0,1016.4,1016.2,1016.2,1.6,0.0,1.6,0.0,4.666666666666667,0.5773502691896258,4.833333333333333,0.40824829046386296,0.0,0.0,-0.9396926207859083,0.342020143325669,0.0,1.0,1.6,5.0
2026-07-05 01:20:00,290.0,5.0,1.7,1016.1,13.9,15.3,1.7,1.6,1.6,5.0,5.0,5.0,1016.2,1016.1,1016.2,1.7,0.0,1.6666666666666667,0.05773502691896261,5.333333333333333,0.5773502691896258,5.166666666666667,0.40824829046386296,-0.10000000000002274,0.0,-0.9396926207859083,0.342020143325669,0.25881904510252074,0.9659258262890683,1.7,5.0
2026-07-05 02:20:00,320.0,5.0,1.7,1016.2,13.8,15.2,1.7,1.7,1.7,6.0,5.0,5.0,1016.1,1016.1,1016.1,1.7,0.0,1.7,0.0,5.333333333333333,0.5773502691896258,5.166666666666667,0.40824829046386296,0.10000000000002274,0.10000000000002274,-0.6427876096865396,0.7660444431189778,0.49999999999999994,0.8660254037844387,1.7,4.0
2026-07-05 03:20:00,300.0,4.0,1.6,1016.7,13.7,15.1,1.6,1.7,1.7,4.0,4.0,5.0,1016.9,1016.7,1016.2,1.6,0.0,1.6333333333333335,0.05773502691896261,4.0,0.0,4.333333333333333,0.5163977794943221,0.5,0.0,-0.8660254037844386,0.5000000000000001,0.7071067811865476,0.7071067811865476,1.6,4.0
2026-07-05 03:50:00,310.0,4.0,1.6,1016.8,13.4,15.1,1.6,1.6,1.7,5.0,4.0,4.0,1016.5,1016.7,1016.7,1.6,0.0,1.6,0.0,4.333333333333333,0.5773502691896258,4.166666666666667,0.40824829046386296,0.09999999999990905,0.09999999999990905,-0.7660444431189781,0.6427876096865393,0.7071067811865476,0.7071067811865476,1.4,4.0
2026-07-05 04:20:00,310.0,4.0,1.4,1017.1,13.6,15.1,1.4,1.6,1.6,4.0,4.0,4.0,1017.0,1016.8,1016.7,1.4,0.0,1.5,0.11547005383792527,4.0,0.0,4.166666666666667,0.40824829046386296,0.39999999999997726,0.3000000000000682,-0.7660444431189781,0.6427876096865393,0.8660254037844386,0.5000000000000001,1.5,4.0
2026-07-05 06:20:00,300.0,3.0,1.7,1017.0,13.4,15.0,1.7,1.6,1.6,3.0,3.0,4.0,1017.2,1017.3,1017.1,1.7,0.0,1.6666666666666667,0.05773502691896261,3.0,0.0,3.1666666666666665,0.40824829046386235,-0.10000000000002274,-0.2999999999999545,-0.8660254037844386,0.5000000000000001,1.0,6.123233995736766e-17,1.6,3.0
2026-07-05 07:20:00,330.0,3.0,1.6,1016.7,13.4,,1.6,1.6,1.7,2.0,3.0,3.0,1016.8,1016.9,1017.0,1.6,0.0,1.6,0.0,2.6666666666666665,0.5773502691896257,2.5,0.5477225575051654,-0.2999999999999545,-0.1999999999999318,-0.5000000000000004,0.8660254037844384,0.9659258262890683,-0.25881904510252063,1.5,3.0
2026-07-05 08:20:00,310.0,3.0,1.4,1016.3,13.5,15.1,1.4,1.5,1.6,3.0,3.0,3.0,1016.6,1016.7,1016.7,1.4,0.0,1.4333333333333333,0.057735026918962006,3.0,0.0,3.0,0.0,-0.40000000000009095,-0.40000000000009095,-0.7660444431189781,0.6427876096865393,0.8660254037844387,-0.4999999999999998,1.4,3.0
2026-07-05 09:20:00,300.0,3.0,1.4,1016.2,13.5,15.3,1.4,1.4,1.4,2.0,3.0,3.0,1016.1,1016.2,1016.3,1.4,0.0,1.4,0.0,2.6666666666666665,0.5773502691896257,2.8333333333333335,0.408248290463863,-0.09999999999990905,0.0,-0.8660254037844386,0.5000000000000001,0.7071067811865476,-0.7071067811865475,1.5,4.0
2026-07-05 10:20:00,320.0,4.0,1.5,1015.8,13.5,15.5,1.5,1.5,1.4,3.0,4.0,3.0,1015.8,1016.0,1016.2,1.5,0.0,1.5,0.0,3.3333333333333335,0.5773502691896257,3.1666666666666665,0.7527726527090806,-0.40000000000009095,-0.20000000000004547,-0.6427876096865396,0.7660444431189778,0.49999999999999994,-0.8660254037844387,1.5,2.0
2026-07-05 11:50:00,300.0,4.0,1.6,1015.8,13.4,15.4,1.6,1.6,1.5,3.0,3.0,2.0,1015.8,1015.8,1015.8,1.6,0.0,1.6,0.0,3.0,0.9999999999999999,3.0,0.6324555320336753,0.0,0.0,-0.8660254037844386,0.5000000000000001,0.258819045102521,-0.9659258262890682,1.5,2.0
2026-07-05 12:20:00,340.0,2.0,1.5,1016.0,13.4,15.5,1.5,1.6,1.6,2.0,4.0,3.0,1015.9,1015.8,1015.8,1.5,0.0,1.5500000000000003,0.05773502691896274,2.3333333333333335,0.5773502691896257,2.6666666666666665,0.8164965809277259,0.20000000000004547,0.20000000000004547,-0.3420201433256686,0.9396926207859084,1.2246467991473532e-16,-1.0,1.4,2.0
2026-07-05 13:20:00,320.0,3.0,1.5,1016.3,13.2,15.5,1.5,1.4,1.5,4.0,2.0,2.0,1016.2,1016.1,1016.0,1.5,0.0,1.4666666666666668,0.057735026918962595,3.6666666666666665,0.5773502691896257,2.8333333333333335,0.9831920802501748,0.2999999999999545,0.1999999999999318,-0.6427876096865396,0.7660444431189778,-0.2588190451025208,-0.9659258262890683,1.5,2.0
2026-07-05 14:20:00,320.0,4.0,1.5,1016.7,13.3,15.6,1.5,1.5,1.5,3.0,2.0,3.0,1016.6,1016.7,1016.3,1.5,0.0,1.5,0.0,3.0,0.9999999999999999,2.6666666666666665,0.8164965809277257,0.40000000000009095,0.0,-0.6427876096865396,0.7660444431189778,-0.4999999999999997,-0.8660254037844388,1.5,3.0
2026-07-05 16:20:00,320.0,3.0,1.5,1017.1,13.3,15.6,1.5,1.5,1.5,3.0,3.0,3.0,1017.1,1016.9,1016.8,1.5,0.0,1.5,0.0,3.3333333333333335,0.5773502691896257,3.1666666666666665,0.408248290463863,0.3000000000000682,0.20000000000004547,-0.6427876096865396,0.7660444431189778,-0.8660254037844385,-0.5000000000000004,1.4,3.0
2026-07-05 17:20:00,320.0,3.0,1.5,1016.9,13.5,15.7,1.5,1.4,1.5,3.0,3.0,3.0,1016.9,1016.9,1017.1,1.5,0.0,1.4666666666666668,0.057735026918962595,3.0,0.0,3.1666666666666665,0.408248290463863,-0.20000000000004547,0.0,-0.6427876096865396,0.7660444431189778,-0.9659258262890683,-0.25881904510252063,1.5,4.0
2026-07-05 18:20:00,300.0,4.0,1.6,1017.4,13.7,15.7,1.6,1.5,1.5,3.0,4.0,3.0,1017.3,1017.2,1016.9,1.6,0.0,1.5666666666666667,0.057735026918962484,3.3333333333333335,0.5773502691896257,3.3333333333333335,0.5163977794943223,0.5,0.1999999999999318,-0.8660254037844386,0.5000000000000001,-1.0,-1.8369701987210297e-16,1.5,3.0
2026-07-05 19:50:00,290.0,3.0,1.6,1017.3,13.9,,1.6,1.5,1.5,3.0,,3.0,1017.4,1017.5,1017.4,1.6,0.0,1.55,0.05773502691896274,3.0,0.0,3.0,0.0,-0.10000000000002274,-0.20000000000004547,-0.9396926207859083,0.342020143325669,-0.9659258262890684,0.2588190451025203,1.4,4.0
2026-07-05 22:20:00,290.0,5.0,1.5,1016.5,14.5,15.9,1.5,1.6,1.6,5.0,5.0,4.0,1016.4,1016.6,1016.7,1.5,0.0,1.5333333333333332,0.057735026918962484,5.0,0.0,5.0,0.0,-0.20000000000004547,-0.10000000000002274,-0.9396926207859083,0.342020143325669,-0.5000000000000004,0.8660254037844384,1.5,5.0
2026-07-05 23:20:00,300.0,6.0,1.5,1016.1,14.3,15.9,1.5,1.5,1.5,6.0,5.0,5.0,1016.1,1016.3,1016.5,1.5,0.0,1.5,0.0,5.666666666666667,0.5773502691896258,5.333333333333333,0.5163977794943221,-0.39999999999997726,-0.1999999999999318,-0.8660254037844386,0.5000000000000001,-0.25881904510252157,0.9659258262890681,1.7,5.0
2026-07-05 23:50:00,300.0,5.0,1.7,1015.9,14.7,15.8,1.7,1.5,1.5,6.0,6.0,5.0,1016.0,1016.1,1016.3,1.7,0.0,1.6,0.11547005383792508,5.666666666666667,0.5773502691896258,5.666666666666667,0.5163977794943221,-0.39999999999997726,-0.20000000000004547,-0.8660254037844386,0.5000000000000001,-0.25881904510252157,0.9659258262890681,1.7,6.0
2026-07-06 00:20:00,310.0,6.0,1.7,1015.7,14.7,15.8,1.7,1.7,1.5,6.0,5.0,6.0,1015.7,1015.9,1016.1,1.7,0.0,1.7,0.0,6.0,0.0,5.833333333333333,0.4082482904638632,-0.39999999999997726,-0.1999999999999318,-0.7660444431189781,0.6427876096865393,0.0,1.0,1.6,5.0
2026-07-06 01:20:00,300.0,5.0,1.6,1015.5,14.6,15.6,1.6,1.6,1.7,6.0,5.0,6.0,1015.5,1015.7,1015.7,1.6,0.0,1.6,0.0,5.666666666666667,0.5773502691896258,5.5,0.5477225575051659,-0.20000000000004547,-0.20000000000004547,-0.8660254037844386,0.5000000000000001,0.25881904510252074,0.9659258262890683,1.5,6.0
2026-07-06 02:20:00,310.0,6.0,1.6,1015.6,14.4,15.2,1.6,1.5,1.6,6.0,6.0,5.0,1015.6,1015.5,1015.5,1.6,0.0,1.5666666666666667,0.057735026918962595,5.666666666666667,0.5773502691896258,5.833333333333333,0.4082482904638632,0.10000000000002274,0.10000000000002274,-0.7660444431189781,0.6427876096865393,0.49999999999999994,0.8660254037844387,1.6,6.0
2026-07-06 03:20:00,300.0,6.0,1.6,1015.8,14.3,15.1,1.6,1.6,1.6,5.0,6.0,6.0,1015.7,1015.6,1015.6,1.6,0.0,1.6,0.0,5.666666666666667,0.5773502691896258,5.833333333333333,0.40824829046386296,0.1999999999999318,0.1999999999999318,-0.8660254037844386,0.5000000000000001,0.7071067811865476,0.7071067811865476,1.5,5.0
2026-07-06 04:20:00,300.0,4.0,1.6,1015.8,14.4,14.9,1.6,1.5,1.6,4.0,5.0,6.0,1015.8,1015.8,1015.8,1.6,0.0,1.5666666666666667,0.057735026918962595,4.0,0.0,4.5,0.5477225575051672,0.0,0.0,-0.8660254037844386,0.5000000000000001,0.8660254037844386,0.5000000000000001,1.6,5.0
2026-07-06 05:20:00,310.0,4.0,1.6,1016.1,14.4,14.8,1.6,1.6,1.6,4.0,5.0,4.0,1016.1,1015.9,1015.8,1.6,0.0,1.6,0.0,4.333333333333333,0.5773502691896258,4.5,0.5477225575051672,0.3000000000000682,0.20000000000004547,-0.7660444431189781,0.6427876096865393,0.9659258262890683,0.25881904510252074,1.5,5.0
2026-07-06 06:20:00,300.0,5.0,1.6,1016.0,14.2,14.7,1.6,1.5,1.6,4.0,5.0,4.0,1016.0,1016.2,1016.1,1.6,0.0,1.5666666666666667,0.057735026918962595,4.333333333333333,0.5773502691896258,4.5,0.5477225575051672,-0.10000000000002274,-0.20000000000004547,-0.8660254037844386,0.5000000000000001,1.0,6.123233995736766e-17,1.6,4.0
2026-07-06 07:20:00,320.0,4.0,1.5,1015.7,14.0,14.7,1.5,1.6,1.6,5.0,4.0,5.0,1015.8,1015.9,1016.0,1.5,0.0,1.5333333333333332,0.057735026918962484,4.666666666666667,0.5773502691896258,4.333333333333333,0.5163977794943235,-0.2999999999999545,-0.1999999999999318,-0.6427876096865396,0.7660444431189778,0.9659258262890683,-0.25881904510252063,1.5,4.0
2026-07-06 08:20:00,310.0,3.0,1.5,1015.8,13.8,14.6,1.5,1.5,1.5,5.0,4.0,4.0,1015.8,1015.7,1015.7,1.5,0.0,1.5,0.0,4.0,1.0,4.166666666666667,0.7527726527090819,0.09999999999990905,0.09999999999990905,-0.7660444431189781,0.6427876096865393,0.8660254037844387,-0.4999999999999998,1.4,4.0
2026-07-06 09:20:00,310.0,4.0,1.5,1015.4,13.8,14.7,1.5,1.4,1.5,4.0,4.0,3.0,1015.6,1015.6,1015.8,1.5,0.0,1.4666666666666668,0.057735026918962595,4.0,0.0,4.166666666666667,0.40824829046386474,-0.39999999999997726,-0.20000000000004547,-0.7660444431189781,0.6427876096865393,0.7071067811865476,-0.7071067811865475,1.6,3.0
2026-07-06 12:20:00,300.0,3.0,1.5,1015.2,13.7,14.8,1.5,1.5,1.6,3.0,3.0,4.0,1015.2,1015.2,1015.1,1.5,0.0,1.5,0.0,3.0,0.0,3.3333333333333335,0.5163977794943226,0.10000000000002274,0.0,-0.8660254037844386,0.5000000000000001,1.2246467991473532e-16,-1.0,1.6,3.0
2026-07-06 13:20:00,290.0,3.0,1.6,1015.5,13.3,14.8,1.6,1.6,1.5,3.0,3.0,3.0,1015.5,1015.3,1015.2,1.6,0.0,1.6,0.0,3.0,0.0,3.1666666666666665,0.4082482904638636,0.2999999999999545,0.20000000000004547,-0.9396926207859083,0.342020143325669,-0.2588190451025208,-0.9659258262890683,1.5,3.0
2026-07-06 14:20:00,300.0,3.0,1.6,1015.9,13.3,14.9,1.6,1.5,1.6,3.0,3.0,3.0,1015.9,1015.7,1015.5,1.6,0.0,1.5666666666666667,0.057735026918962595,3.0,0.0,2.8333333333333335,0.408248290463863,0.39999999999997726,0.1999999999999318,-0.8660254037844386,0.5000000000000001,-0.4999999999999997,-0.8660254037844388,1.6,3.0
2026-07-06 15:20:00,280.0,3.0,1.6,1016.3,13.3,15.4,1.6,1.6,1.6,2.0,3.0,3.0,1016.2,1016.1,1015.9,1.6,0.0,1.6,0.0,2.6666666666666665,0.5773502691896257,2.8333333333333335,0.408248290463863,0.39999999999997726,0.1999999999999318,-0.9848077530122081,0.17364817766692997,-0.7071067811865471,-0.7071067811865479,1.6,3.0
2026-07-06 16:20:00,270.0,2.0,1.4,1016.6,13.4,15.7,1.4,1.6,1.6,2.0,3.0,3.0,1016.5,1016.5,1016.3,1.4,0.0,1.4666666666666668,0.11547005383792529,2.3333333333333335,0.5773502691896257,2.6666666666666665,0.5163977794943223,0.3000000000000682,0.10000000000002274,-1.0,-1.8369701987210297e-16,-0.8660254037844385,-0.5000000000000004,1.6,2.0
2026-07-06 17:20:00,280.0,2.0,1.6,1016.8,13.4,15.7,1.6,1.6,1.4,1.0,2.0,2.0,1016.6,1016.6,1016.6,1.6,0.0,1.6,0.0,1.6666666666666667,0.5773502691896258,1.8333333333333333,0.408248290463863,0.1999999999999318,0.1999999999999318,-0.9848077530122081,0.17364817766692997,-0.9659258262890683,-0.25881904510252063,1.6,2.0
2026-07-06 18:20:00,290.0,4.0,1.6,1016.8,13.3,15.8,1.6,1.6,1.6,4.0,2.0,2.0,1016.7,1016.6,1016.8,1.6,0.0,1.6,0.0,3.6666666666666665,0.5773502691896257,2.8333333333333335,0.9831920802501751,0.0,0.1999999999999318,-0.9396926207859083,0.342020143325669,-1.0,-1.8369701987210297e-16,1.6,4.0
2026-07-06 19:20:00,280.0,3.0,1.7,1016.8,13.6,,1.7,1.6,1.6,3.0,4.0,4.0,1016.9,1016.8,1016.8,1.7,0.0,1.6666666666666667,0.05773502691896261,3.0,0.0,3.5,0.5477225575051664,0.0,0.0,-0.9848077530122081,0.17364817766692997,-0.9659258262890684,0.2588190451025203,1.6,3.0
2026-07-06 19:50:00,300.0,3.0,1.6,1016.7,13.7,15.9,1.6,1.7,1.6,4.0,3.0,4.0,1016.8,1016.8,1016.8,1.6,0.0,1.6500000000000001,0.05773502691896253,3.3333333333333335,0.5773502691896257,3.1666666666666665,0.4082482904638636,-0.09999999999990905,-0.09999999999990905,-0.8660254037844386,0.5000000000000001,-0.9659258262890684,0.2588190451025203,1.6,3.0
2026-07-06 20:20:00,290.0,3.0,1.6,1016.9,13.5,15.9,1.6,1.6,1.7,3.0,3.0,3.0,1016.9,1016.7,1016.8,1.6,0.0,1.6,0.0,3.0,0.0,3.1666666666666665,0.4082482904638636,0.10000000000002274,0.1999999999999318,-0.9396926207859083,0.342020143325669,-0.8660254037844386,0.5000000000000001,1.5,4.0
2026-07-06 21:20:00,300.0,4.0,1.4,1016.7,13.7,16.0,1.4,1.5,1.6,4.0,4.0,3.0,1016.7,1016.7,1016.9,1.4,0.0,1.4333333333333333,0.057735026918962006,4.0,0.0,3.6666666666666665,0.5163977794943226,-0.1999999999999318,0.0,-0.8660254037844386,0.5000000000000001,-0.7071067811865477,0.7071067811865474,1.6,4.0
2026-07-06 22:20:00,310.0,5.0,1.5,1016.4,13.8,16.1,1.5,1.6,1.4,5.0,4.0,4.0,1016.5,1016.5,1016.7,1.5,0.0,1.5333333333333332,0.05773502691896273,5.0,0.0,4.5,0.5477225575051659,-0.3000000000000682,-0.10000000000002274,-0.7660444431189781,0.6427876096865393,-0.5000000000000004,0.8660254037844384,1.7,5.0
2026-07-06 23:20:00,300.0,6.0,1.5,1016.0,14.1,16.1,1.5,1.7,1.5,6.0,5.0,5.0,1015.9,1016.1,1016.4,1.5,0.0,1.5666666666666667,0.11547005383792512,6.0,0.0,5.333333333333333,0.8164965809277266,-0.39999999999997726,-0.10000000000002274,-0.8660254037844386,0.5000000000000001,-0.25881904510252157,0.9659258262890681,1.6,6.0
2026-07-06 23:50:00,310.0,6.0,1.6,1015.8,14.2,16.1,1.6,1.5,1.7,7.0,6.0,5.0,1015.9,1016.0,1016.1,1.6,0.0,1.55,0.05773502691896261,6.666666666666667,0.5773502691896258,6.333333333333333,0.5163977794943235,-0.3000000000000682,-0.20000000000004547,-0.7660444431189781,0.6427876096865393,-0.25881904510252157,0.9659258262890681,1.6,7.0
2026-07-07 00:20:00,310.0,7.0,1.6,1015.8,14.1,16.1,1.6,1.6,1.5,7.0,6.0,6.0,1015.9,1015.8,1016.0,1.6,0.0,1.6,0.0,7.0,0.0,6.833333333333333,0.40824829046386496,-0.20000000000004547,0.0,-0.7660444431189781,0.6427876096865393,0.0,1.0,1.4,7.0
2026-07-07 01:20:00,310.0,7.0,1.6,1015.7,14.1,16.0,1.6,1.4,1.6,7.0,7.0,7.0,1015.7,1015.6,1015.8,1.6,0.0,1.5333333333333332,0.11547005383792529,7.0,0.0,7.0,0.0,-0.09999999999990905,0.10000000000002274,-0.7660444431189781,0.6427876096865393,0.25881904510252074,0.9659258262890683,1.7,7.0
2026-07-07 02:20:00,320.0,9.0,1.5,1015.7,14.2,16.0,1.5,1.7,1.6,8.0,7.0,7.0,1015.7,1015.8,1015.7,1.5,0.0,1.5666666666666667,0.115470053837925,8.333333333333334,0.5773502691896255,7.833333333333333,0.752772652709081,0.0,-0.09999999999990905,-0.6427876096865396,0.7660444431189778,0.49999999999999994,0.8660254037844387,1.6,8.0
2026-07-07 03:20:00,320.0,8.0,1.5,1015.9,14.0,16.0,1.5,1.6,1.5,9.0,8.0,9.0,1015.9,1015.8,1015.7,1.5,0.0,1.5333333333333332,0.057735026918962595,8.333333333333334,0.5773502691896255,8.5,0.5477225575051671,0.1999999999999318,0.10000000000002274,-0.6427876096865396,0.7660444431189778,0.7071067811865476,0.7071067811865476,1.5,8.0
2026-07-07 04:20:00,310.0,8.0,1.6,1016.3,14.2,16.0,1.6,1.5,1.5,7.0,8.0,8.0,1016.2,1016.1,1015.9,1.6,0.0,1.5666666666666667,0.057735026918962484,7.666666666666667,0.5773502691896258,8.0,0.6324555320336757,0.39999999999997726,0.1999999999999318,-0.7660444431189781,0.6427876096865393,0.8660254037844386,0.5000000000000001,1.5,8.0
2026-07-07 05:20:00,320.0,8.0,1.5,1016.6,14.2,15.9,1.5,1.5,1.6,8.0,8.0,8.0,1016.6,1016.5,1016.3,1.5,0.0,1.5,0.0,8.0,0.0,8.0,0.0,0.3000000000000682,0.10000000000002274,-0.6427876096865396,0.7660444431189778,0.9659258262890683,0.25881904510252074,1.6,8.0
2026-07-07 06:20:00,330.0,8.0,1.5,1016.5,14.2,15.9,1.5,1.6,1.5,8.0,8.0,8.0,1016.5,1016.7,1016.6,1.5,0.0,1.5333333333333332,0.057735026918962595,7.666666666666667,0.5773502691896258,7.666666666666667,0.5163977794943221,-0.10000000000002274,-0.20000000000004547,-0.5000000000000004,0.8660254037844384,1.0,6.123233995736766e-17,1.6,7.0
2026-07-07 07:20:00,330.0,8.0,1.6,1016.4,14.1,15.9,1.6,1.6,1.5,7.0,7.0,8.0,1016.4,1016.5,1016.5,1.6,0.0,1.6,0.0,7.666666666666667,0.5773502691896258,7.333333333333333,0.5163977794943221,-0.10000000000002274,-0.10000000000002274,-0.5000000000000004,0.8660254037844384,0.9659258262890683,-0.25881904510252063,1.6,7.0
2026-07-07 08:50:00,330.0,7.0,1.7,1016.2,13.6,15.9,1.7,1.6,1.6,7.0,6.0,7.0,1016.3,1016.3,1016.4,1.7,0.0,1.6666666666666667,0.05773502691896261,7.0,0.0,7.0,0.6324555320336763,-0.1999999999999318,-0.09999999999990905,-0.5000000000000004,0.8660254037844384,0.8660254037844387,-0.4999999999999998,1.7,8.0
2026-07-07 09:20:00,320.0,8.0,1.7,1016.1,13.7,15.9,1.7,1.7,1.6,7.0,7.0,6.0,1016.2,1016.2,1016.3,1.7,0.0,1.7,0.0,7.333333333333333,0.5773502691896258,7.166666666666667,0.40824829046386296,-0.1999999999999318,-0.10000000000002274,-0.6427876096865396,0.7660444431189778,0.7071067811865476,-0.7071067811865475,1.7,7.0
2026-07-07 11:50:00,330.0,6.0,1.6,1016.2,13.8,15.7,1.6,1.7,1.7,7.0,7.0,7.0,1016.2,1016.3,1016.3,1.6,0.0,1.6333333333333335,0.05773502691896261,6.666666666666667,0.5773502691896258,6.833333333333333,0.40824829046386296,-0.09999999999990905,-0.09999999999990905,-0.5000000000000004,0.8660254037844384,0.258819045102521,-0.9659258262890682,1.7,7.0
2026-07-07 12:20:00,320.0,7.0,1.7,1016.3,13.7,15.7,1.7,1.6,1.7,7.0,6.0,7.0,1016.3,1016.2,1016.3,1.7,0.0,1.6500000000000001,0.05773502691896253,7.0,0.0,6.833333333333333,0.40824829046386296,0.0,0.09999999999990905,-0.6427876096865396,0.7660444431189778,1.2246467991473532e-16,-1.0,1.7,7.0
2026-07-07 14:20:00,330.0,7.0,1.7,1017.0,13.9,15.6,1.7,1.8,1.7,7.0,7.0,7.0,1016.9,1016.8,1016.6,1.7,0.0,1.7333333333333332,0.057735026918962644,7.0,0.0,7.0,0.0,0.39999999999997726,0.20000000000004547,-0.5000000000000004,0.8660254037844384,-0.4999999999999997,-0.8660254037844388,1.8,7.0
2026-07-07 15:20:00,340.0,7.0,1.8,1017.5,13.9,15.6,1.8,1.8,1.7,7.0,7.0,7.0,1017.3,1017.1,1017.0,1.8,0.0,1.8,0.0,7.0,0.0,7.0,0.0,0.5,0.39999999999997726,-0.3420201433256686,0.9396926207859084,-0.7071067811865471,-0.7071067811865479,1.7,7.0
2026-07-07 16:20:00,340.0,6.0,1.7,1018.0,13.7,15.6,1.7,1.7,1.8,7.0,7.0,7.0,1017.9,1017.8,1017.5,1.7,0.0,1.7,0.0,6.333333333333333,0.5773502691896258,6.666666666666667,0.5163977794943221,0.5,0.20000000000004547,-0.3420201433256686,0.9396926207859084,-0.8660254037844385,-0.5000000000000004,1.8,6.0
2026-07-07 17:20:00,340.0,7.0,1.7,1018.4,13.6,15.7,1.7,1.8,1.7,7.0,6.0,6.0,1018.3,1018.3,1018.0,1.7,0.0,1.7333333333333334,0.057735026918962595,7.0,0.0,6.5,0.5477225575051659,0.39999999999997726,0.10000000000002274,-0.3420201433256686,0.9396926207859084,-0.9659258262890683,-0.25881904510252063,1.7,8.0
2026-07-07 19:20:00,330.0,8.0,1.7,1018.9,13.7,15.7,1.7,1.7,1.8,7.0,7.0,7.0,1018.9,1019.0,1018.8,1.7,0.0,1.7,0.0,7.333333333333333,0.5773502691896258,7.166666666666667,0.40824829046386296,0.10000000000002274,-0.10000000000002274,-0.5000000000000004,0.8660254037844384,-0.9659258262890684,0.2588190451025203,1.7,8.0
2026-07-07 21:20:00,330.0,9.0,1.7,1018.7,14.0,15.7,1.7,1.8,1.8,8.0,8.0,8.0,1018.9,1019.0,1019.1,1.7,0.0,1.7333333333333334,0.057735026918962595,8.333333333333334,0.5773502691896255,8.166666666666666,0.4082482904638632,-0.39999999999997726,-0.2999999999999545,-0.5000000000000004,0.8660254037844384,-0.7071067811865477,0.7071067811865474,1.9,9.0
2026-07-07 23:20:00,320.0,10.0,1.9,1018.0,14.2,15.7,1.9,,1.9,9.0,10.0,9.0,1018.2,1018.4,1018.6,1.9,0.0,1.9,0.0,9.333333333333334,0.5773502691896255,9.333333333333334,0.5163977794943228,-0.6000000000000227,-0.39999999999997726,-0.6427876096865396,0.7660444431189778,-0.25881904510252157,0.9659258262890681,1.9,10.0
2026-07-08 00:20:00,330.0,10.0,2.1,1018.1,14.2,15.7,2.1,1.9,1.9,10.0,10.0,10.0,1018.0,1018.1,1018.0,2.1,0.0,2.033333333333333,0.11547005383792533,9.666666666666666,0.5773502691896255,9.833333333333334,0.40824829046386646,0.10000000000002274,0.0,-0.5000000000000004,0.8660254037844384,0.0,1.0,2.0,11.0
2026-07-08 00:50:00,320.0,11.0,2.0,1017.8,14.2,15.7,2.0,2.1,1.9,10.0,10.0,10.0,1017.9,1018.1,1018.1,2.0,0.0,2.05,0.05773502691896278,10.333333333333334,0.5773502691896255,10.0,0.6324555320336787,-0.3000000000000682,-0.3000000000000682,-0.6427876096865396,0.7660444431189778,0.0,1.0,1.9,11.0
2026-07-08 01:20:00,320.0,11.0,1.9,1017.9,14.4,15.7,1.9,2.0,2.1,11.0,11.0,10.0,1017.9,1017.8,1018.1,1.9,0.0,1.95,0.057735026918962644,11.0,0.0,10.666666666666666,0.5163977794943284,-0.20000000000004547,0.10000000000002274,-0.6427876096865396,0.7660444431189778,0.25881904510252074,0.9659258262890683,1.8,12.0
2026-07-08 02:20:00,320.0,12.0,1.9,1017.8,14.2,15.6,1.9,1.8,1.9,11.0,12.0,11.0,1017.8,1017.8,1017.9,1.9,0.0,1.8666666666666665,0.05773502691896253,11.333333333333334,0.5773502691896255,11.333333333333334,0.5163977794943228,-0.10000000000002274,0.0,-0.6427876096865396,0.7660444431189778,0.49999999999999994,0.8660254037844387,1.9,11.0
2026-07-08 04:20:00,330.0,11.0,2.2,1018.5,14.1,15.6,2.2,2.0,2.1,11.0,11.0,11.0,1018.3,1018.2,1018.1,2.2,0.0,2.1333333333333333,0.11547005383792529,11.0,0.0,11.0,0.0,0.39999999999997726,0.2999999999999545,-0.5000000000000004,0.8660254037844384,0.8660254037844386,0.5000000000000001,2.0,10.0
2026-07-08 05:20:00,340.0,11.0,2.1,1019.0,13.9,15.5,2.1,2.0,2.2,11.0,10.0,11.0,1018.9,1018.7,1018.5,2.1,0.0,2.0666666666666664,0.0577350269189619,10.666666666666666,0.5773502691896255,10.666666666666666,0.5163977794943228,0.5,0.2999999999999545,-0.3420201433256686,0.9396926207859084,0.9659258262890683,0.25881904510252074,2.0,11.0
2026-07-08 05:50:00,330.0,11.0,2.0,1019.0,14.0,15.5,2.0,2.1,2.0,11.0,11.0,10.0,1019.0,1019.0,1018.7,2.0,0.0,2.05,0.057735026918962054,11.0,0.0,10.833333333333334,0.4082482904638632,0.2999999999999545,0.0,-0.5000000000000004,0.8660254037844384,0.9659258262890683,0.25881904510252074,2.1,10.0
2026-07-08 06:20:00,330.0,10.0,2.1,1019.1,13.9,15.5,2.1,2.0,2.1,10.0,11.0,11.0,1019.0,1019.0,1019.0,2.1,0.0,2.0500000000000003,0.057735026918962054,10.0,0.0,10.5,0.5477225575051671,0.10000000000002274,0.10000000000002274,-0.5000000000000004,0.8660254037844384,1.0,6.123233995736766e-17,2.0,
2026-07-08 08:20:00,340.0,10.0,2.0,1018.7,13.8,15.4,2.0,2.0,1.9,10.0,9.0,9.0,1018.8,1019.0,1019.1,2.0,0.0,2.0,0.0,10.0,0.0,9.5,0.547722557505172,-0.39999999999997726,-0.2999999999999545,-0.3420201433256686,0.9396926207859084,0.8660254037844387,-0.4999999999999998,2.0,10.0
2026-07-08 09:20:00,330.0,10.0,2.1,1018.7,13.6,15.4,2.1,2.0,2.0,9.0,10.0,10.0,1018.8,1018.8,1018.7,2.1,0.0,2.0666666666666664,0.05773502691896285,9.666666666666666,0.5773502691896255,9.833333333333334,0.4082482904638632,0.0,-0.09999999999990905,-0.5000000000000004,0.8660254037844384,0.7071067811865476,-0.7071067811865475,2.2,10.0
2026-07-08 10:20:00,340.0,9.0,2.1,1018.8,13.6,15.4,2.1,2.2,2.1,10.0,10.0,10.0,1018.5,1018.7,1018.7,2.1,0.0,2.1333333333333333,0.05773502691896269,9.666666666666666,0.5773502691896255,9.833333333333334,0.4082482904638632,0.09999999999990905,0.09999999999990905,-0.3420201433256686,0.9396926207859084,0.49999999999999994,-0.8660254037844387,2.3,10.0
2026-07-08 11:20:00,340.0,9.0,2.1,1018.6,13.4,15.4,2.1,2.3,2.1,9.0,10.0,9.0,1018.6,1018.6,1018.8,2.1,0.0,2.1666666666666665,0.11547005383792507,9.0,0.0,9.333333333333334,0.516397779494324,-0.1999999999999318,0.0,-0.3420201433256686,0.9396926207859084,0.258819045102521,-0.9659258262890682,2.1,9.0
2026-07-08 13:50:00,330.0,8.0,2.0,1019.2,13.3,15.4,2.0,2.0,2.0,8.0,9.0,9.0,1019.0,1019.0,1018.7,2.0,0.0,2.0,0.0,8.0,0.0,8.5,0.5477225575051671,0.5,0.20000000000004547,-0.5000000000000004,0.8660254037844384,-0.2588190451025208,-0.9659258262890683,1.8,8.0
2026-07-08 14:20:00,330.0,8.0,1.8,1019.2,13.3,15.4,1.8,2.0,2.0,8.0,8.0,9.0,1019.1,1019.2,1019.0,1.8,0.0,1.9,0.11547005383792508,8.0,0.0,8.0,0.0,0.20000000000004547,0.0,-0.5000000000000004,0.8660254037844384,-0.4999999999999997,-0.8660254037844388,2.0,9.0
2026-07-08 15:20:00,330.0,8.0,1.8,1019.4,13.4,15.5,1.8,2.0,1.8,8.0,9.0,8.0,1019.5,1019.5,1019.2,1.8,0.0,1.8666666666666665,0.11547005383792512,8.0,0.0,8.166666666666666,0.4082482904638632,0.1999999999999318,-0.10000000000002274,-0.5000000000000004,0.8660254037844384,-0.7071067811865471,-0.7071067811865479,2.0,8.0
2026-07-08 16:20:00,320.0,8.0,2.0,1019.8,13.2,15.5,2.0,2.0,1.8,8.0,8.0,8.0,1019.8,1019.7,1019.4,2.0,0.0,2.0,0.0,8.333333333333334,0.5773502691896255,8.333333333333334,0.5163977794943228,0.39999999999997726,0.09999999999990905,-0.6427876096865396,0.7660444431189778,-0.8660254037844385,-0.5000000000000004,2.0,8.0
2026-07-08 17:20:00,330.0,8.0,1.9,1020.1,13.1,15.6,1.9,2.0,2.0,8.0,8.0,8.0,1020.0,1019.8,1019.8,1.9,0.0,1.9333333333333333,0.057735026918962484,8.0,0.0,8.0,0.0,0.3000000000000682,0.3000000000000682,-0.5000000000000004,0.8660254037844384,-0.9659258262890683,-0.25881904510252063,1.8,8.0
2026-07-08 18:20:00,330.0,9.0,2.1,1019.6,13.2,15.5,2.1,1.8,1.9,9.0,8.0,8.0,1019.5,1019.8,1020.1,2.1,0.0,2.0,0.17320508075688776,9.0,0.0,8.5,0.5477225575051671,-0.5,-0.1999999999999318,-0.5000000000000004,0.8660254037844384,-1.0,-1.8369701987210297e-16,2.0,9.0
2026-07-08 20:20:00,320.0,9.0,2.1,1019.3,13.5,15.5,2.1,1.9,1.9,9.0,9.0,9.0,1019.3,1019.1,1019.4,2.1,0.0,2.033333333333333,0.11547005383792533,9.333333333333334,0.5773502691896255,9.5,0.5477225575051671,-0.10000000000002274,0.1999999999999318,-0.6427876096865396,0.7660444431189778,-0.8660254037844386,0.5000000000000001,2.0,10.0
2026-07-08 23:20:00,320.0,11.0,2.1,1018.2,13.7,15.4,2.1,2.2,2.1,11.0,11.0,11.0,1018.3,1018.5,1018.6,2.1,0.0,2.1333333333333333,0.05773502691896263,11.0,0.0,11.0,0.0,-0.39999999999997726,-0.2999999999999545,-0.6427876096865396,0.7660444431189778,-0.25881904510252157,0.9659258262890681,2.0,11.0
2026-07-09 00:20:00,320.0,11.0,2.1,1017.8,13.7,15.3,2.1,2.0,2.1,11.0,11.0,11.0,1017.8,1017.9,1018.2,2.1,0.0,2.0666666666666664,0.05773502691896269,11.0,0.0,11.0,0.0,-0.40000000000009095,-0.10000000000002274,-0.6427876096865396,0.7660444431189778,0.0,1.0,2.1,11.0
2026-07-09 01:20:00,320.0,12.0,2.3,1017.1,13.7,15.3,2.3,2.1,2.1,12.0,11.0,11.0,1017.3,1017.5,1017.8,2.3,0.0,2.2333333333333334,0.11547005383792522,11.666666666666666,0.5773502691896255,11.333333333333334,0.5163977794943228,-0.6999999999999318,-0.39999999999997726,-0.6427876096865396,0.7660444431189778,0.25881904510252074,0.9659258262890683,2.2,11.0
2026-07-09 02:20:00,320.0,11.0,2.2,1017.3,13.7,15.3,2.2,2.2,2.3,11.0,11.0,12.0,1017.4,1017.1,1017.1,2.2,0.0,2.2,0.0,11.0,0.0,11.333333333333334,0.5163977794943228,0.1999999999999318,0.1999999999999318,-0.6427876096865396,0.7660444431189778,0.49999999999999994,0.8660254037844387,2.3,11.0
2026-07-09 03:20:00,330.0,11.0,2.2,1016.9,13.7,15.3,2.2,2.3,2.2,11.0,11.0,11.0,1016.9,1017.1,1017.3,2.2,0.0,2.2333333333333334,0.05773502691896237,11.0,0.0,11.166666666666666,0.4082482904638632,-0.39999999999997726,-0.20000000000004547,-0.5000000000000004,0.8660254037844384,0.7071067811865476,0.7071067811865476,2.2,10.0
2026-07-09 04:20:00,330.0,11.0,2.2,1017.2,13.3,15.3,2.2,2.2,2.2,11.0,10.0,11.0,1017.1,1016.9,1016.9,2.2,0.0,2.2,0.0,11.0,0.0,10.833333333333334,0.4082482904638632,0.3000000000000682,0.3000000000000682,-0.5000000000000004,0.8660254037844384,0.8660254037844386,0.5000000000000001,2.2,10.0
2026-07-09 05:50:00,320.0,10.0,2.1,1017.4,13.1,15.3,2.1,2.1,2.2,10.0,9.0,10.0,1017.6,1017.4,1017.3,2.1,0.0,2.1,0.0,10.0,0.0,9.833333333333334,0.40824829046386735,0.10000000000002274,0.0,-0.6427876096865396,0.7660444431189778,0.9659258262890683,0.25881904510252074,1.9,9.0
2026-07-09 06:20:00,330.0,9.0,1.9,1017.4,13.0,15.3,1.9,2.1,2.1,10.0,10.0,9.0,1017.4,1017.4,1017.4,1.9,0.0,2.0,0.11547005383792514,9.666666666666666,0.5773502691896255,9.833333333333334,0.4082482904638632,0.0,0.0,-0.5000000000000004,0.8660254037844384,1.0,6.123233995736766e-17,2.1,9.0
2026-07-09 06:50:00,320.0,9.0,2.1,1017.2,13.2,15.3,2.1,1.9,2.1,9.0,9.0,10.0,1017.2,1017.4,1017.4,2.1,0.0,2.0,0.11547005383792514,9.0,0.0,9.333333333333334,0.516397779494324,-0.1999999999999318,-0.1999999999999318,-0.6427876096865396,0.7660444431189778,1.0,6.123233995736766e-17,2.0,10.0
2026-07-09 07:20:00,330.0,10.0,2.0,1017.1,13.0,15.3,2.0,2.1,1.9,9.0,9.0,9.0,1017.2,1017.2,1017.4,2.0,0.0,2.05,0.057735026918962505,9.333333333333334,0.5773502691896255,9.166666666666666,0.4082482904638632,-0.2999999999999545,-0.10000000000002274,-0.5000000000000004,0.8660254037844384,0.9659258262890683,-0.25881904510252063,2.1,9.0
2026-07-09 08:20:00,320.0,9.0,2.1,1016.6,13.1,15.3,2.1,2.1,2.0,9.0,9.0,10.0,1016.7,1016.8,1017.1,2.1,0.0,2.1,0.0,9.333333333333334,0.5773502691896255,9.166666666666666,0.4082482904638632,-0.5,-0.1999999999999318,-0.6427876096865396,0.7660444431189778,0.8660254037844387,-0.4999999999999998,2.2,9.0
2026-07-09 09:20:00,320.0,9.0,2.2,1016.5,13.0,15.4,2.2,2.2,2.1,8.0,9.0,9.0,1016.7,1016.4,1016.6,2.2,0.0,2.2,0.0,8.666666666666666,0.5773502691896255,8.833333333333334,0.4082482904638632,-0.10000000000002274,0.10000000000002274,-0.6427876096865396,0.7660444431189778,0.7071067811865476,-0.7071067811865475,2.2,9.0
2026-07-09 10:20:00,320.0,9.0,2.2,1016.0,13.1,15.4,2.2,2.2,2.2,9.0,9.0,9.0,1016.0,1015.9,1016.5,2.2,0.0,2.2,0.0,9.0,0.0,9.0,0.0,-0.5,0.10000000000002274,-0.6427876096865396,0.7660444431189778,0.49999999999999994,-0.8660254037844387,2.2,8.0
2026-07-09 12:20:00,330.0,8.0,2.2,1015.3,13.0,15.4,2.2,2.1,2.1,8.0,9.0,8.0,1015.5,1015.8,1015.8,2.2,0.0,2.166666666666667,0.05773502691896285,8.333333333333334,0.5773502691896255,8.5,0.5477225575051671,-0.5,-0.5,-0.5000000000000004,0.8660254037844384,1.2246467991473532e-16,-1.0,2.3,8.0
2026-07-09 13:20:00,340.0,8.0,2.3,1015.5,12.9,15.4,2.3,2.3,2.2,8.0,8.0,8.0,1015.3,1015.4,1015.3,2.3,0.0,2.3,0.0,8.0,0.0,8.0,0.0,0.20000000000004547,0.10000000000002274,-0.3420201433256686,0.9396926207859084,-0.2588190451025208,-0.9659258262890683,2.4,9.0
2026-07-09 15:20:00,330.0,9.0,2.4,1015.8,12.7,15.4,2.4,2.4,2.4,9.0,9.0,8.0,1015.9,1015.7,1015.6,2.4,0.0,2.4,0.0,9.0,0.0,8.833333333333334,0.40824829046386646,0.1999999999999318,0.09999999999990905,-0.5000000000000004,0.8660254037844384,-0.7071067811865471,-0.7071067811865479,2.2,8.0
2026-07-09 15:50:00,320.0,8.0,2.2,1015.9,12.9,15.4,2.2,2.4,2.4,9.0,9.0,9.0,1016.0,1015.8,1015.7,2.2,0.0,2.3,0.11547005383792512,8.666666666666666,0.5773502691896255,8.833333333333334,0.4082482904638632,0.1999999999999318,0.10000000000002274,-0.6427876096865396,0.7660444431189778,-0.7071067811865471,-0.7071067811865479,2.4,9.0
2026-07-09 16:20:00,330.0,9.0,2.4,1015.9,12.9,15.4,2.4,2.2,2.4,9.0,8.0,9.0,1015.9,1015.9,1015.8,2.4,0.0,2.3,0.11547005383792512,9.0,0.0,8.833333333333334,0.4082482904638632,0.10000000000002274,0.0,-0.5000000000000004,0.8660254037844384,-0.8660254037844385,-0.5000000000000004,2.4,9.0
2026-07-09 17:20:00,330.0,8.0,2.5,1015.8,13.0,15.4,2.5,2.4,2.4,8.0,9.0,9.0,1015.8,1015.9,1015.9,2.5,0.0,2.466666666666667,0.05773502691896285,8.333333333333334,0.5773502691896255,8.666666666666666,0.5163977794943228,-0.10000000000002274,-0.10000000000002274,-0.5000000000000004,0.8660254037844384,-0.9659258262890683,-0.25881904510252063,2.3,8.0
2026-07-09 18:20:00,330.0,8.0,2.5,1015.7,13.0,15.4,2.5,2.3,2.5,8.0,8.0,8.0,1015.7,1015.7,1015.8,2.5,0.0,2.433333333333333,0.11547005383792519,8.0,0.0,8.166666666666666,0.40824829046386646,-0.09999999999990905,0.0,-0.5000000000000004,0.8660254037844384,-1.0,-1.8369701987210297e-16,2.5,8.0
2026-07-09 19:20:00,320.0,9.0,2.3,1015.6,13.1,15.4,2.3,2.5,2.5,8.0,8.0,8.0,1015.6,1015.6,1015.7,2.3,0.0,2.3666666666666667,0.11547005383792497,8.666666666666666,0.5773502691896255,8.333333333333334,0.5163977794943228,-0.10000000000002274,0.0,-0.6427876096865396,0.7660444431189778,-0.9659258262890684,0.2588190451025203,2.3,10.0
2026-07-09 21:20:00,310.0,10.0,2.2,1014.8,13.1,15.5,2.2,2.2,2.2,10.0,10.0,10.0,1014.8,1014.9,1015.2,2.2,0.0,2.2,0.0,10.0,0.0,9.833333333333334,0.40824829046387195,-0.40000000000009095,-0.10000000000002274,-0.7660444431189781,0.6427876096865393,-0.7071067811865477,0.7071067811865474,2.4,10.0
2026-07-09 22:20:00,310.0,11.0,2.2,1014.2,13.3,15.5,2.2,2.4,2.2,11.0,10.0,10.0,1014.3,1014.4,1014.8,2.2,0.0,2.266666666666667,0.11547005383792507,11.0,0.0,10.5,0.5477225575051671,-0.599999999999909,-0.1999999999999318,-0.7660444431189781,0.6427876096865393,-0.5000000000000004,0.8660254037844384,2.4,10.0
2026-07-10 00:20:00,320.0,12.0,2.5,1013.4,13.3,15.5,2.5,2.3,2.4,11.0,11.0,11.0,1013.5,1013.7,1014.1,2.5,0.0,2.425,0.09574271077563393,11.333333333333334,0.5773502691896255,11.0,0.6324555320336759,-0.7000000000000455,-0.3000000000000682,-0.6427876096865396,0.7660444431189778,0.0,1.0,2.3,12.0
2026-07-10 01:50:00,330.0,12.0,2.5,1012.8,13.5,15.5,2.5,2.4,2.3,12.0,,12.0,1012.9,1013.0,1013.0,2.5,0.0,2.45,0.05773502691896332,12.333333333333334,0.5773502691896258,12.4,0.5477225575051697,-0.20000000000004547,-0.20000000000004547,-0.5000000000000004,0.8660254037844384,0.25881904510252074,0.9659258262890683,2.6,12.0
2026-07-10 02:50:00,330.0,11.0,2.4,1012.5,13.6,15.5,2.4,2.6,2.5,11.0,12.0,12.0,1012.5,1012.5,1012.8,2.4,0.0,2.5,0.1154700538379261,11.333333333333334,0.5773502691896255,11.5,0.5477225575051614,-0.2999999999999545,0.0,-0.5000000000000004,0.8660254037844384,0.49999999999999994,0.8660254037844387,2.6,12.0
2026-07-10 04:20:00,330.0,11.0,2.7,1012.9,13.5,15.4,2.7,2.5,2.6,12.0,12.0,12.0,1012.8,1012.6,1012.5,2.7,0.0,2.6333333333333333,0.11547005383792529,11.666666666666666,0.5773502691896255,11.666666666666666,0.5163977794943202,0.39999999999997726,0.2999999999999545,-0.5000000000000004,0.8660254037844384,0.8660254037844386,0.5000000000000001,2.4,11.0
2026-07-10 05:20:00,330.0,10.0,2.6,1013.3,13.7,15.4,2.6,2.4,2.7,10.0,11.0,11.0,1013.3,1013.1,1012.9,2.6,0.0,2.5333333333333337,0.11547005383792511,10.0,0.0,10.5,0.5477225575051468,0.39999999999997726,0.1999999999999318,-0.5000000000000004,0.8660254037844384,0.9659258262890683,0.25881904510252074,2.4,10.0
2026-07-10 06:20:00,330.0,11.0,2.5,1012.9,13.6,15.4,2.5,2.4,2.6,10.0,10.0,10.0,1012.9,1013.2,1013.3,2.5,0.0,2.466666666666667,0.05773502691896248,10.333333333333334,0.5773502691896255,10.166666666666666,0.4082482904638632,-0.39999999999997726,-0.3000000000000682,-0.5000000000000004,0.8660254037844384,1.0,6.123233995736766e-17,2.7,10.0
2026-07-10 06:50:00,330.0,10.0,2.7,1013.2,13.7,,2.7,2.5,2.4,10.0,11.0,10.0,1013.1,1012.9,1013.2,2.7,0.0,2.6,0.1154700538379247,10.333333333333334,0.5773502691896255,10.333333333333334,0.5163977794943228,0.0,0.3000000000000682,-0.5000000000000004,0.8660254037844384,1.0,6.123233995736766e-17,2.5,10.0
2026-07-10 07:20:00,330.0,10.0,2.5,1013.1,13.7,15.4,2.5,2.7,2.5,9.0,10.0,11.0,1013.3,1013.2,1012.9,2.5,0.0,2.6,0.1154700538379247,9.666666666666666,0.5773502691896255,10.0,0.6324555320336759,0.20000000000004547,-0.10000000000002274,-0.5000000000000004,0.8660254037844384,0.9659258262890683,-0.25881904510252063,2.3,9.0
2026-07-10 08:20:00,330.0,10.0,2.3,1012.7,13.6,15.4,2.3,2.3,2.5,10.0,9.0,10.0,1012.7,1012.8,1013.1,2.3,0.0,2.3,0.0,10.0,0.0,9.833333333333334,0.40824829046386313,-0.39999999999997726,-0.09999999999990905,-0.5000000000000004,0.8660254037844384,0.8660254037844387,-0.4999999999999998,2.6,10.0
2026-07-10 09:20:00,320.0,9.0,2.4,1012.5,13.6,,2.4,2.6,2.3,10.0,10.0,10.0,1012.5,1012.7,1012.7,2.4,0.0,2.4666666666666663,0.11547005383792511,9.666666666666666,0.5773502691896255,9.833333333333334,0.4082482904638632,-0.20000000000004547,-0.20000000000004547,-0.6427876096865396,0.7660444431189778,0.7071067811865476,-0.7071067811865475,2.5,9.0
2026-07-10 10:20:00,330.0,10.0,2.4,1012.3,13.3,15.3,2.4,2.5,2.4,9.0,9.0,9.0,1012.2,1012.4,1012.5,2.4,0.0,2.433333333333333,0.05773502691896269,9.666666666666666,0.5773502691896255,9.5,0.5477225575051671,-0.20000000000004547,-0.10000000000002274,-0.5000000000000004,0.8660254037844384,0.49999999999999994,-0.8660254037844387,2.6,10.0
2026-07-10 12:20:00,340.0,8.0,2.4,1012.5,13.4,15.3,2.4,2.2,2.5,9.0,9.0,9.0,1012.4,1012.4,1012.2,2.4,0.0,2.3333333333333335,0.11547005383792504,8.666666666666666,0.5773502691896255,8.833333333333334,0.4082482904638632,0.2999999999999545,0.10000000000002274,-0.3420201433256686,0.9396926207859084,1.2246467991473532e-16,-1.0,2.5,8.0
2026-07-10 13:20:00,330.0,9.0,2.4,1012.5,13.3,15.3,2.4,2.5,2.4,9.0,8.0,8.0,1012.5,1012.5,1012.5,2.4,0.0,2.433333333333333,0.05773502691896269,8.666666666666666,0.5773502691896255,8.5,0.5477225575051671,0.0,0.0,-0.5000000000000004,0.8660254037844384,-0.2588190451025208,-0.9659258262890683,2.5,9.0
2026-07-10 14:20:00,330.0,9.0,2.6,1012.8,13.2,15.3,2.6,2.5,2.4,9.0,9.0,9.0,1012.7,1012.8,1012.5,2.6,0.0,2.566666666666667,0.057735026918963046,9.0,0.0,9.0,0.0,0.2999999999999545,0.0,-0.5000000000000004,0.8660254037844384,-0.4999999999999997,-0.8660254037844388,2.5,9.0
2026-07-10 15:20:00,320.0,9.0,2.5,1012.9,13.0,15.4,2.5,2.5,2.6,10.0,9.0,9.0,1012.8,1012.9,1012.8,2.5,0.0,2.5,0.0,9.333333333333334,0.5773502691896255,9.166666666666666,0.4082482904638632,0.10000000000002274,0.0,-0.6427876096865396,0.7660444431189778,-0.7071067811865471,-0.7071067811865479,2.5,10.0
2026-07-10 16:20:00,320.0,10.0,2.4,1013.4,13.0,15.3,2.4,2.5,2.5,10.0,10.0,9.0,1013.4,1013.3,1012.9,2.4,0.0,2.433333333333333,0.05773502691896285,10.0,0.0,9.833333333333334,0.40824829046386646,0.5,0.10000000000002274,-0.6427876096865396,0.7660444431189778,-0.8660254037844385,-0.5000000000000004,2.3,10.0
2026-07-10 17:20:00,320.0,9.0,2.3,1013.8,13.0,15.3,2.3,2.3,2.4,9.0,10.0,10.0,1013.7,1013.5,1013.4,2.3,0.0,2.3,0.0,9.333333333333334,0.5773502691896255,9.5,0.5477225575051671,0.39999999999997726,0.2999999999999545,-0.6427876096865396,0.7660444431189778,-0.9659258262890683,-0.25881904510252063,2.6,8.0
2026-07-10 18:20:00,330.0,8.0,2.3,1014.5,13.1,15.3,2.3,2.6,2.3,8.0,8.0,9.0,1014.4,1014.3,1013.8,2.3,0.0,2.4,0.1732050807568879,8.0,0.0,8.333333333333334,0.5163977794943284,0.7000000000000455,0.20000000000004547,-0.5000000000000004,0.8660254037844384,-1.0,-1.8369701987210297e-16,2.5,9.0
2026-07-10 19:20:00,320.0,10.0,2.5,1014.6,13.2,15.2,2.5,2.5,2.3,9.0,9.0,8.0,1014.7,1014.5,1014.5,2.5,0.0,2.5,0.0,9.333333333333334,0.5773502691896255,8.833333333333334,0.7527726527090824,0.10000000000002274,0.10000000000002274,-0.6427876096865396,0.7660444431189778,-0.9659258262890684,0.2588190451025203,2.2,9.0
2026-07-10 20:20:00,320.0,9.0,2.5,1014.4,13.3,15.3,2.5,2.2,2.5,10.0,9.0,10.0,1014.5,1014.6,1014.6,2.5,0.0,2.4000000000000004,0.17320508075688756,9.333333333333334,0.5773502691896255,9.166666666666666,0.4082482904638678,-0.20000000000004547,-0.20000000000004547,-0.6427876096865396,0.7660444431189778,-0.8660254037844386,0.5000000000000001,2.4,10.0
2026-07-10 21:20:00,320.0,10.0,2.4,1014.6,13.3,15.3,2.4,2.4,2.5,10.0,10.0,9.0,1014.7,1014.5,1014.4,2.4,0.0,2.4,0.0,9.666666666666666,0.5773502691896255,9.833333333333334,0.408248290463871,0.20000000000004547,0.10000000000002274,-0.6427876096865396,0.7660444431189778,-0.7071067811865477,0.7071067811865474,2.2,10.0
2026-07-10 23:20:00,330.0,11.0,2.4,1013.5,13.6,15.3,2.4,2.2,2.2,11.0,12.0,10.0,1013.7,1013.6,1014.4,2.4,0.0,2.3333333333333335,0.11547005383792522,11.333333333333334,0.5773502691896255,11.333333333333334,0.5163977794943242,-0.8999999999999773,-0.10000000000002274,-0.5000000000000004,0.8660254037844384,-0.25881904510252157,0.9659258262890681,2.2,11.0
2026-07-11 00:20:00,330.0,11.0,2.4,1013.4,13.8,15.4,2.4,2.2,2.4,11.0,11.0,11.0,1013.4,1013.6,1013.5,2.4,0.0,2.3333333333333335,0.11547005383792507,11.0,0.0,11.0,0.0,-0.10000000000002274,-0.20000000000004547,-0.5000000000000004,0.8660254037844384,0.0,1.0,2.4,11.0
2026-07-11 01:20:00,330.0,11.0,2.3,1012.9,13.9,15.3,2.3,2.4,2.4,11.0,11.0,11.0,1013.0,1013.2,1013.4,2.3,0.0,2.3333333333333335,0.05773502691896285,11.0,0.0,11.0,0.0,-0.5,-0.3000000000000682,-0.5000000000000004,0.8660254037844384,0.25881904510252074,0.9659258262890683,2.3,12.0
2026-07-11 02:20:00,330.0,12.0,2.3,1012.6,13.7,15.3,2.3,2.3,2.3,12.0,12.0,11.0,1012.6,1012.6,1012.9,2.3,0.0,2.3,0.0,11.666666666666666,0.5773502691896255,11.666666666666666,0.516397779494324,-0.2999999999999545,0.0,-0.5000000000000004,0.8660254037844384,0.49999999999999994,0.8660254037844387,2.2,11.0
2026-07-11 03:20:00,330.0,10.0,2.0,1013.3,13.4,15.3,2.0,2.2,2.3,11.0,11.0,12.0,1013.0,1012.8,1012.6,2.0,0.0,2.066666666666667,0.11547005383792484,10.666666666666666,0.5773502691896255,11.166666666666666,0.7527726527090811,0.6999999999999318,0.5,-0.5000000000000004,0.8660254037844384,0.7071067811865476,0.7071067811865476,2.1,11.0
2026-07-11 04:20:00,330.0,11.0,2.2,1013.0,13.3,15.3,2.2,2.1,2.0,10.0,11.0,10.0,1013.0,1012.8,1013.3,2.2,0.0,2.166666666666667,0.05773502691896269,10.666666666666666,0.5773502691896255,10.666666666666666,0.5163977794943226,-0.2999999999999545,0.20000000000004547,-0.5000000000000004,0.8660254037844384,0.8660254037844386,0.5000000000000001,2.0,10.0
2026-07-11 05:20:00,330.0,10.0,2.0,1013.6,13.2,15.2,2.0,2.0,2.2,11.0,10.0,11.0,1013.5,1013.2,1013.0,2.0,0.0,2.0,0.0,10.333333333333334,0.5773502691896255,10.5,0.547722557505167,0.6000000000000227,0.39999999999997726,-0.5000000000000004,0.8660254037844384,0.9659258262890683,0.25881904510252074,2.0,10.0
2026-07-11 06:20:00,330.0,11.0,2.2,1013.7,13.2,15.2,2.2,2.0,2.0,11.0,10.0,10.0,1013.5,1013.6,1013.6,2.2,0.0,2.1333333333333333,0.11547005383792497,11.0,0.0,10.5,0.547722557505167,0.10000000000002274,0.10000000000002274,-0.5000000000000004,0.8660254037844384,1.0,6.123233995736766e-17,2.0,10.0
2026-07-11 07:20:00,330.0,11.0,2.0,1013.3,13.0,15.2,2.0,2.0,2.2,11.0,10.0,11.0,1013.4,1013.7,1013.7,2.0,0.0,2.0,0.0,11.0,0.0,10.5,0.547722557505167,-0.40000000000009095,-0.40000000000009095,-0.5000000000000004,0.8660254037844384,0.9659258262890683,-0.25881904510252063,2.0,11.0
2026-07-11 07:50:00,330.0,11.0,2.0,1013.2,13.0,15.2,2.0,2.0,2.0,11.0,11.0,10.0,1013.2,1013.3,1013.7,2.0,0.0,2.0,0.0,11.0,0.0,11.0,0.0,-0.5,-0.09999999999990905,-0.5000000000000004,0.8660254037844384,0.9659258262890683,-0.25881904510252063,2.1,10.0
2026-07-11 09:20:00,330.0,10.0,1.9,1013.0,12.8,15.3,1.9,2.0,2.1,10.0,10.0,10.0,1012.9,1013.0,1013.2,1.9,0.0,1.9333333333333333,0.05773502691896199,10.0,0.0,10.0,0.0,-0.20000000000004547,0.0,-0.5000000000000004,0.8660254037844384,0.7071067811865476,-0.7071067811865475,2.1,10.0
2026-07-11 10:20:00,340.0,10.0,2.1,1012.7,12.6,15.3,2.1,2.1,1.9,11.0,10.0,10.0,1012.7,1012.8,1013.0,2.1,0.0,2.1,0.0,10.333333333333334,0.5773502691896255,10.166666666666666,0.4082482904638632,-0.2999999999999545,-0.09999999999990905,-0.3420201433256686,0.9396926207859084,0.49999999999999994,-0.8660254037844387,2.1,10.0
2026-07-11 11:20:00,330.0,10.0,2.0,1012.5,12.7,15.3,2.0,2.1,2.1,10.0,10.0,10.0,1012.5,1012.5,1012.7,2.0,0.0,2.033333333333333,0.05773502691896285,10.0,0.0,10.166666666666666,0.4082482904638632,-0.20000000000004547,0.0,-0.5000000000000004,0.8660254037844384,0.258819045102521,-0.9659258262890682,2.1,10.0
2026-07-11 12:20:00,340.0,10.0,2.0,1012.9,12.7,15.3,2.0,2.1,2.0,9.0,10.0,10.0,1012.7,1012.6,1012.5,2.0,0.0,2.033333333333333,0.05773502691896269,9.333333333333334,0.5773502691896255,9.666666666666666,0.5163977794943228,0.39999999999997726,0.2999999999999545,-0.3420201433256686,0.9396926207859084,1.2246467991473532e-16,-1.0,1.9,9.0
2026-07-11 12:50:00,330.0,9.0,1.9,1013.2,12.8,15.3,1.9,2.0,2.1,9.0,10.0,10.0,1013.0,1012.9,1012.6,1.9,0.0,1.9500000000000002,0.057735026918962595,9.0,0.0,9.166666666666666,0.40824829046386646,0.6000000000000227,0.3000000000000682,-0.5000000000000004,0.8660254037844384,1.2246467991473532e-16,-1.0,1.9,10.0
2026-07-11 13:20:00,330.0,10.0,1.9,1013.2,12.9,15.3,1.9,1.9,2.0,10.0,9.0,10.0,1013.3,1013.2,1012.9,1.9,0.0,1.9,0.0,9.666666666666666,0.5773502691896255,9.333333333333334,0.516397779494324,0.3000000000000682,0.0,-0.5000000000000004,0.8660254037844384,-0.2588190451025208,-0.9659258262890683,1.9,9.0
2026-07-11 14:20:00,330.0,9.0,1.7,1013.8,13.2,15.2,1.7,1.9,1.9,9.0,9.0,10.0,1013.6,1013.4,1013.2,1.7,0.0,1.7666666666666666,0.1154700538379251,9.0,0.0,9.166666666666666,0.40824829046386646,0.599999999999909,0.39999999999997726,-0.5000000000000004,0.8660254037844384,-0.4999999999999997,-0.8660254037844388,1.8,9.0
2026-07-11 15:20:00,340.0,7.0,1.8,1014.6,13.5,15.2,1.8,1.8,1.7,8.0,9.0,9.0,1014.5,1014.0,1013.8,1.8,0.0,1.8,0.0,7.666666666666667,0.5773502691896258,8.166666666666666,0.7527726527090824,0.8000000000000682,0.6000000000000227,-0.3420201433256686,0.9396926207859084,-0.7071067811865471,-0.7071067811865479,1.7,7.0
2026-07-11 16:20:00,330.0,8.0,1.6,1014.7,13.5,15.2,1.6,1.7,1.8,8.0,7.0,7.0,1014.5,1014.6,1014.6,1.6,0.0,1.6333333333333335,0.057735026918962276,8.0,0.0,7.5,0.5477225575051703,0.10000000000002274,0.10000000000002274,-0.5000000000000004,0.8660254037844384,-0.8660254037844385,-0.5000000000000004,1.6,7.0
2026-07-11 17:20:00,320.0,7.0,1.5,1014.6,13.5,15.2,1.5,1.6,1.6,7.0,7.0,8.0,1014.8,1014.9,1014.7,1.5,0.0,1.5333333333333332,0.057735026918962484,7.0,0.0,7.0,0.0,-0.10000000000002274,-0.2999999999999545,-0.6427876096865396,0.7660444431189778,-0.9659258262890683,-0.25881904510252063,1.4,7.0
2026-07-11 18:20:00,310.0,8.0,1.5,1014.4,13.4,15.3,1.5,1.4,1.5,7.0,7.0,7.0,1014.4,1014.3,1014.6,1.5,0.0,1.4666666666666668,0.057735026918962595,7.666666666666667,0.5773502691896258,7.333333333333333,0.5163977794943221,-0.20000000000004547,0.10000000000002274,-0.7660444431189781,0.6427876096865393,-1.0,-1.8369701987210297e-16,1.4,8.0
2026-07-11 19:20:00,310.0,9.0,1.4,1014.3,13.2,15.3,1.4,1.4,1.5,8.0,8.0,8.0,1014.4,1014.5,1014.4,1.4,0.0,1.4,0.0,8.666666666666666,0.5773502691896255,8.333333333333334,0.5163977794943234,-0.10000000000002274,-0.20000000000004547,-0.7660444431189781,0.6427876096865393,-0.9659258262890684,0.2588190451025203,1.6,9.0
2026-07-11 20:20:00,310.0,9.0,1.5,1013.9,13.4,15.3,1.5,1.6,1.4,10.0,9.0,9.0,1013.9,1014.2,1014.3,1.5,0.0,1.5333333333333332,0.05773502691896273,9.666666666666666,0.5773502691896255,9.333333333333334,0.5163977794943277,-0.39999999999997726,-0.3000000000000682,-0.7660444431189781,0.6427876096865393,-0.8660254037844386,0.5000000000000001,1.6,10.0
2026-07-11 21:20:00,310.0,10.0,1.6,1013.6,13.4,15.3,1.6,1.6,1.5,10.0,10.0,9.0,1013.6,1013.9,1013.9,1.6,0.0,1.6,0.0,10.0,0.0,9.833333333333334,0.40824829046387284,-0.2999999999999545,-0.2999999999999545,-0.7660444431189781,0.6427876096865393,-0.7071067811865477,0.7071067811865474,1.6,10.0
2026-07-11 21:50:00,310.0,10.0,1.6,1013.9,13.5,15.3,1.6,1.6,1.6,10.0,10.0,10.0,1013.8,1013.6,1013.9,1.6,0.0,1.6,0.0,10.0,0.0,10.0,0.0,0.0,0.2999999999999545,-0.7660444431189781,0.6427876096865393,-0.7071067811865477,0.7071067811865474,1.7,10.0
2026-07-11 22:20:00,310.0,10.0,1.7,1013.3,13.6,15.3,1.7,1.6,1.6,10.0,10.0,10.0,1013.5,1013.9,1013.6,1.7,0.0,1.6500000000000001,0.05773502691896256,10.0,0.0,10.0,0.0,-0.3000000000000682,-0.6000000000000227,-0.7660444431189781,0.6427876096865393,-0.5000000000000004,0.8660254037844384,1.7,9.0
2026-07-11 23:20:00,310.0,9.0,1.8,1013.0,13.6,15.3,1.8,1.7,1.7,8.0,9.0,10.0,1013.3,1013.4,1013.3,1.8,0.0,1.7666666666666666,0.057735026918962595,8.333333333333334,0.5773502691896255,9.166666666666666,1.1690451944500118,-0.2999999999999545,-0.39999999999997726,-0.7660444431189781,0.6427876096865393,-0.25881904510252157,0.9659258262890681,1.8,8.0
2026-07-12 00:20:00,310.0,8.0,1.9,1013.7,13.7,15.3,1.9,1.8,1.8,8.0,8.0,9.0,1013.9,1013.6,1013.0,1.9,0.0,1.8666666666666665,0.05773502691896261,8.0,0.0,8.333333333333334,0.5163977794943188,0.7000000000000455,0.10000000000002274,-0.7660444431189781,0.6427876096865393,0.0,1.0,1.7,8.0
2026-07-12 01:20:00,310.0,9.0,1.7,1013.0,13.7,15.3,1.7,1.7,1.9,9.0,8.0,8.0,1013.0,1013.4,1013.7,1.7,0.0,1.7,0.0,8.666666666666666,0.5773502691896255,8.333333333333334,0.5163977794943228,-0.7000000000000455,-0.39999999999997726,-0.7660444431189781,0.6427876096865393,0.25881904510252074,0.9659258262890683,1.7,10.0
2026-07-12 02:20:00,320.0,9.0,1.8,1013.1,13.6,15.2,1.8,1.7,1.7,9.0,10.0,9.0,1013.1,1013.0,1013.0,1.8,0.0,1.7666666666666666,0.057735026918962595,9.0,0.0,9.333333333333334,0.5163977794943266,0.10000000000002274,0.10000000000002274,-0.6427876096865396,0.7660444431189778,0.49999999999999994,0.8660254037844387,1.7,8.0
2026-07-12 03:20:00,320.0,8.0,1.7,1013.5,13.6,15.2,1.7,1.7,1.8,7.0,8.0,9.0,1013.6,1013.2,1013.1,1.7,0.0,1.7,0.0,8.0,0.9999999999999998,8.333333333333334,0.8164965809277264,0.39999999999997726,0.2999999999999545,-0.6427876096865396,0.7660444431189778,0.7071067811865476,0.7071067811865476,1.6,8.0
2026-07-12 04:20:00,320.0,9.0,1.6,1013.3,13.4,15.2,1.6,1.6,1.7,8.0,8.0,8.0,1013.2,1013.4,1013.5,1.6,0.0,1.6,0.0,8.666666666666666,0.5773502691896255,8.333333333333334,0.5163977794943218,-0.20000000000004547,-0.10000000000002274,-0.6427876096865396,0.7660444431189778,0.8660254037844386,0.5000000000000001,1.6,7.0
2026-07-12 06:20:00,320.0,6.0,1.6,1014.0,13.9,15.2,1.6,1.6,1.6,6.0,6.0,7.0,1014.1,1014.2,1013.8,1.6,0.0,1.6,0.0,6.0,0.0,6.0,0.0,0.20000000000004547,-0.20000000000004547,-0.6427876096865396,0.7660444431189778,1.0,6.123233995736766e-17,1.5,5.0
2026-07-12 07:20:00,300.0,5.0,1.4,1014.1,14.1,15.2,1.4,1.5,1.6,5.0,5.0,6.0,1014.2,1014.2,1014.0,1.4,0.0,1.4333333333333333,0.057735026918962006,5.0,0.0,5.0,0.0,0.10000000000002274,-0.10000000000002274,-0.8660254037844386,0.5000000000000001,0.9659258262890683,-0.25881904510252063,1.4,6.0
2026-07-12 07:50:00,330.0,6.0,1.4,1013.7,14.3,15.2,1.4,1.4,1.5,6.0,5.0,5.0,1013.5,1014.1,1014.2,1.4,0.0,1.4,0.0,5.666666666666667,0.5773502691896258,5.333333333333333,0.5163977794943221,-0.5,-0.39999999999997726,-0.5000000000000004,0.8660254037844384,0.9659258262890683,-0.25881904510252063,1.4,6.0
2026-07-12 10:20:00,320.0,4.0,1.4,1013.7,14.5,15.1,1.4,1.5,1.4,4.0,4.0,5.0,1013.9,1013.9,1013.8,1.4,0.0,1.4333333333333333,0.057735026918962644,4.0,0.0,4.0,0.0,-0.09999999999990905,-0.1999999999999318,-0.6427876096865396,0.7660444431189778,0.49999999999999994,-0.8660254037844387,1.4,4.0
2026-07-12 11:20:00,310.0,4.0,1.4,1013.7,14.6,15.1,1.4,1.4,1.4,5.0,4.0,4.0,1013.4,1013.6,1013.7,1.4,0.0,1.4,0.0,4.333333333333333,0.5773502691896258,4.166666666666667,0.40824829046386296,0.0,0.10000000000002274,-0.7660444431189781,0.6427876096865393,0.258819045102521,-0.9659258262890682,1.5,4.0
2026-07-12 12:20:00,350.0,3.0,1.4,1013.9,14.6,15.1,1.4,1.5,1.4,3.0,4.0,4.0,1013.9,1013.8,1013.7,1.4,0.0,1.4333333333333333,0.057735026918962595,3.0,0.0,3.3333333333333335,0.5163977794943222,0.1999999999999318,0.10000000000002274,-0.1736481776669304,0.984807753012208,1.2246467991473532e-16,-1.0,1.4,4.0
2026-07-12 13:20:00,350.0,4.0,1.4,1013.3,14.4,15.1,1.4,1.4,1.4,4.0,4.0,3.0,1013.2,1013.0,1013.9,1.4,0.0,1.4,0.0,4.0,0.0,3.8333333333333335,0.40824829046386335,-0.6000000000000227,0.2999999999999545,-0.1736481776669304,0.984807753012208,-0.2588190451025208,-0.9659258262890683,1.4,3.0
2026-07-12 14:20:00,330.0,3.0,1.4,1013.7,14.5,15.1,1.4,1.4,1.4,3.0,3.0,4.0,1013.6,1013.5,1013.3,1.4,0.0,1.4,0.0,3.0,0.0,3.3333333333333335,0.5163977794943226,0.40000000000009095,0.20000000000004547,-0.5000000000000004,0.8660254037844384,-0.4999999999999997,-0.8660254037844388,1.3,4.0
2026-07-12 15:20:00,330.0,3.0,1.4,1014.3,14.5,15.1,1.4,1.3,1.4,3.0,4.0,3.0,1014.1,1014.0,1013.7,1.4,0.0,1.3666666666666665,0.05773502691896253,3.0,0.0,3.3333333333333335,0.5163977794943223,0.599999999999909,0.2999999999999545,-0.5000000000000004,0.8660254037844384,-0.7071067811865471,-0.7071067811865479,1.3,3.0
2026-07-12 15:50:00,330.0,3.0,1.3,1014.7,14.6,15.1,1.3,1.4,1.3,3.0,3.0,4.0,1014.6,1014.3,1014.0,1.3,0.0,1.35,0.057735026918962554,3.0,0.0,3.0,0.0,0.7000000000000455,0.40000000000009095,-0.5000000000000004,0.8660254037844384,-0.7071067811865471,-0.7071067811865479,1.4,2.0
2026-07-12 16:20:00,340.0,2.0,1.4,1015.0,14.6,15.1,1.4,1.3,1.4,2.0,3.0,3.0,1015.0,1014.7,1014.3,1.4,0.0,1.35,0.057735026918962554,2.0,0.0,2.5,0.5477225575051664,0.7000000000000455,0.2999999999999545,-0.3420201433256686,0.9396926207859084,-0.8660254037844385,-0.5000000000000004,1.4,3.0
2026-07-12 16:50:00,340.0,3.0,1.4,1014.9,14.6,15.2,1.4,1.4,1.3,3.0,2.0,3.0,1014.8,1015.0,1014.7,1.4,0.0,1.4,0.0,2.6666666666666665,0.5773502691896257,2.3333333333333335,0.5163977794943226,0.1999999999999318,-0.10000000000002274,-0.3420201433256686,0.9396926207859084,-0.8660254037844385,-0.5000000000000004,1.4,4.0
2026-07-12 18:50:00,320.0,2.0,1.6,1015.3,14.6,15.3,1.6,1.4,1.5,1.0,1.0,3.0,1015.4,1015.7,1014.9,1.6,0.0,1.5333333333333332,0.11547005383792525,1.3333333333333333,0.5773502691896258,1.8333333333333333,1.1690451944500122,0.39999999999997726,-0.40000000000009095,-0.6427876096865396,0.7660444431189778,-1.0,-1.8369701987210297e-16,1.5,4.0
2026-07-12 19:50:00,310.0,3.0,1.5,1015.2,14.7,15.4,1.5,1.5,1.6,3.0,4.0,2.0,1015.4,1015.0,1015.3,1.5,0.0,1.5,0.0,3.0,0.0,3.3333333333333335,0.5163977794943225,-0.09999999999990905,0.20000000000004547,-0.7660444431189781,0.6427876096865393,-0.9659258262890684,0.2588190451025203,1.4,4.0
2026-07-12 20:20:00,300.0,4.0,1.4,1014.9,14.9,15.7,1.4,1.5,1.5,4.0,3.0,4.0,1014.9,1015.2,1015.0,1.4,0.0,1.45,0.05773502691896274,3.6666666666666665,0.5773502691896257,3.3333333333333335,0.5163977794943225,-0.10000000000002274,-0.3000000000000682,-0.8660254037844386,0.5000000000000001,-0.8660254037844386,0.5000000000000001,1.4,3.0
2026-07-12 21:20:00,290.0,2.0,1.4,1015.0,15.2,15.8,1.4,1.4,1.4,3.0,3.0,4.0,1015.0,1014.9,1014.9,1.4,0.0,1.4,0.0,2.6666666666666665,0.5773502691896257,2.8333333333333335,0.408248290463863,0.10000000000002274,0.10000000000002274,-0.9396926207859083,0.342020143325669,-0.7071067811865477,0.7071067811865474,1.5,3.0
2026-07-12 22:20:00,300.0,4.0,1.5,1014.6,15.2,16.1,1.5,1.5,1.4,3.0,3.0,2.0,1014.8,1014.9,1015.0,1.5,0.0,1.5,0.0,3.3333333333333335,0.5773502691896257,3.5,0.5477225575051662,-0.39999999999997726,-0.2999999999999545,-0.8660254037844386,0.5000000000000001,-0.5000000000000004,0.8660254037844384,1.6,3.0
2026-07-12 23:20:00,300.0,3.0,1.5,1014.4,15.1,16.2,1.5,1.6,1.5,3.0,3.0,4.0,1014.5,1014.5,1014.6,1.5,0.0,1.5333333333333332,0.057735026918962595,3.0,0.0,3.0,0.0,-0.20000000000004547,-0.10000000000002274,-0.8660254037844386,0.5000000000000001,-0.25881904510252157,0.9659258262890681,1.5,3.0
2026-07-13 00:20:00,300.0,4.0,1.7,1013.9,15.2,16.3,1.7,1.5,1.5,3.0,3.0,3.0,1014.0,1014.1,1014.4,1.7,0.0,1.6333333333333335,0.1154700538379251,3.3333333333333335,0.5773502691896257,3.3333333333333335,0.5163977794943223,-0.5,-0.20000000000004547,-0.8660254037844386,0.5000000000000001,0.0,1.0,1.5,4.0
2026-07-13 01:20:00,290.0,2.0,1.6,1014.0,15.1,16.0,1.6,1.5,1.7,3.0,4.0,4.0,1013.9,1013.8,1013.9,1.6,0.0,1.5666666666666667,0.057735026918962734,2.6666666666666665,0.5773502691896257,3.3333333333333335,0.816496580927726,0.10000000000002274,0.20000000000004547,-0.9396926207859083,0.342020143325669,0.25881904510252074,0.9659258262890683,1.6,4.0
2026-07-13 02:20:00,310.0,5.0,1.6,1013.2,15.0,16.1,1.6,1.6,1.6,5.0,4.0,2.0,1013.1,1013.3,1014.0,1.6,0.0,1.6,0.0,5.0,0.0,4.0,1.2649110640673518,-0.7999999999999545,-0.09999999999990905,-0.7660444431189781,0.6427876096865393,0.49999999999999994,0.8660254037844387,1.6,5.0
2026-07-13 03:20:00,320.0,5.0,1.7,1013.1,14.9,15.9,1.7,1.6,1.6,6.0,5.0,5.0,1013.0,1013.1,1013.2,1.7,0.0,1.6666666666666667,0.05773502691896261,5.333333333333333,0.5773502691896258,5.166666666666667,0.40824829046386296,-0.10000000000002274,0.0,-0.6427876096865396,0.7660444431189778,0.7071067811865476,0.7071067811865476,1.5,5.0
2026-07-13 04:20:00,330.0,6.0,1.7,1013.2,15.1,15.7,1.7,1.5,1.7,5.0,5.0,5.0,1013.1,1013.0,1013.1,1.7,0.0,1.6333333333333335,0.11547005383792512,5.333333333333333,0.5773502691896258,5.166666666666667,0.40824829046386296,0.10000000000002274,0.20000000000004547,-0.5000000000000004,0.8660254037844384,0.8660254037844386,0.5000000000000001,1.6,7.0
2026-07-13 04:50:00,330.0,7.0,1.6,1012.9,15.0,15.6,1.6,1.7,1.5,7.0,6.0,5.0,1013.1,1013.2,1013.0,1.6,0.0,1.65,0.057735026918962505,7.0,0.0,6.166666666666667,0.9831920802501751,-0.10000000000002274,-0.3000000000000682,-0.5000000000000004,0.8660254037844384,0.8660254037844386,0.5000000000000001,1.6,7.0
2026-07-13 05:20:00,330.0,7.0,1.6,1013.2,14.8,15.5,1.6,1.6,1.7,7.0,7.0,6.0,1013.2,1012.9,1013.2,1.6,0.0,1.6,0.0,7.0,0.0,7.0,0.0,0.0,0.3000000000000682,-0.5000000000000004,0.8660254037844384,0.9659258262890683,0.25881904510252074,1.6,7.0
2026-07-13 06:20:00,340.0,6.0,1.6,1013.3,14.8,15.4,1.6,1.6,1.6,7.0,7.0,7.0,1013.1,1013.2,1013.2,1.6,0.0,1.6,0.0,6.666666666666667,0.5773502691896258,6.833333333333333,0.40824829046386296,0.09999999999990905,0.09999999999990905,-0.3420201433256686,0.9396926207859084,1.0,6.123233995736766e-17,1.5,5.0
2026-07-13 07:20:00,320.0,5.0,1.6,1013.3,14.8,15.3,1.6,1.5,1.6,5.0,5.0,6.0,1013.3,1013.1,1013.3,1.6,0.0,1.5666666666666667,0.057735026918962595,5.0,0.0,5.333333333333333,0.5163977794943221,0.0,0.1999999999999318,-0.6427876096865396,0.7660444431189778,0.9659258262890683,-0.25881904510252063,1.5,5.0
2026-07-13 08:20:00,320.0,5.0,1.6,1013.1,14.7,15.3,1.6,1.5,1.6,5.0,5.0,5.0,1013.3,1013.2,1013.3,1.6,0.0,1.5666666666666667,0.057735026918962595,5.0,0.0,5.0,0.0,-0.1999999999999318,-0.10000000000002274,-0.6427876096865396,0.7660444431189778,0.8660254037844387,-0.4999999999999998,1.5,6.0
2026-07-13 09:20:00,310.0,6.0,1.6,1012.7,14.8,15.3,1.6,1.5,1.6,6.0,6.0,5.0,1012.8,1012.8,1013.1,1.6,0.0,1.5666666666666667,0.057735026918962595,6.0,0.0,5.833333333333333,0.4082482904638632,-0.39999999999997726,-0.09999999999990905,-0.7660444431189781,0.6427876096865393,0.7071067811865476,-0.7071067811865475,1.6,5.0
2026-07-13 10:20:00,320.0,5.0,1.6,1012.8,15.0,15.3,1.6,1.6,1.6,5.0,5.0,6.0,1012.6,1012.6,1012.7,1.6,0.0,1.6,0.0,5.0,0.0,5.0,0.0,0.09999999999990905,0.1999999999999318,-0.6427876096865396,0.7660444431189778,0.49999999999999994,-0.8660254037844387,1.6,5.0
2026-07-13 11:20:00,310.0,5.0,1.6,1012.7,15.0,15.2,1.6,1.6,1.6,4.0,5.0,5.0,1012.7,1012.8,1012.8,1.6,0.0,1.6,0.0,4.333333333333333,0.5773502691896258,4.5,0.5477225575051659,-0.09999999999990905,-0.09999999999990905,-0.7660444431189781,0.6427876096865393,0.258819045102521,-0.9659258262890682,1.6,4.0
2026-07-13 12:20:00,330.0,4.0,1.7,1012.5,15.0,15.3,1.7,1.6,1.6,5.0,4.0,5.0,1012.5,1012.8,1012.7,1.7,0.0,1.6666666666666667,0.05773502691896261,4.333333333333333,0.5773502691896258,4.5,0.5477225575051659,-0.20000000000004547,-0.2999999999999545,-0.5000000000000004,0.8660254037844384,1.2246467991473532e-16,-1.0,1.6,4.0
2026-07-13 13:20:00,360.0,2.0,1.7,1012.8,14.9,15.2,1.7,,1.7,4.0,3.0,5.0,1012.9,1012.9,1012.5,1.6666666666666667,0.057735026918962595,1.6749999999999998,0.04999999999999995,3.3333333333333335,1.1547005383792517,3.5,0.8366600265340766,0.2999999999999545,-0.10000000000002274,-2.4492935982947064e-16,1.0,-0.2588190451025208,-0.9659258262890683,1.6,3.0
2026-07-13 15:20:00,300.0,3.0,1.6,1014.2,15.1,15.3,1.6,1.8,1.8,4.0,3.0,2.0,1013.9,1014.2,1013.6,1.6,0.0,1.6666666666666667,0.11547005383792516,3.3333333333333335,0.5773502691896257,2.8333333333333335,0.7527726527090814,0.6000000000000227,0.0,-0.8660254037844386,0.5000000000000001,-0.7071067811865471,-0.7071067811865479,1.7,2.0
2026-07-13 15:50:00,300.0,2.0,1.7,1014.2,15.0,15.3,1.7,1.6,1.8,3.0,3.0,3.0,1014.2,1014.2,1014.2,1.7,0.0,1.6500000000000001,0.05773502691896255,2.6666666666666665,0.5773502691896257,3.0,0.6324555320336765,0.0,0.0,-0.8660254037844386,0.5000000000000001,-0.7071067811865471,-0.7071067811865479,1.7,1.0
2026-07-13 16:20:00,20.0,1.0,1.7,1014.7,15.1,15.3,1.7,1.7,1.6,2.0,2.0,3.0,1014.6,1014.2,1014.2,1.7,0.0,1.7,0.0,1.6666666666666667,0.5773502691896258,2.1666666666666665,0.7527726527090811,0.5,0.5,0.3420201433256687,0.9396926207859084,-0.8660254037844385,-0.5000000000000004,1.8,1.0
2026-07-13 16:50:00,200.0,1.0,1.8,1014.7,15.4,15.4,1.8,1.7,1.7,1.0,1.0,2.0,1014.8,1014.7,1014.2,1.8,0.0,1.75,0.05773502691896257,1.0,0.0,1.3333333333333333,0.5163977794943214,0.5,0.0,-0.34202014332566866,-0.9396926207859084,-0.8660254037844385,-0.5000000000000004,1.6,1.0
2026-07-13 17:20:00,190.0,1.0,1.6,1014.7,15.5,15.4,1.6,1.8,1.7,1.0,1.0,1.0,1014.7,1014.7,1014.7,1.6,0.0,1.7000000000000002,0.11547005383792512,1.0,0.0,1.0,0.0,0.0,0.0,-0.17364817766693047,-0.984807753012208,-0.9659258262890683,-0.25881904510252063,1.7,2.0
2026-07-13 19:20:00,210.0,2.0,1.7,1015.6,15.7,15.6,1.7,1.7,1.7,2.0,3.0,2.0,1015.4,1015.0,1015.2,1.7,0.0,1.7,0.0,2.3333333333333335,0.5773502691896257,2.3333333333333335,0.5163977794943221,0.39999999999997726,0.6000000000000227,-0.5000000000000001,-0.8660254037844386,-0.9659258262890684,0.2588190451025203,1.8,1.0
2026-07-13 20:20:00,230.0,1.0,1.6,1015.2,15.7,15.6,1.6,1.8,1.7,1.0,1.0,2.0,1015.5,1015.3,1015.6,1.6,0.0,1.6666666666666667,0.11547005383792507,1.0,0.0,1.1666666666666667,0.408248290463861,-0.39999999999997726,-0.09999999999990905,-0.7660444431189779,-0.6427876096865395,-0.8660254037844386,0.5000000000000001,1.7,2.0
2026-07-13 20:50:00,300.0,2.0,1.7,1015.1,15.6,15.6,1.7,1.6,1.8,1.0,1.0,1.0,1015.1,1015.2,1015.3,1.7,0.0,1.6500000000000001,0.05773502691896243,1.3333333333333333,0.5773502691896258,1.1666666666666667,0.408248290463863,-0.1999999999999318,-0.10000000000002274,-0.8660254037844386,0.5000000000000001,-0.8660254037844386,0.5000000000000001,1.6,1.0
2026-07-13 22:20:00,260.0,4.0,1.5,1015.4,15.7,15.8,1.5,1.7,1.6,4.0,3.0,1.0,1015.3,1015.2,1015.4,1.5,0.0,1.5666666666666667,0.11547005383792498,3.6666666666666665,0.5773502691896257,3.0,0.8944271909999161,0.0,0.1999999999999318,-0.984807753012208,-0.17364817766693033,-0.5000000000000004,0.8660254037844384,1.5,6.0
2026-07-13 23:20:00,330.0,5.0,1.6,1014.7,15.4,15.7,1.6,1.5,1.5,6.0,6.0,4.0,1014.8,1014.9,1015.4,1.6,0.0,1.5666666666666667,0.057735026918962484,5.666666666666667,0.5773502691896258,5.333333333333333,0.8164965809277263,-0.6999999999999318,-0.1999999999999318,-0.5000000000000004,0.8660254037844384,-0.25881904510252157,0.9659258262890681,1.5,3.0
2026-07-14 00:20:00,340.0,4.0,1.5,1014.1,15.5,15.8,1.5,1.5,1.6,4.0,3.0,5.0,1014.2,1014.5,1014.7,1.5,0.0,1.5,0.0,3.6666666666666665,0.5773502691896257,3.5,0.5477225575051669,-0.6000000000000227,-0.39999999999997726,-0.3420201433256686,0.9396926207859084,0.0,1.0,1.5,3.0
2026-07-14 01:20:00,60.0,1.0,1.4,1013.6,15.6,15.8,1.4,1.5,1.5,2.0,3.0,4.0,1013.9,1014.2,1014.1,1.4,0.0,1.4333333333333333,0.057735026918962484,1.3333333333333333,0.577350269189626,2.1666666666666665,0.9831920802501763,-0.5,-0.6000000000000227,0.8660254037844386,0.5000000000000001,0.25881904510252074,0.9659258262890683,1.5,3.0
2026-07-14 01:50:00,270.0,3.0,1.5,1014.1,15.7,15.8,1.5,1.4,1.5,3.0,1.0,3.0,1014.1,1013.6,1014.2,1.5,0.0,1.45,0.057735026918962595,2.3333333333333335,1.1547005383792517,1.8333333333333333,0.9831920802501767,-0.10000000000002274,0.5,-1.0,-1.8369701987210297e-16,0.25881904510252074,0.9659258262890683,1.6,3.0
2026-07-14 02:20:00,290.0,3.0,1.6,1014.2,15.5,15.8,1.6,1.5,1.4,3.0,3.0,1.0,1014.0,1014.1,1013.6,1.6,0.0,1.55,0.057735026918963143,3.3333333333333335,0.5773502691896257,2.8333333333333335,0.9831920802501757,0.6000000000000227,0.10000000000002274,-0.9396926207859083,0.342020143325669,0.49999999999999994,0.8660254037844387,1.7,4.0
2026-07-14 03:20:00,290.0,4.0,1.6,1014.1,15.3,15.7,1.6,1.7,1.6,3.0,4.0,3.0,1014.3,1014.2,1014.2,1.6,0.0,1.6333333333333335,0.05773502691896253,3.6666666666666665,0.5773502691896257,3.6666666666666665,0.5163977794943215,-0.10000000000002274,-0.10000000000002274,-0.9396926207859083,0.342020143325669,0.7071067811865476,0.7071067811865476,1.6,6.0
2026-07-14 06:20:00,320.0,3.0,1.6,1014.6,15.2,15.6,1.6,1.6,1.5,4.0,4.0,5.0,1014.5,1014.6,1014.3,1.6,0.0,1.6,0.0,3.3333333333333335,0.5773502691896257,3.8333333333333335,0.7527726527090814,0.3000000000000682,0.0,-0.6427876096865396,0.7660444431189778,1.0,6.123233995736766e-17,1.7,2.0
2026-07-14 07:50:00,310.0,3.0,1.5,1014.7,15.1,15.6,1.5,1.5,1.7,3.0,2.0,2.0,1014.7,1014.7,1014.8,1.5,0.0,1.5,0.0,3.0,0.0,2.5,0.547722557505172,-0.09999999999990905,0.0,-0.7660444431189781,0.6427876096865393,0.9659258262890683,-0.25881904510252063,1.5,3.0
2026-07-14 10:20:00,290.0,1.0,1.5,1015.1,15.0,15.6,1.5,1.5,1.5,1.0,2.0,3.0,1015.2,1015.0,1014.9,1.5,0.0,1.5,0.0,1.0,0.0,1.6666666666666667,0.8164965809277268,0.20000000000004547,0.10000000000002274,-0.9396926207859083,0.342020143325669,0.49999999999999994,-0.8660254037844387,1.5,2.0
2026-07-14 11:20:00,330.0,2.0,1.5,1014.8,15.0,15.5,1.5,1.5,1.5,2.0,2.0,1.0,1015.0,1015.0,1015.1,1.5,0.0,1.5,0.0,2.0,0.0,1.8333333333333333,0.4082482904638644,-0.3000000000000682,-0.20000000000004547,-0.5000000000000004,0.8660254037844384,0.258819045102521,-0.9659258262890682,1.4,2.0
2026-07-14 11:50:00,340.0,2.0,1.4,1014.9,15.0,15.5,1.4,1.5,1.5,3.0,2.0,2.0,1014.9,1014.8,1015.0,1.4,0.0,1.45,0.05773502691896274,2.6666666666666665,0.5773502691896257,2.3333333333333335,0.5163977794943223,-0.10000000000002274,0.10000000000002274,-0.3420201433256686,0.9396926207859084,0.258819045102521,-0.9659258262890682,1.4,2.0
2026-07-14 12:20:00,350.0,2.0,1.4,1014.9,15.0,15.4,1.4,1.4,1.5,2.0,2.0,2.0,1014.8,1014.9,1014.8,1.4,0.0,1.4,0.0,2.0,0.0,2.3333333333333335,0.5163977794943223,0.10000000000002274,0.0,-0.1736481776669304,0.984807753012208,1.2246467991473532e-16,-1.0,1.5,2.0
2026-07-14 13:20:00,350.0,2.0,1.4,1015.2,15.1,15.4,1.4,1.5,1.4,2.0,2.0,2.0,1015.2,1015.2,1014.9,1.4,0.0,1.4333333333333333,0.057735026918962595,2.0,0.0,2.0,0.0,0.3000000000000682,0.0,-0.1736481776669304,0.984807753012208,-0.2588190451025208,-0.9659258262890683,1.6,2.0
2026-07-14 15:20:00,10.0,2.0,1.5,1015.5,15.2,15.5,1.5,1.5,1.5,2.0,2.0,2.0,1015.5,1015.5,1015.3,1.5,0.0,1.5,0.0,2.0,0.0,2.3333333333333335,0.5163977794943223,0.20000000000004547,0.0,0.17364817766693033,0.984807753012208,-0.7071067811865471,-0.7071067811865479,1.5,2.0
2026-07-14 16:20:00,340.0,2.0,1.5,1016.0,15.3,15.6,1.5,1.5,1.5,2.0,2.0,2.0,1015.8,1015.8,1015.5,1.5,0.0,1.5,0.0,2.0,0.0,2.0,0.0,0.5,0.20000000000004547,-0.3420201433256686,0.9396926207859084,-0.8660254037844385,-0.5000000000000004,1.6,2.0
2026-07-14 16:50:00,260.0,2.0,1.6,1016.1,15.4,15.6,1.6,1.5,1.5,1.0,2.0,2.0,1016.1,1016.0,1015.8,1.6,0.0,1.55,0.05773502691896274,1.6666666666666667,0.5773502691896258,1.8333333333333333,0.408248290463863,0.3000000000000682,0.10000000000002274,-0.984807753012208,-0.17364817766693033,-0.8660254037844385,-0.5000000000000004,1.5,3.0
2026-07-14 17:20:00,300.0,3.0,1.5,1015.8,15.6,15.6,1.5,1.6,1.5,2.0,2.0,2.0,1015.8,1016.1,1016.0,1.5,0.0,1.55,0.05773502691896274,2.3333333333333335,0.5773502691896257,2.0,0.6324555320336759,-0.20000000000004547,-0.3000000000000682,-0.8660254037844386,0.5000000000000001,-0.9659258262890683,-0.25881904510252063,1.5,3.0
2026-07-14 18:20:00,330.0,4.0,1.5,1015.7,15.5,15.9,1.5,1.5,1.5,4.0,3.0,3.0,1015.6,1015.8,1015.8,1.5,0.0,1.5,0.0,4.0,0.0,3.5,0.547722557505166,-0.09999999999990905,-0.09999999999990905,-0.5000000000000004,0.8660254037844384,-1.0,-1.8369701987210297e-16,1.4,
2026-07-14 19:20:00,300.0,4.0,1.5,1016.1,15.6,16.0,1.5,1.4,1.5,4.0,,4.0,1016.2,1016.0,1015.7,1.5,0.0,1.4666666666666668,0.057735026918962595,4.0,0.0,4.0,0.0,0.39999999999997726,0.10000000000002274,-0.8660254037844386,0.5000000000000001,-0.9659258262890684,0.2588190451025203,1.5,4.0
2026-07-14 20:20:00,300.0,5.0,1.4,1016.2,15.7,16.1,1.4,1.5,1.5,5.0,4.0,4.0,1016.1,1015.9,1016.1,1.4,0.0,1.4500000000000002,0.05773502691896274,4.666666666666667,0.5773502691896258,4.333333333333333,0.5163977794943221,0.10000000000002274,0.3000000000000682,-0.8660254037844386,0.5000000000000001,-0.8660254037844386,0.5000000000000001,1.4,6.0
2026-07-14 22:20:00,320.0,6.0,1.3,1015.5,15.6,16.1,1.3,1.3,1.3,6.0,6.0,6.0,1015.7,1015.9,1016.0,1.3,0.0,1.3,0.0,6.333333333333333,0.5773502691896258,6.166666666666667,0.40824829046386296,-0.5,-0.39999999999997726,-0.6427876096865396,0.7660444431189778,-0.5000000000000004,0.8660254037844384,1.4,8.0
2026-07-14 23:20:00,320.0,8.0,1.4,1015.0,15.4,16.0,1.4,1.4,1.3,8.0,8.0,6.0,1015.0,1015.4,1015.5,1.4,0.0,1.4,0.0,8.0,0.0,7.666666666666667,0.5163977794943218,-0.5,-0.39999999999997726,-0.6427876096865396,0.7660444431189778,-0.25881904510252157,0.9659258262890681,1.3,8.0
2026-07-14 23:50:00,320.0,8.0,1.3,1014.7,15.3,15.9,1.3,1.4,1.4,9.0,8.0,8.0,1014.8,1015.0,1015.4,1.3,0.0,1.3499999999999999,0.05773502691896256,8.333333333333334,0.5773502691896255,8.166666666666666,0.4082482904638632,-0.6999999999999318,-0.2999999999999545,-0.6427876096865396,0.7660444431189778,-0.25881904510252157,0.9659258262890681,1.4,8.0
2026-07-15 00:20:00,320.0,8.0,1.4,1014.6,15.4,16.0,1.4,1.3,1.4,8.0,8.0,8.0,1014.6,1014.7,1015.0,1.4,0.0,1.3499999999999999,0.05773502691896256,8.0,0.0,8.166666666666666,0.4082482904638632,-0.39999999999997726,-0.10000000000002274,-0.6427876096865396,0.7660444431189778,0.0,1.0,1.5,10.0
2026-07-15 01:20:00,320.0,11.0,1.5,1013.9,15.5,15.8,1.5,1.5,1.4,10.0,10.0,8.0,1014.0,1014.3,1014.6,1.5,0.0,1.5,0.0,10.333333333333334,0.5773502691896255,10.0,0.6324555320336829,-0.7000000000000455,-0.39999999999997726,-0.6427876096865396,0.7660444431189778,0.25881904510252074,0.9659258262890683,1.5,11.0
2026-07-15 02:20:00,320.0,11.0,1.6,1013.7,15.7,15.8,1.6,1.5,1.5,11.0,11.0,11.0,1013.8,1013.8,1013.9,1.6,0.0,1.5666666666666667,0.057735026918962484,11.0,0.0,11.0,0.0,-0.1999999999999318,-0.09999999999990905,-0.6427876096865396,0.7660444431189778,0.49999999999999994,0.8660254037844387,1.7,11.0
2026-07-15 03:20:00,330.0,11.0,1.6,1013.7,15.7,15.6,1.6,1.7,1.6,11.0,11.0,11.0,1013.6,1013.6,1013.7,1.6,0.0,1.6333333333333335,0.05773502691896253,11.0,0.0,11.0,0.0,0.0,0.10000000000002274,-0.5000000000000004,0.8660254037844384,0.7071067811865476,0.7071067811865476,1.5,10.0
2026-07-15 04:20:00,330.0,8.0,1.6,1014.1,15.7,15.6,1.6,1.5,1.6,9.0,10.0,11.0,1014.0,1013.8,1013.7,1.6,0.0,1.5666666666666667,0.057735026918962595,8.666666666666666,0.5773502691896255,9.333333333333334,0.81649658092773,0.39999999999997726,0.3000000000000682,-0.5000000000000004,0.8660254037844384,0.8660254037844386,0.5000000000000001,1.5,7.0
2026-07-15 05:20:00,310.0,8.0,1.5,1014.6,15.7,15.6,1.5,1.5,1.6,8.0,7.0,8.0,1014.5,1014.4,1014.1,1.5,0.0,1.5,0.0,7.666666666666667,0.5773502691896258,7.5,0.5477225575051802,0.5,0.20000000000004547,-0.7660444431189781,0.6427876096865393,0.9659258262890683,0.25881904510252074,1.5,8.0
2026-07-15 06:20:00,310.0,7.0,1.4,1014.6,15.8,15.5,1.4,1.5,1.5,8.0,8.0,8.0,1014.7,1014.7,1014.6,1.4,0.0,1.4333333333333333,0.057735026918962484,7.666666666666667,0.5773502691896258,7.666666666666667,0.5163977794943364,0.0,-0.10000000000002274,-0.7660444431189781,0.6427876096865393,1.0,6.123233995736766e-17,1.4,8.0
2026-07-15 06:50:00,310.0,8.0,1.4,1014.5,15.9,15.6,1.4,1.4,1.5,8.0,7.0,8.0,1014.6,1014.6,1014.7,1.4,0.0,1.4,0.0,8.0,0.0,7.833333333333333,0.4082482904638799,-0.20000000000004547,-0.10000000000002274,-0.7660444431189781,0.6427876096865393,1.0,6.123233995736766e-17,1.4,8.0
2026-07-15 07:50:00,320.0,8.0,1.5,1014.4,15.8,15.6,1.5,1.4,1.4,8.0,8.0,8.0,1014.5,1014.4,1014.5,1.5,0.0,1.4666666666666666,0.057735026918962484,7.666666666666667,0.5773502691896258,7.833333333333333,0.40824829046386296,-0.10000000000002274,0.0,-0.6427876096865396,0.7660444431189778,0.9659258262890683,-0.25881904510252063,1.4,8.0
2026-07-15 09:20:00,320.0,7.0,1.6,1014.3,15.6,15.6,1.6,1.5,1.4,8.0,8.0,8.0,1014.3,1014.4,1014.5,1.6,0.0,1.5666666666666667,0.05773502691896264,7.666666666666667,0.5773502691896258,7.833333333333333,0.40824829046386296,-0.20000000000004547,-0.10000000000002274,-0.6427876096865396,0.7660444431189778,0.7071067811865476,-0.7071067811865475,1.7,9.0
2026-07-15 10:20:00,320.0,8.0,1.7,1014.1,15.3,15.5,1.7,1.7,1.6,9.0,9.0,7.0,1014.1,1014.2,1014.3,1.7,0.0,1.7,0.0,8.333333333333334,0.5773502691896261,8.166666666666666,0.7527726527090811,-0.1999999999999318,-0.10000000000002274,-0.6427876096865396,0.7660444431189778,0.49999999999999994,-0.8660254037844387,1.8,9.0
2026-07-15 11:20:00,320.0,9.0,1.7,1014.1,15.1,15.6,1.7,1.8,1.7,9.0,9.0,8.0,1014.1,1014.0,1014.1,1.7,0.0,1.7333333333333332,0.057735026918962595,8.666666666666666,0.5773502691896255,8.666666666666666,0.516397779494324,0.0,0.10000000000002274,-0.6427876096865396,0.7660444431189778,0.258819045102521,-0.9659258262890682,1.8,8.0
2026-07-15 11:50:00,320.0,8.0,1.8,1014.2,15.1,15.5,1.8,1.7,1.8,9.0,9.0,9.0,1014.1,1014.1,1014.0,1.8,0.0,1.75,0.057735026918962595,8.666666666666666,0.5773502691896255,8.666666666666666,0.516397779494324,0.20000000000004547,0.10000000000002274,-0.6427876096865396,0.7660444431189778,0.258819045102521,-0.9659258262890682,1.8,8.0
2026-07-15 12:20:00,320.0,8.0,1.8,1014.2,15.1,15.5,1.8,1.8,1.7,9.0,8.0,9.0,1014.2,1014.2,1014.1,1.8,0.0,1.8,0.0,8.666666666666666,0.5773502691896255,8.666666666666666,0.516397779494324,0.10000000000002274,0.0,-0.6427876096865396,0.7660444431189778,1.2246467991473532e-16,-1.0,1.7,9.0
2026-07-15 13:20:00,320.0,9.0,1.6,1014.4,15.1,15.5,1.6,1.7,1.8,9.0,9.0,8.0,1014.3,1014.2,1014.2,1.6,0.0,1.6333333333333335,0.057735026918962276,8.666666666666666,0.5773502691896255,8.5,0.547722557505167,0.1999999999999318,0.1999999999999318,-0.6427876096865396,0.7660444431189778,-0.2588190451025208,-0.9659258262890683,1.7,9.0
2026-07-15 14:20:00,320.0,9.0,1.7,1014.5,15.2,15.5,1.7,1.7,1.6,9.0,9.0,9.0,1014.4,1014.3,1014.4,1.7,0.0,1.7,0.0,9.0,0.0,8.833333333333334,0.40824829046386635,0.10000000000002274,0.20000000000004547,-0.6427876096865396,0.7660444431189778,-0.4999999999999997,-0.8660254037844388,1.8,9.0
2026-07-15 15:20:00,320.0,9.0,1.6,1015.0,15.2,15.4,1.6,1.8,1.7,9.0,9.0,9.0,1015.0,1014.7,1014.5,1.6,0.0,1.6666666666666667,0.11547005383792507,9.0,0.0,9.0,0.0,0.5,0.2999999999999545,-0.6427876096865396,0.7660444431189778,-0.7071067811865471,-0.7071067811865479,1.7,9.0
2026-07-15 15:50:00,320.0,9.0,1.7,1015.2,15.1,15.4,1.7,1.6,1.8,8.0,9.0,9.0,1015.2,1015.0,1014.7,1.7,0.0,1.6500000000000001,0.05773502691896243,8.666666666666666,0.5773502691896255,8.833333333333334,0.4082482904638632,0.5,0.20000000000004547,-0.6427876096865396,0.7660444431189778,-0.7071067811865471,-0.7071067811865479,1.6,9.0
2026-07-15 16:20:00,320.0,9.0,1.6,1015.4,15.1,15.4,1.6,1.7,1.6,9.0,9.0,9.0,1015.2,1015.2,1015.0,1.6,0.0,1.6500000000000001,0.05773502691896243,9.0,0.0,8.833333333333334,0.4082482904638632,0.39999999999997726,0.1999999999999318,-0.6427876096865396,0.7660444431189778,-0.8660254037844385,-0.5000000000000004,1.6,9.0
2026-07-15 17:20:00,330.0,9.0,1.7,1015.4,15.0,15.4,1.7,1.6,1.6,8.0,9.0,9.0,1015.4,1015.5,1015.4,1.7,0.0,1.6666666666666667,0.05773502691896261,8.333333333333334,0.5773502691896255,8.666666666666666,0.5163977794943228,0.0,-0.10000000000002274,-0.5000000000000004,0.8660254037844384,-0.9659258262890683,-0.25881904510252063,1.6,9.0
2026-07-15 18:20:00,320.0,9.0,1.7,1015.4,15.0,,1.7,1.6,1.7,9.0,9.0,9.0,1015.3,1015.3,1015.4,1.7,0.0,1.6666666666666667,0.05773502691896253,9.0,0.0,9.0,0.0,0.0,0.10000000000002274,-0.6427876096865396,0.7660444431189778,-1.0,-1.8369701987210297e-16,1.6,9.0
2026-07-15 19:20:00,320.0,10.0,1.6,1015.2,15.1,15.4,1.6,1.6,1.7,10.0,9.0,9.0,1015.1,1015.2,1015.4,1.6,0.0,1.6,0.0,10.0,0.0,9.5,0.5477225575051671,-0.1999999999999318,0.0,-0.6427876096865396,0.7660444431189778,-0.9659258262890684,0.2588190451025203,1.6,10.0
2026-07-15 21:20:00,320.0,10.0,1.8,1014.6,15.3,15.4,1.8,1.8,1.7,11.0,11.0,11.0,1014.6,1014.7,1014.9,1.8,0.0,1.8,0.0,10.333333333333334,0.5773502691896255,10.333333333333334,0.5163977794943221,-0.2999999999999545,-0.10000000000002274,-0.6427876096865396,0.7660444431189778,-0.7071067811865477,0.7071067811865474,1.8,11.0
2026-07-15 22:20:00,320.0,11.0,1.9,1013.8,15.3,15.4,1.9,1.8,1.8,12.0,11.0,10.0,1014.0,1014.3,1014.6,1.9,0.0,1.8666666666666665,0.05773502691896261,11.333333333333334,0.5773502691896255,10.833333333333334,0.7527726527090814,-0.8000000000000682,-0.5,-0.6427876096865396,0.7660444431189778,-0.5000000000000004,0.8660254037844384,1.8,12.0
2026-07-15 23:50:00,320.0,12.0,1.8,1013.4,15.4,15.5,1.8,1.8,1.8,13.0,13.0,12.0,1013.6,1013.8,1013.7,1.8,0.0,1.8,0.0,12.333333333333334,0.5773502691896255,12.5,0.5477225575051745,-0.3000000000000682,-0.39999999999997726,-0.6427876096865396,0.7660444431189778,-0.25881904510252157,0.9659258262890681,1.9,12.0
2026-07-16 00:20:00,320.0,12.0,1.9,1013.3,15.4,15.4,1.9,1.8,1.8,12.0,12.0,13.0,1013.3,1013.4,1013.8,1.9,0.0,1.8499999999999999,0.05773502691896256,12.333333333333334,0.5773502691896255,12.333333333333334,0.5163977794943306,-0.5,-0.10000000000002274,-0.6427876096865396,0.7660444431189778,0.0,1.0,1.9,12.0
2026-07-16 00:50:00,330.0,12.0,1.9,1013.3,15.3,15.3,1.9,1.9,1.8,11.0,12.0,12.0,1013.3,1013.3,1013.4,1.9,0.0,1.9,0.0,11.666666666666666,0.5773502691896255,12.0,0.6324555320336823,-0.10000000000002274,0.0,-0.5000000000000004,0.8660254037844384,0.0,1.0,1.9,11.0
2026-07-16 01:20:00,330.0,11.0,1.9,1013.3,15.4,15.2,1.9,1.9,1.9,11.0,12.0,12.0,1013.3,1013.3,1013.3,1.9,0.0,1.9,0.0,11.333333333333334,0.5773502691896255,11.5,0.5477225575051745,0.0,0.0,-0.5000000000000004,0.8660254037844384,0.25881904510252074,0.9659258262890683,1.8,11.0
2026-07-16 02:20:00,330.0,11.0,1.7,1013.0,15.5,15.1,1.7,1.8,1.9,11.0,11.0,11.0,1013.0,1013.1,1013.3,1.7,0.0,1.7333333333333334,0.05773502691896285,11.0,0.0,11.0,0.0,-0.2999999999999545,-0.10000000000002274,-0.5000000000000004,0.8660254037844384,0.49999999999999994,0.8660254037844387,1.9,11.0
2026-07-16 02:50:00,330.0,11.0,1.9,1012.8,15.4,15.0,1.9,1.7,1.8,11.0,11.0,11.0,1012.9,1013.0,1013.1,1.9,0.0,1.8,0.11547005383792522,11.333333333333334,0.5773502691896255,11.166666666666666,0.4082482904638632,-0.3000000000000682,-0.20000000000004547,-0.5000000000000004,0.8660254037844384,0.49999999999999994,0.8660254037844387,2.0,10.0
2026-07-16 03:20:00,330.0,10.0,2.0,1013.0,15.2,14.9,2.0,1.9,1.7,10.0,11.0,11.0,1013.0,1012.8,1013.0,2.0,0.0,1.95,0.057735026918963345,10.333333333333334,0.5773502691896255,10.833333333333334,0.7527726527090811,0.0,0.20000000000004547,-0.5000000000000004,0.8660254037844384,0.7071067811865476,0.7071067811865476,1.9,11.0
2026-07-16 05:20:00,320.0,10.0,2.0,1014.0,15.0,14.2,2.0,1.8,1.9,10.0,10.0,10.0,1013.8,1013.6,1013.3,2.0,0.0,1.9333333333333333,0.11547005383792498,10.0,0.0,9.833333333333334,0.40824829046386735,0.7000000000000455,0.39999999999997726,-0.6427876096865396,0.7660444431189778,0.9659258262890683,0.25881904510252074,1.8,9.0
2026-07-16 06:50:00,320.0,10.0,2.0,1013.7,15.0,13.8,2.0,2.0,1.8,9.0,9.0,9.0,1013.7,1013.9,1014.0,2.0,0.0,2.0,0.0,9.666666666666666,0.5773502691896255,9.5,0.5477225575051671,-0.2999999999999545,-0.1999999999999318,-0.6427876096865396,0.7660444431189778,1.0,6.123233995736766e-17,1.9,10.0
2026-07-16 07:50:00,320.0,10.0,2.0,1013.5,14.9,,2.0,1.9,2.0,10.0,10.0,10.0,1013.5,1013.8,1013.7,2.0,0.0,1.9500000000000002,0.05773502691896274,10.0,0.0,10.0,0.0,-0.20000000000004547,-0.2999999999999545,-0.6427876096865396,0.7660444431189778,0.9659258262890683,-0.25881904510252063,1.9,10.0
2026-07-16 08:50:00,320.0,10.0,1.9,1013.3,14.8,13.4,1.9,1.9,2.0,10.0,10.0,10.0,1013.5,1013.4,1013.5,1.9,0.0,1.9,0.0,10.0,0.0,10.0,0.0,-0.20000000000004547,-0.10000000000002274,-0.6427876096865396,0.7660444431189778,0.8660254037844387,-0.4999999999999998,1.8,11.0
2026-07-16 09:20:00,320.0,11.0,1.8,1013.3,14.7,13.3,1.8,1.9,1.9,11.0,10.0,10.0,1013.3,1013.3,1013.4,1.8,0.0,1.85,0.05773502691896256,10.666666666666666,0.5773502691896255,10.333333333333334,0.5163977794943228,-0.10000000000002274,0.0,-0.6427876096865396,0.7660444431189778,0.7071067811865476,-0.7071067811865475,1.9,9.0
2026-07-16 09:50:00,330.0,9.0,1.9,1013.8,14.7,13.3,1.9,1.8,1.9,10.0,11.0,10.0,1013.7,1013.3,1013.3,1.9,0.0,1.85,0.05773502691896256,10.0,0.9999999999999998,10.333333333333334,0.8164965809277264,0.5,0.5,-0.5000000000000004,0.8660254037844384,0.7071067811865476,-0.7071067811865475,2.0,9.0
2026-07-16 10:20:00,320.0,9.0,2.0,1013.6,14.6,13.2,2.0,1.9,1.8,10.0,9.0,11.0,1013.7,1013.8,1013.3,2.0,0.0,1.9500000000000002,0.05773502691896279,9.333333333333334,0.5773502691896255,9.666666666666666,0.8164965809277264,0.3000000000000682,-0.1999999999999318,-0.6427876096865396,0.7660444431189778,0.49999999999999994,-0.8660254037844387,1.8,10.0
2026-07-16 11:20:00,320.0,9.0,2.0,1013.3,14.5,13.0,2.0,1.8,2.0,10.0,10.0,9.0,1013.3,1013.4,1013.6,2.0,0.0,1.9333333333333336,0.11547005383792512,9.666666666666666,0.5773502691896255,9.666666666666666,0.5163977794943228,-0.3000000000000682,-0.10000000000002274,-0.6427876096865396,0.7660444431189778,0.258819045102521,-0.9659258262890682,1.9,9.0
2026-07-16 13:20:00,330.0,8.0,1.9,1013.8,14.4,13.0,1.9,2.0,2.1,8.0,8.0,8.0,1013.8,1013.8,1013.8,1.9,0.0,1.9333333333333336,0.05773502691896199,8.0,0.0,8.0,0.0,0.0,0.0,-0.5000000000000004,0.8660254037844384,-0.2588190451025208,-0.9659258262890683,2.1,8.0
2026-07-16 13:50:00,330.0,8.0,2.1,1013.9,14.4,13.0,2.1,1.9,2.0,8.0,8.0,8.0,1013.9,1013.8,1013.8,2.1,0.0,2.0,0.11547005383792511,8.0,0.0,8.0,0.0,0.10000000000002274,0.10000000000002274,-0.5000000000000004,0.8660254037844384,-0.2588190451025208,-0.9659258262890683,1.9,9.0
2026-07-16 14:20:00,330.0,9.0,1.9,1013.6,14.4,13.2,1.9,2.1,1.9,8.0,8.0,8.0,1013.6,1013.9,1013.8,1.9,0.0,2.0,0.11547005383792511,8.333333333333334,0.5773502691896255,8.166666666666666,0.4082482904638632,-0.1999999999999318,-0.2999999999999545,-0.5000000000000004,0.8660254037844384,-0.4999999999999997,-0.8660254037844388,2.0,8.0
2026-07-16 15:20:00,330.0,8.0,2.0,1014.1,14.5,13.3,2.0,2.0,1.9,8.0,8.0,9.0,1014.0,1013.9,1013.6,2.0,0.0,2.0,0.0,8.0,0.0,8.333333333333334,0.5163977794943228,0.5,0.20000000000004547,-0.5000000000000004,0.8660254037844384,-0.7071067811865471,-0.7071067811865479,2.0,8.0
2026-07-16 15:50:00,340.0,8.0,2.0,1014.4,14.6,13.3,2.0,2.0,2.0,8.0,8.0,8.0,1014.3,1014.1,1013.9,2.0,0.0,2.0,0.0,8.0,0.0,8.0,0.0,0.5,0.2999999999999545,-0.3420201433256686,0.9396926207859084,-0.7071067811865471,-0.7071067811865479,1.9,8.0
2026-07-16 16:20:00,330.0,8.0,1.9,1014.3,14.5,13.3,1.9,2.0,2.0,8.0,8.0,8.0,1014.3,1014.4,1014.1,1.9,0.0,1.9500000000000002,0.05773502691896274,8.0,0.0,8.0,0.0,0.1999999999999318,-0.10000000000002274,-0.5000000000000004,0.8660254037844384,-0.8660254037844385,-0.5000000000000004,1.9,9.0
2026-07-16 17:20:00,330.0,9.0,1.9,1014.2,14.5,13.3,1.9,1.9,1.9,9.0,9.0,8.0,1014.2,1014.2,1014.3,1.9,0.0,1.9,0.0,9.0,0.0,9.0,0.0,-0.09999999999990905,0.0,-0.5000000000000004,0.8660254037844384,-0.9659258262890683,-0.25881904510252063,2.0,10.0
2026-07-16 20:20:00,330.0,11.0,2.0,1014.2,14.6,13.0,2.0,1.9,2.1,11.0,10.0,11.0,1014.2,1014.1,1014.1,2.0,0.0,1.9666666666666668,0.05773502691896218,10.666666666666666,0.5773502691896255,10.666666666666666,0.5163977794943291,0.10000000000002274,0.10000000000002274,-0.5000000000000004,0.8660254037844384,-0.8660254037844386,0.5000000000000001,2.0,11.0
2026-07-16 22:20:00,330.0,11.0,2.1,1013.5,14.5,13.0,2.1,2.1,2.0,11.0,11.0,11.0,1013.6,1013.9,1013.9,2.1,0.0,2.1,0.0,11.0,0.0,11.0,0.0,-0.39999999999997726,-0.39999999999997726,-0.5000000000000004,0.8660254037844384,-0.5000000000000004,0.8660254037844384,2.0,11.0
2026-07-16 23:20:00,330.0,12.0,2.0,1013.2,14.5,13.0,2.0,2.0,2.1,11.0,11.0,11.0,1013.3,1013.3,1013.5,2.0,0.0,2.0,0.0,11.333333333333334,0.5773502691896255,11.166666666666666,0.4082482904638632,-0.2999999999999545,-0.09999999999990905,-0.5000000000000004,0.8660254037844384,-0.25881904510252157,0.9659258262890681,2.0,11.0
2026-07-17 00:20:00,330.0,12.0,2.0,1012.7,14.5,12.9,2.0,2.0,2.0,12.0,11.0,12.0,1012.7,1012.9,1013.2,2.0,0.0,2.0,0.0,12.0,0.0,11.666666666666666,0.516397779494324,-0.5,-0.1999999999999318,-0.5000000000000004,0.8660254037844384,0.0,1.0,2.1,12.0
2026-07-17 01:20:00,330.0,12.0,2.2,1011.9,14.4,12.9,2.2,2.1,2.0,12.0,12.0,12.0,1012.0,1012.2,1012.7,2.2,0.0,2.1666666666666674,0.05773502691896269,12.0,0.0,11.833333333333334,0.40824829046386646,-0.8000000000000682,-0.3000000000000682,-0.5000000000000004,0.8660254037844384,0.25881904510252074,0.9659258262890683,2.0,11.0
2026-07-17 02:20:00,330.0,11.0,2.1,1011.9,14.3,12.7,2.1,2.0,2.2,10.0,11.0,12.0,1011.9,1011.9,1011.9,2.1,0.0,2.066666666666667,0.0577350269189619,10.666666666666666,0.5773502691896255,10.833333333333334,0.4082482904638683,0.0,0.0,-0.5000000000000004,0.8660254037844384,0.49999999999999994,0.8660254037844387,2.2,11.0
2026-07-17 02:50:00,330.0,11.0,2.2,1011.9,14.3,12.7,2.2,2.1,2.0,11.0,11.0,11.0,1011.8,1011.9,1011.9,2.2,0.0,2.1500000000000004,0.057735026918962956,11.0,0.0,10.833333333333334,0.4082482904638683,0.0,0.0,-0.5000000000000004,0.8660254037844384,0.49999999999999994,0.8660254037844387,2.0,11.0
2026-07-17 04:20:00,330.0,11.0,2.0,1012.2,14.1,12.7,2.0,1.8,2.0,11.0,11.0,11.0,1012.2,1012.1,1011.9,2.0,0.0,1.9333333333333336,0.1154700538379251,10.666666666666666,0.5773502691896255,10.833333333333334,0.4082482904638632,0.3000000000000682,0.10000000000002274,-0.5000000000000004,0.8660254037844384,0.8660254037844386,0.5000000000000001,1.9,11.0
2026-07-17 05:20:00,330.0,10.0,2.1,1012.9,14.0,12.7,2.1,1.9,2.0,10.0,11.0,11.0,1012.8,1012.5,1012.2,2.1,0.0,2.0333333333333337,0.11547005383792544,10.0,0.0,10.166666666666666,0.40824829046386646,0.6999999999999318,0.39999999999997726,-0.5000000000000004,0.8660254037844384,0.9659258262890683,0.25881904510252074,2.1,9.0
2026-07-17 07:20:00,330.0,9.0,2.1,1012.9,13.9,12.8,2.1,2.1,2.2,10.0,10.0,10.0,1013.0,1013.0,1012.9,2.1,0.0,2.1,0.0,9.333333333333334,0.5773502691896255,9.666666666666666,0.5163977794943228,0.0,-0.10000000000002274,-0.5000000000000004,0.8660254037844384,0.9659258262890683,-0.25881904510252063,2.1,
2026-07-17 09:20:00,330.0,8.0,2.1,1012.7,13.7,12.8,2.1,2.1,2.1,7.0,9.0,8.0,1012.8,1012.7,1012.9,2.1,0.0,2.1,0.0,7.666666666666667,0.5773502691896253,8.0,0.6324555320336782,-0.1999999999999318,0.0,-0.5000000000000004,0.8660254037844384,0.7071067811865476,-0.7071067811865475,2.0,8.0
2026-07-17 09:50:00,340.0,8.0,2.0,1012.8,13.7,12.7,2.0,2.1,2.1,7.0,8.0,9.0,1012.8,1012.7,1012.7,2.0,0.0,2.0500000000000003,0.05773502691896274,7.333333333333333,0.5773502691896258,7.5,0.5477225575051679,0.09999999999990905,0.09999999999990905,-0.3420201433256686,0.9396926207859084,0.7071067811865476,-0.7071067811865475,2.1,8.0
2026-07-17 10:20:00,330.0,8.0,2.1,1012.8,13.7,12.9,2.1,2.0,2.1,8.0,8.0,8.0,1012.8,1012.8,1012.7,2.1,0.0,2.0500000000000003,0.05773502691896274,7.666666666666667,0.5773502691896258,7.5,0.5477225575051679,0.09999999999990905,0.0,-0.5000000000000004,0.8660254037844384,0.49999999999999994,-0.8660254037844387,2.1,7.0
2026-07-17 10:50:00,330.0,7.0,2.1,1013.2,13.7,12.9,2.1,2.1,2.0,8.0,8.0,8.0,1013.0,1012.8,1012.8,2.1,0.0,2.1,0.0,7.666666666666667,0.5773502691896258,7.666666666666667,0.5163977794943242,0.40000000000009095,0.40000000000009095,-0.5000000000000004,0.8660254037844384,0.49999999999999994,-0.8660254037844387,2.3,7.0
2026-07-17 11:20:00,330.0,7.0,2.3,1013.1,13.6,13.0,2.3,2.1,2.1,8.0,7.0,8.0,1013.1,1013.2,1012.8,2.3,0.0,2.2,0.11547005383792512,7.333333333333333,0.5773502691896258,7.5,0.5477225575051679,0.3000000000000682,-0.10000000000002274,-0.5000000000000004,0.8660254037844384,0.258819045102521,-0.9659258262890682,2.2,7.0
2026-07-17 13:20:00,330.0,9.0,2.3,1013.5,13.1,13.0,2.3,2.4,2.0,9.0,9.0,8.0,1013.3,1013.3,1013.1,2.3,0.0,2.3333333333333335,0.057735026918961804,9.0,0.0,8.833333333333334,0.40824829046386907,0.39999999999997726,0.20000000000004547,-0.5000000000000004,0.8660254037844384,-0.2588190451025208,-0.9659258262890683,2.3,9.0
2026-07-17 13:50:00,320.0,9.0,2.3,1013.6,13.1,13.0,2.3,2.3,2.4,9.0,9.0,9.0,1013.6,1013.5,1013.3,2.3,0.0,2.3,0.0,9.0,0.0,9.0,0.0,0.3000000000000682,0.10000000000002274,-0.6427876096865396,0.7660444431189778,-0.2588190451025208,-0.9659258262890683,2.3,9.0
2026-07-17 14:20:00,330.0,9.0,2.3,1014.1,13.4,13.0,2.3,2.3,2.3,10.0,9.0,9.0,1013.8,1013.6,1013.5,2.3,0.0,2.3,0.0,10.0,1.0000000000000004,9.5,0.8366600265340753,0.6000000000000227,0.5,-0.5000000000000004,0.8660254037844384,-0.4999999999999997,-0.8660254037844388,2.4,9.0
2026-07-17 14:50:00,320.0,9.0,2.4,1014.2,13.3,13.0,2.4,2.3,2.3,9.0,9.0,9.0,1014.2,1014.1,1013.6,2.4,0.0,2.35,0.05773502691896274,9.0,0.0,9.5,0.8366600265340753,0.6000000000000227,0.10000000000002274,-0.6427876096865396,0.7660444431189778,-0.4999999999999997,-0.8660254037844388,2.1,9.0
2026-07-17 15:20:00,330.0,9.0,2.1,1014.7,13.2,13.0,2.1,2.4,2.3,9.0,9.0,9.0,1014.7,1014.2,1014.1,2.1,0.0,2.25,0.1732050807568876,9.0,0.0,9.0,0.0,0.6000000000000227,0.5,-0.5000000000000004,0.8660254037844384,-0.7071067811865471,-0.7071067811865479,2.2,9.0
2026-07-17 16:20:00,330.0,8.0,2.2,1015.0,13.2,12.8,2.2,2.2,2.1,8.0,9.0,9.0,1014.9,1014.7,1014.7,2.2,0.0,2.2,0.0,8.333333333333334,0.5773502691896255,8.5,0.5477225575051671,0.2999999999999545,0.2999999999999545,-0.5000000000000004,0.8660254037844384,-0.8660254037844385,-0.5000000000000004,2.4,8.0
2026-07-17 17:20:00,320.0,8.0,2.1,1015.2,13.4,,2.1,2.4,2.2,9.0,8.0,8.0,1015.0,1014.8,1015.0,2.1,0.0,2.2,0.1732050807568877,8.333333333333334,0.5773502691896255,8.166666666666666,0.4082482904638632,0.20000000000004547,0.40000000000009095,-0.6427876096865396,0.7660444431189778,-0.9659258262890683,-0.25881904510252063,2.2,8.0
2026-07-17 18:20:00,320.0,8.0,2.0,1015.7,13.4,12.3,2.0,2.2,2.1,7.0,8.0,8.0,1015.8,1015.6,1015.2,2.0,0.0,2.066666666666667,0.1154700538379253,7.333333333333333,0.5773502691896258,7.666666666666667,0.5163977794943214,0.5,0.10000000000002274,-0.6427876096865396,0.7660444431189778,-1.0,-1.8369701987210297e-16,1.9,8.0
2026-07-17 19:20:00,320.0,7.0,1.9,1015.9,13.6,12.3,1.9,1.9,2.0,8.0,8.0,8.0,1016.0,1015.9,1015.7,1.9,0.0,1.9,0.0,7.666666666666667,0.5773502691896258,7.833333333333333,0.40824829046386296,0.1999999999999318,0.0,-0.6427876096865396,0.7660444431189778,-0.9659258262890684,0.2588190451025203,1.8,9.0
2026-07-17 20:20:00,320.0,9.0,2.0,1015.8,13.9,12.4,2.0,1.8,1.9,8.0,9.0,7.0,1015.8,1015.8,1015.9,2.0,0.0,1.9000000000000004,0.11547005383792518,8.333333333333334,0.5773502691896255,8.4,0.547722557505166,-0.10000000000002274,0.0,-0.6427876096865396,0.7660444431189778,-0.8660254037844386,0.5000000000000001,1.9,9.0
2026-07-17 20:50:00,320.0,9.0,1.9,1015.8,14.0,12.5,1.9,2.0,1.8,9.0,9.0,9.0,1015.8,1015.8,1015.8,1.9,0.0,1.9500000000000002,0.0577350269189629,9.0,0.0,8.666666666666666,0.5163977794943222,0.0,0.0,-0.6427876096865396,0.7660444431189778,-0.8660254037844386,0.5000000000000001,2.0,10.0
2026-07-17 21:20:00,320.0,10.0,2.0,1015.6,14.1,,2.0,1.9,2.0,10.0,9.0,9.0,1015.8,1015.8,1015.8,2.0,0.0,1.9500000000000002,0.0577350269189629,9.666666666666666,0.5773502691896255,9.333333333333334,0.5163977794943228,-0.1999999999999318,-0.1999999999999318,-0.6427876096865396,0.7660444431189778,-0.7071067811865477,0.7071067811865474,2.1,10.0
2026-07-17 22:20:00,320.0,9.0,2.0,1015.5,14.2,12.6,2.0,2.1,2.0,9.0,10.0,10.0,1015.4,1015.3,1015.6,2.0,0.0,2.0333333333333337,0.05773502691896269,9.666666666666666,1.1547005383792512,9.833333333333334,0.7527726527090811,-0.10000000000002274,0.20000000000004547,-0.6427876096865396,0.7660444431189778,-0.5000000000000004,0.8660254037844384,2.0,8.0
2026-07-18 00:20:00,320.0,9.0,2.1,1014.8,14.4,12.8,2.1,2.0,2.1,10.0,9.0,10.0,1014.9,1015.1,1015.2,2.1,0.0,2.066666666666667,0.05773502691896263,9.666666666666666,0.5773502691896255,9.333333333333334,0.5163977794943254,-0.40000000000009095,-0.3000000000000682,-0.6427876096865396,0.7660444431189778,0.0,1.0,2.1,10.0
2026-07-18 01:20:00,320.0,9.0,2.1,1014.6,14.4,12.9,2.1,2.1,2.1,9.0,10.0,9.0,1014.6,1014.6,1014.8,2.1,0.0,2.1,0.0,9.0,0.0,9.333333333333334,0.5163977794943254,-0.1999999999999318,0.0,-0.6427876096865396,0.7660444431189778,0.25881904510252074,0.9659258262890683,2.0,9.0
2026-07-18 03:50:00,320.0,10.0,2.1,1015.5,14.3,,2.1,2.2,2.0,10.0,9.0,10.0,1015.4,1015.2,1014.9,2.1,0.0,2.1333333333333337,0.05773502691896263,10.333333333333334,0.5773502691896266,9.666666666666666,0.8164965809277264,0.6000000000000227,0.2999999999999545,-0.6427876096865396,0.7660444431189778,0.7071067811865476,0.7071067811865476,1.9,9.0
2026-07-18 04:20:00,320.0,9.0,1.9,1015.6,14.2,12.8,1.9,2.1,2.2,9.0,10.0,9.0,1015.5,1015.5,1015.2,1.9,0.0,2.0,0.1154700538379255,9.0,0.0,9.666666666666666,0.8164965809277264,0.39999999999997726,0.10000000000002274,-0.6427876096865396,0.7660444431189778,0.8660254037844386,0.5000000000000001,2.0,8.0
2026-07-18 04:50:00,330.0,8.0,2.0,1016.1,14.1,12.8,2.0,1.9,2.1,8.0,9.0,10.0,1015.9,1015.6,1015.5,2.0,0.0,1.9500000000000002,0.05773502691896305,8.333333333333334,0.5773502691896255,8.666666666666666,0.5163977794943221,0.6000000000000227,0.5,-0.5000000000000004,0.8660254037844384,0.8660254037844386,0.5000000000000001,1.9,9.0
2026-07-18 06:20:00,330.0,7.0,1.8,1016.3,14.1,12.8,1.8,1.9,1.9,8.0,8.0,9.0,1016.3,1016.4,1016.3,1.8,0.0,1.8333333333333337,0.05773502691896261,7.666666666666667,0.5773502691896258,7.833333333333333,0.40824829046386296,0.0,-0.10000000000002274,-0.5000000000000004,0.8660254037844384,1.0,6.123233995736766e-17,1.9,8.0
2026-07-18 06:50:00,320.0,8.0,1.9,1016.2,14.1,12.8,1.9,1.8,1.9,8.0,7.0,8.0,1016.2,1016.3,1016.4,1.9,0.0,1.85,0.05773502691896253,7.666666666666667,0.5773502691896258,7.666666666666667,0.5163977794943221,-0.1999999999999318,-0.09999999999990905,-0.6427876096865396,0.7660444431189778,1.0,6.123233995736766e-17,1.7,8.0
2026-07-18 09:20:00,320.0,6.0,1.6,1016.4,13.9,12.8,1.6,1.6,1.7,6.0,6.0,7.0,1016.4,1016.3,1016.3,1.6,0.0,1.6,0.0,6.0,0.0,6.166666666666667,0.4082482904638632,0.10000000000002274,0.10000000000002274,-0.6427876096865396,0.7660444431189778,0.7071067811865476,-0.7071067811865475,1.5,4.0
2026-07-18 10:20:00,310.0,4.0,1.5,1016.6,13.9,12.9,1.5,1.5,1.6,5.0,4.0,6.0,1016.6,1016.6,1016.4,1.5,0.0,1.5,0.0,4.333333333333333,0.5773502691896258,4.5,0.5477225575051642,0.20000000000004547,0.0,-0.7660444431189781,0.6427876096865393,0.49999999999999994,-0.8660254037844387,1.7,4.0
2026-07-18 11:20:00,330.0,5.0,1.5,1016.8,13.9,,1.5,1.7,1.5,4.0,4.0,4.0,1016.8,1016.6,1016.6,1.5,0.0,1.566666666666667,0.11547005383792512,4.333333333333333,0.5773502691896258,4.166666666666667,0.40824829046386296,0.1999999999999318,0.1999999999999318,-0.5000000000000004,0.8660254037844384,0.258819045102521,-0.9659258262890682,1.5,4.0
2026-07-18 12:20:00,320.0,4.0,1.4,1017.1,13.9,12.9,1.4,1.5,1.5,4.0,4.0,5.0,1017.0,1017.0,1016.8,1.4,0.0,1.4333333333333336,0.057735026918962484,4.0,0.0,4.166666666666667,0.4082482904638632,0.3000000000000682,0.10000000000002274,-0.6427876096865396,0.7660444431189778,1.2246467991473532e-16,-1.0,1.5,4.0
2026-07-18 13:20:00,320.0,3.0,1.5,1017.3,13.8,12.9,1.5,1.5,1.4,3.0,4.0,4.0,1017.3,1017.1,1017.1,1.5,0.0,1.5,0.0,3.3333333333333335,0.5773502691896257,3.6666666666666665,0.5163977794943223,0.1999999999999318,0.1999999999999318,-0.6427876096865396,0.7660444431189778,-0.2588190451025208,-0.9659258262890683,1.5,3.0
2026-07-18 14:20:00,330.0,4.0,1.4,1017.7,14.0,12.9,1.4,1.5,1.5,4.0,3.0,3.0,1017.7,1017.7,1017.3,1.4,0.0,1.4333333333333336,0.057735026918962484,3.6666666666666665,0.5773502691896257,3.5,0.5477225575051664,0.40000000000009095,0.0,-0.5000000000000004,0.8660254037844384,-0.4999999999999997,-0.8660254037844388,1.3,3.0
2026-07-18 15:20:00,320.0,2.0,1.3,1018.2,13.8,12.9,1.3,1.3,1.4,3.0,3.0,4.0,1018.1,1017.9,1017.7,1.3,0.0,1.3,0.0,2.6666666666666665,0.5773502691896257,2.8333333333333335,0.408248290463863,0.5,0.3000000000000682,-0.6427876096865396,0.7660444431189778,-0.7071067811865471,-0.7071067811865479,1.4,2.0
2026-07-18 16:20:00,10.0,2.0,1.3,1018.5,13.4,13.0,1.3,1.4,1.3,1.0,2.0,2.0,1018.5,1018.3,1018.2,1.3,0.0,1.3333333333333337,0.05773502691896253,1.6666666666666667,0.5773502691896258,2.1666666666666665,0.7527726527090812,0.2999999999999545,0.20000000000004547,0.17364817766693033,0.984807753012208,-0.8660254037844385,-0.5000000000000004,1.2,2.0
2026-07-18 18:50:00,320.0,3.0,1.2,1018.4,14.0,13.0,1.2,1.3,1.3,2.0,1.0,1.0,1018.4,1018.4,1018.4,1.2,0.0,1.2333333333333336,0.057735026918962595,2.0,1.0,1.5,0.8366600265340755,0.0,0.0,-0.6427876096865396,0.7660444431189778,-1.0,-1.8369701987210297e-16,1.3,3.0
2026-07-18 19:50:00,320.0,3.0,1.4,1018.0,14.0,13.2,1.4,1.3,1.2,3.0,3.0,3.0,1018.1,1018.2,1018.4,1.4,0.0,1.366666666666667,0.057735026918962276,3.0,0.0,3.3333333333333335,0.5163977794943222,-0.39999999999997726,-0.20000000000004547,-0.6427876096865396,0.7660444431189778,-0.9659258262890684,0.2588190451025203,1.3,4.0
2026-07-18 20:20:00,310.0,4.0,1.3,1017.8,14.0,13.5,1.3,1.4,1.3,3.0,3.0,3.0,1017.9,1018.0,1018.2,1.3,0.0,1.3500000000000003,0.05773502691896238,3.3333333333333335,0.5773502691896257,3.1666666666666665,0.408248290463863,-0.40000000000009095,-0.20000000000004547,-0.7660444431189781,0.6427876096865393,-0.8660254037844386,0.5000000000000001,1.4,4.0
2026-07-18 21:20:00,310.0,4.0,1.3,1017.4,14.2,13.7,1.3,1.4,1.3,4.0,4.0,4.0,1017.5,1017.6,1017.8,1.3,0.0,1.3333333333333337,0.05773502691896253,4.0,0.0,4.0,0.0,-0.39999999999997726,-0.20000000000004547,-0.7660444431189781,0.6427876096865393,-0.7071067811865477,0.7071067811865474,1.2,4.0
2026-07-18 22:20:00,310.0,5.0,1.3,1017.2,14.3,13.6,1.3,1.2,1.3,5.0,4.0,4.0,1017.2,1017.3,1017.4,1.3,0.0,1.266666666666667,0.057735026918962595,4.666666666666667,0.5773502691896258,4.333333333333333,0.5163977794943221,-0.1999999999999318,-0.09999999999990905,-0.7660444431189781,0.6427876096865393,-0.5000000000000004,0.8660254037844384,1.3,6.0
2026-07-18 23:20:00,310.0,6.0,1.5,1016.7,14.2,13.5,1.5,1.3,1.3,6.0,6.0,5.0,1016.9,1016.9,1017.2,1.5,0.0,1.4333333333333336,0.11547005383792516,5.666666666666667,0.5773502691896258,5.666666666666667,0.5163977794943205,-0.5,-0.1999999999999318,-0.7660444431189781,0.6427876096865393,-0.25881904510252157,0.9659258262890681,1.3,6.0
2026-07-18 23:50:00,320.0,6.0,1.3,1016.4,14.1,13.8,1.3,1.5,1.3,7.0,6.0,6.0,1016.4,1016.7,1016.9,1.3,0.0,1.4000000000000004,0.11547005383792512,6.333333333333333,0.5773502691896258,6.0,0.632455532033675,-0.5,-0.3000000000000682,-0.6427876096865396,0.7660444431189778,-0.25881904510252157,0.9659258262890681,1.4,7.0
2026-07-19 00:20:00,310.0,7.0,1.4,1016.0,13.9,13.4,1.4,1.3,1.5,6.0,6.0,6.0,1016.2,1016.4,1016.7,1.4,0.0,1.3500000000000003,0.05773502691896231,6.666666666666667,0.5773502691896258,6.5,0.5477225575051656,-0.7000000000000455,-0.39999999999997726,-0.7660444431189781,0.6427876096865393,0.0,1.0,1.4,8.0
2026-07-19 00:50:00,320.0,8.0,1.4,1016.0,13.9,13.4,1.4,1.4,1.3,7.0,7.0,6.0,1016.0,1016.0,1016.4,1.4,0.0,1.4,0.0,7.333333333333333,0.5773502691896258,7.0,0.6324555320336761,-0.39999999999997726,0.0,-0.6427876096865396,0.7660444431189778,0.0,1.0,1.5,8.0
2026-07-19 01:20:00,310.0,8.0,1.5,1015.7,13.9,13.4,1.5,1.4,1.4,8.0,8.0,7.0,1015.7,1016.0,1016.0,1.5,0.0,1.4500000000000002,0.05773502691896274,8.0,0.0,7.666666666666667,0.5163977794943233,-0.2999999999999545,-0.2999999999999545,-0.7660444431189781,0.6427876096865393,0.25881904510252074,0.9659258262890683,1.3,7.0
2026-07-19 01:50:00,320.0,7.0,1.3,1015.6,14.0,13.4,1.3,1.5,1.4,7.0,8.0,8.0,1015.6,1015.7,1016.0,1.3,0.0,1.4000000000000001,0.1154700538379251,7.333333333333333,0.5773502691896258,7.666666666666667,0.5163977794943221,-0.39999999999997726,-0.10000000000002274,-0.6427876096865396,0.7660444431189778,0.25881904510252074,0.9659258262890683,1.4,8.0
2026-07-19 02:20:00,320.0,8.0,1.4,1015.7,14.0,13.5,1.4,1.3,1.5,9.0,7.0,8.0,1015.6,1015.6,1015.7,1.4,0.0,1.35,0.05773502691896225,8.333333333333334,0.5773502691896261,7.833333333333333,0.752772652709081,0.0,0.10000000000002274,-0.6427876096865396,0.7660444431189778,0.49999999999999994,0.8660254037844387,1.5,8.0
2026-07-19 03:20:00,320.0,8.0,1.5,1015.9,14.0,13.4,1.5,1.5,1.4,9.0,8.0,8.0,1015.7,1015.7,1015.7,1.5,0.0,1.5,0.0,8.333333333333334,0.5773502691896255,8.0,0.6324555320336759,0.1999999999999318,0.1999999999999318,-0.6427876096865396,0.7660444431189778,0.7071067811865476,0.7071067811865476,1.5,9.0
2026-07-19 04:20:00,330.0,8.0,1.5,1016.2,13.9,13.4,1.5,1.5,1.5,8.0,9.0,8.0,1016.1,1016.1,1015.9,1.5,0.0,1.5,0.0,8.0,0.0,8.0,0.6324555320336757,0.3000000000000682,0.10000000000002274,-0.5000000000000004,0.8660254037844384,0.8660254037844386,0.5000000000000001,1.4,8.0
2026-07-19 05:20:00,330.0,6.0,1.4,1016.8,14.0,13.3,1.4,1.4,1.5,8.0,8.0,8.0,1016.6,1016.6,1016.2,1.4,0.0,1.4,0.0,7.333333333333333,1.1547005383792515,7.333333333333333,0.8164965809277253,0.599999999999909,0.1999999999999318,-0.5000000000000004,0.8660254037844384,0.9659258262890683,0.25881904510252074,1.4,6.0
2026-07-19 06:20:00,330.0,7.0,1.5,1016.6,14.0,13.3,1.5,1.4,1.4,7.0,6.0,6.0,1016.5,1016.6,1016.8,1.5,0.0,1.4666666666666668,0.057735026918962484,6.666666666666667,0.5773502691896258,6.666666666666667,0.5163977794943198,-0.1999999999999318,0.0,-0.5000000000000004,0.8660254037844384,1.0,6.123233995736766e-17,1.4,7.0
2026-07-19 07:20:00,340.0,5.0,1.3,1016.4,13.7,13.2,1.3,1.4,1.5,5.0,7.0,7.0,1016.6,1016.6,1016.6,1.3,0.0,1.3333333333333337,0.05773502691896215,5.0,0.0,5.666666666666667,0.8164965809277236,-0.20000000000004547,-0.20000000000004547,-0.3420201433256686,0.9396926207859084,0.9659258262890683,-0.25881904510252063,1.3,6.0
2026-07-19 07:50:00,330.0,6.0,1.3,1016.5,13.7,13.2,1.3,1.3,1.4,5.0,5.0,7.0,1016.5,1016.4,1016.6,1.3,0.0,1.3,0.0,5.333333333333333,0.5773502691896258,5.166666666666667,0.40824829046386296,-0.10000000000002274,0.10000000000002274,-0.5000000000000004,0.8660254037844384,0.9659258262890683,-0.25881904510252063,1.4,6.0
2026-07-19 08:20:00,340.0,6.0,1.4,1016.3,13.7,13.2,1.4,1.3,1.3,6.0,6.0,5.0,1016.3,1016.5,1016.4,1.4,0.0,1.3500000000000003,0.05773502691896256,6.0,0.0,5.666666666666667,0.5163977794943221,-0.10000000000002274,-0.20000000000004547,-0.3420201433256686,0.9396926207859084,0.8660254037844387,-0.4999999999999998,1.5,5.0
2026-07-19 09:20:00,330.0,5.0,1.3,1016.2,13.5,13.1,1.3,1.5,1.4,6.0,5.0,6.0,1016.1,1016.3,1016.3,1.3,0.0,1.366666666666667,0.11547005383792529,5.333333333333333,0.5773502691896258,5.333333333333333,0.5163977794943221,-0.09999999999990905,-0.09999999999990905,-0.5000000000000004,0.8660254037844384,0.7071067811865476,-0.7071067811865475,1.5,4.0
2026-07-19 10:20:00,330.0,5.0,1.3,1015.9,13.4,13.2,1.3,1.5,1.3,5.0,4.0,5.0,1015.8,1015.9,1016.2,1.3,0.0,1.3666666666666671,0.11547005383792512,4.666666666666667,0.5773502691896258,4.5,0.5477225575051672,-0.3000000000000682,0.0,-0.5000000000000004,0.8660254037844384,0.49999999999999994,-0.8660254037844387,1.4,5.0
2026-07-19 11:20:00,340.0,3.0,1.3,1015.8,13.3,13.3,1.3,1.4,1.3,4.0,5.0,5.0,1015.9,1015.9,1015.9,1.3,0.0,1.3333333333333337,0.05773502691896253,4.0,1.0,4.666666666666667,1.0327955589886453,-0.10000000000002274,-0.10000000000002274,-0.3420201433256686,0.9396926207859084,0.258819045102521,-0.9659258262890682,1.3,4.0
2026-07-19 12:20:00,320.0,5.0,1.3,1016.1,13.4,13.5,1.3,1.3,1.3,4.0,4.0,3.0,1016.2,1015.7,1015.8,1.3,0.0,1.3,0.0,4.333333333333333,0.5773502691896258,4.166666666666667,0.40824829046386296,0.3000000000000682,0.39999999999997726,-0.6427876096865396,0.7660444431189778,1.2246467991473532e-16,-1.0,1.4,4.0
2026-07-19 13:20:00,340.0,5.0,1.3,1016.3,13.2,13.5,1.3,1.4,1.3,5.0,4.0,5.0,1016.3,1015.9,1016.1,1.3,0.0,1.35,0.05773502691896256,5.0,0.0,4.8,0.44721359549995765,0.1999999999999318,0.39999999999997726,-0.3420201433256686,0.9396926207859084,-0.2588190451025208,-0.9659258262890683,1.4,5.0
2026-07-19 13:50:00,340.0,5.0,1.4,1016.2,13.3,13.7,1.4,1.3,1.4,5.0,5.0,4.0,1016.5,1016.3,1015.9,1.4,0.0,1.35,0.05773502691896256,5.0,0.0,5.0,0.0,0.3000000000000682,-0.09999999999990905,-0.3420201433256686,0.9396926207859084,-0.2588190451025208,-0.9659258262890683,1.3,5.0
2026-07-19 15:20:00,340.0,5.0,1.4,1016.3,13.1,14.1,1.4,1.3,1.3,4.0,4.0,5.0,1015.9,1016.0,1016.1,1.4,0.0,1.3666666666666671,0.05773502691896261,4.333333333333333,0.5773502691896258,4.333333333333333,0.5163977794943221,0.1999999999999318,0.2999999999999545,-0.3420201433256686,0.9396926207859084,-0.7071067811865471,-0.7071067811865479,1.3,5.0
2026-07-19 16:20:00,350.0,4.0,1.3,1016.3,13.2,14.4,1.3,1.3,1.4,4.0,5.0,5.0,1016.3,1015.8,1016.3,1.3,0.0,1.3,0.0,4.0,0.0,4.166666666666667,0.4082482904638632,0.0,0.5,-0.1736481776669304,0.984807753012208,-0.8660254037844385,-0.5000000000000004,1.3,4.0
2026-07-19 17:20:00,340.0,4.0,1.4,1015.9,13.4,14.7,1.4,1.3,1.3,3.0,4.0,4.0,1016.2,1016.0,1016.3,1.4,0.0,1.3666666666666671,0.05773502691896261,3.3333333333333335,0.5773502691896257,3.6666666666666665,0.5163977794943223,-0.39999999999997726,-0.10000000000002274,-0.3420201433256686,0.9396926207859084,-0.9659258262890683,-0.25881904510252063,1.4,4.0
2026-07-19 18:20:00,330.0,4.0,1.5,1015.7,13.6,14.7,1.5,1.4,1.4,4.0,4.0,4.0,1015.6,1015.9,1015.9,1.5,0.0,1.4666666666666668,0.057735026918962484,4.333333333333333,0.5773502691896258,4.166666666666667,0.408248290463863,-0.1999999999999318,-0.1999999999999318,-0.5000000000000004,0.8660254037844384,-1.0,-1.8369701987210297e-16,1.4,
2026-07-19 19:20:00,320.0,4.0,1.5,1015.8,13.7,,1.5,1.4,1.5,4.0,,4.0,1015.6,1015.7,1015.7,1.5,0.0,1.4666666666666668,0.057735026918962595,4.0,0.0,4.2,0.4472135954999577,0.09999999999990905,0.09999999999990905,-0.6427876096865396,0.7660444431189778,-0.9659258262890684,0.2588190451025203,1.5,5.0
2026-07-19 20:20:00,320.0,5.0,1.5,1015.1,13.9,14.4,1.5,1.5,1.5,5.0,5.0,4.0,1015.2,1015.4,1015.8,1.5,0.0,1.5,0.0,5.0,0.0,4.833333333333333,0.40824829046386324,-0.6999999999999318,-0.2999999999999545,-0.6427876096865396,0.7660444431189778,-0.8660254037844386,0.5000000000000001,1.5,
2026-07-19 21:20:00,310.0,6.0,1.5,1014.8,14.1,13.9,1.5,1.5,1.5,5.0,,5.0,1015.1,1014.9,1015.1,1.5,0.0,1.5,0.0,5.333333333333333,0.5773502691896258,4.8,0.8366600265340753,-0.3000000000000682,-0.10000000000002274,-0.7660444431189781,0.6427876096865393,-0.7071067811865477,0.7071067811865474,1.6,4.0
2026-07-19 22:50:00,320.0,5.0,1.5,1013.6,14.1,13.8,1.5,1.5,1.6,5.0,5.0,4.0,1013.9,1014.3,1014.7,1.5,0.0,1.5,0.0,5.0,0.0,4.666666666666667,0.5163977794943218,-1.1000000000000227,-0.6999999999999318,-0.6427876096865396,0.7660444431189778,-0.5000000000000004,0.8660254037844384,1.5,5.0
2026-07-19 23:20:00,300.0,5.0,1.5,1014.1,14.1,13.8,1.5,1.5,1.5,5.0,5.0,5.0,1013.8,1013.6,1014.3,1.5,0.0,1.5,0.0,5.0,0.0,5.0,0.0,-0.1999999999999318,0.5,-0.8660254037844386,0.5000000000000001,-0.25881904510252157,0.9659258262890681,1.6,4.0
2026-07-20 00:20:00,300.0,4.0,1.5,1013.8,14.3,14.2,1.5,1.6,1.5,5.0,4.0,5.0,1013.8,1013.7,1014.1,1.5,0.0,1.5333333333333339,0.057735026918962595,4.666666666666667,0.5773502691896258,4.666666666666667,0.5163977794943221,-0.3000000000000682,0.09999999999990905,-0.8660254037844386,0.5000000000000001,0.0,1.0,1.6,3.0
2026-07-20 00:50:00,310.0,3.0,1.6,1013.8,14.2,14.2,1.6,1.5,1.6,4.0,4.0,4.0,1013.7,1013.8,1013.7,1.6,0.0,1.5500000000000003,0.057735026918962595,3.6666666666666665,0.5773502691896257,4.166666666666667,0.752772652709081,0.09999999999990905,0.0,-0.7660444431189781,0.6427876096865393,0.0,1.0,1.5,3.0
2026-07-20 01:20:00,300.0,3.0,1.5,1013.6,14.3,14.4,1.5,1.6,1.5,3.0,3.0,4.0,1013.7,1013.8,1013.8,1.5,0.0,1.5500000000000003,0.057735026918962595,3.0,0.0,3.3333333333333335,0.5163977794943223,-0.1999999999999318,-0.1999999999999318,-0.8660254037844386,0.5000000000000001,0.25881904510252074,0.9659258262890683,1.6,3.0
2026-07-20 02:20:00,300.0,3.0,1.5,1013.5,14.2,14.3,1.5,1.6,1.5,3.0,3.0,3.0,1013.4,1013.5,1013.6,1.5,0.0,1.5333333333333339,0.057735026918962595,3.0,0.0,3.0,0.0,-0.10000000000002274,0.0,-0.8660254037844386,0.5000000000000001,0.49999999999999994,0.8660254037844387,1.5,3.0
2026-07-20 02:50:00,300.0,3.0,1.5,1013.7,14.3,14.7,1.5,1.5,1.6,3.0,3.0,3.0,1013.6,1013.5,1013.5,1.5,0.0,1.5,0.0,3.0,0.0,3.0,0.0,0.20000000000004547,0.20000000000004547,-0.8660254037844386,0.5000000000000001,0.49999999999999994,0.8660254037844387,1.6,4.0
2026-07-20 03:20:00,290.0,4.0,1.6,1013.8,14.3,14.9,1.6,1.5,1.5,3.0,3.0,3.0,1013.7,1013.7,1013.5,1.6,0.0,1.5500000000000003,0.05773502691896274,3.3333333333333335,0.5773502691896257,3.1666666666666665,0.408248290463863,0.2999999999999545,0.09999999999990905,-0.9396926207859083,0.342020143325669,0.7071067811865476,0.7071067811865476,1.6,4.0
2026-07-20 04:20:00,280.0,3.0,1.5,1014.4,14.2,15.1,1.5,1.6,1.6,3.0,4.0,4.0,1014.2,1014.0,1013.8,1.5,0.0,1.5333333333333339,0.057735026918962484,3.0,0.0,3.5,0.5477225575051664,0.6000000000000227,0.39999999999997726,-0.9848077530122081,0.17364817766692997,0.8660254037844386,0.5000000000000001,1.6,2.0
2026-07-20 06:20:00,310.0,2.0,1.5,1014.4,14.1,13.6,1.5,1.6,1.5,2.0,3.0,3.0,1014.5,1014.5,1014.7,1.5,0.0,1.5333333333333339,0.057735026918962644,2.0,0.0,2.5,0.5477225575051664,-0.3000000000000682,-0.10000000000002274,-0.7660444431189781,0.6427876096865393,1.0,6.123233995736766e-17,1.7,2.0
2026-07-20 06:50:00,260.0,2.0,1.7,1014.8,14.0,13.5,1.7,1.5,1.6,2.0,2.0,3.0,1014.8,1014.4,1014.5,1.7,0.0,1.6000000000000003,0.11547005383792504,2.0,0.0,2.0,0.0,0.2999999999999545,0.39999999999997726,-0.984807753012208,-0.17364817766693033,1.0,6.123233995736766e-17,1.6,2.0
2026-07-20 07:20:00,270.0,2.0,1.6,1015.5,14.1,13.1,1.6,1.7,1.5,2.0,2.0,2.0,1015.0,1014.8,1014.4,1.6,0.0,1.6500000000000001,0.05773502691896215,2.0,0.0,2.0,0.0,1.1000000000000227,0.7000000000000455,-1.0,-1.8369701987210297e-16,0.9659258262890683,-0.25881904510252063,1.6,1.0
2026-07-20 08:20:00,330.0,1.0,1.5,1014.0,13.9,14.6,1.5,1.6,1.6,1.0,1.0,2.0,1014.3,1014.1,1015.5,1.5,0.0,1.5333333333333339,0.057735026918962484,1.0,0.0,1.1666666666666667,0.40824829046386285,-1.5,-0.10000000000002274,-0.5000000000000004,0.8660254037844384,0.8660254037844387,-0.4999999999999998,1.6,2.0
2026-07-20 09:20:00,20.0,1.0,1.7,1013.4,14.0,14.5,1.7,1.6,1.5,2.0,2.0,1.0,1013.7,1013.4,1014.0,1.7,0.0,1.666666666666667,0.05773502691896215,1.6666666666666667,0.5773502691896258,1.6666666666666667,0.5163977794943222,-0.6000000000000227,0.0,0.3420201433256687,0.9396926207859084,0.7071067811865476,-0.7071067811865475,1.3,1.0
2026-07-20 10:20:00,,0.0,1.5,1013.7,13.8,14.2,1.5,1.3,1.7,1.0,1.0,1.0,1013.5,1013.5,1013.4,1.5,0.0,1.4333333333333336,0.11547005383792508,0.6666666666666666,0.5773502691896258,0.8333333333333334,0.408248290463863,0.3000000000000682,0.20000000000004547,,,0.49999999999999994,-0.8660254037844387,1.4,2.0
2026-07-20 10:50:00,280.0,2.0,1.4,1013.6,13.9,14.0,1.4,1.5,1.3,2.0,0.0,1.0,1013.6,1013.7,1013.5,1.4,0.0,1.4500000000000002,0.057735026918962554,1.6666666666666667,0.5773502691896257,1.1666666666666667,0.752772652709081,0.10000000000002274,-0.10000000000002274,-0.9848077530122081,0.17364817766692997,0.49999999999999994,-0.8660254037844387,1.4,2.0
2026-07-20 11:20:00,260.0,2.0,1.4,1014.0,13.9,13.9,1.4,1.4,1.5,2.0,2.0,0.0,1013.9,1013.6,1013.7,1.4,0.0,1.4,0.0,2.0,0.0,1.8333333333333333,0.40824829046386285,0.2999999999999545,0.39999999999997726,-0.984807753012208,-0.17364817766693033,0.258819045102521,-0.9659258262890682,1.5,3.0
2026-07-20 12:20:00,290.0,2.0,1.4,1014.3,13.9,13.8,1.4,1.5,1.4,2.0,3.0,2.0,1014.3,1014.2,1014.0,1.4,0.0,1.4333333333333336,0.057735026918962595,2.3333333333333335,0.5773502691896257,2.5,0.5477225575051664,0.2999999999999545,0.09999999999990905,-0.9396926207859083,0.342020143325669,1.2246467991473532e-16,-1.0,1.5,2.0
2026-07-20 13:50:00,230.0,1.0,1.5,1014.6,13.8,13.9,1.5,1.4,1.5,1.0,1.0,2.0,1014.7,1014.3,1014.2,1.5,0.0,1.4666666666666668,0.057735026918962644,1.0,0.0,1.3333333333333333,0.5163977794943222,0.39999999999997726,0.3000000000000682,-0.7660444431189779,-0.6427876096865395,-0.2588190451025208,-0.9659258262890683,1.5,1.0
2026-07-20 14:20:00,50.0,1.0,1.5,1014.3,14.0,14.9,1.5,1.5,1.4,0.0,1.0,1.0,1014.4,1014.6,1014.3,1.5,0.0,1.5,0.0,0.3333333333333333,0.5773502691896258,0.6666666666666666,0.5163977794943222,0.0,-0.3000000000000682,0.766044443118978,0.6427876096865394,-0.4999999999999997,-0.8660254037844388,1.4,1.0
2026-07-20 14:50:00,280.0,1.0,1.4,1014.4,14.2,15.1,1.4,1.5,1.5,1.0,1.0,1.0,1014.5,1014.3,1014.6,1.4,0.0,1.4500000000000002,0.05773502691896274,1.0,0.0,0.6666666666666666,0.5163977794943222,-0.20000000000004547,0.10000000000002274,-0.9848077530122081,0.17364817766692997,-0.4999999999999997,-0.8660254037844388,1.4,1.0
2026-07-20 15:20:00,10.0,1.0,1.4,1014.4,14.1,15.1,1.4,1.4,1.5,2.0,1.0,1.0,1014.6,1014.4,1014.3,1.4,0.0,1.4,0.0,1.6666666666666667,0.5773502691896258,1.3333333333333333,0.5163977794943222,0.10000000000002274,0.0,0.17364817766693033,0.984807753012208,-0.7071067811865471,-0.7071067811865479,1.5,1.0
2026-07-20 15:50:00,60.0,1.0,1.5,1014.7,14.2,15.1,1.5,1.4,1.4,1.0,1.0,1.0,1014.5,1014.4,1014.4,1.5,0.0,1.4500000000000002,0.05773502691896274,1.3333333333333333,0.5773502691896258,1.5,0.5477225575051661,0.3000000000000682,0.3000000000000682,0.8660254037844386,0.5000000000000001,-0.7071067811865471,-0.7071067811865479,1.4,3.0
2026-07-20 17:20:00,280.0,2.0,1.5,1015.0,14.2,15.3,1.5,1.4,1.4,3.0,2.0,3.0,1015.2,1014.8,1014.6,1.5,0.0,1.4666666666666668,0.057735026918962484,2.3333333333333335,0.5773502691896257,2.1666666666666665,0.4082482904638629,0.39999999999997726,0.20000000000004547,-0.9848077530122081,0.17364817766692997,-0.9659258262890683,-0.25881904510252063,1.4,1.0
2026-07-20 19:50:00,320.0,3.0,1.4,1014.8,14.2,,1.4,1.4,1.4,2.0,3.0,4.0,1014.8,1015.0,1014.9,1.4,0.0,1.4,0.0,2.6666666666666665,0.5773502691896257,3.0,0.632455532033677,-0.10000000000002274,-0.20000000000004547,-0.6427876096865396,0.7660444431189778,-0.9659258262890684,0.2588190451025203,1.4,3.0
2026-07-20 20:20:00,300.0,3.0,1.4,1015.2,14.3,15.6,1.4,1.4,1.4,3.0,3.0,3.0,1015.0,1014.8,1015.0,1.4,0.0,1.4,0.0,2.6666666666666665,0.5773502691896257,2.6666666666666665,0.5163977794943229,0.20000000000004547,0.40000000000009095,-0.8660254037844386,0.5000000000000001,-0.8660254037844386,0.5000000000000001,1.3,5.0
2026-07-20 21:20:00,290.0,5.0,1.3,1014.6,14.4,15.6,1.3,1.3,1.4,5.0,5.0,3.0,1014.6,1014.9,1015.2,1.3,0.0,1.3,0.0,5.0,0.0,4.833333333333333,0.40824829046387145,-0.6000000000000227,-0.2999999999999545,-0.9396926207859083,0.342020143325669,-0.7071067811865477,0.7071067811865474,1.3,5.0
2026-07-20 21:50:00,290.0,5.0,1.3,1014.7,14.4,15.2,1.3,1.3,1.3,5.0,5.0,5.0,1014.7,1014.6,1014.9,1.3,0.0,1.3,0.0,5.333333333333333,0.5773502691896258,5.166666666666667,0.40824829046386296,-0.1999999999999318,0.10000000000002274,-0.9396926207859083,0.342020143325669,-0.7071067811865477,0.7071067811865474,1.4,5.0
2026-07-21 01:20:00,320.0,4.0,1.3,1012.8,14.7,15.7,1.3,1.3,1.3,3.0,4.0,4.0,1013.0,1013.0,1013.4,1.3,0.0,1.3,0.0,3.3333333333333335,0.5773502691896257,3.6666666666666665,0.5163977794943223,-0.6000000000000227,-0.20000000000004547,-0.6427876096865396,0.7660444431189778,0.25881904510252074,0.9659258262890683,1.3,4.0
2026-07-21 02:20:00,310.0,5.0,1.3,1012.6,14.9,15.7,1.3,1.3,1.3,5.0,4.0,4.0,1012.6,1012.5,1012.8,1.3,0.0,1.3,0.0,4.666666666666667,0.5773502691896258,4.333333333333333,0.5163977794943221,-0.1999999999999318,0.10000000000002274,-0.7660444431189781,0.6427876096865393,0.49999999999999994,0.8660254037844387,1.4,4.0
2026-07-21 03:20:00,310.0,5.0,1.2,1012.6,14.9,15.6,1.2,1.4,1.3,4.0,4.0,5.0,1012.6,1012.5,1012.6,1.2,0.0,1.2666666666666668,0.11547005383792508,4.666666666666667,0.5773502691896258,4.333333333333333,0.5163977794943221,0.0,0.10000000000002274,-0.7660444431189781,0.6427876096865393,0.7071067811865476,0.7071067811865476,1.3,4.0
2026-07-21 04:20:00,310.0,4.0,1.3,1013.1,14.9,15.5,1.3,1.3,1.2,4.0,4.0,5.0,1013.0,1012.8,1012.6,1.3,0.0,1.3,0.0,4.0,0.0,4.333333333333333,0.5163977794943221,0.5,0.3000000000000682,-0.7660444431189781,0.6427876096865393,0.8660254037844386,0.5000000000000001,1.3,4.0
2026-07-21 05:20:00,310.0,4.0,1.3,1013.2,14.9,15.6,1.3,1.3,1.3,4.0,4.0,4.0,1013.1,1013.3,1013.1,1.3,0.0,1.3,0.0,4.0,0.0,4.0,0.0,0.10000000000002274,-0.09999999999990905,-0.7660444431189781,0.6427876096865393,0.9659258262890683,0.25881904510252074,1.3,5.0
2026-07-21 07:20:00,330.0,5.0,1.3,1013.0,14.3,15.5,1.3,1.3,1.4,5.0,4.0,5.0,1012.8,1012.9,1013.0,1.3,0.0,1.3,0.0,4.666666666666667,0.5773502691896258,4.666666666666667,0.5163977794943221,0.0,0.10000000000002274,-0.5000000000000004,0.8660254037844384,0.9659258262890683,-0.25881904510252063,1.2,5.0
2026-07-21 09:20:00,330.0,5.0,1.3,1012.0,14.2,15.3,1.3,1.3,1.3,5.0,5.0,5.0,1011.9,1012.1,1012.4,1.3,0.0,1.3,0.0,5.0,0.0,4.666666666666667,0.5163977794943221,-0.39999999999997726,-0.10000000000002274,-0.5000000000000004,0.8660254037844384,0.7071067811865476,-0.7071067811865475,1.2,5.0
2026-07-21 10:20:00,330.0,4.0,1.2,1012.0,14.2,15.2,1.2,1.2,1.3,4.0,5.0,5.0,1012.1,1011.9,1012.0,1.2,0.0,1.2,0.0,4.0,0.0,4.5,0.5477225575051659,0.0,0.10000000000002274,-0.5000000000000004,0.8660254037844384,0.49999999999999994,-0.8660254037844387,1.3,4.0
2026-07-21 11:20:00,330.0,4.0,1.3,1012.0,14.2,15.1,1.3,1.3,1.2,4.0,4.0,4.0,1011.9,1012.0,1012.0,1.3,0.0,1.3,0.0,4.0,0.0,4.0,0.0,0.0,0.0,-0.5000000000000004,0.8660254037844384,0.258819045102521,-0.9659258262890682,1.2,4.0
2026-07-21 12:20:00,340.0,3.0,1.2,1012.2,14.2,15.1,1.2,1.2,1.3,3.0,4.0,4.0,1012.0,1012.0,1012.0,1.2,0.0,1.2,0.0,3.0,0.0,3.1666666666666665,0.4082482904638636,0.20000000000004547,0.20000000000004547,-0.3420201433256686,0.9396926207859084,1.2246467991473532e-16,-1.0,1.1,2.0
2026-07-21 13:20:00,20.0,2.0,1.3,1012.7,14.2,15.1,1.3,1.1,1.2,3.0,2.0,3.0,1012.6,1012.4,1012.2,1.3,0.0,1.2333333333333336,0.11547005383792508,2.6666666666666665,0.5773502691896257,2.5,0.5477225575051664,0.5,0.3000000000000682,0.3420201433256687,0.9396926207859084,-0.2588190451025208,-0.9659258262890683,1.3,2.0
2026-07-21 15:20:00,60.0,1.0,1.5,1013.8,14.5,15.4,1.5,1.4,1.3,1.0,1.0,1.0,1013.6,1013.3,1013.4,1.5,0.0,1.466666666666667,0.057735026918962186,1.0,0.0,1.1666666666666667,0.40824829046386263,0.39999999999997726,0.5,0.8660254037844386,0.5000000000000001,-0.7071067811865471,-0.7071067811865479,1.5,1.0
2026-07-21 17:20:00,120.0,5.0,1.5,1014.2,15.6,15.6,1.5,1.5,1.5,5.0,3.0,2.0,1014.0,1014.0,1014.2,1.5,0.0,1.5,0.0,4.666666666666667,0.5773502691896256,3.6666666666666665,1.2110601416389966,0.0,0.20000000000004547,0.8660254037844387,-0.4999999999999998,-0.9659258262890683,-0.25881904510252063,1.6,4.0
2026-07-21 18:50:00,170.0,3.0,1.5,1014.5,16.2,15.9,1.5,1.5,1.6,4.0,4.0,4.0,1014.5,1014.6,1014.4,1.5,0.0,1.5,0.0,3.3333333333333335,0.5773502691896257,3.6666666666666665,0.5163977794943234,0.10000000000002274,-0.10000000000002274,0.17364817766693028,-0.984807753012208,-1.0,-1.8369701987210297e-16,1.5,2.0
2026-07-21 20:20:00,130.0,2.0,1.5,1014.3,16.7,16.3,1.5,1.5,1.5,2.0,2.0,2.0,1014.3,1014.4,1014.4,1.5,0.0,1.5,0.0,2.0,0.0,2.0,0.0,-0.10000000000002274,-0.10000000000002274,0.766044443118978,-0.6427876096865394,-0.8660254037844386,0.5000000000000001,1.5,2.0
2026-07-21 22:20:00,140.0,2.0,1.6,1013.4,17.6,16.5,1.6,1.5,1.5,2.0,3.0,3.0,1013.5,1013.6,1013.8,1.6,0.0,1.566666666666667,0.057735026918962484,2.3333333333333335,0.5773502691896257,2.5,0.5477225575051664,-0.39999999999997726,-0.20000000000004547,0.6427876096865395,-0.7660444431189779,-0.5000000000000004,0.8660254037844384,1.6,3.0
2026-07-22 01:20:00,200.0,7.0,1.5,1012.9,17.5,16.2,1.5,1.6,1.4,7.0,6.0,6.0,1012.8,1012.9,1012.8,1.5,0.0,1.5500000000000003,0.05773502691896257,7.0,0.0,6.8,0.4472135954999577,0.10000000000002274,0.0,-0.34202014332566866,-0.9396926207859084,0.25881904510252074,0.9659258262890683,1.5,8.0
2026-07-22 02:20:00,200.0,7.0,1.7,1013.2,16.9,16.0,1.7,1.5,1.5,8.0,8.0,7.0,1012.9,1012.8,1012.9,1.7,0.0,1.6333333333333335,0.1154700538379251,7.666666666666667,0.5773502691896258,7.333333333333333,0.8164965809277266,0.3000000000000682,0.40000000000009095,-0.34202014332566866,-0.9396926207859084,0.49999999999999994,0.8660254037844387,1.8,3.0
2026-07-22 04:20:00,180.0,5.0,1.7,1014.8,16.2,15.8,1.7,1.8,1.8,6.0,6.0,4.0,1014.7,1014.5,1014.1,1.7,0.0,1.7333333333333336,0.057735026918962595,5.666666666666667,0.5773502691896258,5.5,0.547722557505167,0.6999999999999318,0.2999999999999545,1.2246467991473532e-16,-1.0,0.8660254037844386,0.5000000000000001,1.8,6.0
2026-07-22 05:20:00,180.0,6.0,1.9,1015.7,16.1,15.8,1.9,1.8,1.7,6.0,6.0,5.0,1015.6,1015.3,1014.8,1.9,0.0,1.866666666666667,0.057735026918962276,6.0,0.0,5.833333333333333,0.4082482904638648,0.900000000000091,0.40000000000009095,1.2246467991473532e-16,-1.0,0.9659258262890683,0.25881904510252074,1.9,6.0
2026-07-22 11:20:00,180.0,7.0,1.9,1016.0,15.9,16.0,1.9,2.0,2.0,7.0,7.0,7.0,1015.8,1015.6,1015.6,1.9,0.0,1.9333333333333336,0.057735026918962484,7.0,0.0,7.166666666666667,0.4082482904638633,0.39999999999997726,0.39999999999997726,1.2246467991473532e-16,-1.0,0.258819045102521,-0.9659258262890682,2.0,6.0
2026-07-22 12:20:00,190.0,7.0,2.0,1016.6,15.7,16.1,2.0,2.0,1.9,7.0,6.0,7.0,1016.4,1016.1,1016.0,2.0,0.0,2.0,0.0,7.0,0.0,6.666666666666667,0.5163977794943221,0.6000000000000227,0.5,-0.17364817766693047,-0.984807753012208,1.2246467991473532e-16,-1.0,1.8,6.0
2026-07-22 12:50:00,180.0,6.0,1.8,1016.8,15.8,16.0,1.8,2.0,2.0,6.0,7.0,6.0,1016.7,1016.6,1016.1,1.8,0.0,1.9000000000000001,0.11547005383792508,6.0,0.0,6.5,0.5477225575051659,0.6999999999999318,0.1999999999999318,1.2246467991473532e-16,-1.0,1.2246467991473532e-16,-1.0,1.8,5.0
2026-07-22 13:20:00,190.0,5.0,1.8,1017.3,15.8,15.9,1.8,1.8,2.0,6.0,6.0,7.0,1017.1,1016.8,1016.6,1.8,0.0,1.8,0.0,5.333333333333333,0.5773502691896258,5.666666666666667,0.5163977794943221,0.6999999999999318,0.5,-0.17364817766693047,-0.984807753012208,-0.2588190451025208,-0.9659258262890683,1.8,5.0
2026-07-22 14:20:00,190.0,5.0,2.0,1017.9,15.7,15.8,2.0,1.8,1.8,5.0,5.0,5.0,1017.7,1017.6,1017.3,2.0,0.0,1.9333333333333336,0.11547005383792516,5.0,0.0,5.166666666666667,0.40824829046386324,0.6000000000000227,0.2999999999999545,-0.17364817766693047,-0.984807753012208,-0.4999999999999997,-0.8660254037844388,1.7,5.0
2026-07-22 15:20:00,200.0,3.0,1.8,1018.7,15.6,15.8,1.8,1.7,2.0,4.0,5.0,5.0,1018.5,1018.3,1017.9,1.8,0.0,1.7666666666666668,0.05773502691896235,3.6666666666666665,0.5773502691896257,4.333333333333333,0.8164965809277258,0.8000000000000682,0.40000000000009095,-0.34202014332566866,-0.9396926207859084,-0.7071067811865471,-0.7071067811865479,1.8,3.0
2026-07-22 16:20:00,200.0,3.0,1.7,1019.1,15.5,15.8,1.7,1.8,1.8,3.0,3.0,3.0,1019.0,1018.9,1018.7,1.7,0.0,1.7333333333333336,0.057735026918962595,3.3333333333333335,0.5773502691896257,3.3333333333333335,0.516397779494321,0.39999999999997726,0.20000000000004547,-0.34202014332566866,-0.9396926207859084,-0.8660254037844385,-0.5000000000000004,1.7,3.0
2026-07-22 17:20:00,230.0,3.0,1.6,1019.3,15.4,15.8,1.6,1.7,1.7,3.0,3.0,3.0,1019.3,1019.2,1019.1,1.6,0.0,1.6333333333333337,0.05773502691896261,3.0,0.0,3.0,0.0,0.1999999999999318,0.09999999999990905,-0.7660444431189779,-0.6427876096865395,-0.9659258262890683,-0.25881904510252063,1.7,4.0
2026-07-22 18:20:00,260.0,5.0,1.5,1019.3,15.4,16.1,1.5,1.7,1.6,6.0,4.0,3.0,1019.3,1019.4,1019.3,1.5,0.0,1.566666666666667,0.115470053837925,5.333333333333333,0.5773502691896256,4.333333333333333,1.2110601416389966,0.0,-0.10000000000002274,-0.984807753012208,-0.17364817766693033,-1.0,-1.8369701987210297e-16,1.6,4.0
2026-07-22 20:20:00,260.0,3.0,1.5,1019.5,16.1,16.3,1.5,1.5,1.5,3.0,4.0,4.0,1019.5,1019.6,1019.6,1.5,0.0,1.5,0.0,3.0,0.0,3.3333333333333335,0.5163977794943243,-0.10000000000002274,-0.10000000000002274,-0.984807753012208,-0.17364817766693033,-0.8660254037844386,0.5000000000000001,1.5,3.0
2026-07-22 21:20:00,290.0,3.0,1.6,1019.1,16.6,16.6,1.6,1.5,1.5,3.0,3.0,3.0,1019.2,1019.3,1019.5,1.6,0.0,1.566666666666667,0.057735026918962484,3.0,0.0,2.6666666666666665,0.5163977794943261,-0.39999999999997726,-0.1999999999999318,-0.9396926207859083,0.342020143325669,-0.7071067811865477,0.7071067811865474,1.5,3.0
2026-07-22 21:50:00,290.0,3.0,1.5,1018.9,16.7,17.1,1.5,1.6,1.5,3.0,3.0,3.0,1019.0,1019.1,1019.3,1.5,0.0,1.5500000000000003,0.057735026918962595,3.0,0.0,3.0,0.0,-0.39999999999997726,-0.20000000000004547,-0.9396926207859083,0.342020143325669,-0.7071067811865477,0.7071067811865474,1.5,4.0
2026-07-22 22:20:00,290.0,4.0,1.5,1018.7,16.8,17.1,1.5,1.5,1.6,4.0,3.0,3.0,1018.8,1018.9,1019.1,1.5,0.0,1.5,0.0,4.0,0.0,3.5,0.5477225575051664,-0.39999999999997726,-0.1999999999999318,-0.9396926207859083,0.342020143325669,-0.5000000000000004,0.8660254037844384,1.3,5.0
2026-07-22 23:20:00,290.0,6.0,1.4,1018.0,16.9,17.3,1.4,1.3,1.5,5.0,5.0,4.0,1018.1,1018.4,1018.7,1.4,0.0,1.3666666666666671,0.057735026918962415,5.333333333333333,0.5773502691896258,4.833333333333333,0.752772652709081,-0.7000000000000455,-0.39999999999997726,-0.9396926207859083,0.342020143325669,-0.25881904510252157,0.9659258262890681,1.4,6.0
2026-07-23 00:20:00,300.0,6.0,1.3,1017.7,16.9,17.0,1.3,1.4,1.4,6.0,6.0,6.0,1017.7,1017.9,1018.0,1.3,0.0,1.333333333333334,0.05773502691896261,6.0,0.0,6.0,0.0,-0.2999999999999545,-0.1999999999999318,-0.8660254037844386,0.5000000000000001,0.0,1.0,1.4,7.0
2026-07-23 03:20:00,310.0,8.0,1.2,1016.8,16.3,16.1,1.2,1.4,1.4,8.0,8.0,7.0,1016.8,1016.8,1016.9,1.2,0.0,1.2666666666666668,0.1154700538379251,8.0,0.0,8.0,0.0,-0.10000000000002274,0.0,-0.7660444431189781,0.6427876096865393,0.7071067811865476,0.7071067811865476,1.3,8.0
2026-07-23 04:20:00,320.0,7.0,1.3,1017.2,16.2,15.9,1.3,1.3,1.2,8.0,8.0,8.0,1017.1,1016.9,1016.8,1.3,0.0,1.3,0.0,7.666666666666667,0.5773502691896258,7.5,0.5477225575051659,0.40000000000009095,0.3000000000000682,-0.6427876096865396,0.7660444431189778,0.8660254037844386,0.5000000000000001,1.3,7.0
2026-07-23 05:50:00,330.0,7.0,1.3,1017.6,16.0,15.9,1.3,1.3,1.3,7.0,7.0,7.0,1017.6,1017.6,1017.5,1.3,0.0,1.3,0.0,7.0,0.0,7.0,0.0,0.10000000000002274,0.0,-0.5000000000000004,0.8660254037844384,0.9659258262890683,0.25881904510252074,1.3,7.0
2026-07-23 06:20:00,330.0,7.0,1.3,1017.5,16.0,15.9,1.3,1.3,1.3,7.0,7.0,7.0,1017.5,1017.6,1017.6,1.3,0.0,1.3,0.0,7.0,0.0,7.0,0.0,-0.10000000000002274,-0.10000000000002274,-0.5000000000000004,0.8660254037844384,1.0,6.123233995736766e-17,1.2,7.0
2026-07-23 07:20:00,340.0,7.0,1.4,1017.4,15.8,15.9,1.4,1.2,1.3,6.0,7.0,7.0,1017.4,1017.3,1017.5,1.4,0.0,1.3333333333333337,0.11547005383792507,6.333333333333333,0.5773502691896258,6.5,0.5477225575051659,-0.10000000000002274,0.10000000000002274,-0.3420201433256686,0.9396926207859084,0.9659258262890683,-0.25881904510252063,1.3,7.0
2026-07-23 10:20:00,330.0,8.0,1.2,1016.6,15.7,15.9,1.2,1.1,1.2,8.0,7.0,7.0,1016.6,1016.7,1016.9,1.2,0.0,1.166666666666667,0.0577350269189625,8.0,0.0,7.5,0.5477225575051659,-0.2999999999999545,-0.10000000000002274,-0.5000000000000004,0.8660254037844384,0.49999999999999994,-0.8660254037844387,1.2,8.0
2026-07-23 11:20:00,340.0,7.0,1.2,1016.4,15.6,15.8,1.2,1.2,1.2,7.0,8.0,8.0,1016.4,1016.5,1016.6,1.2,0.0,1.2,0.0,7.0,0.0,7.166666666666667,0.4082482904638632,-0.20000000000004547,-0.10000000000002274,-0.3420201433256686,0.9396926207859084,0.258819045102521,-0.9659258262890682,1.2,7.0
2026-07-23 12:20:00,340.0,7.0,1.2,1016.5,15.6,15.8,1.2,1.2,1.2,7.0,7.0,7.0,1016.5,1016.3,1016.4,1.2,0.0,1.2,0.0,7.333333333333333,0.5773502691896258,7.166666666666667,0.40824829046386296,0.10000000000002274,0.20000000000004547,-0.3420201433256686,0.9396926207859084,1.2246467991473532e-16,-1.0,1.2,8.0
2026-07-23 13:20:00,340.0,8.0,1.2,1016.8,15.3,15.8,1.2,1.2,1.2,8.0,8.0,7.0,1016.7,1016.6,1016.5,1.2,0.0,1.2,0.0,8.0,0.0,7.833333333333333,0.4082482904638632,0.2999999999999545,0.1999999999999318,-0.3420201433256686,0.9396926207859084,-0.2588190451025208,-0.9659258262890683,1.2,8.0
2026-07-23 14:20:00,330.0,8.0,1.3,1017.1,15.2,15.8,1.3,1.2,1.2,8.0,8.0,8.0,1017.1,1016.9,1016.8,1.3,0.0,1.266666666666667,0.057735026918962595,8.0,0.0,8.166666666666666,0.4082482904638632,0.3000000000000682,0.20000000000004547,-0.5000000000000004,0.8660254037844384,-0.4999999999999997,-0.8660254037844388,1.2,9.0
2026-07-23 15:20:00,330.0,8.0,1.4,1017.1,14.9,15.8,1.4,1.2,1.3,9.0,9.0,8.0,1017.1,1017.1,1017.1,1.4,0.0,1.3333333333333337,0.11547005383792507,8.333333333333334,0.5773502691896255,8.5,0.5477225575051671,0.0,0.0,-0.5000000000000004,0.8660254037844384,-0.7071067811865471,-0.7071067811865479,1.3,9.0
2026-07-23 16:20:00,330.0,9.0,1.4,1017.3,15.1,15.8,1.4,1.3,1.4,9.0,9.0,8.0,1017.3,1017.2,1017.1,1.4,0.0,1.3666666666666671,0.05773502691896253,8.666666666666666,0.5773502691896255,8.666666666666666,0.516397779494324,0.1999999999999318,0.09999999999990905,-0.5000000000000004,0.8660254037844384,-0.8660254037844385,-0.5000000000000004,1.3,8.0
2026-07-23 17:20:00,330.0,9.0,1.4,1017.1,15.3,15.8,1.4,1.3,1.4,9.0,8.0,9.0,1017.2,1017.3,1017.3,1.4,0.0,1.3666666666666671,0.05773502691896253,9.0,0.0,8.833333333333334,0.40824829046386646,-0.1999999999999318,-0.1999999999999318,-0.5000000000000004,0.8660254037844384,-0.9659258262890683,-0.25881904510252063,1.4,10.0
2026-07-23 18:20:00,330.0,10.0,1.3,1017.1,15.4,16.0,1.3,1.4,1.4,9.0,10.0,9.0,1017.1,1017.1,1017.1,1.3,0.0,1.3333333333333337,0.05773502691896261,9.666666666666666,0.5773502691896255,9.666666666666666,0.5163977794943284,0.0,0.0,-0.5000000000000004,0.8660254037844384,-1.0,-1.8369701987210297e-16,1.4,10.0
2026-07-23 19:20:00,330.0,11.0,1.4,1017.0,15.5,16.0,1.4,1.4,1.3,10.0,10.0,10.0,1017.0,1017.0,1017.1,1.4,0.0,1.4,0.0,10.0,0.9999999999999998,9.833333333333334,0.7527726527090856,-0.10000000000002274,0.0,-0.5000000000000004,0.8660254037844384,-0.9659258262890684,0.2588190451025203,1.4,10.0
2026-07-23 20:20:00,320.0,11.0,1.4,1016.6,15.7,16.0,1.4,1.4,1.4,10.0,10.0,11.0,1016.7,1016.8,1017.0,1.4,0.0,1.4,0.0,10.666666666666666,0.5773502691896255,10.5,0.5477225575051755,-0.39999999999997726,-0.1999999999999318,-0.6427876096865396,0.7660444431189778,-0.8660254037844386,0.5000000000000001,1.5,11.0
2026-07-23 21:50:00,320.0,12.0,1.5,1015.6,15.7,16.0,1.5,1.4,1.5,12.0,11.0,11.0,1015.7,1016.0,1016.3,1.5,0.0,1.466666666666667,0.057735026918962644,12.0,0.0,11.5,0.5477225575051671,-0.6999999999999318,-0.39999999999997726,-0.6427876096865396,0.7660444431189778,-0.7071067811865477,0.7071067811865474,1.5,12.0
2026-07-23 22:20:00,320.0,12.0,1.5,1015.5,15.7,16.0,1.5,1.5,1.4,12.0,12.0,11.0,1015.6,1015.6,1016.0,1.5,0.0,1.5,0.0,11.666666666666666,0.5773502691896255,11.833333333333334,0.40824829046386646,-0.5,-0.10000000000002274,-0.6427876096865396,0.7660444431189778,-0.5000000000000004,0.8660254037844384,1.6,12.0
2026-07-24 00:20:00,320.0,11.0,1.6,1014.9,15.7,16.0,1.6,1.6,1.6,12.0,12.0,12.0,1014.8,1014.8,1015.1,1.6,0.0,1.6,0.0,11.333333333333334,0.5773502691896255,11.5,0.547722557505167,-0.20000000000004547,0.10000000000002274,-0.6427876096865396,0.7660444431189778,0.0,1.0,1.6,12.0
2026-07-24 01:20:00,320.0,12.0,1.6,1014.5,15.8,16.0,1.6,1.6,1.6,12.0,12.0,11.0,1014.6,1014.7,1014.9,1.6,0.0,1.6,0.0,12.0,0.0,12.166666666666666,0.40824829046386635,-0.39999999999997726,-0.20000000000004547,-0.6427876096865396,0.7660444431189778,0.25881904510252074,0.9659258262890683,1.7,11.0
2026-07-24 02:20:00,320.0,10.0,1.7,1014.7,15.9,16.0,1.7,1.7,1.6,11.0,11.0,12.0,1014.7,1014.5,1014.5,1.7,0.0,1.7,0.0,10.666666666666666,0.5773502691896255,11.0,0.6324555320336787,0.20000000000004547,0.20000000000004547,-0.6427876096865396,0.7660444431189778,0.49999999999999994,0.8660254037844387,1.6,12.0
2026-07-24 04:20:00,330.0,11.0,1.6,1015.2,15.7,16.0,1.6,1.6,1.7,10.0,10.0,12.0,1015.2,1015.0,1014.9,1.6,0.0,1.6,0.0,10.333333333333334,0.5773502691896255,10.666666666666666,0.816496580927729,0.3000000000000682,0.20000000000004547,-0.5000000000000004,0.8660254037844384,0.8660254037844386,0.5000000000000001,1.6,11.0
2026-07-24 06:20:00,330.0,9.0,1.5,1015.8,15.7,15.8,1.5,1.6,1.5,9.0,10.0,10.0,1015.8,1015.8,1016.0,1.5,0.0,1.5333333333333339,0.057735026918962644,9.333333333333334,0.5773502691896255,9.5,0.5477225575051746,-0.20000000000004547,0.0,-0.5000000000000004,0.8660254037844384,1.0,6.123233995736766e-17,1.3,9.0
2026-07-24 06:50:00,340.0,9.0,1.3,1016.2,15.7,15.8,1.3,1.5,1.6,9.0,9.0,10.0,1015.8,1015.8,1015.8,1.3,0.0,1.4000000000000001,0.11547005383792516,9.0,0.0,9.166666666666666,0.4082482904638766,0.40000000000009095,0.40000000000009095,-0.3420201433256686,0.9396926207859084,1.0,6.123233995736766e-17,1.4,7.0
2026-07-24 07:20:00,340.0,7.0,1.4,1015.7,15.7,15.8,1.4,1.3,1.5,8.0,9.0,9.0,1015.6,1016.2,1015.8,1.4,0.0,1.3500000000000003,0.05773502691896239,8.0,0.9999999999999998,8.5,0.8366600265340758,-0.09999999999990905,-0.5,-0.3420201433256686,0.9396926207859084,0.9659258262890683,-0.25881904510252063,1.5,8.0
2026-07-24 09:20:00,330.0,8.0,1.2,1014.8,15.5,15.4,1.2,1.3,1.3,7.0,8.0,7.0,1015.0,1015.0,1015.5,1.2,0.0,1.2333333333333336,0.057735026918962595,7.666666666666667,0.5773502691896258,7.666666666666667,0.5163977794943253,-0.7000000000000455,-0.20000000000004547,-0.5000000000000004,0.8660254037844384,0.7071067811865476,-0.7071067811865475,1.2,8.0
2026-07-24 11:50:00,330.0,10.0,1.3,1014.7,15.2,15.1,1.3,1.3,1.3,10.0,10.0,9.0,1014.6,1014.4,1014.7,1.3,0.0,1.3,0.0,10.0,0.0,9.833333333333334,0.40824829046387195,0.0,0.3000000000000682,-0.5000000000000004,0.8660254037844384,0.258819045102521,-0.9659258262890682,1.3,10.0
2026-07-24 12:20:00,340.0,10.0,1.3,1014.7,15.3,15.1,1.3,1.3,1.3,10.0,10.0,10.0,1014.7,1014.7,1014.4,1.3,0.0,1.3,0.0,10.0,0.0,10.0,0.0,0.3000000000000682,0.0,-0.3420201433256686,0.9396926207859084,1.2246467991473532e-16,-1.0,1.3,10.0
2026-07-24 13:20:00,340.0,9.0,1.3,1015.2,15.4,15.1,1.3,1.3,1.3,9.0,10.0,10.0,1015.2,1014.9,1014.7,1.3,0.0,1.3,0.0,9.333333333333334,0.5773502691896255,9.666666666666666,0.5163977794943228,0.5,0.3000000000000682,-0.3420201433256686,0.9396926207859084,-0.2588190451025208,-0.9659258262890683,1.3,8.0
2026-07-24 15:20:00,340.0,9.0,1.3,1015.8,15.3,15.1,1.3,1.3,1.3,9.0,8.0,9.0,1015.8,1015.9,1015.6,1.3,0.0,1.3,0.0,9.0,0.0,8.666666666666666,0.5163977794943242,0.1999999999999318,-0.10000000000002274,-0.3420201433256686,0.9396926207859084,-0.7071067811865471,-0.7071067811865479,1.3,10.0
2026-07-24 16:20:00,330.0,10.0,1.3,1015.9,15.4,15.2,1.3,1.3,1.3,9.0,10.0,9.0,1016.0,1015.9,1015.8,1.3,0.0,1.3,0.0,9.333333333333334,0.5773502691896255,9.333333333333334,0.5163977794943228,0.10000000000002274,0.0,-0.5000000000000004,0.8660254037844384,-0.8660254037844385,-0.5000000000000004,1.4,10.0
2026-07-24 17:20:00,330.0,9.0,1.2,1016.0,15.4,15.2,1.2,1.4,1.3,9.0,10.0,10.0,1016.0,1016.1,1015.9,1.2,0.0,1.266666666666667,0.11547005383792508,9.0,0.0,9.5,0.5477225575051671,0.10000000000002274,-0.10000000000002274,-0.5000000000000004,0.8660254037844384,-0.9659258262890683,-0.25881904510252063,1.3,9.0
2026-07-24 18:20:00,330.0,9.0,1.4,1015.8,15.5,,1.4,1.3,1.2,9.0,9.0,9.0,1015.8,1015.8,1016.0,1.4,0.0,1.366666666666667,0.057735026918962276,9.0,0.0,9.333333333333334,0.5163977794943228,-0.20000000000004547,0.0,-0.5000000000000004,0.8660254037844384,-1.0,-1.8369701987210297e-16,1.4,10.0
2026-07-24 18:50:00,330.0,10.0,1.4,1015.7,15.5,,1.4,1.4,1.3,9.0,9.0,9.0,1015.8,1015.8,1015.8,1.4,0.0,1.4,0.0,9.666666666666666,0.5773502691896255,9.333333333333334,0.5163977794943228,-0.09999999999990905,-0.09999999999990905,-0.5000000000000004,0.8660254037844384,-1.0,-1.8369701987210297e-16,1.5,10.0
2026-07-24 20:50:00,320.0,11.0,1.6,1015.0,15.6,15.7,1.6,1.4,1.5,11.0,10.0,11.0,1015.1,1015.3,1015.5,1.6,0.0,1.5333333333333339,0.11547005383792525,10.666666666666666,0.5773502691896255,10.5,0.5477225575051671,-0.5,-0.2999999999999545,-0.6427876096865396,0.7660444431189778,-0.8660254037844386,0.5000000000000001,1.6,11.0
2026-07-24 21:20:00,320.0,11.0,1.6,1014.7,15.7,15.8,1.6,1.6,1.4,11.0,11.0,10.0,1014.9,1015.0,1015.3,1.6,0.0,1.6,0.0,11.0,0.0,10.833333333333334,0.40824829046386646,-0.599999999999909,-0.2999999999999545,-0.6427876096865396,0.7660444431189778,-0.7071067811865477,0.7071067811865474,1.5,11.0
2026-07-24 22:20:00,320.0,11.0,1.7,1014.4,15.9,16.0,1.7,1.5,1.6,11.0,11.0,11.0,1014.5,1014.6,1014.7,1.7,0.0,1.6333333333333337,0.11547005383792529,11.0,0.0,11.333333333333334,0.5163977794943228,-0.3000000000000682,-0.20000000000004547,-0.6427876096865396,0.7660444431189778,-0.5000000000000004,0.8660254037844384,1.5,11.0
2026-07-24 23:20:00,320.0,11.0,1.4,1014.2,16.1,16.1,1.4,1.5,1.7,11.0,11.0,11.0,1014.2,1014.3,1014.4,1.4,0.0,1.4333333333333336,0.0577350269189632,11.0,0.0,11.0,0.0,-0.1999999999999318,-0.09999999999990905,-0.6427876096865396,0.7660444431189778,-0.25881904510252157,0.9659258262890681,1.5,11.0
2026-07-24 23:50:00,320.0,11.0,1.5,1013.9,16.1,16.1,1.5,1.4,1.5,11.0,11.0,11.0,1014.0,1014.2,1014.3,1.5,0.0,1.4500000000000002,0.057735026918963,11.0,0.0,11.0,0.0,-0.39999999999997726,-0.3000000000000682,-0.6427876096865396,0.7660444431189778,-0.25881904510252157,0.9659258262890681,1.4,11.0
2026-07-25 00:20:00,320.0,11.0,1.4,1013.8,16.2,16.1,1.4,1.5,1.4,11.0,11.0,11.0,1013.9,1013.9,1014.2,1.4,0.0,1.4500000000000002,0.057735026918963,11.0,0.0,11.0,0.0,-0.40000000000009095,-0.10000000000002274,-0.6427876096865396,0.7660444431189778,0.0,1.0,1.3,11.0
2026-07-25 01:20:00,320.0,10.0,1.4,1013.6,16.2,16.1,1.4,1.3,1.4,11.0,11.0,11.0,1013.7,1013.7,1013.8,1.4,0.0,1.3666666666666671,0.05773502691896253,10.666666666666666,0.5773502691896255,10.833333333333334,0.4082482904638632,-0.1999999999999318,-0.10000000000002274,-0.6427876096865396,0.7660444431189778,0.25881904510252074,0.9659258262890683,1.3,10.0
2026-07-25 02:20:00,330.0,10.0,1.3,1013.8,16.0,16.0,1.3,1.3,1.4,10.0,10.0,10.0,1013.8,1013.7,1013.6,1.3,0.0,1.3,0.0,10.0,0.0,10.166666666666666,0.40824829046386646,0.1999999999999318,0.09999999999990905,-0.5000000000000004,0.8660254037844384,0.49999999999999994,0.8660254037844387,1.4,10.0
2026-07-25 03:20:00,330.0,10.0,1.3,1014.1,15.9,16.0,1.3,1.4,1.3,10.0,10.0,10.0,1014.1,1013.8,1013.8,1.3,0.0,1.3333333333333337,0.05773502691896253,10.0,0.0,10.333333333333334,0.516397779494324,0.3000000000000682,0.3000000000000682,-0.5000000000000004,0.8660254037844384,0.7071067811865476,0.7071067811865476,1.3,10.0
2026-07-25 04:20:00,340.0,9.0,1.4,1014.6,16.0,15.9,1.4,1.3,1.3,10.0,10.0,10.0,1014.5,1014.4,1014.1,1.4,0.0,1.3666666666666671,0.05773502691896261,9.666666666666666,0.5773502691896255,9.833333333333334,0.4082482904638632,0.5,0.20000000000004547,-0.3420201433256686,0.9396926207859084,0.8660254037844386,0.5000000000000001,1.5,8.0
2026-07-25 06:20:00,330.0,8.0,1.4,1015.0,15.8,15.9,1.4,1.3,1.4,8.0,8.0,9.0,1014.9,1015.0,1015.0,1.4,0.0,1.3666666666666671,0.05773502691896251,8.0,0.0,8.166666666666666,0.408248290463871,0.0,0.0,-0.5000000000000004,0.8660254037844384,1.0,6.123233995736766e-17,1.4,8.0
2026-07-25 07:20:00,340.0,7.0,1.5,1015.4,15.7,15.9,1.5,1.4,1.4,7.0,8.0,8.0,1015.4,1015.1,1015.0,1.5,0.0,1.466666666666667,0.057735026918962484,7.333333333333333,0.5773502691896258,7.666666666666667,0.5163977794943221,0.39999999999997726,0.2999999999999545,-0.3420201433256686,0.9396926207859084,0.9659258262890683,-0.25881904510252063,1.3,8.0
2026-07-25 09:20:00,340.0,8.0,1.3,1015.0,15.5,15.8,1.3,1.4,1.3,8.0,8.0,7.0,1015.1,1015.0,1015.3,1.3,0.0,1.333333333333334,0.0577350269189625,8.0,0.0,8.0,0.0,-0.2999999999999545,0.0,-0.3420201433256686,0.9396926207859084,0.7071067811865476,-0.7071067811865475,1.4,8.0
2026-07-25 09:50:00,330.0,8.0,1.4,1014.9,15.5,15.7,1.4,1.3,1.4,8.0,8.0,8.0,1014.9,1015.0,1015.0,1.4,0.0,1.35,0.05773502691896246,8.0,0.0,8.0,0.0,-0.10000000000002274,-0.10000000000002274,-0.5000000000000004,0.8660254037844384,0.7071067811865476,-0.7071067811865475,1.5,8.0
2026-07-25 10:20:00,340.0,8.0,1.5,1014.9,15.5,15.7,1.5,1.4,1.3,8.0,8.0,8.0,1014.9,1014.9,1015.0,1.5,0.0,1.4500000000000002,0.057735026918962686,8.0,0.0,8.0,0.0,-0.10000000000002274,0.0,-0.3420201433256686,0.9396926207859084,0.49999999999999994,-0.8660254037844387,1.4,8.0
2026-07-25 11:20:00,340.0,8.0,1.5,1015.1,15.5,15.5,1.5,1.4,1.5,8.0,8.0,8.0,1015.1,1015.0,1014.9,1.5,0.0,1.466666666666667,0.057735026918962595,8.0,0.0,8.0,0.0,0.20000000000004547,0.10000000000002274,-0.3420201433256686,0.9396926207859084,0.258819045102521,-0.9659258262890682,1.6,8.0
2026-07-25 12:20:00,340.0,8.0,1.4,1015.3,15.4,15.4,1.4,1.6,1.5,8.0,8.0,8.0,1015.2,1015.2,1015.1,1.4,0.0,1.4666666666666668,0.11547005383792548,8.0,0.0,7.833333333333333,0.40824829046386296,0.1999999999999318,0.09999999999990905,-0.3420201433256686,0.9396926207859084,1.2246467991473532e-16,-1.0,1.4,8.0
2026-07-25 13:20:00,340.0,8.0,1.5,1015.6,15.6,15.5,1.5,1.4,1.4,9.0,8.0,8.0,1015.5,1015.5,1015.3,1.5,0.0,1.466666666666667,0.057735026918962484,8.666666666666666,0.5773502691896255,8.333333333333334,0.5163977794943228,0.3000000000000682,0.10000000000002274,-0.3420201433256686,0.9396926207859084,-0.2588190451025208,-0.9659258262890683,1.5,8.0
2026-07-25 14:20:00,340.0,9.0,1.4,1016.0,15.6,15.6,1.4,1.5,1.5,9.0,8.0,8.0,1016.0,1015.8,1015.6,1.4,0.0,1.4333333333333336,0.057735026918962484,8.666666666666666,0.5773502691896255,8.5,0.5477225575051671,0.39999999999997726,0.20000000000004547,-0.3420201433256686,0.9396926207859084,-0.4999999999999997,-0.8660254037844388,1.5,9.0
2026-07-25 15:20:00,330.0,8.0,1.5,1016.6,15.7,15.7,1.5,1.5,1.4,9.0,9.0,9.0,1016.5,1016.2,1016.0,1.5,0.0,1.5,0.0,8.666666666666666,0.5773502691896255,8.833333333333334,0.4082482904638632,0.6000000000000227,0.39999999999997726,-0.5000000000000004,0.8660254037844384,-0.7071067811865471,-0.7071067811865479,1.4,9.0
2026-07-25 16:20:00,330.0,9.0,1.3,1017.0,15.8,15.8,1.3,1.4,1.5,10.0,9.0,8.0,1016.9,1016.8,1016.6,1.3,0.0,1.3333333333333337,0.05773502691896215,9.333333333333334,0.5773502691896255,9.166666666666666,0.40824829046386313,0.39999999999997726,0.20000000000004547,-0.5000000000000004,0.8660254037844384,-0.8660254037844385,-0.5000000000000004,1.3,10.0
2026-07-25 17:20:00,330.0,10.0,1.3,1017.2,15.9,15.9,1.3,1.3,1.3,10.0,10.0,9.0,1017.2,1017.0,1017.0,1.3,0.0,1.3,0.0,10.0,0.0,10.0,0.0,0.20000000000004547,0.20000000000004547,-0.5000000000000004,0.8660254037844384,-0.9659258262890683,-0.25881904510252063,1.4,11.0
2026-07-25 18:20:00,330.0,10.0,1.4,1017.3,16.0,15.9,1.4,1.4,1.3,11.0,11.0,10.0,1017.2,1017.2,1017.2,1.4,0.0,1.4,0.0,10.333333333333334,0.5773502691896255,10.666666666666666,0.516397779494324,0.09999999999990905,0.09999999999990905,-0.5000000000000004,0.8660254037844384,-1.0,-1.8369701987210297e-16,1.4,11.0
2026-07-25 19:20:00,330.0,10.0,1.4,1017.2,16.0,16.0,1.4,1.4,1.4,10.0,11.0,10.0,1017.3,1017.1,1017.3,1.4,0.0,1.4,0.0,10.333333333333334,0.5773502691896255,10.333333333333334,0.5163977794943228,-0.09999999999990905,0.10000000000002274,-0.5000000000000004,0.8660254037844384,-0.9659258262890684,0.2588190451025203,1.5,10.0
2026-07-25 20:20:00,330.0,10.0,1.5,1017.0,16.1,16.2,1.5,1.5,1.4,10.0,10.0,10.0,1017.1,1017.3,1017.2,1.5,0.0,1.5,0.0,10.333333333333334,0.5773502691896255,10.166666666666666,0.4082482904638632,-0.20000000000004547,-0.2999999999999545,-0.5000000000000004,0.8660254037844384,-0.8660254037844386,0.5000000000000001,1.5,11.0
2026-07-25 20:50:00,320.0,11.0,1.5,1016.9,16.1,16.2,1.5,1.5,1.5,10.0,10.0,10.0,1016.9,1017.0,1017.3,1.5,0.0,1.5,0.0,10.666666666666666,0.5773502691896255,10.5,0.5477225575051671,-0.39999999999997726,-0.10000000000002274,-0.6427876096865396,0.7660444431189778,-0.8660254037844386,0.5000000000000001,1.5,11.0
2026-07-25 21:20:00,320.0,11.0,1.5,1016.7,16.2,16.3,1.5,1.5,1.5,11.0,11.0,10.0,1016.8,1016.9,1017.0,1.5,0.0,1.5,0.0,11.0,0.0,10.833333333333334,0.40824829046386646,-0.2999999999999545,-0.1999999999999318,-0.6427876096865396,0.7660444431189778,-0.7071067811865477,0.7071067811865474,1.6,11.0
2026-07-25 22:20:00,310.0,13.0,1.4,1015.8,16.3,16.3,1.4,1.6,1.5,12.0,11.0,11.0,1016.0,1016.4,1016.7,1.4,0.0,1.466666666666667,0.11547005383792548,12.333333333333334,0.5773502691896255,11.666666666666666,0.8164965809277268,-0.900000000000091,-0.6000000000000227,-0.7660444431189781,0.6427876096865393,-0.5000000000000004,0.8660254037844384,1.4,12.0
2026-07-25 22:50:00,320.0,12.0,1.4,1015.5,16.3,16.4,1.4,1.4,1.6,12.0,13.0,11.0,1015.5,1015.8,1016.4,1.4,0.0,1.4,0.0,12.333333333333334,0.5773502691896255,12.333333333333334,0.5163977794943242,-0.8999999999999773,-0.2999999999999545,-0.6427876096865396,0.7660444431189778,-0.5000000000000004,0.8660254037844384,1.6,13.0
2026-07-25 23:20:00,320.0,13.0,1.6,1015.4,16.4,16.4,1.6,1.4,1.4,12.0,12.0,13.0,1015.4,1015.5,1015.8,1.6,0.0,1.5000000000000002,0.11547005383792527,12.333333333333334,0.5773502691896255,12.333333333333334,0.5163977794943242,-0.39999999999997726,-0.10000000000002274,-0.6427876096865396,0.7660444431189778,-0.25881904510252157,0.9659258262890681,1.4,12.0
2026-07-26 00:20:00,320.0,12.0,1.6,1015.1,16.5,16.4,1.6,1.4,1.6,12.0,12.0,13.0,1015.1,1015.2,1015.4,1.6,0.0,1.5333333333333339,0.11547005383792529,12.333333333333334,0.5773502691896255,12.166666666666666,0.40824829046386507,-0.2999999999999545,-0.10000000000002274,-0.6427876096865396,0.7660444431189778,0.0,1.0,1.4,12.0
2026-07-26 00:50:00,320.0,12.0,1.4,1015.2,16.5,16.4,1.4,1.6,1.4,12.0,12.0,12.0,1015.2,1015.1,1015.2,1.4,0.0,1.5000000000000004,0.11547005383792529,12.0,0.0,12.166666666666666,0.40824829046386507,0.0,0.10000000000002274,-0.6427876096865396,0.7660444431189778,0.0,1.0,1.4,13.0
2026-07-26 01:20:00,320.0,13.0,1.4,1014.8,16.5,16.5,1.4,1.4,1.6,12.0,12.0,12.0,1014.9,1015.2,1015.1,1.4,0.0,1.4,0.0,12.333333333333334,0.5773502691896255,12.166666666666666,0.4082482904638632,-0.3000000000000682,-0.40000000000009095,-0.6427876096865396,0.7660444431189778,0.25881904510252074,0.9659258262890683,1.4,12.0
2026-07-26 01:50:00,320.0,12.0,1.4,1014.8,16.5,16.5,1.4,1.4,1.4,12.0,13.0,12.0,1014.8,1014.8,1015.2,1.4,0.0,1.4,0.0,12.0,0.0,12.166666666666666,0.4082482904638632,-0.40000000000009095,0.0,-0.6427876096865396,0.7660444431189778,0.25881904510252074,0.9659258262890683,1.4,12.0
2026-07-26 02:20:00,320.0,12.0,1.4,1015.0,16.5,16.4,1.4,1.4,1.4,12.0,12.0,13.0,1014.9,1014.8,1014.8,1.4,0.0,1.4,0.0,12.0,0.0,12.0,0.0,0.20000000000004547,0.20000000000004547,-0.6427876096865396,0.7660444431189778,0.49999999999999994,0.8660254037844387,1.5,12.0
2026-07-26 03:20:00,330.0,12.0,1.5,1015.1,16.4,16.4,1.5,1.5,1.4,12.0,12.0,12.0,1015.2,1015.0,1015.0,1.5,0.0,1.5,0.0,11.666666666666666,0.5773502691896255,11.833333333333334,0.4082482904638632,0.10000000000002274,0.10000000000002274,-0.5000000000000004,0.8660254037844384,0.7071067811865476,0.7071067811865476,1.6,12.0
2026-07-26 04:20:00,330.0,11.0,1.6,1015.5,16.4,16.4,1.6,1.6,1.5,12.0,12.0,12.0,1015.5,1015.3,1015.1,1.6,0.0,1.6,0.0,11.666666666666666,0.5773502691896255,11.833333333333334,0.4082482904638632,0.39999999999997726,0.20000000000004547,-0.5000000000000004,0.8660254037844384,0.8660254037844386,0.5000000000000001,1.5,11.0
2026-07-26 05:20:00,330.0,13.0,1.6,1015.9,16.2,16.5,1.6,1.5,1.6,13.0,11.0,11.0,1015.9,1015.8,1015.5,1.6,0.0,1.566666666666667,0.057735026918962595,12.666666666666666,0.5773502691896255,11.833333333333334,0.9831920802501752,0.39999999999997726,0.10000000000002274,-0.5000000000000004,0.8660254037844384,0.9659258262890683,0.25881904510252074,1.4,12.0
2026-07-26 06:20:00,330.0,11.0,1.6,1016.0,16.3,16.5,1.6,1.4,1.6,11.0,12.0,13.0,1016.0,1016.1,1015.9,1.6,0.0,1.5333333333333339,0.11547005383792529,11.333333333333334,0.5773502691896255,11.666666666666666,0.5163977794943229,0.10000000000002274,-0.10000000000002274,-0.5000000000000004,0.8660254037844384,1.0,6.123233995736766e-17,1.7,11.0
2026-07-26 07:20:00,330.0,12.0,1.6,1015.8,16.2,16.4,1.6,1.7,1.6,12.0,11.0,11.0,1015.9,1016.0,1016.0,1.6,0.0,1.6333333333333337,0.05773502691896253,11.666666666666666,0.5773502691896255,11.166666666666666,0.7527726527090821,-0.20000000000004547,-0.20000000000004547,-0.5000000000000004,0.8660254037844384,0.9659258262890683,-0.25881904510252063,1.6,11.0
2026-07-26 09:20:00,330.0,11.0,1.6,1016.1,16.2,16.4,1.6,1.7,1.7,11.0,12.0,11.0,1016.0,1016.1,1016.0,1.6,0.0,1.6333333333333337,0.05773502691896261,11.0,0.0,11.166666666666666,0.4082482904638656,0.10000000000002274,0.0,-0.5000000000000004,0.8660254037844384,0.7071067811865476,-0.7071067811865475,1.7,10.0
2026-07-26 10:20:00,330.0,11.0,1.5,1016.0,16.0,16.4,1.5,1.7,1.6,10.0,10.0,11.0,1016.0,1015.9,1016.1,1.5,0.0,1.566666666666667,0.115470053837925,10.666666666666666,0.5773502691896255,10.5,0.5477225575051706,-0.10000000000002274,0.10000000000002274,-0.5000000000000004,0.8660254037844384,0.49999999999999994,-0.8660254037844387,1.7,11.0
2026-07-26 11:20:00,340.0,11.0,1.6,1016.5,16.0,16.4,1.6,1.7,1.5,10.0,11.0,11.0,1016.3,1016.3,1016.0,1.6,0.0,1.6333333333333337,0.057735026918962415,10.666666666666666,0.5773502691896255,10.666666666666666,0.5163977794943265,0.5,0.20000000000004547,-0.3420201433256686,0.9396926207859084,0.258819045102521,-0.9659258262890682,1.5,10.0
2026-07-26 12:20:00,330.0,10.0,1.7,1016.6,15.7,16.4,1.7,1.5,1.6,11.0,10.0,11.0,1016.6,1016.4,1016.5,1.7,0.0,1.6333333333333337,0.11547005383792529,10.666666666666666,0.5773502691896255,10.666666666666666,0.5163977794943265,0.10000000000002274,0.20000000000004547,-0.5000000000000004,0.8660254037844384,1.2246467991473532e-16,-1.0,1.5,10.0
2026-07-26 13:20:00,330.0,10.0,1.8,1017.0,15.7,16.4,1.8,1.5,1.7,10.0,10.0,10.0,1016.9,1016.8,1016.6,1.8,0.0,1.7000000000000004,0.17320508075688767,10.0,0.0,10.166666666666666,0.4082482904638712,0.39999999999997726,0.20000000000004547,-0.5000000000000004,0.8660254037844384,-0.2588190451025208,-0.9659258262890683,1.6,10.0
2026-07-26 14:20:00,330.0,10.0,1.6,1017.4,15.7,16.5,1.6,1.6,1.8,9.0,10.0,10.0,1017.4,1017.3,1017.0,1.6,0.0,1.6,0.0,9.333333333333334,0.5773502691896255,9.666666666666666,0.5163977794943228,0.39999999999997726,0.10000000000002274,-0.5000000000000004,0.8660254037844384,-0.4999999999999997,-0.8660254037844388,1.6,10.0
2026-07-26 15:20:00,340.0,9.0,1.6,1017.6,15.6,16.5,1.6,1.6,1.6,9.0,10.0,10.0,1017.6,1017.5,1017.4,1.6,0.0,1.6,0.0,9.333333333333334,0.5773502691896255,9.666666666666666,0.5163977794943228,0.20000000000004547,0.10000000000002274,-0.3420201433256686,0.9396926207859084,-0.7071067811865471,-0.7071067811865479,1.9,10.0
2026-07-26 16:20:00,330.0,9.0,1.6,1018.0,15.6,16.5,1.6,1.9,1.6,9.0,10.0,9.0,1017.9,1017.7,1017.6,1.6,0.0,1.7000000000000004,0.17320508075688765,9.0,0.0,9.5,0.5477225575051671,0.39999999999997726,0.2999999999999545,-0.5000000000000004,0.8660254037844384,-0.8660254037844385,-0.5000000000000004,1.6,9.0
2026-07-26 17:50:00,330.0,9.0,1.6,1018.1,15.7,16.5,1.6,1.6,1.6,9.0,8.0,9.0,1018.0,1018.3,1018.0,1.6,0.0,1.6,0.0,9.0,0.0,8.833333333333334,0.4082482904638683,0.10000000000002274,-0.1999999999999318,-0.5000000000000004,0.8660254037844384,-0.9659258262890683,-0.25881904510252063,1.7,9.0
2026-07-26 18:20:00,330.0,9.0,1.7,1018.2,15.7,16.6,1.7,1.6,1.6,9.0,9.0,8.0,1018.1,1018.1,1018.3,1.7,0.0,1.6500000000000004,0.05773502691896256,9.0,0.0,9.0,0.0,-0.09999999999990905,0.10000000000002274,-0.5000000000000004,0.8660254037844384,-1.0,-1.8369701987210297e-16,1.6,10.0
2026-07-26 18:50:00,330.0,10.0,1.6,1018.1,15.9,16.6,1.6,1.7,1.6,10.0,9.0,9.0,1018.1,1018.2,1018.1,1.6,0.0,1.6500000000000004,0.05773502691896256,9.666666666666666,0.5773502691896255,9.333333333333334,0.5163977794943228,0.0,-0.10000000000002274,-0.5000000000000004,0.8660254037844384,-1.0,-1.8369701987210297e-16,1.5,10.0
2026-07-26 19:20:00,330.0,10.0,1.5,1018.3,16.0,16.6,1.5,1.6,1.7,10.0,10.0,9.0,1018.2,1018.1,1018.2,1.5,0.0,1.5500000000000003,0.05773502691896279,10.0,0.0,9.833333333333334,0.40824829046386646,0.09999999999990905,0.1999999999999318,-0.5000000000000004,0.8660254037844384,-0.9659258262890684,0.2588190451025203,1.6,10.0
2026-07-26 20:20:00,320.0,10.0,1.7,1017.8,16.1,16.7,1.7,1.6,1.5,10.0,10.0,10.0,1017.8,1018.1,1018.3,1.7,0.0,1.666666666666667,0.05773502691896215,9.666666666666666,0.5773502691896255,9.5,0.5477225575051671,-0.5,-0.3000000000000682,-0.6427876096865396,0.7660444431189778,-0.8660254037844386,0.5000000000000001,1.5,10.0
2026-07-26 21:20:00,320.0,12.0,1.6,1017.2,16.3,16.7,1.6,1.5,1.7,11.0,10.0,10.0,1017.3,1017.5,1017.8,1.6,0.0,1.566666666666667,0.057735026918962734,10.666666666666666,1.5275252316519468,10.166666666666666,1.1690451944500118,-0.599999999999909,-0.2999999999999545,-0.6427876096865396,0.7660444431189778,-0.7071067811865477,0.7071067811865474,1.4,12.0
2026-07-26 22:50:00,320.0,11.0,1.4,1016.6,16.4,16.8,1.4,1.4,1.4,11.0,11.0,12.0,1016.7,1016.9,1016.9,1.4,0.0,1.4,0.0,11.0,0.0,11.166666666666666,0.40824829046386646,-0.2999999999999545,-0.2999999999999545,-0.6427876096865396,0.7660444431189778,-0.5000000000000004,0.8660254037844384,1.5,11.0
2026-07-26 23:20:00,320.0,11.0,1.5,1016.7,16.4,16.8,1.5,1.4,1.4,11.0,11.0,11.0,1016.7,1016.6,1016.9,1.5,0.0,1.4500000000000002,0.05773502691896274,11.0,0.0,11.0,0.0,-0.1999999999999318,0.10000000000002274,-0.6427876096865396,0.7660444431189778,-0.25881904510252157,0.9659258262890681,1.5,11.0
2026-07-27 00:20:00,320.0,11.0,1.5,1016.4,16.4,16.8,1.5,1.5,1.5,11.0,11.0,11.0,1016.3,1016.6,1016.7,1.5,0.0,1.5,0.0,11.0,0.0,11.0,0.0,-0.3000000000000682,-0.20000000000004547,-0.6427876096865396,0.7660444431189778,0.0,1.0,1.5,11.0
2026-07-27 00:50:00,320.0,11.0,1.5,1016.3,16.4,16.8,1.5,1.5,1.5,11.0,11.0,11.0,1016.3,1016.4,1016.6,1.5,0.0,1.5,0.0,11.0,0.0,11.0,0.0,-0.3000000000000682,-0.10000000000002274,-0.6427876096865396,0.7660444431189778,0.0,1.0,1.5,11.0
2026-07-27 01:20:00,320.0,11.0,1.5,1016.2,16.4,16.7,1.5,1.5,1.5,11.0,11.0,11.0,1016.3,1016.3,1016.4,1.5,0.0,1.5,0.0,11.333333333333334,0.5773502691896255,11.166666666666666,0.4082482904638632,-0.1999999999999318,-0.09999999999990905,-0.6427876096865396,0.7660444431189778,0.25881904510252074,0.9659258262890683,1.5,12.0
2026-07-27 02:20:00,320.0,12.0,1.5,1016.0,16.4,16.7,1.5,1.5,1.5,12.0,12.0,11.0,1016.1,1016.1,1016.2,1.5,0.0,1.5,0.0,12.0,0.0,11.666666666666666,0.516397779494324,-0.20000000000004547,-0.10000000000002274,-0.6427876096865396,0.7660444431189778,0.49999999999999994,0.8660254037844387,1.6,12.0
2026-07-27 04:20:00,330.0,13.0,1.4,1016.8,16.0,16.7,1.4,1.5,1.5,12.0,12.0,12.0,1016.6,1016.6,1016.3,1.4,0.0,1.4333333333333336,0.057735026918962484,12.333333333333334,0.5773502691896255,12.333333333333334,0.5163977794943228,0.5,0.1999999999999318,-0.5000000000000004,0.8660254037844384,0.8660254037844386,0.5000000000000001,1.6,12.0
2026-07-27 04:50:00,330.0,12.0,1.6,1017.2,16.0,16.7,1.6,1.4,1.5,12.0,13.0,12.0,1017.0,1016.8,1016.6,1.6,0.0,1.5000000000000002,0.11547005383792526,12.0,0.0,12.166666666666666,0.4082482904638632,0.6000000000000227,0.40000000000009095,-0.5000000000000004,0.8660254037844384,0.8660254037844386,0.5000000000000001,1.6,12.0
2026-07-27 05:20:00,330.0,12.0,1.6,1017.2,16.0,16.7,1.6,1.6,1.4,12.0,12.0,13.0,1017.2,1017.2,1016.8,1.6,0.0,1.6,0.0,12.0,0.0,12.0,0.0,0.40000000000009095,0.0,-0.5000000000000004,0.8660254037844384,0.9659258262890683,0.25881904510252074,1.6,12.0
2026-07-27 06:20:00,330.0,12.0,1.8,1017.2,15.8,16.7,1.8,1.6,1.6,12.0,12.0,12.0,1017.2,1017.2,1017.2,1.8,0.0,1.7333333333333336,0.1154700538379251,12.0,0.0,12.166666666666666,0.4082482904638632,0.0,0.0,-0.5000000000000004,0.8660254037844384,1.0,6.123233995736766e-17,1.8,12.0
2026-07-27 07:20:00,340.0,12.0,1.6,1017.2,15.8,16.6,1.6,1.8,1.8,11.0,12.0,12.0,1017.2,1017.1,1017.2,1.6,0.0,1.6666666666666672,0.11547005383792516,11.333333333333334,0.5773502691896255,11.666666666666666,0.5163977794943228,0.0,0.10000000000002274,-0.3420201433256686,0.9396926207859084,0.9659258262890683,-0.25881904510252063,1.7,11.0
2026-07-27 09:20:00,340.0,10.0,1.7,1016.8,15.5,16.6,1.7,1.7,1.7,10.0,10.0,10.0,1016.8,1016.9,1017.1,1.7,0.0,1.7,0.0,10.333333333333334,0.5773502691896255,10.333333333333334,0.516397779494329,-0.3000000000000682,-0.10000000000002274,-0.3420201433256686,0.9396926207859084,0.7071067811865476,-0.7071067811865475,1.6,10.0
2026-07-27 10:20:00,330.0,10.0,1.6,1016.7,15.5,16.6,1.6,1.6,1.7,10.0,10.0,10.0,1016.7,1016.7,1016.8,1.6,0.0,1.6,0.0,10.0,0.0,9.833333333333334,0.4082482904638746,-0.09999999999990905,0.0,-0.5000000000000004,0.8660254037844384,0.49999999999999994,-0.8660254037844387,1.6,10.0
2026-07-27 10:50:00,340.0,10.0,1.6,1016.6,15.5,16.6,1.6,1.6,1.6,9.0,10.0,10.0,1016.7,1016.7,1016.7,1.6,0.0,1.6,0.0,9.666666666666666,0.5773502691896255,9.833333333333334,0.4082482904638632,-0.10000000000002274,-0.10000000000002274,-0.3420201433256686,0.9396926207859084,0.49999999999999994,-0.8660254037844387,1.5,10.0
2026-07-27 11:20:00,330.0,10.0,1.5,1016.6,15.5,16.6,1.5,1.6,1.6,9.0,10.0,10.0,1016.6,1016.6,1016.7,1.5,0.0,1.5500000000000003,0.05773502691896274,9.333333333333334,0.5773502691896255,9.5,0.5477225575051671,-0.10000000000002274,0.0,-0.5000000000000004,0.8660254037844384,0.258819045102521,-0.9659258262890682,1.6,9.0
2026-07-27 12:20:00,340.0,9.0,1.6,1016.9,15.3,16.6,1.6,1.6,1.5,9.0,9.0,10.0,1016.9,1016.7,1016.6,1.6,0.0,1.6,0.0,9.333333333333334,0.5773502691896255,9.333333333333334,0.516397779494324,0.2999999999999545,0.1999999999999318,-0.3420201433256686,0.9396926207859084,1.2246467991473532e-16,-1.0,1.6,10.0
2026-07-27 13:20:00,330.0,10.0,1.6,1017.1,15.1,16.6,1.6,1.6,1.6,9.0,10.0,9.0,1016.9,1016.9,1016.9,1.6,0.0,1.6,0.0,9.666666666666666,0.5773502691896255,9.666666666666666,0.5163977794943228,0.20000000000004547,0.20000000000004547,-0.5000000000000004,0.8660254037844384,-0.2588190451025208,-0.9659258262890683,1.6,10.0
2026-07-27 14:20:00,320.0,10.0,1.4,1017.3,15.0,16.6,1.4,1.6,1.6,10.0,10.0,10.0,1017.2,1017.1,1017.1,1.4,0.0,1.466666666666667,0.11547005383792529,10.0,0.0,9.833333333333334,0.4082482904638632,0.1999999999999318,0.1999999999999318,-0.6427876096865396,0.7660444431189778,-0.4999999999999997,-0.8660254037844388,1.6,10.0
2026-07-27 14:50:00,330.0,10.0,1.6,1017.4,14.9,16.6,1.6,1.4,1.6,10.0,10.0,10.0,1017.3,1017.3,1017.1,1.6,0.0,1.5000000000000002,0.11547005383792529,10.0,0.0,10.0,0.0,0.2999999999999545,0.10000000000002274,-0.5000000000000004,0.8660254037844384,-0.4999999999999997,-0.8660254037844388,1.7,10.0
2026-07-27 15:20:00,330.0,10.0,1.7,1017.6,15.0,16.5,1.7,1.6,1.4,11.0,10.0,10.0,1017.5,1017.4,1017.3,1.7,0.0,1.6500000000000001,0.05773502691896219,10.333333333333334,0.5773502691896255,10.166666666666666,0.4082482904638632,0.3000000000000682,0.20000000000004547,-0.5000000000000004,0.8660254037844384,-0.7071067811865471,-0.7071067811865479,1.6,10.0
2026-07-27 16:20:00,330.0,10.0,1.8,1017.7,15.1,,1.8,1.6,1.7,10.0,10.0,10.0,1017.7,1017.7,1017.6,1.8,0.0,1.7333333333333336,0.11547005383792508,10.0,0.0,10.0,0.0,0.10000000000002274,0.0,-0.5000000000000004,0.8660254037844384,-0.8660254037844385,-0.5000000000000004,1.6,10.0
2026-07-27 16:50:00,330.0,10.0,1.6,1017.5,15.2,16.5,1.6,1.8,1.6,10.0,10.0,10.0,1017.6,1017.7,1017.7,1.6,0.0,1.7000000000000002,0.11547005383792511,10.0,0.0,10.0,0.0,-0.20000000000004547,-0.20000000000004547,-0.5000000000000004,0.8660254037844384,-0.8660254037844385,-0.5000000000000004,1.8,10.0
2026-07-27 17:20:00,330.0,10.0,1.8,1017.5,15.5,16.6,1.8,1.6,1.8,10.0,10.0,10.0,1017.5,1017.5,1017.7,1.8,0.0,1.7000000000000004,0.11547005383792511,10.0,0.0,10.0,0.0,-0.20000000000004547,0.0,-0.5000000000000004,0.8660254037844384,-0.9659258262890683,-0.25881904510252063,1.6,10.0
2026-07-27 18:20:00,330.0,11.0,1.6,1017.7,15.8,16.6,1.6,1.6,1.8,12.0,10.0,10.0,1017.7,1017.8,1017.5,1.6,0.0,1.6,0.0,11.333333333333334,0.5773502691896255,10.833333333333334,0.7527726527090819,0.20000000000004547,-0.09999999999990905,-0.5000000000000004,0.8660254037844384,-1.0,-1.8369701987210297e-16,1.8,11.0
2026-07-27 19:20:00,330.0,11.0,1.9,1017.8,15.9,16.6,1.9,1.8,1.6,11.0,11.0,11.0,1017.8,1017.7,1017.7,1.9,0.0,1.8666666666666671,0.057735026918962006,10.666666666666666,0.5773502691896255,10.833333333333334,0.4082482904638644,0.09999999999990905,0.09999999999990905,-0.5000000000000004,0.8660254037844384,-0.9659258262890684,0.2588190451025203,1.8,10.0
2026-07-27 20:20:00,320.0,11.0,1.8,1017.7,16.0,16.6,1.8,1.8,1.9,11.0,10.0,11.0,1017.7,1017.8,1017.8,1.8,0.0,1.8,0.0,11.0,0.0,10.666666666666666,0.5163977794943224,-0.09999999999990905,-0.09999999999990905,-0.6427876096865396,0.7660444431189778,-0.8660254037844386,0.5000000000000001,1.8,11.0
2026-07-27 20:50:00,330.0,11.0,1.8,1017.7,16.0,16.6,1.8,1.8,1.8,11.0,11.0,10.0,1017.7,1017.7,1017.8,1.8,0.0,1.8,0.0,11.0,0.0,11.0,0.0,-0.09999999999990905,0.0,-0.5000000000000004,0.8660254037844384,-0.8660254037844386,0.5000000000000001,1.9,11.0
2026-07-27 21:20:00,320.0,11.0,1.9,1017.2,16.1,16.6,1.9,1.8,1.8,11.0,11.0,11.0,1017.4,1017.7,1017.7,1.9,0.0,1.8500000000000003,0.05773502691896256,11.0,0.0,11.0,0.0,-0.5,-0.5,-0.6427876096865396,0.7660444431189778,-0.7071067811865477,0.7071067811865474,1.8,11.0
2026-07-27 22:20:00,320.0,11.0,1.7,1016.9,16.1,16.6,1.7,1.8,1.9,10.0,11.0,11.0,1017.1,1017.1,1017.2,1.7,0.0,1.7333333333333336,0.05773502691896285,10.333333333333334,0.5773502691896255,10.5,0.5477225575051671,-0.3000000000000682,-0.20000000000004547,-0.6427876096865396,0.7660444431189778,-0.5000000000000004,0.8660254037844384,1.7,11.0
2026-07-27 23:50:00,330.0,10.0,1.6,1016.0,16.1,16.6,1.6,1.6,1.7,10.0,10.0,11.0,1016.1,1016.2,1016.6,1.6,0.0,1.6,0.0,10.333333333333334,0.5773502691896255,10.5,0.5477225575051671,-0.6000000000000227,-0.20000000000004547,-0.5000000000000004,0.8660254037844384,-0.25881904510252157,0.9659258262890681,1.5,10.0
2026-07-28 00:20:00,330.0,10.0,1.5,1015.9,16.1,16.6,1.5,1.6,1.6,10.0,10.0,10.0,1015.9,1016.0,1016.2,1.5,0.0,1.5500000000000003,0.05773502691896274,10.0,0.0,10.166666666666666,0.40824829046386646,-0.3000000000000682,-0.10000000000002274,-0.5000000000000004,0.8660254037844384,0.0,1.0,1.5,11.0
2026-07-28 01:20:00,330.0,11.0,1.5,1015.5,16.1,16.6,1.5,1.5,1.5,10.0,11.0,10.0,1015.6,1015.7,1015.9,1.5,0.0,1.5,0.0,10.666666666666666,0.5773502691896255,10.666666666666666,0.516397779494324,-0.39999999999997726,-0.20000000000004547,-0.5000000000000004,0.8660254037844384,0.25881904510252074,0.9659258262890683,1.6,10.0
2026-07-28 02:20:00,330.0,11.0,1.5,1015.5,16.1,16.6,1.5,1.6,1.5,11.0,10.0,11.0,1015.6,1015.5,1015.5,1.5,0.0,1.5333333333333339,0.057735026918962595,11.0,0.0,10.5,0.5477225575051671,0.0,0.0,-0.5000000000000004,0.8660254037844384,0.49999999999999994,0.8660254037844387,1.4,10.0
2026-07-28 03:20:00,330.0,10.0,1.6,1015.5,16.0,16.6,1.6,1.4,1.5,10.0,10.0,11.0,1015.6,1015.5,1015.5,1.6,0.0,1.5333333333333339,0.11547005383792548,10.0,0.0,10.0,0.0,0.0,0.0,-0.5000000000000004,0.8660254037844384,0.7071067811865476,0.7071067811865476,1.4,10.0
2026-07-28 03:50:00,330.0,10.0,1.4,1015.5,16.0,16.6,1.4,1.6,1.4,11.0,10.0,10.0,1015.5,1015.5,1015.5,1.4,0.0,1.5000000000000004,0.1154700538379253,10.333333333333334,0.5773502691896255,10.166666666666666,0.4082482904638632,0.0,0.0,-0.5000000000000004,0.8660254037844384,0.7071067811865476,0.7071067811865476,1.4,10.0
2026-07-28 04:20:00,330.0,10.0,1.4,1015.6,16.0,16.6,1.4,1.4,1.6,11.0,10.0,10.0,1015.5,1015.5,1015.5,1.4,0.0,1.4,0.0,10.333333333333334,0.5773502691896255,10.333333333333334,0.5163977794943228,0.10000000000002274,0.10000000000002274,-0.5000000000000004,0.8660254037844384,0.8660254037844386,0.5000000000000001,1.4,11.0
2026-07-28 04:50:00,330.0,11.0,1.4,1015.6,16.0,16.6,1.4,1.4,1.4,10.0,10.0,10.0,1015.6,1015.6,1015.5,1.4,0.0,1.4,0.0,10.333333333333334,0.5773502691896255,10.333333333333334,0.5163977794943228,0.10000000000002274,0.0,-0.5000000000000004,0.8660254037844384,0.8660254037844386,0.5000000000000001,1.5,11.0
2026-07-28 06:20:00,330.0,10.0,1.6,1016.0,16.0,16.5,1.6,1.4,1.5,10.0,10.0,11.0,1015.9,1015.8,1015.8,1.6,0.0,1.5333333333333339,0.11547005383792525,9.666666666666666,0.5773502691896255,9.833333333333334,0.40824829046386313,0.20000000000004547,0.20000000000004547,-0.5000000000000004,0.8660254037844384,1.0,6.123233995736766e-17,1.4,10.0
2026-07-28 07:20:00,330.0,10.0,1.6,1015.6,15.9,16.6,1.6,1.4,1.6,10.0,10.0,10.0,1015.5,1015.9,1016.0,1.6,0.0,1.5333333333333339,0.11547005383792529,10.0,0.0,9.833333333333334,0.40824829046386313,-0.39999999999997726,-0.2999999999999545,-0.5000000000000004,0.8660254037844384,0.9659258262890683,-0.25881904510252063,1.6,10.0
2026-07-28 08:50:00,330.0,10.0,1.7,1015.5,16.0,16.6,1.7,1.7,1.6,10.0,10.0,10.0,1015.5,1015.4,1015.6,1.7,0.0,1.7,0.0,10.0,0.0,10.0,0.0,-0.10000000000002274,0.10000000000002274,-0.5000000000000004,0.8660254037844384,0.8660254037844387,-0.4999999999999998,1.8,9.0
2026-07-28 09:20:00,330.0,9.0,1.8,1015.3,16.0,16.6,1.8,1.7,1.7,9.0,10.0,10.0,1015.3,1015.5,1015.4,1.8,0.0,1.7500000000000002,0.05773502691896257,9.333333333333334,0.5773502691896255,9.666666666666666,0.5163977794943228,-0.10000000000002274,-0.20000000000004547,-0.5000000000000004,0.8660254037844384,0.7071067811865476,-0.7071067811865475,1.7,10.0
2026-07-28 10:20:00,330.0,10.0,1.8,1015.2,16.2,16.6,1.8,1.7,1.8,9.0,10.0,9.0,1015.2,1015.1,1015.3,1.8,0.0,1.7666666666666673,0.057735026918962595,9.666666666666666,0.5773502691896255,9.5,0.5477225575051671,-0.09999999999990905,0.10000000000002274,-0.5000000000000004,0.8660254037844384,0.49999999999999994,-0.8660254037844387,1.7,9.0
2026-07-28 11:20:00,330.0,11.0,1.8,1015.1,16.0,16.6,1.8,1.7,1.8,10.0,9.0,10.0,1015.2,1015.2,1015.2,1.8,0.0,1.7666666666666668,0.057735026918962595,10.666666666666666,0.5773502691896255,10.166666666666666,0.7527726527090811,-0.10000000000002274,-0.10000000000002274,-0.5000000000000004,0.8660254037844384,0.258819045102521,-0.9659258262890682,1.8,10.0
2026-07-28 12:20:00,330.0,10.0,1.8,1015.2,15.7,16.6,1.8,1.8,1.8,10.0,10.0,11.0,1015.1,1015.0,1015.1,1.8,0.0,1.8,0.0,10.0,0.0,10.333333333333334,0.5163977794943226,0.10000000000002274,0.20000000000004547,-0.5000000000000004,0.8660254037844384,1.2246467991473532e-16,-1.0,1.7,10.0
2026-07-28 13:20:00,330.0,9.0,1.8,1015.4,15.9,16.6,1.8,1.7,1.8,9.0,10.0,10.0,1015.2,1015.2,1015.2,1.8,0.0,1.7666666666666668,0.057735026918962595,9.0,0.0,9.5,0.5477225575051671,0.1999999999999318,0.1999999999999318,-0.5000000000000004,0.8660254037844384,-0.2588190451025208,-0.9659258262890683,1.7,10.0
2026-07-28 14:20:00,330.0,11.0,1.7,1015.3,15.9,16.6,1.7,1.7,1.8,11.0,10.0,9.0,1015.2,1015.3,1015.4,1.7,0.0,1.7,0.0,11.0,0.0,10.333333333333334,0.8164965809277264,-0.10000000000002274,0.0,-0.5000000000000004,0.8660254037844384,-0.4999999999999997,-0.8660254037844388,1.8,10.0
2026-07-28 15:20:00,330.0,10.0,1.8,1015.5,15.7,16.6,1.8,1.8,1.7,10.0,10.0,11.0,1015.5,1015.3,1015.3,1.8,0.0,1.8,0.0,10.333333333333334,0.5773502691896255,10.166666666666666,0.4082482904638632,0.20000000000004547,0.20000000000004547,-0.5000000000000004,0.8660254037844384,-0.7071067811865471,-0.7071067811865479,1.9,9.0
2026-07-28 16:20:00,330.0,10.0,1.8,1015.8,15.7,16.6,1.8,1.9,1.8,10.0,9.0,10.0,1015.8,1015.7,1015.5,1.8,0.0,1.833333333333334,0.05773502691896253,10.0,0.0,9.833333333333334,0.40824829046386313,0.2999999999999545,0.09999999999990905,-0.5000000000000004,0.8660254037844384,-0.8660254037844385,-0.5000000000000004,1.9,10.0
2026-07-28 17:20:00,330.0,10.0,1.8,1015.8,15.7,16.6,1.8,1.9,1.8,10.0,10.0,10.0,1016.0,1015.9,1015.8,1.8,0.0,1.833333333333334,0.05773502691896253,10.0,0.0,10.166666666666666,0.40824829046386313,0.0,-0.10000000000002274,-0.5000000000000004,0.8660254037844384,-0.9659258262890683,-0.25881904510252063,2.0,10.0
2026-07-28 18:20:00,330.0,10.0,1.9,1015.9,15.6,,1.9,2.0,1.8,10.0,10.0,10.0,1015.9,1015.9,1015.8,1.9,0.0,1.9333333333333336,0.057735026918962734,10.0,0.0,10.0,0.0,0.10000000000002274,0.0,-0.5000000000000004,0.8660254037844384,-1.0,-1.8369701987210297e-16,2.0,9.0
2026-07-28 19:20:00,330.0,9.0,2.0,1015.7,15.6,16.6,2.0,2.0,1.9,9.0,9.0,10.0,1015.6,1015.8,1015.9,2.0,0.0,2.0,0.0,9.333333333333334,0.5773502691896255,9.5,0.5477225575051671,-0.1999999999999318,-0.09999999999990905,-0.5000000000000004,0.8660254037844384,-0.9659258262890684,0.2588190451025203,2.0,11.0
2026-07-28 20:20:00,330.0,10.0,2.1,1015.5,15.6,,2.1,2.0,2.0,10.0,11.0,9.0,1015.6,1015.6,1015.7,2.1,0.0,2.0666666666666673,0.05773502691896285,10.0,0.0,10.166666666666666,0.40824829046386313,-0.20000000000004547,-0.10000000000002274,-0.5000000000000004,0.8660254037844384,-0.8660254037844386,0.5000000000000001,2.0,10.0
2026-07-28 21:20:00,320.0,10.0,2.2,1015.2,15.7,16.7,2.2,2.0,2.1,10.0,10.0,10.0,1015.2,1015.4,1015.5,2.2,0.0,2.1333333333333337,0.1154700538379253,10.0,0.0,10.0,0.0,-0.2999999999999545,-0.1999999999999318,-0.6427876096865396,0.7660444431189778,-0.7071067811865477,0.7071067811865474,2.0,10.0
2026-07-28 22:20:00,320.0,10.0,2.0,1014.6,15.8,16.7,2.0,2.0,2.2,10.0,10.0,10.0,1014.7,1014.8,1015.2,2.0,0.0,2.0,0.0,10.0,0.0,10.0,0.0,-0.6000000000000227,-0.1999999999999318,-0.6427876096865396,0.7660444431189778,-0.5000000000000004,0.8660254037844384,2.1,10.0
2026-07-28 23:20:00,320.0,11.0,2.2,1014.0,16.0,16.7,2.2,2.1,2.0,12.0,10.0,10.0,1014.0,1014.3,1014.6,2.2,0.0,2.1666666666666674,0.05773502691896269,11.0,1.0000000000000004,10.5,0.8366600265340753,-0.6000000000000227,-0.2999999999999545,-0.6427876096865396,0.7660444431189778,-0.25881904510252157,0.9659258262890681,2.0,10.0
2026-07-29 01:20:00,320.0,10.0,2.0,1012.9,16.3,16.7,2.0,2.1,1.9,11.0,11.0,11.0,1013.0,1013.1,1013.4,2.0,0.0,2.0333333333333337,0.05773502691896266,10.666666666666666,0.5773502691896255,10.666666666666666,0.5163977794943211,-0.5,-0.20000000000004547,-0.6427876096865396,0.7660444431189778,0.25881904510252074,0.9659258262890683,2.0,10.0
2026-07-29 02:20:00,330.0,11.0,1.9,1012.7,16.2,16.7,1.9,2.0,2.0,12.0,10.0,10.0,1012.7,1012.9,1012.9,1.9,0.0,1.9333333333333336,0.057735026918962484,11.333333333333334,0.5773502691896255,10.833333333333334,0.75277265270908,-0.1999999999999318,-0.1999999999999318,-0.5000000000000004,0.8660254037844384,0.49999999999999994,0.8660254037844387,2.0,11.0
2026-07-29 03:50:00,330.0,11.0,1.8,1012.9,16.2,16.6,1.8,1.8,2.0,11.0,11.0,11.0,1013.0,1013.0,1013.0,1.8,0.0,1.8,0.0,11.333333333333334,0.5773502691896255,11.166666666666666,0.4082482904638632,-0.10000000000002274,-0.10000000000002274,-0.5000000000000004,0.8660254037844384,0.7071067811865476,0.7071067811865476,1.9,11.0
2026-07-29 04:20:00,330.0,11.0,1.9,1013.2,16.2,16.6,1.9,1.8,1.8,11.0,11.0,11.0,1013.2,1012.9,1013.0,1.9,0.0,1.8500000000000003,0.05773502691896256,11.0,0.0,11.166666666666666,0.4082482904638632,0.20000000000004547,0.3000000000000682,-0.5000000000000004,0.8660254037844384,0.8660254037844386,0.5000000000000001,2.0,10.0
2026-07-29 05:20:00,330.0,9.0,1.9,1013.6,16.2,16.6,1.9,2.0,1.9,10.0,10.0,11.0,1013.6,1013.4,1013.2,1.9,0.0,1.9333333333333336,0.057735026918962595,9.666666666666666,0.5773502691896255,10.0,0.6324555320336787,0.39999999999997726,0.20000000000004547,-0.5000000000000004,0.8660254037844384,0.9659258262890683,0.25881904510252074,1.9,9.0
2026-07-29 06:20:00,330.0,9.0,1.9,1013.4,16.2,16.6,1.9,1.9,1.9,10.0,9.0,9.0,1013.4,1013.5,1013.6,1.9,0.0,1.9,0.0,9.333333333333334,0.5773502691896255,9.333333333333334,0.5163977794943284,-0.20000000000004547,-0.10000000000002274,-0.5000000000000004,0.8660254037844384,1.0,6.123233995736766e-17,1.7,9.0
2026-07-29 07:20:00,330.0,9.0,1.8,1013.0,16.1,16.6,1.8,1.7,1.9,10.0,9.0,9.0,1013.1,1013.3,1013.4,1.8,0.0,1.7666666666666673,0.05773502691896245,9.0,0.9999999999999998,9.0,0.6324555320336822,-0.39999999999997726,-0.2999999999999545,-0.5000000000000004,0.8660254037844384,0.9659258262890683,-0.25881904510252063,2.0,10.0
2026-07-29 09:20:00,330.0,9.0,2.0,1012.6,15.8,16.6,2.0,2.0,2.0,10.0,9.0,10.0,1012.8,1012.5,1012.7,2.0,0.0,2.0,0.0,9.666666666666666,0.5773502691896255,9.6,0.5477225575051747,-0.10000000000002274,0.10000000000002274,-0.5000000000000004,0.8660254037844384,0.7071067811865476,-0.7071067811865475,2.2,10.0
2026-07-29 10:20:00,330.0,10.0,2.0,1012.5,15.7,16.6,2.0,2.2,2.0,10.0,10.0,9.0,1012.5,1012.7,1012.6,2.0,0.0,2.066666666666667,0.11547005383792519,10.0,0.0,10.0,0.0,-0.10000000000002274,-0.20000000000004547,-0.5000000000000004,0.8660254037844384,0.49999999999999994,-0.8660254037844387,2.1,10.0
2026-07-29 11:50:00,330.0,9.0,2.0,1012.7,15.6,16.7,2.0,2.2,2.1,9.0,10.0,10.0,1012.7,1012.5,1012.5,2.0,0.0,2.066666666666667,0.11547005383792529,9.333333333333334,0.5773502691896255,9.666666666666666,0.5163977794943228,0.20000000000004547,0.20000000000004547,-0.5000000000000004,0.8660254037844384,0.258819045102521,-0.9659258262890682,2.2,9.0
2026-07-29 12:20:00,330.0,9.0,2.2,1012.8,15.6,16.7,2.2,2.0,2.2,9.0,9.0,10.0,1012.7,1012.7,1012.5,2.2,0.0,2.1,0.11547005383792526,9.333333333333334,0.5773502691896255,9.333333333333334,0.516397779494324,0.2999999999999545,0.09999999999990905,-0.5000000000000004,0.8660254037844384,1.2246467991473532e-16,-1.0,2.1,8.0
2026-07-29 13:20:00,330.0,9.0,2.2,1012.9,15.5,16.7,2.2,2.1,2.2,9.0,8.0,9.0,1012.9,1012.7,1012.8,2.2,0.0,2.166666666666667,0.05773502691896269,9.0,0.0,8.833333333333334,0.4082482904638683,0.10000000000002274,0.1999999999999318,-0.5000000000000004,0.8660254037844384,-0.2588190451025208,-0.9659258262890683,2.1,9.0
2026-07-29 14:20:00,330.0,9.0,2.0,1013.1,15.3,16.7,2.0,2.1,2.2,9.0,9.0,9.0,1012.9,1013.0,1012.9,2.0,0.0,2.0333333333333337,0.05773502691896269,9.0,0.0,9.0,0.0,0.20000000000004547,0.10000000000002274,-0.5000000000000004,0.8660254037844384,-0.4999999999999997,-0.8660254037844388,2.1,9.0
2026-07-29 15:50:00,330.0,9.0,2.2,1013.7,15.1,16.6,2.2,2.1,2.1,10.0,10.0,9.0,1013.6,1013.5,1013.5,2.2,0.0,2.166666666666667,0.05773502691896285,9.666666666666666,0.5773502691896255,9.666666666666666,0.516397779494324,0.20000000000004547,0.20000000000004547,-0.5000000000000004,0.8660254037844384,-0.7071067811865471,-0.7071067811865479,2.3,9.0
2026-07-29 17:20:00,330.0,9.0,2.2,1014.0,15.1,16.6,2.2,2.0,2.3,9.0,10.0,9.0,1013.9,1014.1,1013.9,2.2,0.0,2.1333333333333337,0.11547005383792518,9.0,0.0,9.166666666666666,0.4082482904638632,0.10000000000002274,-0.10000000000002274,-0.5000000000000004,0.8660254037844384,-0.9659258262890683,-0.25881904510252063,2.1,9.0
2026-07-29 18:20:00,330.0,10.0,2.1,1013.9,15.2,16.6,2.1,2.1,2.2,10.0,9.0,9.0,1014.1,1014.1,1014.0,2.1,0.0,2.1,0.0,10.0,0.0,9.833333333333334,0.40824829046386646,-0.10000000000002274,-0.20000000000004547,-0.5000000000000004,0.8660254037844384,-1.0,-1.8369701987210297e-16,2.1,11.0
2026-07-29 19:20:00,330.0,10.0,2.5,1013.9,15.4,16.6,2.5,2.1,2.1,11.0,11.0,10.0,1013.8,1014.1,1013.9,2.5,0.0,2.366666666666667,0.23094010767585033,10.666666666666666,0.5773502691896255,10.666666666666666,0.5163977794943284,0.0,-0.20000000000004547,-0.5000000000000004,0.8660254037844384,-0.9659258262890684,0.2588190451025203,2.2,10.0
2026-07-29 20:20:00,320.0,11.0,2.3,1013.8,15.4,16.6,2.3,2.2,2.5,10.0,10.0,10.0,1013.8,1014.1,1013.9,2.3,0.0,2.266666666666667,0.05773502691896129,10.333333333333334,0.5773502691896255,10.166666666666666,0.4082482904638632,-0.10000000000002274,-0.3000000000000682,-0.6427876096865396,0.7660444431189778,-0.8660254037844386,0.5000000000000001,2.4,10.0
2026-07-29 21:50:00,320.0,11.0,2.3,1013.5,15.7,16.6,2.3,2.3,2.4,11.0,11.0,10.0,1013.6,1013.7,1013.7,2.3,0.0,2.3,0.0,11.0,0.0,11.0,0.0,-0.20000000000004547,-0.20000000000004547,-0.6427876096865396,0.7660444431189778,-0.7071067811865477,0.7071067811865474,2.3,12.0
2026-07-29 23:20:00,320.0,11.0,2.3,1012.9,15.8,16.6,2.3,2.4,2.3,11.0,12.0,12.0,1013.1,1013.1,1013.4,2.3,0.0,2.3333333333333335,0.05773502691896266,11.0,0.0,11.5,0.5477225575051671,-0.5,-0.20000000000004547,-0.6427876096865396,0.7660444431189778,-0.25881904510252157,0.9659258262890681,2.5,12.0
2026-07-30 00:20:00,320.0,11.0,2.4,1012.6,15.8,16.6,2.4,2.5,2.3,11.0,12.0,11.0,1012.6,1012.7,1012.9,2.4,0.0,2.4333333333333336,0.0577350269189619,11.333333333333334,0.5773502691896255,11.333333333333334,0.5163977794943228,-0.2999999999999545,-0.10000000000002274,-0.6427876096865396,0.7660444431189778,0.0,1.0,2.4,11.0
2026-07-30 01:20:00,320.0,10.0,2.1,1012.4,15.7,16.6,2.1,2.4,2.4,10.0,11.0,11.0,1012.5,1012.4,1012.6,2.1,0.0,2.2,0.17320508075688756,10.333333333333334,0.5773502691896255,10.666666666666666,0.5163977794943228,-0.20000000000004547,0.0,-0.6427876096865396,0.7660444431189778,0.25881904510252074,0.9659258262890683,2.6,10.0
2026-07-30 02:20:00,320.0,10.0,2.3,1012.3,15.7,16.6,2.3,2.6,2.1,9.0,10.0,10.0,1012.3,1012.4,1012.4,2.3,0.0,2.4000000000000004,0.17320508075688829,9.666666666666666,0.5773502691896255,9.833333333333334,0.4082482904638632,-0.10000000000002274,-0.10000000000002274,-0.6427876096865396,0.7660444431189778,0.49999999999999994,0.8660254037844387,2.3,9.0
2026-07-30 03:20:00,320.0,9.0,2.3,1012.9,15.7,16.6,2.3,2.3,2.3,9.0,9.0,10.0,1012.6,1012.5,1012.3,2.3,0.0,2.3,0.0,9.333333333333334,0.5773502691896255,9.333333333333334,0.516397779494324,0.6000000000000227,0.39999999999997726,-0.6427876096865396,0.7660444431189778,0.7071067811865476,0.7071067811865476,2.5,9.0
2026-07-30 04:20:00,320.0,9.0,2.2,1012.8,15.5,16.6,2.2,2.5,2.3,8.0,9.0,9.0,1012.8,1012.7,1012.9,2.2,0.0,2.3000000000000003,0.1732050807568877,8.666666666666666,0.5773502691896255,8.666666666666666,0.5163977794943271,-0.10000000000002274,0.09999999999990905,-0.6427876096865396,0.7660444431189778,0.8660254037844386,0.5000000000000001,2.5,10.0
2026-07-30 05:20:00,320.0,9.0,2.2,1013.4,15.6,16.6,2.2,2.5,2.2,8.0,10.0,9.0,1013.4,1013.0,1012.8,2.2,0.0,2.3000000000000003,0.17320508075688756,8.666666666666666,0.5773502691896255,9.0,0.6324555320336795,0.6000000000000227,0.39999999999997726,-0.6427876096865396,0.7660444431189778,0.9659258262890683,0.25881904510252074,2.4,9.0
2026-07-30 06:20:00,320.0,8.0,2.3,1013.3,15.5,16.6,2.3,2.4,2.2,9.0,9.0,9.0,1013.3,1013.3,1013.4,2.3,0.0,2.3333333333333335,0.05773502691896302,8.666666666666666,0.5773502691896255,8.666666666666666,0.5163977794943272,-0.10000000000002274,0.0,-0.6427876096865396,0.7660444431189778,1.0,6.123233995736766e-17,2.1,8.0
2026-07-30 07:20:00,320.0,8.0,2.2,1013.8,15.5,16.6,2.2,2.1,2.3,8.0,8.0,8.0,1013.7,1013.6,1013.3,2.2,0.0,2.1666666666666674,0.05773502691896302,8.0,0.0,8.0,0.0,0.5,0.1999999999999318,-0.6427876096865396,0.7660444431189778,0.9659258262890683,-0.25881904510252063,2.2,9.0
2026-07-30 08:20:00,330.0,9.0,2.2,1013.7,15.5,16.5,2.2,2.2,2.2,9.0,9.0,8.0,1013.8,1013.7,1013.8,2.2,0.0,2.2,0.0,9.0,0.0,8.833333333333334,0.40824829046386646,-0.09999999999990905,0.0,-0.5000000000000004,0.8660254037844384,0.8660254037844387,-0.4999999999999998,2.4,10.0
2026-07-30 09:20:00,330.0,10.0,2.3,1013.6,15.4,16.6,2.3,2.4,2.2,10.0,10.0,9.0,1013.6,1013.6,1013.7,2.3,0.0,2.3333333333333335,0.05773502691896302,10.0,0.0,9.833333333333334,0.40824829046386646,-0.10000000000002274,0.0,-0.5000000000000004,0.8660254037844384,0.7071067811865476,-0.7071067811865475,2.1,10.0
2026-07-30 10:20:00,330.0,10.0,2.3,1014.0,15.3,16.6,2.3,2.1,2.3,10.0,10.0,10.0,1013.9,1014.0,1013.6,2.3,0.0,2.233333333333334,0.11547005383792507,9.666666666666666,0.5773502691896255,9.833333333333334,0.4082482904638632,0.39999999999997726,0.0,-0.5000000000000004,0.8660254037844384,0.49999999999999994,-0.8660254037844387,2.3,10.0
2026-07-30 10:50:00,330.0,10.0,2.3,1013.7,15.4,16.6,2.3,2.3,2.1,10.0,10.0,10.0,1013.8,1014.0,1014.0,2.3,0.0,2.3,0.0,10.0,0.0,9.833333333333334,0.4082482904638632,-0.2999999999999545,-0.2999999999999545,-0.5000000000000004,0.8660254037844384,0.49999999999999994,-0.8660254037844387,2.3,10.0
2026-07-30 11:20:00,330.0,10.0,2.3,1014.0,15.3,16.6,2.3,2.3,2.3,10.0,10.0,10.0,1013.9,1013.7,1014.0,2.3,0.0,2.3,0.0,10.0,0.0,10.0,0.0,0.0,0.2999999999999545,-0.5000000000000004,0.8660254037844384,0.258819045102521,-0.9659258262890682,2.2,10.0
2026-07-30 12:20:00,330.0,10.0,2.2,1014.0,15.3,16.5,2.2,2.2,2.3,10.0,10.0,10.0,1013.9,1014.0,1014.0,2.2,0.0,2.2,0.0,10.0,0.0,10.0,0.0,0.0,0.0,-0.5000000000000004,0.8660254037844384,1.2246467991473532e-16,-1.0,2.2,10.0
2026-07-30 13:20:00,330.0,10.0,2.3,1014.5,15.2,16.5,2.3,2.2,2.2,9.0,10.0,10.0,1014.4,1014.2,1014.0,2.3,0.0,2.266666666666667,0.05773502691896237,9.666666666666666,0.5773502691896255,9.5,0.5477225575051671,0.5,0.2999999999999545,-0.5000000000000004,0.8660254037844384,-0.2588190451025208,-0.9659258262890683,2.2,9.0
2026-07-30 14:20:00,330.0,9.0,2.1,1015.1,15.2,16.5,2.1,2.2,2.3,9.0,9.0,10.0,1015.0,1015.0,1014.5,2.1,0.0,2.1333333333333333,0.05773502691896301,9.333333333333334,0.5773502691896255,9.5,0.5477225575051671,0.6000000000000227,0.10000000000002274,-0.5000000000000004,0.8660254037844384,-0.4999999999999997,-0.8660254037844388,2.3,10.0
2026-07-30 15:20:00,330.0,9.0,2.2,1015.2,15.1,16.5,2.2,2.3,2.1,10.0,10.0,9.0,1015.1,1015.0,1015.1,2.2,0.0,2.233333333333334,0.05773502691896286,9.666666666666666,0.5773502691896255,9.5,0.5477225575051671,0.10000000000002274,0.20000000000004547,-0.5000000000000004,0.8660254037844384,-0.7071067811865471,-0.7071067811865479,2.1,9.0
2026-07-30 15:50:00,330.0,9.0,2.1,1015.4,15.0,16.5,2.1,2.2,2.3,9.0,9.0,10.0,1015.3,1015.2,1015.0,2.1,0.0,2.1500000000000004,0.05773502691896239,9.0,0.0,9.333333333333334,0.516397779494324,0.39999999999997726,0.1999999999999318,-0.5000000000000004,0.8660254037844384,-0.7071067811865471,-0.7071067811865479,2.0,8.0
2026-07-30 16:20:00,330.0,8.0,2.0,1015.4,15.0,16.5,2.0,2.1,2.2,9.0,9.0,9.0,1015.3,1015.4,1015.2,2.0,0.0,2.0500000000000003,0.05773502691896239,8.333333333333334,0.5773502691896255,8.666666666666666,0.5163977794943271,0.1999999999999318,0.0,-0.5000000000000004,0.8660254037844384,-0.8660254037844385,-0.5000000000000004,2.3,8.0
2026-07-30 17:20:00,320.0,10.0,2.2,1015.2,15.0,16.5,2.2,2.3,2.0,10.0,8.0,8.0,1015.2,1015.6,1015.4,2.2,0.0,2.233333333333334,0.05773502691896129,9.666666666666666,0.5773502691896255,8.833333333333334,0.9831920802501775,-0.1999999999999318,-0.39999999999997726,-0.6427876096865396,0.7660444431189778,-0.9659258262890683,-0.25881904510252063,2.2,10.0
2026-07-30 17:50:00,320.0,10.0,2.2,1015.6,15.0,16.5,2.2,2.2,2.3,10.0,10.0,8.0,1015.6,1015.2,1015.6,2.2,0.0,2.2,0.0,9.666666666666666,0.5773502691896255,9.666666666666666,0.5163977794943285,0.0,0.39999999999997726,-0.6427876096865396,0.7660444431189778,-0.9659258262890683,-0.25881904510252063,2.0,10.0
2026-07-30 18:20:00,330.0,10.0,2.0,1015.3,15.1,16.5,2.0,2.2,2.2,10.0,10.0,10.0,1015.3,1015.6,1015.2,2.0,0.0,2.1,0.11547005383792548,10.0,0.0,9.833333333333334,0.40824829046387207,0.09999999999990905,-0.3000000000000682,-0.5000000000000004,0.8660254037844384,-1.0,-1.8369701987210297e-16,2.0,11.0
2026-07-30 19:20:00,320.0,11.0,2.0,1015.7,15.2,16.5,2.0,2.0,2.0,11.0,11.0,10.0,1015.5,1015.4,1015.3,2.0,0.0,2.0,0.0,11.0,0.0,10.666666666666666,0.516397779494324,0.40000000000009095,0.3000000000000682,-0.6427876096865396,0.7660444431189778,-0.9659258262890684,0.2588190451025203,2.1,10.0
2026-07-30 19:50:00,320.0,10.0,2.1,1015.6,15.3,16.5,2.1,2.0,2.0,11.0,11.0,11.0,1015.6,1015.7,1015.4,2.1,0.0,2.0500000000000003,0.05773502691896274,10.666666666666666,0.5773502691896255,10.833333333333334,0.4082482904638632,0.20000000000004547,-0.10000000000002274,-0.6427876096865396,0.7660444431189778,-0.9659258262890684,0.2588190451025203,2.1,10.0
2026-07-30 20:20:00,320.0,10.0,2.1,1015.5,15.4,16.6,2.1,2.1,2.0,10.0,10.0,11.0,1015.5,1015.6,1015.7,2.1,0.0,2.1,0.0,10.0,0.0,10.333333333333334,0.516397779494324,-0.20000000000004547,-0.10000000000002274,-0.6427876096865396,0.7660444431189778,-0.8660254037844386,0.5000000000000001,1.9,11.0
2026-07-30 21:20:00,320.0,11.0,2.2,1015.2,15.5,16.5,2.2,1.9,2.1,11.0,11.0,10.0,1015.2,1015.2,1015.5,2.2,0.0,2.1000000000000005,0.17320508075688792,11.0,0.0,10.833333333333334,0.40824829046386646,-0.2999999999999545,0.0,-0.6427876096865396,0.7660444431189778,-0.7071067811865477,0.7071067811865474,2.3,11.0
2026-07-31 00:20:00,320.0,11.0,2.1,1015.4,15.7,15.7,2.1,2.0,2.0,11.0,11.0,10.0,1015.3,1015.1,1015.2,2.1,0.0,2.066666666666667,0.05773502691896285,11.0,0.0,10.833333333333334,0.4082482904638632,0.1999999999999318,0.2999999999999545,-0.6427876096865396,0.7660444431189778,0.0,1.0,2.0,11.0
2026-07-31 00:50:00,320.0,11.0,2.0,1015.3,15.8,15.7,2.0,2.1,2.0,11.0,11.0,11.0,1015.3,1015.4,1015.1,2.0,0.0,2.0500000000000003,0.05773502691896269,11.0,0.0,11.0,0.0,0.1999999999999318,-0.10000000000002274,-0.6427876096865396,0.7660444431189778,0.0,1.0,2.1,11.0
2026-07-31 01:20:00,320.0,11.0,2.1,1015.3,15.8,15.6,2.1,2.0,2.1,11.0,11.0,11.0,1015.3,1015.3,1015.4,2.1,0.0,2.0500000000000003,0.05773502691896269,11.0,0.0,11.0,0.0,-0.10000000000002274,0.0,-0.6427876096865396,0.7660444431189778,0.25881904510252074,0.9659258262890683,2.0,11.0
2026-07-31 02:20:00,320.0,11.0,2.0,1015.4,15.8,15.6,2.0,2.0,2.1,10.0,11.0,11.0,1015.5,1015.3,1015.3,2.0,0.0,2.0,0.0,10.333333333333334,0.5773502691896255,10.666666666666666,0.5163977794943228,0.10000000000002274,0.10000000000002274,-0.6427876096865396,0.7660444431189778,0.49999999999999994,0.8660254037844387,2.0,11.0
2026-07-31 02:50:00,320.0,11.0,2.0,1015.2,15.7,15.6,2.0,2.0,2.0,11.0,11.0,11.0,1015.4,1015.4,1015.3,2.0,0.0,2.0,0.0,11.0,0.0,10.666666666666666,0.5163977794943228,-0.09999999999990905,-0.1999999999999318,-0.6427876096865396,0.7660444431189778,0.49999999999999994,0.8660254037844387,2.0,11.0
2026-07-31 03:20:00,320.0,11.0,2.0,1015.5,15.6,15.6,2.0,2.0,2.0,11.0,11.0,11.0,1015.4,1015.2,1015.4,2.0,0.0,2.0,0.0,11.0,0.0,11.0,0.0,0.10000000000002274,0.2999999999999545,-0.6427876096865396,0.7660444431189778,0.7071067811865476,0.7071067811865476,2.0,10.0
2026-07-31 04:20:00,330.0,9.0,1.9,1016.1,15.5,15.6,1.9,2.0,2.0,9.0,10.0,11.0,1016.0,1015.7,1015.5,1.9,0.0,1.9333333333333336,0.057735026918962484,9.0,0.0,9.5,0.5477225575051713,0.6000000000000227,0.39999999999997726,-0.5000000000000004,0.8660254037844384,0.8660254037844386,0.5000000000000001,1.8,9.0
2026-07-31 06:20:00,320.0,9.0,1.9,1016.3,15.5,15.9,1.9,1.9,1.9,9.0,9.0,9.0,1016.1,1016.2,1016.3,1.9,0.0,1.9,0.0,9.0,0.0,9.0,0.0,0.0,0.09999999999990905,-0.6427876096865396,0.7660444431189778,1.0,6.123233995736766e-17,1.8,8.0
2026-07-31 07:20:00,320.0,9.0,1.8,1016.3,15.5,16.1,1.8,1.8,1.9,9.0,8.0,9.0,1016.2,1016.1,1016.3,1.8,0.0,1.8,0.0,9.0,0.0,8.666666666666666,0.5163977794943228,0.0,0.1999999999999318,-0.6427876096865396,0.7660444431189778,0.9659258262890683,-0.25881904510252063,1.8,9.0
2026-07-31 09:20:00,320.0,9.0,1.8,1015.7,15.4,16.1,1.8,1.7,1.7,9.0,9.0,9.0,1015.8,1015.8,1015.9,1.8,0.0,1.7666666666666668,0.057735026918962595,9.333333333333334,0.5773502691896255,9.166666666666666,0.40824829046386313,-0.1999999999999318,-0.09999999999990905,-0.6427876096865396,0.7660444431189778,0.7071067811865476,-0.7071067811865475,1.7,9.0
2026-07-31 10:20:00,330.0,9.0,1.9,1015.8,15.3,16.1,1.9,1.7,1.8,9.0,9.0,9.0,1015.9,1015.7,1015.7,1.9,0.0,1.8333333333333337,0.11547005383792507,8.666666666666666,0.5773502691896255,8.833333333333334,0.4082482904638632,0.09999999999990905,0.09999999999990905,-0.5000000000000004,0.8660254037844384,0.49999999999999994,-0.8660254037844387,1.9,9.0
2026-07-31 11:20:00,340.0,9.0,1.8,1016.1,15.3,16.1,1.8,1.9,1.9,9.0,9.0,9.0,1015.8,1015.7,1015.8,1.8,0.0,1.8333333333333337,0.05773502691896261,9.0,0.0,9.333333333333334,0.5163977794943226,0.3000000000000682,0.39999999999997726,-0.3420201433256686,0.9396926207859084,0.258819045102521,-0.9659258262890682,1.9,9.0
2026-07-31 13:20:00,330.0,10.0,1.8,1016.3,15.1,16.2,1.8,1.9,1.8,9.0,8.0,8.0,1016.4,1016.2,1016.1,1.8,0.0,1.8333333333333337,0.0577350269189625,9.0,0.9999999999999998,8.5,0.8366600265340758,0.1999999999999318,0.09999999999990905,-0.5000000000000004,0.8660254037844384,-0.2588190451025208,-0.9659258262890683,1.8,9.0
2026-07-31 14:20:00,330.0,9.0,1.8,1016.6,15.1,16.2,1.8,1.8,1.8,8.0,9.0,10.0,1016.6,1016.4,1016.3,1.8,0.0,1.8,0.0,8.333333333333334,0.5773502691896255,8.833333333333334,0.7527726527090814,0.3000000000000682,0.20000000000004547,-0.5000000000000004,0.8660254037844384,-0.4999999999999997,-0.8660254037844388,1.7,9.0
2026-07-31 15:20:00,350.0,8.0,1.9,1017.4,15.0,16.3,1.9,1.7,1.8,8.0,9.0,9.0,1017.0,1016.8,1016.6,1.9,0.0,1.8333333333333337,0.11547005383792507,8.333333333333334,0.5773502691896255,8.666666666666666,0.5163977794943228,0.7999999999999545,0.6000000000000227,-0.1736481776669304,0.984807753012208,-0.7071067811865471,-0.7071067811865479,1.8,9.0
2026-07-31 16:20:00,330.0,8.0,1.8,1017.6,15.1,16.4,1.8,1.8,1.9,8.0,9.0,8.0,1017.6,1017.4,1017.4,1.8,0.0,1.8,0.0,8.333333333333334,0.5773502691896255,8.166666666666666,0.7527726527090819,0.20000000000004547,0.20000000000004547,-0.5000000000000004,0.8660254037844384,-0.8660254037844385,-0.5000000000000004,1.7,9.0
2026-07-31 16:50:00,340.0,9.0,1.7,1017.4,15.2,16.4,1.7,1.8,1.8,9.0,8.0,9.0,1017.3,1017.6,1017.4,1.7,0.0,1.7500000000000002,0.05773502691896257,9.0,0.0,8.666666666666666,0.5163977794943219,0.0,-0.20000000000004547,-0.3420201433256686,0.9396926207859084,-0.8660254037844385,-0.5000000000000004,1.7,10.0
2026-07-31 17:20:00,330.0,10.0,1.7,1017.2,15.2,16.5,1.7,1.7,1.8,10.0,9.0,8.0,1017.1,1017.4,1017.6,1.7,0.0,1.7,0.0,10.0,0.0,9.5,0.5477225575051663,-0.39999999999997726,-0.1999999999999318,-0.5000000000000004,0.8660254037844384,-0.9659258262890683,-0.25881904510252063,1.9,10.0
2026-07-31 18:20:00,330.0,11.0,1.7,1017.3,15.4,16.6,1.7,1.9,1.7,11.0,10.0,10.0,1017.2,1017.3,1017.2,1.7,0.0,1.7666666666666668,0.11547005383792512,11.0,0.0,10.5,0.5477225575051671,0.09999999999990905,0.0,-0.5000000000000004,0.8660254037844384,-1.0,-1.8369701987210297e-16,1.8,10.0
2026-07-31 18:50:00,330.0,10.0,1.8,1017.4,15.5,16.6,1.8,1.7,1.9,10.0,11.0,10.0,1017.4,1017.3,1017.3,1.8,0.0,1.7500000000000004,0.05773502691896257,10.333333333333334,0.5773502691896255,10.666666666666666,0.516397779494324,0.10000000000002274,0.10000000000002274,-0.5000000000000004,0.8660254037844384,-1.0,-1.8369701987210297e-16,1.7,11.0
2026-07-31 19:20:00,330.0,11.0,1.7,1017.2,15.5,16.7,1.7,1.8,1.7,10.0,10.0,11.0,1017.2,1017.4,1017.3,1.7,0.0,1.7500000000000002,0.05773502691896257,10.666666666666666,0.5773502691896255,10.5,0.5477225575051671,-0.09999999999990905,-0.1999999999999318,-0.5000000000000004,0.8660254037844384,-0.9659258262890684,0.2588190451025203,1.8,11.0
2026-07-31 19:50:00,320.0,11.0,1.8,1017.0,15.7,16.7,1.8,1.7,1.8,11.0,11.0,10.0,1017.0,1017.2,1017.4,1.8,0.0,1.7500000000000004,0.05773502691896257,11.0,0.0,10.833333333333334,0.40824829046386646,-0.39999999999997726,-0.20000000000004547,-0.6427876096865396,0.7660444431189778,-0.9659258262890684,0.2588190451025203,1.8,12.0
2026-07-31 20:20:00,320.0,12.0,1.8,1017.0,15.8,16.7,1.8,1.8,1.7,12.0,11.0,11.0,1017.0,1017.0,1017.2,1.8,0.0,1.8,0.0,11.666666666666666,0.5773502691896255,11.333333333333334,0.5163977794943228,-0.20000000000004547,0.0,-0.6427876096865396,0.7660444431189778,-0.8660254037844386,0.5000000000000001,1.9,12.0
2026-07-31 23:50:00,320.0,13.0,1.9,1016.4,16.1,16.8,1.9,1.9,1.9,12.0,12.0,12.0,1016.2,1016.4,1016.7,1.9,0.0,1.9,0.0,12.333333333333334,0.5773502691896255,12.0,0.6324555320336759,-0.3000000000000682,0.0,-0.6427876096865396,0.7660444431189778,-0.25881904510252157,0.9659258262890681,2.0,12.0
2026-08-01 00:20:00,320.0,12.0,2.0,1016.2,16.1,16.8,2.0,1.9,1.9,13.0,13.0,12.0,1016.3,1016.4,1016.4,2.0,0.0,1.9400000000000002,0.05477225575051668,12.333333333333334,0.5773502691896255,12.333333333333334,0.5163977794943226,-0.1999999999999318,-0.1999999999999318,-0.6427876096865396,0.7660444431189778,0.0,1.0,2.0,12.0
2026-08-01 01:20:00,320.0,12.0,1.9,1016.1,16.1,16.8,1.9,2.0,2.0,12.0,12.0,12.0,1016.1,1016.3,1016.2,1.9,0.0,1.9333333333333336,0.057735026918962484,12.0,0.0,12.0,0.0,-0.10000000000002274,-0.1999999999999318,-0.6427876096865396,0.7660444431189778,0.25881904510252074,0.9659258262890683,2.0,12.0
2026-08-01 02:50:00,320.0,13.0,1.8,1016.4,16.0,16.8,1.8,1.8,2.0,12.0,12.0,12.0,1016.3,1016.4,1015.9,1.8,0.0,1.8,0.0,12.333333333333334,0.5773502691896255,12.166666666666666,0.4082482904638632,0.5,0.0,-0.6427876096865396,0.7660444431189778,0.49999999999999994,0.8660254037844387,1.9,13.0
2026-08-01 05:20:00,330.0,13.0,2.1,1017.6,15.5,16.6,2.1,2.1,2.1,12.0,13.0,13.0,1017.3,1017.1,1016.9,2.1,0.0,2.1,0.0,12.666666666666666,0.5773502691896255,12.833333333333334,0.4082482904638632,0.7000000000000455,0.5,-0.5000000000000004,0.8660254037844384,0.9659258262890683,0.25881904510252074,2.1,12.0
2026-08-01 07:20:00,330.0,10.0,2.0,1017.4,15.2,16.0,2.0,2.0,2.0,10.0,10.0,11.0,1017.4,1017.5,1017.7,2.0,0.0,2.0,0.0,10.333333333333334,0.5773502691896255,10.0,0.6324555320336848,-0.3000000000000682,-0.10000000000002274,-0.5000000000000004,0.8660254037844384,0.9659258262890683,-0.25881904510252063,2.1,10.0
2026-08-01 09:20:00,340.0,11.0,2.1,1016.6,15.0,15.5,2.1,2.1,2.0,10.0,11.0,11.0,1016.7,1016.9,1017.1,2.1,0.0,2.1,0.0,10.0,1.0000000000000004,10.333333333333334,0.8164965809277264,-0.5,-0.2999999999999545,-0.3420201433256686,0.9396926207859084,0.7071067811865476,-0.7071067811865475,2.2,10.0
2026-08-01 10:20:00,340.0,10.0,2.2,1016.4,15.1,15.5,2.2,2.2,2.1,10.0,10.0,11.0,1016.4,1016.4,1016.6,2.2,0.0,2.2,0.0,10.0,0.0,10.333333333333334,0.5163977794943229,-0.20000000000004547,0.0,-0.3420201433256686,0.9396926207859084,0.49999999999999994,-0.8660254037844387,2.3,10.0
2026-08-01 10:50:00,330.0,10.0,2.3,1016.4,15.1,15.6,2.3,2.2,2.2,10.0,10.0,10.0,1016.5,1016.4,1016.4,2.3,0.0,2.25,0.05773502691896237,10.0,0.0,10.0,0.0,0.0,0.0,-0.5000000000000004,0.8660254037844384,0.49999999999999994,-0.8660254037844387,2.3,10.0
2026-08-01 11:20:00,340.0,10.0,2.3,1016.1,15.0,15.6,2.3,2.3,2.2,9.0,10.0,10.0,1016.2,1016.4,1016.4,2.3,0.0,2.3,0.0,9.333333333333334,0.5773502691896255,9.666666666666666,0.5163977794943228,-0.2999999999999545,-0.2999999999999545,-0.3420201433256686,0.9396926207859084,0.258819045102521,-0.9659258262890682,2.5,9.0
2026-08-01 12:20:00,340.0,9.0,2.2,1016.1,15.0,15.7,2.2,2.5,2.3,9.0,9.0,10.0,1016.1,1016.2,1016.1,2.2,0.0,2.3000000000000003,0.1732050807568877,8.666666666666666,0.5773502691896255,9.0,0.632455532033678,0.0,-0.10000000000002274,-0.3420201433256686,0.9396926207859084,1.2246467991473532e-16,-1.0,2.2,9.0
2026-08-01 12:50:00,330.0,9.0,2.2,1016.2,15.0,15.7,2.2,2.2,2.5,9.0,9.0,9.0,1016.1,1016.1,1016.2,2.2,0.0,2.2,0.0,9.0,0.0,8.833333333333334,0.40824829046386735,0.0,0.10000000000002274,-0.5000000000000004,0.8660254037844384,1.2246467991473532e-16,-1.0,2.1,9.0
2026-08-01 14:20:00,330.0,10.0,2.1,1016.8,15.0,15.6,2.1,2.0,2.1,9.0,10.0,9.0,1016.6,1016.5,1016.2,2.1,0.0,2.066666666666667,0.05773502691896263,9.666666666666666,0.5773502691896255,9.833333333333334,0.40824829046386646,0.599999999999909,0.2999999999999545,-0.5000000000000004,0.8660254037844384,-0.4999999999999997,-0.8660254037844388,2.0,10.0
2026-08-01 15:20:00,330.0,10.0,1.9,1016.7,15.1,15.2,1.9,2.0,2.1,10.0,10.0,10.0,1016.7,1016.8,1016.8,1.9,0.0,1.9333333333333336,0.057735026918962866,10.0,0.0,9.833333333333334,0.40824829046386646,-0.09999999999990905,-0.09999999999990905,-0.5000000000000004,0.8660254037844384,-0.7071067811865471,-0.7071067811865479,2.1,9.0
2026-08-01 17:50:00,330.0,9.0,2.1,1017.3,14.9,15.2,2.1,2.0,2.1,9.0,10.0,10.0,1017.3,1017.4,1017.5,2.1,0.0,2.066666666666667,0.05773502691896263,9.0,0.0,9.333333333333334,0.516397779494324,-0.20000000000004547,-0.10000000000002274,-0.5000000000000004,0.8660254037844384,-0.9659258262890683,-0.25881904510252063,2.1,9.0
2026-08-01 22:50:00,310.0,12.0,2.1,1014.5,15.7,15.4,2.1,2.1,2.4,12.0,12.0,12.0,1014.7,1015.0,1015.4,2.1,0.0,2.1,0.0,12.0,0.0,12.0,0.0,-0.8999999999999773,-0.5,-0.7660444431189781,0.6427876096865393,-0.5000000000000004,0.8660254037844384,2.2,12.0
2026-08-01 23:20:00,320.0,12.0,2.2,1014.2,15.8,15.6,2.2,2.1,2.1,12.0,12.0,12.0,1014.4,1014.5,1015.0,2.2,0.0,2.1500000000000004,0.05773502691896274,12.0,0.0,12.0,0.0,-0.7999999999999545,-0.2999999999999545,-0.6427876096865396,0.7660444431189778,-0.25881904510252157,0.9659258262890681,2.1,12.0
2026-08-02 01:20:00,320.0,12.0,2.0,1013.5,16.0,16.1,2.0,2.0,2.1,12.0,12.0,12.0,1013.5,1013.7,1013.8,2.0,0.0,2.0,0.0,11.666666666666666,0.5773502691896255,11.5,0.5477225575051671,-0.2999999999999545,-0.20000000000004547,-0.6427876096865396,0.7660444431189778,0.25881904510252074,0.9659258262890683,2.0,12.0
2026-08-02 02:20:00,320.0,11.0,2.0,1013.2,15.9,16.0,2.0,2.0,2.0,11.0,12.0,12.0,1013.1,1013.1,1013.5,2.0,0.0,2.0,0.0,11.333333333333334,0.5773502691896255,11.5,0.5477225575051671,-0.2999999999999545,0.10000000000002274,-0.6427876096865396,0.7660444431189778,0.49999999999999994,0.8660254037844387,1.8,11.0
2026-08-02 02:50:00,320.0,11.0,1.8,1013.3,15.9,16.1,1.8,2.0,2.0,11.0,11.0,12.0,1013.3,1013.2,1013.1,1.8,0.0,1.9000000000000001,0.11547005383792508,11.0,0.0,11.166666666666666,0.40824829046386646,0.1999999999999318,0.09999999999990905,-0.6427876096865396,0.7660444431189778,0.49999999999999994,0.8660254037844387,1.9,11.0
2026-08-02 03:20:00,320.0,11.0,1.9,1013.3,15.8,16.1,1.9,1.8,2.0,11.0,11.0,11.0,1013.3,1013.3,1013.2,1.9,0.0,1.8500000000000003,0.057735026918962234,11.0,0.0,11.0,0.0,0.09999999999990905,0.0,-0.6427876096865396,0.7660444431189778,0.7071067811865476,0.7071067811865476,1.8,10.0
2026-08-02 05:20:00,320.0,10.0,1.9,1013.8,15.7,16.6,1.9,1.8,1.8,9.0,10.0,10.0,1013.8,1013.8,1013.5,1.9,0.0,1.85,0.05773502691896256,9.333333333333334,0.5773502691896255,9.666666666666666,0.5163977794943228,0.2999999999999545,0.0,-0.6427876096865396,0.7660444431189778,0.9659258262890683,0.25881904510252074,1.8,9.0
2026-08-02 06:20:00,320.0,9.0,1.9,1013.6,15.6,16.7,1.9,1.8,1.9,9.0,9.0,10.0,1013.6,1013.8,1013.8,1.9,0.0,1.866666666666667,0.05773502691896253,9.333333333333334,0.5773502691896255,9.166666666666666,0.40824829046386646,-0.1999999999999318,-0.1999999999999318,-0.6427876096865396,0.7660444431189778,1.0,6.123233995736766e-17,2.0,9.0
2026-08-02 07:20:00,330.0,9.0,2.1,1013.3,15.4,16.6,2.1,2.0,1.9,9.0,9.0,9.0,1013.4,1013.4,1013.6,2.1,0.0,2.066666666666667,0.05773502691896265,9.0,0.0,8.833333333333334,0.4082482904638683,-0.3000000000000682,-0.10000000000002274,-0.5000000000000004,0.8660254037844384,0.9659258262890683,-0.25881904510252063,2.2,9.0
2026-08-02 08:20:00,320.0,9.0,2.1,1013.0,15.3,16.6,2.1,2.2,2.1,9.0,9.0,9.0,1013.0,1013.0,1013.3,2.1,0.0,2.1333333333333337,0.05773502691896269,9.0,0.0,9.0,0.0,-0.2999999999999545,0.0,-0.6427876096865396,0.7660444431189778,0.8660254037844387,-0.4999999999999998,2.3,9.0
2026-08-02 10:20:00,320.0,9.0,2.2,1012.7,15.2,16.6,2.2,2.2,2.1,9.0,9.0,9.0,1012.7,1012.7,1012.9,2.2,0.0,2.2,0.0,9.0,0.0,9.0,0.0,-0.1999999999999318,0.0,-0.6427876096865396,0.7660444431189778,0.49999999999999994,-0.8660254037844387,2.3,9.0
2026-08-02 10:50:00,320.0,9.0,2.3,1012.4,15.2,16.6,2.3,2.2,2.2,9.0,9.0,9.0,1012.4,1012.7,1012.7,2.3,0.0,2.25,0.05773502691896237,9.0,0.0,9.0,0.0,-0.3000000000000682,-0.3000000000000682,-0.6427876096865396,0.7660444431189778,0.49999999999999994,-0.8660254037844387,2.1,9.0
2026-08-02 11:20:00,320.0,9.0,2.1,1012.6,15.2,16.6,2.1,2.3,2.2,9.0,9.0,9.0,1012.6,1012.4,1012.7,2.1,0.0,2.2,0.11547005383792508,9.0,0.0,9.0,0.0,-0.10000000000002274,0.20000000000004547,-0.6427876096865396,0.7660444431189778,0.258819045102521,-0.9659258262890682,2.2,8.0
2026-08-02 12:20:00,330.0,9.0,2.1,1012.7,15.0,16.3,2.1,2.2,2.1,9.0,8.0,9.0,1012.7,1012.7,1012.6,2.1,0.0,2.1333333333333333,0.05773502691896269,8.666666666666666,0.5773502691896255,8.666666666666666,0.5163977794943228,0.10000000000002274,0.0,-0.5000000000000004,0.8660254037844384,1.2246467991473532e-16,-1.0,2.2,8.0
2026-08-02 13:20:00,320.0,9.0,2.2,1012.4,14.8,15.6,2.2,2.2,2.1,8.0,8.0,9.0,1012.6,1012.7,1012.7,2.2,0.0,2.2,0.0,8.333333333333334,0.5773502691896255,8.166666666666666,0.4082482904638632,-0.3000000000000682,-0.3000000000000682,-0.6427876096865396,0.7660444431189778,-0.2588190451025208,-0.9659258262890683,1.9,9.0
2026-08-02 13:50:00,320.0,9.0,1.9,1012.9,14.8,15.3,1.9,2.2,2.2,9.0,9.0,8.0,1012.8,1012.4,1012.7,1.9,0.0,2.0500000000000003,0.1732050807568878,9.0,0.0,8.666666666666666,0.516397779494324,0.1999999999999318,0.5,-0.6427876096865396,0.7660444431189778,-0.2588190451025208,-0.9659258262890683,2.0,9.0
2026-08-02 14:20:00,320.0,9.0,2.0,1013.1,14.7,15.3,2.0,1.9,2.2,9.0,9.0,9.0,1013.0,1012.9,1012.4,2.0,0.0,1.9500000000000002,0.05773502691896189,9.0,0.0,9.0,0.0,0.7000000000000455,0.20000000000004547,-0.6427876096865396,0.7660444431189778,-0.4999999999999997,-0.8660254037844388,1.9,9.0
2026-08-02 15:50:00,330.0,8.0,2.0,1013.3,14.6,15.5,2.0,2.0,1.9,8.0,9.0,9.0,1013.1,1013.0,1013.1,2.0,0.0,2.0,0.0,8.333333333333334,0.5773502691896255,8.666666666666666,0.5163977794943228,0.1999999999999318,0.2999999999999545,-0.5000000000000004,0.8660254037844384,-0.7071067811865471,-0.7071067811865479,2.0,8.0
2026-08-02 16:20:00,330.0,8.0,2.0,1013.3,14.8,15.8,2.0,2.0,2.0,8.0,8.0,9.0,1013.3,1013.3,1013.0,2.0,0.0,2.0,0.0,8.0,0.0,8.166666666666666,0.40824829046386646,0.2999999999999545,0.0,-0.5000000000000004,0.8660254037844384,-0.8660254037844385,-0.5000000000000004,2.2,8.0
2026-08-02 17:20:00,320.0,7.0,2.1,1013.1,14.6,15.8,2.1,2.2,2.0,7.0,8.0,8.0,1013.1,1013.0,1013.3,2.1,0.0,2.1333333333333333,0.0577350269189619,7.333333333333333,0.5773502691896258,7.666666666666667,0.5163977794943221,-0.1999999999999318,0.10000000000002274,-0.6427876096865396,0.7660444431189778,-0.9659258262890683,-0.25881904510252063,2.2,7.0
2026-08-02 19:20:00,320.0,6.0,2.4,1012.5,14.6,15.5,2.4,2.4,2.2,6.0,6.0,7.0,1012.7,1012.9,1012.9,2.4,0.0,2.4,0.0,6.0,0.0,6.0,0.0,-0.39999999999997726,-0.39999999999997726,-0.6427876096865396,0.7660444431189778,-0.9659258262890684,0.2588190451025203,2.4,7.0
2026-08-02 20:50:00,320.0,7.0,2.2,1011.6,14.5,15.8,2.2,2.4,2.4,7.0,7.0,7.0,1011.7,1011.9,1012.3,2.2,0.0,2.266666666666667,0.11547005383792522,7.0,0.0,7.0,0.0,-0.6999999999999318,-0.2999999999999545,-0.6427876096865396,0.7660444431189778,-0.8660254037844386,0.5000000000000001,2.4,8.0
2026-08-02 21:20:00,320.0,8.0,2.4,1011.4,14.6,15.7,2.4,2.2,2.4,8.0,7.0,7.0,1011.5,1011.6,1011.9,2.4,0.0,2.3000000000000003,0.11547005383792507,8.0,0.0,7.5,0.5477225575051659,-0.5,-0.20000000000004547,-0.6427876096865396,0.7660444431189778,-0.7071067811865477,0.7071067811865474,2.3,9.0
2026-08-02 22:20:00,330.0,10.0,2.3,1011.1,14.8,15.8,2.3,2.3,2.4,10.0,9.0,8.0,1011.0,1011.2,1011.4,2.3,0.0,2.3,0.0,9.666666666666666,0.5773502691896255,9.166666666666666,0.7527726527090838,-0.2999999999999545,-0.10000000000002274,-0.5000000000000004,0.8660254037844384,-0.5000000000000004,0.8660254037844384,2.5,10.0
2026-08-03 01:20:00,320.0,11.0,2.6,1009.8,15.4,15.9,2.6,2.6,2.4,11.0,10.0,11.0,1009.8,1010.1,1010.0,2.6,0.0,2.6,0.0,11.0,0.0,10.666666666666666,0.5163977794943228,-0.20000000000004547,-0.3000000000000682,-0.6427876096865396,0.7660444431189778,0.25881904510252074,0.9659258262890683,2.3,11.0
2026-08-03 02:20:00,320.0,11.0,2.4,1009.5,15.5,15.9,2.4,2.3,2.6,11.0,11.0,11.0,1009.5,1009.7,1009.8,2.4,0.0,2.3666666666666667,0.05773502691896341,11.0,0.0,10.666666666666666,0.5163977794943228,-0.2999999999999545,-0.20000000000004547,-0.6427876096865396,0.7660444431189778,0.49999999999999994,0.8660254037844387,2.4,10.0
2026-08-03 02:50:00,320.0,10.0,2.4,1009.6,15.4,15.9,2.4,2.4,2.3,10.0,11.0,11.0,1009.7,1009.5,1009.7,2.4,0.0,2.4,0.0,10.333333333333334,0.5773502691896255,10.666666666666666,0.5163977794943228,-0.10000000000002274,0.10000000000002274,-0.6427876096865396,0.7660444431189778,0.49999999999999994,0.8660254037844387,2.3,10.0
2026-08-03 03:20:00,320.0,10.0,2.3,1009.5,15.4,16.0,2.3,2.4,2.4,10.0,10.0,11.0,1009.5,1009.6,1009.5,2.3,0.0,2.35,0.05773502691896274,10.0,0.0,10.166666666666666,0.40824829046386646,0.0,-0.10000000000002274,-0.6427876096865396,0.7660444431189778,0.7071067811865476,0.7071067811865476,2.3,10.0
2026-08-03 04:20:00,320.0,10.0,2.3,1009.7,15.3,16.0,2.3,2.3,2.3,10.0,10.0,10.0,1009.7,1009.6,1009.5,2.3,0.0,2.3,0.0,10.0,0.0,10.0,0.0,0.20000000000004547,0.10000000000002274,-0.6427876096865396,0.7660444431189778,0.8660254037844386,0.5000000000000001,2.3,9.0
2026-08-03 05:20:00,320.0,8.0,2.1,1010.3,15.3,16.0,2.1,2.3,2.3,8.0,9.0,10.0,1010.2,1010.1,1009.7,2.1,0.0,2.166666666666667,0.11547005383792522,8.333333333333334,0.5773502691896255,9.0,0.8944271909999167,0.599999999999909,0.1999999999999318,-0.6427876096865396,0.7660444431189778,0.9659258262890683,0.25881904510252074,2.1,8.0
2026-08-03 06:20:00,320.0,8.0,2.2,1009.9,15.3,16.0,2.2,2.1,2.1,8.0,8.0,8.0,1010.0,1010.1,1010.3,2.2,0.0,2.1666666666666674,0.05773502691896285,8.0,0.0,8.0,0.0,-0.39999999999997726,-0.20000000000004547,-0.6427876096865396,0.7660444431189778,1.0,6.123233995736766e-17,2.0,8.0
2026-08-03 07:20:00,320.0,8.0,2.1,1009.7,15.2,16.0,2.1,2.0,2.2,8.0,8.0,8.0,1009.7,1009.8,1009.9,2.1,0.0,2.066666666666667,0.0577350269189619,8.0,0.0,8.0,0.0,-0.1999999999999318,-0.09999999999990905,-0.6427876096865396,0.7660444431189778,0.9659258262890683,-0.25881904510252063,2.0,8.0
2026-08-03 09:20:00,310.0,7.0,2.1,1009.2,14.9,15.4,2.1,1.9,2.2,7.0,7.0,7.0,1009.3,1009.4,1009.5,2.1,0.0,2.0333333333333337,0.115470053837925,7.0,0.0,7.0,0.0,-0.2999999999999545,-0.1999999999999318,-0.7660444431189781,0.6427876096865393,0.7071067811865476,-0.7071067811865475,2.0,7.0
2026-08-03 10:20:00,320.0,7.0,2.2,1009.2,14.7,,2.2,2.0,2.1,6.0,7.0,7.0,1009.2,1009.4,1009.2,2.2,0.0,2.133333333333334,0.1154700538379253,6.333333333333333,0.5773502691896258,6.666666666666667,0.5163977794943221,0.0,-0.1999999999999318,-0.6427876096865396,0.7660444431189778,0.49999999999999994,-0.8660254037844387,2.2,6.0
2026-08-03 11:20:00,330.0,5.0,2.2,1009.3,14.5,14.8,2.2,2.2,2.2,6.0,6.0,7.0,1009.2,1009.3,1009.2,2.2,0.0,2.2,0.0,5.666666666666667,0.5773502691896258,6.166666666666667,0.752772652709081,0.09999999999990905,0.0,-0.5000000000000004,0.8660254037844384,0.258819045102521,-0.9659258262890682,2.1,5.0
2026-08-03 11:50:00,330.0,5.0,2.1,1009.2,14.4,,2.1,2.2,2.2,5.0,5.0,6.0,1009.2,1009.3,1009.3,2.1,0.0,2.1500000000000004,0.05773502691896274,5.0,0.0,5.333333333333333,0.5163977794943221,-0.09999999999990905,-0.09999999999990905,-0.5000000000000004,0.8660254037844384,0.258819045102521,-0.9659258262890682,2.4,4.0
2026-08-03 12:20:00,330.0,4.0,2.4,1009.2,14.4,15.3,2.4,2.1,2.2,4.0,5.0,5.0,1009.3,1009.2,1009.3,2.4,0.0,2.25,0.1732050807568876,4.0,0.0,4.5,0.5477225575051671,-0.09999999999990905,0.0,-0.5000000000000004,0.8660254037844384,1.2246467991473532e-16,-1.0,2.3,4.0
2026-08-03 12:50:00,330.0,4.0,2.3,1009.3,14.3,15.5,2.3,2.4,2.1,4.0,4.0,5.0,1009.3,1009.2,1009.2,2.3,0.0,2.35,0.05773502691896275,4.0,0.0,4.0,0.0,0.09999999999990905,0.09999999999990905,-0.5000000000000004,0.8660254037844384,1.2246467991473532e-16,-1.0,2.4,5.0
2026-08-03 13:20:00,320.0,5.0,2.4,1009.5,14.4,15.6,2.4,2.3,2.4,4.0,4.0,4.0,1009.5,1009.3,1009.2,2.4,0.0,2.35,0.05773502691896275,4.333333333333333,0.5773502691896258,4.166666666666667,0.40824829046386296,0.2999999999999545,0.20000000000004547,-0.6427876096865396,0.7660444431189778,-0.2588190451025208,-0.9659258262890683,2.4,4.0
2026-08-03 14:20:00,340.0,4.0,2.3,1010.0,14.2,15.9,2.3,2.4,2.4,4.0,4.0,5.0,1009.9,1009.8,1009.5,2.3,0.0,2.3333333333333335,0.05773502691896285,4.0,0.0,4.333333333333333,0.5163977794943221,0.5,0.20000000000004547,-0.3420201433256686,0.9396926207859084,-0.4999999999999997,-0.8660254037844388,2.6,4.0
2026-08-03 14:50:00,330.0,4.0,2.6,1010.1,14.1,15.7,2.6,2.3,2.4,5.0,4.0,4.0,1010.0,1010.0,1009.8,2.6,0.0,2.45,0.17320508075688765,4.333333333333333,0.5773502691896258,4.166666666666667,0.40824829046386296,0.3000000000000682,0.10000000000002274,-0.5000000000000004,0.8660254037844384,-0.4999999999999997,-0.8660254037844388,2.4,2.0
2026-08-03 16:20:00,60.0,3.0,2.2,1010.5,13.7,16.3,2.2,2.2,2.4,2.0,2.0,2.0,1010.5,1010.4,1010.2,2.2,0.0,2.2,0.0,2.3333333333333335,0.5773502691896257,2.3333333333333335,0.5163977794943204,0.2999999999999545,0.10000000000002274,0.8660254037844386,0.5000000000000001,-0.8660254037844385,-0.5000000000000004,2.5,2.0
2026-08-03 17:20:00,60.0,3.0,2.3,1010.3,13.5,16.5,2.3,2.5,2.2,2.0,2.0,3.0,1010.3,1010.3,1010.5,2.3,0.0,2.366666666666667,0.11547005383792497,2.3333333333333335,0.5773502691896257,2.5,0.5477225575051649,-0.20000000000004547,0.0,0.8660254037844386,0.5000000000000001,-0.9659258262890683,-0.25881904510252063,2.3,2.0
2026-08-03 18:20:00,80.0,2.0,2.4,1010.4,13.6,16.7,2.4,2.3,2.3,2.0,2.0,3.0,1010.4,1010.3,1010.3,2.4,0.0,2.366666666666667,0.05773502691896285,2.0,0.0,2.0,0.0,0.10000000000002274,0.10000000000002274,0.984807753012208,0.17364817766693041,-1.0,-1.8369701987210297e-16,2.2,2.0
2026-08-03 19:20:00,70.0,2.0,2.2,1010.4,14.0,16.8,2.2,2.2,2.4,2.0,2.0,2.0,1010.4,1010.5,1010.4,2.2,0.0,2.2,0.0,2.0,0.0,2.3333333333333335,0.5163977794943223,0.0,-0.10000000000002274,0.9396926207859083,0.3420201433256688,-0.9659258262890684,0.2588190451025203,2.1,2.0
2026-08-03 20:20:00,260.0,1.0,2.2,1010.1,14.9,16.9,2.2,2.1,2.2,1.0,2.0,2.0,1010.1,1010.2,1010.4,2.2,0.0,2.166666666666667,0.05773502691896269,1.3333333333333333,0.5773502691896258,1.6666666666666667,0.5163977794943222,-0.2999999999999545,-0.10000000000002274,-0.984807753012208,-0.17364817766693033,-0.8660254037844386,0.5000000000000001,2.3,3.0
2026-08-03 21:20:00,280.0,3.0,2.3,1009.9,15.4,17.0,2.3,2.3,2.2,3.0,3.0,1.0,1010.0,1010.1,1010.1,2.3,0.0,2.3,0.0,3.0,0.0,2.8333333333333335,0.4082482904638633,-0.20000000000004547,-0.20000000000004547,-0.9848077530122081,0.17364817766692997,-0.7071067811865477,0.7071067811865474,2.4,3.0
2026-08-03 22:20:00,260.0,4.0,2.6,1009.8,15.5,17.1,2.6,2.4,2.3,3.0,3.0,3.0,1009.9,1009.9,1009.9,2.6,0.0,2.5333333333333337,0.11547005383792558,3.3333333333333335,0.5773502691896257,3.1666666666666665,0.408248290463863,-0.10000000000002274,-0.10000000000002274,-0.984807753012208,-0.17364817766693033,-0.5000000000000004,0.8660254037844384,2.4,4.0
2026-08-03 22:50:00,270.0,4.0,2.4,1009.7,15.4,17.2,2.4,2.6,2.4,3.0,4.0,3.0,1009.7,1009.8,1009.9,2.4,0.0,2.5,0.11547005383792544,3.6666666666666665,0.5773502691896257,3.5,0.5477225575051664,-0.1999999999999318,-0.09999999999990905,-1.0,-1.8369701987210297e-16,-0.5000000000000004,0.8660254037844384,2.4,4.0
2026-08-03 23:20:00,260.0,4.0,2.4,1009.3,15.4,17.3,2.4,2.4,2.6,3.0,4.0,4.0,1009.5,1009.7,1009.8,2.4,0.0,2.4,0.0,3.6666666666666665,0.5773502691896257,3.6666666666666665,0.5163977794943226,-0.5,-0.40000000000009095,-0.984807753012208,-0.17364817766693033,-0.25881904510252157,0.9659258262890681,2.3,3.0
2026-08-03 23:50:00,260.0,3.0,2.3,1009.3,15.3,17.2,2.3,2.4,2.4,4.0,4.0,4.0,1009.3,1009.3,1009.7,2.3,0.0,2.35,0.05773502691896274,3.6666666666666665,0.5773502691896257,3.6666666666666665,0.5163977794943226,-0.40000000000009095,0.0,-0.984807753012208,-0.17364817766693033,-0.25881904510252157,0.9659258262890681,2.6,3.0
2026-08-04 00:20:00,280.0,3.0,2.6,1008.9,15.4,17.2,2.6,2.3,2.4,4.0,3.0,4.0,1009.1,1009.3,1009.3,2.6,0.0,2.45,0.17320508075688767,3.6666666666666665,0.5773502691896257,3.6666666666666665,0.5163977794943226,-0.39999999999997726,-0.39999999999997726,-0.9848077530122081,0.17364817766692997,0.0,1.0,2.4,4.0
2026-08-04 01:20:00,280.0,3.0,2.3,1008.9,15.4,17.2,2.3,2.4,2.6,3.0,4.0,3.0,1008.9,1008.9,1008.9,2.3,0.0,2.3333333333333335,0.057735026918961915,3.0,0.0,3.1666666666666665,0.408248290463863,0.0,0.0,-0.9848077530122081,0.17364817766692997,0.25881904510252074,0.9659258262890683,2.1,3.0
2026-08-04 02:20:00,280.0,2.0,2.4,1008.8,15.4,17.1,2.4,2.1,2.3,3.0,3.0,3.0,1008.9,1008.8,1008.9,2.4,0.0,2.3000000000000003,0.1732050807568877,2.3333333333333335,0.5773502691896257,2.6666666666666665,0.5163977794943223,-0.10000000000002274,0.0,-0.9848077530122081,0.17364817766692997,0.49999999999999994,0.8660254037844387,2.1,3.0
2026-08-04 03:20:00,300.0,2.0,2.3,1009.0,15.4,17.1,2.3,2.1,2.4,3.0,3.0,2.0,1009.0,1008.9,1008.8,2.3,0.0,2.2333333333333334,0.11547005383792486,2.6666666666666665,0.5773502691896257,2.8333333333333335,0.408248290463863,0.20000000000004547,0.10000000000002274,-0.8660254037844386,0.5000000000000001,0.7071067811865476,0.7071067811865476,2.3,3.0
2026-08-04 04:20:00,300.0,3.0,1.9,1009.3,15.5,17.0,1.9,2.3,2.3,3.0,3.0,2.0,1009.3,1009.3,1009.0,1.9,0.0,2.0333333333333337,0.2309401076758502,3.0,0.0,2.8333333333333335,0.408248290463863,0.2999999999999545,0.0,-0.8660254037844386,0.5000000000000001,0.8660254037844386,0.5000000000000001,2.1,2.0
2026-08-04 06:20:00,180.0,1.0,1.9,1009.4,15.1,17.0,1.9,2.0,2.1,2.0,1.0,1.0,1009.4,1009.6,1009.6,1.9,0.0,1.9333333333333336,0.05773502691896199,1.6666666666666667,0.5773502691896258,1.5,0.5477225575051671,-0.20000000000004547,-0.20000000000004547,1.2246467991473532e-16,-1.0,1.0,6.123233995736766e-17,2.0,1.0
2026-08-04 07:20:00,200.0,3.0,1.8,1009.5,15.1,17.1,1.8,2.0,1.9,2.0,1.0,1.0,1009.5,1009.5,1009.4,1.8,0.0,1.8666666666666671,0.11547005383792529,2.3333333333333335,0.5773502691896257,1.6666666666666667,0.8164965809277266,0.10000000000002274,0.0,-0.34202014332566866,-0.9396926207859084,0.9659258262890683,-0.25881904510252063,1.7,3.0
2026-08-04 08:20:00,220.0,2.0,1.7,1009.6,14.9,17.0,1.7,1.7,1.8,2.0,3.0,3.0,1009.6,1009.6,1009.5,1.7,0.0,1.7,0.0,2.3333333333333335,0.5773502691896257,2.5,0.5477225575051664,0.10000000000002274,0.0,-0.6427876096865393,-0.766044443118978,0.8660254037844387,-0.4999999999999998,1.8,3.0
2026-08-04 08:50:00,170.0,3.0,1.8,1009.6,14.8,17.0,1.8,1.7,1.7,3.0,2.0,3.0,1009.6,1009.6,1009.6,1.8,0.0,1.7500000000000002,0.05773502691896257,3.0,0.0,2.6666666666666665,0.5163977794943225,0.0,0.0,0.17364817766693028,-0.984807753012208,0.8660254037844387,-0.4999999999999998,1.8,3.0
2026-08-04 09:20:00,160.0,3.0,1.8,1009.6,14.9,17.0,1.8,1.8,1.7,2.0,3.0,2.0,1009.6,1009.6,1009.6,1.8,0.0,1.8,0.0,2.6666666666666665,0.5773502691896257,2.8333333333333335,0.4082482904638632,0.0,0.0,0.3420201433256689,-0.9396926207859083,0.7071067811865476,-0.7071067811865475,1.8,3.0
2026-08-04 10:20:00,170.0,4.0,1.8,1009.8,14.9,17.0,1.8,1.8,1.8,2.0,3.0,3.0,1009.7,1009.5,1009.6,1.8,0.0,1.8,0.0,2.6666666666666665,1.1547005383792517,2.5,0.8366600265340759,0.1999999999999318,0.2999999999999545,0.17364817766693028,-0.984807753012208,0.49999999999999994,-0.8660254037844387,1.7,4.0
2026-08-04 10:50:00,200.0,4.0,1.7,1009.7,14.7,17.0,1.7,1.8,1.8,2.0,4.0,3.0,1009.7,1009.8,1009.5,1.7,0.0,1.75,0.05773502691896257,3.0,1.0,2.8333333333333335,0.9831920802501752,0.20000000000004547,-0.09999999999990905,-0.34202014332566866,-0.9396926207859084,0.49999999999999994,-0.8660254037844387,1.8,3.0
2026-08-04 11:20:00,190.0,3.0,1.8,1009.8,14.8,17.1,1.8,1.7,1.8,4.0,4.0,4.0,1009.7,1009.7,1009.8,1.8,0.0,1.7500000000000002,0.05773502691896257,3.3333333333333335,0.577350269189626,3.1666666666666665,0.7527726527090809,0.0,0.09999999999990905,-0.17364817766693047,-0.984807753012208,0.258819045102521,-0.9659258262890682,1.6,3.0
2026-08-04 12:20:00,180.0,3.0,1.5,1009.9,14.8,17.0,1.5,1.6,1.8,2.0,3.0,3.0,1009.9,1009.9,1009.8,1.5,0.0,1.5333333333333339,0.0577350269189632,3.0,0.9999999999999999,3.1666666666666665,0.7527726527090811,0.10000000000002274,0.0,1.2246467991473532e-16,-1.0,1.2246467991473532e-16,-1.0,1.6,3.0
2026-08-04 12:50:00,170.0,3.0,1.6,1010.0,14.8,17.0,1.6,1.5,1.6,3.0,3.0,3.0,1010.0,1009.9,1009.9,1.6,0.0,1.5500000000000003,0.057735026918963,3.0,0.0,3.0,0.6324555320336763,0.10000000000002274,0.10000000000002274,0.17364817766693028,-0.984807753012208,1.2246467991473532e-16,-1.0,1.7,3.0
2026-08-04 13:20:00,150.0,3.0,1.7,1010.3,14.7,17.0,1.7,1.6,1.5,3.0,3.0,3.0,1010.2,1010.0,1009.9,1.7,0.0,1.6500000000000001,0.057735026918962776,3.3333333333333335,0.5773502691896257,3.1666666666666665,0.4082482904638632,0.39999999999997726,0.2999999999999545,0.49999999999999994,-0.8660254037844387,-0.2588190451025208,-0.9659258262890683,1.6,4.0
2026-08-04 14:20:00,170.0,3.0,1.6,1010.7,14.6,17.0,1.6,1.6,1.7,4.0,4.0,3.0,1010.7,1010.6,1010.3,1.6,0.0,1.6,0.0,3.0,0.9999999999999999,3.3333333333333335,0.8164965809277258,0.40000000000009095,0.10000000000002274,0.17364817766693028,-0.984807753012208,-0.4999999999999997,-0.8660254037844388,1.6,2.0
2026-08-04 15:20:00,170.0,3.0,1.5,1010.9,14.7,16.9,1.5,1.6,1.6,4.0,2.0,3.0,1010.9,1011.0,1010.7,1.5,0.0,1.5333333333333339,0.057735026918962484,3.6666666666666665,0.5773502691896257,3.0,0.8944271909999164,0.1999999999999318,-0.10000000000002274,0.17364817766693028,-0.984807753012208,-0.7071067811865471,-0.7071067811865479,1.5,4.0
2026-08-04 16:20:00,160.0,4.0,1.5,1011.5,14.8,16.9,1.5,1.5,1.5,5.0,4.0,3.0,1011.6,1011.5,1010.9,1.5,0.0,1.5,0.0,4.0,0.9999999999999999,3.6666666666666665,0.8164965809277249,0.6000000000000227,0.0,0.3420201433256689,-0.9396926207859083,-0.8660254037844385,-0.5000000000000004,1.4,4.0
2026-08-04 17:20:00,160.0,4.0,1.4,1011.9,14.8,16.9,1.4,1.4,1.5,4.0,4.0,4.0,1011.8,1011.7,1011.5,1.4,0.0,1.4,0.0,4.0,0.0,4.0,0.0,0.39999999999997726,0.1999999999999318,0.3420201433256689,-0.9396926207859083,-0.9659258262890683,-0.25881904510252063,1.5,3.0
2026-08-04 18:20:00,190.0,4.0,1.4,1011.9,15.0,16.8,1.4,1.5,1.4,3.0,3.0,4.0,1012.0,1012.0,1011.9,1.4,0.0,1.4333333333333336,0.057735026918962595,3.6666666666666665,0.5773502691896257,3.3333333333333335,0.5163977794943226,0.0,-0.10000000000002274,-0.17364817766693047,-0.984807753012208,-1.0,-1.8369701987210297e-16,1.4,3.0
2026-08-04 18:50:00,160.0,3.0,1.4,1011.9,15.1,16.9,1.4,1.4,1.5,3.0,4.0,3.0,1011.9,1011.9,1012.0,1.4,0.0,1.4,0.0,3.0,0.0,3.3333333333333335,0.5163977794943226,-0.10000000000002274,0.0,0.3420201433256689,-0.9396926207859083,-1.0,-1.8369701987210297e-16,1.4,3.0
2026-08-04 20:20:00,180.0,3.0,1.3,1011.6,15.4,17.0,1.3,1.3,1.4,3.0,3.0,3.0,1011.7,1011.8,1011.9,1.3,0.0,1.3,0.0,3.0,0.0,2.8333333333333335,0.408248290463863,-0.2999999999999545,-0.1999999999999318,1.2246467991473532e-16,-1.0,-0.8660254037844386,0.5000000000000001,1.4,3.0
2026-08-04 21:20:00,190.0,4.0,1.5,1011.7,15.7,17.0,1.5,1.4,1.3,4.0,3.0,3.0,1011.7,1011.7,1011.6,1.5,0.0,1.466666666666667,0.05773502691896298,4.0,0.0,3.5,0.5477225575051664,0.10000000000002274,0.0,-0.17364817766693047,-0.984807753012208,-0.7071067811865477,0.7071067811865474,1.3,4.0
2026-08-04 21:50:00,180.0,4.0,1.3,1011.4,15.7,17.0,1.3,1.5,1.4,4.0,4.0,3.0,1011.7,1011.7,1011.7,1.3,0.0,1.4000000000000001,0.11547005383792516,4.0,0.0,4.0,0.0,-0.3000000000000682,-0.3000000000000682,1.2246467991473532e-16,-1.0,-0.7071067811865477,0.7071067811865474,1.3,4.0
2026-08-04 22:20:00,180.0,4.0,1.3,1011.5,15.7,17.1,1.3,1.3,1.5,4.0,4.0,4.0,1011.5,1011.4,1011.7,1.3,0.0,1.3,0.0,4.0,0.0,4.0,0.0,-0.20000000000004547,0.10000000000002274,1.2246467991473532e-16,-1.0,-0.5000000000000004,0.8660254037844384,1.5,4.0
2026-08-04 23:20:00,230.0,4.0,1.4,1011.2,15.7,17.1,1.4,1.5,1.3,4.0,4.0,4.0,1011.3,1011.4,1011.5,1.4,0.0,1.4333333333333336,0.057735026918962734,4.0,0.0,4.0,0.0,-0.2999999999999545,-0.1999999999999318,-0.7660444431189779,-0.6427876096865395,-0.25881904510252157,0.9659258262890681,1.4,4.0
2026-08-04 23:50:00,220.0,4.0,1.4,1011.1,15.8,,1.4,1.4,1.5,4.0,4.0,4.0,1011.2,1011.2,1011.4,1.4,0.0,1.4,0.0,4.0,0.0,4.0,0.0,-0.2999999999999545,-0.10000000000002274,-0.6427876096865393,-0.766044443118978,-0.25881904510252157,0.9659258262890681,1.4,3.0
2026-08-05 00:20:00,250.0,3.0,1.4,1011.0,15.8,17.1,1.4,1.4,1.4,3.0,4.0,4.0,1011.1,1011.1,1011.2,1.4,0.0,1.4,0.0,3.0,0.0,3.5,0.5477225575051664,-0.20000000000004547,-0.10000000000002274,-0.9396926207859084,-0.34202014332566855,0.0,1.0,1.3,3.0
2026-08-05 01:20:00,200.0,4.0,1.3,1011.2,15.7,17.1,1.3,1.3,1.4,3.0,3.0,3.0,1011.2,1011.1,1011.0,1.3,0.0,1.3,0.0,3.3333333333333335,0.5773502691896257,3.1666666666666665,0.408248290463863,0.20000000000004547,0.10000000000002274,-0.34202014332566866,-0.9396926207859084,0.25881904510252074,0.9659258262890683,1.4,3.0
2026-08-05 03:20:00,210.0,3.0,1.3,1011.4,15.8,17.0,1.3,1.4,1.4,3.0,3.0,3.0,1011.4,1011.2,1011.1,1.3,0.0,1.3333333333333337,0.05773502691896261,3.0,0.0,3.1666666666666665,0.408248290463863,0.2999999999999545,0.1999999999999318,-0.5000000000000001,-0.8660254037844386,0.7071067811865476,0.7071067811865476,1.4,4.0
2026-08-05 04:20:00,210.0,3.0,1.4,1012.1,15.7,16.9,1.4,1.4,1.3,3.0,4.0,3.0,1011.9,1011.7,1011.4,1.4,0.0,1.4,0.0,3.0,0.0,3.1666666666666665,0.408248290463863,0.7000000000000455,0.39999999999997726,-0.5000000000000001,-0.8660254037844386,0.8660254037844386,0.5000000000000001,1.2,3.0
2026-08-05 06:20:00,160.0,2.0,1.2,1012.4,15.7,16.8,1.2,1.3,1.1,2.0,2.0,3.0,1012.4,1012.5,1012.4,1.2,0.0,1.2333333333333336,0.05773502691896239,2.3333333333333335,0.5773502691896257,2.3333333333333335,0.516397779494322,0.0,-0.10000000000002274,0.3420201433256689,-0.9396926207859083,1.0,6.123233995736766e-17,1.2,2.0
2026-08-05 07:50:00,190.0,3.0,1.2,1012.4,15.6,16.9,1.2,1.4,1.2,3.0,2.0,2.0,1012.4,1012.4,1012.3,1.2,0.0,1.3,0.11547005383792511,2.6666666666666665,0.5773502691896257,2.6666666666666665,0.5163977794943226,0.10000000000002274,0.0,-0.17364817766693047,-0.984807753012208,0.9659258262890683,-0.25881904510252063,1.2,4.0
2026-08-05 10:20:00,160.0,4.0,1.2,1012.2,15.4,16.8,1.2,1.2,1.2,4.0,4.0,4.0,1012.4,1012.4,1012.3,1.2,0.0,1.2,0.0,4.0,0.0,3.6666666666666665,0.5163977794943223,-0.09999999999990905,-0.1999999999999318,0.3420201433256689,-0.9396926207859083,0.49999999999999994,-0.8660254037844387,1.3,4.0
2026-08-05 11:20:00,150.0,3.0,1.3,1012.2,15.0,16.8,1.3,1.3,1.2,4.0,4.0,4.0,1012.2,1012.2,1012.2,1.3,0.0,1.3,0.0,3.6666666666666665,0.5773502691896257,3.8333333333333335,0.408248290463863,0.0,0.0,0.49999999999999994,-0.8660254037844387,0.258819045102521,-0.9659258262890682,1.3,4.0
2026-08-05 11:50:00,160.0,4.0,1.3,1012.2,15.0,16.8,1.3,1.3,1.3,4.0,3.0,4.0,1012.2,1012.2,1012.2,1.3,0.0,1.3,0.0,4.0,0.0,3.8333333333333335,0.408248290463863,0.0,0.0,0.3420201433256689,-0.9396926207859083,0.258819045102521,-0.9659258262890682,1.2,3.0
2026-08-05 12:20:00,150.0,3.0,1.2,1012.0,14.9,16.8,1.2,1.3,1.3,3.0,4.0,3.0,1012.0,1012.2,1012.2,1.2,0.0,1.2500000000000002,0.05773502691896257,3.3333333333333335,0.5773502691896257,3.6666666666666665,0.5163977794943223,-0.20000000000004547,-0.20000000000004547,0.49999999999999994,-0.8660254037844387,1.2246467991473532e-16,-1.0,1.1,3.0
2026-08-05 12:50:00,170.0,3.0,1.1,1012.2,14.9,,1.1,1.2,1.3,3.0,3.0,4.0,1012.2,1012.0,1012.2,1.1,0.0,1.1500000000000004,0.05773502691896279,3.0,0.0,3.1666666666666665,0.4082482904638636,0.0,0.20000000000004547,0.17364817766693028,-0.984807753012208,1.2246467991473532e-16,-1.0,1.2,3.0
2026-08-05 13:50:00,160.0,4.0,1.2,1012.6,14.7,16.8,1.2,1.2,1.1,4.0,3.0,3.0,1012.6,1012.3,1012.2,1.2,0.0,1.2,0.0,4.0,0.0,3.3333333333333335,0.816496580927726,0.39999999999997726,0.3000000000000682,0.3420201433256689,-0.9396926207859083,-0.2588190451025208,-0.9659258262890683,1.3,4.0
2026-08-05 15:50:00,150.0,3.0,1.2,1013.7,14.8,16.7,1.2,1.2,1.2,4.0,5.0,4.0,1013.7,1013.4,1013.2,1.2,0.0,1.2,0.0,3.6666666666666665,0.5773502691896257,3.8333333333333335,0.752772652709081,0.5,0.3000000000000682,0.49999999999999994,-0.8660254037844387,-0.7071067811865471,-0.7071067811865479,1.2,3.0
2026-08-05 18:20:00,150.0,3.0,1.2,1014.6,15.2,16.6,1.2,1.1,1.2,3.0,3.0,3.0,1014.6,1014.5,1014.2,1.2,0.0,1.166666666666667,0.0577350269189625,3.0,0.0,2.8333333333333335,0.408248290463863,0.39999999999997726,0.10000000000002274,0.49999999999999994,-0.8660254037844387,-1.0,-1.8369701987210297e-16,1.2,3.0
2026-08-05 20:20:00,180.0,3.0,1.1,1014.3,15.6,16.6,1.1,1.1,1.3,3.0,3.0,3.0,1014.2,1014.3,1014.4,1.1,0.0,1.1,0.0,3.0,0.0,3.0,0.0,-0.10000000000002274,0.0,1.2246467991473532e-16,-1.0,-0.8660254037844386,0.5000000000000001,1.1,3.0
2026-08-05 21:20:00,210.0,3.0,1.1,1013.7,15.7,16.8,1.1,1.1,1.1,3.0,3.0,3.0,1013.9,1014.1,1014.3,1.1,0.0,1.1,0.0,3.0,0.0,3.0,0.0,-0.599999999999909,-0.39999999999997726,-0.5000000000000001,-0.8660254037844386,-0.7071067811865477,0.7071067811865474,1.1,3.0
2026-08-05 22:20:00,220.0,4.0,1.1,1013.5,15.9,16.9,1.1,1.1,1.1,3.0,3.0,3.0,1013.6,1013.5,1013.7,1.1,0.0,1.1,0.0,3.3333333333333335,0.5773502691896257,3.1666666666666665,0.408248290463863,-0.20000000000004547,0.0,-0.6427876096865393,-0.766044443118978,-0.5000000000000004,0.8660254037844384,1.2,3.0
2026-08-05 23:20:00,180.0,3.0,1.1,1013.2,16.2,16.9,1.1,1.2,1.1,3.0,3.0,4.0,1013.3,1013.3,1013.5,1.1,0.0,1.1333333333333335,0.05773502691896253,3.0,0.0,3.0,0.0,-0.2999999999999545,-0.09999999999990905,1.2246467991473532e-16,-1.0,-0.25881904510252157,0.9659258262890681,1.1,3.0
2026-08-06 01:20:00,210.0,3.0,1.2,1013.3,15.7,16.9,1.2,1.1,1.2,4.0,4.0,4.0,1013.3,1013.3,1013.4,1.2,0.0,1.166666666666667,0.0577350269189625,3.6666666666666665,0.5773502691896257,3.8333333333333335,0.408248290463863,-0.10000000000002274,0.0,-0.5000000000000001,-0.8660254037844386,0.25881904510252074,0.9659258262890683,1.1,3.0
2026-08-06 01:50:00,210.0,3.0,1.1,1013.2,15.8,16.9,1.1,1.2,1.1,3.0,3.0,4.0,1013.2,1013.3,1013.3,1.1,0.0,1.1500000000000004,0.05773502691896246,3.3333333333333335,0.5773502691896257,3.5,0.5477225575051664,-0.09999999999990905,-0.09999999999990905,-0.5000000000000001,-0.8660254037844386,0.25881904510252074,0.9659258262890683,1.1,3.0
2026-08-06 02:20:00,220.0,3.0,1.1,1013.5,15.8,16.8,1.1,1.1,1.2,3.0,3.0,3.0,1013.3,1013.2,1013.3,1.1,0.0,1.1,0.0,3.0,0.0,3.1666666666666665,0.4082482904638636,0.20000000000004547,0.2999999999999545,-0.6427876096865393,-0.766044443118978,0.49999999999999994,0.8660254037844387,1.1,3.0
2026-08-06 03:20:00,190.0,3.0,1.1,1013.4,15.8,16.8,1.1,1.1,1.1,2.0,3.0,3.0,1013.4,1013.4,1013.5,1.1,0.0,1.1,0.0,2.3333333333333335,0.5773502691896257,2.5,0.5477225575051664,-0.10000000000002274,0.0,-0.17364817766693047,-0.984807753012208,0.7071067811865476,0.7071067811865476,1.2,2.0
2026-08-06 03:50:00,210.0,2.0,1.2,1013.5,15.8,16.7,1.2,1.1,1.1,1.0,3.0,3.0,1013.6,1013.4,1013.4,1.2,0.0,1.1500000000000004,0.05773502691896256,1.6666666666666667,0.5773502691896256,2.0,0.6324555320336763,0.10000000000002274,0.10000000000002274,-0.5000000000000001,-0.8660254037844386,0.7071067811865476,0.7071067811865476,1.2,1.0
2026-08-06 04:20:00,200.0,1.0,1.2,1013.9,15.9,16.7,1.2,1.2,1.1,2.0,2.0,3.0,1013.8,1013.5,1013.4,1.2,0.0,1.2,0.0,1.6666666666666667,0.5773502691896258,1.6666666666666667,0.5163977794943232,0.5,0.39999999999997726,-0.34202014332566866,-0.9396926207859084,0.8660254037844386,0.5000000000000001,1.1,1.0
2026-08-06 05:20:00,200.0,2.0,1.2,1014.2,16.1,16.7,1.2,1.1,1.2,1.0,1.0,1.0,1014.1,1014.0,1013.9,1.2,0.0,1.166666666666667,0.05773502691896253,1.6666666666666667,0.5773502691896258,1.5,0.5477225575051671,0.3000000000000682,0.20000000000004547,-0.34202014332566866,-0.9396926207859084,0.9659258262890683,0.25881904510252074,1.2,2.0
2026-08-06 05:50:00,230.0,2.0,1.2,1014.3,15.9,16.7,1.2,1.2,1.1,2.0,2.0,1.0,1014.3,1014.2,1014.0,1.2,0.0,1.2,0.0,2.0,0.0,1.8333333333333333,0.40824829046386407,0.2999999999999545,0.09999999999990905,-0.7660444431189779,-0.6427876096865395,0.9659258262890683,0.25881904510252074,1.0,2.0
2026-08-06 07:20:00,210.0,1.0,1.1,1014.2,15.9,16.7,1.1,1.1,1.0,1.0,1.0,2.0,1014.2,1014.3,1014.1,1.1,0.0,1.1,0.0,1.3333333333333333,0.5773502691896258,1.5,0.5477225575051669,0.10000000000002274,-0.09999999999990905,-0.5000000000000001,-0.8660254037844386,0.9659258262890683,-0.25881904510252063,1.0,1.0
2026-08-06 08:20:00,150.0,2.0,1.1,1013.8,15.9,16.7,1.1,1.0,1.1,1.0,1.0,1.0,1013.8,1014.1,1014.2,1.1,0.0,1.066666666666667,0.057735026918962595,1.3333333333333333,0.5773502691896258,1.1666666666666667,0.408248290463863,-0.40000000000009095,-0.3000000000000682,0.49999999999999994,-0.8660254037844387,0.8660254037844387,-0.4999999999999998,1.0,1.0
2026-08-06 09:20:00,310.0,1.0,1.0,1013.6,15.8,16.8,1.0,1.0,1.1,1.0,1.0,2.0,1013.6,1013.6,1013.8,1.0,0.0,1.0,0.0,1.0,0.0,1.0,0.0,-0.1999999999999318,0.0,-0.7660444431189781,0.6427876096865393,0.7071067811865476,-0.7071067811865475,1.0,1.0
2026-08-06 09:50:00,350.0,1.0,1.0,1013.6,15.9,16.8,1.0,1.0,1.0,1.0,1.0,1.0,1013.7,1013.6,1013.6,1.0,0.0,1.0,0.0,1.0,0.0,1.0,0.0,0.0,0.0,-0.1736481776669304,0.984807753012208,0.7071067811865476,-0.7071067811865475,1.0,1.0
2026-08-06 10:20:00,250.0,1.0,1.0,1013.5,15.8,16.8,1.0,1.0,1.0,1.0,1.0,1.0,1013.5,1013.6,1013.6,1.0,0.0,1.0,0.0,1.0,0.0,1.0,0.0,-0.10000000000002274,-0.10000000000002274,-0.9396926207859084,-0.34202014332566855,0.49999999999999994,-0.8660254037844387,0.9,1.0
2026-08-06 11:20:00,330.0,1.0,0.9,1013.6,15.7,16.8,0.9,0.9,1.0,1.0,1.0,1.0,1013.6,1013.6,1013.5,0.9,0.0,0.9,0.0,1.0,0.0,1.0,0.0,0.10000000000002274,0.0,-0.5000000000000004,0.8660254037844384,0.258819045102521,-0.9659258262890682,0.9,1.0
2026-08-06 12:20:00,180.0,1.0,0.9,1013.8,15.7,16.9,0.9,0.9,0.9,1.0,1.0,1.0,1013.7,1013.7,1013.6,0.9,0.0,0.9,0.0,1.0,0.0,1.0,0.0,0.1999999999999318,0.09999999999990905,1.2246467991473532e-16,-1.0,1.2246467991473532e-16,-1.0,1.1,1.0
2026-08-06 12:50:00,200.0,1.0,1.1,1013.9,15.6,16.9,1.1,0.9,0.9,1.0,1.0,1.0,1013.9,1013.8,1013.7,1.1,0.0,1.0000000000000004,0.11547005383792518,1.0,0.0,1.0,0.0,0.1999999999999318,0.10000000000002274,-0.34202014332566866,-0.9396926207859084,1.2246467991473532e-16,-1.0,1.1,2.0
2026-08-06 13:20:00,200.0,2.0,1.1,1014.3,15.6,16.9,1.1,1.1,0.9,1.0,1.0,1.0,1014.1,1013.9,1013.8,1.1,0.0,1.1,0.0,1.6666666666666667,0.5773502691896258,1.3333333333333333,0.5163977794943222,0.5,0.39999999999997726,-0.34202014332566866,-0.9396926207859084,-0.2588190451025208,-0.9659258262890683,1.0,1.0
2026-08-06 14:20:00,230.0,2.0,1.1,1014.7,15.3,16.9,1.1,1.0,1.1,2.0,1.0,2.0,1014.7,1014.4,1014.3,1.1,0.0,1.066666666666667,0.057735026918962595,2.0,0.0,1.5,0.5477225575051661,0.40000000000009095,0.3000000000000682,-0.7660444431189779,-0.6427876096865395,-0.4999999999999997,-0.8660254037844388,1.0,1.0
2026-08-06 16:20:00,350.0,1.0,1.1,1015.3,15.4,16.8,1.1,,1.2,1.0,1.0,2.0,1015.2,1015.2,1014.9,1.1,0.0,1.1,0.0,1.0,0.0,1.0,0.0,0.39999999999997726,0.09999999999990905,-0.1736481776669304,0.984807753012208,-0.8660254037844385,-0.5000000000000004,1.1,2.0
2026-08-06 17:20:00,310.0,2.0,1.0,1015.2,15.4,16.8,1.0,1.1,1.1,1.0,2.0,1.0,1015.2,1015.2,1015.3,1.0,0.0,1.0333333333333337,0.057735026918962484,1.6666666666666667,0.5773502691896258,1.6666666666666667,0.5163977794943222,-0.09999999999990905,0.0,-0.7660444431189781,0.6427876096865393,-0.9659258262890683,-0.25881904510252063,1.0,1.0
2026-08-06 17:50:00,280.0,1.0,1.0,1015.5,15.6,16.8,1.0,1.0,1.1,1.0,2.0,2.0,1015.5,1015.2,1015.2,1.0,0.0,1.0,0.0,1.0,0.0,1.3333333333333333,0.5163977794943222,0.2999999999999545,0.2999999999999545,-0.9848077530122081,0.17364817766692997,-0.9659258262890683,-0.25881904510252063,1.0,2.0
2026-08-06 18:20:00,250.0,2.0,1.0,1015.7,15.6,16.8,1.0,1.0,1.0,1.0,1.0,2.0,1015.6,1015.5,1015.2,1.0,0.0,1.0,0.0,1.3333333333333333,0.5773502691896258,1.1666666666666667,0.408248290463863,0.5,0.20000000000004547,-0.9396926207859084,-0.34202014332566855,-1.0,-1.8369701987210297e-16,1.0,2.0
2026-08-06 20:20:00,260.0,2.0,1.0,1015.9,15.9,17.1,1.0,0.9,1.0,3.0,3.0,2.0,1015.8,1015.8,1016.0,1.0,0.0,0.9666666666666669,0.05773502691896255,2.6666666666666665,0.5773502691896257,2.5,0.5477225575051664,-0.10000000000002274,0.10000000000002274,-0.984807753012208,-0.17364817766693033,-0.8660254037844386,0.5000000000000001,0.9,3.0
2026-08-06 22:20:00,250.0,3.0,0.9,1015.5,16.1,17.4,0.9,1.0,0.9,3.0,3.0,3.0,1015.5,1015.4,1015.5,0.9,0.0,0.9333333333333337,0.05773502691896258,2.6666666666666665,0.5773502691896257,2.8333333333333335,0.408248290463863,0.0,0.10000000000002274,-0.9396926207859084,-0.34202014332566855,-0.5000000000000004,0.8660254037844384,0.9,3.0
2026-08-06 22:50:00,260.0,3.0,0.9,1015.2,16.0,17.4,0.9,0.9,1.0,3.0,3.0,3.0,1015.2,1015.5,1015.4,0.9,0.0,0.9,0.0,3.3333333333333335,0.5773502691896257,3.0,0.6324555320336759,-0.1999999999999318,-0.2999999999999545,-0.984807753012208,-0.17364817766693033,-0.5000000000000004,0.8660254037844384,0.8,3.0
2026-08-06 23:20:00,280.0,3.0,0.8,1015.1,16.0,17.2,0.8,0.9,0.9,3.0,3.0,3.0,1015.0,1015.2,1015.5,0.8,0.0,0.8500000000000003,0.05773502691896256,3.0,0.0,3.1666666666666665,0.408248290463863,-0.39999999999997726,-0.10000000000002274,-0.9848077530122081,0.17364817766692997,-0.25881904510252157,0.9659258262890681,0.8,4.0
2026-08-06 23:50:00,290.0,4.0,0.8,1014.7,16.1,17.3,0.8,0.8,0.9,4.0,3.0,3.0,1014.9,1015.1,1015.2,0.8,0.0,0.8,0.0,4.0,0.0,3.5,0.5477225575051664,-0.5,-0.39999999999997726,-0.9396926207859083,0.342020143325669,-0.25881904510252157,0.9659258262890681,0.8,4.0
2026-08-07 00:20:00,300.0,4.0,0.8,1014.6,16.1,17.2,0.8,0.8,0.8,4.0,4.0,3.0,1014.7,1014.7,1015.1,0.8,0.0,0.8,0.0,4.0,0.0,4.0,0.0,-0.5,-0.10000000000002274,-0.8660254037844386,0.5000000000000001,0.0,1.0,0.8,4.0
2026-08-07 01:20:00,290.0,4.0,0.8,1014.5,16.2,17.1,0.8,0.8,0.8,4.0,4.0,4.0,1014.4,1014.5,1014.6,0.8,0.0,0.8,0.0,4.0,0.0,3.8333333333333335,0.408248290463863,-0.10000000000002274,0.0,-0.9396926207859083,0.342020143325669,0.25881904510252074,0.9659258262890683,0.8,5.0
2026-08-07 02:20:00,300.0,5.0,0.8,1014.3,16.0,17.0,0.8,0.8,0.8,5.0,5.0,4.0,1014.3,1014.2,1014.5,0.8,0.0,0.8,0.0,5.0,0.0,4.833333333333333,0.4082482904638632,-0.20000000000004547,0.09999999999990905,-0.8660254037844386,0.5000000000000001,0.49999999999999994,0.8660254037844387,0.8,5.0
2026-08-07 02:50:00,300.0,5.0,0.8,1014.4,16.0,17.2,0.8,0.8,0.8,5.0,5.0,5.0,1014.2,1014.3,1014.2,0.8,0.0,0.8,0.0,5.0,0.0,5.0,0.0,0.1999999999999318,0.10000000000002274,-0.8660254037844386,0.5000000000000001,0.49999999999999994,0.8660254037844387,0.8,5.0
2026-08-07 03:20:00,320.0,5.0,0.8,1014.4,16.0,17.1,0.8,0.8,0.8,5.0,5.0,5.0,1014.5,1014.4,1014.3,0.8,0.0,0.8,0.0,5.0,0.0,5.0,0.0,0.10000000000002274,0.0,-0.6427876096865396,0.7660444431189778,0.7071067811865476,0.7071067811865476,0.9,6.0
2026-08-07 04:20:00,320.0,5.0,0.9,1014.9,16.2,17.0,0.9,0.9,0.8,5.0,6.0,5.0,1014.8,1014.5,1014.4,0.9,0.0,0.9,0.0,5.333333333333333,0.5773502691896258,5.666666666666667,0.5163977794943221,0.5,0.39999999999997726,-0.6427876096865396,0.7660444431189778,0.8660254037844386,0.5000000000000001,0.9,6.0
2026-08-07 05:20:00,330.0,6.0,0.8,1015.4,15.8,17.0,0.8,0.9,0.9,6.0,6.0,5.0,1015.1,1015.1,1014.9,0.8,0.0,0.8333333333333338,0.05773502691896258,6.0,0.0,5.833333333333333,0.4082482904638632,0.5,0.2999999999999545,-0.5000000000000004,0.8660254037844384,0.9659258262890683,0.25881904510252074,0.9,5.0
2026-08-07 07:20:00,340.0,5.0,0.8,1015.8,15.4,16.8,0.8,0.9,0.8,5.0,5.0,5.0,1015.6,1015.8,1015.6,0.8,0.0,0.8333333333333336,0.05773502691896255,4.666666666666667,0.5773502691896258,4.5,0.5477225575051659,0.1999999999999318,0.0,-0.3420201433256686,0.9396926207859084,0.9659258262890683,-0.25881904510252063,0.8,5.0
2026-08-07 08:20:00,330.0,5.0,0.8,1015.9,15.0,16.8,0.8,0.8,0.8,6.0,5.0,5.0,1016.0,1015.9,1015.8,0.8,0.0,0.8,0.0,5.333333333333333,0.5773502691896258,5.166666666666667,0.40824829046386296,0.10000000000002274,0.0,-0.5000000000000004,0.8660254037844384,0.8660254037844387,-0.4999999999999998,0.8,5.0
2026-08-07 09:20:00,330.0,6.0,0.8,1015.6,14.8,16.8,0.8,0.8,0.8,5.0,5.0,5.0,1015.7,1015.8,1015.9,0.8,0.0,0.8,0.0,5.333333333333333,0.5773502691896258,5.166666666666667,0.40824829046386296,-0.2999999999999545,-0.1999999999999318,-0.5000000000000004,0.8660254037844384,0.7071067811865476,-0.7071067811865475,0.8,6.0
2026-08-07 10:20:00,320.0,6.0,0.9,1015.5,14.4,16.9,0.9,0.8,0.8,5.0,6.0,6.0,1015.5,1015.5,1015.6,0.9,0.0,0.8666666666666671,0.05773502691896255,5.666666666666667,0.5773502691896258,5.666666666666667,0.5163977794943221,-0.10000000000002274,0.0,-0.6427876096865396,0.7660444431189778,0.49999999999999994,-0.8660254037844387,0.8,6.0
2026-08-07 11:20:00,340.0,5.0,0.7,1015.7,14.7,16.8,0.7,0.8,0.9,6.0,6.0,6.0,1015.6,1015.5,1015.5,0.7,0.0,0.7333333333333337,0.05773502691896269,5.666666666666667,0.5773502691896258,5.833333333333333,0.40824829046386296,0.20000000000004547,0.20000000000004547,-0.3420201433256686,0.9396926207859084,0.258819045102521,-0.9659258262890682,0.8,6.0
2026-08-07 12:20:00,340.0,6.0,0.9,1015.6,14.6,16.9,0.9,0.8,0.7,6.0,6.0,5.0,1015.6,1015.5,1015.7,0.9,0.0,0.866666666666667,0.05773502691896251,6.0,0.0,6.0,0.0,-0.10000000000002274,0.10000000000002274,-0.3420201433256686,0.9396926207859084,1.2246467991473532e-16,-1.0,0.8,6.0
2026-08-07 13:20:00,340.0,6.0,0.9,1015.9,14.6,16.9,0.9,0.8,0.9,6.0,6.0,6.0,1015.9,1015.9,1015.6,0.9,0.0,0.8500000000000003,0.05773502691896254,6.0,0.0,6.0,0.0,0.2999999999999545,0.0,-0.3420201433256686,0.9396926207859084,-0.2588190451025208,-0.9659258262890683,0.9,7.0
2026-08-07 14:20:00,340.0,6.0,0.8,1016.4,14.7,16.8,0.8,0.9,0.9,6.0,7.0,6.0,1016.3,1016.0,1015.9,0.8,0.0,0.8333333333333338,0.05773502691896258,6.0,0.0,6.166666666666667,0.40824829046386296,0.5,0.39999999999997726,-0.3420201433256686,0.9396926207859084,-0.4999999999999997,-0.8660254037844388,0.9,6.0
2026-08-07 14:50:00,350.0,6.0,0.9,1016.6,14.8,16.8,0.9,0.8,0.9,6.0,6.0,7.0,1016.5,1016.4,1016.0,0.9,0.0,0.8500000000000002,0.05773502691896256,6.0,0.0,6.0,0.0,0.6000000000000227,0.20000000000004547,-0.1736481776669304,0.984807753012208,-0.4999999999999997,-0.8660254037844388,0.9,6.0
2026-08-07 15:20:00,340.0,6.0,0.9,1016.7,14.8,16.8,0.9,0.9,0.8,6.0,6.0,6.0,1016.7,1016.6,1016.4,0.9,0.0,0.9,0.0,6.0,0.0,6.0,0.0,0.3000000000000682,0.10000000000002274,-0.3420201433256686,0.9396926207859084,-0.7071067811865471,-0.7071067811865479,0.9,5.0
2026-08-07 16:20:00,330.0,6.0,0.9,1017.0,14.3,16.8,0.9,0.9,0.9,5.0,5.0,6.0,1017.0,1017.1,1016.7,0.9,0.0,0.9,0.0,5.333333333333333,0.5773502691896258,5.5,0.5477225575051659,0.2999999999999545,-0.10000000000002274,-0.5000000000000004,0.8660254037844384,-0.8660254037844385,-0.5000000000000004,0.9,6.0
2026-08-07 17:20:00,330.0,5.0,0.9,1017.2,14.6,16.8,0.9,0.9,0.9,5.0,6.0,6.0,1017.1,1016.8,1017.0,0.9,0.0,0.9,0.0,5.333333333333333,0.5773502691896258,5.5,0.5477225575051659,0.20000000000004547,0.40000000000009095,-0.5000000000000004,0.8660254037844384,-0.9659258262890683,-0.25881904510252063,0.9,6.0
2026-08-07 18:20:00,350.0,5.0,0.9,1017.3,14.7,16.8,0.9,0.9,0.9,4.0,6.0,5.0,1017.3,1016.9,1017.2,0.9,0.0,0.9,0.0,5.0,0.9999999999999998,5.166666666666667,0.752772652709081,0.09999999999990905,0.39999999999997726,-0.1736481776669304,0.984807753012208,-1.0,-1.8369701987210297e-16,0.9,6.0
2026-08-07 19:20:00,320.0,5.0,0.9,1017.5,14.9,16.9,0.9,0.9,0.9,5.0,6.0,5.0,1017.7,1017.9,1017.3,0.9,0.0,0.9,0.0,5.333333333333333,0.5773502691896258,5.5,0.5477225575051659,0.20000000000004547,-0.39999999999997726,-0.6427876096865396,0.7660444431189778,-0.9659258262890684,0.2588190451025203,0.8,5.0
2026-08-07 20:20:00,320.0,6.0,0.9,1017.1,15.4,16.9,0.9,0.8,0.9,6.0,5.0,5.0,1017.2,1017.4,1017.5,0.9,0.0,0.866666666666667,0.05773502691896256,6.0,0.0,5.5,0.5477225575051659,-0.39999999999997726,-0.2999999999999545,-0.6427876096865396,0.7660444431189778,-0.8660254037844386,0.5000000000000001,0.8,7.0
2026-08-07 22:20:00,310.0,7.0,0.9,1016.0,15.4,16.8,0.9,0.9,0.9,7.0,7.0,7.0,1016.2,1016.4,1016.7,0.9,0.0,0.9,0.0,7.0,0.0,7.0,0.0,-0.7000000000000455,-0.39999999999997726,-0.7660444431189781,0.6427876096865393,-0.5000000000000004,0.8660254037844384,0.8,7.0
2026-08-07 22:50:00,310.0,7.0,0.8,1015.9,15.5,16.8,0.8,0.9,0.9,7.0,7.0,7.0,1015.9,1016.0,1016.4,0.8,0.0,0.8500000000000003,0.05773502691896256,7.0,0.0,7.0,0.0,-0.5,-0.10000000000002274,-0.7660444431189781,0.6427876096865393,-0.5000000000000004,0.8660254037844384,0.9,7.0
2026-08-07 23:20:00,310.0,7.0,0.9,1015.8,15.5,16.8,0.9,0.8,0.9,7.0,7.0,7.0,1016.0,1015.9,1016.0,0.9,0.0,0.8500000000000003,0.05773502691896256,7.0,0.0,7.0,0.0,-0.20000000000004547,-0.10000000000002274,-0.7660444431189781,0.6427876096865393,-0.25881904510252157,0.9659258262890681,0.9,7.0
2026-08-08 00:20:00,310.0,8.0,0.9,1015.7,15.6,16.8,0.9,0.9,0.9,7.0,7.0,7.0,1015.7,1015.8,1015.8,0.9,0.0,0.9,0.0,7.666666666666667,0.5773502691896258,7.333333333333333,0.5163977794943221,-0.09999999999990905,-0.09999999999990905,-0.7660444431189781,0.6427876096865393,0.0,1.0,0.9,8.0
2026-08-08 01:20:00,320.0,7.0,0.9,1015.7,15.6,16.8,0.9,0.9,0.9,7.0,8.0,8.0,1015.5,1015.5,1015.7,0.9,0.0,0.9,0.0,7.0,0.0,7.333333333333333,0.5163977794943221,0.0,0.20000000000004547,-0.6427876096865396,0.7660444431189778,0.25881904510252074,0.9659258262890683,1.0,8.0
2026-08-08 02:20:00,320.0,8.0,0.9,1015.4,15.5,16.7,0.9,1.0,0.9,8.0,8.0,7.0,1015.5,1015.5,1015.7,0.9,0.0,0.9333333333333336,0.05773502691896256,8.0,0.0,8.0,0.0,-0.3000000000000682,-0.10000000000002274,-0.6427876096865396,0.7660444431189778,0.49999999999999994,0.8660254037844387,1.0,8.0
2026-08-08 02:50:00,320.0,8.0,1.0,1015.5,15.4,16.7,1.0,0.9,1.0,8.0,8.0,8.0,1015.4,1015.4,1015.5,1.0,0.0,0.9500000000000002,0.05773502691896257,8.0,0.0,8.0,0.0,0.0,0.10000000000002274,-0.6427876096865396,0.7660444431189778,0.49999999999999994,0.8660254037844387,1.0,8.0
2026-08-08 03:20:00,320.0,8.0,1.0,1015.5,15.4,16.7,1.0,1.0,0.9,8.0,8.0,8.0,1015.5,1015.5,1015.4,1.0,0.0,1.0,0.0,8.0,0.0,8.0,0.0,0.10000000000002274,0.0,-0.6427876096865396,0.7660444431189778,0.7071067811865476,0.7071067811865476,1.0,8.0
2026-08-08 03:50:00,330.0,8.0,1.0,1015.5,15.1,16.7,1.0,1.0,1.0,8.0,8.0,8.0,1015.5,1015.5,1015.5,1.0,0.0,1.0,0.0,8.0,0.0,8.0,0.0,0.0,0.0,-0.5000000000000004,0.8660254037844384,0.7071067811865476,0.7071067811865476,1.0,8.0
2026-08-08 04:20:00,320.0,8.0,1.0,1015.8,14.9,16.8,1.0,1.0,1.0,8.0,8.0,8.0,1015.6,1015.5,1015.5,1.0,0.0,1.0,0.0,8.0,0.0,8.0,0.0,0.2999999999999545,0.2999999999999545,-0.6427876096865396,0.7660444431189778,0.8660254037844386,0.5000000000000001,1.0,7.0
2026-08-08 05:20:00,320.0,7.0,1.1,1016.0,14.9,16.7,1.1,1.0,1.0,7.0,7.0,8.0,1016.0,1016.0,1015.8,1.1,0.0,1.066666666666667,0.057735026918962484,7.0,0.0,7.0,0.0,0.20000000000004547,0.0,-0.6427876096865396,0.7660444431189778,0.9659258262890683,0.25881904510252074,1.1,7.0
2026-08-08 06:20:00,320.0,7.0,1.1,1016.0,14.9,16.7,1.1,1.1,1.1,7.0,7.0,7.0,1016.1,1016.1,1016.0,1.1,0.0,1.1,0.0,7.0,0.0,7.0,0.0,0.0,-0.10000000000002274,-0.6427876096865396,0.7660444431189778,1.0,6.123233995736766e-17,1.1,7.0
2026-08-08 06:50:00,330.0,7.0,1.1,1016.2,14.8,16.7,1.1,1.1,1.1,7.0,7.0,7.0,1016.1,1016.0,1016.1,1.1,0.0,1.1,0.0,7.0,0.0,7.0,0.0,0.10000000000002274,0.20000000000004547,-0.5000000000000004,0.8660254037844384,1.0,6.123233995736766e-17,1.1,6.0
2026-08-08 07:20:00,340.0,6.0,1.1,1016.3,14.8,16.7,1.1,1.1,1.1,6.0,7.0,7.0,1016.3,1016.2,1016.0,1.1,0.0,1.1,0.0,6.333333333333333,0.5773502691896258,6.666666666666667,0.5163977794943221,0.2999999999999545,0.09999999999990905,-0.3420201433256686,0.9396926207859084,0.9659258262890683,-0.25881904510252063,1.1,6.0
2026-08-08 09:20:00,330.0,7.0,1.0,1016.0,14.5,16.6,1.0,1.0,1.1,7.0,7.0,6.0,1016.0,1016.2,1016.5,1.0,0.0,1.0,0.0,7.0,0.0,6.833333333333333,0.4082482904638632,-0.5,-0.20000000000004547,-0.5000000000000004,0.8660254037844384,0.7071067811865476,-0.7071067811865475,1.0,7.0
2026-08-08 10:20:00,330.0,7.0,1.1,1015.6,14.8,16.6,1.1,1.0,1.0,7.0,7.0,7.0,1015.6,1015.7,1016.0,1.1,0.0,1.066666666666667,0.057735026918962484,6.666666666666667,0.5773502691896258,6.666666666666667,0.5163977794943221,-0.39999999999997726,-0.10000000000002274,-0.5000000000000004,0.8660254037844384,0.49999999999999994,-0.8660254037844387,1.0,6.0
2026-08-08 11:20:00,340.0,6.0,1.1,1015.5,14.6,16.6,1.1,1.0,1.1,6.0,6.0,7.0,1015.5,1015.5,1015.6,1.1,0.0,1.066666666666667,0.057735026918962595,6.0,0.0,6.166666666666667,0.4082482904638632,-0.10000000000002274,0.0,-0.3420201433256686,0.9396926207859084,0.258819045102521,-0.9659258262890682,1.1,6.0
2026-08-08 12:20:00,340.0,5.0,1.1,1015.4,14.4,16.6,1.1,1.1,1.1,5.0,6.0,6.0,1015.4,1015.3,1015.5,1.1,0.0,1.1,0.0,5.333333333333333,0.5773502691896258,5.666666666666667,0.5163977794943221,-0.10000000000002274,0.10000000000002274,-0.3420201433256686,0.9396926207859084,1.2246467991473532e-16,-1.0,1.0,5.0
2026-08-08 13:20:00,340.0,5.0,1.1,1015.5,14.3,16.6,1.1,1.0,1.1,5.0,5.0,5.0,1015.5,1016.0,1015.4,1.1,0.0,1.066666666666667,0.057735026918962595,5.0,0.0,5.333333333333333,0.5163977794943221,0.10000000000002274,-0.5,-0.3420201433256686,0.9396926207859084,-0.2588190451025208,-0.9659258262890683,1.0,5.0
2026-08-08 15:20:00,330.0,6.0,1.1,1016.0,14.1,16.6,1.1,1.1,1.1,6.0,5.0,6.0,1015.9,1015.8,1015.7,1.1,0.0,1.1,0.0,6.0,0.0,5.5,0.5477225575051659,0.2999999999999545,0.20000000000004547,-0.5000000000000004,0.8660254037844384,-0.7071067811865471,-0.7071067811865479,1.1,5.0
2026-08-08 16:20:00,330.0,6.0,1.0,1016.3,14.2,16.6,1.0,1.1,1.1,5.0,5.0,6.0,1016.1,1016.2,1016.0,1.0,0.0,1.0333333333333337,0.057735026918962484,5.333333333333333,0.5773502691896258,5.333333333333333,0.5163977794943221,0.2999999999999545,0.09999999999990905,-0.5000000000000004,0.8660254037844384,-0.8660254037844385,-0.5000000000000004,1.1,5.0
2026-08-08 18:20:00,330.0,5.0,1.2,1016.0,14.6,16.6,1.2,1.2,1.2,6.0,5.0,5.0,1016.0,1016.2,1016.1,1.2,0.0,1.2,0.0,5.333333333333333,0.5773502691896258,5.166666666666667,0.40824829046386296,-0.10000000000002274,-0.20000000000004547,-0.5000000000000004,0.8660254037844384,-1.0,-1.8369701987210297e-16,1.2,6.0
2026-08-08 20:20:00,320.0,6.0,1.2,1015.5,15.2,16.7,1.2,1.3,1.2,6.0,6.0,6.0,1015.5,1015.8,1015.8,1.2,0.0,1.2333333333333336,0.057735026918962644,6.0,0.0,6.0,0.0,-0.2999999999999545,-0.2999999999999545,-0.6427876096865396,0.7660444431189778,-0.8660254037844386,0.5000000000000001,1.1,7.0
2026-08-08 22:20:00,310.0,8.0,1.3,1014.7,15.4,16.8,1.3,1.3,1.1,7.0,7.0,6.0,1014.8,1015.0,1015.2,1.3,0.0,1.3,0.0,7.666666666666667,0.5773502691896258,7.166666666666667,0.752772652709081,-0.5,-0.2999999999999545,-0.7660444431189781,0.6427876096865393,-0.5000000000000004,0.8660254037844384,1.3,8.0
2026-08-09 01:20:00,320.0,8.0,1.3,1013.3,15.4,16.7,1.3,1.3,1.3,8.0,8.0,8.0,1013.3,1013.6,1013.8,1.3,0.0,1.3,0.0,8.0,0.0,8.0,0.0,-0.5,-0.3000000000000682,-0.6427876096865396,0.7660444431189778,0.25881904510252074,0.9659258262890683,1.3,8.0
2026-08-09 02:20:00,320.0,8.0,1.2,1013.0,15.4,16.7,1.2,1.3,1.3,8.0,8.0,8.0,1013.0,1012.9,1013.3,1.2,0.0,1.2333333333333336,0.057735026918962595,8.333333333333334,0.5773502691896255,8.166666666666666,0.4082482904638632,-0.2999999999999545,0.10000000000002274,-0.6427876096865396,0.7660444431189778,0.49999999999999994,0.8660254037844387,1.3,8.0
2026-08-09 03:20:00,320.0,7.0,1.2,1013.3,15.3,16.6,1.2,1.3,1.2,7.0,8.0,8.0,1013.3,1013.0,1013.0,1.2,0.0,1.2333333333333336,0.057735026918962595,7.0,0.0,7.333333333333333,0.5163977794943214,0.2999999999999545,0.2999999999999545,-0.6427876096865396,0.7660444431189778,0.7071067811865476,0.7071067811865476,1.3,6.0
2026-08-09 03:50:00,320.0,6.0,1.3,1013.4,15.3,16.6,1.3,1.2,1.3,7.0,7.0,8.0,1013.3,1013.3,1013.0,1.3,0.0,1.2500000000000002,0.057735026918962595,6.666666666666667,0.5773502691896258,6.833333333333333,0.40824829046386296,0.39999999999997726,0.10000000000002274,-0.6427876096865396,0.7660444431189778,0.7071067811865476,0.7071067811865476,1.4,6.0
2026-08-09 04:20:00,310.0,6.0,1.4,1013.2,15.2,16.6,1.4,1.3,1.2,6.0,6.0,7.0,1013.3,1013.4,1013.3,1.4,0.0,1.35,0.057735026918962824,6.0,0.0,6.333333333333333,0.5163977794943221,-0.09999999999990905,-0.1999999999999318,-0.7660444431189781,0.6427876096865393,0.8660254037844386,0.5000000000000001,1.3,6.0
2026-08-09 05:20:00,320.0,6.0,1.3,1012.9,15.1,16.6,1.3,1.3,1.4,6.0,6.0,6.0,1013.0,1013.2,1013.2,1.3,0.0,1.3,0.0,6.0,0.0,5.833333333333333,0.40824829046386296,-0.3000000000000682,-0.3000000000000682,-0.6427876096865396,0.7660444431189778,0.9659258262890683,0.25881904510252074,1.4,5.0
2026-08-09 05:50:00,320.0,5.0,1.4,1012.8,15.0,16.6,1.4,1.3,1.3,5.0,6.0,6.0,1012.8,1012.9,1013.2,1.4,0.0,1.35,0.05773502691896256,5.333333333333333,0.5773502691896258,5.666666666666667,0.5163977794943221,-0.40000000000009095,-0.10000000000002274,-0.6427876096865396,0.7660444431189778,0.9659258262890683,0.25881904510252074,1.3,5.0
2026-08-09 06:20:00,320.0,5.0,1.3,1012.6,14.9,16.6,1.3,1.4,1.3,5.0,5.0,6.0,1012.7,1012.8,1012.9,1.3,0.0,1.35,0.05773502691896256,5.0,0.0,5.166666666666667,0.4082482904638632,-0.2999999999999545,-0.1999999999999318,-0.6427876096865396,0.7660444431189778,1.0,6.123233995736766e-17,1.4,4.0
2026-08-09 07:20:00,330.0,4.0,1.3,1012.4,14.8,16.6,1.3,1.4,1.3,4.0,4.0,5.0,1012.5,1012.5,1012.6,1.3,0.0,1.3500000000000003,0.05773502691896256,4.0,0.0,4.2,0.44721359549995787,-0.20000000000004547,-0.10000000000002274,-0.5000000000000004,0.8660254037844384,0.9659258262890683,-0.25881904510252063,1.3,3.0
2026-08-09 09:20:00,310.0,1.0,1.3,1011.9,14.6,16.5,1.3,1.3,1.4,2.0,3.0,3.0,1011.8,1011.9,1012.2,1.3,0.0,1.3,0.0,2.0,0.9999999999999999,2.5,0.8366600265340756,-0.3000000000000682,0.0,-0.7660444431189781,0.6427876096865393,0.7071067811865476,-0.7071067811865475,1.4,1.0
2026-08-09 10:20:00,100.0,2.0,1.5,1011.7,14.7,16.5,1.5,1.4,1.3,2.0,1.0,1.0,1011.7,1011.7,1011.9,1.5,0.0,1.466666666666667,0.05773502691896298,2.0,0.0,1.6666666666666667,0.516397779494322,-0.1999999999999318,0.0,0.984807753012208,-0.1736481776669303,0.49999999999999994,-0.8660254037844387,1.5,1.0
2026-08-09 11:20:00,110.0,2.0,1.5,1011.3,14.7,16.5,1.5,1.5,1.5,1.0,1.0,2.0,1011.3,1011.4,1011.7,1.5,0.0,1.5,0.0,1.3333333333333333,0.5773502691896258,1.3333333333333333,0.5163977794943222,-0.40000000000009095,-0.10000000000002274,0.9396926207859084,-0.3420201433256687,0.258819045102521,-0.9659258262890682,1.3,2.0
2026-08-09 12:20:00,110.0,2.0,1.4,1011.0,14.6,16.5,1.4,1.3,1.5,1.0,2.0,2.0,1011.0,1011.1,1011.3,1.4,0.0,1.366666666666667,0.057735026918962415,1.6666666666666667,0.5773502691896258,2.0,0.6324555320336755,-0.2999999999999545,-0.10000000000002274,0.9396926207859084,-0.3420201433256687,1.2246467991473532e-16,-1.0,1.4,2.0
2026-08-09 12:50:00,70.0,2.0,1.4,1011.1,14.4,,1.4,1.4,1.3,2.0,2.0,2.0,1010.9,1011.0,1011.1,1.4,0.0,1.4,0.0,2.0,0.0,1.8333333333333333,0.4082482904638626,0.0,0.10000000000002274,0.9396926207859083,0.3420201433256688,1.2246467991473532e-16,-1.0,1.3,3.0
2026-08-09 13:20:00,70.0,3.0,1.3,1011.2,14.3,,1.3,1.4,1.4,3.0,2.0,2.0,1011.2,1011.1,1011.0,1.3,0.0,1.35,0.05773502691896256,3.0,0.0,2.5,0.5477225575051656,0.20000000000004547,0.10000000000002274,0.9396926207859083,0.3420201433256688,-0.2588190451025208,-0.9659258262890683,1.3,2.0
2026-08-09 14:20:00,70.0,2.0,1.3,1011.6,14.5,16.5,1.3,1.3,1.3,2.0,2.0,3.0,1011.5,1011.4,1011.2,1.3,0.0,1.3,0.0,2.0,0.0,2.0,0.0,0.39999999999997726,0.20000000000004547,0.9396926207859083,0.3420201433256688,-0.4999999999999997,-0.8660254037844388,1.4,2.0
2026-08-09 15:20:00,50.0,2.0,1.4,1011.8,14.2,16.5,1.4,1.4,1.3,2.0,2.0,2.0,1011.8,1011.7,1011.6,1.4,0.0,1.4,0.0,2.0,0.0,2.0,0.0,0.1999999999999318,0.09999999999990905,0.766044443118978,0.6427876096865394,-0.7071067811865471,-0.7071067811865479,1.5,1.0
2026-08-09 16:20:00,190.0,1.0,1.6,1012.0,14.4,16.6,1.6,1.5,1.4,1.0,1.0,2.0,1011.9,1011.9,1011.8,1.6,0.0,1.566666666666667,0.057735026918962006,1.0,0.0,1.3333333333333333,0.5163977794943222,0.20000000000004547,0.10000000000002274,-0.17364817766693047,-0.984807753012208,-0.8660254037844385,-0.5000000000000004,1.6,1.0
2026-08-09 17:20:00,210.0,1.0,1.6,1012.2,14.5,16.6,1.6,1.6,1.6,1.0,1.0,1.0,1012.2,1012.0,1012.0,1.6,0.0,1.6,0.0,1.0,0.0,1.0,0.0,0.20000000000004547,0.20000000000004547,-0.5000000000000001,-0.8660254037844386,-0.9659258262890683,-0.25881904510252063,1.8,1.0
2026-08-09 17:50:00,160.0,1.0,1.8,1012.3,14.7,16.7,1.8,1.6,1.6,1.0,1.0,1.0,1012.3,1012.2,1012.0,1.8,0.0,1.7000000000000004,0.11547005383792508,1.0,0.0,1.0,0.0,0.2999999999999545,0.09999999999990905,0.3420201433256689,-0.9396926207859083,-0.9659258262890683,-0.25881904510252063,1.7,2.0
2026-08-09 18:20:00,230.0,2.0,1.7,1012.4,14.9,16.8,1.7,1.8,1.6,2.0,1.0,1.0,1012.5,1012.3,1012.2,1.7,0.0,1.7500000000000002,0.0577350269189624,2.0,0.0,1.5,0.5477225575051661,0.1999999999999318,0.10000000000002274,-0.7660444431189779,-0.6427876096865395,-1.0,-1.8369701987210297e-16,1.5,2.0
2026-08-09 19:20:00,220.0,2.0,1.9,1012.7,15.2,16.7,1.9,1.5,1.7,2.0,2.0,2.0,1013.3,1012.7,1012.4,1.9,0.0,1.7666666666666668,0.23094010767585024,2.0,0.0,2.0,0.0,0.3000000000000682,0.0,-0.6427876096865393,-0.766044443118978,-0.9659258262890684,0.2588190451025203,1.8,1.0
2026-08-09 20:20:00,260.0,1.0,1.6,1012.3,15.5,16.8,1.6,1.8,1.9,1.0,1.0,2.0,1012.4,1012.5,1012.7,1.6,0.0,1.666666666666667,0.1154700538379254,1.0,0.0,1.0,0.0,-0.40000000000009095,-0.20000000000004547,-0.984807753012208,-0.17364817766693033,-0.8660254037844386,0.5000000000000001,1.7,1.0
2026-08-09 20:50:00,210.0,1.0,1.7,1012.5,15.8,16.9,1.7,1.6,1.8,1.0,1.0,1.0,1012.3,1012.3,1012.5,1.7,0.0,1.6500000000000004,0.057735026918962866,1.0,0.0,1.0,0.0,0.0,0.20000000000004547,-0.5000000000000001,-0.8660254037844386,-0.8660254037844386,0.5000000000000001,1.5,2.0
2026-08-09 21:20:00,250.0,2.0,1.5,1012.2,15.9,17.0,1.5,1.7,1.6,2.0,1.0,1.0,1012.3,1012.5,1012.3,1.5,0.0,1.6,0.11547005383792532,1.6666666666666667,0.5773502691896258,1.3333333333333333,0.5163977794943222,-0.09999999999990905,-0.2999999999999545,-0.9396926207859084,-0.34202014332566855,-0.7071067811865477,0.7071067811865474,1.7,4.0
2026-08-09 22:20:00,290.0,3.0,1.7,1011.9,15.4,17.0,1.7,1.7,1.5,4.0,4.0,2.0,1011.8,1011.8,1012.2,1.7,0.0,1.7,0.0,3.6666666666666665,0.5773502691896257,3.5,0.5477225575051657,-0.3000000000000682,0.10000000000002274,-0.9396926207859083,0.342020143325669,-0.5000000000000004,0.8660254037844384,1.7,3.0
2026-08-09 23:20:00,320.0,3.0,1.7,1011.4,15.2,17.1,1.7,1.7,1.7,2.0,3.0,3.0,1011.4,1011.7,1011.9,1.7,0.0,1.7,0.0,2.3333333333333335,0.5773502691896257,2.3333333333333335,0.5163977794943232,-0.5,-0.3000000000000682,-0.6427876096865396,0.7660444431189778,-0.25881904510252157,0.9659258262890681,1.7,5.0
2026-08-10 00:20:00,330.0,6.0,1.8,1010.8,14.9,16.7,1.8,1.7,1.7,7.0,5.0,3.0,1010.9,1010.9,1011.4,1.8,0.0,1.7666666666666668,0.057735026918962595,6.333333333333333,0.5773502691896258,5.5,1.0488088481701485,-0.6000000000000227,-0.10000000000002274,-0.5000000000000004,0.8660254037844384,0.0,1.0,1.7,6.0
2026-08-10 01:20:00,330.0,7.0,1.7,1010.8,14.4,16.6,1.7,1.7,1.8,7.0,6.0,6.0,1010.6,1010.7,1010.8,1.7,0.0,1.7,0.0,6.666666666666667,0.5773502691896258,6.333333333333333,0.5163977794943221,0.0,0.09999999999990905,-0.5000000000000004,0.8660254037844384,0.25881904510252074,0.9659258262890683,1.9,8.0
2026-08-10 02:20:00,320.0,8.0,1.9,1010.8,14.4,16.6,1.9,1.9,1.7,8.0,8.0,7.0,1010.7,1010.6,1010.8,1.9,0.0,1.9,0.0,8.0,0.0,7.833333333333333,0.40824829046386324,0.0,0.1999999999999318,-0.6427876096865396,0.7660444431189778,0.49999999999999994,0.8660254037844387,1.7,9.0
2026-08-10 03:20:00,330.0,9.0,2.0,1010.9,14.8,16.6,2.0,1.7,1.9,8.0,9.0,8.0,1010.9,1010.9,1010.8,2.0,0.0,1.9000000000000004,0.1732050807568879,8.666666666666666,0.5773502691896255,8.5,0.5477225575051671,0.10000000000002274,0.0,-0.5000000000000004,0.8660254037844384,0.7071067811865476,0.7071067811865476,2.1,8.0
2026-08-10 04:20:00,330.0,8.0,2.1,1011.9,15.0,16.5,2.1,2.1,2.0,8.0,8.0,9.0,1011.7,1011.4,1010.9,2.1,0.0,2.1,0.0,8.0,0.0,8.0,0.0,1.0,0.5,-0.5000000000000004,0.8660254037844384,0.8660254037844386,0.5000000000000001,2.2,8.0
2026-08-10 05:20:00,320.0,7.0,2.3,1012.2,15.1,16.2,2.3,2.2,2.1,7.0,8.0,8.0,1012.2,1012.2,1011.9,2.3,0.0,2.266666666666667,0.05773502691896333,7.0,0.0,7.5,0.5477225575051659,0.3000000000000682,0.0,-0.6427876096865396,0.7660444431189778,0.9659258262890683,0.25881904510252074,2.4,7.0
2026-08-10 05:50:00,320.0,7.0,2.4,1012.2,15.2,16.2,2.4,2.3,2.2,7.0,7.0,8.0,1012.2,1012.2,1012.2,2.4,0.0,2.35,0.05773502691896359,7.0,0.0,7.0,0.0,0.0,0.0,-0.6427876096865396,0.7660444431189778,0.9659258262890683,0.25881904510252074,2.4,7.0
2026-08-10 06:20:00,330.0,7.0,2.4,1012.2,15.3,16.1,2.4,2.4,2.3,7.0,7.0,7.0,1012.2,1012.2,1012.2,2.4,0.0,2.4,0.0,7.0,0.0,7.0,0.0,0.0,0.0,-0.5000000000000004,0.8660254037844384,1.0,6.123233995736766e-17,2.6,7.0
2026-08-10 09:20:00,350.0,3.0,2.2,1011.7,15.2,16.5,2.2,2.3,2.4,3.0,3.0,4.0,1011.7,1011.9,1012.0,2.2,0.0,2.233333333333334,0.05773502691896198,3.0,0.0,3.3333333333333335,0.5163977794943226,-0.2999999999999545,-0.1999999999999318,-0.1736481776669304,0.984807753012208,0.7071067811865476,-0.7071067811865475,2.2,4.0
2026-08-10 10:20:00,10.0,2.0,2.2,1011.7,15.3,16.5,2.2,2.2,2.2,3.0,4.0,3.0,1011.7,1011.7,1011.7,2.2,0.0,2.2,0.0,2.6666666666666665,0.5773502691896257,3.1666666666666665,0.752772652709081,0.0,0.0,0.17364817766693033,0.984807753012208,0.49999999999999994,-0.8660254037844387,2.4,2.0
2026-08-10 11:20:00,40.0,2.0,2.3,1011.7,15.1,16.5,2.3,2.4,2.2,2.0,2.0,2.0,1011.7,1011.6,1011.7,2.3,0.0,2.3333333333333335,0.05773502691896302,2.0,0.0,2.0,0.0,0.0,0.10000000000002274,0.6427876096865393,0.766044443118978,0.258819045102521,-0.9659258262890682,2.2,2.0
2026-08-10 12:20:00,50.0,2.0,2.4,1011.9,14.9,16.5,2.4,2.2,2.3,2.0,2.0,2.0,1011.8,1011.7,1011.7,2.4,0.0,2.3333333333333335,0.11547005383792514,2.0,0.0,2.0,0.0,0.1999999999999318,0.1999999999999318,0.766044443118978,0.6427876096865394,1.2246467991473532e-16,-1.0,2.4,2.0
2026-08-10 14:20:00,20.0,1.0,2.1,1013.0,15.0,16.5,2.1,2.2,2.0,1.0,2.0,2.0,1012.9,1012.7,1012.4,2.1,0.0,2.1333333333333337,0.05773502691896263,1.3333333333333333,0.5773502691896258,1.6666666666666667,0.5163977794943222,0.6000000000000227,0.2999999999999545,0.3420201433256687,0.9396926207859084,-0.4999999999999997,-0.8660254037844388,2.3,2.0
2026-08-10 15:20:00,290.0,1.0,2.2,1013.5,15.0,16.6,2.2,2.3,2.1,1.0,2.0,1.0,1013.3,1013.3,1013.0,2.2,0.0,2.233333333333334,0.05773502691896286,1.0,0.0,1.3333333333333333,0.5163977794943222,0.5,0.20000000000004547,-0.9396926207859083,0.342020143325669,-0.7071067811865471,-0.7071067811865479,2.2,1.0
2026-08-10 15:50:00,320.0,1.0,2.2,1013.6,15.1,16.7,2.2,2.2,2.3,2.0,1.0,2.0,1013.6,1013.5,1013.3,2.2,0.0,2.2,0.0,1.6666666666666667,0.5773502691896258,1.3333333333333333,0.5163977794943222,0.3000000000000682,0.10000000000002274,-0.6427876096865396,0.7660444431189778,-0.7071067811865471,-0.7071067811865479,2.2,2.0
